=== Starting balanced PINN training (exp: none_5090, balancer: none) ===
    Adam 10k (lr=5e-4) + L-BFGS 50k evals
    Re=10: mu=0.005, tmax=0.5s, period=1.0s

Using device: cuda
Experiment: none_5090  balancer: none
Adam 1 | total=1.043e+01 f=5.616e+00 ic=6.128e-01 wall=5.611e-01 inlet=2.458e-01 outlet=1.713e-01 lr=5.000e-04 | λ[f=1.00 ic=1.00 wall=5.00 inlet=5.00 outlet=1.00]
Saved PyTorch checkpoint to results/checkpoints/none_5090/best.pt
Saved PyTorch checkpoint to results/checkpoints/none_5090/best.pt
Saved PyTorch checkpoint to results/checkpoints/none_5090/best.pt
Saved PyTorch checkpoint to results/checkpoints/none_5090/best.pt
Saved PyTorch checkpoint to results/checkpoints/none_5090/best.pt
Saved PyTorch checkpoint to results/checkpoints/none_5090/best.pt
Saved PyTorch checkpoint to results/checkpoints/none_5090/best.pt
Saved PyTorch checkpoint to results/checkpoints/none_5090/best.pt
Saved PyTorch checkpoint to results/checkpoints/none_5090/best.pt
Saved PyTorch checkpoint to results/checkpoints/none_5090/best.pt
Saved PyTorch checkpoint to results/checkpoints/none_5090/best.pt
Saved PyTorch checkpoint to results/checkpoints/none_5090/best.pt
Saved PyTorch checkpoint to results/checkpoints/none_5090/best.pt
Saved PyTorch checkpoint to results/checkpoints/none_5090/best.pt
Saved PyTorch checkpoint to results/checkpoints/none_5090/best.pt
Saved PyTorch checkpoint to results/checkpoints/none_5090/best.pt
Saved PyTorch checkpoint to results/checkpoints/none_5090/best.pt
Saved PyTorch checkpoint to results/checkpoints/none_5090/best.pt
Saved PyTorch checkpoint to results/checkpoints/none_5090/best.pt
Saved PyTorch checkpoint to results/checkpoints/none_5090/best.pt
Saved PyTorch checkpoint to results/checkpoints/none_5090/best.pt
Saved PyTorch checkpoint to results/checkpoints/none_5090/best.pt
Saved PyTorch checkpoint to results/checkpoints/none_5090/best.pt
Saved PyTorch checkpoint to results/checkpoints/none_5090/best.pt
Saved PyTorch checkpoint to results/checkpoints/none_5090/best.pt
Saved PyTorch checkpoint to results/checkpoints/none_5090/best.pt
Saved PyTorch checkpoint to results/checkpoints/none_5090/best.pt
Saved PyTorch checkpoint to results/checkpoints/none_5090/best.pt
Saved PyTorch checkpoint to results/checkpoints/none_5090/best.pt
Saved PyTorch checkpoint to results/checkpoints/none_5090/best.pt
Saved PyTorch checkpoint to results/checkpoints/none_5090/best.pt
Saved PyTorch checkpoint to results/checkpoints/none_5090/best.pt
Saved PyTorch checkpoint to results/checkpoints/none_5090/best.pt
Saved PyTorch checkpoint to results/checkpoints/none_5090/best.pt
Saved PyTorch checkpoint to results/checkpoints/none_5090/best.pt
Saved PyTorch checkpoint to results/checkpoints/none_5090/best.pt
Saved PyTorch checkpoint to results/checkpoints/none_5090/best.pt
Saved PyTorch checkpoint to results/checkpoints/none_5090/best.pt
Saved PyTorch checkpoint to results/checkpoints/none_5090/best.pt
Saved PyTorch checkpoint to results/checkpoints/none_5090/best.pt
Saved PyTorch checkpoint to results/checkpoints/none_5090/best.pt
Saved PyTorch checkpoint to results/checkpoints/none_5090/best.pt
Saved PyTorch checkpoint to results/checkpoints/none_5090/best.pt
Saved PyTorch checkpoint to results/checkpoints/none_5090/best.pt
Saved PyTorch checkpoint to results/checkpoints/none_5090/best.pt
Saved PyTorch checkpoint to results/checkpoints/none_5090/best.pt
Saved PyTorch checkpoint to results/checkpoints/none_5090/best.pt
Saved PyTorch checkpoint to results/checkpoints/none_5090/best.pt
Saved PyTorch checkpoint to results/checkpoints/none_5090/best.pt
Saved PyTorch checkpoint to results/checkpoints/none_5090/best.pt
Saved PyTorch checkpoint to results/checkpoints/none_5090/best.pt
Saved PyTorch checkpoint to results/checkpoints/none_5090/best.pt
Saved PyTorch checkpoint to results/checkpoints/none_5090/best.pt
Saved PyTorch checkpoint to results/checkpoints/none_5090/best.pt
Saved PyTorch checkpoint to results/checkpoints/none_5090/best.pt
Saved PyTorch checkpoint to results/checkpoints/none_5090/best.pt
Saved PyTorch checkpoint to results/checkpoints/none_5090/best.pt
Saved PyTorch checkpoint to results/checkpoints/none_5090/best.pt
Saved PyTorch checkpoint to results/checkpoints/none_5090/best.pt
Saved PyTorch checkpoint to results/checkpoints/none_5090/best.pt
Saved PyTorch checkpoint to results/checkpoints/none_5090/best.pt
Saved PyTorch checkpoint to results/checkpoints/none_5090/best.pt
Saved PyTorch checkpoint to results/checkpoints/none_5090/best.pt
Saved PyTorch checkpoint to results/checkpoints/none_5090/best.pt
Saved PyTorch checkpoint to results/checkpoints/none_5090/best.pt
Saved PyTorch checkpoint to results/checkpoints/none_5090/best.pt
Saved PyTorch checkpoint to results/checkpoints/none_5090/best.pt
Saved PyTorch checkpoint to results/checkpoints/none_5090/best.pt
Saved PyTorch checkpoint to results/checkpoints/none_5090/best.pt
Saved PyTorch checkpoint to results/checkpoints/none_5090/best.pt
Saved PyTorch checkpoint to results/checkpoints/none_5090/best.pt
Saved PyTorch checkpoint to results/checkpoints/none_5090/best.pt
Saved PyTorch checkpoint to results/checkpoints/none_5090/best.pt
Saved PyTorch checkpoint to results/checkpoints/none_5090/best.pt
Saved PyTorch checkpoint to results/checkpoints/none_5090/best.pt
Saved PyTorch checkpoint to results/checkpoints/none_5090/best.pt
Saved PyTorch checkpoint to results/checkpoints/none_5090/best.pt
Saved PyTorch checkpoint to results/checkpoints/none_5090/best.pt
Saved PyTorch checkpoint to results/checkpoints/none_5090/best.pt
Saved PyTorch checkpoint to results/checkpoints/none_5090/best.pt
Saved PyTorch checkpoint to results/checkpoints/none_5090/best.pt
Saved PyTorch checkpoint to results/checkpoints/none_5090/best.pt
Adam 100 | total=4.378e-01 f=4.532e-02 ic=7.982e-03 wall=3.094e-02 inlet=4.581e-02 outlet=7.871e-04 lr=5.000e-04 | λ[f=1.00 ic=1.00 wall=5.00 inlet=5.00 outlet=1.00]
Saved PyTorch checkpoint to results/checkpoints/none_5090/best.pt
Saved PyTorch checkpoint to results/checkpoints/none_5090/best.pt
Saved PyTorch checkpoint to results/checkpoints/none_5090/best.pt
Saved PyTorch checkpoint to results/checkpoints/none_5090/best.pt
Saved PyTorch checkpoint to results/checkpoints/none_5090/best.pt
Saved PyTorch checkpoint to results/checkpoints/none_5090/best.pt
Saved PyTorch checkpoint to results/checkpoints/none_5090/best.pt
Saved PyTorch checkpoint to results/checkpoints/none_5090/best.pt
Saved PyTorch checkpoint to results/checkpoints/none_5090/best.pt
Saved PyTorch checkpoint to results/checkpoints/none_5090/best.pt
Saved PyTorch checkpoint to results/checkpoints/none_5090/best.pt
Saved PyTorch checkpoint to results/checkpoints/none_5090/best.pt
Saved PyTorch checkpoint to results/checkpoints/none_5090/best.pt
Saved PyTorch checkpoint to results/checkpoints/none_5090/best.pt
Saved PyTorch checkpoint to results/checkpoints/none_5090/best.pt
Saved PyTorch checkpoint to results/checkpoints/none_5090/best.pt
Saved PyTorch checkpoint to results/checkpoints/none_5090/best.pt
Saved PyTorch checkpoint to results/checkpoints/none_5090/best.pt
Saved PyTorch checkpoint to results/checkpoints/none_5090/best.pt
Saved PyTorch checkpoint to results/checkpoints/none_5090/best.pt
Saved PyTorch checkpoint to results/checkpoints/none_5090/best.pt
Saved PyTorch checkpoint to results/checkpoints/none_5090/best.pt
Saved PyTorch checkpoint to results/checkpoints/none_5090/best.pt
Saved PyTorch checkpoint to results/checkpoints/none_5090/best.pt
Saved PyTorch checkpoint to results/checkpoints/none_5090/best.pt
Saved PyTorch checkpoint to results/checkpoints/none_5090/best.pt
Saved PyTorch checkpoint to results/checkpoints/none_5090/best.pt
Saved PyTorch checkpoint to results/checkpoints/none_5090/best.pt
Saved PyTorch checkpoint to results/checkpoints/none_5090/best.pt
Saved PyTorch checkpoint to results/checkpoints/none_5090/best.pt
Saved PyTorch checkpoint to results/checkpoints/none_5090/best.pt
Saved PyTorch checkpoint to results/checkpoints/none_5090/best.pt
Saved PyTorch checkpoint to results/checkpoints/none_5090/best.pt
Saved PyTorch checkpoint to results/checkpoints/none_5090/best.pt
Saved PyTorch checkpoint to results/checkpoints/none_5090/best.pt
Saved PyTorch checkpoint to results/checkpoints/none_5090/best.pt
Saved PyTorch checkpoint to results/checkpoints/none_5090/best.pt
Saved PyTorch checkpoint to results/checkpoints/none_5090/best.pt
Saved PyTorch checkpoint to results/checkpoints/none_5090/best.pt
Saved PyTorch checkpoint to results/checkpoints/none_5090/best.pt
Saved PyTorch checkpoint to results/checkpoints/none_5090/best.pt
Saved PyTorch checkpoint to results/checkpoints/none_5090/best.pt
Saved PyTorch checkpoint to results/checkpoints/none_5090/best.pt
Saved PyTorch checkpoint to results/checkpoints/none_5090/best.pt
Saved PyTorch checkpoint to results/checkpoints/none_5090/best.pt
Saved PyTorch checkpoint to results/checkpoints/none_5090/best.pt
Saved PyTorch checkpoint to results/checkpoints/none_5090/best.pt
Saved PyTorch checkpoint to results/checkpoints/none_5090/best.pt
Saved PyTorch checkpoint to results/checkpoints/none_5090/best.pt
Saved PyTorch checkpoint to results/checkpoints/none_5090/best.pt
Saved PyTorch checkpoint to results/checkpoints/none_5090/best.pt
Saved PyTorch checkpoint to results/checkpoints/none_5090/best.pt
Saved PyTorch checkpoint to results/checkpoints/none_5090/best.pt
Saved PyTorch checkpoint to results/checkpoints/none_5090/best.pt
Saved PyTorch checkpoint to results/checkpoints/none_5090/best.pt
Saved PyTorch checkpoint to results/checkpoints/none_5090/best.pt
Saved PyTorch checkpoint to results/checkpoints/none_5090/best.pt
Saved PyTorch checkpoint to results/checkpoints/none_5090/best.pt
Saved PyTorch checkpoint to results/checkpoints/none_5090/best.pt
Saved PyTorch checkpoint to results/checkpoints/none_5090/best.pt
Saved PyTorch checkpoint to results/checkpoints/none_5090/best.pt
Saved PyTorch checkpoint to results/checkpoints/none_5090/best.pt
Saved PyTorch checkpoint to results/checkpoints/none_5090/best.pt
Saved PyTorch checkpoint to results/checkpoints/none_5090/best.pt
Saved PyTorch checkpoint to results/checkpoints/none_5090/best.pt
Saved PyTorch checkpoint to results/checkpoints/none_5090/best.pt
Saved PyTorch checkpoint to results/checkpoints/none_5090/best.pt
Saved PyTorch checkpoint to results/checkpoints/none_5090/best.pt
Saved PyTorch checkpoint to results/checkpoints/none_5090/best.pt
Saved PyTorch checkpoint to results/checkpoints/none_5090/best.pt
Saved PyTorch checkpoint to results/checkpoints/none_5090/best.pt
Saved PyTorch checkpoint to results/checkpoints/none_5090/best.pt
Saved PyTorch checkpoint to results/checkpoints/none_5090/best.pt
Saved PyTorch checkpoint to results/checkpoints/none_5090/best.pt
Saved PyTorch checkpoint to results/checkpoints/none_5090/best.pt
Saved PyTorch checkpoint to results/checkpoints/none_5090/best.pt
Saved PyTorch checkpoint to results/checkpoints/none_5090/best.pt
Saved PyTorch checkpoint to results/checkpoints/none_5090/best.pt
Saved PyTorch checkpoint to results/checkpoints/none_5090/best.pt
Saved PyTorch checkpoint to results/checkpoints/none_5090/best.pt
Saved PyTorch checkpoint to results/checkpoints/none_5090/best.pt
Saved PyTorch checkpoint to results/checkpoints/none_5090/best.pt
Saved PyTorch checkpoint to results/checkpoints/none_5090/best.pt
Saved PyTorch checkpoint to results/checkpoints/none_5090/best.pt
Saved PyTorch checkpoint to results/checkpoints/none_5090/best.pt
Saved PyTorch checkpoint to results/checkpoints/none_5090/best.pt
Saved PyTorch checkpoint to results/checkpoints/none_5090/best.pt
Saved PyTorch checkpoint to results/checkpoints/none_5090/best.pt
Saved PyTorch checkpoint to results/checkpoints/none_5090/best.pt
Saved PyTorch checkpoint to results/checkpoints/none_5090/best.pt
Saved PyTorch checkpoint to results/checkpoints/none_5090/best.pt
Saved PyTorch checkpoint to results/checkpoints/none_5090/best.pt
Saved PyTorch checkpoint to results/checkpoints/none_5090/best.pt
Saved PyTorch checkpoint to results/checkpoints/none_5090/best.pt
Saved PyTorch checkpoint to results/checkpoints/none_5090/best.pt
Saved PyTorch checkpoint to results/checkpoints/none_5090/best.pt
Saved PyTorch checkpoint to results/checkpoints/none_5090/best.pt
Saved PyTorch checkpoint to results/checkpoints/none_5090/best.pt
Saved PyTorch checkpoint to results/checkpoints/none_5090/best.pt
Saved PyTorch checkpoint to results/checkpoints/none_5090/best.pt
Adam 200 | total=3.861e-01 f=2.860e-02 ic=4.651e-03 wall=3.097e-02 inlet=3.959e-02 outlet=6.572e-05 lr=5.000e-04 | λ[f=1.00 ic=1.00 wall=5.00 inlet=5.00 outlet=1.00]
Saved PyTorch checkpoint to results/checkpoints/none_5090/best.pt
Saved PyTorch checkpoint to results/checkpoints/none_5090/best.pt
Saved PyTorch checkpoint to results/checkpoints/none_5090/best.pt
Saved PyTorch checkpoint to results/checkpoints/none_5090/best.pt
Saved PyTorch checkpoint to results/checkpoints/none_5090/best.pt
Saved PyTorch checkpoint to results/checkpoints/none_5090/best.pt
Saved PyTorch checkpoint to results/checkpoints/none_5090/best.pt
Saved PyTorch checkpoint to results/checkpoints/none_5090/best.pt
Saved PyTorch checkpoint to results/checkpoints/none_5090/best.pt
Saved PyTorch checkpoint to results/checkpoints/none_5090/best.pt
Saved PyTorch checkpoint to results/checkpoints/none_5090/best.pt
Saved PyTorch checkpoint to results/checkpoints/none_5090/best.pt
Saved PyTorch checkpoint to results/checkpoints/none_5090/best.pt
Saved PyTorch checkpoint to results/checkpoints/none_5090/best.pt
Saved PyTorch checkpoint to results/checkpoints/none_5090/best.pt
Saved PyTorch checkpoint to results/checkpoints/none_5090/best.pt
Saved PyTorch checkpoint to results/checkpoints/none_5090/best.pt
Saved PyTorch checkpoint to results/checkpoints/none_5090/best.pt
Saved PyTorch checkpoint to results/checkpoints/none_5090/best.pt
Saved PyTorch checkpoint to results/checkpoints/none_5090/best.pt
Saved PyTorch checkpoint to results/checkpoints/none_5090/best.pt
Saved PyTorch checkpoint to results/checkpoints/none_5090/best.pt
Saved PyTorch checkpoint to results/checkpoints/none_5090/best.pt
Saved PyTorch checkpoint to results/checkpoints/none_5090/best.pt
Saved PyTorch checkpoint to results/checkpoints/none_5090/best.pt
Saved PyTorch checkpoint to results/checkpoints/none_5090/best.pt
Saved PyTorch checkpoint to results/checkpoints/none_5090/best.pt
Saved PyTorch checkpoint to results/checkpoints/none_5090/best.pt
Saved PyTorch checkpoint to results/checkpoints/none_5090/best.pt
Saved PyTorch checkpoint to results/checkpoints/none_5090/best.pt
Saved PyTorch checkpoint to results/checkpoints/none_5090/best.pt
Saved PyTorch checkpoint to results/checkpoints/none_5090/best.pt
Saved PyTorch checkpoint to results/checkpoints/none_5090/best.pt
Saved PyTorch checkpoint to results/checkpoints/none_5090/best.pt
Saved PyTorch checkpoint to results/checkpoints/none_5090/best.pt
Saved PyTorch checkpoint to results/checkpoints/none_5090/best.pt
Saved PyTorch checkpoint to results/checkpoints/none_5090/best.pt
Saved PyTorch checkpoint to results/checkpoints/none_5090/best.pt
Saved PyTorch checkpoint to results/checkpoints/none_5090/best.pt
Saved PyTorch checkpoint to results/checkpoints/none_5090/best.pt
Saved PyTorch checkpoint to results/checkpoints/none_5090/best.pt
Saved PyTorch checkpoint to results/checkpoints/none_5090/best.pt
Saved PyTorch checkpoint to results/checkpoints/none_5090/best.pt
Saved PyTorch checkpoint to results/checkpoints/none_5090/best.pt
Saved PyTorch checkpoint to results/checkpoints/none_5090/best.pt
Saved PyTorch checkpoint to results/checkpoints/none_5090/best.pt
Saved PyTorch checkpoint to results/checkpoints/none_5090/best.pt
Saved PyTorch checkpoint to results/checkpoints/none_5090/best.pt
Saved PyTorch checkpoint to results/checkpoints/none_5090/best.pt
Saved PyTorch checkpoint to results/checkpoints/none_5090/best.pt
Saved PyTorch checkpoint to results/checkpoints/none_5090/best.pt
Saved PyTorch checkpoint to results/checkpoints/none_5090/best.pt
Saved PyTorch checkpoint to results/checkpoints/none_5090/best.pt
Saved PyTorch checkpoint to results/checkpoints/none_5090/best.pt
Saved PyTorch checkpoint to results/checkpoints/none_5090/best.pt
Saved PyTorch checkpoint to results/checkpoints/none_5090/best.pt
Saved PyTorch checkpoint to results/checkpoints/none_5090/best.pt
Saved PyTorch checkpoint to results/checkpoints/none_5090/best.pt
Saved PyTorch checkpoint to results/checkpoints/none_5090/best.pt
Saved PyTorch checkpoint to results/checkpoints/none_5090/best.pt
Saved PyTorch checkpoint to results/checkpoints/none_5090/best.pt
Saved PyTorch checkpoint to results/checkpoints/none_5090/best.pt
Saved PyTorch checkpoint to results/checkpoints/none_5090/best.pt
Saved PyTorch checkpoint to results/checkpoints/none_5090/best.pt
Saved PyTorch checkpoint to results/checkpoints/none_5090/best.pt
Saved PyTorch checkpoint to results/checkpoints/none_5090/best.pt
Saved PyTorch checkpoint to results/checkpoints/none_5090/best.pt
Saved PyTorch checkpoint to results/checkpoints/none_5090/best.pt
Saved PyTorch checkpoint to results/checkpoints/none_5090/best.pt
Saved PyTorch checkpoint to results/checkpoints/none_5090/best.pt
Saved PyTorch checkpoint to results/checkpoints/none_5090/best.pt
Saved PyTorch checkpoint to results/checkpoints/none_5090/best.pt
Saved PyTorch checkpoint to results/checkpoints/none_5090/best.pt
Saved PyTorch checkpoint to results/checkpoints/none_5090/best.pt
Saved PyTorch checkpoint to results/checkpoints/none_5090/best.pt
Saved PyTorch checkpoint to results/checkpoints/none_5090/best.pt
Saved PyTorch checkpoint to results/checkpoints/none_5090/best.pt
Saved PyTorch checkpoint to results/checkpoints/none_5090/best.pt
Saved PyTorch checkpoint to results/checkpoints/none_5090/best.pt
Saved PyTorch checkpoint to results/checkpoints/none_5090/best.pt
Saved PyTorch checkpoint to results/checkpoints/none_5090/best.pt
Saved PyTorch checkpoint to results/checkpoints/none_5090/best.pt
Saved PyTorch checkpoint to results/checkpoints/none_5090/best.pt
Saved PyTorch checkpoint to results/checkpoints/none_5090/best.pt
Saved PyTorch checkpoint to results/checkpoints/none_5090/best.pt
Saved PyTorch checkpoint to results/checkpoints/none_5090/best.pt
Saved PyTorch checkpoint to results/checkpoints/none_5090/best.pt
Saved PyTorch checkpoint to results/checkpoints/none_5090/best.pt
Saved PyTorch checkpoint to results/checkpoints/none_5090/best.pt
Saved PyTorch checkpoint to results/checkpoints/none_5090/best.pt
Saved PyTorch checkpoint to results/checkpoints/none_5090/best.pt
Saved PyTorch checkpoint to results/checkpoints/none_5090/best.pt
Saved PyTorch checkpoint to results/checkpoints/none_5090/best.pt
Saved PyTorch checkpoint to results/checkpoints/none_5090/best.pt
Saved PyTorch checkpoint to results/checkpoints/none_5090/best.pt
Saved PyTorch checkpoint to results/checkpoints/none_5090/best.pt
Saved PyTorch checkpoint to results/checkpoints/none_5090/best.pt
Saved PyTorch checkpoint to results/checkpoints/none_5090/best.pt
Saved PyTorch checkpoint to results/checkpoints/none_5090/best.pt
Saved PyTorch checkpoint to results/checkpoints/none_5090/best.pt
Adam 300 | total=3.550e-01 f=2.060e-02 ic=3.888e-03 wall=3.027e-02 inlet=3.582e-02 outlet=1.014e-04 lr=5.000e-04 | λ[f=1.00 ic=1.00 wall=5.00 inlet=5.00 outlet=1.00]
Saved PyTorch checkpoint to results/checkpoints/none_5090/best.pt
Saved PyTorch checkpoint to results/checkpoints/none_5090/best.pt
Saved PyTorch checkpoint to results/checkpoints/none_5090/best.pt
Saved PyTorch checkpoint to results/checkpoints/none_5090/best.pt
Saved PyTorch checkpoint to results/checkpoints/none_5090/best.pt
Saved PyTorch checkpoint to results/checkpoints/none_5090/best.pt
Saved PyTorch checkpoint to results/checkpoints/none_5090/best.pt
Saved PyTorch checkpoint to results/checkpoints/none_5090/best.pt
Saved PyTorch checkpoint to results/checkpoints/none_5090/best.pt
Saved PyTorch checkpoint to results/checkpoints/none_5090/best.pt
Saved PyTorch checkpoint to results/checkpoints/none_5090/best.pt
Saved PyTorch checkpoint to results/checkpoints/none_5090/best.pt
Saved PyTorch checkpoint to results/checkpoints/none_5090/best.pt
Saved PyTorch checkpoint to results/checkpoints/none_5090/best.pt
Saved PyTorch checkpoint to results/checkpoints/none_5090/best.pt
Saved PyTorch checkpoint to results/checkpoints/none_5090/best.pt
Saved PyTorch checkpoint to results/checkpoints/none_5090/best.pt
Saved PyTorch checkpoint to results/checkpoints/none_5090/best.pt
Saved PyTorch checkpoint to results/checkpoints/none_5090/best.pt
Saved PyTorch checkpoint to results/checkpoints/none_5090/best.pt
Saved PyTorch checkpoint to results/checkpoints/none_5090/best.pt
Saved PyTorch checkpoint to results/checkpoints/none_5090/best.pt
Saved PyTorch checkpoint to results/checkpoints/none_5090/best.pt
Saved PyTorch checkpoint to results/checkpoints/none_5090/best.pt
Saved PyTorch checkpoint to results/checkpoints/none_5090/best.pt
Saved PyTorch checkpoint to results/checkpoints/none_5090/best.pt
Saved PyTorch checkpoint to results/checkpoints/none_5090/best.pt
Saved PyTorch checkpoint to results/checkpoints/none_5090/best.pt
Saved PyTorch checkpoint to results/checkpoints/none_5090/best.pt
Saved PyTorch checkpoint to results/checkpoints/none_5090/best.pt
Saved PyTorch checkpoint to results/checkpoints/none_5090/best.pt
Saved PyTorch checkpoint to results/checkpoints/none_5090/best.pt
Saved PyTorch checkpoint to results/checkpoints/none_5090/best.pt
Saved PyTorch checkpoint to results/checkpoints/none_5090/best.pt
Saved PyTorch checkpoint to results/checkpoints/none_5090/best.pt
Saved PyTorch checkpoint to results/checkpoints/none_5090/best.pt
Saved PyTorch checkpoint to results/checkpoints/none_5090/best.pt
Saved PyTorch checkpoint to results/checkpoints/none_5090/best.pt
Saved PyTorch checkpoint to results/checkpoints/none_5090/best.pt
Saved PyTorch checkpoint to results/checkpoints/none_5090/best.pt
Saved PyTorch checkpoint to results/checkpoints/none_5090/best.pt
Saved PyTorch checkpoint to results/checkpoints/none_5090/best.pt
Saved PyTorch checkpoint to results/checkpoints/none_5090/best.pt
Saved PyTorch checkpoint to results/checkpoints/none_5090/best.pt
Saved PyTorch checkpoint to results/checkpoints/none_5090/best.pt
Saved PyTorch checkpoint to results/checkpoints/none_5090/best.pt
Saved PyTorch checkpoint to results/checkpoints/none_5090/best.pt
Saved PyTorch checkpoint to results/checkpoints/none_5090/best.pt
Saved PyTorch checkpoint to results/checkpoints/none_5090/best.pt
Saved PyTorch checkpoint to results/checkpoints/none_5090/best.pt
Saved PyTorch checkpoint to results/checkpoints/none_5090/best.pt
Saved PyTorch checkpoint to results/checkpoints/none_5090/best.pt
Saved PyTorch checkpoint to results/checkpoints/none_5090/best.pt
Saved PyTorch checkpoint to results/checkpoints/none_5090/best.pt
Saved PyTorch checkpoint to results/checkpoints/none_5090/best.pt
Saved PyTorch checkpoint to results/checkpoints/none_5090/best.pt
Saved PyTorch checkpoint to results/checkpoints/none_5090/best.pt
Saved PyTorch checkpoint to results/checkpoints/none_5090/best.pt
Saved PyTorch checkpoint to results/checkpoints/none_5090/best.pt
Saved PyTorch checkpoint to results/checkpoints/none_5090/best.pt
Saved PyTorch checkpoint to results/checkpoints/none_5090/best.pt
Saved PyTorch checkpoint to results/checkpoints/none_5090/best.pt
Saved PyTorch checkpoint to results/checkpoints/none_5090/best.pt
Saved PyTorch checkpoint to results/checkpoints/none_5090/best.pt
Saved PyTorch checkpoint to results/checkpoints/none_5090/best.pt
Saved PyTorch checkpoint to results/checkpoints/none_5090/best.pt
Saved PyTorch checkpoint to results/checkpoints/none_5090/best.pt
Saved PyTorch checkpoint to results/checkpoints/none_5090/best.pt
Saved PyTorch checkpoint to results/checkpoints/none_5090/best.pt
Saved PyTorch checkpoint to results/checkpoints/none_5090/best.pt
Saved PyTorch checkpoint to results/checkpoints/none_5090/best.pt
Saved PyTorch checkpoint to results/checkpoints/none_5090/best.pt
Saved PyTorch checkpoint to results/checkpoints/none_5090/best.pt
Saved PyTorch checkpoint to results/checkpoints/none_5090/best.pt
Saved PyTorch checkpoint to results/checkpoints/none_5090/best.pt
Saved PyTorch checkpoint to results/checkpoints/none_5090/best.pt
Saved PyTorch checkpoint to results/checkpoints/none_5090/best.pt
Saved PyTorch checkpoint to results/checkpoints/none_5090/best.pt
Saved PyTorch checkpoint to results/checkpoints/none_5090/best.pt
Saved PyTorch checkpoint to results/checkpoints/none_5090/best.pt
Saved PyTorch checkpoint to results/checkpoints/none_5090/best.pt
Saved PyTorch checkpoint to results/checkpoints/none_5090/best.pt
Saved PyTorch checkpoint to results/checkpoints/none_5090/best.pt
Saved PyTorch checkpoint to results/checkpoints/none_5090/best.pt
Saved PyTorch checkpoint to results/checkpoints/none_5090/best.pt
Saved PyTorch checkpoint to results/checkpoints/none_5090/best.pt
Saved PyTorch checkpoint to results/checkpoints/none_5090/best.pt
Saved PyTorch checkpoint to results/checkpoints/none_5090/best.pt
Saved PyTorch checkpoint to results/checkpoints/none_5090/best.pt
Saved PyTorch checkpoint to results/checkpoints/none_5090/best.pt
Saved PyTorch checkpoint to results/checkpoints/none_5090/best.pt
Saved PyTorch checkpoint to results/checkpoints/none_5090/best.pt
Saved PyTorch checkpoint to results/checkpoints/none_5090/best.pt
Saved PyTorch checkpoint to results/checkpoints/none_5090/best.pt
Saved PyTorch checkpoint to results/checkpoints/none_5090/best.pt
Saved PyTorch checkpoint to results/checkpoints/none_5090/best.pt
Saved PyTorch checkpoint to results/checkpoints/none_5090/best.pt
Saved PyTorch checkpoint to results/checkpoints/none_5090/best.pt
Saved PyTorch checkpoint to results/checkpoints/none_5090/best.pt
Saved PyTorch checkpoint to results/checkpoints/none_5090/best.pt
Adam 400 | total=3.284e-01 f=1.573e-02 ic=3.051e-03 wall=2.885e-02 inlet=3.305e-02 outlet=1.504e-04 lr=5.000e-04 | λ[f=1.00 ic=1.00 wall=5.00 inlet=5.00 outlet=1.00]
Saved PyTorch checkpoint to results/checkpoints/none_5090/best.pt
Saved PyTorch checkpoint to results/checkpoints/none_5090/best.pt
Saved PyTorch checkpoint to results/checkpoints/none_5090/best.pt
Saved PyTorch checkpoint to results/checkpoints/none_5090/best.pt
Saved PyTorch checkpoint to results/checkpoints/none_5090/best.pt
Saved PyTorch checkpoint to results/checkpoints/none_5090/best.pt
Saved PyTorch checkpoint to results/checkpoints/none_5090/best.pt
Saved PyTorch checkpoint to results/checkpoints/none_5090/best.pt
Saved PyTorch checkpoint to results/checkpoints/none_5090/best.pt
Saved PyTorch checkpoint to results/checkpoints/none_5090/best.pt
Saved PyTorch checkpoint to results/checkpoints/none_5090/best.pt
Saved PyTorch checkpoint to results/checkpoints/none_5090/best.pt
Saved PyTorch checkpoint to results/checkpoints/none_5090/best.pt
Saved PyTorch checkpoint to results/checkpoints/none_5090/best.pt
Saved PyTorch checkpoint to results/checkpoints/none_5090/best.pt
Saved PyTorch checkpoint to results/checkpoints/none_5090/best.pt
Saved PyTorch checkpoint to results/checkpoints/none_5090/best.pt
Saved PyTorch checkpoint to results/checkpoints/none_5090/best.pt
Saved PyTorch checkpoint to results/checkpoints/none_5090/best.pt
Saved PyTorch checkpoint to results/checkpoints/none_5090/best.pt
Saved PyTorch checkpoint to results/checkpoints/none_5090/best.pt
Saved PyTorch checkpoint to results/checkpoints/none_5090/best.pt
Saved PyTorch checkpoint to results/checkpoints/none_5090/best.pt
Saved PyTorch checkpoint to results/checkpoints/none_5090/best.pt
Saved PyTorch checkpoint to results/checkpoints/none_5090/best.pt
Saved PyTorch checkpoint to results/checkpoints/none_5090/best.pt
Saved PyTorch checkpoint to results/checkpoints/none_5090/best.pt
Saved PyTorch checkpoint to results/checkpoints/none_5090/best.pt
Saved PyTorch checkpoint to results/checkpoints/none_5090/best.pt
Saved PyTorch checkpoint to results/checkpoints/none_5090/best.pt
Saved PyTorch checkpoint to results/checkpoints/none_5090/best.pt
Saved PyTorch checkpoint to results/checkpoints/none_5090/best.pt
Saved PyTorch checkpoint to results/checkpoints/none_5090/best.pt
Saved PyTorch checkpoint to results/checkpoints/none_5090/best.pt
Saved PyTorch checkpoint to results/checkpoints/none_5090/best.pt
Saved PyTorch checkpoint to results/checkpoints/none_5090/best.pt
Saved PyTorch checkpoint to results/checkpoints/none_5090/best.pt
Saved PyTorch checkpoint to results/checkpoints/none_5090/best.pt
Saved PyTorch checkpoint to results/checkpoints/none_5090/best.pt
Saved PyTorch checkpoint to results/checkpoints/none_5090/best.pt
Saved PyTorch checkpoint to results/checkpoints/none_5090/best.pt
Saved PyTorch checkpoint to results/checkpoints/none_5090/best.pt
Saved PyTorch checkpoint to results/checkpoints/none_5090/best.pt
Saved PyTorch checkpoint to results/checkpoints/none_5090/best.pt
Saved PyTorch checkpoint to results/checkpoints/none_5090/best.pt
Saved PyTorch checkpoint to results/checkpoints/none_5090/best.pt
Saved PyTorch checkpoint to results/checkpoints/none_5090/best.pt
Saved PyTorch checkpoint to results/checkpoints/none_5090/best.pt
Saved PyTorch checkpoint to results/checkpoints/none_5090/best.pt
Saved PyTorch checkpoint to results/checkpoints/none_5090/best.pt
Saved PyTorch checkpoint to results/checkpoints/none_5090/best.pt
Saved PyTorch checkpoint to results/checkpoints/none_5090/best.pt
Saved PyTorch checkpoint to results/checkpoints/none_5090/best.pt
Saved PyTorch checkpoint to results/checkpoints/none_5090/best.pt
Saved PyTorch checkpoint to results/checkpoints/none_5090/best.pt
Saved PyTorch checkpoint to results/checkpoints/none_5090/best.pt
Saved PyTorch checkpoint to results/checkpoints/none_5090/best.pt
Saved PyTorch checkpoint to results/checkpoints/none_5090/best.pt
Saved PyTorch checkpoint to results/checkpoints/none_5090/best.pt
Saved PyTorch checkpoint to results/checkpoints/none_5090/best.pt
Saved PyTorch checkpoint to results/checkpoints/none_5090/best.pt
Saved PyTorch checkpoint to results/checkpoints/none_5090/best.pt
Saved PyTorch checkpoint to results/checkpoints/none_5090/best.pt
Saved PyTorch checkpoint to results/checkpoints/none_5090/best.pt
Saved PyTorch checkpoint to results/checkpoints/none_5090/best.pt
Saved PyTorch checkpoint to results/checkpoints/none_5090/best.pt
Saved PyTorch checkpoint to results/checkpoints/none_5090/best.pt
Saved PyTorch checkpoint to results/checkpoints/none_5090/best.pt
Saved PyTorch checkpoint to results/checkpoints/none_5090/best.pt
Saved PyTorch checkpoint to results/checkpoints/none_5090/best.pt
Saved PyTorch checkpoint to results/checkpoints/none_5090/best.pt
Saved PyTorch checkpoint to results/checkpoints/none_5090/best.pt
Saved PyTorch checkpoint to results/checkpoints/none_5090/best.pt
Saved PyTorch checkpoint to results/checkpoints/none_5090/best.pt
Saved PyTorch checkpoint to results/checkpoints/none_5090/best.pt
Saved PyTorch checkpoint to results/checkpoints/none_5090/best.pt
Saved PyTorch checkpoint to results/checkpoints/none_5090/best.pt
Saved PyTorch checkpoint to results/checkpoints/none_5090/best.pt
Saved PyTorch checkpoint to results/checkpoints/none_5090/best.pt
Saved PyTorch checkpoint to results/checkpoints/none_5090/best.pt
Saved PyTorch checkpoint to results/checkpoints/none_5090/best.pt
Saved PyTorch checkpoint to results/checkpoints/none_5090/best.pt
Saved PyTorch checkpoint to results/checkpoints/none_5090/best.pt
Saved PyTorch checkpoint to results/checkpoints/none_5090/best.pt
Saved PyTorch checkpoint to results/checkpoints/none_5090/best.pt
Saved PyTorch checkpoint to results/checkpoints/none_5090/best.pt
Saved PyTorch checkpoint to results/checkpoints/none_5090/best.pt
Saved PyTorch checkpoint to results/checkpoints/none_5090/best.pt
Saved PyTorch checkpoint to results/checkpoints/none_5090/best.pt
Saved PyTorch checkpoint to results/checkpoints/none_5090/best.pt
Saved PyTorch checkpoint to results/checkpoints/none_5090/best.pt
Saved PyTorch checkpoint to results/checkpoints/none_5090/best.pt
Saved PyTorch checkpoint to results/checkpoints/none_5090/best.pt
Saved PyTorch checkpoint to results/checkpoints/none_5090/best.pt
Saved PyTorch checkpoint to results/checkpoints/none_5090/best.pt
Saved PyTorch checkpoint to results/checkpoints/none_5090/best.pt
Saved PyTorch checkpoint to results/checkpoints/none_5090/best.pt
Saved PyTorch checkpoint to results/checkpoints/none_5090/best.pt
Saved PyTorch checkpoint to results/checkpoints/none_5090/best.pt
Saved PyTorch checkpoint to results/checkpoints/none_5090/best.pt
Adam 500 | total=3.054e-01 f=1.399e-02 ic=2.119e-03 wall=2.726e-02 inlet=3.055e-02 outlet=2.088e-04 lr=5.000e-04 | λ[f=1.00 ic=1.00 wall=5.00 inlet=5.00 outlet=1.00]
Saved PyTorch checkpoint to results/checkpoints/none_5090/best.pt
Saved PyTorch checkpoint to results/checkpoints/none_5090/best.pt
Saved PyTorch checkpoint to results/checkpoints/none_5090/best.pt
Saved PyTorch checkpoint to results/checkpoints/none_5090/best.pt
Saved PyTorch checkpoint to results/checkpoints/none_5090/best.pt
Saved PyTorch checkpoint to results/checkpoints/none_5090/best.pt
Saved PyTorch checkpoint to results/checkpoints/none_5090/best.pt
Saved PyTorch checkpoint to results/checkpoints/none_5090/best.pt
Saved PyTorch checkpoint to results/checkpoints/none_5090/best.pt
Saved PyTorch checkpoint to results/checkpoints/none_5090/best.pt
Saved PyTorch checkpoint to results/checkpoints/none_5090/best.pt
Saved PyTorch checkpoint to results/checkpoints/none_5090/best.pt
Saved PyTorch checkpoint to results/checkpoints/none_5090/best.pt
Saved PyTorch checkpoint to results/checkpoints/none_5090/best.pt
Saved PyTorch checkpoint to results/checkpoints/none_5090/best.pt
Saved PyTorch checkpoint to results/checkpoints/none_5090/best.pt
Saved PyTorch checkpoint to results/checkpoints/none_5090/best.pt
Saved PyTorch checkpoint to results/checkpoints/none_5090/best.pt
Saved PyTorch checkpoint to results/checkpoints/none_5090/best.pt
Saved PyTorch checkpoint to results/checkpoints/none_5090/best.pt
Saved PyTorch checkpoint to results/checkpoints/none_5090/best.pt
Saved PyTorch checkpoint to results/checkpoints/none_5090/best.pt
Saved PyTorch checkpoint to results/checkpoints/none_5090/best.pt
Saved PyTorch checkpoint to results/checkpoints/none_5090/best.pt
Saved PyTorch checkpoint to results/checkpoints/none_5090/best.pt
Saved PyTorch checkpoint to results/checkpoints/none_5090/best.pt
Saved PyTorch checkpoint to results/checkpoints/none_5090/best.pt
Saved PyTorch checkpoint to results/checkpoints/none_5090/best.pt
Saved PyTorch checkpoint to results/checkpoints/none_5090/best.pt
Saved PyTorch checkpoint to results/checkpoints/none_5090/best.pt
Saved PyTorch checkpoint to results/checkpoints/none_5090/best.pt
Saved PyTorch checkpoint to results/checkpoints/none_5090/best.pt
Saved PyTorch checkpoint to results/checkpoints/none_5090/best.pt
Saved PyTorch checkpoint to results/checkpoints/none_5090/best.pt
Saved PyTorch checkpoint to results/checkpoints/none_5090/best.pt
Saved PyTorch checkpoint to results/checkpoints/none_5090/best.pt
Saved PyTorch checkpoint to results/checkpoints/none_5090/best.pt
Saved PyTorch checkpoint to results/checkpoints/none_5090/best.pt
Saved PyTorch checkpoint to results/checkpoints/none_5090/best.pt
Saved PyTorch checkpoint to results/checkpoints/none_5090/best.pt
Saved PyTorch checkpoint to results/checkpoints/none_5090/best.pt
Saved PyTorch checkpoint to results/checkpoints/none_5090/best.pt
Saved PyTorch checkpoint to results/checkpoints/none_5090/best.pt
Saved PyTorch checkpoint to results/checkpoints/none_5090/best.pt
Saved PyTorch checkpoint to results/checkpoints/none_5090/best.pt
Saved PyTorch checkpoint to results/checkpoints/none_5090/best.pt
Saved PyTorch checkpoint to results/checkpoints/none_5090/best.pt
Saved PyTorch checkpoint to results/checkpoints/none_5090/best.pt
Saved PyTorch checkpoint to results/checkpoints/none_5090/best.pt
Saved PyTorch checkpoint to results/checkpoints/none_5090/best.pt
Saved PyTorch checkpoint to results/checkpoints/none_5090/best.pt
Saved PyTorch checkpoint to results/checkpoints/none_5090/best.pt
Saved PyTorch checkpoint to results/checkpoints/none_5090/best.pt
Saved PyTorch checkpoint to results/checkpoints/none_5090/best.pt
Saved PyTorch checkpoint to results/checkpoints/none_5090/best.pt
Saved PyTorch checkpoint to results/checkpoints/none_5090/best.pt
Saved PyTorch checkpoint to results/checkpoints/none_5090/best.pt
Saved PyTorch checkpoint to results/checkpoints/none_5090/best.pt
Saved PyTorch checkpoint to results/checkpoints/none_5090/best.pt
Saved PyTorch checkpoint to results/checkpoints/none_5090/best.pt
Saved PyTorch checkpoint to results/checkpoints/none_5090/best.pt
Saved PyTorch checkpoint to results/checkpoints/none_5090/best.pt
Saved PyTorch checkpoint to results/checkpoints/none_5090/best.pt
Saved PyTorch checkpoint to results/checkpoints/none_5090/best.pt
Saved PyTorch checkpoint to results/checkpoints/none_5090/best.pt
Saved PyTorch checkpoint to results/checkpoints/none_5090/best.pt
Saved PyTorch checkpoint to results/checkpoints/none_5090/best.pt
Saved PyTorch checkpoint to results/checkpoints/none_5090/best.pt
Saved PyTorch checkpoint to results/checkpoints/none_5090/best.pt
Saved PyTorch checkpoint to results/checkpoints/none_5090/best.pt
Saved PyTorch checkpoint to results/checkpoints/none_5090/best.pt
Saved PyTorch checkpoint to results/checkpoints/none_5090/best.pt
Saved PyTorch checkpoint to results/checkpoints/none_5090/best.pt
Saved PyTorch checkpoint to results/checkpoints/none_5090/best.pt
Saved PyTorch checkpoint to results/checkpoints/none_5090/best.pt
Saved PyTorch checkpoint to results/checkpoints/none_5090/best.pt
Saved PyTorch checkpoint to results/checkpoints/none_5090/best.pt
Saved PyTorch checkpoint to results/checkpoints/none_5090/best.pt
Saved PyTorch checkpoint to results/checkpoints/none_5090/best.pt
Saved PyTorch checkpoint to results/checkpoints/none_5090/best.pt
Saved PyTorch checkpoint to results/checkpoints/none_5090/best.pt
Saved PyTorch checkpoint to results/checkpoints/none_5090/best.pt
Saved PyTorch checkpoint to results/checkpoints/none_5090/best.pt
Saved PyTorch checkpoint to results/checkpoints/none_5090/best.pt
Saved PyTorch checkpoint to results/checkpoints/none_5090/best.pt
Saved PyTorch checkpoint to results/checkpoints/none_5090/best.pt
Saved PyTorch checkpoint to results/checkpoints/none_5090/best.pt
Saved PyTorch checkpoint to results/checkpoints/none_5090/best.pt
Saved PyTorch checkpoint to results/checkpoints/none_5090/best.pt
Saved PyTorch checkpoint to results/checkpoints/none_5090/best.pt
Saved PyTorch checkpoint to results/checkpoints/none_5090/best.pt
Saved PyTorch checkpoint to results/checkpoints/none_5090/best.pt
Saved PyTorch checkpoint to results/checkpoints/none_5090/best.pt
Saved PyTorch checkpoint to results/checkpoints/none_5090/best.pt
Saved PyTorch checkpoint to results/checkpoints/none_5090/best.pt
Saved PyTorch checkpoint to results/checkpoints/none_5090/best.pt
Saved PyTorch checkpoint to results/checkpoints/none_5090/best.pt
Saved PyTorch checkpoint to results/checkpoints/none_5090/best.pt
Saved PyTorch checkpoint to results/checkpoints/none_5090/best.pt
Saved PyTorch checkpoint to results/checkpoints/none_5090/best.pt
Adam 600 | total=2.884e-01 f=1.360e-02 ic=1.473e-03 wall=2.582e-02 inlet=2.879e-02 outlet=2.235e-04 lr=5.000e-04 | λ[f=1.00 ic=1.00 wall=5.00 inlet=5.00 outlet=1.00]
Saved PyTorch checkpoint to results/checkpoints/none_5090/best.pt
Saved PyTorch checkpoint to results/checkpoints/none_5090/best.pt
Saved PyTorch checkpoint to results/checkpoints/none_5090/best.pt
Saved PyTorch checkpoint to results/checkpoints/none_5090/best.pt
Saved PyTorch checkpoint to results/checkpoints/none_5090/best.pt
Saved PyTorch checkpoint to results/checkpoints/none_5090/best.pt
Saved PyTorch checkpoint to results/checkpoints/none_5090/best.pt
Saved PyTorch checkpoint to results/checkpoints/none_5090/best.pt
Saved PyTorch checkpoint to results/checkpoints/none_5090/best.pt
Saved PyTorch checkpoint to results/checkpoints/none_5090/best.pt
Saved PyTorch checkpoint to results/checkpoints/none_5090/best.pt
Saved PyTorch checkpoint to results/checkpoints/none_5090/best.pt
Saved PyTorch checkpoint to results/checkpoints/none_5090/best.pt
Saved PyTorch checkpoint to results/checkpoints/none_5090/best.pt
Saved PyTorch checkpoint to results/checkpoints/none_5090/best.pt
Saved PyTorch checkpoint to results/checkpoints/none_5090/best.pt
Saved PyTorch checkpoint to results/checkpoints/none_5090/best.pt
Saved PyTorch checkpoint to results/checkpoints/none_5090/best.pt
Saved PyTorch checkpoint to results/checkpoints/none_5090/best.pt
Saved PyTorch checkpoint to results/checkpoints/none_5090/best.pt
Saved PyTorch checkpoint to results/checkpoints/none_5090/best.pt
Saved PyTorch checkpoint to results/checkpoints/none_5090/best.pt
Saved PyTorch checkpoint to results/checkpoints/none_5090/best.pt
Saved PyTorch checkpoint to results/checkpoints/none_5090/best.pt
Saved PyTorch checkpoint to results/checkpoints/none_5090/best.pt
Saved PyTorch checkpoint to results/checkpoints/none_5090/best.pt
Saved PyTorch checkpoint to results/checkpoints/none_5090/best.pt
Saved PyTorch checkpoint to results/checkpoints/none_5090/best.pt
Saved PyTorch checkpoint to results/checkpoints/none_5090/best.pt
Saved PyTorch checkpoint to results/checkpoints/none_5090/best.pt
Saved PyTorch checkpoint to results/checkpoints/none_5090/best.pt
Saved PyTorch checkpoint to results/checkpoints/none_5090/best.pt
Saved PyTorch checkpoint to results/checkpoints/none_5090/best.pt
Saved PyTorch checkpoint to results/checkpoints/none_5090/best.pt
Saved PyTorch checkpoint to results/checkpoints/none_5090/best.pt
Saved PyTorch checkpoint to results/checkpoints/none_5090/best.pt
Saved PyTorch checkpoint to results/checkpoints/none_5090/best.pt
Saved PyTorch checkpoint to results/checkpoints/none_5090/best.pt
Saved PyTorch checkpoint to results/checkpoints/none_5090/best.pt
Saved PyTorch checkpoint to results/checkpoints/none_5090/best.pt
Saved PyTorch checkpoint to results/checkpoints/none_5090/best.pt
Saved PyTorch checkpoint to results/checkpoints/none_5090/best.pt
Saved PyTorch checkpoint to results/checkpoints/none_5090/best.pt
Saved PyTorch checkpoint to results/checkpoints/none_5090/best.pt
Saved PyTorch checkpoint to results/checkpoints/none_5090/best.pt
Saved PyTorch checkpoint to results/checkpoints/none_5090/best.pt
Saved PyTorch checkpoint to results/checkpoints/none_5090/best.pt
Saved PyTorch checkpoint to results/checkpoints/none_5090/best.pt
Saved PyTorch checkpoint to results/checkpoints/none_5090/best.pt
Saved PyTorch checkpoint to results/checkpoints/none_5090/best.pt
Saved PyTorch checkpoint to results/checkpoints/none_5090/best.pt
Saved PyTorch checkpoint to results/checkpoints/none_5090/best.pt
Saved PyTorch checkpoint to results/checkpoints/none_5090/best.pt
Saved PyTorch checkpoint to results/checkpoints/none_5090/best.pt
Saved PyTorch checkpoint to results/checkpoints/none_5090/best.pt
Saved PyTorch checkpoint to results/checkpoints/none_5090/best.pt
Saved PyTorch checkpoint to results/checkpoints/none_5090/best.pt
Saved PyTorch checkpoint to results/checkpoints/none_5090/best.pt
Saved PyTorch checkpoint to results/checkpoints/none_5090/best.pt
Saved PyTorch checkpoint to results/checkpoints/none_5090/best.pt
Saved PyTorch checkpoint to results/checkpoints/none_5090/best.pt
Saved PyTorch checkpoint to results/checkpoints/none_5090/best.pt
Saved PyTorch checkpoint to results/checkpoints/none_5090/best.pt
Saved PyTorch checkpoint to results/checkpoints/none_5090/best.pt
Saved PyTorch checkpoint to results/checkpoints/none_5090/best.pt
Saved PyTorch checkpoint to results/checkpoints/none_5090/best.pt
Saved PyTorch checkpoint to results/checkpoints/none_5090/best.pt
Saved PyTorch checkpoint to results/checkpoints/none_5090/best.pt
Saved PyTorch checkpoint to results/checkpoints/none_5090/best.pt
Saved PyTorch checkpoint to results/checkpoints/none_5090/best.pt
Saved PyTorch checkpoint to results/checkpoints/none_5090/best.pt
Saved PyTorch checkpoint to results/checkpoints/none_5090/best.pt
Saved PyTorch checkpoint to results/checkpoints/none_5090/best.pt
Saved PyTorch checkpoint to results/checkpoints/none_5090/best.pt
Saved PyTorch checkpoint to results/checkpoints/none_5090/best.pt
Saved PyTorch checkpoint to results/checkpoints/none_5090/best.pt
Saved PyTorch checkpoint to results/checkpoints/none_5090/best.pt
Saved PyTorch checkpoint to results/checkpoints/none_5090/best.pt
Saved PyTorch checkpoint to results/checkpoints/none_5090/best.pt
Saved PyTorch checkpoint to results/checkpoints/none_5090/best.pt
Saved PyTorch checkpoint to results/checkpoints/none_5090/best.pt
Saved PyTorch checkpoint to results/checkpoints/none_5090/best.pt
Saved PyTorch checkpoint to results/checkpoints/none_5090/best.pt
Saved PyTorch checkpoint to results/checkpoints/none_5090/best.pt
Saved PyTorch checkpoint to results/checkpoints/none_5090/best.pt
Saved PyTorch checkpoint to results/checkpoints/none_5090/best.pt
Saved PyTorch checkpoint to results/checkpoints/none_5090/best.pt
Saved PyTorch checkpoint to results/checkpoints/none_5090/best.pt
Saved PyTorch checkpoint to results/checkpoints/none_5090/best.pt
Saved PyTorch checkpoint to results/checkpoints/none_5090/best.pt
Saved PyTorch checkpoint to results/checkpoints/none_5090/best.pt
Saved PyTorch checkpoint to results/checkpoints/none_5090/best.pt
Saved PyTorch checkpoint to results/checkpoints/none_5090/best.pt
Saved PyTorch checkpoint to results/checkpoints/none_5090/best.pt
Saved PyTorch checkpoint to results/checkpoints/none_5090/best.pt
Saved PyTorch checkpoint to results/checkpoints/none_5090/best.pt
Saved PyTorch checkpoint to results/checkpoints/none_5090/best.pt
Saved PyTorch checkpoint to results/checkpoints/none_5090/best.pt
Saved PyTorch checkpoint to results/checkpoints/none_5090/best.pt
Saved PyTorch checkpoint to results/checkpoints/none_5090/best.pt
Adam 700 | total=2.764e-01 f=1.340e-02 ic=1.183e-03 wall=2.477e-02 inlet=2.754e-02 outlet=2.226e-04 lr=5.000e-04 | λ[f=1.00 ic=1.00 wall=5.00 inlet=5.00 outlet=1.00]
Saved PyTorch checkpoint to results/checkpoints/none_5090/best.pt
Saved PyTorch checkpoint to results/checkpoints/none_5090/best.pt
Saved PyTorch checkpoint to results/checkpoints/none_5090/best.pt
Saved PyTorch checkpoint to results/checkpoints/none_5090/best.pt
Saved PyTorch checkpoint to results/checkpoints/none_5090/best.pt
Saved PyTorch checkpoint to results/checkpoints/none_5090/best.pt
Saved PyTorch checkpoint to results/checkpoints/none_5090/best.pt
Saved PyTorch checkpoint to results/checkpoints/none_5090/best.pt
Saved PyTorch checkpoint to results/checkpoints/none_5090/best.pt
Saved PyTorch checkpoint to results/checkpoints/none_5090/best.pt
Saved PyTorch checkpoint to results/checkpoints/none_5090/best.pt
Saved PyTorch checkpoint to results/checkpoints/none_5090/best.pt
Saved PyTorch checkpoint to results/checkpoints/none_5090/best.pt
Saved PyTorch checkpoint to results/checkpoints/none_5090/best.pt
Saved PyTorch checkpoint to results/checkpoints/none_5090/best.pt
Saved PyTorch checkpoint to results/checkpoints/none_5090/best.pt
Saved PyTorch checkpoint to results/checkpoints/none_5090/best.pt
Saved PyTorch checkpoint to results/checkpoints/none_5090/best.pt
Saved PyTorch checkpoint to results/checkpoints/none_5090/best.pt
Saved PyTorch checkpoint to results/checkpoints/none_5090/best.pt
Saved PyTorch checkpoint to results/checkpoints/none_5090/best.pt
Saved PyTorch checkpoint to results/checkpoints/none_5090/best.pt
Saved PyTorch checkpoint to results/checkpoints/none_5090/best.pt
Saved PyTorch checkpoint to results/checkpoints/none_5090/best.pt
Saved PyTorch checkpoint to results/checkpoints/none_5090/best.pt
Saved PyTorch checkpoint to results/checkpoints/none_5090/best.pt
Saved PyTorch checkpoint to results/checkpoints/none_5090/best.pt
Saved PyTorch checkpoint to results/checkpoints/none_5090/best.pt
Saved PyTorch checkpoint to results/checkpoints/none_5090/best.pt
Saved PyTorch checkpoint to results/checkpoints/none_5090/best.pt
Saved PyTorch checkpoint to results/checkpoints/none_5090/best.pt
Saved PyTorch checkpoint to results/checkpoints/none_5090/best.pt
Saved PyTorch checkpoint to results/checkpoints/none_5090/best.pt
Saved PyTorch checkpoint to results/checkpoints/none_5090/best.pt
Saved PyTorch checkpoint to results/checkpoints/none_5090/best.pt
Saved PyTorch checkpoint to results/checkpoints/none_5090/best.pt
Saved PyTorch checkpoint to results/checkpoints/none_5090/best.pt
Saved PyTorch checkpoint to results/checkpoints/none_5090/best.pt
Saved PyTorch checkpoint to results/checkpoints/none_5090/best.pt
Saved PyTorch checkpoint to results/checkpoints/none_5090/best.pt
Saved PyTorch checkpoint to results/checkpoints/none_5090/best.pt
Saved PyTorch checkpoint to results/checkpoints/none_5090/best.pt
Saved PyTorch checkpoint to results/checkpoints/none_5090/best.pt
Saved PyTorch checkpoint to results/checkpoints/none_5090/best.pt
Saved PyTorch checkpoint to results/checkpoints/none_5090/best.pt
Saved PyTorch checkpoint to results/checkpoints/none_5090/best.pt
Saved PyTorch checkpoint to results/checkpoints/none_5090/best.pt
Saved PyTorch checkpoint to results/checkpoints/none_5090/best.pt
Saved PyTorch checkpoint to results/checkpoints/none_5090/best.pt
Saved PyTorch checkpoint to results/checkpoints/none_5090/best.pt
Saved PyTorch checkpoint to results/checkpoints/none_5090/best.pt
Saved PyTorch checkpoint to results/checkpoints/none_5090/best.pt
Saved PyTorch checkpoint to results/checkpoints/none_5090/best.pt
Saved PyTorch checkpoint to results/checkpoints/none_5090/best.pt
Saved PyTorch checkpoint to results/checkpoints/none_5090/best.pt
Saved PyTorch checkpoint to results/checkpoints/none_5090/best.pt
Saved PyTorch checkpoint to results/checkpoints/none_5090/best.pt
Saved PyTorch checkpoint to results/checkpoints/none_5090/best.pt
Saved PyTorch checkpoint to results/checkpoints/none_5090/best.pt
Saved PyTorch checkpoint to results/checkpoints/none_5090/best.pt
Saved PyTorch checkpoint to results/checkpoints/none_5090/best.pt
Saved PyTorch checkpoint to results/checkpoints/none_5090/best.pt
Saved PyTorch checkpoint to results/checkpoints/none_5090/best.pt
Saved PyTorch checkpoint to results/checkpoints/none_5090/best.pt
Saved PyTorch checkpoint to results/checkpoints/none_5090/best.pt
Saved PyTorch checkpoint to results/checkpoints/none_5090/best.pt
Saved PyTorch checkpoint to results/checkpoints/none_5090/best.pt
Saved PyTorch checkpoint to results/checkpoints/none_5090/best.pt
Saved PyTorch checkpoint to results/checkpoints/none_5090/best.pt
Saved PyTorch checkpoint to results/checkpoints/none_5090/best.pt
Saved PyTorch checkpoint to results/checkpoints/none_5090/best.pt
Saved PyTorch checkpoint to results/checkpoints/none_5090/best.pt
Saved PyTorch checkpoint to results/checkpoints/none_5090/best.pt
Saved PyTorch checkpoint to results/checkpoints/none_5090/best.pt
Saved PyTorch checkpoint to results/checkpoints/none_5090/best.pt
Saved PyTorch checkpoint to results/checkpoints/none_5090/best.pt
Saved PyTorch checkpoint to results/checkpoints/none_5090/best.pt
Saved PyTorch checkpoint to results/checkpoints/none_5090/best.pt
Saved PyTorch checkpoint to results/checkpoints/none_5090/best.pt
Saved PyTorch checkpoint to results/checkpoints/none_5090/best.pt
Saved PyTorch checkpoint to results/checkpoints/none_5090/best.pt
Saved PyTorch checkpoint to results/checkpoints/none_5090/best.pt
Saved PyTorch checkpoint to results/checkpoints/none_5090/best.pt
Saved PyTorch checkpoint to results/checkpoints/none_5090/best.pt
Saved PyTorch checkpoint to results/checkpoints/none_5090/best.pt
Saved PyTorch checkpoint to results/checkpoints/none_5090/best.pt
Saved PyTorch checkpoint to results/checkpoints/none_5090/best.pt
Saved PyTorch checkpoint to results/checkpoints/none_5090/best.pt
Saved PyTorch checkpoint to results/checkpoints/none_5090/best.pt
Saved PyTorch checkpoint to results/checkpoints/none_5090/best.pt
Saved PyTorch checkpoint to results/checkpoints/none_5090/best.pt
Saved PyTorch checkpoint to results/checkpoints/none_5090/best.pt
Saved PyTorch checkpoint to results/checkpoints/none_5090/best.pt
Saved PyTorch checkpoint to results/checkpoints/none_5090/best.pt
Saved PyTorch checkpoint to results/checkpoints/none_5090/best.pt
Saved PyTorch checkpoint to results/checkpoints/none_5090/best.pt
Saved PyTorch checkpoint to results/checkpoints/none_5090/best.pt
Saved PyTorch checkpoint to results/checkpoints/none_5090/best.pt
Saved PyTorch checkpoint to results/checkpoints/none_5090/best.pt
Saved PyTorch checkpoint to results/checkpoints/none_5090/best.pt
Adam 800 | total=2.658e-01 f=1.383e-02 ic=1.216e-03 wall=2.375e-02 inlet=2.636e-02 outlet=2.265e-04 lr=5.000e-04 | λ[f=1.00 ic=1.00 wall=5.00 inlet=5.00 outlet=1.00]
Saved PyTorch checkpoint to results/checkpoints/none_5090/best.pt
Saved PyTorch checkpoint to results/checkpoints/none_5090/best.pt
Saved PyTorch checkpoint to results/checkpoints/none_5090/best.pt
Saved PyTorch checkpoint to results/checkpoints/none_5090/best.pt
Saved PyTorch checkpoint to results/checkpoints/none_5090/best.pt
Saved PyTorch checkpoint to results/checkpoints/none_5090/best.pt
Saved PyTorch checkpoint to results/checkpoints/none_5090/best.pt
Saved PyTorch checkpoint to results/checkpoints/none_5090/best.pt
Saved PyTorch checkpoint to results/checkpoints/none_5090/best.pt
Saved PyTorch checkpoint to results/checkpoints/none_5090/best.pt
Saved PyTorch checkpoint to results/checkpoints/none_5090/best.pt
Saved PyTorch checkpoint to results/checkpoints/none_5090/best.pt
Saved PyTorch checkpoint to results/checkpoints/none_5090/best.pt
Saved PyTorch checkpoint to results/checkpoints/none_5090/best.pt
Saved PyTorch checkpoint to results/checkpoints/none_5090/best.pt
Saved PyTorch checkpoint to results/checkpoints/none_5090/best.pt
Saved PyTorch checkpoint to results/checkpoints/none_5090/best.pt
Saved PyTorch checkpoint to results/checkpoints/none_5090/best.pt
Saved PyTorch checkpoint to results/checkpoints/none_5090/best.pt
Saved PyTorch checkpoint to results/checkpoints/none_5090/best.pt
Saved PyTorch checkpoint to results/checkpoints/none_5090/best.pt
Saved PyTorch checkpoint to results/checkpoints/none_5090/best.pt
Saved PyTorch checkpoint to results/checkpoints/none_5090/best.pt
Saved PyTorch checkpoint to results/checkpoints/none_5090/best.pt
Saved PyTorch checkpoint to results/checkpoints/none_5090/best.pt
Saved PyTorch checkpoint to results/checkpoints/none_5090/best.pt
Saved PyTorch checkpoint to results/checkpoints/none_5090/best.pt
Saved PyTorch checkpoint to results/checkpoints/none_5090/best.pt
Saved PyTorch checkpoint to results/checkpoints/none_5090/best.pt
Saved PyTorch checkpoint to results/checkpoints/none_5090/best.pt
Saved PyTorch checkpoint to results/checkpoints/none_5090/best.pt
Saved PyTorch checkpoint to results/checkpoints/none_5090/best.pt
Saved PyTorch checkpoint to results/checkpoints/none_5090/best.pt
Saved PyTorch checkpoint to results/checkpoints/none_5090/best.pt
Saved PyTorch checkpoint to results/checkpoints/none_5090/best.pt
Saved PyTorch checkpoint to results/checkpoints/none_5090/best.pt
Saved PyTorch checkpoint to results/checkpoints/none_5090/best.pt
Saved PyTorch checkpoint to results/checkpoints/none_5090/best.pt
Saved PyTorch checkpoint to results/checkpoints/none_5090/best.pt
Saved PyTorch checkpoint to results/checkpoints/none_5090/best.pt
Saved PyTorch checkpoint to results/checkpoints/none_5090/best.pt
Saved PyTorch checkpoint to results/checkpoints/none_5090/best.pt
Saved PyTorch checkpoint to results/checkpoints/none_5090/best.pt
Saved PyTorch checkpoint to results/checkpoints/none_5090/best.pt
Saved PyTorch checkpoint to results/checkpoints/none_5090/best.pt
Saved PyTorch checkpoint to results/checkpoints/none_5090/best.pt
Saved PyTorch checkpoint to results/checkpoints/none_5090/best.pt
Saved PyTorch checkpoint to results/checkpoints/none_5090/best.pt
Saved PyTorch checkpoint to results/checkpoints/none_5090/best.pt
Saved PyTorch checkpoint to results/checkpoints/none_5090/best.pt
Saved PyTorch checkpoint to results/checkpoints/none_5090/best.pt
Saved PyTorch checkpoint to results/checkpoints/none_5090/best.pt
Saved PyTorch checkpoint to results/checkpoints/none_5090/best.pt
Saved PyTorch checkpoint to results/checkpoints/none_5090/best.pt
Saved PyTorch checkpoint to results/checkpoints/none_5090/best.pt
Saved PyTorch checkpoint to results/checkpoints/none_5090/best.pt
Saved PyTorch checkpoint to results/checkpoints/none_5090/best.pt
Saved PyTorch checkpoint to results/checkpoints/none_5090/best.pt
Saved PyTorch checkpoint to results/checkpoints/none_5090/best.pt
Saved PyTorch checkpoint to results/checkpoints/none_5090/best.pt
Saved PyTorch checkpoint to results/checkpoints/none_5090/best.pt
Saved PyTorch checkpoint to results/checkpoints/none_5090/best.pt
Saved PyTorch checkpoint to results/checkpoints/none_5090/best.pt
Saved PyTorch checkpoint to results/checkpoints/none_5090/best.pt
Saved PyTorch checkpoint to results/checkpoints/none_5090/best.pt
Saved PyTorch checkpoint to results/checkpoints/none_5090/best.pt
Saved PyTorch checkpoint to results/checkpoints/none_5090/best.pt
Saved PyTorch checkpoint to results/checkpoints/none_5090/best.pt
Saved PyTorch checkpoint to results/checkpoints/none_5090/best.pt
Saved PyTorch checkpoint to results/checkpoints/none_5090/best.pt
Saved PyTorch checkpoint to results/checkpoints/none_5090/best.pt
Saved PyTorch checkpoint to results/checkpoints/none_5090/best.pt
Saved PyTorch checkpoint to results/checkpoints/none_5090/best.pt
Saved PyTorch checkpoint to results/checkpoints/none_5090/best.pt
Saved PyTorch checkpoint to results/checkpoints/none_5090/best.pt
Saved PyTorch checkpoint to results/checkpoints/none_5090/best.pt
Saved PyTorch checkpoint to results/checkpoints/none_5090/best.pt
Saved PyTorch checkpoint to results/checkpoints/none_5090/best.pt
Saved PyTorch checkpoint to results/checkpoints/none_5090/best.pt
Saved PyTorch checkpoint to results/checkpoints/none_5090/best.pt
Saved PyTorch checkpoint to results/checkpoints/none_5090/best.pt
Saved PyTorch checkpoint to results/checkpoints/none_5090/best.pt
Saved PyTorch checkpoint to results/checkpoints/none_5090/best.pt
Saved PyTorch checkpoint to results/checkpoints/none_5090/best.pt
Saved PyTorch checkpoint to results/checkpoints/none_5090/best.pt
Saved PyTorch checkpoint to results/checkpoints/none_5090/best.pt
Saved PyTorch checkpoint to results/checkpoints/none_5090/best.pt
Saved PyTorch checkpoint to results/checkpoints/none_5090/best.pt
Saved PyTorch checkpoint to results/checkpoints/none_5090/best.pt
Saved PyTorch checkpoint to results/checkpoints/none_5090/best.pt
Saved PyTorch checkpoint to results/checkpoints/none_5090/best.pt
Saved PyTorch checkpoint to results/checkpoints/none_5090/best.pt
Saved PyTorch checkpoint to results/checkpoints/none_5090/best.pt
Saved PyTorch checkpoint to results/checkpoints/none_5090/best.pt
Saved PyTorch checkpoint to results/checkpoints/none_5090/best.pt
Saved PyTorch checkpoint to results/checkpoints/none_5090/best.pt
Saved PyTorch checkpoint to results/checkpoints/none_5090/best.pt
Saved PyTorch checkpoint to results/checkpoints/none_5090/best.pt
Saved PyTorch checkpoint to results/checkpoints/none_5090/best.pt
Saved PyTorch checkpoint to results/checkpoints/none_5090/best.pt
Adam 900 | total=2.525e-01 f=1.529e-02 ic=1.520e-03 wall=2.234e-02 inlet=2.475e-02 outlet=2.576e-04 lr=5.000e-04 | λ[f=1.00 ic=1.00 wall=5.00 inlet=5.00 outlet=1.00]
Saved PyTorch checkpoint to results/checkpoints/none_5090/best.pt
Saved PyTorch checkpoint to results/checkpoints/none_5090/best.pt
Saved PyTorch checkpoint to results/checkpoints/none_5090/best.pt
Saved PyTorch checkpoint to results/checkpoints/none_5090/best.pt
Saved PyTorch checkpoint to results/checkpoints/none_5090/best.pt
Saved PyTorch checkpoint to results/checkpoints/none_5090/best.pt
Saved PyTorch checkpoint to results/checkpoints/none_5090/best.pt
Saved PyTorch checkpoint to results/checkpoints/none_5090/best.pt
Saved PyTorch checkpoint to results/checkpoints/none_5090/best.pt
Saved PyTorch checkpoint to results/checkpoints/none_5090/best.pt
Saved PyTorch checkpoint to results/checkpoints/none_5090/best.pt
Saved PyTorch checkpoint to results/checkpoints/none_5090/best.pt
Saved PyTorch checkpoint to results/checkpoints/none_5090/best.pt
Saved PyTorch checkpoint to results/checkpoints/none_5090/best.pt
Saved PyTorch checkpoint to results/checkpoints/none_5090/best.pt
Saved PyTorch checkpoint to results/checkpoints/none_5090/best.pt
Saved PyTorch checkpoint to results/checkpoints/none_5090/best.pt
Saved PyTorch checkpoint to results/checkpoints/none_5090/best.pt
Saved PyTorch checkpoint to results/checkpoints/none_5090/best.pt
Saved PyTorch checkpoint to results/checkpoints/none_5090/best.pt
Saved PyTorch checkpoint to results/checkpoints/none_5090/best.pt
Saved PyTorch checkpoint to results/checkpoints/none_5090/best.pt
Saved PyTorch checkpoint to results/checkpoints/none_5090/best.pt
Saved PyTorch checkpoint to results/checkpoints/none_5090/best.pt
Saved PyTorch checkpoint to results/checkpoints/none_5090/best.pt
Saved PyTorch checkpoint to results/checkpoints/none_5090/best.pt
Saved PyTorch checkpoint to results/checkpoints/none_5090/best.pt
Saved PyTorch checkpoint to results/checkpoints/none_5090/best.pt
Saved PyTorch checkpoint to results/checkpoints/none_5090/best.pt
Saved PyTorch checkpoint to results/checkpoints/none_5090/best.pt
Saved PyTorch checkpoint to results/checkpoints/none_5090/best.pt
Saved PyTorch checkpoint to results/checkpoints/none_5090/best.pt
Saved PyTorch checkpoint to results/checkpoints/none_5090/best.pt
Saved PyTorch checkpoint to results/checkpoints/none_5090/best.pt
Saved PyTorch checkpoint to results/checkpoints/none_5090/best.pt
Saved PyTorch checkpoint to results/checkpoints/none_5090/best.pt
Saved PyTorch checkpoint to results/checkpoints/none_5090/best.pt
Saved PyTorch checkpoint to results/checkpoints/none_5090/best.pt
Saved PyTorch checkpoint to results/checkpoints/none_5090/best.pt
Saved PyTorch checkpoint to results/checkpoints/none_5090/best.pt
Saved PyTorch checkpoint to results/checkpoints/none_5090/best.pt
Saved PyTorch checkpoint to results/checkpoints/none_5090/best.pt
Saved PyTorch checkpoint to results/checkpoints/none_5090/best.pt
Saved PyTorch checkpoint to results/checkpoints/none_5090/best.pt
Saved PyTorch checkpoint to results/checkpoints/none_5090/best.pt
Saved PyTorch checkpoint to results/checkpoints/none_5090/best.pt
Saved PyTorch checkpoint to results/checkpoints/none_5090/best.pt
Saved PyTorch checkpoint to results/checkpoints/none_5090/best.pt
Saved PyTorch checkpoint to results/checkpoints/none_5090/best.pt
Saved PyTorch checkpoint to results/checkpoints/none_5090/best.pt
Saved PyTorch checkpoint to results/checkpoints/none_5090/best.pt
Saved PyTorch checkpoint to results/checkpoints/none_5090/best.pt
Saved PyTorch checkpoint to results/checkpoints/none_5090/best.pt
Saved PyTorch checkpoint to results/checkpoints/none_5090/best.pt
Saved PyTorch checkpoint to results/checkpoints/none_5090/best.pt
Saved PyTorch checkpoint to results/checkpoints/none_5090/best.pt
Adam 1000 | total=2.352e-01 f=1.822e-02 ic=2.034e-03 wall=2.067e-02 inlet=2.226e-02 outlet=2.939e-04 lr=5.000e-04 | λ[f=1.00 ic=1.00 wall=5.00 inlet=5.00 outlet=1.00]
Saved PyTorch checkpoint to results/checkpoints/none_5090/best.pt
Saved PyTorch checkpoint to results/checkpoints/none_5090/best.pt
Saved PyTorch checkpoint to results/checkpoints/none_5090/best.pt
Saved PyTorch checkpoint to results/checkpoints/none_5090/best.pt
Saved PyTorch checkpoint to results/checkpoints/none_5090/best.pt
Saved PyTorch checkpoint to results/checkpoints/none_5090/best.pt
Saved PyTorch checkpoint to results/checkpoints/none_5090/best.pt
Saved PyTorch checkpoint to results/checkpoints/none_5090/best.pt
Saved PyTorch checkpoint to results/checkpoints/none_5090/best.pt
Saved PyTorch checkpoint to results/checkpoints/none_5090/best.pt
Saved PyTorch checkpoint to results/checkpoints/none_5090/best.pt
Saved PyTorch checkpoint to results/checkpoints/none_5090/best.pt
Saved PyTorch checkpoint to results/checkpoints/none_5090/best.pt
Saved PyTorch checkpoint to results/checkpoints/none_5090/best.pt
Saved PyTorch checkpoint to results/checkpoints/none_5090/best.pt
Saved PyTorch checkpoint to results/checkpoints/none_5090/best.pt
Saved PyTorch checkpoint to results/checkpoints/none_5090/best.pt
Saved PyTorch checkpoint to results/checkpoints/none_5090/best.pt
Saved PyTorch checkpoint to results/checkpoints/none_5090/best.pt
Saved PyTorch checkpoint to results/checkpoints/none_5090/best.pt
Saved PyTorch checkpoint to results/checkpoints/none_5090/best.pt
Saved PyTorch checkpoint to results/checkpoints/none_5090/best.pt
Saved PyTorch checkpoint to results/checkpoints/none_5090/best.pt
Saved PyTorch checkpoint to results/checkpoints/none_5090/best.pt
Saved PyTorch checkpoint to results/checkpoints/none_5090/best.pt
Saved PyTorch checkpoint to results/checkpoints/none_5090/best.pt
Saved PyTorch checkpoint to results/checkpoints/none_5090/best.pt
Saved PyTorch checkpoint to results/checkpoints/none_5090/best.pt
Saved PyTorch checkpoint to results/checkpoints/none_5090/best.pt
Saved PyTorch checkpoint to results/checkpoints/none_5090/best.pt
Saved PyTorch checkpoint to results/checkpoints/none_5090/best.pt
Saved PyTorch checkpoint to results/checkpoints/none_5090/best.pt
Saved PyTorch checkpoint to results/checkpoints/none_5090/best.pt
Saved PyTorch checkpoint to results/checkpoints/none_5090/best.pt
Saved PyTorch checkpoint to results/checkpoints/none_5090/best.pt
Saved PyTorch checkpoint to results/checkpoints/none_5090/best.pt
Saved PyTorch checkpoint to results/checkpoints/none_5090/best.pt
Saved PyTorch checkpoint to results/checkpoints/none_5090/best.pt
Saved PyTorch checkpoint to results/checkpoints/none_5090/best.pt
Saved PyTorch checkpoint to results/checkpoints/none_5090/best.pt
Saved PyTorch checkpoint to results/checkpoints/none_5090/best.pt
Saved PyTorch checkpoint to results/checkpoints/none_5090/best.pt
Saved PyTorch checkpoint to results/checkpoints/none_5090/best.pt
Saved PyTorch checkpoint to results/checkpoints/none_5090/best.pt
Saved PyTorch checkpoint to results/checkpoints/none_5090/best.pt
Saved PyTorch checkpoint to results/checkpoints/none_5090/best.pt
Saved PyTorch checkpoint to results/checkpoints/none_5090/best.pt
Saved PyTorch checkpoint to results/checkpoints/none_5090/best.pt
Saved PyTorch checkpoint to results/checkpoints/none_5090/best.pt
Saved PyTorch checkpoint to results/checkpoints/none_5090/best.pt
Saved PyTorch checkpoint to results/checkpoints/none_5090/best.pt
Saved PyTorch checkpoint to results/checkpoints/none_5090/best.pt
Saved PyTorch checkpoint to results/checkpoints/none_5090/best.pt
Saved PyTorch checkpoint to results/checkpoints/none_5090/best.pt
Saved PyTorch checkpoint to results/checkpoints/none_5090/best.pt
Saved PyTorch checkpoint to results/checkpoints/none_5090/best.pt
Saved PyTorch checkpoint to results/checkpoints/none_5090/best.pt
Saved PyTorch checkpoint to results/checkpoints/none_5090/best.pt
Saved PyTorch checkpoint to results/checkpoints/none_5090/best.pt
Saved PyTorch checkpoint to results/checkpoints/none_5090/best.pt
Saved PyTorch checkpoint to results/checkpoints/none_5090/best.pt
Saved PyTorch checkpoint to results/checkpoints/none_5090/best.pt
Saved PyTorch checkpoint to results/checkpoints/none_5090/best.pt
Saved PyTorch checkpoint to results/checkpoints/none_5090/best.pt
Saved PyTorch checkpoint to results/checkpoints/none_5090/best.pt
Saved PyTorch checkpoint to results/checkpoints/none_5090/best.pt
Saved PyTorch checkpoint to results/checkpoints/none_5090/best.pt
Saved PyTorch checkpoint to results/checkpoints/none_5090/best.pt
Saved PyTorch checkpoint to results/checkpoints/none_5090/best.pt
Saved PyTorch checkpoint to results/checkpoints/none_5090/best.pt
Saved PyTorch checkpoint to results/checkpoints/none_5090/best.pt
Saved PyTorch checkpoint to results/checkpoints/none_5090/best.pt
Saved PyTorch checkpoint to results/checkpoints/none_5090/best.pt
Saved PyTorch checkpoint to results/checkpoints/none_5090/best.pt
Saved PyTorch checkpoint to results/checkpoints/none_5090/best.pt
Adam 1100 | total=2.157e-01 f=2.054e-02 ic=2.684e-03 wall=1.937e-02 inlet=1.908e-02 outlet=2.360e-04 lr=5.000e-04 | λ[f=1.00 ic=1.00 wall=5.00 inlet=5.00 outlet=1.00]
Saved PyTorch checkpoint to results/checkpoints/none_5090/best.pt
Saved PyTorch checkpoint to results/checkpoints/none_5090/best.pt
Saved PyTorch checkpoint to results/checkpoints/none_5090/best.pt
Saved PyTorch checkpoint to results/checkpoints/none_5090/best.pt
Saved PyTorch checkpoint to results/checkpoints/none_5090/best.pt
Saved PyTorch checkpoint to results/checkpoints/none_5090/best.pt
Saved PyTorch checkpoint to results/checkpoints/none_5090/best.pt
Saved PyTorch checkpoint to results/checkpoints/none_5090/best.pt
Saved PyTorch checkpoint to results/checkpoints/none_5090/best.pt
Saved PyTorch checkpoint to results/checkpoints/none_5090/best.pt
Saved PyTorch checkpoint to results/checkpoints/none_5090/best.pt
Saved PyTorch checkpoint to results/checkpoints/none_5090/best.pt
Saved PyTorch checkpoint to results/checkpoints/none_5090/best.pt
Saved PyTorch checkpoint to results/checkpoints/none_5090/best.pt
Saved PyTorch checkpoint to results/checkpoints/none_5090/best.pt
Saved PyTorch checkpoint to results/checkpoints/none_5090/best.pt
Saved PyTorch checkpoint to results/checkpoints/none_5090/best.pt
Saved PyTorch checkpoint to results/checkpoints/none_5090/best.pt
Saved PyTorch checkpoint to results/checkpoints/none_5090/best.pt
Saved PyTorch checkpoint to results/checkpoints/none_5090/best.pt
Saved PyTorch checkpoint to results/checkpoints/none_5090/best.pt
Saved PyTorch checkpoint to results/checkpoints/none_5090/best.pt
Saved PyTorch checkpoint to results/checkpoints/none_5090/best.pt
Saved PyTorch checkpoint to results/checkpoints/none_5090/best.pt
Saved PyTorch checkpoint to results/checkpoints/none_5090/best.pt
Saved PyTorch checkpoint to results/checkpoints/none_5090/best.pt
Saved PyTorch checkpoint to results/checkpoints/none_5090/best.pt
Saved PyTorch checkpoint to results/checkpoints/none_5090/best.pt
Saved PyTorch checkpoint to results/checkpoints/none_5090/best.pt
Saved PyTorch checkpoint to results/checkpoints/none_5090/best.pt
Saved PyTorch checkpoint to results/checkpoints/none_5090/best.pt
Saved PyTorch checkpoint to results/checkpoints/none_5090/best.pt
Saved PyTorch checkpoint to results/checkpoints/none_5090/best.pt
Saved PyTorch checkpoint to results/checkpoints/none_5090/best.pt
Saved PyTorch checkpoint to results/checkpoints/none_5090/best.pt
Saved PyTorch checkpoint to results/checkpoints/none_5090/best.pt
Saved PyTorch checkpoint to results/checkpoints/none_5090/best.pt
Saved PyTorch checkpoint to results/checkpoints/none_5090/best.pt
Saved PyTorch checkpoint to results/checkpoints/none_5090/best.pt
Saved PyTorch checkpoint to results/checkpoints/none_5090/best.pt
Saved PyTorch checkpoint to results/checkpoints/none_5090/best.pt
Saved PyTorch checkpoint to results/checkpoints/none_5090/best.pt
Saved PyTorch checkpoint to results/checkpoints/none_5090/best.pt
Saved PyTorch checkpoint to results/checkpoints/none_5090/best.pt
Saved PyTorch checkpoint to results/checkpoints/none_5090/best.pt
Saved PyTorch checkpoint to results/checkpoints/none_5090/best.pt
Saved PyTorch checkpoint to results/checkpoints/none_5090/best.pt
Saved PyTorch checkpoint to results/checkpoints/none_5090/best.pt
Saved PyTorch checkpoint to results/checkpoints/none_5090/best.pt
Saved PyTorch checkpoint to results/checkpoints/none_5090/best.pt
Saved PyTorch checkpoint to results/checkpoints/none_5090/best.pt
Saved PyTorch checkpoint to results/checkpoints/none_5090/best.pt
Saved PyTorch checkpoint to results/checkpoints/none_5090/best.pt
Saved PyTorch checkpoint to results/checkpoints/none_5090/best.pt
Saved PyTorch checkpoint to results/checkpoints/none_5090/best.pt
Saved PyTorch checkpoint to results/checkpoints/none_5090/best.pt
Saved PyTorch checkpoint to results/checkpoints/none_5090/best.pt
Saved PyTorch checkpoint to results/checkpoints/none_5090/best.pt
Saved PyTorch checkpoint to results/checkpoints/none_5090/best.pt
Saved PyTorch checkpoint to results/checkpoints/none_5090/best.pt
Saved PyTorch checkpoint to results/checkpoints/none_5090/best.pt
Saved PyTorch checkpoint to results/checkpoints/none_5090/best.pt
Saved PyTorch checkpoint to results/checkpoints/none_5090/best.pt
Saved PyTorch checkpoint to results/checkpoints/none_5090/best.pt
Saved PyTorch checkpoint to results/checkpoints/none_5090/best.pt
Saved PyTorch checkpoint to results/checkpoints/none_5090/best.pt
Saved PyTorch checkpoint to results/checkpoints/none_5090/best.pt
Saved PyTorch checkpoint to results/checkpoints/none_5090/best.pt
Saved PyTorch checkpoint to results/checkpoints/none_5090/best.pt
Saved PyTorch checkpoint to results/checkpoints/none_5090/best.pt
Saved PyTorch checkpoint to results/checkpoints/none_5090/best.pt
Saved PyTorch checkpoint to results/checkpoints/none_5090/best.pt
Saved PyTorch checkpoint to results/checkpoints/none_5090/best.pt
Saved PyTorch checkpoint to results/checkpoints/none_5090/best.pt
Saved PyTorch checkpoint to results/checkpoints/none_5090/best.pt
Saved PyTorch checkpoint to results/checkpoints/none_5090/best.pt
Saved PyTorch checkpoint to results/checkpoints/none_5090/best.pt
Saved PyTorch checkpoint to results/checkpoints/none_5090/best.pt
Saved PyTorch checkpoint to results/checkpoints/none_5090/best.pt
Adam 1200 | total=1.931e-01 f=2.322e-02 ic=3.411e-03 wall=1.670e-02 inlet=1.658e-02 outlet=1.294e-04 lr=5.000e-04 | λ[f=1.00 ic=1.00 wall=5.00 inlet=5.00 outlet=1.00]
Saved PyTorch checkpoint to results/checkpoints/none_5090/best.pt
Saved PyTorch checkpoint to results/checkpoints/none_5090/best.pt
Saved PyTorch checkpoint to results/checkpoints/none_5090/best.pt
Saved PyTorch checkpoint to results/checkpoints/none_5090/best.pt
Saved PyTorch checkpoint to results/checkpoints/none_5090/best.pt
Saved PyTorch checkpoint to results/checkpoints/none_5090/best.pt
Saved PyTorch checkpoint to results/checkpoints/none_5090/best.pt
Saved PyTorch checkpoint to results/checkpoints/none_5090/best.pt
Saved PyTorch checkpoint to results/checkpoints/none_5090/best.pt
Saved PyTorch checkpoint to results/checkpoints/none_5090/best.pt
Saved PyTorch checkpoint to results/checkpoints/none_5090/best.pt
Saved PyTorch checkpoint to results/checkpoints/none_5090/best.pt
Saved PyTorch checkpoint to results/checkpoints/none_5090/best.pt
Saved PyTorch checkpoint to results/checkpoints/none_5090/best.pt
Saved PyTorch checkpoint to results/checkpoints/none_5090/best.pt
Saved PyTorch checkpoint to results/checkpoints/none_5090/best.pt
Saved PyTorch checkpoint to results/checkpoints/none_5090/best.pt
Saved PyTorch checkpoint to results/checkpoints/none_5090/best.pt
Saved PyTorch checkpoint to results/checkpoints/none_5090/best.pt
Saved PyTorch checkpoint to results/checkpoints/none_5090/best.pt
Saved PyTorch checkpoint to results/checkpoints/none_5090/best.pt
Saved PyTorch checkpoint to results/checkpoints/none_5090/best.pt
Saved PyTorch checkpoint to results/checkpoints/none_5090/best.pt
Saved PyTorch checkpoint to results/checkpoints/none_5090/best.pt
Saved PyTorch checkpoint to results/checkpoints/none_5090/best.pt
Saved PyTorch checkpoint to results/checkpoints/none_5090/best.pt
Saved PyTorch checkpoint to results/checkpoints/none_5090/best.pt
Saved PyTorch checkpoint to results/checkpoints/none_5090/best.pt
Saved PyTorch checkpoint to results/checkpoints/none_5090/best.pt
Saved PyTorch checkpoint to results/checkpoints/none_5090/best.pt
Saved PyTorch checkpoint to results/checkpoints/none_5090/best.pt
Saved PyTorch checkpoint to results/checkpoints/none_5090/best.pt
Saved PyTorch checkpoint to results/checkpoints/none_5090/best.pt
Saved PyTorch checkpoint to results/checkpoints/none_5090/best.pt
Saved PyTorch checkpoint to results/checkpoints/none_5090/best.pt
Saved PyTorch checkpoint to results/checkpoints/none_5090/best.pt
Saved PyTorch checkpoint to results/checkpoints/none_5090/best.pt
Saved PyTorch checkpoint to results/checkpoints/none_5090/best.pt
Saved PyTorch checkpoint to results/checkpoints/none_5090/best.pt
Saved PyTorch checkpoint to results/checkpoints/none_5090/best.pt
Saved PyTorch checkpoint to results/checkpoints/none_5090/best.pt
Saved PyTorch checkpoint to results/checkpoints/none_5090/best.pt
Saved PyTorch checkpoint to results/checkpoints/none_5090/best.pt
Saved PyTorch checkpoint to results/checkpoints/none_5090/best.pt
Saved PyTorch checkpoint to results/checkpoints/none_5090/best.pt
Saved PyTorch checkpoint to results/checkpoints/none_5090/best.pt
Saved PyTorch checkpoint to results/checkpoints/none_5090/best.pt
Saved PyTorch checkpoint to results/checkpoints/none_5090/best.pt
Saved PyTorch checkpoint to results/checkpoints/none_5090/best.pt
Saved PyTorch checkpoint to results/checkpoints/none_5090/best.pt
Saved PyTorch checkpoint to results/checkpoints/none_5090/best.pt
Saved PyTorch checkpoint to results/checkpoints/none_5090/best.pt
Saved PyTorch checkpoint to results/checkpoints/none_5090/best.pt
Saved PyTorch checkpoint to results/checkpoints/none_5090/best.pt
Saved PyTorch checkpoint to results/checkpoints/none_5090/best.pt
Saved PyTorch checkpoint to results/checkpoints/none_5090/best.pt
Saved PyTorch checkpoint to results/checkpoints/none_5090/best.pt
Saved PyTorch checkpoint to results/checkpoints/none_5090/best.pt
Saved PyTorch checkpoint to results/checkpoints/none_5090/best.pt
Saved PyTorch checkpoint to results/checkpoints/none_5090/best.pt
Saved PyTorch checkpoint to results/checkpoints/none_5090/best.pt
Saved PyTorch checkpoint to results/checkpoints/none_5090/best.pt
Saved PyTorch checkpoint to results/checkpoints/none_5090/best.pt
Saved PyTorch checkpoint to results/checkpoints/none_5090/best.pt
Saved PyTorch checkpoint to results/checkpoints/none_5090/best.pt
Saved PyTorch checkpoint to results/checkpoints/none_5090/best.pt
Saved PyTorch checkpoint to results/checkpoints/none_5090/best.pt
Saved PyTorch checkpoint to results/checkpoints/none_5090/best.pt
Saved PyTorch checkpoint to results/checkpoints/none_5090/best.pt
Saved PyTorch checkpoint to results/checkpoints/none_5090/best.pt
Saved PyTorch checkpoint to results/checkpoints/none_5090/best.pt
Saved PyTorch checkpoint to results/checkpoints/none_5090/best.pt
Saved PyTorch checkpoint to results/checkpoints/none_5090/best.pt
Saved PyTorch checkpoint to results/checkpoints/none_5090/best.pt
Saved PyTorch checkpoint to results/checkpoints/none_5090/best.pt
Saved PyTorch checkpoint to results/checkpoints/none_5090/best.pt
Saved PyTorch checkpoint to results/checkpoints/none_5090/best.pt
Saved PyTorch checkpoint to results/checkpoints/none_5090/best.pt
Saved PyTorch checkpoint to results/checkpoints/none_5090/best.pt
Saved PyTorch checkpoint to results/checkpoints/none_5090/best.pt
Saved PyTorch checkpoint to results/checkpoints/none_5090/best.pt
Saved PyTorch checkpoint to results/checkpoints/none_5090/best.pt
Saved PyTorch checkpoint to results/checkpoints/none_5090/best.pt
Saved PyTorch checkpoint to results/checkpoints/none_5090/best.pt
Adam 1300 | total=2.074e-01 f=2.605e-02 ic=2.404e-03 wall=1.094e-02 inlet=2.485e-02 outlet=4.077e-05 lr=5.000e-04 | λ[f=1.00 ic=1.00 wall=5.00 inlet=5.00 outlet=1.00]
Saved PyTorch checkpoint to results/checkpoints/none_5090/best.pt
Saved PyTorch checkpoint to results/checkpoints/none_5090/best.pt
Saved PyTorch checkpoint to results/checkpoints/none_5090/best.pt
Saved PyTorch checkpoint to results/checkpoints/none_5090/best.pt
Saved PyTorch checkpoint to results/checkpoints/none_5090/best.pt
Saved PyTorch checkpoint to results/checkpoints/none_5090/best.pt
Saved PyTorch checkpoint to results/checkpoints/none_5090/best.pt
Saved PyTorch checkpoint to results/checkpoints/none_5090/best.pt
Saved PyTorch checkpoint to results/checkpoints/none_5090/best.pt
Saved PyTorch checkpoint to results/checkpoints/none_5090/best.pt
Saved PyTorch checkpoint to results/checkpoints/none_5090/best.pt
Saved PyTorch checkpoint to results/checkpoints/none_5090/best.pt
Saved PyTorch checkpoint to results/checkpoints/none_5090/best.pt
Saved PyTorch checkpoint to results/checkpoints/none_5090/best.pt
Saved PyTorch checkpoint to results/checkpoints/none_5090/best.pt
Saved PyTorch checkpoint to results/checkpoints/none_5090/best.pt
Saved PyTorch checkpoint to results/checkpoints/none_5090/best.pt
Saved PyTorch checkpoint to results/checkpoints/none_5090/best.pt
Saved PyTorch checkpoint to results/checkpoints/none_5090/best.pt
Saved PyTorch checkpoint to results/checkpoints/none_5090/best.pt
Saved PyTorch checkpoint to results/checkpoints/none_5090/best.pt
Saved PyTorch checkpoint to results/checkpoints/none_5090/best.pt
Saved PyTorch checkpoint to results/checkpoints/none_5090/best.pt
Saved PyTorch checkpoint to results/checkpoints/none_5090/best.pt
Saved PyTorch checkpoint to results/checkpoints/none_5090/best.pt
Saved PyTorch checkpoint to results/checkpoints/none_5090/best.pt
Saved PyTorch checkpoint to results/checkpoints/none_5090/best.pt
Saved PyTorch checkpoint to results/checkpoints/none_5090/best.pt
Saved PyTorch checkpoint to results/checkpoints/none_5090/best.pt
Saved PyTorch checkpoint to results/checkpoints/none_5090/best.pt
Saved PyTorch checkpoint to results/checkpoints/none_5090/best.pt
Saved PyTorch checkpoint to results/checkpoints/none_5090/best.pt
Saved PyTorch checkpoint to results/checkpoints/none_5090/best.pt
Saved PyTorch checkpoint to results/checkpoints/none_5090/best.pt
Saved PyTorch checkpoint to results/checkpoints/none_5090/best.pt
Saved PyTorch checkpoint to results/checkpoints/none_5090/best.pt
Saved PyTorch checkpoint to results/checkpoints/none_5090/best.pt
Saved PyTorch checkpoint to results/checkpoints/none_5090/best.pt
Saved PyTorch checkpoint to results/checkpoints/none_5090/best.pt
Saved PyTorch checkpoint to results/checkpoints/none_5090/best.pt
Saved PyTorch checkpoint to results/checkpoints/none_5090/best.pt
Saved PyTorch checkpoint to results/checkpoints/none_5090/best.pt
Saved PyTorch checkpoint to results/checkpoints/none_5090/best.pt
Saved PyTorch checkpoint to results/checkpoints/none_5090/best.pt
Saved PyTorch checkpoint to results/checkpoints/none_5090/best.pt
Saved PyTorch checkpoint to results/checkpoints/none_5090/best.pt
Saved PyTorch checkpoint to results/checkpoints/none_5090/best.pt
Saved PyTorch checkpoint to results/checkpoints/none_5090/best.pt
Saved PyTorch checkpoint to results/checkpoints/none_5090/best.pt
Saved PyTorch checkpoint to results/checkpoints/none_5090/best.pt
Saved PyTorch checkpoint to results/checkpoints/none_5090/best.pt
Saved PyTorch checkpoint to results/checkpoints/none_5090/best.pt
Saved PyTorch checkpoint to results/checkpoints/none_5090/best.pt
Saved PyTorch checkpoint to results/checkpoints/none_5090/best.pt
Saved PyTorch checkpoint to results/checkpoints/none_5090/best.pt
Saved PyTorch checkpoint to results/checkpoints/none_5090/best.pt
Saved PyTorch checkpoint to results/checkpoints/none_5090/best.pt
Saved PyTorch checkpoint to results/checkpoints/none_5090/best.pt
Saved PyTorch checkpoint to results/checkpoints/none_5090/best.pt
Saved PyTorch checkpoint to results/checkpoints/none_5090/best.pt
Saved PyTorch checkpoint to results/checkpoints/none_5090/best.pt
Saved PyTorch checkpoint to results/checkpoints/none_5090/best.pt
Saved PyTorch checkpoint to results/checkpoints/none_5090/best.pt
Saved PyTorch checkpoint to results/checkpoints/none_5090/best.pt
Saved PyTorch checkpoint to results/checkpoints/none_5090/best.pt
Saved PyTorch checkpoint to results/checkpoints/none_5090/best.pt
Saved PyTorch checkpoint to results/checkpoints/none_5090/best.pt
Saved PyTorch checkpoint to results/checkpoints/none_5090/best.pt
Saved PyTorch checkpoint to results/checkpoints/none_5090/best.pt
Saved PyTorch checkpoint to results/checkpoints/none_5090/best.pt
Adam 1400 | total=1.534e-01 f=3.034e-02 ic=2.233e-03 wall=1.285e-02 inlet=1.132e-02 outlet=1.901e-05 lr=5.000e-04 | λ[f=1.00 ic=1.00 wall=5.00 inlet=5.00 outlet=1.00]
Saved PyTorch checkpoint to results/checkpoints/none_5090/best.pt
Saved PyTorch checkpoint to results/checkpoints/none_5090/best.pt
Saved PyTorch checkpoint to results/checkpoints/none_5090/best.pt
Saved PyTorch checkpoint to results/checkpoints/none_5090/best.pt
Saved PyTorch checkpoint to results/checkpoints/none_5090/best.pt
Saved PyTorch checkpoint to results/checkpoints/none_5090/best.pt
Saved PyTorch checkpoint to results/checkpoints/none_5090/best.pt
Saved PyTorch checkpoint to results/checkpoints/none_5090/best.pt
Saved PyTorch checkpoint to results/checkpoints/none_5090/best.pt
Saved PyTorch checkpoint to results/checkpoints/none_5090/best.pt
Saved PyTorch checkpoint to results/checkpoints/none_5090/best.pt
Saved PyTorch checkpoint to results/checkpoints/none_5090/best.pt
Saved PyTorch checkpoint to results/checkpoints/none_5090/best.pt
Saved PyTorch checkpoint to results/checkpoints/none_5090/best.pt
Saved PyTorch checkpoint to results/checkpoints/none_5090/best.pt
Saved PyTorch checkpoint to results/checkpoints/none_5090/best.pt
Saved PyTorch checkpoint to results/checkpoints/none_5090/best.pt
Saved PyTorch checkpoint to results/checkpoints/none_5090/best.pt
Saved PyTorch checkpoint to results/checkpoints/none_5090/best.pt
Saved PyTorch checkpoint to results/checkpoints/none_5090/best.pt
Saved PyTorch checkpoint to results/checkpoints/none_5090/best.pt
Saved PyTorch checkpoint to results/checkpoints/none_5090/best.pt
Saved PyTorch checkpoint to results/checkpoints/none_5090/best.pt
Saved PyTorch checkpoint to results/checkpoints/none_5090/best.pt
Saved PyTorch checkpoint to results/checkpoints/none_5090/best.pt
Saved PyTorch checkpoint to results/checkpoints/none_5090/best.pt
Saved PyTorch checkpoint to results/checkpoints/none_5090/best.pt
Saved PyTorch checkpoint to results/checkpoints/none_5090/best.pt
Saved PyTorch checkpoint to results/checkpoints/none_5090/best.pt
Saved PyTorch checkpoint to results/checkpoints/none_5090/best.pt
Saved PyTorch checkpoint to results/checkpoints/none_5090/best.pt
Saved PyTorch checkpoint to results/checkpoints/none_5090/best.pt
Saved PyTorch checkpoint to results/checkpoints/none_5090/best.pt
Saved PyTorch checkpoint to results/checkpoints/none_5090/best.pt
Saved PyTorch checkpoint to results/checkpoints/none_5090/best.pt
Saved PyTorch checkpoint to results/checkpoints/none_5090/best.pt
Saved PyTorch checkpoint to results/checkpoints/none_5090/best.pt
Saved PyTorch checkpoint to results/checkpoints/none_5090/best.pt
Saved PyTorch checkpoint to results/checkpoints/none_5090/best.pt
Saved PyTorch checkpoint to results/checkpoints/none_5090/best.pt
Saved PyTorch checkpoint to results/checkpoints/none_5090/best.pt
Saved PyTorch checkpoint to results/checkpoints/none_5090/best.pt
Saved PyTorch checkpoint to results/checkpoints/none_5090/best.pt
Saved PyTorch checkpoint to results/checkpoints/none_5090/best.pt
Saved PyTorch checkpoint to results/checkpoints/none_5090/best.pt
Saved PyTorch checkpoint to results/checkpoints/none_5090/best.pt
Saved PyTorch checkpoint to results/checkpoints/none_5090/best.pt
Saved PyTorch checkpoint to results/checkpoints/none_5090/best.pt
Saved PyTorch checkpoint to results/checkpoints/none_5090/best.pt
Saved PyTorch checkpoint to results/checkpoints/none_5090/best.pt
Saved PyTorch checkpoint to results/checkpoints/none_5090/best.pt
Saved PyTorch checkpoint to results/checkpoints/none_5090/best.pt
Adam 1500 | total=1.450e-01 f=3.040e-02 ic=1.787e-03 wall=1.228e-02 inlet=1.028e-02 outlet=1.385e-05 lr=5.000e-04 | λ[f=1.00 ic=1.00 wall=5.00 inlet=5.00 outlet=1.00]
Saved PyTorch checkpoint to results/checkpoints/none_5090/best.pt
Saved PyTorch checkpoint to results/checkpoints/none_5090/best.pt
Saved PyTorch checkpoint to results/checkpoints/none_5090/best.pt
Saved PyTorch checkpoint to results/checkpoints/none_5090/best.pt
Saved PyTorch checkpoint to results/checkpoints/none_5090/best.pt
Saved PyTorch checkpoint to results/checkpoints/none_5090/best.pt
Saved PyTorch checkpoint to results/checkpoints/none_5090/best.pt
Saved PyTorch checkpoint to results/checkpoints/none_5090/best.pt
Saved PyTorch checkpoint to results/checkpoints/none_5090/best.pt
Saved PyTorch checkpoint to results/checkpoints/none_5090/best.pt
Saved PyTorch checkpoint to results/checkpoints/none_5090/best.pt
Saved PyTorch checkpoint to results/checkpoints/none_5090/best.pt
Saved PyTorch checkpoint to results/checkpoints/none_5090/best.pt
Saved PyTorch checkpoint to results/checkpoints/none_5090/best.pt
Saved PyTorch checkpoint to results/checkpoints/none_5090/best.pt
Saved PyTorch checkpoint to results/checkpoints/none_5090/best.pt
Saved PyTorch checkpoint to results/checkpoints/none_5090/best.pt
Saved PyTorch checkpoint to results/checkpoints/none_5090/best.pt
Saved PyTorch checkpoint to results/checkpoints/none_5090/best.pt
Saved PyTorch checkpoint to results/checkpoints/none_5090/best.pt
Saved PyTorch checkpoint to results/checkpoints/none_5090/best.pt
Saved PyTorch checkpoint to results/checkpoints/none_5090/best.pt
Saved PyTorch checkpoint to results/checkpoints/none_5090/best.pt
Saved PyTorch checkpoint to results/checkpoints/none_5090/best.pt
Saved PyTorch checkpoint to results/checkpoints/none_5090/best.pt
Saved PyTorch checkpoint to results/checkpoints/none_5090/best.pt
Saved PyTorch checkpoint to results/checkpoints/none_5090/best.pt
Saved PyTorch checkpoint to results/checkpoints/none_5090/best.pt
Saved PyTorch checkpoint to results/checkpoints/none_5090/best.pt
Saved PyTorch checkpoint to results/checkpoints/none_5090/best.pt
Saved PyTorch checkpoint to results/checkpoints/none_5090/best.pt
Saved PyTorch checkpoint to results/checkpoints/none_5090/best.pt
Saved PyTorch checkpoint to results/checkpoints/none_5090/best.pt
Saved PyTorch checkpoint to results/checkpoints/none_5090/best.pt
Saved PyTorch checkpoint to results/checkpoints/none_5090/best.pt
Saved PyTorch checkpoint to results/checkpoints/none_5090/best.pt
Saved PyTorch checkpoint to results/checkpoints/none_5090/best.pt
Saved PyTorch checkpoint to results/checkpoints/none_5090/best.pt
Saved PyTorch checkpoint to results/checkpoints/none_5090/best.pt
Saved PyTorch checkpoint to results/checkpoints/none_5090/best.pt
Saved PyTorch checkpoint to results/checkpoints/none_5090/best.pt
Saved PyTorch checkpoint to results/checkpoints/none_5090/best.pt
Saved PyTorch checkpoint to results/checkpoints/none_5090/best.pt
Saved PyTorch checkpoint to results/checkpoints/none_5090/best.pt
Saved PyTorch checkpoint to results/checkpoints/none_5090/best.pt
Saved PyTorch checkpoint to results/checkpoints/none_5090/best.pt
Saved PyTorch checkpoint to results/checkpoints/none_5090/best.pt
Saved PyTorch checkpoint to results/checkpoints/none_5090/best.pt
Saved PyTorch checkpoint to results/checkpoints/none_5090/best.pt
Saved PyTorch checkpoint to results/checkpoints/none_5090/best.pt
Saved PyTorch checkpoint to results/checkpoints/none_5090/best.pt
Saved PyTorch checkpoint to results/checkpoints/none_5090/best.pt
Saved PyTorch checkpoint to results/checkpoints/none_5090/best.pt
Saved PyTorch checkpoint to results/checkpoints/none_5090/best.pt
Saved PyTorch checkpoint to results/checkpoints/none_5090/best.pt
Saved PyTorch checkpoint to results/checkpoints/none_5090/best.pt
Saved PyTorch checkpoint to results/checkpoints/none_5090/best.pt
Saved PyTorch checkpoint to results/checkpoints/none_5090/best.pt
Saved PyTorch checkpoint to results/checkpoints/none_5090/best.pt
Saved PyTorch checkpoint to results/checkpoints/none_5090/best.pt
Saved PyTorch checkpoint to results/checkpoints/none_5090/best.pt
Saved PyTorch checkpoint to results/checkpoints/none_5090/best.pt
Saved PyTorch checkpoint to results/checkpoints/none_5090/best.pt
Saved PyTorch checkpoint to results/checkpoints/none_5090/best.pt
Saved PyTorch checkpoint to results/checkpoints/none_5090/best.pt
Saved PyTorch checkpoint to results/checkpoints/none_5090/best.pt
Saved PyTorch checkpoint to results/checkpoints/none_5090/best.pt
Adam 1600 | total=1.397e-01 f=2.888e-02 ic=1.419e-03 wall=1.188e-02 inlet=9.992e-03 outlet=1.695e-05 lr=5.000e-04 | λ[f=1.00 ic=1.00 wall=5.00 inlet=5.00 outlet=1.00]
Saved PyTorch checkpoint to results/checkpoints/none_5090/best.pt
Saved PyTorch checkpoint to results/checkpoints/none_5090/best.pt
Saved PyTorch checkpoint to results/checkpoints/none_5090/best.pt
Saved PyTorch checkpoint to results/checkpoints/none_5090/best.pt
Saved PyTorch checkpoint to results/checkpoints/none_5090/best.pt
Saved PyTorch checkpoint to results/checkpoints/none_5090/best.pt
Saved PyTorch checkpoint to results/checkpoints/none_5090/best.pt
Saved PyTorch checkpoint to results/checkpoints/none_5090/best.pt
Saved PyTorch checkpoint to results/checkpoints/none_5090/best.pt
Saved PyTorch checkpoint to results/checkpoints/none_5090/best.pt
Saved PyTorch checkpoint to results/checkpoints/none_5090/best.pt
Saved PyTorch checkpoint to results/checkpoints/none_5090/best.pt
Saved PyTorch checkpoint to results/checkpoints/none_5090/best.pt
Saved PyTorch checkpoint to results/checkpoints/none_5090/best.pt
Saved PyTorch checkpoint to results/checkpoints/none_5090/best.pt
Saved PyTorch checkpoint to results/checkpoints/none_5090/best.pt
Saved PyTorch checkpoint to results/checkpoints/none_5090/best.pt
Saved PyTorch checkpoint to results/checkpoints/none_5090/best.pt
Saved PyTorch checkpoint to results/checkpoints/none_5090/best.pt
Saved PyTorch checkpoint to results/checkpoints/none_5090/best.pt
Saved PyTorch checkpoint to results/checkpoints/none_5090/best.pt
Saved PyTorch checkpoint to results/checkpoints/none_5090/best.pt
Saved PyTorch checkpoint to results/checkpoints/none_5090/best.pt
Saved PyTorch checkpoint to results/checkpoints/none_5090/best.pt
Saved PyTorch checkpoint to results/checkpoints/none_5090/best.pt
Saved PyTorch checkpoint to results/checkpoints/none_5090/best.pt
Saved PyTorch checkpoint to results/checkpoints/none_5090/best.pt
Saved PyTorch checkpoint to results/checkpoints/none_5090/best.pt
Saved PyTorch checkpoint to results/checkpoints/none_5090/best.pt
Saved PyTorch checkpoint to results/checkpoints/none_5090/best.pt
Saved PyTorch checkpoint to results/checkpoints/none_5090/best.pt
Adam 1700 | total=1.334e-01 f=2.813e-02 ic=1.315e-03 wall=1.128e-02 inlet=9.514e-03 outlet=1.480e-05 lr=5.000e-04 | λ[f=1.00 ic=1.00 wall=5.00 inlet=5.00 outlet=1.00]
Saved PyTorch checkpoint to results/checkpoints/none_5090/best.pt
Saved PyTorch checkpoint to results/checkpoints/none_5090/best.pt
Saved PyTorch checkpoint to results/checkpoints/none_5090/best.pt
Saved PyTorch checkpoint to results/checkpoints/none_5090/best.pt
Saved PyTorch checkpoint to results/checkpoints/none_5090/best.pt
Saved PyTorch checkpoint to results/checkpoints/none_5090/best.pt
Saved PyTorch checkpoint to results/checkpoints/none_5090/best.pt
Saved PyTorch checkpoint to results/checkpoints/none_5090/best.pt
Saved PyTorch checkpoint to results/checkpoints/none_5090/best.pt
Saved PyTorch checkpoint to results/checkpoints/none_5090/best.pt
Saved PyTorch checkpoint to results/checkpoints/none_5090/best.pt
Saved PyTorch checkpoint to results/checkpoints/none_5090/best.pt
Saved PyTorch checkpoint to results/checkpoints/none_5090/best.pt
Saved PyTorch checkpoint to results/checkpoints/none_5090/best.pt
Saved PyTorch checkpoint to results/checkpoints/none_5090/best.pt
Saved PyTorch checkpoint to results/checkpoints/none_5090/best.pt
Saved PyTorch checkpoint to results/checkpoints/none_5090/best.pt
Saved PyTorch checkpoint to results/checkpoints/none_5090/best.pt
Saved PyTorch checkpoint to results/checkpoints/none_5090/best.pt
Saved PyTorch checkpoint to results/checkpoints/none_5090/best.pt
Saved PyTorch checkpoint to results/checkpoints/none_5090/best.pt
Saved PyTorch checkpoint to results/checkpoints/none_5090/best.pt
Saved PyTorch checkpoint to results/checkpoints/none_5090/best.pt
Saved PyTorch checkpoint to results/checkpoints/none_5090/best.pt
Saved PyTorch checkpoint to results/checkpoints/none_5090/best.pt
Saved PyTorch checkpoint to results/checkpoints/none_5090/best.pt
Saved PyTorch checkpoint to results/checkpoints/none_5090/best.pt
Saved PyTorch checkpoint to results/checkpoints/none_5090/best.pt
Saved PyTorch checkpoint to results/checkpoints/none_5090/best.pt
Saved PyTorch checkpoint to results/checkpoints/none_5090/best.pt
Saved PyTorch checkpoint to results/checkpoints/none_5090/best.pt
Saved PyTorch checkpoint to results/checkpoints/none_5090/best.pt
Saved PyTorch checkpoint to results/checkpoints/none_5090/best.pt
Saved PyTorch checkpoint to results/checkpoints/none_5090/best.pt
Saved PyTorch checkpoint to results/checkpoints/none_5090/best.pt
Saved PyTorch checkpoint to results/checkpoints/none_5090/best.pt
Saved PyTorch checkpoint to results/checkpoints/none_5090/best.pt
Saved PyTorch checkpoint to results/checkpoints/none_5090/best.pt
Saved PyTorch checkpoint to results/checkpoints/none_5090/best.pt
Saved PyTorch checkpoint to results/checkpoints/none_5090/best.pt
Saved PyTorch checkpoint to results/checkpoints/none_5090/best.pt
Saved PyTorch checkpoint to results/checkpoints/none_5090/best.pt
Saved PyTorch checkpoint to results/checkpoints/none_5090/best.pt
Saved PyTorch checkpoint to results/checkpoints/none_5090/best.pt
Saved PyTorch checkpoint to results/checkpoints/none_5090/best.pt
Saved PyTorch checkpoint to results/checkpoints/none_5090/best.pt
Saved PyTorch checkpoint to results/checkpoints/none_5090/best.pt
Saved PyTorch checkpoint to results/checkpoints/none_5090/best.pt
Saved PyTorch checkpoint to results/checkpoints/none_5090/best.pt
Saved PyTorch checkpoint to results/checkpoints/none_5090/best.pt
Saved PyTorch checkpoint to results/checkpoints/none_5090/best.pt
Saved PyTorch checkpoint to results/checkpoints/none_5090/best.pt
Saved PyTorch checkpoint to results/checkpoints/none_5090/best.pt
Saved PyTorch checkpoint to results/checkpoints/none_5090/best.pt
Saved PyTorch checkpoint to results/checkpoints/none_5090/best.pt
Saved PyTorch checkpoint to results/checkpoints/none_5090/best.pt
Saved PyTorch checkpoint to results/checkpoints/none_5090/best.pt
Saved PyTorch checkpoint to results/checkpoints/none_5090/best.pt
Saved PyTorch checkpoint to results/checkpoints/none_5090/best.pt
Saved PyTorch checkpoint to results/checkpoints/none_5090/best.pt
Saved PyTorch checkpoint to results/checkpoints/none_5090/best.pt
Saved PyTorch checkpoint to results/checkpoints/none_5090/best.pt
Saved PyTorch checkpoint to results/checkpoints/none_5090/best.pt
Saved PyTorch checkpoint to results/checkpoints/none_5090/best.pt
Saved PyTorch checkpoint to results/checkpoints/none_5090/best.pt
Saved PyTorch checkpoint to results/checkpoints/none_5090/best.pt
Saved PyTorch checkpoint to results/checkpoints/none_5090/best.pt
Saved PyTorch checkpoint to results/checkpoints/none_5090/best.pt
Saved PyTorch checkpoint to results/checkpoints/none_5090/best.pt
Adam 1800 | total=1.406e-01 f=2.583e-02 ic=1.167e-03 wall=9.428e-03 inlet=1.329e-02 outlet=2.591e-05 lr=5.000e-04 | λ[f=1.00 ic=1.00 wall=5.00 inlet=5.00 outlet=1.00]
Saved PyTorch checkpoint to results/checkpoints/none_5090/best.pt
Saved PyTorch checkpoint to results/checkpoints/none_5090/best.pt
Saved PyTorch checkpoint to results/checkpoints/none_5090/best.pt
Saved PyTorch checkpoint to results/checkpoints/none_5090/best.pt
Saved PyTorch checkpoint to results/checkpoints/none_5090/best.pt
Saved PyTorch checkpoint to results/checkpoints/none_5090/best.pt
Saved PyTorch checkpoint to results/checkpoints/none_5090/best.pt
Saved PyTorch checkpoint to results/checkpoints/none_5090/best.pt
Saved PyTorch checkpoint to results/checkpoints/none_5090/best.pt
Saved PyTorch checkpoint to results/checkpoints/none_5090/best.pt
Saved PyTorch checkpoint to results/checkpoints/none_5090/best.pt
Saved PyTorch checkpoint to results/checkpoints/none_5090/best.pt
Saved PyTorch checkpoint to results/checkpoints/none_5090/best.pt
Saved PyTorch checkpoint to results/checkpoints/none_5090/best.pt
Saved PyTorch checkpoint to results/checkpoints/none_5090/best.pt
Saved PyTorch checkpoint to results/checkpoints/none_5090/best.pt
Saved PyTorch checkpoint to results/checkpoints/none_5090/best.pt
Saved PyTorch checkpoint to results/checkpoints/none_5090/best.pt
Saved PyTorch checkpoint to results/checkpoints/none_5090/best.pt
Saved PyTorch checkpoint to results/checkpoints/none_5090/best.pt
Saved PyTorch checkpoint to results/checkpoints/none_5090/best.pt
Adam 1900 | total=1.247e-01 f=2.644e-02 ic=1.142e-03 wall=1.141e-02 inlet=8.001e-03 outlet=2.192e-05 lr=5.000e-04 | λ[f=1.00 ic=1.00 wall=5.00 inlet=5.00 outlet=1.00]
Saved PyTorch checkpoint to results/checkpoints/none_5090/best.pt
Saved PyTorch checkpoint to results/checkpoints/none_5090/best.pt
Saved PyTorch checkpoint to results/checkpoints/none_5090/best.pt
Saved PyTorch checkpoint to results/checkpoints/none_5090/best.pt
Saved PyTorch checkpoint to results/checkpoints/none_5090/best.pt
Saved PyTorch checkpoint to results/checkpoints/none_5090/best.pt
Saved PyTorch checkpoint to results/checkpoints/none_5090/best.pt
Saved PyTorch checkpoint to results/checkpoints/none_5090/best.pt
Saved PyTorch checkpoint to results/checkpoints/none_5090/best.pt
Saved PyTorch checkpoint to results/checkpoints/none_5090/best.pt
Saved PyTorch checkpoint to results/checkpoints/none_5090/best.pt
Saved PyTorch checkpoint to results/checkpoints/none_5090/best.pt
Saved PyTorch checkpoint to results/checkpoints/none_5090/best.pt
Saved PyTorch checkpoint to results/checkpoints/none_5090/best.pt
Saved PyTorch checkpoint to results/checkpoints/none_5090/best.pt
Saved PyTorch checkpoint to results/checkpoints/none_5090/best.pt
Saved PyTorch checkpoint to results/checkpoints/none_5090/best.pt
Saved PyTorch checkpoint to results/checkpoints/none_5090/best.pt
Saved PyTorch checkpoint to results/checkpoints/none_5090/best.pt
Saved PyTorch checkpoint to results/checkpoints/none_5090/best.pt
Saved PyTorch checkpoint to results/checkpoints/none_5090/best.pt
Saved PyTorch checkpoint to results/checkpoints/none_5090/best.pt
Saved PyTorch checkpoint to results/checkpoints/none_5090/best.pt
Saved PyTorch checkpoint to results/checkpoints/none_5090/best.pt
Saved PyTorch checkpoint to results/checkpoints/none_5090/best.pt
Saved PyTorch checkpoint to results/checkpoints/none_5090/best.pt
Saved PyTorch checkpoint to results/checkpoints/none_5090/best.pt
Saved PyTorch checkpoint to results/checkpoints/none_5090/best.pt
Saved PyTorch checkpoint to results/checkpoints/none_5090/best.pt
Saved PyTorch checkpoint to results/checkpoints/none_5090/best.pt
Saved PyTorch checkpoint to results/checkpoints/none_5090/best.pt
Saved PyTorch checkpoint to results/checkpoints/none_5090/best.pt
Saved PyTorch checkpoint to results/checkpoints/none_5090/best.pt
Saved PyTorch checkpoint to results/checkpoints/none_5090/best.pt
Saved PyTorch checkpoint to results/checkpoints/none_5090/best.pt
Saved PyTorch checkpoint to results/checkpoints/none_5090/best.pt
Saved PyTorch checkpoint to results/checkpoints/none_5090/best.pt
Saved PyTorch checkpoint to results/checkpoints/none_5090/best.pt
Saved PyTorch checkpoint to results/checkpoints/none_5090/best.pt
Saved PyTorch checkpoint to results/checkpoints/none_5090/best.pt
Saved PyTorch checkpoint to results/checkpoints/none_5090/best.pt
Saved PyTorch checkpoint to results/checkpoints/none_5090/best.pt
Saved PyTorch checkpoint to results/checkpoints/none_5090/best.pt
Saved PyTorch checkpoint to results/checkpoints/none_5090/best.pt
Saved PyTorch checkpoint to results/checkpoints/none_5090/best.pt
Saved PyTorch checkpoint to results/checkpoints/none_5090/best.pt
Saved PyTorch checkpoint to results/checkpoints/none_5090/best.pt
Saved PyTorch checkpoint to results/checkpoints/none_5090/best.pt
Saved PyTorch checkpoint to results/checkpoints/none_5090/best.pt
Saved PyTorch checkpoint to results/checkpoints/none_5090/best.pt
Saved PyTorch checkpoint to results/checkpoints/none_5090/best.pt
Saved PyTorch checkpoint to results/checkpoints/none_5090/best.pt
Saved PyTorch checkpoint to results/checkpoints/none_5090/best.pt
Saved PyTorch checkpoint to results/checkpoints/none_5090/best.pt
Saved PyTorch checkpoint to results/checkpoints/none_5090/best.pt
Saved PyTorch checkpoint to results/checkpoints/none_5090/best.pt
Saved PyTorch checkpoint to results/checkpoints/none_5090/best.pt
Saved PyTorch checkpoint to results/checkpoints/none_5090/best.pt
Saved PyTorch checkpoint to results/checkpoints/none_5090/best.pt
Saved PyTorch checkpoint to results/checkpoints/none_5090/best.pt
Saved PyTorch checkpoint to results/checkpoints/none_5090/best.pt
Saved PyTorch checkpoint to results/checkpoints/none_5090/best.pt
Saved PyTorch checkpoint to results/checkpoints/none_5090/best.pt
Saved PyTorch checkpoint to results/checkpoints/none_5090/best.pt
Saved PyTorch checkpoint to results/checkpoints/none_5090/best.pt
Saved PyTorch checkpoint to results/checkpoints/none_5090/best.pt
Saved PyTorch checkpoint to results/checkpoints/none_5090/best.pt
Adam 2000 | total=1.357e-01 f=2.764e-02 ic=1.058e-03 wall=1.083e-02 inlet=1.056e-02 outlet=2.291e-05 lr=5.000e-04 | λ[f=1.00 ic=1.00 wall=5.00 inlet=5.00 outlet=1.00]
Saved PyTorch checkpoint to results/checkpoints/none_5090/best.pt
Saved PyTorch checkpoint to results/checkpoints/none_5090/best.pt
Saved PyTorch checkpoint to results/checkpoints/none_5090/best.pt
Saved PyTorch checkpoint to results/checkpoints/none_5090/best.pt
Saved PyTorch checkpoint to results/checkpoints/none_5090/best.pt
Saved PyTorch checkpoint to results/checkpoints/none_5090/best.pt
Saved PyTorch checkpoint to results/checkpoints/none_5090/best.pt
Saved PyTorch checkpoint to results/checkpoints/none_5090/best.pt
Saved PyTorch checkpoint to results/checkpoints/none_5090/best.pt
Saved PyTorch checkpoint to results/checkpoints/none_5090/best.pt
Saved PyTorch checkpoint to results/checkpoints/none_5090/best.pt
Saved PyTorch checkpoint to results/checkpoints/none_5090/best.pt
Saved PyTorch checkpoint to results/checkpoints/none_5090/best.pt
Saved PyTorch checkpoint to results/checkpoints/none_5090/best.pt
Saved PyTorch checkpoint to results/checkpoints/none_5090/best.pt
Saved PyTorch checkpoint to results/checkpoints/none_5090/best.pt
Saved PyTorch checkpoint to results/checkpoints/none_5090/best.pt
Saved PyTorch checkpoint to results/checkpoints/none_5090/best.pt
Saved PyTorch checkpoint to results/checkpoints/none_5090/best.pt
Saved PyTorch checkpoint to results/checkpoints/none_5090/best.pt
Saved PyTorch checkpoint to results/checkpoints/none_5090/best.pt
Saved PyTorch checkpoint to results/checkpoints/none_5090/best.pt
Saved PyTorch checkpoint to results/checkpoints/none_5090/best.pt
Saved PyTorch checkpoint to results/checkpoints/none_5090/best.pt
Saved PyTorch checkpoint to results/checkpoints/none_5090/best.pt
Saved PyTorch checkpoint to results/checkpoints/none_5090/best.pt
Saved PyTorch checkpoint to results/checkpoints/none_5090/best.pt
Saved PyTorch checkpoint to results/checkpoints/none_5090/best.pt
Saved PyTorch checkpoint to results/checkpoints/none_5090/best.pt
Saved PyTorch checkpoint to results/checkpoints/none_5090/best.pt
Saved PyTorch checkpoint to results/checkpoints/none_5090/best.pt
Saved PyTorch checkpoint to results/checkpoints/none_5090/best.pt
Adam 2100 | total=1.185e-01 f=2.378e-02 ic=1.005e-03 wall=1.020e-02 inlet=8.537e-03 outlet=2.667e-05 lr=5.000e-04 | λ[f=1.00 ic=1.00 wall=5.00 inlet=5.00 outlet=1.00]
Saved PyTorch checkpoint to results/checkpoints/none_5090/best.pt
Saved PyTorch checkpoint to results/checkpoints/none_5090/best.pt
Saved PyTorch checkpoint to results/checkpoints/none_5090/best.pt
Saved PyTorch checkpoint to results/checkpoints/none_5090/best.pt
Saved PyTorch checkpoint to results/checkpoints/none_5090/best.pt
Saved PyTorch checkpoint to results/checkpoints/none_5090/best.pt
Saved PyTorch checkpoint to results/checkpoints/none_5090/best.pt
Saved PyTorch checkpoint to results/checkpoints/none_5090/best.pt
Saved PyTorch checkpoint to results/checkpoints/none_5090/best.pt
Saved PyTorch checkpoint to results/checkpoints/none_5090/best.pt
Saved PyTorch checkpoint to results/checkpoints/none_5090/best.pt
Saved PyTorch checkpoint to results/checkpoints/none_5090/best.pt
Saved PyTorch checkpoint to results/checkpoints/none_5090/best.pt
Saved PyTorch checkpoint to results/checkpoints/none_5090/best.pt
Saved PyTorch checkpoint to results/checkpoints/none_5090/best.pt
Saved PyTorch checkpoint to results/checkpoints/none_5090/best.pt
Saved PyTorch checkpoint to results/checkpoints/none_5090/best.pt
Saved PyTorch checkpoint to results/checkpoints/none_5090/best.pt
Saved PyTorch checkpoint to results/checkpoints/none_5090/best.pt
Saved PyTorch checkpoint to results/checkpoints/none_5090/best.pt
Saved PyTorch checkpoint to results/checkpoints/none_5090/best.pt
Saved PyTorch checkpoint to results/checkpoints/none_5090/best.pt
Saved PyTorch checkpoint to results/checkpoints/none_5090/best.pt
Saved PyTorch checkpoint to results/checkpoints/none_5090/best.pt
Saved PyTorch checkpoint to results/checkpoints/none_5090/best.pt
Saved PyTorch checkpoint to results/checkpoints/none_5090/best.pt
Saved PyTorch checkpoint to results/checkpoints/none_5090/best.pt
Saved PyTorch checkpoint to results/checkpoints/none_5090/best.pt
Saved PyTorch checkpoint to results/checkpoints/none_5090/best.pt
Saved PyTorch checkpoint to results/checkpoints/none_5090/best.pt
Saved PyTorch checkpoint to results/checkpoints/none_5090/best.pt
Saved PyTorch checkpoint to results/checkpoints/none_5090/best.pt
Saved PyTorch checkpoint to results/checkpoints/none_5090/best.pt
Saved PyTorch checkpoint to results/checkpoints/none_5090/best.pt
Saved PyTorch checkpoint to results/checkpoints/none_5090/best.pt
Saved PyTorch checkpoint to results/checkpoints/none_5090/best.pt
Saved PyTorch checkpoint to results/checkpoints/none_5090/best.pt
Saved PyTorch checkpoint to results/checkpoints/none_5090/best.pt
Saved PyTorch checkpoint to results/checkpoints/none_5090/best.pt
Saved PyTorch checkpoint to results/checkpoints/none_5090/best.pt
Saved PyTorch checkpoint to results/checkpoints/none_5090/best.pt
Saved PyTorch checkpoint to results/checkpoints/none_5090/best.pt
Saved PyTorch checkpoint to results/checkpoints/none_5090/best.pt
Saved PyTorch checkpoint to results/checkpoints/none_5090/best.pt
Saved PyTorch checkpoint to results/checkpoints/none_5090/best.pt
Saved PyTorch checkpoint to results/checkpoints/none_5090/best.pt
Saved PyTorch checkpoint to results/checkpoints/none_5090/best.pt
Saved PyTorch checkpoint to results/checkpoints/none_5090/best.pt
Saved PyTorch checkpoint to results/checkpoints/none_5090/best.pt
Saved PyTorch checkpoint to results/checkpoints/none_5090/best.pt
Saved PyTorch checkpoint to results/checkpoints/none_5090/best.pt
Saved PyTorch checkpoint to results/checkpoints/none_5090/best.pt
Saved PyTorch checkpoint to results/checkpoints/none_5090/best.pt
Saved PyTorch checkpoint to results/checkpoints/none_5090/best.pt
Saved PyTorch checkpoint to results/checkpoints/none_5090/best.pt
Saved PyTorch checkpoint to results/checkpoints/none_5090/best.pt
Saved PyTorch checkpoint to results/checkpoints/none_5090/best.pt
Saved PyTorch checkpoint to results/checkpoints/none_5090/best.pt
Saved PyTorch checkpoint to results/checkpoints/none_5090/best.pt
Adam 2200 | total=1.307e-01 f=2.687e-02 ic=1.896e-03 wall=1.548e-02 inlet=4.887e-03 outlet=2.673e-05 lr=5.000e-04 | λ[f=1.00 ic=1.00 wall=5.00 inlet=5.00 outlet=1.00]
Saved PyTorch checkpoint to results/checkpoints/none_5090/best.pt
Saved PyTorch checkpoint to results/checkpoints/none_5090/best.pt
Saved PyTorch checkpoint to results/checkpoints/none_5090/best.pt
Saved PyTorch checkpoint to results/checkpoints/none_5090/best.pt
Saved PyTorch checkpoint to results/checkpoints/none_5090/best.pt
Saved PyTorch checkpoint to results/checkpoints/none_5090/best.pt
Saved PyTorch checkpoint to results/checkpoints/none_5090/best.pt
Saved PyTorch checkpoint to results/checkpoints/none_5090/best.pt
Saved PyTorch checkpoint to results/checkpoints/none_5090/best.pt
Saved PyTorch checkpoint to results/checkpoints/none_5090/best.pt
Saved PyTorch checkpoint to results/checkpoints/none_5090/best.pt
Saved PyTorch checkpoint to results/checkpoints/none_5090/best.pt
Saved PyTorch checkpoint to results/checkpoints/none_5090/best.pt
Saved PyTorch checkpoint to results/checkpoints/none_5090/best.pt
Saved PyTorch checkpoint to results/checkpoints/none_5090/best.pt
Saved PyTorch checkpoint to results/checkpoints/none_5090/best.pt
Saved PyTorch checkpoint to results/checkpoints/none_5090/best.pt
Saved PyTorch checkpoint to results/checkpoints/none_5090/best.pt
Adam 2300 | total=1.083e-01 f=2.264e-02 ic=9.891e-04 wall=1.065e-02 inlet=6.274e-03 outlet=2.257e-05 lr=5.000e-04 | λ[f=1.00 ic=1.00 wall=5.00 inlet=5.00 outlet=1.00]
Saved PyTorch checkpoint to results/checkpoints/none_5090/best.pt
Saved PyTorch checkpoint to results/checkpoints/none_5090/best.pt
Saved PyTorch checkpoint to results/checkpoints/none_5090/best.pt
Saved PyTorch checkpoint to results/checkpoints/none_5090/best.pt
Saved PyTorch checkpoint to results/checkpoints/none_5090/best.pt
Saved PyTorch checkpoint to results/checkpoints/none_5090/best.pt
Saved PyTorch checkpoint to results/checkpoints/none_5090/best.pt
Saved PyTorch checkpoint to results/checkpoints/none_5090/best.pt
Saved PyTorch checkpoint to results/checkpoints/none_5090/best.pt
Saved PyTorch checkpoint to results/checkpoints/none_5090/best.pt
Saved PyTorch checkpoint to results/checkpoints/none_5090/best.pt
Saved PyTorch checkpoint to results/checkpoints/none_5090/best.pt
Saved PyTorch checkpoint to results/checkpoints/none_5090/best.pt
Saved PyTorch checkpoint to results/checkpoints/none_5090/best.pt
Saved PyTorch checkpoint to results/checkpoints/none_5090/best.pt
Saved PyTorch checkpoint to results/checkpoints/none_5090/best.pt
Saved PyTorch checkpoint to results/checkpoints/none_5090/best.pt
Saved PyTorch checkpoint to results/checkpoints/none_5090/best.pt
Saved PyTorch checkpoint to results/checkpoints/none_5090/best.pt
Saved PyTorch checkpoint to results/checkpoints/none_5090/best.pt
Saved PyTorch checkpoint to results/checkpoints/none_5090/best.pt
Saved PyTorch checkpoint to results/checkpoints/none_5090/best.pt
Saved PyTorch checkpoint to results/checkpoints/none_5090/best.pt
Saved PyTorch checkpoint to results/checkpoints/none_5090/best.pt
Saved PyTorch checkpoint to results/checkpoints/none_5090/best.pt
Saved PyTorch checkpoint to results/checkpoints/none_5090/best.pt
Saved PyTorch checkpoint to results/checkpoints/none_5090/best.pt
Saved PyTorch checkpoint to results/checkpoints/none_5090/best.pt
Saved PyTorch checkpoint to results/checkpoints/none_5090/best.pt
Saved PyTorch checkpoint to results/checkpoints/none_5090/best.pt
Saved PyTorch checkpoint to results/checkpoints/none_5090/best.pt
Saved PyTorch checkpoint to results/checkpoints/none_5090/best.pt
Saved PyTorch checkpoint to results/checkpoints/none_5090/best.pt
Saved PyTorch checkpoint to results/checkpoints/none_5090/best.pt
Saved PyTorch checkpoint to results/checkpoints/none_5090/best.pt
Saved PyTorch checkpoint to results/checkpoints/none_5090/best.pt
Saved PyTorch checkpoint to results/checkpoints/none_5090/best.pt
Saved PyTorch checkpoint to results/checkpoints/none_5090/best.pt
Saved PyTorch checkpoint to results/checkpoints/none_5090/best.pt
Saved PyTorch checkpoint to results/checkpoints/none_5090/best.pt
Saved PyTorch checkpoint to results/checkpoints/none_5090/best.pt
Saved PyTorch checkpoint to results/checkpoints/none_5090/best.pt
Saved PyTorch checkpoint to results/checkpoints/none_5090/best.pt
Saved PyTorch checkpoint to results/checkpoints/none_5090/best.pt
Saved PyTorch checkpoint to results/checkpoints/none_5090/best.pt
Saved PyTorch checkpoint to results/checkpoints/none_5090/best.pt
Saved PyTorch checkpoint to results/checkpoints/none_5090/best.pt
Saved PyTorch checkpoint to results/checkpoints/none_5090/best.pt
Saved PyTorch checkpoint to results/checkpoints/none_5090/best.pt
Saved PyTorch checkpoint to results/checkpoints/none_5090/best.pt
Saved PyTorch checkpoint to results/checkpoints/none_5090/best.pt
Saved PyTorch checkpoint to results/checkpoints/none_5090/best.pt
Saved PyTorch checkpoint to results/checkpoints/none_5090/best.pt
Saved PyTorch checkpoint to results/checkpoints/none_5090/best.pt
Saved PyTorch checkpoint to results/checkpoints/none_5090/best.pt
Saved PyTorch checkpoint to results/checkpoints/none_5090/best.pt
Saved PyTorch checkpoint to results/checkpoints/none_5090/best.pt
Saved PyTorch checkpoint to results/checkpoints/none_5090/best.pt
Saved PyTorch checkpoint to results/checkpoints/none_5090/best.pt
Saved PyTorch checkpoint to results/checkpoints/none_5090/best.pt
Saved PyTorch checkpoint to results/checkpoints/none_5090/best.pt
Saved PyTorch checkpoint to results/checkpoints/none_5090/best.pt
Saved PyTorch checkpoint to results/checkpoints/none_5090/best.pt
Saved PyTorch checkpoint to results/checkpoints/none_5090/best.pt
Saved PyTorch checkpoint to results/checkpoints/none_5090/best.pt
Saved PyTorch checkpoint to results/checkpoints/none_5090/best.pt
Saved PyTorch checkpoint to results/checkpoints/none_5090/best.pt
Saved PyTorch checkpoint to results/checkpoints/none_5090/best.pt
Saved PyTorch checkpoint to results/checkpoints/none_5090/best.pt
Saved PyTorch checkpoint to results/checkpoints/none_5090/best.pt
Adam 2400 | total=1.627e-01 f=3.448e-02 ic=2.640e-03 wall=1.978e-02 inlet=5.323e-03 outlet=2.955e-05 lr=5.000e-04 | λ[f=1.00 ic=1.00 wall=5.00 inlet=5.00 outlet=1.00]
Saved PyTorch checkpoint to results/checkpoints/none_5090/best.pt
Saved PyTorch checkpoint to results/checkpoints/none_5090/best.pt
Saved PyTorch checkpoint to results/checkpoints/none_5090/best.pt
Saved PyTorch checkpoint to results/checkpoints/none_5090/best.pt
Saved PyTorch checkpoint to results/checkpoints/none_5090/best.pt
Saved PyTorch checkpoint to results/checkpoints/none_5090/best.pt
Saved PyTorch checkpoint to results/checkpoints/none_5090/best.pt
Saved PyTorch checkpoint to results/checkpoints/none_5090/best.pt
Saved PyTorch checkpoint to results/checkpoints/none_5090/best.pt
Saved PyTorch checkpoint to results/checkpoints/none_5090/best.pt
Saved PyTorch checkpoint to results/checkpoints/none_5090/best.pt
Saved PyTorch checkpoint to results/checkpoints/none_5090/best.pt
Saved PyTorch checkpoint to results/checkpoints/none_5090/best.pt
Saved PyTorch checkpoint to results/checkpoints/none_5090/best.pt
Saved PyTorch checkpoint to results/checkpoints/none_5090/best.pt
Saved PyTorch checkpoint to results/checkpoints/none_5090/best.pt
Saved PyTorch checkpoint to results/checkpoints/none_5090/best.pt
Saved PyTorch checkpoint to results/checkpoints/none_5090/best.pt
Saved PyTorch checkpoint to results/checkpoints/none_5090/best.pt
Saved PyTorch checkpoint to results/checkpoints/none_5090/best.pt
Saved PyTorch checkpoint to results/checkpoints/none_5090/best.pt
Saved PyTorch checkpoint to results/checkpoints/none_5090/best.pt
Saved PyTorch checkpoint to results/checkpoints/none_5090/best.pt
Saved PyTorch checkpoint to results/checkpoints/none_5090/best.pt
Saved PyTorch checkpoint to results/checkpoints/none_5090/best.pt
Saved PyTorch checkpoint to results/checkpoints/none_5090/best.pt
Saved PyTorch checkpoint to results/checkpoints/none_5090/best.pt
Saved PyTorch checkpoint to results/checkpoints/none_5090/best.pt
Saved PyTorch checkpoint to results/checkpoints/none_5090/best.pt
Saved PyTorch checkpoint to results/checkpoints/none_5090/best.pt
Saved PyTorch checkpoint to results/checkpoints/none_5090/best.pt
Saved PyTorch checkpoint to results/checkpoints/none_5090/best.pt
Saved PyTorch checkpoint to results/checkpoints/none_5090/best.pt
Saved PyTorch checkpoint to results/checkpoints/none_5090/best.pt
Saved PyTorch checkpoint to results/checkpoints/none_5090/best.pt
Saved PyTorch checkpoint to results/checkpoints/none_5090/best.pt
Saved PyTorch checkpoint to results/checkpoints/none_5090/best.pt
Saved PyTorch checkpoint to results/checkpoints/none_5090/best.pt
Saved PyTorch checkpoint to results/checkpoints/none_5090/best.pt
Adam 2500 | total=1.655e-01 f=4.074e-02 ic=1.693e-03 wall=1.434e-02 inlet=1.026e-02 outlet=3.041e-05 lr=5.000e-04 | λ[f=1.00 ic=1.00 wall=5.00 inlet=5.00 outlet=1.00]
Saved PyTorch checkpoint to results/checkpoints/none_5090/best.pt
Saved PyTorch checkpoint to results/checkpoints/none_5090/best.pt
Saved PyTorch checkpoint to results/checkpoints/none_5090/best.pt
Saved PyTorch checkpoint to results/checkpoints/none_5090/best.pt
Saved PyTorch checkpoint to results/checkpoints/none_5090/best.pt
Saved PyTorch checkpoint to results/checkpoints/none_5090/best.pt
Saved PyTorch checkpoint to results/checkpoints/none_5090/best.pt
Saved PyTorch checkpoint to results/checkpoints/none_5090/best.pt
Saved PyTorch checkpoint to results/checkpoints/none_5090/best.pt
Saved PyTorch checkpoint to results/checkpoints/none_5090/best.pt
Saved PyTorch checkpoint to results/checkpoints/none_5090/best.pt
Saved PyTorch checkpoint to results/checkpoints/none_5090/best.pt
Saved PyTorch checkpoint to results/checkpoints/none_5090/best.pt
Saved PyTorch checkpoint to results/checkpoints/none_5090/best.pt
Saved PyTorch checkpoint to results/checkpoints/none_5090/best.pt
Saved PyTorch checkpoint to results/checkpoints/none_5090/best.pt
Saved PyTorch checkpoint to results/checkpoints/none_5090/best.pt
Saved PyTorch checkpoint to results/checkpoints/none_5090/best.pt
Saved PyTorch checkpoint to results/checkpoints/none_5090/best.pt
Saved PyTorch checkpoint to results/checkpoints/none_5090/best.pt
Saved PyTorch checkpoint to results/checkpoints/none_5090/best.pt
Saved PyTorch checkpoint to results/checkpoints/none_5090/best.pt
Saved PyTorch checkpoint to results/checkpoints/none_5090/best.pt
Saved PyTorch checkpoint to results/checkpoints/none_5090/best.pt
Saved PyTorch checkpoint to results/checkpoints/none_5090/best.pt
Saved PyTorch checkpoint to results/checkpoints/none_5090/best.pt
Saved PyTorch checkpoint to results/checkpoints/none_5090/best.pt
Saved PyTorch checkpoint to results/checkpoints/none_5090/best.pt
Saved PyTorch checkpoint to results/checkpoints/none_5090/best.pt
Saved PyTorch checkpoint to results/checkpoints/none_5090/best.pt
Saved PyTorch checkpoint to results/checkpoints/none_5090/best.pt
Saved PyTorch checkpoint to results/checkpoints/none_5090/best.pt
Saved PyTorch checkpoint to results/checkpoints/none_5090/best.pt
Saved PyTorch checkpoint to results/checkpoints/none_5090/best.pt
Saved PyTorch checkpoint to results/checkpoints/none_5090/best.pt
Saved PyTorch checkpoint to results/checkpoints/none_5090/best.pt
Saved PyTorch checkpoint to results/checkpoints/none_5090/best.pt
Saved PyTorch checkpoint to results/checkpoints/none_5090/best.pt
Saved PyTorch checkpoint to results/checkpoints/none_5090/best.pt
Saved PyTorch checkpoint to results/checkpoints/none_5090/best.pt
Saved PyTorch checkpoint to results/checkpoints/none_5090/best.pt
Saved PyTorch checkpoint to results/checkpoints/none_5090/best.pt
Saved PyTorch checkpoint to results/checkpoints/none_5090/best.pt
Saved PyTorch checkpoint to results/checkpoints/none_5090/best.pt
Saved PyTorch checkpoint to results/checkpoints/none_5090/best.pt
Saved PyTorch checkpoint to results/checkpoints/none_5090/best.pt
Saved PyTorch checkpoint to results/checkpoints/none_5090/best.pt
Saved PyTorch checkpoint to results/checkpoints/none_5090/best.pt
Saved PyTorch checkpoint to results/checkpoints/none_5090/best.pt
Saved PyTorch checkpoint to results/checkpoints/none_5090/best.pt
Saved PyTorch checkpoint to results/checkpoints/none_5090/best.pt
Saved PyTorch checkpoint to results/checkpoints/none_5090/best.pt
Saved PyTorch checkpoint to results/checkpoints/none_5090/best.pt
Adam 2600 | total=9.632e-02 f=1.966e-02 ic=8.871e-04 wall=1.025e-02 inlet=4.898e-03 outlet=2.102e-05 lr=5.000e-04 | λ[f=1.00 ic=1.00 wall=5.00 inlet=5.00 outlet=1.00]
Saved PyTorch checkpoint to results/checkpoints/none_5090/best.pt
Saved PyTorch checkpoint to results/checkpoints/none_5090/best.pt
Saved PyTorch checkpoint to results/checkpoints/none_5090/best.pt
Saved PyTorch checkpoint to results/checkpoints/none_5090/best.pt
Saved PyTorch checkpoint to results/checkpoints/none_5090/best.pt
Saved PyTorch checkpoint to results/checkpoints/none_5090/best.pt
Saved PyTorch checkpoint to results/checkpoints/none_5090/best.pt
Saved PyTorch checkpoint to results/checkpoints/none_5090/best.pt
Saved PyTorch checkpoint to results/checkpoints/none_5090/best.pt
Saved PyTorch checkpoint to results/checkpoints/none_5090/best.pt
Saved PyTorch checkpoint to results/checkpoints/none_5090/best.pt
Saved PyTorch checkpoint to results/checkpoints/none_5090/best.pt
Saved PyTorch checkpoint to results/checkpoints/none_5090/best.pt
Saved PyTorch checkpoint to results/checkpoints/none_5090/best.pt
Saved PyTorch checkpoint to results/checkpoints/none_5090/best.pt
Saved PyTorch checkpoint to results/checkpoints/none_5090/best.pt
Saved PyTorch checkpoint to results/checkpoints/none_5090/best.pt
Saved PyTorch checkpoint to results/checkpoints/none_5090/best.pt
Saved PyTorch checkpoint to results/checkpoints/none_5090/best.pt
Saved PyTorch checkpoint to results/checkpoints/none_5090/best.pt
Saved PyTorch checkpoint to results/checkpoints/none_5090/best.pt
Saved PyTorch checkpoint to results/checkpoints/none_5090/best.pt
Saved PyTorch checkpoint to results/checkpoints/none_5090/best.pt
Saved PyTorch checkpoint to results/checkpoints/none_5090/best.pt
Saved PyTorch checkpoint to results/checkpoints/none_5090/best.pt
Saved PyTorch checkpoint to results/checkpoints/none_5090/best.pt
Saved PyTorch checkpoint to results/checkpoints/none_5090/best.pt
Saved PyTorch checkpoint to results/checkpoints/none_5090/best.pt
Saved PyTorch checkpoint to results/checkpoints/none_5090/best.pt
Saved PyTorch checkpoint to results/checkpoints/none_5090/best.pt
Saved PyTorch checkpoint to results/checkpoints/none_5090/best.pt
Saved PyTorch checkpoint to results/checkpoints/none_5090/best.pt
Saved PyTorch checkpoint to results/checkpoints/none_5090/best.pt
Saved PyTorch checkpoint to results/checkpoints/none_5090/best.pt
Saved PyTorch checkpoint to results/checkpoints/none_5090/best.pt
Saved PyTorch checkpoint to results/checkpoints/none_5090/best.pt
Saved PyTorch checkpoint to results/checkpoints/none_5090/best.pt
Saved PyTorch checkpoint to results/checkpoints/none_5090/best.pt
Saved PyTorch checkpoint to results/checkpoints/none_5090/best.pt
Saved PyTorch checkpoint to results/checkpoints/none_5090/best.pt
Saved PyTorch checkpoint to results/checkpoints/none_5090/best.pt
Saved PyTorch checkpoint to results/checkpoints/none_5090/best.pt
Saved PyTorch checkpoint to results/checkpoints/none_5090/best.pt
Saved PyTorch checkpoint to results/checkpoints/none_5090/best.pt
Saved PyTorch checkpoint to results/checkpoints/none_5090/best.pt
Saved PyTorch checkpoint to results/checkpoints/none_5090/best.pt
Saved PyTorch checkpoint to results/checkpoints/none_5090/best.pt
Saved PyTorch checkpoint to results/checkpoints/none_5090/best.pt
Saved PyTorch checkpoint to results/checkpoints/none_5090/best.pt
Saved PyTorch checkpoint to results/checkpoints/none_5090/best.pt
Saved PyTorch checkpoint to results/checkpoints/none_5090/best.pt
Saved PyTorch checkpoint to results/checkpoints/none_5090/best.pt
Saved PyTorch checkpoint to results/checkpoints/none_5090/best.pt
Saved PyTorch checkpoint to results/checkpoints/none_5090/best.pt
Saved PyTorch checkpoint to results/checkpoints/none_5090/best.pt
Saved PyTorch checkpoint to results/checkpoints/none_5090/best.pt
Saved PyTorch checkpoint to results/checkpoints/none_5090/best.pt
Adam 2700 | total=9.775e-02 f=1.832e-02 ic=8.816e-04 wall=9.159e-03 inlet=6.546e-03 outlet=2.199e-05 lr=5.000e-04 | λ[f=1.00 ic=1.00 wall=5.00 inlet=5.00 outlet=1.00]
Saved PyTorch checkpoint to results/checkpoints/none_5090/best.pt
Saved PyTorch checkpoint to results/checkpoints/none_5090/best.pt
Saved PyTorch checkpoint to results/checkpoints/none_5090/best.pt
Saved PyTorch checkpoint to results/checkpoints/none_5090/best.pt
Saved PyTorch checkpoint to results/checkpoints/none_5090/best.pt
Saved PyTorch checkpoint to results/checkpoints/none_5090/best.pt
Saved PyTorch checkpoint to results/checkpoints/none_5090/best.pt
Saved PyTorch checkpoint to results/checkpoints/none_5090/best.pt
Saved PyTorch checkpoint to results/checkpoints/none_5090/best.pt
Saved PyTorch checkpoint to results/checkpoints/none_5090/best.pt
Saved PyTorch checkpoint to results/checkpoints/none_5090/best.pt
Saved PyTorch checkpoint to results/checkpoints/none_5090/best.pt
Saved PyTorch checkpoint to results/checkpoints/none_5090/best.pt
Saved PyTorch checkpoint to results/checkpoints/none_5090/best.pt
Saved PyTorch checkpoint to results/checkpoints/none_5090/best.pt
Saved PyTorch checkpoint to results/checkpoints/none_5090/best.pt
Saved PyTorch checkpoint to results/checkpoints/none_5090/best.pt
Saved PyTorch checkpoint to results/checkpoints/none_5090/best.pt
Saved PyTorch checkpoint to results/checkpoints/none_5090/best.pt
Saved PyTorch checkpoint to results/checkpoints/none_5090/best.pt
Saved PyTorch checkpoint to results/checkpoints/none_5090/best.pt
Saved PyTorch checkpoint to results/checkpoints/none_5090/best.pt
Adam 2800 | total=9.142e-02 f=1.828e-02 ic=7.953e-04 wall=9.902e-03 inlet=4.563e-03 outlet=2.141e-05 lr=5.000e-04 | λ[f=1.00 ic=1.00 wall=5.00 inlet=5.00 outlet=1.00]
Saved PyTorch checkpoint to results/checkpoints/none_5090/best.pt
Saved PyTorch checkpoint to results/checkpoints/none_5090/best.pt
Saved PyTorch checkpoint to results/checkpoints/none_5090/best.pt
Saved PyTorch checkpoint to results/checkpoints/none_5090/best.pt
Saved PyTorch checkpoint to results/checkpoints/none_5090/best.pt
Saved PyTorch checkpoint to results/checkpoints/none_5090/best.pt
Saved PyTorch checkpoint to results/checkpoints/none_5090/best.pt
Saved PyTorch checkpoint to results/checkpoints/none_5090/best.pt
Saved PyTorch checkpoint to results/checkpoints/none_5090/best.pt
Saved PyTorch checkpoint to results/checkpoints/none_5090/best.pt
Saved PyTorch checkpoint to results/checkpoints/none_5090/best.pt
Saved PyTorch checkpoint to results/checkpoints/none_5090/best.pt
Saved PyTorch checkpoint to results/checkpoints/none_5090/best.pt
Saved PyTorch checkpoint to results/checkpoints/none_5090/best.pt
Saved PyTorch checkpoint to results/checkpoints/none_5090/best.pt
Saved PyTorch checkpoint to results/checkpoints/none_5090/best.pt
Saved PyTorch checkpoint to results/checkpoints/none_5090/best.pt
Saved PyTorch checkpoint to results/checkpoints/none_5090/best.pt
Saved PyTorch checkpoint to results/checkpoints/none_5090/best.pt
Saved PyTorch checkpoint to results/checkpoints/none_5090/best.pt
Saved PyTorch checkpoint to results/checkpoints/none_5090/best.pt
Saved PyTorch checkpoint to results/checkpoints/none_5090/best.pt
Saved PyTorch checkpoint to results/checkpoints/none_5090/best.pt
Saved PyTorch checkpoint to results/checkpoints/none_5090/best.pt
Saved PyTorch checkpoint to results/checkpoints/none_5090/best.pt
Saved PyTorch checkpoint to results/checkpoints/none_5090/best.pt
Saved PyTorch checkpoint to results/checkpoints/none_5090/best.pt
Saved PyTorch checkpoint to results/checkpoints/none_5090/best.pt
Saved PyTorch checkpoint to results/checkpoints/none_5090/best.pt
Saved PyTorch checkpoint to results/checkpoints/none_5090/best.pt
Saved PyTorch checkpoint to results/checkpoints/none_5090/best.pt
Saved PyTorch checkpoint to results/checkpoints/none_5090/best.pt
Saved PyTorch checkpoint to results/checkpoints/none_5090/best.pt
Saved PyTorch checkpoint to results/checkpoints/none_5090/best.pt
Saved PyTorch checkpoint to results/checkpoints/none_5090/best.pt
Saved PyTorch checkpoint to results/checkpoints/none_5090/best.pt
Saved PyTorch checkpoint to results/checkpoints/none_5090/best.pt
Saved PyTorch checkpoint to results/checkpoints/none_5090/best.pt
Saved PyTorch checkpoint to results/checkpoints/none_5090/best.pt
Saved PyTorch checkpoint to results/checkpoints/none_5090/best.pt
Saved PyTorch checkpoint to results/checkpoints/none_5090/best.pt
Saved PyTorch checkpoint to results/checkpoints/none_5090/best.pt
Saved PyTorch checkpoint to results/checkpoints/none_5090/best.pt
Saved PyTorch checkpoint to results/checkpoints/none_5090/best.pt
Saved PyTorch checkpoint to results/checkpoints/none_5090/best.pt
Saved PyTorch checkpoint to results/checkpoints/none_5090/best.pt
Saved PyTorch checkpoint to results/checkpoints/none_5090/best.pt
Saved PyTorch checkpoint to results/checkpoints/none_5090/best.pt
Saved PyTorch checkpoint to results/checkpoints/none_5090/best.pt
Saved PyTorch checkpoint to results/checkpoints/none_5090/best.pt
Saved PyTorch checkpoint to results/checkpoints/none_5090/best.pt
Saved PyTorch checkpoint to results/checkpoints/none_5090/best.pt
Saved PyTorch checkpoint to results/checkpoints/none_5090/best.pt
Saved PyTorch checkpoint to results/checkpoints/none_5090/best.pt
Saved PyTorch checkpoint to results/checkpoints/none_5090/best.pt
Saved PyTorch checkpoint to results/checkpoints/none_5090/best.pt
Saved PyTorch checkpoint to results/checkpoints/none_5090/best.pt
Saved PyTorch checkpoint to results/checkpoints/none_5090/best.pt
Saved PyTorch checkpoint to results/checkpoints/none_5090/best.pt
Saved PyTorch checkpoint to results/checkpoints/none_5090/best.pt
Saved PyTorch checkpoint to results/checkpoints/none_5090/best.pt
Saved PyTorch checkpoint to results/checkpoints/none_5090/best.pt
Saved PyTorch checkpoint to results/checkpoints/none_5090/best.pt
Saved PyTorch checkpoint to results/checkpoints/none_5090/best.pt
Saved PyTorch checkpoint to results/checkpoints/none_5090/best.pt
Saved PyTorch checkpoint to results/checkpoints/none_5090/best.pt
Saved PyTorch checkpoint to results/checkpoints/none_5090/best.pt
Saved PyTorch checkpoint to results/checkpoints/none_5090/best.pt
Saved PyTorch checkpoint to results/checkpoints/none_5090/best.pt
Saved PyTorch checkpoint to results/checkpoints/none_5090/best.pt
Saved PyTorch checkpoint to results/checkpoints/none_5090/best.pt
Saved PyTorch checkpoint to results/checkpoints/none_5090/best.pt
Saved PyTorch checkpoint to results/checkpoints/none_5090/best.pt
Saved PyTorch checkpoint to results/checkpoints/none_5090/best.pt
Saved PyTorch checkpoint to results/checkpoints/none_5090/best.pt
Saved PyTorch checkpoint to results/checkpoints/none_5090/best.pt
Saved PyTorch checkpoint to results/checkpoints/none_5090/best.pt
Saved PyTorch checkpoint to results/checkpoints/none_5090/best.pt
Saved PyTorch checkpoint to results/checkpoints/none_5090/best.pt
Saved PyTorch checkpoint to results/checkpoints/none_5090/best.pt
Saved PyTorch checkpoint to results/checkpoints/none_5090/best.pt
Saved PyTorch checkpoint to results/checkpoints/none_5090/best.pt
Saved PyTorch checkpoint to results/checkpoints/none_5090/best.pt
Saved PyTorch checkpoint to results/checkpoints/none_5090/best.pt
Saved PyTorch checkpoint to results/checkpoints/none_5090/best.pt
Adam 2900 | total=8.760e-02 f=1.757e-02 ic=7.959e-04 wall=9.796e-03 inlet=4.047e-03 outlet=2.340e-05 lr=5.000e-04 | λ[f=1.00 ic=1.00 wall=5.00 inlet=5.00 outlet=1.00]
Saved PyTorch checkpoint to results/checkpoints/none_5090/best.pt
Saved PyTorch checkpoint to results/checkpoints/none_5090/best.pt
Saved PyTorch checkpoint to results/checkpoints/none_5090/best.pt
Saved PyTorch checkpoint to results/checkpoints/none_5090/best.pt
Saved PyTorch checkpoint to results/checkpoints/none_5090/best.pt
Saved PyTorch checkpoint to results/checkpoints/none_5090/best.pt
Saved PyTorch checkpoint to results/checkpoints/none_5090/best.pt
Saved PyTorch checkpoint to results/checkpoints/none_5090/best.pt
Saved PyTorch checkpoint to results/checkpoints/none_5090/best.pt
Saved PyTorch checkpoint to results/checkpoints/none_5090/best.pt
Saved PyTorch checkpoint to results/checkpoints/none_5090/best.pt
Saved PyTorch checkpoint to results/checkpoints/none_5090/best.pt
Saved PyTorch checkpoint to results/checkpoints/none_5090/best.pt
Saved PyTorch checkpoint to results/checkpoints/none_5090/best.pt
Saved PyTorch checkpoint to results/checkpoints/none_5090/best.pt
Saved PyTorch checkpoint to results/checkpoints/none_5090/best.pt
Saved PyTorch checkpoint to results/checkpoints/none_5090/best.pt
Saved PyTorch checkpoint to results/checkpoints/none_5090/best.pt
Saved PyTorch checkpoint to results/checkpoints/none_5090/best.pt
Saved PyTorch checkpoint to results/checkpoints/none_5090/best.pt
Saved PyTorch checkpoint to results/checkpoints/none_5090/best.pt
Saved PyTorch checkpoint to results/checkpoints/none_5090/best.pt
Saved PyTorch checkpoint to results/checkpoints/none_5090/best.pt
Saved PyTorch checkpoint to results/checkpoints/none_5090/best.pt
Saved PyTorch checkpoint to results/checkpoints/none_5090/best.pt
Saved PyTorch checkpoint to results/checkpoints/none_5090/best.pt
Saved PyTorch checkpoint to results/checkpoints/none_5090/best.pt
Saved PyTorch checkpoint to results/checkpoints/none_5090/best.pt
Saved PyTorch checkpoint to results/checkpoints/none_5090/best.pt
Saved PyTorch checkpoint to results/checkpoints/none_5090/best.pt
Adam 3000 | total=8.546e-02 f=1.700e-02 ic=7.725e-04 wall=9.685e-03 inlet=3.847e-03 outlet=2.356e-05 lr=5.000e-04 | λ[f=1.00 ic=1.00 wall=5.00 inlet=5.00 outlet=1.00]
Saved PyTorch checkpoint to results/checkpoints/none_5090/best.pt
Saved PyTorch checkpoint to results/checkpoints/none_5090/best.pt
Saved PyTorch checkpoint to results/checkpoints/none_5090/best.pt
Saved PyTorch checkpoint to results/checkpoints/none_5090/best.pt
Saved PyTorch checkpoint to results/checkpoints/none_5090/best.pt
Saved PyTorch checkpoint to results/checkpoints/none_5090/best.pt
Saved PyTorch checkpoint to results/checkpoints/none_5090/best.pt
Saved PyTorch checkpoint to results/checkpoints/none_5090/best.pt
Saved PyTorch checkpoint to results/checkpoints/none_5090/best.pt
Saved PyTorch checkpoint to results/checkpoints/none_5090/best.pt
Saved PyTorch checkpoint to results/checkpoints/none_5090/best.pt
Saved PyTorch checkpoint to results/checkpoints/none_5090/best.pt
Saved PyTorch checkpoint to results/checkpoints/none_5090/best.pt
Saved PyTorch checkpoint to results/checkpoints/none_5090/best.pt
Saved PyTorch checkpoint to results/checkpoints/none_5090/best.pt
Saved PyTorch checkpoint to results/checkpoints/none_5090/best.pt
Saved PyTorch checkpoint to results/checkpoints/none_5090/best.pt
Saved PyTorch checkpoint to results/checkpoints/none_5090/best.pt
Saved PyTorch checkpoint to results/checkpoints/none_5090/best.pt
Saved PyTorch checkpoint to results/checkpoints/none_5090/best.pt
Saved PyTorch checkpoint to results/checkpoints/none_5090/best.pt
Saved PyTorch checkpoint to results/checkpoints/none_5090/best.pt
Saved PyTorch checkpoint to results/checkpoints/none_5090/best.pt
Saved PyTorch checkpoint to results/checkpoints/none_5090/best.pt
Saved PyTorch checkpoint to results/checkpoints/none_5090/best.pt
Saved PyTorch checkpoint to results/checkpoints/none_5090/best.pt
Saved PyTorch checkpoint to results/checkpoints/none_5090/best.pt
Saved PyTorch checkpoint to results/checkpoints/none_5090/best.pt
Saved PyTorch checkpoint to results/checkpoints/none_5090/best.pt
Saved PyTorch checkpoint to results/checkpoints/none_5090/best.pt
Saved PyTorch checkpoint to results/checkpoints/none_5090/best.pt
Saved PyTorch checkpoint to results/checkpoints/none_5090/best.pt
Saved PyTorch checkpoint to results/checkpoints/none_5090/best.pt
Saved PyTorch checkpoint to results/checkpoints/none_5090/best.pt
Saved PyTorch checkpoint to results/checkpoints/none_5090/best.pt
Saved PyTorch checkpoint to results/checkpoints/none_5090/best.pt
Saved PyTorch checkpoint to results/checkpoints/none_5090/best.pt
Saved PyTorch checkpoint to results/checkpoints/none_5090/best.pt
Saved PyTorch checkpoint to results/checkpoints/none_5090/best.pt
Saved PyTorch checkpoint to results/checkpoints/none_5090/best.pt
Saved PyTorch checkpoint to results/checkpoints/none_5090/best.pt
Saved PyTorch checkpoint to results/checkpoints/none_5090/best.pt
Saved PyTorch checkpoint to results/checkpoints/none_5090/best.pt
Saved PyTorch checkpoint to results/checkpoints/none_5090/best.pt
Saved PyTorch checkpoint to results/checkpoints/none_5090/best.pt
Saved PyTorch checkpoint to results/checkpoints/none_5090/best.pt
Saved PyTorch checkpoint to results/checkpoints/none_5090/best.pt
Saved PyTorch checkpoint to results/checkpoints/none_5090/best.pt
Saved PyTorch checkpoint to results/checkpoints/none_5090/best.pt
Saved PyTorch checkpoint to results/checkpoints/none_5090/best.pt
Adam 3100 | total=8.381e-02 f=1.624e-02 ic=7.580e-04 wall=9.409e-03 inlet=3.949e-03 outlet=2.395e-05 lr=5.000e-04 | λ[f=1.00 ic=1.00 wall=5.00 inlet=5.00 outlet=1.00]
Saved PyTorch checkpoint to results/checkpoints/none_5090/best.pt
Saved PyTorch checkpoint to results/checkpoints/none_5090/best.pt
Saved PyTorch checkpoint to results/checkpoints/none_5090/best.pt
Saved PyTorch checkpoint to results/checkpoints/none_5090/best.pt
Saved PyTorch checkpoint to results/checkpoints/none_5090/best.pt
Saved PyTorch checkpoint to results/checkpoints/none_5090/best.pt
Saved PyTorch checkpoint to results/checkpoints/none_5090/best.pt
Saved PyTorch checkpoint to results/checkpoints/none_5090/best.pt
Saved PyTorch checkpoint to results/checkpoints/none_5090/best.pt
Saved PyTorch checkpoint to results/checkpoints/none_5090/best.pt
Saved PyTorch checkpoint to results/checkpoints/none_5090/best.pt
Saved PyTorch checkpoint to results/checkpoints/none_5090/best.pt
Saved PyTorch checkpoint to results/checkpoints/none_5090/best.pt
Saved PyTorch checkpoint to results/checkpoints/none_5090/best.pt
Saved PyTorch checkpoint to results/checkpoints/none_5090/best.pt
Saved PyTorch checkpoint to results/checkpoints/none_5090/best.pt
Saved PyTorch checkpoint to results/checkpoints/none_5090/best.pt
Saved PyTorch checkpoint to results/checkpoints/none_5090/best.pt
Saved PyTorch checkpoint to results/checkpoints/none_5090/best.pt
Saved PyTorch checkpoint to results/checkpoints/none_5090/best.pt
Saved PyTorch checkpoint to results/checkpoints/none_5090/best.pt
Saved PyTorch checkpoint to results/checkpoints/none_5090/best.pt
Saved PyTorch checkpoint to results/checkpoints/none_5090/best.pt
Saved PyTorch checkpoint to results/checkpoints/none_5090/best.pt
Saved PyTorch checkpoint to results/checkpoints/none_5090/best.pt
Saved PyTorch checkpoint to results/checkpoints/none_5090/best.pt
Saved PyTorch checkpoint to results/checkpoints/none_5090/best.pt
Saved PyTorch checkpoint to results/checkpoints/none_5090/best.pt
Saved PyTorch checkpoint to results/checkpoints/none_5090/best.pt
Saved PyTorch checkpoint to results/checkpoints/none_5090/best.pt
Saved PyTorch checkpoint to results/checkpoints/none_5090/best.pt
Saved PyTorch checkpoint to results/checkpoints/none_5090/best.pt
Saved PyTorch checkpoint to results/checkpoints/none_5090/best.pt
Saved PyTorch checkpoint to results/checkpoints/none_5090/best.pt
Saved PyTorch checkpoint to results/checkpoints/none_5090/best.pt
Saved PyTorch checkpoint to results/checkpoints/none_5090/best.pt
Saved PyTorch checkpoint to results/checkpoints/none_5090/best.pt
Saved PyTorch checkpoint to results/checkpoints/none_5090/best.pt
Saved PyTorch checkpoint to results/checkpoints/none_5090/best.pt
Saved PyTorch checkpoint to results/checkpoints/none_5090/best.pt
Saved PyTorch checkpoint to results/checkpoints/none_5090/best.pt
Saved PyTorch checkpoint to results/checkpoints/none_5090/best.pt
Saved PyTorch checkpoint to results/checkpoints/none_5090/best.pt
Saved PyTorch checkpoint to results/checkpoints/none_5090/best.pt
Saved PyTorch checkpoint to results/checkpoints/none_5090/best.pt
Saved PyTorch checkpoint to results/checkpoints/none_5090/best.pt
Saved PyTorch checkpoint to results/checkpoints/none_5090/best.pt
Saved PyTorch checkpoint to results/checkpoints/none_5090/best.pt
Saved PyTorch checkpoint to results/checkpoints/none_5090/best.pt
Saved PyTorch checkpoint to results/checkpoints/none_5090/best.pt
Saved PyTorch checkpoint to results/checkpoints/none_5090/best.pt
Saved PyTorch checkpoint to results/checkpoints/none_5090/best.pt
Saved PyTorch checkpoint to results/checkpoints/none_5090/best.pt
Saved PyTorch checkpoint to results/checkpoints/none_5090/best.pt
Saved PyTorch checkpoint to results/checkpoints/none_5090/best.pt
Saved PyTorch checkpoint to results/checkpoints/none_5090/best.pt
Saved PyTorch checkpoint to results/checkpoints/none_5090/best.pt
Saved PyTorch checkpoint to results/checkpoints/none_5090/best.pt
Saved PyTorch checkpoint to results/checkpoints/none_5090/best.pt
Saved PyTorch checkpoint to results/checkpoints/none_5090/best.pt
Saved PyTorch checkpoint to results/checkpoints/none_5090/best.pt
Saved PyTorch checkpoint to results/checkpoints/none_5090/best.pt
Saved PyTorch checkpoint to results/checkpoints/none_5090/best.pt
Saved PyTorch checkpoint to results/checkpoints/none_5090/best.pt
Saved PyTorch checkpoint to results/checkpoints/none_5090/best.pt
Saved PyTorch checkpoint to results/checkpoints/none_5090/best.pt
Saved PyTorch checkpoint to results/checkpoints/none_5090/best.pt
Saved PyTorch checkpoint to results/checkpoints/none_5090/best.pt
Saved PyTorch checkpoint to results/checkpoints/none_5090/best.pt
Saved PyTorch checkpoint to results/checkpoints/none_5090/best.pt
Saved PyTorch checkpoint to results/checkpoints/none_5090/best.pt
Saved PyTorch checkpoint to results/checkpoints/none_5090/best.pt
Saved PyTorch checkpoint to results/checkpoints/none_5090/best.pt
Saved PyTorch checkpoint to results/checkpoints/none_5090/best.pt
Saved PyTorch checkpoint to results/checkpoints/none_5090/best.pt
Saved PyTorch checkpoint to results/checkpoints/none_5090/best.pt
Adam 3200 | total=8.137e-02 f=1.618e-02 ic=7.459e-04 wall=9.411e-03 inlet=3.473e-03 outlet=2.440e-05 lr=5.000e-04 | λ[f=1.00 ic=1.00 wall=5.00 inlet=5.00 outlet=1.00]
Saved PyTorch checkpoint to results/checkpoints/none_5090/best.pt
Saved PyTorch checkpoint to results/checkpoints/none_5090/best.pt
Saved PyTorch checkpoint to results/checkpoints/none_5090/best.pt
Saved PyTorch checkpoint to results/checkpoints/none_5090/best.pt
Saved PyTorch checkpoint to results/checkpoints/none_5090/best.pt
Saved PyTorch checkpoint to results/checkpoints/none_5090/best.pt
Saved PyTorch checkpoint to results/checkpoints/none_5090/best.pt
Saved PyTorch checkpoint to results/checkpoints/none_5090/best.pt
Saved PyTorch checkpoint to results/checkpoints/none_5090/best.pt
Saved PyTorch checkpoint to results/checkpoints/none_5090/best.pt
Saved PyTorch checkpoint to results/checkpoints/none_5090/best.pt
Saved PyTorch checkpoint to results/checkpoints/none_5090/best.pt
Saved PyTorch checkpoint to results/checkpoints/none_5090/best.pt
Saved PyTorch checkpoint to results/checkpoints/none_5090/best.pt
Saved PyTorch checkpoint to results/checkpoints/none_5090/best.pt
Saved PyTorch checkpoint to results/checkpoints/none_5090/best.pt
Saved PyTorch checkpoint to results/checkpoints/none_5090/best.pt
Saved PyTorch checkpoint to results/checkpoints/none_5090/best.pt
Saved PyTorch checkpoint to results/checkpoints/none_5090/best.pt
Saved PyTorch checkpoint to results/checkpoints/none_5090/best.pt
Saved PyTorch checkpoint to results/checkpoints/none_5090/best.pt
Saved PyTorch checkpoint to results/checkpoints/none_5090/best.pt
Saved PyTorch checkpoint to results/checkpoints/none_5090/best.pt
Saved PyTorch checkpoint to results/checkpoints/none_5090/best.pt
Saved PyTorch checkpoint to results/checkpoints/none_5090/best.pt
Saved PyTorch checkpoint to results/checkpoints/none_5090/best.pt
Saved PyTorch checkpoint to results/checkpoints/none_5090/best.pt
Saved PyTorch checkpoint to results/checkpoints/none_5090/best.pt
Adam 3300 | total=7.987e-02 f=1.570e-02 ic=7.396e-04 wall=9.316e-03 inlet=3.364e-03 outlet=2.397e-05 lr=5.000e-04 | λ[f=1.00 ic=1.00 wall=5.00 inlet=5.00 outlet=1.00]
Saved PyTorch checkpoint to results/checkpoints/none_5090/best.pt
Saved PyTorch checkpoint to results/checkpoints/none_5090/best.pt
Saved PyTorch checkpoint to results/checkpoints/none_5090/best.pt
Saved PyTorch checkpoint to results/checkpoints/none_5090/best.pt
Saved PyTorch checkpoint to results/checkpoints/none_5090/best.pt
Saved PyTorch checkpoint to results/checkpoints/none_5090/best.pt
Saved PyTorch checkpoint to results/checkpoints/none_5090/best.pt
Saved PyTorch checkpoint to results/checkpoints/none_5090/best.pt
Saved PyTorch checkpoint to results/checkpoints/none_5090/best.pt
Saved PyTorch checkpoint to results/checkpoints/none_5090/best.pt
Saved PyTorch checkpoint to results/checkpoints/none_5090/best.pt
Saved PyTorch checkpoint to results/checkpoints/none_5090/best.pt
Saved PyTorch checkpoint to results/checkpoints/none_5090/best.pt
Saved PyTorch checkpoint to results/checkpoints/none_5090/best.pt
Saved PyTorch checkpoint to results/checkpoints/none_5090/best.pt
Saved PyTorch checkpoint to results/checkpoints/none_5090/best.pt
Saved PyTorch checkpoint to results/checkpoints/none_5090/best.pt
Saved PyTorch checkpoint to results/checkpoints/none_5090/best.pt
Saved PyTorch checkpoint to results/checkpoints/none_5090/best.pt
Saved PyTorch checkpoint to results/checkpoints/none_5090/best.pt
Saved PyTorch checkpoint to results/checkpoints/none_5090/best.pt
Saved PyTorch checkpoint to results/checkpoints/none_5090/best.pt
Saved PyTorch checkpoint to results/checkpoints/none_5090/best.pt
Saved PyTorch checkpoint to results/checkpoints/none_5090/best.pt
Saved PyTorch checkpoint to results/checkpoints/none_5090/best.pt
Saved PyTorch checkpoint to results/checkpoints/none_5090/best.pt
Saved PyTorch checkpoint to results/checkpoints/none_5090/best.pt
Saved PyTorch checkpoint to results/checkpoints/none_5090/best.pt
Saved PyTorch checkpoint to results/checkpoints/none_5090/best.pt
Saved PyTorch checkpoint to results/checkpoints/none_5090/best.pt
Saved PyTorch checkpoint to results/checkpoints/none_5090/best.pt
Saved PyTorch checkpoint to results/checkpoints/none_5090/best.pt
Saved PyTorch checkpoint to results/checkpoints/none_5090/best.pt
Saved PyTorch checkpoint to results/checkpoints/none_5090/best.pt
Saved PyTorch checkpoint to results/checkpoints/none_5090/best.pt
Saved PyTorch checkpoint to results/checkpoints/none_5090/best.pt
Saved PyTorch checkpoint to results/checkpoints/none_5090/best.pt
Saved PyTorch checkpoint to results/checkpoints/none_5090/best.pt
Saved PyTorch checkpoint to results/checkpoints/none_5090/best.pt
Saved PyTorch checkpoint to results/checkpoints/none_5090/best.pt
Saved PyTorch checkpoint to results/checkpoints/none_5090/best.pt
Saved PyTorch checkpoint to results/checkpoints/none_5090/best.pt
Saved PyTorch checkpoint to results/checkpoints/none_5090/best.pt
Saved PyTorch checkpoint to results/checkpoints/none_5090/best.pt
Saved PyTorch checkpoint to results/checkpoints/none_5090/best.pt
Saved PyTorch checkpoint to results/checkpoints/none_5090/best.pt
Saved PyTorch checkpoint to results/checkpoints/none_5090/best.pt
Saved PyTorch checkpoint to results/checkpoints/none_5090/best.pt
Saved PyTorch checkpoint to results/checkpoints/none_5090/best.pt
Saved PyTorch checkpoint to results/checkpoints/none_5090/best.pt
Saved PyTorch checkpoint to results/checkpoints/none_5090/best.pt
Saved PyTorch checkpoint to results/checkpoints/none_5090/best.pt
Saved PyTorch checkpoint to results/checkpoints/none_5090/best.pt
Saved PyTorch checkpoint to results/checkpoints/none_5090/best.pt
Saved PyTorch checkpoint to results/checkpoints/none_5090/best.pt
Saved PyTorch checkpoint to results/checkpoints/none_5090/best.pt
Saved PyTorch checkpoint to results/checkpoints/none_5090/best.pt
Saved PyTorch checkpoint to results/checkpoints/none_5090/best.pt
Adam 3400 | total=7.936e-02 f=1.499e-02 ic=7.991e-04 wall=9.821e-03 inlet=2.888e-03 outlet=2.517e-05 lr=5.000e-04 | λ[f=1.00 ic=1.00 wall=5.00 inlet=5.00 outlet=1.00]
Saved PyTorch checkpoint to results/checkpoints/none_5090/best.pt
Saved PyTorch checkpoint to results/checkpoints/none_5090/best.pt
Saved PyTorch checkpoint to results/checkpoints/none_5090/best.pt
Saved PyTorch checkpoint to results/checkpoints/none_5090/best.pt
Saved PyTorch checkpoint to results/checkpoints/none_5090/best.pt
Saved PyTorch checkpoint to results/checkpoints/none_5090/best.pt
Saved PyTorch checkpoint to results/checkpoints/none_5090/best.pt
Saved PyTorch checkpoint to results/checkpoints/none_5090/best.pt
Saved PyTorch checkpoint to results/checkpoints/none_5090/best.pt
Saved PyTorch checkpoint to results/checkpoints/none_5090/best.pt
Saved PyTorch checkpoint to results/checkpoints/none_5090/best.pt
Saved PyTorch checkpoint to results/checkpoints/none_5090/best.pt
Saved PyTorch checkpoint to results/checkpoints/none_5090/best.pt
Saved PyTorch checkpoint to results/checkpoints/none_5090/best.pt
Saved PyTorch checkpoint to results/checkpoints/none_5090/best.pt
Saved PyTorch checkpoint to results/checkpoints/none_5090/best.pt
Saved PyTorch checkpoint to results/checkpoints/none_5090/best.pt
Saved PyTorch checkpoint to results/checkpoints/none_5090/best.pt
Saved PyTorch checkpoint to results/checkpoints/none_5090/best.pt
Saved PyTorch checkpoint to results/checkpoints/none_5090/best.pt
Saved PyTorch checkpoint to results/checkpoints/none_5090/best.pt
Saved PyTorch checkpoint to results/checkpoints/none_5090/best.pt
Saved PyTorch checkpoint to results/checkpoints/none_5090/best.pt
Saved PyTorch checkpoint to results/checkpoints/none_5090/best.pt
Saved PyTorch checkpoint to results/checkpoints/none_5090/best.pt
Saved PyTorch checkpoint to results/checkpoints/none_5090/best.pt
Saved PyTorch checkpoint to results/checkpoints/none_5090/best.pt
Saved PyTorch checkpoint to results/checkpoints/none_5090/best.pt
Saved PyTorch checkpoint to results/checkpoints/none_5090/best.pt
Saved PyTorch checkpoint to results/checkpoints/none_5090/best.pt
Saved PyTorch checkpoint to results/checkpoints/none_5090/best.pt
Saved PyTorch checkpoint to results/checkpoints/none_5090/best.pt
Saved PyTorch checkpoint to results/checkpoints/none_5090/best.pt
Saved PyTorch checkpoint to results/checkpoints/none_5090/best.pt
Saved PyTorch checkpoint to results/checkpoints/none_5090/best.pt
Saved PyTorch checkpoint to results/checkpoints/none_5090/best.pt
Saved PyTorch checkpoint to results/checkpoints/none_5090/best.pt
Saved PyTorch checkpoint to results/checkpoints/none_5090/best.pt
Saved PyTorch checkpoint to results/checkpoints/none_5090/best.pt
Saved PyTorch checkpoint to results/checkpoints/none_5090/best.pt
Saved PyTorch checkpoint to results/checkpoints/none_5090/best.pt
Saved PyTorch checkpoint to results/checkpoints/none_5090/best.pt
Saved PyTorch checkpoint to results/checkpoints/none_5090/best.pt
Saved PyTorch checkpoint to results/checkpoints/none_5090/best.pt
Saved PyTorch checkpoint to results/checkpoints/none_5090/best.pt
Saved PyTorch checkpoint to results/checkpoints/none_5090/best.pt
Saved PyTorch checkpoint to results/checkpoints/none_5090/best.pt
Saved PyTorch checkpoint to results/checkpoints/none_5090/best.pt
Saved PyTorch checkpoint to results/checkpoints/none_5090/best.pt
Saved PyTorch checkpoint to results/checkpoints/none_5090/best.pt
Saved PyTorch checkpoint to results/checkpoints/none_5090/best.pt
Saved PyTorch checkpoint to results/checkpoints/none_5090/best.pt
Saved PyTorch checkpoint to results/checkpoints/none_5090/best.pt
Saved PyTorch checkpoint to results/checkpoints/none_5090/best.pt
Saved PyTorch checkpoint to results/checkpoints/none_5090/best.pt
Saved PyTorch checkpoint to results/checkpoints/none_5090/best.pt
Saved PyTorch checkpoint to results/checkpoints/none_5090/best.pt
Saved PyTorch checkpoint to results/checkpoints/none_5090/best.pt
Saved PyTorch checkpoint to results/checkpoints/none_5090/best.pt
Saved PyTorch checkpoint to results/checkpoints/none_5090/best.pt
Saved PyTorch checkpoint to results/checkpoints/none_5090/best.pt
Saved PyTorch checkpoint to results/checkpoints/none_5090/best.pt
Saved PyTorch checkpoint to results/checkpoints/none_5090/best.pt
Saved PyTorch checkpoint to results/checkpoints/none_5090/best.pt
Saved PyTorch checkpoint to results/checkpoints/none_5090/best.pt
Adam 3500 | total=7.657e-02 f=1.503e-02 ic=7.485e-04 wall=9.025e-03 inlet=3.129e-03 outlet=2.365e-05 lr=5.000e-04 | λ[f=1.00 ic=1.00 wall=5.00 inlet=5.00 outlet=1.00]
Saved PyTorch checkpoint to results/checkpoints/none_5090/best.pt
Saved PyTorch checkpoint to results/checkpoints/none_5090/best.pt
Saved PyTorch checkpoint to results/checkpoints/none_5090/best.pt
Saved PyTorch checkpoint to results/checkpoints/none_5090/best.pt
Saved PyTorch checkpoint to results/checkpoints/none_5090/best.pt
Saved PyTorch checkpoint to results/checkpoints/none_5090/best.pt
Saved PyTorch checkpoint to results/checkpoints/none_5090/best.pt
Saved PyTorch checkpoint to results/checkpoints/none_5090/best.pt
Saved PyTorch checkpoint to results/checkpoints/none_5090/best.pt
Saved PyTorch checkpoint to results/checkpoints/none_5090/best.pt
Saved PyTorch checkpoint to results/checkpoints/none_5090/best.pt
Saved PyTorch checkpoint to results/checkpoints/none_5090/best.pt
Saved PyTorch checkpoint to results/checkpoints/none_5090/best.pt
Saved PyTorch checkpoint to results/checkpoints/none_5090/best.pt
Saved PyTorch checkpoint to results/checkpoints/none_5090/best.pt
Saved PyTorch checkpoint to results/checkpoints/none_5090/best.pt
Saved PyTorch checkpoint to results/checkpoints/none_5090/best.pt
Saved PyTorch checkpoint to results/checkpoints/none_5090/best.pt
Saved PyTorch checkpoint to results/checkpoints/none_5090/best.pt
Saved PyTorch checkpoint to results/checkpoints/none_5090/best.pt
Saved PyTorch checkpoint to results/checkpoints/none_5090/best.pt
Saved PyTorch checkpoint to results/checkpoints/none_5090/best.pt
Saved PyTorch checkpoint to results/checkpoints/none_5090/best.pt
Saved PyTorch checkpoint to results/checkpoints/none_5090/best.pt
Saved PyTorch checkpoint to results/checkpoints/none_5090/best.pt
Saved PyTorch checkpoint to results/checkpoints/none_5090/best.pt
Saved PyTorch checkpoint to results/checkpoints/none_5090/best.pt
Saved PyTorch checkpoint to results/checkpoints/none_5090/best.pt
Saved PyTorch checkpoint to results/checkpoints/none_5090/best.pt
Saved PyTorch checkpoint to results/checkpoints/none_5090/best.pt
Saved PyTorch checkpoint to results/checkpoints/none_5090/best.pt
Saved PyTorch checkpoint to results/checkpoints/none_5090/best.pt
Adam 3600 | total=7.542e-02 f=1.459e-02 ic=7.573e-04 wall=8.953e-03 inlet=3.058e-03 outlet=2.159e-05 lr=5.000e-04 | λ[f=1.00 ic=1.00 wall=5.00 inlet=5.00 outlet=1.00]
Saved PyTorch checkpoint to results/checkpoints/none_5090/best.pt
Saved PyTorch checkpoint to results/checkpoints/none_5090/best.pt
Saved PyTorch checkpoint to results/checkpoints/none_5090/best.pt
Saved PyTorch checkpoint to results/checkpoints/none_5090/best.pt
Saved PyTorch checkpoint to results/checkpoints/none_5090/best.pt
Saved PyTorch checkpoint to results/checkpoints/none_5090/best.pt
Saved PyTorch checkpoint to results/checkpoints/none_5090/best.pt
Saved PyTorch checkpoint to results/checkpoints/none_5090/best.pt
Saved PyTorch checkpoint to results/checkpoints/none_5090/best.pt
Saved PyTorch checkpoint to results/checkpoints/none_5090/best.pt
Saved PyTorch checkpoint to results/checkpoints/none_5090/best.pt
Saved PyTorch checkpoint to results/checkpoints/none_5090/best.pt
Saved PyTorch checkpoint to results/checkpoints/none_5090/best.pt
Saved PyTorch checkpoint to results/checkpoints/none_5090/best.pt
Saved PyTorch checkpoint to results/checkpoints/none_5090/best.pt
Saved PyTorch checkpoint to results/checkpoints/none_5090/best.pt
Saved PyTorch checkpoint to results/checkpoints/none_5090/best.pt
Saved PyTorch checkpoint to results/checkpoints/none_5090/best.pt
Saved PyTorch checkpoint to results/checkpoints/none_5090/best.pt
Saved PyTorch checkpoint to results/checkpoints/none_5090/best.pt
Saved PyTorch checkpoint to results/checkpoints/none_5090/best.pt
Saved PyTorch checkpoint to results/checkpoints/none_5090/best.pt
Saved PyTorch checkpoint to results/checkpoints/none_5090/best.pt
Saved PyTorch checkpoint to results/checkpoints/none_5090/best.pt
Saved PyTorch checkpoint to results/checkpoints/none_5090/best.pt
Saved PyTorch checkpoint to results/checkpoints/none_5090/best.pt
Saved PyTorch checkpoint to results/checkpoints/none_5090/best.pt
Saved PyTorch checkpoint to results/checkpoints/none_5090/best.pt
Saved PyTorch checkpoint to results/checkpoints/none_5090/best.pt
Saved PyTorch checkpoint to results/checkpoints/none_5090/best.pt
Saved PyTorch checkpoint to results/checkpoints/none_5090/best.pt
Saved PyTorch checkpoint to results/checkpoints/none_5090/best.pt
Saved PyTorch checkpoint to results/checkpoints/none_5090/best.pt
Saved PyTorch checkpoint to results/checkpoints/none_5090/best.pt
Saved PyTorch checkpoint to results/checkpoints/none_5090/best.pt
Saved PyTorch checkpoint to results/checkpoints/none_5090/best.pt
Adam 3700 | total=7.455e-02 f=1.452e-02 ic=7.983e-04 wall=9.270e-03 inlet=2.572e-03 outlet=2.050e-05 lr=5.000e-04 | λ[f=1.00 ic=1.00 wall=5.00 inlet=5.00 outlet=1.00]
Saved PyTorch checkpoint to results/checkpoints/none_5090/best.pt
Saved PyTorch checkpoint to results/checkpoints/none_5090/best.pt
Saved PyTorch checkpoint to results/checkpoints/none_5090/best.pt
Saved PyTorch checkpoint to results/checkpoints/none_5090/best.pt
Saved PyTorch checkpoint to results/checkpoints/none_5090/best.pt
Saved PyTorch checkpoint to results/checkpoints/none_5090/best.pt
Saved PyTorch checkpoint to results/checkpoints/none_5090/best.pt
Saved PyTorch checkpoint to results/checkpoints/none_5090/best.pt
Saved PyTorch checkpoint to results/checkpoints/none_5090/best.pt
Saved PyTorch checkpoint to results/checkpoints/none_5090/best.pt
Saved PyTorch checkpoint to results/checkpoints/none_5090/best.pt
Saved PyTorch checkpoint to results/checkpoints/none_5090/best.pt
Saved PyTorch checkpoint to results/checkpoints/none_5090/best.pt
Saved PyTorch checkpoint to results/checkpoints/none_5090/best.pt
Saved PyTorch checkpoint to results/checkpoints/none_5090/best.pt
Saved PyTorch checkpoint to results/checkpoints/none_5090/best.pt
Saved PyTorch checkpoint to results/checkpoints/none_5090/best.pt
Saved PyTorch checkpoint to results/checkpoints/none_5090/best.pt
Saved PyTorch checkpoint to results/checkpoints/none_5090/best.pt
Saved PyTorch checkpoint to results/checkpoints/none_5090/best.pt
Saved PyTorch checkpoint to results/checkpoints/none_5090/best.pt
Saved PyTorch checkpoint to results/checkpoints/none_5090/best.pt
Saved PyTorch checkpoint to results/checkpoints/none_5090/best.pt
Saved PyTorch checkpoint to results/checkpoints/none_5090/best.pt
Saved PyTorch checkpoint to results/checkpoints/none_5090/best.pt
Saved PyTorch checkpoint to results/checkpoints/none_5090/best.pt
Saved PyTorch checkpoint to results/checkpoints/none_5090/best.pt
Saved PyTorch checkpoint to results/checkpoints/none_5090/best.pt
Saved PyTorch checkpoint to results/checkpoints/none_5090/best.pt
Saved PyTorch checkpoint to results/checkpoints/none_5090/best.pt
Saved PyTorch checkpoint to results/checkpoints/none_5090/best.pt
Saved PyTorch checkpoint to results/checkpoints/none_5090/best.pt
Saved PyTorch checkpoint to results/checkpoints/none_5090/best.pt
Saved PyTorch checkpoint to results/checkpoints/none_5090/best.pt
Saved PyTorch checkpoint to results/checkpoints/none_5090/best.pt
Saved PyTorch checkpoint to results/checkpoints/none_5090/best.pt
Saved PyTorch checkpoint to results/checkpoints/none_5090/best.pt
Saved PyTorch checkpoint to results/checkpoints/none_5090/best.pt
Saved PyTorch checkpoint to results/checkpoints/none_5090/best.pt
Saved PyTorch checkpoint to results/checkpoints/none_5090/best.pt
Saved PyTorch checkpoint to results/checkpoints/none_5090/best.pt
Saved PyTorch checkpoint to results/checkpoints/none_5090/best.pt
Saved PyTorch checkpoint to results/checkpoints/none_5090/best.pt
Saved PyTorch checkpoint to results/checkpoints/none_5090/best.pt
Saved PyTorch checkpoint to results/checkpoints/none_5090/best.pt
Saved PyTorch checkpoint to results/checkpoints/none_5090/best.pt
Saved PyTorch checkpoint to results/checkpoints/none_5090/best.pt
Saved PyTorch checkpoint to results/checkpoints/none_5090/best.pt
Saved PyTorch checkpoint to results/checkpoints/none_5090/best.pt
Saved PyTorch checkpoint to results/checkpoints/none_5090/best.pt
Saved PyTorch checkpoint to results/checkpoints/none_5090/best.pt
Saved PyTorch checkpoint to results/checkpoints/none_5090/best.pt
Saved PyTorch checkpoint to results/checkpoints/none_5090/best.pt
Saved PyTorch checkpoint to results/checkpoints/none_5090/best.pt
Saved PyTorch checkpoint to results/checkpoints/none_5090/best.pt
Saved PyTorch checkpoint to results/checkpoints/none_5090/best.pt
Saved PyTorch checkpoint to results/checkpoints/none_5090/best.pt
Saved PyTorch checkpoint to results/checkpoints/none_5090/best.pt
Saved PyTorch checkpoint to results/checkpoints/none_5090/best.pt
Saved PyTorch checkpoint to results/checkpoints/none_5090/best.pt
Saved PyTorch checkpoint to results/checkpoints/none_5090/best.pt
Saved PyTorch checkpoint to results/checkpoints/none_5090/best.pt
Saved PyTorch checkpoint to results/checkpoints/none_5090/best.pt
Saved PyTorch checkpoint to results/checkpoints/none_5090/best.pt
Saved PyTorch checkpoint to results/checkpoints/none_5090/best.pt
Saved PyTorch checkpoint to results/checkpoints/none_5090/best.pt
Saved PyTorch checkpoint to results/checkpoints/none_5090/best.pt
Saved PyTorch checkpoint to results/checkpoints/none_5090/best.pt
Saved PyTorch checkpoint to results/checkpoints/none_5090/best.pt
Saved PyTorch checkpoint to results/checkpoints/none_5090/best.pt
Saved PyTorch checkpoint to results/checkpoints/none_5090/best.pt
Saved PyTorch checkpoint to results/checkpoints/none_5090/best.pt
Saved PyTorch checkpoint to results/checkpoints/none_5090/best.pt
Saved PyTorch checkpoint to results/checkpoints/none_5090/best.pt
Saved PyTorch checkpoint to results/checkpoints/none_5090/best.pt
Adam 3800 | total=7.478e-02 f=1.489e-02 ic=8.212e-04 wall=8.757e-03 inlet=3.054e-03 outlet=2.003e-05 lr=5.000e-04 | λ[f=1.00 ic=1.00 wall=5.00 inlet=5.00 outlet=1.00]
Saved PyTorch checkpoint to results/checkpoints/none_5090/best.pt
Saved PyTorch checkpoint to results/checkpoints/none_5090/best.pt
Saved PyTorch checkpoint to results/checkpoints/none_5090/best.pt
Saved PyTorch checkpoint to results/checkpoints/none_5090/best.pt
Saved PyTorch checkpoint to results/checkpoints/none_5090/best.pt
Saved PyTorch checkpoint to results/checkpoints/none_5090/best.pt
Saved PyTorch checkpoint to results/checkpoints/none_5090/best.pt
Saved PyTorch checkpoint to results/checkpoints/none_5090/best.pt
Adam 3900 | total=7.661e-02 f=1.399e-02 ic=7.595e-04 wall=7.697e-03 inlet=4.673e-03 outlet=1.610e-05 lr=5.000e-04 | λ[f=1.00 ic=1.00 wall=5.00 inlet=5.00 outlet=1.00]
Saved PyTorch checkpoint to results/checkpoints/none_5090/best.pt
Saved PyTorch checkpoint to results/checkpoints/none_5090/best.pt
Saved PyTorch checkpoint to results/checkpoints/none_5090/best.pt
Saved PyTorch checkpoint to results/checkpoints/none_5090/best.pt
Saved PyTorch checkpoint to results/checkpoints/none_5090/best.pt
Saved PyTorch checkpoint to results/checkpoints/none_5090/best.pt
Saved PyTorch checkpoint to results/checkpoints/none_5090/best.pt
Saved PyTorch checkpoint to results/checkpoints/none_5090/best.pt
Saved PyTorch checkpoint to results/checkpoints/none_5090/best.pt
Saved PyTorch checkpoint to results/checkpoints/none_5090/best.pt
Saved PyTorch checkpoint to results/checkpoints/none_5090/best.pt
Saved PyTorch checkpoint to results/checkpoints/none_5090/best.pt
Saved PyTorch checkpoint to results/checkpoints/none_5090/best.pt
Saved PyTorch checkpoint to results/checkpoints/none_5090/best.pt
Saved PyTorch checkpoint to results/checkpoints/none_5090/best.pt
Saved PyTorch checkpoint to results/checkpoints/none_5090/best.pt
Saved PyTorch checkpoint to results/checkpoints/none_5090/best.pt
Saved PyTorch checkpoint to results/checkpoints/none_5090/best.pt
Saved PyTorch checkpoint to results/checkpoints/none_5090/best.pt
Saved PyTorch checkpoint to results/checkpoints/none_5090/best.pt
Saved PyTorch checkpoint to results/checkpoints/none_5090/best.pt
Saved PyTorch checkpoint to results/checkpoints/none_5090/best.pt
Saved PyTorch checkpoint to results/checkpoints/none_5090/best.pt
Saved PyTorch checkpoint to results/checkpoints/none_5090/best.pt
Saved PyTorch checkpoint to results/checkpoints/none_5090/best.pt
Saved PyTorch checkpoint to results/checkpoints/none_5090/best.pt
Saved PyTorch checkpoint to results/checkpoints/none_5090/best.pt
Saved PyTorch checkpoint to results/checkpoints/none_5090/best.pt
Saved PyTorch checkpoint to results/checkpoints/none_5090/best.pt
Saved PyTorch checkpoint to results/checkpoints/none_5090/best.pt
Saved PyTorch checkpoint to results/checkpoints/none_5090/best.pt
Saved PyTorch checkpoint to results/checkpoints/none_5090/best.pt
Saved PyTorch checkpoint to results/checkpoints/none_5090/best.pt
Saved PyTorch checkpoint to results/checkpoints/none_5090/best.pt
Saved PyTorch checkpoint to results/checkpoints/none_5090/best.pt
Saved PyTorch checkpoint to results/checkpoints/none_5090/best.pt
Saved PyTorch checkpoint to results/checkpoints/none_5090/best.pt
Adam 4000 | total=7.883e-02 f=1.434e-02 ic=7.448e-04 wall=7.457e-03 inlet=5.290e-03 outlet=1.578e-05 lr=5.000e-04 | λ[f=1.00 ic=1.00 wall=5.00 inlet=5.00 outlet=1.00]
Saved PyTorch checkpoint to results/checkpoints/none_5090/best.pt
Saved PyTorch checkpoint to results/checkpoints/none_5090/best.pt
Saved PyTorch checkpoint to results/checkpoints/none_5090/best.pt
Saved PyTorch checkpoint to results/checkpoints/none_5090/best.pt
Saved PyTorch checkpoint to results/checkpoints/none_5090/best.pt
Saved PyTorch checkpoint to results/checkpoints/none_5090/best.pt
Saved PyTorch checkpoint to results/checkpoints/none_5090/best.pt
Saved PyTorch checkpoint to results/checkpoints/none_5090/best.pt
Saved PyTorch checkpoint to results/checkpoints/none_5090/best.pt
Saved PyTorch checkpoint to results/checkpoints/none_5090/best.pt
Saved PyTorch checkpoint to results/checkpoints/none_5090/best.pt
Adam 4100 | total=7.003e-02 f=1.359e-02 ic=8.047e-04 wall=8.545e-03 inlet=2.580e-03 outlet=1.444e-05 lr=5.000e-04 | λ[f=1.00 ic=1.00 wall=5.00 inlet=5.00 outlet=1.00]
Saved PyTorch checkpoint to results/checkpoints/none_5090/best.pt
Saved PyTorch checkpoint to results/checkpoints/none_5090/best.pt
Saved PyTorch checkpoint to results/checkpoints/none_5090/best.pt
Saved PyTorch checkpoint to results/checkpoints/none_5090/best.pt
Saved PyTorch checkpoint to results/checkpoints/none_5090/best.pt
Saved PyTorch checkpoint to results/checkpoints/none_5090/best.pt
Saved PyTorch checkpoint to results/checkpoints/none_5090/best.pt
Saved PyTorch checkpoint to results/checkpoints/none_5090/best.pt
Saved PyTorch checkpoint to results/checkpoints/none_5090/best.pt
Saved PyTorch checkpoint to results/checkpoints/none_5090/best.pt
Saved PyTorch checkpoint to results/checkpoints/none_5090/best.pt
Saved PyTorch checkpoint to results/checkpoints/none_5090/best.pt
Saved PyTorch checkpoint to results/checkpoints/none_5090/best.pt
Saved PyTorch checkpoint to results/checkpoints/none_5090/best.pt
Saved PyTorch checkpoint to results/checkpoints/none_5090/best.pt
Saved PyTorch checkpoint to results/checkpoints/none_5090/best.pt
Saved PyTorch checkpoint to results/checkpoints/none_5090/best.pt
Saved PyTorch checkpoint to results/checkpoints/none_5090/best.pt
Saved PyTorch checkpoint to results/checkpoints/none_5090/best.pt
Saved PyTorch checkpoint to results/checkpoints/none_5090/best.pt
Saved PyTorch checkpoint to results/checkpoints/none_5090/best.pt
Saved PyTorch checkpoint to results/checkpoints/none_5090/best.pt
Saved PyTorch checkpoint to results/checkpoints/none_5090/best.pt
Saved PyTorch checkpoint to results/checkpoints/none_5090/best.pt
Saved PyTorch checkpoint to results/checkpoints/none_5090/best.pt
Saved PyTorch checkpoint to results/checkpoints/none_5090/best.pt
Saved PyTorch checkpoint to results/checkpoints/none_5090/best.pt
Saved PyTorch checkpoint to results/checkpoints/none_5090/best.pt
Saved PyTorch checkpoint to results/checkpoints/none_5090/best.pt
Adam 4200 | total=6.806e-02 f=1.268e-02 ic=8.280e-04 wall=8.414e-03 inlet=2.494e-03 outlet=1.303e-05 lr=5.000e-04 | λ[f=1.00 ic=1.00 wall=5.00 inlet=5.00 outlet=1.00]
Saved PyTorch checkpoint to results/checkpoints/none_5090/best.pt
Saved PyTorch checkpoint to results/checkpoints/none_5090/best.pt
Saved PyTorch checkpoint to results/checkpoints/none_5090/best.pt
Saved PyTorch checkpoint to results/checkpoints/none_5090/best.pt
Saved PyTorch checkpoint to results/checkpoints/none_5090/best.pt
Saved PyTorch checkpoint to results/checkpoints/none_5090/best.pt
Saved PyTorch checkpoint to results/checkpoints/none_5090/best.pt
Saved PyTorch checkpoint to results/checkpoints/none_5090/best.pt
Saved PyTorch checkpoint to results/checkpoints/none_5090/best.pt
Saved PyTorch checkpoint to results/checkpoints/none_5090/best.pt
Saved PyTorch checkpoint to results/checkpoints/none_5090/best.pt
Saved PyTorch checkpoint to results/checkpoints/none_5090/best.pt
Saved PyTorch checkpoint to results/checkpoints/none_5090/best.pt
Saved PyTorch checkpoint to results/checkpoints/none_5090/best.pt
Saved PyTorch checkpoint to results/checkpoints/none_5090/best.pt
Saved PyTorch checkpoint to results/checkpoints/none_5090/best.pt
Saved PyTorch checkpoint to results/checkpoints/none_5090/best.pt
Saved PyTorch checkpoint to results/checkpoints/none_5090/best.pt
Saved PyTorch checkpoint to results/checkpoints/none_5090/best.pt
Saved PyTorch checkpoint to results/checkpoints/none_5090/best.pt
Saved PyTorch checkpoint to results/checkpoints/none_5090/best.pt
Saved PyTorch checkpoint to results/checkpoints/none_5090/best.pt
Saved PyTorch checkpoint to results/checkpoints/none_5090/best.pt
Saved PyTorch checkpoint to results/checkpoints/none_5090/best.pt
Saved PyTorch checkpoint to results/checkpoints/none_5090/best.pt
Saved PyTorch checkpoint to results/checkpoints/none_5090/best.pt
Saved PyTorch checkpoint to results/checkpoints/none_5090/best.pt
Saved PyTorch checkpoint to results/checkpoints/none_5090/best.pt
Saved PyTorch checkpoint to results/checkpoints/none_5090/best.pt
Saved PyTorch checkpoint to results/checkpoints/none_5090/best.pt
Saved PyTorch checkpoint to results/checkpoints/none_5090/best.pt
Saved PyTorch checkpoint to results/checkpoints/none_5090/best.pt
Adam 4300 | total=6.872e-02 f=1.338e-02 ic=8.095e-04 wall=8.299e-03 inlet=2.606e-03 outlet=1.159e-05 lr=5.000e-04 | λ[f=1.00 ic=1.00 wall=5.00 inlet=5.00 outlet=1.00]
Saved PyTorch checkpoint to results/checkpoints/none_5090/best.pt
Saved PyTorch checkpoint to results/checkpoints/none_5090/best.pt
Saved PyTorch checkpoint to results/checkpoints/none_5090/best.pt
Saved PyTorch checkpoint to results/checkpoints/none_5090/best.pt
Saved PyTorch checkpoint to results/checkpoints/none_5090/best.pt
Saved PyTorch checkpoint to results/checkpoints/none_5090/best.pt
Saved PyTorch checkpoint to results/checkpoints/none_5090/best.pt
Saved PyTorch checkpoint to results/checkpoints/none_5090/best.pt
Saved PyTorch checkpoint to results/checkpoints/none_5090/best.pt
Saved PyTorch checkpoint to results/checkpoints/none_5090/best.pt
Saved PyTorch checkpoint to results/checkpoints/none_5090/best.pt
Saved PyTorch checkpoint to results/checkpoints/none_5090/best.pt
Saved PyTorch checkpoint to results/checkpoints/none_5090/best.pt
Saved PyTorch checkpoint to results/checkpoints/none_5090/best.pt
Saved PyTorch checkpoint to results/checkpoints/none_5090/best.pt
Adam 4400 | total=6.691e-02 f=1.281e-02 ic=9.010e-04 wall=8.501e-03 inlet=2.137e-03 outlet=1.009e-05 lr=5.000e-04 | λ[f=1.00 ic=1.00 wall=5.00 inlet=5.00 outlet=1.00]
Saved PyTorch checkpoint to results/checkpoints/none_5090/best.pt
Saved PyTorch checkpoint to results/checkpoints/none_5090/best.pt
Saved PyTorch checkpoint to results/checkpoints/none_5090/best.pt
Saved PyTorch checkpoint to results/checkpoints/none_5090/best.pt
Saved PyTorch checkpoint to results/checkpoints/none_5090/best.pt
Saved PyTorch checkpoint to results/checkpoints/none_5090/best.pt
Saved PyTorch checkpoint to results/checkpoints/none_5090/best.pt
Saved PyTorch checkpoint to results/checkpoints/none_5090/best.pt
Saved PyTorch checkpoint to results/checkpoints/none_5090/best.pt
Saved PyTorch checkpoint to results/checkpoints/none_5090/best.pt
Saved PyTorch checkpoint to results/checkpoints/none_5090/best.pt
Saved PyTorch checkpoint to results/checkpoints/none_5090/best.pt
Saved PyTorch checkpoint to results/checkpoints/none_5090/best.pt
Saved PyTorch checkpoint to results/checkpoints/none_5090/best.pt
Saved PyTorch checkpoint to results/checkpoints/none_5090/best.pt
Saved PyTorch checkpoint to results/checkpoints/none_5090/best.pt
Saved PyTorch checkpoint to results/checkpoints/none_5090/best.pt
Saved PyTorch checkpoint to results/checkpoints/none_5090/best.pt
Saved PyTorch checkpoint to results/checkpoints/none_5090/best.pt
Saved PyTorch checkpoint to results/checkpoints/none_5090/best.pt
Saved PyTorch checkpoint to results/checkpoints/none_5090/best.pt
Saved PyTorch checkpoint to results/checkpoints/none_5090/best.pt
Saved PyTorch checkpoint to results/checkpoints/none_5090/best.pt
Saved PyTorch checkpoint to results/checkpoints/none_5090/best.pt
Saved PyTorch checkpoint to results/checkpoints/none_5090/best.pt
Saved PyTorch checkpoint to results/checkpoints/none_5090/best.pt
Saved PyTorch checkpoint to results/checkpoints/none_5090/best.pt
Saved PyTorch checkpoint to results/checkpoints/none_5090/best.pt
Saved PyTorch checkpoint to results/checkpoints/none_5090/best.pt
Saved PyTorch checkpoint to results/checkpoints/none_5090/best.pt
Saved PyTorch checkpoint to results/checkpoints/none_5090/best.pt
Saved PyTorch checkpoint to results/checkpoints/none_5090/best.pt
Adam 4500 | total=6.614e-02 f=1.289e-02 ic=8.112e-04 wall=8.189e-03 inlet=2.295e-03 outlet=1.090e-05 lr=5.000e-04 | λ[f=1.00 ic=1.00 wall=5.00 inlet=5.00 outlet=1.00]
Saved PyTorch checkpoint to results/checkpoints/none_5090/best.pt
Saved PyTorch checkpoint to results/checkpoints/none_5090/best.pt
Saved PyTorch checkpoint to results/checkpoints/none_5090/best.pt
Saved PyTorch checkpoint to results/checkpoints/none_5090/best.pt
Saved PyTorch checkpoint to results/checkpoints/none_5090/best.pt
Saved PyTorch checkpoint to results/checkpoints/none_5090/best.pt
Saved PyTorch checkpoint to results/checkpoints/none_5090/best.pt
Saved PyTorch checkpoint to results/checkpoints/none_5090/best.pt
Saved PyTorch checkpoint to results/checkpoints/none_5090/best.pt
Saved PyTorch checkpoint to results/checkpoints/none_5090/best.pt
Saved PyTorch checkpoint to results/checkpoints/none_5090/best.pt
Saved PyTorch checkpoint to results/checkpoints/none_5090/best.pt
Saved PyTorch checkpoint to results/checkpoints/none_5090/best.pt
Saved PyTorch checkpoint to results/checkpoints/none_5090/best.pt
Saved PyTorch checkpoint to results/checkpoints/none_5090/best.pt
Saved PyTorch checkpoint to results/checkpoints/none_5090/best.pt
Saved PyTorch checkpoint to results/checkpoints/none_5090/best.pt
Adam 4600 | total=6.444e-02 f=1.221e-02 ic=7.839e-04 wall=7.520e-03 inlet=2.767e-03 outlet=9.921e-06 lr=5.000e-04 | λ[f=1.00 ic=1.00 wall=5.00 inlet=5.00 outlet=1.00]
Saved PyTorch checkpoint to results/checkpoints/none_5090/best.pt
Saved PyTorch checkpoint to results/checkpoints/none_5090/best.pt
Saved PyTorch checkpoint to results/checkpoints/none_5090/best.pt
Saved PyTorch checkpoint to results/checkpoints/none_5090/best.pt
Saved PyTorch checkpoint to results/checkpoints/none_5090/best.pt
Saved PyTorch checkpoint to results/checkpoints/none_5090/best.pt
Saved PyTorch checkpoint to results/checkpoints/none_5090/best.pt
Saved PyTorch checkpoint to results/checkpoints/none_5090/best.pt
Saved PyTorch checkpoint to results/checkpoints/none_5090/best.pt
Saved PyTorch checkpoint to results/checkpoints/none_5090/best.pt
Saved PyTorch checkpoint to results/checkpoints/none_5090/best.pt
Saved PyTorch checkpoint to results/checkpoints/none_5090/best.pt
Saved PyTorch checkpoint to results/checkpoints/none_5090/best.pt
Saved PyTorch checkpoint to results/checkpoints/none_5090/best.pt
Saved PyTorch checkpoint to results/checkpoints/none_5090/best.pt
Saved PyTorch checkpoint to results/checkpoints/none_5090/best.pt
Saved PyTorch checkpoint to results/checkpoints/none_5090/best.pt
Saved PyTorch checkpoint to results/checkpoints/none_5090/best.pt
Saved PyTorch checkpoint to results/checkpoints/none_5090/best.pt
Saved PyTorch checkpoint to results/checkpoints/none_5090/best.pt
Saved PyTorch checkpoint to results/checkpoints/none_5090/best.pt
Saved PyTorch checkpoint to results/checkpoints/none_5090/best.pt
Saved PyTorch checkpoint to results/checkpoints/none_5090/best.pt
Saved PyTorch checkpoint to results/checkpoints/none_5090/best.pt
Saved PyTorch checkpoint to results/checkpoints/none_5090/best.pt
Saved PyTorch checkpoint to results/checkpoints/none_5090/best.pt
Saved PyTorch checkpoint to results/checkpoints/none_5090/best.pt
Saved PyTorch checkpoint to results/checkpoints/none_5090/best.pt
Saved PyTorch checkpoint to results/checkpoints/none_5090/best.pt
Saved PyTorch checkpoint to results/checkpoints/none_5090/best.pt
Saved PyTorch checkpoint to results/checkpoints/none_5090/best.pt
Saved PyTorch checkpoint to results/checkpoints/none_5090/best.pt
Saved PyTorch checkpoint to results/checkpoints/none_5090/best.pt
Saved PyTorch checkpoint to results/checkpoints/none_5090/best.pt
Saved PyTorch checkpoint to results/checkpoints/none_5090/best.pt
Saved PyTorch checkpoint to results/checkpoints/none_5090/best.pt
Saved PyTorch checkpoint to results/checkpoints/none_5090/best.pt
Saved PyTorch checkpoint to results/checkpoints/none_5090/best.pt
Saved PyTorch checkpoint to results/checkpoints/none_5090/best.pt
Saved PyTorch checkpoint to results/checkpoints/none_5090/best.pt
Saved PyTorch checkpoint to results/checkpoints/none_5090/best.pt
Saved PyTorch checkpoint to results/checkpoints/none_5090/best.pt
Saved PyTorch checkpoint to results/checkpoints/none_5090/best.pt
Adam 4700 | total=6.498e-02 f=1.238e-02 ic=7.988e-04 wall=7.716e-03 inlet=2.642e-03 outlet=1.033e-05 lr=5.000e-04 | λ[f=1.00 ic=1.00 wall=5.00 inlet=5.00 outlet=1.00]
Saved PyTorch checkpoint to results/checkpoints/none_5090/best.pt
Saved PyTorch checkpoint to results/checkpoints/none_5090/best.pt
Saved PyTorch checkpoint to results/checkpoints/none_5090/best.pt
Saved PyTorch checkpoint to results/checkpoints/none_5090/best.pt
Saved PyTorch checkpoint to results/checkpoints/none_5090/best.pt
Saved PyTorch checkpoint to results/checkpoints/none_5090/best.pt
Saved PyTorch checkpoint to results/checkpoints/none_5090/best.pt
Saved PyTorch checkpoint to results/checkpoints/none_5090/best.pt
Saved PyTorch checkpoint to results/checkpoints/none_5090/best.pt
Saved PyTorch checkpoint to results/checkpoints/none_5090/best.pt
Adam 4800 | total=6.183e-02 f=1.176e-02 ic=7.946e-04 wall=7.213e-03 inlet=2.639e-03 outlet=1.071e-05 lr=5.000e-04 | λ[f=1.00 ic=1.00 wall=5.00 inlet=5.00 outlet=1.00]
Saved PyTorch checkpoint to results/checkpoints/none_5090/best.pt
Saved PyTorch checkpoint to results/checkpoints/none_5090/best.pt
Saved PyTorch checkpoint to results/checkpoints/none_5090/best.pt
Saved PyTorch checkpoint to results/checkpoints/none_5090/best.pt
Saved PyTorch checkpoint to results/checkpoints/none_5090/best.pt
Adam 4900 | total=6.884e-02 f=1.504e-02 ic=1.044e-03 wall=8.478e-03 inlet=2.070e-03 outlet=9.643e-06 lr=5.000e-04 | λ[f=1.00 ic=1.00 wall=5.00 inlet=5.00 outlet=1.00]
Saved PyTorch checkpoint to results/checkpoints/none_5090/best.pt
Saved PyTorch checkpoint to results/checkpoints/none_5090/best.pt
Saved PyTorch checkpoint to results/checkpoints/none_5090/best.pt
Adam 5000 | total=6.020e-02 f=1.167e-02 ic=7.795e-04 wall=6.941e-03 inlet=2.607e-03 outlet=1.084e-05 lr=5.000e-04 | λ[f=1.00 ic=1.00 wall=5.00 inlet=5.00 outlet=1.00]
Saved PyTorch checkpoint to results/checkpoints/none_5090/best.pt
Saved PyTorch checkpoint to results/checkpoints/none_5090/best.pt
Saved PyTorch checkpoint to results/checkpoints/none_5090/best.pt
Saved PyTorch checkpoint to results/checkpoints/none_5090/best.pt
Saved PyTorch checkpoint to results/checkpoints/none_5090/best.pt
Saved PyTorch checkpoint to results/checkpoints/none_5090/best.pt
Saved PyTorch checkpoint to results/checkpoints/none_5090/best.pt
Adam 5100 | total=6.233e-02 f=1.262e-02 ic=7.833e-04 wall=6.966e-03 inlet=2.817e-03 outlet=1.107e-05 lr=5.000e-04 | λ[f=1.00 ic=1.00 wall=5.00 inlet=5.00 outlet=1.00]
Saved PyTorch checkpoint to results/checkpoints/none_5090/best.pt
Saved PyTorch checkpoint to results/checkpoints/none_5090/best.pt
Saved PyTorch checkpoint to results/checkpoints/none_5090/best.pt
Saved PyTorch checkpoint to results/checkpoints/none_5090/best.pt
Saved PyTorch checkpoint to results/checkpoints/none_5090/best.pt
Saved PyTorch checkpoint to results/checkpoints/none_5090/best.pt
Saved PyTorch checkpoint to results/checkpoints/none_5090/best.pt
Saved PyTorch checkpoint to results/checkpoints/none_5090/best.pt
Saved PyTorch checkpoint to results/checkpoints/none_5090/best.pt
Saved PyTorch checkpoint to results/checkpoints/none_5090/best.pt
Saved PyTorch checkpoint to results/checkpoints/none_5090/best.pt
Adam 5200 | total=5.749e-02 f=1.144e-02 ic=7.979e-04 wall=6.871e-03 inlet=2.178e-03 outlet=1.317e-05 lr=5.000e-04 | λ[f=1.00 ic=1.00 wall=5.00 inlet=5.00 outlet=1.00]
Saved PyTorch checkpoint to results/checkpoints/none_5090/best.pt
Saved PyTorch checkpoint to results/checkpoints/none_5090/best.pt
Saved PyTorch checkpoint to results/checkpoints/none_5090/best.pt
Saved PyTorch checkpoint to results/checkpoints/none_5090/best.pt
Saved PyTorch checkpoint to results/checkpoints/none_5090/best.pt
Saved PyTorch checkpoint to results/checkpoints/none_5090/best.pt
Saved PyTorch checkpoint to results/checkpoints/none_5090/best.pt
Saved PyTorch checkpoint to results/checkpoints/none_5090/best.pt
Saved PyTorch checkpoint to results/checkpoints/none_5090/best.pt
Saved PyTorch checkpoint to results/checkpoints/none_5090/best.pt
Saved PyTorch checkpoint to results/checkpoints/none_5090/best.pt
Saved PyTorch checkpoint to results/checkpoints/none_5090/best.pt
Saved PyTorch checkpoint to results/checkpoints/none_5090/best.pt
Saved PyTorch checkpoint to results/checkpoints/none_5090/best.pt
Saved PyTorch checkpoint to results/checkpoints/none_5090/best.pt
Saved PyTorch checkpoint to results/checkpoints/none_5090/best.pt
Saved PyTorch checkpoint to results/checkpoints/none_5090/best.pt
Saved PyTorch checkpoint to results/checkpoints/none_5090/best.pt
Saved PyTorch checkpoint to results/checkpoints/none_5090/best.pt
Saved PyTorch checkpoint to results/checkpoints/none_5090/best.pt
Saved PyTorch checkpoint to results/checkpoints/none_5090/best.pt
Saved PyTorch checkpoint to results/checkpoints/none_5090/best.pt
Saved PyTorch checkpoint to results/checkpoints/none_5090/best.pt
Adam 5300 | total=5.677e-02 f=1.169e-02 ic=8.240e-04 wall=6.796e-03 inlet=2.053e-03 outlet=1.319e-05 lr=5.000e-04 | λ[f=1.00 ic=1.00 wall=5.00 inlet=5.00 outlet=1.00]
Saved PyTorch checkpoint to results/checkpoints/none_5090/best.pt
Saved PyTorch checkpoint to results/checkpoints/none_5090/best.pt
Saved PyTorch checkpoint to results/checkpoints/none_5090/best.pt
Saved PyTorch checkpoint to results/checkpoints/none_5090/best.pt
Saved PyTorch checkpoint to results/checkpoints/none_5090/best.pt
Saved PyTorch checkpoint to results/checkpoints/none_5090/best.pt
Saved PyTorch checkpoint to results/checkpoints/none_5090/best.pt
Saved PyTorch checkpoint to results/checkpoints/none_5090/best.pt
Saved PyTorch checkpoint to results/checkpoints/none_5090/best.pt
Saved PyTorch checkpoint to results/checkpoints/none_5090/best.pt
Saved PyTorch checkpoint to results/checkpoints/none_5090/best.pt
Saved PyTorch checkpoint to results/checkpoints/none_5090/best.pt
Saved PyTorch checkpoint to results/checkpoints/none_5090/best.pt
Saved PyTorch checkpoint to results/checkpoints/none_5090/best.pt
Saved PyTorch checkpoint to results/checkpoints/none_5090/best.pt
Adam 5400 | total=5.543e-02 f=1.148e-02 ic=8.179e-04 wall=6.618e-03 inlet=2.004e-03 outlet=1.373e-05 lr=5.000e-04 | λ[f=1.00 ic=1.00 wall=5.00 inlet=5.00 outlet=1.00]
Saved PyTorch checkpoint to results/checkpoints/none_5090/best.pt
Saved PyTorch checkpoint to results/checkpoints/none_5090/best.pt
Saved PyTorch checkpoint to results/checkpoints/none_5090/best.pt
Saved PyTorch checkpoint to results/checkpoints/none_5090/best.pt
Saved PyTorch checkpoint to results/checkpoints/none_5090/best.pt
Saved PyTorch checkpoint to results/checkpoints/none_5090/best.pt
Saved PyTorch checkpoint to results/checkpoints/none_5090/best.pt
Saved PyTorch checkpoint to results/checkpoints/none_5090/best.pt
Saved PyTorch checkpoint to results/checkpoints/none_5090/best.pt
Saved PyTorch checkpoint to results/checkpoints/none_5090/best.pt
Saved PyTorch checkpoint to results/checkpoints/none_5090/best.pt
Saved PyTorch checkpoint to results/checkpoints/none_5090/best.pt
Saved PyTorch checkpoint to results/checkpoints/none_5090/best.pt
Saved PyTorch checkpoint to results/checkpoints/none_5090/best.pt
Saved PyTorch checkpoint to results/checkpoints/none_5090/best.pt
Saved PyTorch checkpoint to results/checkpoints/none_5090/best.pt
Saved PyTorch checkpoint to results/checkpoints/none_5090/best.pt
Saved PyTorch checkpoint to results/checkpoints/none_5090/best.pt
Saved PyTorch checkpoint to results/checkpoints/none_5090/best.pt
Saved PyTorch checkpoint to results/checkpoints/none_5090/best.pt
Saved PyTorch checkpoint to results/checkpoints/none_5090/best.pt
Saved PyTorch checkpoint to results/checkpoints/none_5090/best.pt
Saved PyTorch checkpoint to results/checkpoints/none_5090/best.pt
Saved PyTorch checkpoint to results/checkpoints/none_5090/best.pt
Saved PyTorch checkpoint to results/checkpoints/none_5090/best.pt
Saved PyTorch checkpoint to results/checkpoints/none_5090/best.pt
Saved PyTorch checkpoint to results/checkpoints/none_5090/best.pt
Saved PyTorch checkpoint to results/checkpoints/none_5090/best.pt
Saved PyTorch checkpoint to results/checkpoints/none_5090/best.pt
Saved PyTorch checkpoint to results/checkpoints/none_5090/best.pt
Saved PyTorch checkpoint to results/checkpoints/none_5090/best.pt
Saved PyTorch checkpoint to results/checkpoints/none_5090/best.pt
Saved PyTorch checkpoint to results/checkpoints/none_5090/best.pt
Saved PyTorch checkpoint to results/checkpoints/none_5090/best.pt
Saved PyTorch checkpoint to results/checkpoints/none_5090/best.pt
Saved PyTorch checkpoint to results/checkpoints/none_5090/best.pt
Saved PyTorch checkpoint to results/checkpoints/none_5090/best.pt
Saved PyTorch checkpoint to results/checkpoints/none_5090/best.pt
Saved PyTorch checkpoint to results/checkpoints/none_5090/best.pt
Adam 5500 | total=5.470e-02 f=1.161e-02 ic=8.319e-04 wall=6.496e-03 inlet=1.952e-03 outlet=1.550e-05 lr=5.000e-04 | λ[f=1.00 ic=1.00 wall=5.00 inlet=5.00 outlet=1.00]
Saved PyTorch checkpoint to results/checkpoints/none_5090/best.pt
Saved PyTorch checkpoint to results/checkpoints/none_5090/best.pt
Saved PyTorch checkpoint to results/checkpoints/none_5090/best.pt
Saved PyTorch checkpoint to results/checkpoints/none_5090/best.pt
Saved PyTorch checkpoint to results/checkpoints/none_5090/best.pt
Saved PyTorch checkpoint to results/checkpoints/none_5090/best.pt
Saved PyTorch checkpoint to results/checkpoints/none_5090/best.pt
Saved PyTorch checkpoint to results/checkpoints/none_5090/best.pt
Saved PyTorch checkpoint to results/checkpoints/none_5090/best.pt
Saved PyTorch checkpoint to results/checkpoints/none_5090/best.pt
Saved PyTorch checkpoint to results/checkpoints/none_5090/best.pt
Saved PyTorch checkpoint to results/checkpoints/none_5090/best.pt
Saved PyTorch checkpoint to results/checkpoints/none_5090/best.pt
Saved PyTorch checkpoint to results/checkpoints/none_5090/best.pt
Saved PyTorch checkpoint to results/checkpoints/none_5090/best.pt
Saved PyTorch checkpoint to results/checkpoints/none_5090/best.pt
Saved PyTorch checkpoint to results/checkpoints/none_5090/best.pt
Adam 5600 | total=5.343e-02 f=1.158e-02 ic=8.313e-04 wall=6.357e-03 inlet=1.844e-03 outlet=1.514e-05 lr=5.000e-04 | λ[f=1.00 ic=1.00 wall=5.00 inlet=5.00 outlet=1.00]
Saved PyTorch checkpoint to results/checkpoints/none_5090/best.pt
Saved PyTorch checkpoint to results/checkpoints/none_5090/best.pt
Saved PyTorch checkpoint to results/checkpoints/none_5090/best.pt
Saved PyTorch checkpoint to results/checkpoints/none_5090/best.pt
Saved PyTorch checkpoint to results/checkpoints/none_5090/best.pt
Saved PyTorch checkpoint to results/checkpoints/none_5090/best.pt
Saved PyTorch checkpoint to results/checkpoints/none_5090/best.pt
Saved PyTorch checkpoint to results/checkpoints/none_5090/best.pt
Saved PyTorch checkpoint to results/checkpoints/none_5090/best.pt
Saved PyTorch checkpoint to results/checkpoints/none_5090/best.pt
Saved PyTorch checkpoint to results/checkpoints/none_5090/best.pt
Saved PyTorch checkpoint to results/checkpoints/none_5090/best.pt
Saved PyTorch checkpoint to results/checkpoints/none_5090/best.pt
Saved PyTorch checkpoint to results/checkpoints/none_5090/best.pt
Saved PyTorch checkpoint to results/checkpoints/none_5090/best.pt
Saved PyTorch checkpoint to results/checkpoints/none_5090/best.pt
Saved PyTorch checkpoint to results/checkpoints/none_5090/best.pt
Saved PyTorch checkpoint to results/checkpoints/none_5090/best.pt
Saved PyTorch checkpoint to results/checkpoints/none_5090/best.pt
Saved PyTorch checkpoint to results/checkpoints/none_5090/best.pt
Saved PyTorch checkpoint to results/checkpoints/none_5090/best.pt
Saved PyTorch checkpoint to results/checkpoints/none_5090/best.pt
Saved PyTorch checkpoint to results/checkpoints/none_5090/best.pt
Saved PyTorch checkpoint to results/checkpoints/none_5090/best.pt
Adam 5700 | total=5.838e-02 f=1.271e-02 ic=7.418e-04 wall=5.567e-03 inlet=3.415e-03 outlet=1.742e-05 lr=5.000e-04 | λ[f=1.00 ic=1.00 wall=5.00 inlet=5.00 outlet=1.00]
Saved PyTorch checkpoint to results/checkpoints/none_5090/best.pt
Saved PyTorch checkpoint to results/checkpoints/none_5090/best.pt
Saved PyTorch checkpoint to results/checkpoints/none_5090/best.pt
Saved PyTorch checkpoint to results/checkpoints/none_5090/best.pt
Saved PyTorch checkpoint to results/checkpoints/none_5090/best.pt
Saved PyTorch checkpoint to results/checkpoints/none_5090/best.pt
Saved PyTorch checkpoint to results/checkpoints/none_5090/best.pt
Saved PyTorch checkpoint to results/checkpoints/none_5090/best.pt
Saved PyTorch checkpoint to results/checkpoints/none_5090/best.pt
Saved PyTorch checkpoint to results/checkpoints/none_5090/best.pt
Saved PyTorch checkpoint to results/checkpoints/none_5090/best.pt
Saved PyTorch checkpoint to results/checkpoints/none_5090/best.pt
Saved PyTorch checkpoint to results/checkpoints/none_5090/best.pt
Saved PyTorch checkpoint to results/checkpoints/none_5090/best.pt
Saved PyTorch checkpoint to results/checkpoints/none_5090/best.pt
Saved PyTorch checkpoint to results/checkpoints/none_5090/best.pt
Saved PyTorch checkpoint to results/checkpoints/none_5090/best.pt
Saved PyTorch checkpoint to results/checkpoints/none_5090/best.pt
Saved PyTorch checkpoint to results/checkpoints/none_5090/best.pt
Saved PyTorch checkpoint to results/checkpoints/none_5090/best.pt
Saved PyTorch checkpoint to results/checkpoints/none_5090/best.pt
Saved PyTorch checkpoint to results/checkpoints/none_5090/best.pt
Saved PyTorch checkpoint to results/checkpoints/none_5090/best.pt
Adam 5800 | total=5.680e-02 f=1.321e-02 ic=7.568e-04 wall=5.647e-03 inlet=2.916e-03 outlet=1.837e-05 lr=5.000e-04 | λ[f=1.00 ic=1.00 wall=5.00 inlet=5.00 outlet=1.00]
Saved PyTorch checkpoint to results/checkpoints/none_5090/best.pt
Saved PyTorch checkpoint to results/checkpoints/none_5090/best.pt
Saved PyTorch checkpoint to results/checkpoints/none_5090/best.pt
Saved PyTorch checkpoint to results/checkpoints/none_5090/best.pt
Saved PyTorch checkpoint to results/checkpoints/none_5090/best.pt
Saved PyTorch checkpoint to results/checkpoints/none_5090/best.pt
Saved PyTorch checkpoint to results/checkpoints/none_5090/best.pt
Saved PyTorch checkpoint to results/checkpoints/none_5090/best.pt
Adam 5900 | total=5.617e-02 f=1.414e-02 ic=1.109e-03 wall=6.850e-03 inlet=1.332e-03 outlet=1.593e-05 lr=5.000e-04 | λ[f=1.00 ic=1.00 wall=5.00 inlet=5.00 outlet=1.00]
Saved PyTorch checkpoint to results/checkpoints/none_5090/best.pt
Saved PyTorch checkpoint to results/checkpoints/none_5090/best.pt
Saved PyTorch checkpoint to results/checkpoints/none_5090/best.pt
Saved PyTorch checkpoint to results/checkpoints/none_5090/best.pt
Saved PyTorch checkpoint to results/checkpoints/none_5090/best.pt
Saved PyTorch checkpoint to results/checkpoints/none_5090/best.pt
Saved PyTorch checkpoint to results/checkpoints/none_5090/best.pt
Saved PyTorch checkpoint to results/checkpoints/none_5090/best.pt
Saved PyTorch checkpoint to results/checkpoints/none_5090/best.pt
Saved PyTorch checkpoint to results/checkpoints/none_5090/best.pt
Adam 6000 | total=5.639e-02 f=1.479e-02 ic=1.077e-03 wall=6.636e-03 inlet=1.464e-03 outlet=1.856e-05 lr=5.000e-04 | λ[f=1.00 ic=1.00 wall=5.00 inlet=5.00 outlet=1.00]
Saved PyTorch checkpoint to results/checkpoints/none_5090/best.pt
Saved PyTorch checkpoint to results/checkpoints/none_5090/best.pt
Saved PyTorch checkpoint to results/checkpoints/none_5090/best.pt
Saved PyTorch checkpoint to results/checkpoints/none_5090/best.pt
Adam 6100 | total=4.983e-02 f=1.243e-02 ic=7.968e-04 wall=5.667e-03 inlet=1.650e-03 outlet=2.060e-05 lr=5.000e-04 | λ[f=1.00 ic=1.00 wall=5.00 inlet=5.00 outlet=1.00]
Saved PyTorch checkpoint to results/checkpoints/none_5090/best.pt
Saved PyTorch checkpoint to results/checkpoints/none_5090/best.pt
Saved PyTorch checkpoint to results/checkpoints/none_5090/best.pt
Saved PyTorch checkpoint to results/checkpoints/none_5090/best.pt
Saved PyTorch checkpoint to results/checkpoints/none_5090/best.pt
Saved PyTorch checkpoint to results/checkpoints/none_5090/best.pt
Saved PyTorch checkpoint to results/checkpoints/none_5090/best.pt
Saved PyTorch checkpoint to results/checkpoints/none_5090/best.pt
Saved PyTorch checkpoint to results/checkpoints/none_5090/best.pt
Saved PyTorch checkpoint to results/checkpoints/none_5090/best.pt
Adam 6200 | total=4.784e-02 f=1.193e-02 ic=8.088e-04 wall=5.580e-03 inlet=1.436e-03 outlet=2.135e-05 lr=5.000e-04 | λ[f=1.00 ic=1.00 wall=5.00 inlet=5.00 outlet=1.00]
Saved PyTorch checkpoint to results/checkpoints/none_5090/best.pt
Saved PyTorch checkpoint to results/checkpoints/none_5090/best.pt
Saved PyTorch checkpoint to results/checkpoints/none_5090/best.pt
Saved PyTorch checkpoint to results/checkpoints/none_5090/best.pt
Saved PyTorch checkpoint to results/checkpoints/none_5090/best.pt
Saved PyTorch checkpoint to results/checkpoints/none_5090/best.pt
Saved PyTorch checkpoint to results/checkpoints/none_5090/best.pt
Saved PyTorch checkpoint to results/checkpoints/none_5090/best.pt
Saved PyTorch checkpoint to results/checkpoints/none_5090/best.pt
Saved PyTorch checkpoint to results/checkpoints/none_5090/best.pt
Saved PyTorch checkpoint to results/checkpoints/none_5090/best.pt
Saved PyTorch checkpoint to results/checkpoints/none_5090/best.pt
Saved PyTorch checkpoint to results/checkpoints/none_5090/best.pt
Saved PyTorch checkpoint to results/checkpoints/none_5090/best.pt
Adam 6300 | total=4.914e-02 f=1.200e-02 ic=6.457e-04 wall=4.946e-03 inlet=2.350e-03 outlet=2.347e-05 lr=5.000e-04 | λ[f=1.00 ic=1.00 wall=5.00 inlet=5.00 outlet=1.00]
Saved PyTorch checkpoint to results/checkpoints/none_5090/best.pt
Saved PyTorch checkpoint to results/checkpoints/none_5090/best.pt
Saved PyTorch checkpoint to results/checkpoints/none_5090/best.pt
Saved PyTorch checkpoint to results/checkpoints/none_5090/best.pt
Saved PyTorch checkpoint to results/checkpoints/none_5090/best.pt
Saved PyTorch checkpoint to results/checkpoints/none_5090/best.pt
Saved PyTorch checkpoint to results/checkpoints/none_5090/best.pt
Saved PyTorch checkpoint to results/checkpoints/none_5090/best.pt
Adam 6400 | total=4.679e-02 f=1.246e-02 ic=8.444e-04 wall=5.449e-03 inlet=1.245e-03 outlet=2.629e-05 lr=5.000e-04 | λ[f=1.00 ic=1.00 wall=5.00 inlet=5.00 outlet=1.00]
Saved PyTorch checkpoint to results/checkpoints/none_5090/best.pt
Saved PyTorch checkpoint to results/checkpoints/none_5090/best.pt
Saved PyTorch checkpoint to results/checkpoints/none_5090/best.pt
Saved PyTorch checkpoint to results/checkpoints/none_5090/best.pt
Saved PyTorch checkpoint to results/checkpoints/none_5090/best.pt
Saved PyTorch checkpoint to results/checkpoints/none_5090/best.pt
Adam 6500 | total=4.751e-02 f=1.267e-02 ic=9.299e-04 wall=5.584e-03 inlet=1.193e-03 outlet=2.181e-05 lr=5.000e-04 | λ[f=1.00 ic=1.00 wall=5.00 inlet=5.00 outlet=1.00]
Saved PyTorch checkpoint to results/checkpoints/none_5090/best.pt
Saved PyTorch checkpoint to results/checkpoints/none_5090/best.pt
Saved PyTorch checkpoint to results/checkpoints/none_5090/best.pt
Saved PyTorch checkpoint to results/checkpoints/none_5090/best.pt
Saved PyTorch checkpoint to results/checkpoints/none_5090/best.pt
Saved PyTorch checkpoint to results/checkpoints/none_5090/best.pt
Saved PyTorch checkpoint to results/checkpoints/none_5090/best.pt
Saved PyTorch checkpoint to results/checkpoints/none_5090/best.pt
Saved PyTorch checkpoint to results/checkpoints/none_5090/best.pt
Saved PyTorch checkpoint to results/checkpoints/none_5090/best.pt
Saved PyTorch checkpoint to results/checkpoints/none_5090/best.pt
Adam 6600 | total=4.424e-02 f=1.200e-02 ic=7.635e-04 wall=4.955e-03 inlet=1.335e-03 outlet=2.967e-05 lr=5.000e-04 | λ[f=1.00 ic=1.00 wall=5.00 inlet=5.00 outlet=1.00]
Saved PyTorch checkpoint to results/checkpoints/none_5090/best.pt
Saved PyTorch checkpoint to results/checkpoints/none_5090/best.pt
Saved PyTorch checkpoint to results/checkpoints/none_5090/best.pt
Saved PyTorch checkpoint to results/checkpoints/none_5090/best.pt
Saved PyTorch checkpoint to results/checkpoints/none_5090/best.pt
Saved PyTorch checkpoint to results/checkpoints/none_5090/best.pt
Saved PyTorch checkpoint to results/checkpoints/none_5090/best.pt
Saved PyTorch checkpoint to results/checkpoints/none_5090/best.pt
Saved PyTorch checkpoint to results/checkpoints/none_5090/best.pt
Saved PyTorch checkpoint to results/checkpoints/none_5090/best.pt
Saved PyTorch checkpoint to results/checkpoints/none_5090/best.pt
Adam 6700 | total=4.419e-02 f=1.266e-02 ic=7.669e-04 wall=4.809e-03 inlet=1.337e-03 outlet=2.813e-05 lr=5.000e-04 | λ[f=1.00 ic=1.00 wall=5.00 inlet=5.00 outlet=1.00]
Saved PyTorch checkpoint to results/checkpoints/none_5090/best.pt
Saved PyTorch checkpoint to results/checkpoints/none_5090/best.pt
Saved PyTorch checkpoint to results/checkpoints/none_5090/best.pt
Saved PyTorch checkpoint to results/checkpoints/none_5090/best.pt
Saved PyTorch checkpoint to results/checkpoints/none_5090/best.pt
Saved PyTorch checkpoint to results/checkpoints/none_5090/best.pt
Saved PyTorch checkpoint to results/checkpoints/none_5090/best.pt
Saved PyTorch checkpoint to results/checkpoints/none_5090/best.pt
Saved PyTorch checkpoint to results/checkpoints/none_5090/best.pt
Saved PyTorch checkpoint to results/checkpoints/none_5090/best.pt
Adam 6800 | total=5.049e-02 f=1.418e-02 ic=7.059e-04 wall=4.232e-03 inlet=2.881e-03 outlet=3.684e-05 lr=5.000e-04 | λ[f=1.00 ic=1.00 wall=5.00 inlet=5.00 outlet=1.00]
Saved PyTorch checkpoint to results/checkpoints/none_5090/best.pt
Saved PyTorch checkpoint to results/checkpoints/none_5090/best.pt
Saved PyTorch checkpoint to results/checkpoints/none_5090/best.pt
Saved PyTorch checkpoint to results/checkpoints/none_5090/best.pt
Saved PyTorch checkpoint to results/checkpoints/none_5090/best.pt
Saved PyTorch checkpoint to results/checkpoints/none_5090/best.pt
Saved PyTorch checkpoint to results/checkpoints/none_5090/best.pt
Saved PyTorch checkpoint to results/checkpoints/none_5090/best.pt
Saved PyTorch checkpoint to results/checkpoints/none_5090/best.pt
Saved PyTorch checkpoint to results/checkpoints/none_5090/best.pt
Adam 6900 | total=4.191e-02 f=1.223e-02 ic=7.365e-04 wall=4.487e-03 inlet=1.296e-03 outlet=3.410e-05 lr=5.000e-04 | λ[f=1.00 ic=1.00 wall=5.00 inlet=5.00 outlet=1.00]
Saved PyTorch checkpoint to results/checkpoints/none_5090/best.pt
Saved PyTorch checkpoint to results/checkpoints/none_5090/best.pt
Saved PyTorch checkpoint to results/checkpoints/none_5090/best.pt
Saved PyTorch checkpoint to results/checkpoints/none_5090/best.pt
Saved PyTorch checkpoint to results/checkpoints/none_5090/best.pt
Saved PyTorch checkpoint to results/checkpoints/none_5090/best.pt
Saved PyTorch checkpoint to results/checkpoints/none_5090/best.pt
Saved PyTorch checkpoint to results/checkpoints/none_5090/best.pt
Saved PyTorch checkpoint to results/checkpoints/none_5090/best.pt
Saved PyTorch checkpoint to results/checkpoints/none_5090/best.pt
Saved PyTorch checkpoint to results/checkpoints/none_5090/best.pt
Saved PyTorch checkpoint to results/checkpoints/none_5090/best.pt
Saved PyTorch checkpoint to results/checkpoints/none_5090/best.pt
Saved PyTorch checkpoint to results/checkpoints/none_5090/best.pt
Saved PyTorch checkpoint to results/checkpoints/none_5090/best.pt
Saved PyTorch checkpoint to results/checkpoints/none_5090/best.pt
Saved PyTorch checkpoint to results/checkpoints/none_5090/best.pt
Saved PyTorch checkpoint to results/checkpoints/none_5090/best.pt
Adam 7000 | total=4.181e-02 f=1.261e-02 ic=7.437e-04 wall=4.355e-03 inlet=1.330e-03 outlet=3.709e-05 lr=5.000e-04 | λ[f=1.00 ic=1.00 wall=5.00 inlet=5.00 outlet=1.00]
Saved PyTorch checkpoint to results/checkpoints/none_5090/best.pt
Saved PyTorch checkpoint to results/checkpoints/none_5090/best.pt
Saved PyTorch checkpoint to results/checkpoints/none_5090/best.pt
Saved PyTorch checkpoint to results/checkpoints/none_5090/best.pt
Saved PyTorch checkpoint to results/checkpoints/none_5090/best.pt
Saved PyTorch checkpoint to results/checkpoints/none_5090/best.pt
Saved PyTorch checkpoint to results/checkpoints/none_5090/best.pt
Adam 7100 | total=4.587e-02 f=1.529e-02 ic=7.669e-04 wall=4.270e-03 inlet=1.684e-03 outlet=4.319e-05 lr=5.000e-04 | λ[f=1.00 ic=1.00 wall=5.00 inlet=5.00 outlet=1.00]
Saved PyTorch checkpoint to results/checkpoints/none_5090/best.pt
Saved PyTorch checkpoint to results/checkpoints/none_5090/best.pt
Saved PyTorch checkpoint to results/checkpoints/none_5090/best.pt
Saved PyTorch checkpoint to results/checkpoints/none_5090/best.pt
Saved PyTorch checkpoint to results/checkpoints/none_5090/best.pt
Saved PyTorch checkpoint to results/checkpoints/none_5090/best.pt
Saved PyTorch checkpoint to results/checkpoints/none_5090/best.pt
Adam 7200 | total=7.249e-02 f=3.118e-02 ic=1.030e-03 wall=4.889e-03 inlet=3.163e-03 outlet=2.693e-05 lr=5.000e-04 | λ[f=1.00 ic=1.00 wall=5.00 inlet=5.00 outlet=1.00]
Saved PyTorch checkpoint to results/checkpoints/none_5090/best.pt
Saved PyTorch checkpoint to results/checkpoints/none_5090/best.pt
Saved PyTorch checkpoint to results/checkpoints/none_5090/best.pt
Saved PyTorch checkpoint to results/checkpoints/none_5090/best.pt
Saved PyTorch checkpoint to results/checkpoints/none_5090/best.pt
Saved PyTorch checkpoint to results/checkpoints/none_5090/best.pt
Saved PyTorch checkpoint to results/checkpoints/none_5090/best.pt
Saved PyTorch checkpoint to results/checkpoints/none_5090/best.pt
Saved PyTorch checkpoint to results/checkpoints/none_5090/best.pt
Saved PyTorch checkpoint to results/checkpoints/none_5090/best.pt
Adam 7300 | total=4.103e-02 f=1.294e-02 ic=9.135e-04 wall=4.496e-03 inlet=9.319e-04 outlet=3.607e-05 lr=5.000e-04 | λ[f=1.00 ic=1.00 wall=5.00 inlet=5.00 outlet=1.00]
Saved PyTorch checkpoint to results/checkpoints/none_5090/best.pt
Saved PyTorch checkpoint to results/checkpoints/none_5090/best.pt
Saved PyTorch checkpoint to results/checkpoints/none_5090/best.pt
Saved PyTorch checkpoint to results/checkpoints/none_5090/best.pt
Saved PyTorch checkpoint to results/checkpoints/none_5090/best.pt
Saved PyTorch checkpoint to results/checkpoints/none_5090/best.pt
Saved PyTorch checkpoint to results/checkpoints/none_5090/best.pt
Saved PyTorch checkpoint to results/checkpoints/none_5090/best.pt
Saved PyTorch checkpoint to results/checkpoints/none_5090/best.pt
Saved PyTorch checkpoint to results/checkpoints/none_5090/best.pt
Saved PyTorch checkpoint to results/checkpoints/none_5090/best.pt
Adam 7400 | total=3.900e-02 f=1.236e-02 ic=7.707e-04 wall=3.986e-03 inlet=1.179e-03 outlet=4.511e-05 lr=5.000e-04 | λ[f=1.00 ic=1.00 wall=5.00 inlet=5.00 outlet=1.00]
Saved PyTorch checkpoint to results/checkpoints/none_5090/best.pt
Saved PyTorch checkpoint to results/checkpoints/none_5090/best.pt
Saved PyTorch checkpoint to results/checkpoints/none_5090/best.pt
Saved PyTorch checkpoint to results/checkpoints/none_5090/best.pt
Saved PyTorch checkpoint to results/checkpoints/none_5090/best.pt
Saved PyTorch checkpoint to results/checkpoints/none_5090/best.pt
Saved PyTorch checkpoint to results/checkpoints/none_5090/best.pt
Saved PyTorch checkpoint to results/checkpoints/none_5090/best.pt
Saved PyTorch checkpoint to results/checkpoints/none_5090/best.pt
Saved PyTorch checkpoint to results/checkpoints/none_5090/best.pt
Saved PyTorch checkpoint to results/checkpoints/none_5090/best.pt
Saved PyTorch checkpoint to results/checkpoints/none_5090/best.pt
Saved PyTorch checkpoint to results/checkpoints/none_5090/best.pt
Saved PyTorch checkpoint to results/checkpoints/none_5090/best.pt
Saved PyTorch checkpoint to results/checkpoints/none_5090/best.pt
Saved PyTorch checkpoint to results/checkpoints/none_5090/best.pt
Saved PyTorch checkpoint to results/checkpoints/none_5090/best.pt
Saved PyTorch checkpoint to results/checkpoints/none_5090/best.pt
Saved PyTorch checkpoint to results/checkpoints/none_5090/best.pt
Saved PyTorch checkpoint to results/checkpoints/none_5090/best.pt
Saved PyTorch checkpoint to results/checkpoints/none_5090/best.pt
Saved PyTorch checkpoint to results/checkpoints/none_5090/best.pt
Saved PyTorch checkpoint to results/checkpoints/none_5090/best.pt
Saved PyTorch checkpoint to results/checkpoints/none_5090/best.pt
Saved PyTorch checkpoint to results/checkpoints/none_5090/best.pt
Saved PyTorch checkpoint to results/checkpoints/none_5090/best.pt
Saved PyTorch checkpoint to results/checkpoints/none_5090/best.pt
Saved PyTorch checkpoint to results/checkpoints/none_5090/best.pt
Saved PyTorch checkpoint to results/checkpoints/none_5090/best.pt
Adam 7500 | total=3.854e-02 f=1.242e-02 ic=7.168e-04 wall=3.759e-03 inlet=1.312e-03 outlet=4.883e-05 lr=5.000e-04 | λ[f=1.00 ic=1.00 wall=5.00 inlet=5.00 outlet=1.00]
Saved PyTorch checkpoint to results/checkpoints/none_5090/best.pt
Saved PyTorch checkpoint to results/checkpoints/none_5090/best.pt
Saved PyTorch checkpoint to results/checkpoints/none_5090/best.pt
Saved PyTorch checkpoint to results/checkpoints/none_5090/best.pt
Saved PyTorch checkpoint to results/checkpoints/none_5090/best.pt
Saved PyTorch checkpoint to results/checkpoints/none_5090/best.pt
Saved PyTorch checkpoint to results/checkpoints/none_5090/best.pt
Saved PyTorch checkpoint to results/checkpoints/none_5090/best.pt
Saved PyTorch checkpoint to results/checkpoints/none_5090/best.pt
Saved PyTorch checkpoint to results/checkpoints/none_5090/best.pt
Saved PyTorch checkpoint to results/checkpoints/none_5090/best.pt
Saved PyTorch checkpoint to results/checkpoints/none_5090/best.pt
Saved PyTorch checkpoint to results/checkpoints/none_5090/best.pt
Saved PyTorch checkpoint to results/checkpoints/none_5090/best.pt
Saved PyTorch checkpoint to results/checkpoints/none_5090/best.pt
Saved PyTorch checkpoint to results/checkpoints/none_5090/best.pt
Saved PyTorch checkpoint to results/checkpoints/none_5090/best.pt
Saved PyTorch checkpoint to results/checkpoints/none_5090/best.pt
Saved PyTorch checkpoint to results/checkpoints/none_5090/best.pt
Saved PyTorch checkpoint to results/checkpoints/none_5090/best.pt
Saved PyTorch checkpoint to results/checkpoints/none_5090/best.pt
Saved PyTorch checkpoint to results/checkpoints/none_5090/best.pt
Saved PyTorch checkpoint to results/checkpoints/none_5090/best.pt
Saved PyTorch checkpoint to results/checkpoints/none_5090/best.pt
Saved PyTorch checkpoint to results/checkpoints/none_5090/best.pt
Saved PyTorch checkpoint to results/checkpoints/none_5090/best.pt
Adam 7600 | total=3.751e-02 f=1.215e-02 ic=7.399e-04 wall=3.769e-03 inlet=1.148e-03 outlet=4.020e-05 lr=5.000e-04 | λ[f=1.00 ic=1.00 wall=5.00 inlet=5.00 outlet=1.00]
Saved PyTorch checkpoint to results/checkpoints/none_5090/best.pt
Saved PyTorch checkpoint to results/checkpoints/none_5090/best.pt
Saved PyTorch checkpoint to results/checkpoints/none_5090/best.pt
Saved PyTorch checkpoint to results/checkpoints/none_5090/best.pt
Saved PyTorch checkpoint to results/checkpoints/none_5090/best.pt
Saved PyTorch checkpoint to results/checkpoints/none_5090/best.pt
Saved PyTorch checkpoint to results/checkpoints/none_5090/best.pt
Saved PyTorch checkpoint to results/checkpoints/none_5090/best.pt
Saved PyTorch checkpoint to results/checkpoints/none_5090/best.pt
Saved PyTorch checkpoint to results/checkpoints/none_5090/best.pt
Saved PyTorch checkpoint to results/checkpoints/none_5090/best.pt
Saved PyTorch checkpoint to results/checkpoints/none_5090/best.pt
Saved PyTorch checkpoint to results/checkpoints/none_5090/best.pt
Saved PyTorch checkpoint to results/checkpoints/none_5090/best.pt
Saved PyTorch checkpoint to results/checkpoints/none_5090/best.pt
Saved PyTorch checkpoint to results/checkpoints/none_5090/best.pt
Saved PyTorch checkpoint to results/checkpoints/none_5090/best.pt
Saved PyTorch checkpoint to results/checkpoints/none_5090/best.pt
Saved PyTorch checkpoint to results/checkpoints/none_5090/best.pt
Saved PyTorch checkpoint to results/checkpoints/none_5090/best.pt
Saved PyTorch checkpoint to results/checkpoints/none_5090/best.pt
Saved PyTorch checkpoint to results/checkpoints/none_5090/best.pt
Saved PyTorch checkpoint to results/checkpoints/none_5090/best.pt
Adam 7700 | total=4.341e-02 f=1.455e-02 ic=7.352e-04 wall=3.389e-03 inlet=2.229e-03 outlet=3.827e-05 lr=5.000e-04 | λ[f=1.00 ic=1.00 wall=5.00 inlet=5.00 outlet=1.00]
Saved PyTorch checkpoint to results/checkpoints/none_5090/best.pt
Saved PyTorch checkpoint to results/checkpoints/none_5090/best.pt
Saved PyTorch checkpoint to results/checkpoints/none_5090/best.pt
Saved PyTorch checkpoint to results/checkpoints/none_5090/best.pt
Saved PyTorch checkpoint to results/checkpoints/none_5090/best.pt
Saved PyTorch checkpoint to results/checkpoints/none_5090/best.pt
Saved PyTorch checkpoint to results/checkpoints/none_5090/best.pt
Saved PyTorch checkpoint to results/checkpoints/none_5090/best.pt
Saved PyTorch checkpoint to results/checkpoints/none_5090/best.pt
Saved PyTorch checkpoint to results/checkpoints/none_5090/best.pt
Saved PyTorch checkpoint to results/checkpoints/none_5090/best.pt
Saved PyTorch checkpoint to results/checkpoints/none_5090/best.pt
Saved PyTorch checkpoint to results/checkpoints/none_5090/best.pt
Saved PyTorch checkpoint to results/checkpoints/none_5090/best.pt
Adam 7800 | total=3.639e-02 f=1.238e-02 ic=8.122e-04 wall=3.675e-03 inlet=9.549e-04 outlet=4.307e-05 lr=5.000e-04 | λ[f=1.00 ic=1.00 wall=5.00 inlet=5.00 outlet=1.00]
Saved PyTorch checkpoint to results/checkpoints/none_5090/best.pt
Saved PyTorch checkpoint to results/checkpoints/none_5090/best.pt
Saved PyTorch checkpoint to results/checkpoints/none_5090/best.pt
Saved PyTorch checkpoint to results/checkpoints/none_5090/best.pt
Saved PyTorch checkpoint to results/checkpoints/none_5090/best.pt
Saved PyTorch checkpoint to results/checkpoints/none_5090/best.pt
Saved PyTorch checkpoint to results/checkpoints/none_5090/best.pt
Saved PyTorch checkpoint to results/checkpoints/none_5090/best.pt
Saved PyTorch checkpoint to results/checkpoints/none_5090/best.pt
Saved PyTorch checkpoint to results/checkpoints/none_5090/best.pt
Saved PyTorch checkpoint to results/checkpoints/none_5090/best.pt
Saved PyTorch checkpoint to results/checkpoints/none_5090/best.pt
Saved PyTorch checkpoint to results/checkpoints/none_5090/best.pt
Saved PyTorch checkpoint to results/checkpoints/none_5090/best.pt
Saved PyTorch checkpoint to results/checkpoints/none_5090/best.pt
Saved PyTorch checkpoint to results/checkpoints/none_5090/best.pt
Saved PyTorch checkpoint to results/checkpoints/none_5090/best.pt
Saved PyTorch checkpoint to results/checkpoints/none_5090/best.pt
Saved PyTorch checkpoint to results/checkpoints/none_5090/best.pt
Saved PyTorch checkpoint to results/checkpoints/none_5090/best.pt
Saved PyTorch checkpoint to results/checkpoints/none_5090/best.pt
Saved PyTorch checkpoint to results/checkpoints/none_5090/best.pt
Saved PyTorch checkpoint to results/checkpoints/none_5090/best.pt
Saved PyTorch checkpoint to results/checkpoints/none_5090/best.pt
Saved PyTorch checkpoint to results/checkpoints/none_5090/best.pt
Saved PyTorch checkpoint to results/checkpoints/none_5090/best.pt
Saved PyTorch checkpoint to results/checkpoints/none_5090/best.pt
Saved PyTorch checkpoint to results/checkpoints/none_5090/best.pt
Saved PyTorch checkpoint to results/checkpoints/none_5090/best.pt
Saved PyTorch checkpoint to results/checkpoints/none_5090/best.pt
Saved PyTorch checkpoint to results/checkpoints/none_5090/best.pt
Saved PyTorch checkpoint to results/checkpoints/none_5090/best.pt
Saved PyTorch checkpoint to results/checkpoints/none_5090/best.pt
Saved PyTorch checkpoint to results/checkpoints/none_5090/best.pt
Saved PyTorch checkpoint to results/checkpoints/none_5090/best.pt
Saved PyTorch checkpoint to results/checkpoints/none_5090/best.pt
Saved PyTorch checkpoint to results/checkpoints/none_5090/best.pt
Saved PyTorch checkpoint to results/checkpoints/none_5090/best.pt
Saved PyTorch checkpoint to results/checkpoints/none_5090/best.pt
Saved PyTorch checkpoint to results/checkpoints/none_5090/best.pt
Saved PyTorch checkpoint to results/checkpoints/none_5090/best.pt
Saved PyTorch checkpoint to results/checkpoints/none_5090/best.pt
Saved PyTorch checkpoint to results/checkpoints/none_5090/best.pt
Saved PyTorch checkpoint to results/checkpoints/none_5090/best.pt
Saved PyTorch checkpoint to results/checkpoints/none_5090/best.pt
Saved PyTorch checkpoint to results/checkpoints/none_5090/best.pt
Saved PyTorch checkpoint to results/checkpoints/none_5090/best.pt
Saved PyTorch checkpoint to results/checkpoints/none_5090/best.pt
Saved PyTorch checkpoint to results/checkpoints/none_5090/best.pt
Adam 7900 | total=6.064e-02 f=2.200e-02 ic=1.678e-03 wall=5.795e-03 inlet=1.588e-03 outlet=4.830e-05 lr=5.000e-04 | λ[f=1.00 ic=1.00 wall=5.00 inlet=5.00 outlet=1.00]
Saved PyTorch checkpoint to results/checkpoints/none_5090/best.pt
Saved PyTorch checkpoint to results/checkpoints/none_5090/best.pt
Saved PyTorch checkpoint to results/checkpoints/none_5090/best.pt
Saved PyTorch checkpoint to results/checkpoints/none_5090/best.pt
Saved PyTorch checkpoint to results/checkpoints/none_5090/best.pt
Saved PyTorch checkpoint to results/checkpoints/none_5090/best.pt
Saved PyTorch checkpoint to results/checkpoints/none_5090/best.pt
Adam 8000 | total=3.588e-02 f=1.290e-02 ic=8.893e-04 wall=3.686e-03 inlet=7.228e-04 outlet=4.442e-05 lr=5.000e-04 | λ[f=1.00 ic=1.00 wall=5.00 inlet=5.00 outlet=1.00]
Saved PyTorch checkpoint to results/checkpoints/none_5090/best.pt
Saved PyTorch checkpoint to results/checkpoints/none_5090/best.pt
Saved PyTorch checkpoint to results/checkpoints/none_5090/best.pt
Saved PyTorch checkpoint to results/checkpoints/none_5090/best.pt
Saved PyTorch checkpoint to results/checkpoints/none_5090/best.pt
Saved PyTorch checkpoint to results/checkpoints/none_5090/best.pt
Saved PyTorch checkpoint to results/checkpoints/none_5090/best.pt
Saved PyTorch checkpoint to results/checkpoints/none_5090/best.pt
Saved PyTorch checkpoint to results/checkpoints/none_5090/best.pt
Saved PyTorch checkpoint to results/checkpoints/none_5090/best.pt
Saved PyTorch checkpoint to results/checkpoints/none_5090/best.pt
Saved PyTorch checkpoint to results/checkpoints/none_5090/best.pt
Saved PyTorch checkpoint to results/checkpoints/none_5090/best.pt
Saved PyTorch checkpoint to results/checkpoints/none_5090/best.pt
Saved PyTorch checkpoint to results/checkpoints/none_5090/best.pt
Saved PyTorch checkpoint to results/checkpoints/none_5090/best.pt
Saved PyTorch checkpoint to results/checkpoints/none_5090/best.pt
Saved PyTorch checkpoint to results/checkpoints/none_5090/best.pt
Saved PyTorch checkpoint to results/checkpoints/none_5090/best.pt
Saved PyTorch checkpoint to results/checkpoints/none_5090/best.pt
Saved PyTorch checkpoint to results/checkpoints/none_5090/best.pt
Saved PyTorch checkpoint to results/checkpoints/none_5090/best.pt
Adam 8100 | total=3.539e-02 f=1.295e-02 ic=8.008e-04 wall=3.321e-03 inlet=9.975e-04 outlet=4.501e-05 lr=5.000e-04 | λ[f=1.00 ic=1.00 wall=5.00 inlet=5.00 outlet=1.00]
Saved PyTorch checkpoint to results/checkpoints/none_5090/best.pt
Saved PyTorch checkpoint to results/checkpoints/none_5090/best.pt
Saved PyTorch checkpoint to results/checkpoints/none_5090/best.pt
Saved PyTorch checkpoint to results/checkpoints/none_5090/best.pt
Saved PyTorch checkpoint to results/checkpoints/none_5090/best.pt
Saved PyTorch checkpoint to results/checkpoints/none_5090/best.pt
Saved PyTorch checkpoint to results/checkpoints/none_5090/best.pt
Saved PyTorch checkpoint to results/checkpoints/none_5090/best.pt
Saved PyTorch checkpoint to results/checkpoints/none_5090/best.pt
Saved PyTorch checkpoint to results/checkpoints/none_5090/best.pt
Adam 8200 | total=3.338e-02 f=1.213e-02 ic=8.148e-04 wall=3.230e-03 inlet=8.482e-04 outlet=4.834e-05 lr=5.000e-04 | λ[f=1.00 ic=1.00 wall=5.00 inlet=5.00 outlet=1.00]
Saved PyTorch checkpoint to results/checkpoints/none_5090/best.pt
Saved PyTorch checkpoint to results/checkpoints/none_5090/best.pt
Saved PyTorch checkpoint to results/checkpoints/none_5090/best.pt
Saved PyTorch checkpoint to results/checkpoints/none_5090/best.pt
Saved PyTorch checkpoint to results/checkpoints/none_5090/best.pt
Saved PyTorch checkpoint to results/checkpoints/none_5090/best.pt
Saved PyTorch checkpoint to results/checkpoints/none_5090/best.pt
Saved PyTorch checkpoint to results/checkpoints/none_5090/best.pt
Saved PyTorch checkpoint to results/checkpoints/none_5090/best.pt
Saved PyTorch checkpoint to results/checkpoints/none_5090/best.pt
Saved PyTorch checkpoint to results/checkpoints/none_5090/best.pt
Saved PyTorch checkpoint to results/checkpoints/none_5090/best.pt
Saved PyTorch checkpoint to results/checkpoints/none_5090/best.pt
Saved PyTorch checkpoint to results/checkpoints/none_5090/best.pt
Saved PyTorch checkpoint to results/checkpoints/none_5090/best.pt
Saved PyTorch checkpoint to results/checkpoints/none_5090/best.pt
Saved PyTorch checkpoint to results/checkpoints/none_5090/best.pt
Saved PyTorch checkpoint to results/checkpoints/none_5090/best.pt
Saved PyTorch checkpoint to results/checkpoints/none_5090/best.pt
Saved PyTorch checkpoint to results/checkpoints/none_5090/best.pt
Saved PyTorch checkpoint to results/checkpoints/none_5090/best.pt
Saved PyTorch checkpoint to results/checkpoints/none_5090/best.pt
Saved PyTorch checkpoint to results/checkpoints/none_5090/best.pt
Saved PyTorch checkpoint to results/checkpoints/none_5090/best.pt
Saved PyTorch checkpoint to results/checkpoints/none_5090/best.pt
Saved PyTorch checkpoint to results/checkpoints/none_5090/best.pt
Saved PyTorch checkpoint to results/checkpoints/none_5090/best.pt
Saved PyTorch checkpoint to results/checkpoints/none_5090/best.pt
Saved PyTorch checkpoint to results/checkpoints/none_5090/best.pt
Saved PyTorch checkpoint to results/checkpoints/none_5090/best.pt
Saved PyTorch checkpoint to results/checkpoints/none_5090/best.pt
Saved PyTorch checkpoint to results/checkpoints/none_5090/best.pt
Saved PyTorch checkpoint to results/checkpoints/none_5090/best.pt
Adam 8300 | total=3.352e-02 f=1.238e-02 ic=8.196e-04 wall=3.207e-03 inlet=8.472e-04 outlet=5.195e-05 lr=5.000e-04 | λ[f=1.00 ic=1.00 wall=5.00 inlet=5.00 outlet=1.00]
Saved PyTorch checkpoint to results/checkpoints/none_5090/best.pt
Saved PyTorch checkpoint to results/checkpoints/none_5090/best.pt
Saved PyTorch checkpoint to results/checkpoints/none_5090/best.pt
Saved PyTorch checkpoint to results/checkpoints/none_5090/best.pt
Saved PyTorch checkpoint to results/checkpoints/none_5090/best.pt
Saved PyTorch checkpoint to results/checkpoints/none_5090/best.pt
Saved PyTorch checkpoint to results/checkpoints/none_5090/best.pt
Saved PyTorch checkpoint to results/checkpoints/none_5090/best.pt
Saved PyTorch checkpoint to results/checkpoints/none_5090/best.pt
Saved PyTorch checkpoint to results/checkpoints/none_5090/best.pt
Saved PyTorch checkpoint to results/checkpoints/none_5090/best.pt
Saved PyTorch checkpoint to results/checkpoints/none_5090/best.pt
Saved PyTorch checkpoint to results/checkpoints/none_5090/best.pt
Saved PyTorch checkpoint to results/checkpoints/none_5090/best.pt
Saved PyTorch checkpoint to results/checkpoints/none_5090/best.pt
Saved PyTorch checkpoint to results/checkpoints/none_5090/best.pt
Saved PyTorch checkpoint to results/checkpoints/none_5090/best.pt
Saved PyTorch checkpoint to results/checkpoints/none_5090/best.pt
Saved PyTorch checkpoint to results/checkpoints/none_5090/best.pt
Saved PyTorch checkpoint to results/checkpoints/none_5090/best.pt
Saved PyTorch checkpoint to results/checkpoints/none_5090/best.pt
Saved PyTorch checkpoint to results/checkpoints/none_5090/best.pt
Saved PyTorch checkpoint to results/checkpoints/none_5090/best.pt
Saved PyTorch checkpoint to results/checkpoints/none_5090/best.pt
Saved PyTorch checkpoint to results/checkpoints/none_5090/best.pt
Saved PyTorch checkpoint to results/checkpoints/none_5090/best.pt
Saved PyTorch checkpoint to results/checkpoints/none_5090/best.pt
Saved PyTorch checkpoint to results/checkpoints/none_5090/best.pt
Saved PyTorch checkpoint to results/checkpoints/none_5090/best.pt
Saved PyTorch checkpoint to results/checkpoints/none_5090/best.pt
Saved PyTorch checkpoint to results/checkpoints/none_5090/best.pt
Saved PyTorch checkpoint to results/checkpoints/none_5090/best.pt
Saved PyTorch checkpoint to results/checkpoints/none_5090/best.pt
Saved PyTorch checkpoint to results/checkpoints/none_5090/best.pt
Saved PyTorch checkpoint to results/checkpoints/none_5090/best.pt
Saved PyTorch checkpoint to results/checkpoints/none_5090/best.pt
Saved PyTorch checkpoint to results/checkpoints/none_5090/best.pt
Saved PyTorch checkpoint to results/checkpoints/none_5090/best.pt
Saved PyTorch checkpoint to results/checkpoints/none_5090/best.pt
Adam 8400 | total=4.060e-02 f=1.566e-02 ic=7.056e-04 wall=2.895e-03 inlet=1.940e-03 outlet=5.934e-05 lr=5.000e-04 | λ[f=1.00 ic=1.00 wall=5.00 inlet=5.00 outlet=1.00]
Saved PyTorch checkpoint to results/checkpoints/none_5090/best.pt
Saved PyTorch checkpoint to results/checkpoints/none_5090/best.pt
Saved PyTorch checkpoint to results/checkpoints/none_5090/best.pt
Saved PyTorch checkpoint to results/checkpoints/none_5090/best.pt
Saved PyTorch checkpoint to results/checkpoints/none_5090/best.pt
Saved PyTorch checkpoint to results/checkpoints/none_5090/best.pt
Saved PyTorch checkpoint to results/checkpoints/none_5090/best.pt
Saved PyTorch checkpoint to results/checkpoints/none_5090/best.pt
Saved PyTorch checkpoint to results/checkpoints/none_5090/best.pt
Saved PyTorch checkpoint to results/checkpoints/none_5090/best.pt
Adam 8500 | total=3.259e-02 f=1.241e-02 ic=8.228e-04 wall=3.041e-03 inlet=8.203e-04 outlet=5.283e-05 lr=5.000e-04 | λ[f=1.00 ic=1.00 wall=5.00 inlet=5.00 outlet=1.00]
Saved PyTorch checkpoint to results/checkpoints/none_5090/best.pt
Saved PyTorch checkpoint to results/checkpoints/none_5090/best.pt
Saved PyTorch checkpoint to results/checkpoints/none_5090/best.pt
Saved PyTorch checkpoint to results/checkpoints/none_5090/best.pt
Saved PyTorch checkpoint to results/checkpoints/none_5090/best.pt
Saved PyTorch checkpoint to results/checkpoints/none_5090/best.pt
Saved PyTorch checkpoint to results/checkpoints/none_5090/best.pt
Saved PyTorch checkpoint to results/checkpoints/none_5090/best.pt
Saved PyTorch checkpoint to results/checkpoints/none_5090/best.pt
Saved PyTorch checkpoint to results/checkpoints/none_5090/best.pt
Saved PyTorch checkpoint to results/checkpoints/none_5090/best.pt
Saved PyTorch checkpoint to results/checkpoints/none_5090/best.pt
Saved PyTorch checkpoint to results/checkpoints/none_5090/best.pt
Saved PyTorch checkpoint to results/checkpoints/none_5090/best.pt
Saved PyTorch checkpoint to results/checkpoints/none_5090/best.pt
Saved PyTorch checkpoint to results/checkpoints/none_5090/best.pt
Saved PyTorch checkpoint to results/checkpoints/none_5090/best.pt
Saved PyTorch checkpoint to results/checkpoints/none_5090/best.pt
Saved PyTorch checkpoint to results/checkpoints/none_5090/best.pt
Saved PyTorch checkpoint to results/checkpoints/none_5090/best.pt
Saved PyTorch checkpoint to results/checkpoints/none_5090/best.pt
Adam 8600 | total=3.113e-02 f=1.190e-02 ic=8.298e-04 wall=2.955e-03 inlet=7.151e-04 outlet=5.656e-05 lr=5.000e-04 | λ[f=1.00 ic=1.00 wall=5.00 inlet=5.00 outlet=1.00]
Saved PyTorch checkpoint to results/checkpoints/none_5090/best.pt
Saved PyTorch checkpoint to results/checkpoints/none_5090/best.pt
Saved PyTorch checkpoint to results/checkpoints/none_5090/best.pt
Saved PyTorch checkpoint to results/checkpoints/none_5090/best.pt
Saved PyTorch checkpoint to results/checkpoints/none_5090/best.pt
Saved PyTorch checkpoint to results/checkpoints/none_5090/best.pt
Saved PyTorch checkpoint to results/checkpoints/none_5090/best.pt
Saved PyTorch checkpoint to results/checkpoints/none_5090/best.pt
Saved PyTorch checkpoint to results/checkpoints/none_5090/best.pt
Saved PyTorch checkpoint to results/checkpoints/none_5090/best.pt
Saved PyTorch checkpoint to results/checkpoints/none_5090/best.pt
Saved PyTorch checkpoint to results/checkpoints/none_5090/best.pt
Saved PyTorch checkpoint to results/checkpoints/none_5090/best.pt
Saved PyTorch checkpoint to results/checkpoints/none_5090/best.pt
Saved PyTorch checkpoint to results/checkpoints/none_5090/best.pt
Saved PyTorch checkpoint to results/checkpoints/none_5090/best.pt
Saved PyTorch checkpoint to results/checkpoints/none_5090/best.pt
Saved PyTorch checkpoint to results/checkpoints/none_5090/best.pt
Adam 8700 | total=3.058e-02 f=1.191e-02 ic=8.045e-04 wall=2.819e-03 inlet=7.421e-04 outlet=5.568e-05 lr=5.000e-04 | λ[f=1.00 ic=1.00 wall=5.00 inlet=5.00 outlet=1.00]
Saved PyTorch checkpoint to results/checkpoints/none_5090/best.pt
Saved PyTorch checkpoint to results/checkpoints/none_5090/best.pt
Saved PyTorch checkpoint to results/checkpoints/none_5090/best.pt
Saved PyTorch checkpoint to results/checkpoints/none_5090/best.pt
Saved PyTorch checkpoint to results/checkpoints/none_5090/best.pt
Saved PyTorch checkpoint to results/checkpoints/none_5090/best.pt
Saved PyTorch checkpoint to results/checkpoints/none_5090/best.pt
Saved PyTorch checkpoint to results/checkpoints/none_5090/best.pt
Saved PyTorch checkpoint to results/checkpoints/none_5090/best.pt
Saved PyTorch checkpoint to results/checkpoints/none_5090/best.pt
Saved PyTorch checkpoint to results/checkpoints/none_5090/best.pt
Saved PyTorch checkpoint to results/checkpoints/none_5090/best.pt
Saved PyTorch checkpoint to results/checkpoints/none_5090/best.pt
Saved PyTorch checkpoint to results/checkpoints/none_5090/best.pt
Saved PyTorch checkpoint to results/checkpoints/none_5090/best.pt
Saved PyTorch checkpoint to results/checkpoints/none_5090/best.pt
Saved PyTorch checkpoint to results/checkpoints/none_5090/best.pt
Saved PyTorch checkpoint to results/checkpoints/none_5090/best.pt
Adam 8800 | total=3.008e-02 f=1.192e-02 ic=8.379e-04 wall=2.800e-03 inlet=6.531e-04 outlet=5.651e-05 lr=5.000e-04 | λ[f=1.00 ic=1.00 wall=5.00 inlet=5.00 outlet=1.00]
Saved PyTorch checkpoint to results/checkpoints/none_5090/best.pt
Saved PyTorch checkpoint to results/checkpoints/none_5090/best.pt
Saved PyTorch checkpoint to results/checkpoints/none_5090/best.pt
Saved PyTorch checkpoint to results/checkpoints/none_5090/best.pt
Saved PyTorch checkpoint to results/checkpoints/none_5090/best.pt
Saved PyTorch checkpoint to results/checkpoints/none_5090/best.pt
Saved PyTorch checkpoint to results/checkpoints/none_5090/best.pt
Saved PyTorch checkpoint to results/checkpoints/none_5090/best.pt
Saved PyTorch checkpoint to results/checkpoints/none_5090/best.pt
Adam 8900 | total=3.237e-02 f=1.356e-02 ic=8.904e-04 wall=2.914e-03 inlet=6.564e-04 outlet=6.334e-05 lr=5.000e-04 | λ[f=1.00 ic=1.00 wall=5.00 inlet=5.00 outlet=1.00]
Saved PyTorch checkpoint to results/checkpoints/none_5090/best.pt
Saved PyTorch checkpoint to results/checkpoints/none_5090/best.pt
Saved PyTorch checkpoint to results/checkpoints/none_5090/best.pt
Saved PyTorch checkpoint to results/checkpoints/none_5090/best.pt
Saved PyTorch checkpoint to results/checkpoints/none_5090/best.pt
Saved PyTorch checkpoint to results/checkpoints/none_5090/best.pt
Saved PyTorch checkpoint to results/checkpoints/none_5090/best.pt
Adam 9000 | total=2.962e-02 f=1.184e-02 ic=7.874e-04 wall=2.740e-03 inlet=6.468e-04 outlet=6.126e-05 lr=5.000e-04 | λ[f=1.00 ic=1.00 wall=5.00 inlet=5.00 outlet=1.00]
Saved PyTorch checkpoint to results/checkpoints/none_5090/best.pt
Saved PyTorch checkpoint to results/checkpoints/none_5090/best.pt
Saved PyTorch checkpoint to results/checkpoints/none_5090/best.pt
Saved PyTorch checkpoint to results/checkpoints/none_5090/best.pt
Saved PyTorch checkpoint to results/checkpoints/none_5090/best.pt
Saved PyTorch checkpoint to results/checkpoints/none_5090/best.pt
Saved PyTorch checkpoint to results/checkpoints/none_5090/best.pt
Saved PyTorch checkpoint to results/checkpoints/none_5090/best.pt
Saved PyTorch checkpoint to results/checkpoints/none_5090/best.pt
Adam 9100 | total=2.874e-02 f=1.167e-02 ic=7.739e-04 wall=2.510e-03 inlet=7.365e-04 outlet=5.782e-05 lr=5.000e-04 | λ[f=1.00 ic=1.00 wall=5.00 inlet=5.00 outlet=1.00]
Saved PyTorch checkpoint to results/checkpoints/none_5090/best.pt
Saved PyTorch checkpoint to results/checkpoints/none_5090/best.pt
Saved PyTorch checkpoint to results/checkpoints/none_5090/best.pt
Saved PyTorch checkpoint to results/checkpoints/none_5090/best.pt
Saved PyTorch checkpoint to results/checkpoints/none_5090/best.pt
Saved PyTorch checkpoint to results/checkpoints/none_5090/best.pt
Saved PyTorch checkpoint to results/checkpoints/none_5090/best.pt
Saved PyTorch checkpoint to results/checkpoints/none_5090/best.pt
Saved PyTorch checkpoint to results/checkpoints/none_5090/best.pt
Saved PyTorch checkpoint to results/checkpoints/none_5090/best.pt
Saved PyTorch checkpoint to results/checkpoints/none_5090/best.pt
Saved PyTorch checkpoint to results/checkpoints/none_5090/best.pt
Adam 9200 | total=2.807e-02 f=1.158e-02 ic=8.010e-04 wall=2.515e-03 inlet=6.105e-04 outlet=5.920e-05 lr=5.000e-04 | λ[f=1.00 ic=1.00 wall=5.00 inlet=5.00 outlet=1.00]
Saved PyTorch checkpoint to results/checkpoints/none_5090/best.pt
Saved PyTorch checkpoint to results/checkpoints/none_5090/best.pt
Saved PyTorch checkpoint to results/checkpoints/none_5090/best.pt
Saved PyTorch checkpoint to results/checkpoints/none_5090/best.pt
Saved PyTorch checkpoint to results/checkpoints/none_5090/best.pt
Saved PyTorch checkpoint to results/checkpoints/none_5090/best.pt
Saved PyTorch checkpoint to results/checkpoints/none_5090/best.pt
Saved PyTorch checkpoint to results/checkpoints/none_5090/best.pt
Adam 9300 | total=2.817e-02 f=1.161e-02 ic=7.437e-04 wall=2.382e-03 inlet=7.697e-04 outlet=5.719e-05 lr=5.000e-04 | λ[f=1.00 ic=1.00 wall=5.00 inlet=5.00 outlet=1.00]
Saved PyTorch checkpoint to results/checkpoints/none_5090/best.pt
Saved PyTorch checkpoint to results/checkpoints/none_5090/best.pt
Adam 9400 | total=2.909e-02 f=1.238e-02 ic=9.306e-04 wall=2.672e-03 inlet=4.719e-04 outlet=5.840e-05 lr=5.000e-04 | λ[f=1.00 ic=1.00 wall=5.00 inlet=5.00 outlet=1.00]
Adam 9500 | total=3.015e-02 f=1.334e-02 ic=7.117e-04 wall=2.247e-03 inlet=9.590e-04 outlet=7.392e-05 lr=5.000e-04 | λ[f=1.00 ic=1.00 wall=5.00 inlet=5.00 outlet=1.00]
Saved PyTorch checkpoint to results/checkpoints/none_5090/best.pt
Saved PyTorch checkpoint to results/checkpoints/none_5090/best.pt
Saved PyTorch checkpoint to results/checkpoints/none_5090/best.pt
Saved PyTorch checkpoint to results/checkpoints/none_5090/best.pt
Saved PyTorch checkpoint to results/checkpoints/none_5090/best.pt
Saved PyTorch checkpoint to results/checkpoints/none_5090/best.pt
Saved PyTorch checkpoint to results/checkpoints/none_5090/best.pt
Saved PyTorch checkpoint to results/checkpoints/none_5090/best.pt
Saved PyTorch checkpoint to results/checkpoints/none_5090/best.pt
Saved PyTorch checkpoint to results/checkpoints/none_5090/best.pt
Adam 9600 | total=5.461e-02 f=2.390e-02 ic=1.015e-03 wall=2.458e-03 inlet=3.465e-03 outlet=8.295e-05 lr=5.000e-04 | λ[f=1.00 ic=1.00 wall=5.00 inlet=5.00 outlet=1.00]
Saved PyTorch checkpoint to results/checkpoints/none_5090/best.pt
Saved PyTorch checkpoint to results/checkpoints/none_5090/best.pt
Saved PyTorch checkpoint to results/checkpoints/none_5090/best.pt
Saved PyTorch checkpoint to results/checkpoints/none_5090/best.pt
Saved PyTorch checkpoint to results/checkpoints/none_5090/best.pt
Saved PyTorch checkpoint to results/checkpoints/none_5090/best.pt
Saved PyTorch checkpoint to results/checkpoints/none_5090/best.pt
Saved PyTorch checkpoint to results/checkpoints/none_5090/best.pt
Saved PyTorch checkpoint to results/checkpoints/none_5090/best.pt
Saved PyTorch checkpoint to results/checkpoints/none_5090/best.pt
Saved PyTorch checkpoint to results/checkpoints/none_5090/best.pt
Saved PyTorch checkpoint to results/checkpoints/none_5090/best.pt
Saved PyTorch checkpoint to results/checkpoints/none_5090/best.pt
Adam 9700 | total=2.990e-02 f=1.343e-02 ic=7.943e-04 wall=2.327e-03 inlet=7.980e-04 outlet=5.606e-05 lr=5.000e-04 | λ[f=1.00 ic=1.00 wall=5.00 inlet=5.00 outlet=1.00]
Saved PyTorch checkpoint to results/checkpoints/none_5090/best.pt
Saved PyTorch checkpoint to results/checkpoints/none_5090/best.pt
Saved PyTorch checkpoint to results/checkpoints/none_5090/best.pt
Saved PyTorch checkpoint to results/checkpoints/none_5090/best.pt
Saved PyTorch checkpoint to results/checkpoints/none_5090/best.pt
Saved PyTorch checkpoint to results/checkpoints/none_5090/best.pt
Adam 9800 | total=2.573e-02 f=1.117e-02 ic=7.421e-04 wall=2.143e-03 inlet=6.097e-04 outlet=5.906e-05 lr=5.000e-04 | λ[f=1.00 ic=1.00 wall=5.00 inlet=5.00 outlet=1.00]
Saved PyTorch checkpoint to results/checkpoints/none_5090/best.pt
Saved PyTorch checkpoint to results/checkpoints/none_5090/best.pt
Saved PyTorch checkpoint to results/checkpoints/none_5090/best.pt
Saved PyTorch checkpoint to results/checkpoints/none_5090/best.pt
Saved PyTorch checkpoint to results/checkpoints/none_5090/best.pt
Saved PyTorch checkpoint to results/checkpoints/none_5090/best.pt
Saved PyTorch checkpoint to results/checkpoints/none_5090/best.pt
Saved PyTorch checkpoint to results/checkpoints/none_5090/best.pt
Saved PyTorch checkpoint to results/checkpoints/none_5090/best.pt
Saved PyTorch checkpoint to results/checkpoints/none_5090/best.pt
Saved PyTorch checkpoint to results/checkpoints/none_5090/best.pt
Saved PyTorch checkpoint to results/checkpoints/none_5090/best.pt
Saved PyTorch checkpoint to results/checkpoints/none_5090/best.pt
Saved PyTorch checkpoint to results/checkpoints/none_5090/best.pt
Saved PyTorch checkpoint to results/checkpoints/none_5090/best.pt
Adam 9900 | total=2.573e-02 f=1.141e-02 ic=7.945e-04 wall=2.204e-03 inlet=4.868e-04 outlet=6.589e-05 lr=5.000e-04 | λ[f=1.00 ic=1.00 wall=5.00 inlet=5.00 outlet=1.00]
Saved PyTorch checkpoint to results/checkpoints/none_5090/best.pt
Saved PyTorch checkpoint to results/checkpoints/none_5090/best.pt
Saved PyTorch checkpoint to results/checkpoints/none_5090/best.pt
Saved PyTorch checkpoint to results/checkpoints/none_5090/best.pt
Saved PyTorch checkpoint to results/checkpoints/none_5090/best.pt
Saved PyTorch checkpoint to results/checkpoints/none_5090/best.pt
Saved PyTorch checkpoint to results/checkpoints/none_5090/best.pt
Adam 10000 | total=3.431e-02 f=1.737e-02 ic=7.921e-04 wall=2.231e-03 inlet=9.796e-04 outlet=8.489e-05 lr=5.000e-04 | λ[f=1.00 ic=1.00 wall=5.00 inlet=5.00 outlet=1.00]
LBFGS 1 | total=3.257e-02 f=1.615e-02 ic=8.236e-04 wall=2.215e-03 inlet=8.939e-04 outlet=5.096e-05
LBFGS 100 | total=2.304e-02 f=1.175e-02 ic=7.635e-04 wall=1.682e-03 inlet=4.069e-04 outlet=8.362e-05
LBFGS 200 | total=2.062e-02 f=1.107e-02 ic=6.887e-04 wall=1.410e-03 inlet=3.527e-04 outlet=5.431e-05
LBFGS 300 | total=1.904e-02 f=1.042e-02 ic=6.380e-04 wall=1.258e-03 inlet=3.245e-04 outlet=7.134e-05
LBFGS 400 | total=1.738e-02 f=9.722e-03 ic=5.527e-04 wall=1.160e-03 inlet=2.509e-04 outlet=5.226e-05
LBFGS 500 | total=1.612e-02 f=9.391e-03 ic=5.409e-04 wall=1.005e-03 inlet=2.181e-04 outlet=7.152e-05
Saved PyTorch checkpoint to results/checkpoints/none_5090/latest_lbfgs.pt
LBFGS 600 | total=1.500e-02 f=9.106e-03 ic=4.914e-04 wall=8.982e-04 inlet=1.714e-04 outlet=5.638e-05
LBFGS 700 | total=1.412e-02 f=8.792e-03 ic=4.063e-04 wall=8.178e-04 inlet=1.580e-04 outlet=4.738e-05
LBFGS 800 | total=1.335e-02 f=8.405e-03 ic=3.808e-04 wall=7.510e-04 inlet=1.526e-04 outlet=4.742e-05
LBFGS 900 | total=1.260e-02 f=8.197e-03 ic=3.729e-04 wall=6.699e-04 inlet=1.240e-04 outlet=5.611e-05
LBFGS 1000 | total=1.192e-02 f=7.829e-03 ic=3.578e-04 wall=6.194e-04 inlet=1.163e-04 outlet=5.315e-05
Saved PyTorch checkpoint to results/checkpoints/none_5090/latest_lbfgs.pt
LBFGS 1100 | total=1.132e-02 f=7.591e-03 ic=3.135e-04 wall=5.596e-04 inlet=1.109e-04 outlet=5.975e-05
LBFGS 1200 | total=1.079e-02 f=7.226e-03 ic=3.024e-04 wall=5.329e-04 inlet=1.078e-04 outlet=6.057e-05
LBFGS 1300 | total=1.025e-02 f=6.818e-03 ic=2.829e-04 wall=5.147e-04 inlet=1.024e-04 outlet=6.385e-05
LBFGS 1400 | total=9.722e-03 f=6.614e-03 ic=2.768e-04 wall=4.607e-04 inlet=9.090e-05 outlet=7.347e-05
LBFGS 1500 | total=9.318e-03 f=6.425e-03 ic=2.521e-04 wall=4.331e-04 inlet=7.899e-05 outlet=7.958e-05
Saved PyTorch checkpoint to results/checkpoints/none_5090/latest_lbfgs.pt
LBFGS 1600 | total=8.972e-03 f=6.257e-03 ic=2.174e-04 wall=4.126e-04 inlet=6.948e-05 outlet=8.785e-05
LBFGS 1700 | total=8.666e-03 f=6.041e-03 ic=1.880e-04 wall=3.979e-04 inlet=7.135e-05 outlet=9.087e-05
LBFGS 1800 | total=8.345e-03 f=5.849e-03 ic=1.966e-04 wall=3.695e-04 inlet=7.052e-05 outlet=9.901e-05
LBFGS 1900 | total=8.097e-03 f=5.714e-03 ic=1.915e-04 wall=3.521e-04 inlet=6.736e-05 outlet=9.380e-05
LBFGS 2000 | total=7.871e-03 f=5.628e-03 ic=1.773e-04 wall=3.291e-04 inlet=6.561e-05 outlet=9.185e-05
Saved PyTorch checkpoint to results/checkpoints/none_5090/latest_lbfgs.pt
LBFGS 2100 | total=7.684e-03 f=5.529e-03 ic=1.722e-04 wall=3.172e-04 inlet=6.117e-05 outlet=9.103e-05
LBFGS 2200 | total=7.520e-03 f=5.440e-03 ic=1.681e-04 wall=3.053e-04 inlet=5.987e-05 outlet=8.648e-05
LBFGS 2300 | total=7.376e-03 f=5.314e-03 ic=1.488e-04 wall=3.106e-04 inlet=5.624e-05 outlet=7.889e-05
LBFGS 2400 | total=7.227e-03 f=5.205e-03 ic=1.397e-04 wall=3.063e-04 inlet=5.593e-05 outlet=7.174e-05
LBFGS 2500 | total=7.066e-03 f=5.159e-03 ic=1.293e-04 wall=2.901e-04 inlet=5.253e-05 outlet=6.511e-05
Saved PyTorch checkpoint to results/checkpoints/none_5090/latest_lbfgs.pt
LBFGS 2600 | total=6.930e-03 f=5.139e-03 ic=1.245e-04 wall=2.720e-04 inlet=4.918e-05 outlet=6.077e-05
LBFGS 2700 | total=6.793e-03 f=5.026e-03 ic=1.179e-04 wall=2.710e-04 inlet=4.814e-05 outlet=5.333e-05
LBFGS 2800 | total=6.671e-03 f=4.964e-03 ic=1.159e-04 wall=2.639e-04 inlet=4.457e-05 outlet=4.816e-05
LBFGS 2900 | total=6.549e-03 f=4.899e-03 ic=1.107e-04 wall=2.562e-04 inlet=4.355e-05 outlet=4.098e-05
LBFGS 3000 | total=6.435e-03 f=4.816e-03 ic=9.703e-05 wall=2.555e-04 inlet=4.168e-05 outlet=3.646e-05
Saved PyTorch checkpoint to results/checkpoints/none_5090/latest_lbfgs.pt
LBFGS 3100 | total=6.321e-03 f=4.720e-03 ic=8.885e-05 wall=2.554e-04 inlet=4.077e-05 outlet=3.057e-05
LBFGS 3200 | total=6.219e-03 f=4.678e-03 ic=7.514e-05 wall=2.469e-04 inlet=4.103e-05 outlet=2.575e-05
LBFGS 3300 | total=6.118e-03 f=4.621e-03 ic=7.146e-05 wall=2.441e-04 inlet=3.645e-05 outlet=2.262e-05
LBFGS 3400 | total=6.030e-03 f=4.572e-03 ic=6.526e-05 wall=2.380e-04 inlet=3.632e-05 outlet=2.190e-05
LBFGS 3500 | total=5.952e-03 f=4.548e-03 ic=5.868e-05 wall=2.312e-04 inlet=3.406e-05 outlet=1.881e-05
Saved PyTorch checkpoint to results/checkpoints/none_5090/latest_lbfgs.pt
LBFGS 3600 | total=5.873e-03 f=4.477e-03 ic=5.688e-05 wall=2.314e-04 inlet=3.334e-05 outlet=1.519e-05
LBFGS 3700 | total=5.792e-03 f=4.408e-03 ic=5.635e-05 wall=2.292e-04 inlet=3.353e-05 outlet=1.353e-05
LBFGS 3800 | total=5.715e-03 f=4.398e-03 ic=5.223e-05 wall=2.191e-04 inlet=3.170e-05 outlet=1.118e-05
LBFGS 3900 | total=5.635e-03 f=4.366e-03 ic=4.840e-05 wall=2.118e-04 inlet=3.041e-05 outlet=8.945e-06
LBFGS 4000 | total=5.558e-03 f=4.312e-03 ic=5.026e-05 wall=2.072e-04 inlet=2.984e-05 outlet=1.068e-05
Saved PyTorch checkpoint to results/checkpoints/none_5090/latest_lbfgs.pt
LBFGS 4100 | total=5.491e-03 f=4.249e-03 ic=4.700e-05 wall=2.083e-04 inlet=2.844e-05 outlet=1.110e-05
LBFGS 4200 | total=5.411e-03 f=4.192e-03 ic=4.982e-05 wall=2.042e-04 inlet=2.775e-05 outlet=9.524e-06
LBFGS 4300 | total=5.344e-03 f=4.149e-03 ic=4.726e-05 wall=2.003e-04 inlet=2.773e-05 outlet=7.076e-06
LBFGS 4400 | total=5.285e-03 f=4.105e-03 ic=4.847e-05 wall=1.980e-04 inlet=2.697e-05 outlet=7.037e-06
LBFGS 4500 | total=5.222e-03 f=4.086e-03 ic=4.485e-05 wall=1.917e-04 inlet=2.537e-05 outlet=6.088e-06
Saved PyTorch checkpoint to results/checkpoints/none_5090/latest_lbfgs.pt
LBFGS 4600 | total=5.164e-03 f=4.069e-03 ic=4.459e-05 wall=1.849e-04 inlet=2.380e-05 outlet=6.761e-06
LBFGS 4700 | total=5.103e-03 f=4.028e-03 ic=4.170e-05 wall=1.835e-04 inlet=2.214e-05 outlet=5.437e-06
LBFGS 4800 | total=5.050e-03 f=3.984e-03 ic=4.192e-05 wall=1.819e-04 inlet=2.201e-05 outlet=5.278e-06
LBFGS 4900 | total=4.992e-03 f=3.941e-03 ic=4.247e-05 wall=1.791e-04 inlet=2.178e-05 outlet=4.511e-06
LBFGS 5000 | total=4.936e-03 f=3.921e-03 ic=4.109e-05 wall=1.738e-04 inlet=2.008e-05 outlet=5.083e-06
Saved PyTorch checkpoint to results/checkpoints/none_5090/latest_lbfgs.pt
LBFGS 5100 | total=4.881e-03 f=3.882e-03 ic=4.033e-05 wall=1.708e-04 inlet=2.011e-05 outlet=3.780e-06
LBFGS 5200 | total=4.835e-03 f=3.849e-03 ic=3.897e-05 wall=1.696e-04 inlet=1.903e-05 outlet=3.591e-06
LBFGS 5300 | total=4.788e-03 f=3.820e-03 ic=3.968e-05 wall=1.666e-04 inlet=1.825e-05 outlet=4.972e-06
LBFGS 5400 | total=4.735e-03 f=3.777e-03 ic=4.015e-05 wall=1.642e-04 inlet=1.842e-05 outlet=4.588e-06
LBFGS 5500 | total=4.685e-03 f=3.737e-03 ic=3.798e-05 wall=1.634e-04 inlet=1.769e-05 outlet=4.653e-06
Saved PyTorch checkpoint to results/checkpoints/none_5090/latest_lbfgs.pt
LBFGS 5600 | total=4.640e-03 f=3.719e-03 ic=3.983e-05 wall=1.586e-04 inlet=1.693e-05 outlet=4.400e-06
LBFGS 5700 | total=4.599e-03 f=3.679e-03 ic=3.852e-05 wall=1.585e-04 inlet=1.685e-05 outlet=4.556e-06
LBFGS 5800 | total=4.560e-03 f=3.653e-03 ic=3.722e-05 wall=1.569e-04 inlet=1.623e-05 outlet=4.092e-06
LBFGS 5900 | total=4.521e-03 f=3.617e-03 ic=3.545e-05 wall=1.564e-04 inlet=1.665e-05 outlet=3.319e-06
LBFGS 6000 | total=4.481e-03 f=3.582e-03 ic=3.467e-05 wall=1.558e-04 inlet=1.651e-05 outlet=3.083e-06
Saved PyTorch checkpoint to results/checkpoints/none_5090/latest_lbfgs.pt
LBFGS 6100 | total=4.447e-03 f=3.568e-03 ic=3.366e-05 wall=1.525e-04 inlet=1.602e-05 outlet=3.310e-06
LBFGS 6200 | total=4.412e-03 f=3.548e-03 ic=3.150e-05 wall=1.505e-04 inlet=1.537e-05 outlet=3.604e-06
LBFGS 6300 | total=4.377e-03 f=3.534e-03 ic=3.101e-05 wall=1.460e-04 inlet=1.565e-05 outlet=4.040e-06
LBFGS 6400 | total=4.342e-03 f=3.530e-03 ic=3.164e-05 wall=1.401e-04 inlet=1.493e-05 outlet=5.384e-06
LBFGS 6500 | total=4.308e-03 f=3.506e-03 ic=3.149e-05 wall=1.385e-04 inlet=1.445e-05 outlet=5.629e-06
Saved PyTorch checkpoint to results/checkpoints/none_5090/latest_lbfgs.pt
LBFGS 6600 | total=4.276e-03 f=3.491e-03 ic=3.148e-05 wall=1.352e-04 inlet=1.434e-05 outlet=5.589e-06
LBFGS 6700 | total=4.243e-03 f=3.452e-03 ic=2.915e-05 wall=1.371e-04 inlet=1.437e-05 outlet=4.481e-06
LBFGS 6800 | total=4.210e-03 f=3.442e-03 ic=2.787e-05 wall=1.334e-04 inlet=1.374e-05 outlet=4.072e-06
LBFGS 6900 | total=4.177e-03 f=3.440e-03 ic=2.651e-05 wall=1.287e-04 inlet=1.280e-05 outlet=3.735e-06
LBFGS 7000 | total=4.148e-03 f=3.419e-03 ic=2.549e-05 wall=1.278e-04 inlet=1.205e-05 outlet=4.016e-06
Saved PyTorch checkpoint to results/checkpoints/none_5090/latest_lbfgs.pt
LBFGS 7100 | total=4.117e-03 f=3.401e-03 ic=2.518e-05 wall=1.257e-04 inlet=1.163e-05 outlet=3.514e-06
LBFGS 7200 | total=4.090e-03 f=3.377e-03 ic=2.351e-05 wall=1.249e-04 inlet=1.232e-05 outlet=3.605e-06
LBFGS 7300 | total=4.064e-03 f=3.358e-03 ic=2.299e-05 wall=1.240e-04 inlet=1.183e-05 outlet=3.911e-06
LBFGS 7400 | total=4.041e-03 f=3.358e-03 ic=2.295e-05 wall=1.199e-04 inlet=1.125e-05 outlet=3.821e-06
LBFGS 7500 | total=4.017e-03 f=3.335e-03 ic=2.208e-05 wall=1.201e-04 inlet=1.102e-05 outlet=3.719e-06
Saved PyTorch checkpoint to results/checkpoints/none_5090/latest_lbfgs.pt
LBFGS 7600 | total=3.994e-03 f=3.322e-03 ic=2.201e-05 wall=1.181e-04 inlet=1.114e-05 outlet=3.503e-06
LBFGS 7700 | total=3.972e-03 f=3.304e-03 ic=2.161e-05 wall=1.175e-04 inlet=1.099e-05 outlet=3.318e-06
LBFGS 7800 | total=3.949e-03 f=3.287e-03 ic=2.143e-05 wall=1.166e-04 inlet=1.088e-05 outlet=3.013e-06
LBFGS 7900 | total=3.925e-03 f=3.267e-03 ic=2.103e-05 wall=1.160e-04 inlet=1.098e-05 outlet=2.651e-06
LBFGS 8000 | total=3.906e-03 f=3.247e-03 ic=2.070e-05 wall=1.160e-04 inlet=1.107e-05 outlet=2.587e-06
Saved PyTorch checkpoint to results/checkpoints/none_5090/latest_lbfgs.pt
LBFGS 8100 | total=3.884e-03 f=3.229e-03 ic=1.926e-05 wall=1.153e-04 inlet=1.128e-05 outlet=2.642e-06
LBFGS 8200 | total=3.862e-03 f=3.219e-03 ic=1.780e-05 wall=1.141e-04 inlet=1.054e-05 outlet=2.704e-06
LBFGS 8300 | total=3.840e-03 f=3.205e-03 ic=1.726e-05 wall=1.129e-04 inlet=1.018e-05 outlet=3.042e-06
LBFGS 8400 | total=3.819e-03 f=3.192e-03 ic=1.818e-05 wall=1.111e-04 inlet=9.933e-06 outlet=3.055e-06
LBFGS 8500 | total=3.800e-03 f=3.182e-03 ic=1.667e-05 wall=1.096e-04 inlet=9.991e-06 outlet=2.762e-06
Saved PyTorch checkpoint to results/checkpoints/none_5090/latest_lbfgs.pt
LBFGS 8600 | total=3.780e-03 f=3.168e-03 ic=1.704e-05 wall=1.083e-04 inlet=1.031e-05 outlet=2.703e-06
LBFGS 8700 | total=3.761e-03 f=3.151e-03 ic=1.641e-05 wall=1.084e-04 inlet=9.728e-06 outlet=2.670e-06
LBFGS 8800 | total=3.743e-03 f=3.142e-03 ic=1.656e-05 wall=1.065e-04 inlet=9.934e-06 outlet=2.839e-06
LBFGS 8900 | total=3.724e-03 f=3.131e-03 ic=1.679e-05 wall=1.049e-04 inlet=9.802e-06 outlet=2.875e-06
LBFGS 9000 | total=3.708e-03 f=3.126e-03 ic=1.637e-05 wall=1.026e-04 inlet=9.759e-06 outlet=3.388e-06
Saved PyTorch checkpoint to results/checkpoints/none_5090/latest_lbfgs.pt
LBFGS 9100 | total=3.693e-03 f=3.126e-03 ic=1.550e-05 wall=1.007e-04 inlet=9.045e-06 outlet=3.010e-06
LBFGS 9200 | total=3.676e-03 f=3.114e-03 ic=1.481e-05 wall=1.004e-04 inlet=8.656e-06 outlet=2.722e-06
LBFGS 9300 | total=3.663e-03 f=3.103e-03 ic=1.465e-05 wall=9.955e-05 inlet=9.025e-06 outlet=2.342e-06
LBFGS 9400 | total=3.649e-03 f=3.086e-03 ic=1.418e-05 wall=1.001e-04 inlet=9.224e-06 outlet=2.041e-06
LBFGS 9500 | total=3.635e-03 f=3.074e-03 ic=1.380e-05 wall=9.978e-05 inlet=9.236e-06 outlet=2.140e-06
Saved PyTorch checkpoint to results/checkpoints/none_5090/latest_lbfgs.pt
LBFGS 9600 | total=3.619e-03 f=3.065e-03 ic=1.274e-05 wall=9.887e-05 inlet=8.970e-06 outlet=2.417e-06
LBFGS 9700 | total=3.606e-03 f=3.068e-03 ic=1.270e-05 wall=9.569e-05 inlet=8.810e-06 outlet=2.448e-06
LBFGS 9800 | total=3.591e-03 f=3.056e-03 ic=1.291e-05 wall=9.493e-05 inlet=9.094e-06 outlet=2.149e-06
LBFGS 9900 | total=3.576e-03 f=3.051e-03 ic=1.284e-05 wall=9.281e-05 inlet=9.290e-06 outlet=2.010e-06
LBFGS 10000 | total=3.559e-03 f=3.047e-03 ic=1.248e-05 wall=9.067e-05 inlet=9.013e-06 outlet=1.878e-06
Saved PyTorch checkpoint to results/checkpoints/none_5090/latest_lbfgs.pt
LBFGS 10100 | total=3.541e-03 f=3.033e-03 ic=1.340e-05 wall=8.972e-05 inlet=8.819e-06 outlet=1.680e-06
LBFGS 10200 | total=3.525e-03 f=3.018e-03 ic=1.428e-05 wall=8.933e-05 inlet=8.856e-06 outlet=1.547e-06
LBFGS 10300 | total=3.509e-03 f=3.009e-03 ic=1.466e-05 wall=8.771e-05 inlet=9.001e-06 outlet=1.401e-06
LBFGS 10400 | total=3.490e-03 f=2.997e-03 ic=1.400e-05 wall=8.720e-05 inlet=8.412e-06 outlet=1.468e-06
LBFGS 10500 | total=3.473e-03 f=2.981e-03 ic=1.377e-05 wall=8.643e-05 inlet=8.842e-06 outlet=1.702e-06
Saved PyTorch checkpoint to results/checkpoints/none_5090/latest_lbfgs.pt
LBFGS 10600 | total=3.454e-03 f=2.966e-03 ic=1.286e-05 wall=8.598e-05 inlet=8.519e-06 outlet=1.922e-06
LBFGS 10700 | total=3.438e-03 f=2.955e-03 ic=1.255e-05 wall=8.493e-05 inlet=8.709e-06 outlet=1.850e-06
LBFGS 10800 | total=3.422e-03 f=2.946e-03 ic=1.255e-05 wall=8.418e-05 inlet=8.154e-06 outlet=1.764e-06
LBFGS 10900 | total=3.405e-03 f=2.940e-03 ic=1.260e-05 wall=8.196e-05 inlet=8.285e-06 outlet=1.620e-06
LBFGS 11000 | total=3.390e-03 f=2.930e-03 ic=1.257e-05 wall=8.107e-05 inlet=8.108e-06 outlet=1.583e-06
Saved PyTorch checkpoint to results/checkpoints/none_5090/latest_lbfgs.pt
LBFGS 11100 | total=3.376e-03 f=2.927e-03 ic=1.239e-05 wall=7.905e-05 inlet=7.953e-06 outlet=1.729e-06
LBFGS 11200 | total=3.362e-03 f=2.913e-03 ic=1.217e-05 wall=7.924e-05 inlet=7.808e-06 outlet=1.600e-06
LBFGS 11300 | total=3.343e-03 f=2.895e-03 ic=1.239e-05 wall=7.856e-05 inlet=8.177e-06 outlet=1.621e-06
LBFGS 11400 | total=3.325e-03 f=2.893e-03 ic=1.176e-05 wall=7.612e-05 inlet=7.595e-06 outlet=1.595e-06
LBFGS 11500 | total=3.309e-03 f=2.882e-03 ic=1.209e-05 wall=7.545e-05 inlet=7.191e-06 outlet=1.591e-06
Saved PyTorch checkpoint to results/checkpoints/none_5090/latest_lbfgs.pt
LBFGS 11600 | total=3.292e-03 f=2.873e-03 ic=1.169e-05 wall=7.394e-05 inlet=7.122e-06 outlet=1.718e-06
LBFGS 11700 | total=3.279e-03 f=2.868e-03 ic=1.119e-05 wall=7.227e-05 inlet=7.379e-06 outlet=1.643e-06
LBFGS 11800 | total=3.265e-03 f=2.861e-03 ic=1.045e-05 wall=7.092e-05 inlet=7.424e-06 outlet=1.839e-06
LBFGS 11900 | total=3.251e-03 f=2.857e-03 ic=1.047e-05 wall=6.918e-05 inlet=7.202e-06 outlet=1.828e-06
LBFGS 12000 | total=3.237e-03 f=2.845e-03 ic=1.038e-05 wall=6.876e-05 inlet=7.322e-06 outlet=1.836e-06
Saved PyTorch checkpoint to results/checkpoints/none_5090/latest_lbfgs.pt
LBFGS 12100 | total=3.221e-03 f=2.829e-03 ic=1.057e-05 wall=6.844e-05 inlet=7.365e-06 outlet=1.862e-06
LBFGS 12200 | total=3.205e-03 f=2.818e-03 ic=1.024e-05 wall=6.789e-05 inlet=7.224e-06 outlet=1.963e-06
LBFGS 12300 | total=3.189e-03 f=2.805e-03 ic=1.039e-05 wall=6.731e-05 inlet=7.039e-06 outlet=2.048e-06
LBFGS 12400 | total=3.175e-03 f=2.789e-03 ic=1.022e-05 wall=6.721e-05 inlet=7.455e-06 outlet=1.948e-06
LBFGS 12500 | total=3.160e-03 f=2.779e-03 ic=1.058e-05 wall=6.650e-05 inlet=7.103e-06 outlet=1.957e-06
Saved PyTorch checkpoint to results/checkpoints/none_5090/latest_lbfgs.pt
LBFGS 12600 | total=3.146e-03 f=2.765e-03 ic=1.039e-05 wall=6.657e-05 inlet=7.257e-06 outlet=1.956e-06
LBFGS 12700 | total=3.130e-03 f=2.749e-03 ic=9.981e-06 wall=6.627e-05 inlet=7.515e-06 outlet=1.704e-06
LBFGS 12800 | total=3.114e-03 f=2.744e-03 ic=1.002e-05 wall=6.472e-05 inlet=6.897e-06 outlet=1.524e-06
LBFGS 12900 | total=3.098e-03 f=2.728e-03 ic=9.748e-06 wall=6.474e-05 inlet=6.999e-06 outlet=1.329e-06
LBFGS 13000 | total=3.084e-03 f=2.726e-03 ic=9.292e-06 wall=6.275e-05 inlet=6.701e-06 outlet=1.305e-06
Saved PyTorch checkpoint to results/checkpoints/none_5090/latest_lbfgs.pt
LBFGS 13100 | total=3.068e-03 f=2.720e-03 ic=9.100e-06 wall=6.068e-05 inlet=6.803e-06 outlet=1.324e-06
LBFGS 13200 | total=3.053e-03 f=2.702e-03 ic=8.769e-06 wall=6.143e-05 inlet=6.686e-06 outlet=1.561e-06
LBFGS 13300 | total=3.039e-03 f=2.697e-03 ic=9.027e-06 wall=5.955e-05 inlet=6.682e-06 outlet=1.608e-06
LBFGS 13400 | total=3.024e-03 f=2.686e-03 ic=9.144e-06 wall=5.900e-05 inlet=6.458e-06 outlet=1.611e-06
LBFGS 13500 | total=3.009e-03 f=2.669e-03 ic=9.243e-06 wall=5.914e-05 inlet=6.639e-06 outlet=1.601e-06
Saved PyTorch checkpoint to results/checkpoints/none_5090/latest_lbfgs.pt
LBFGS 13600 | total=2.993e-03 f=2.660e-03 ic=9.810e-06 wall=5.779e-05 inlet=6.553e-06 outlet=1.816e-06
LBFGS 13700 | total=2.980e-03 f=2.649e-03 ic=9.282e-06 wall=5.742e-05 inlet=6.433e-06 outlet=1.880e-06
LBFGS 13800 | total=2.967e-03 f=2.642e-03 ic=9.406e-06 wall=5.648e-05 inlet=6.277e-06 outlet=1.959e-06
LBFGS 13900 | total=2.955e-03 f=2.628e-03 ic=9.755e-06 wall=5.712e-05 inlet=5.997e-06 outlet=2.084e-06
LBFGS 14000 | total=2.942e-03 f=2.617e-03 ic=1.021e-05 wall=5.639e-05 inlet=6.183e-06 outlet=2.106e-06
Saved PyTorch checkpoint to results/checkpoints/none_5090/latest_lbfgs.pt
LBFGS 14100 | total=2.931e-03 f=2.610e-03 ic=9.863e-06 wall=5.565e-05 inlet=6.195e-06 outlet=2.051e-06
LBFGS 14200 | total=2.920e-03 f=2.602e-03 ic=1.013e-05 wall=5.509e-05 inlet=6.131e-06 outlet=1.904e-06
LBFGS 14300 | total=2.909e-03 f=2.595e-03 ic=9.968e-06 wall=5.438e-05 inlet=6.118e-06 outlet=1.897e-06
LBFGS 14400 | total=2.897e-03 f=2.581e-03 ic=1.002e-05 wall=5.465e-05 inlet=6.057e-06 outlet=2.047e-06
LBFGS 14500 | total=2.886e-03 f=2.577e-03 ic=1.017e-05 wall=5.355e-05 inlet=5.820e-06 outlet=2.164e-06
Saved PyTorch checkpoint to results/checkpoints/none_5090/latest_lbfgs.pt
LBFGS 14600 | total=2.874e-03 f=2.573e-03 ic=9.982e-06 wall=5.168e-05 inlet=6.180e-06 outlet=2.258e-06
LBFGS 14700 | total=2.864e-03 f=2.567e-03 ic=9.891e-06 wall=5.092e-05 inlet=6.079e-06 outlet=2.187e-06
LBFGS 14800 | total=2.855e-03 f=2.561e-03 ic=9.577e-06 wall=5.067e-05 inlet=5.889e-06 outlet=2.038e-06
LBFGS 14900 | total=2.846e-03 f=2.553e-03 ic=9.371e-06 wall=5.033e-05 inlet=5.892e-06 outlet=1.925e-06
LBFGS 15000 | total=2.834e-03 f=2.538e-03 ic=9.703e-06 wall=5.118e-05 inlet=5.723e-06 outlet=1.918e-06
Saved PyTorch checkpoint to results/checkpoints/none_5090/latest_lbfgs.pt
LBFGS 15100 | total=2.823e-03 f=2.533e-03 ic=9.436e-06 wall=5.000e-05 inlet=5.723e-06 outlet=1.788e-06
LBFGS 15200 | total=2.812e-03 f=2.529e-03 ic=9.320e-06 wall=4.876e-05 inlet=5.559e-06 outlet=1.695e-06
LBFGS 15300 | total=2.800e-03 f=2.521e-03 ic=9.206e-06 wall=4.806e-05 inlet=5.635e-06 outlet=1.828e-06
LBFGS 15400 | total=2.789e-03 f=2.508e-03 ic=9.340e-06 wall=4.868e-05 inlet=5.317e-06 outlet=1.981e-06
LBFGS 15500 | total=2.778e-03 f=2.501e-03 ic=8.901e-06 wall=4.793e-05 inlet=5.391e-06 outlet=1.981e-06
Saved PyTorch checkpoint to results/checkpoints/none_5090/latest_lbfgs.pt
LBFGS 15600 | total=2.767e-03 f=2.488e-03 ic=9.068e-06 wall=4.836e-05 inlet=5.230e-06 outlet=2.052e-06
LBFGS 15700 | total=2.759e-03 f=2.483e-03 ic=9.058e-06 wall=4.751e-05 inlet=5.444e-06 outlet=2.025e-06
LBFGS 15800 | total=2.749e-03 f=2.475e-03 ic=8.640e-06 wall=4.727e-05 inlet=5.302e-06 outlet=1.971e-06
LBFGS 15900 | total=2.739e-03 f=2.470e-03 ic=8.600e-06 wall=4.644e-05 inlet=5.261e-06 outlet=1.927e-06
LBFGS 16000 | total=2.730e-03 f=2.459e-03 ic=8.419e-06 wall=4.666e-05 inlet=5.349e-06 outlet=1.860e-06
Saved PyTorch checkpoint to results/checkpoints/none_5090/latest_lbfgs.pt
LBFGS 16100 | total=2.720e-03 f=2.451e-03 ic=8.098e-06 wall=4.644e-05 inlet=5.345e-06 outlet=1.758e-06
LBFGS 16200 | total=2.711e-03 f=2.439e-03 ic=7.912e-06 wall=4.646e-05 inlet=5.821e-06 outlet=1.856e-06
LBFGS 16300 | total=2.701e-03 f=2.440e-03 ic=7.785e-06 wall=4.480e-05 inlet=5.449e-06 outlet=1.948e-06
LBFGS 16400 | total=2.691e-03 f=2.431e-03 ic=8.429e-06 wall=4.454e-05 inlet=5.345e-06 outlet=2.126e-06
LBFGS 16500 | total=2.682e-03 f=2.427e-03 ic=8.779e-06 wall=4.334e-05 inlet=5.430e-06 outlet=2.104e-06
Saved PyTorch checkpoint to results/checkpoints/none_5090/latest_lbfgs.pt
LBFGS 16600 | total=2.672e-03 f=2.420e-03 ic=8.983e-06 wall=4.305e-05 inlet=5.215e-06 outlet=1.727e-06
LBFGS 16700 | total=2.662e-03 f=2.413e-03 ic=9.337e-06 wall=4.249e-05 inlet=5.154e-06 outlet=1.405e-06
LBFGS 16800 | total=2.652e-03 f=2.399e-03 ic=9.458e-06 wall=4.305e-05 inlet=5.312e-06 outlet=1.143e-06
LBFGS 16900 | total=2.641e-03 f=2.391e-03 ic=9.414e-06 wall=4.250e-05 inlet=5.441e-06 outlet=1.059e-06
LBFGS 17000 | total=2.632e-03 f=2.383e-03 ic=9.436e-06 wall=4.234e-05 inlet=5.290e-06 outlet=9.474e-07
Saved PyTorch checkpoint to results/checkpoints/none_5090/latest_lbfgs.pt
LBFGS 17100 | total=2.622e-03 f=2.371e-03 ic=9.177e-06 wall=4.295e-05 inlet=5.429e-06 outlet=9.240e-07
LBFGS 17200 | total=2.613e-03 f=2.366e-03 ic=8.747e-06 wall=4.234e-05 inlet=5.147e-06 outlet=9.881e-07
LBFGS 17300 | total=2.603e-03 f=2.357e-03 ic=8.657e-06 wall=4.216e-05 inlet=5.149e-06 outlet=9.044e-07
LBFGS 17400 | total=2.593e-03 f=2.354e-03 ic=8.657e-06 wall=4.113e-05 inlet=4.742e-06 outlet=9.040e-07
LBFGS 17500 | total=2.584e-03 f=2.346e-03 ic=8.729e-06 wall=4.073e-05 inlet=4.791e-06 outlet=8.316e-07
Saved PyTorch checkpoint to results/checkpoints/none_5090/latest_lbfgs.pt
LBFGS 17600 | total=2.573e-03 f=2.335e-03 ic=8.961e-06 wall=4.073e-05 inlet=4.907e-06 outlet=7.740e-07
LBFGS 17700 | total=2.562e-03 f=2.328e-03 ic=9.007e-06 wall=4.001e-05 inlet=4.885e-06 outlet=8.501e-07
LBFGS 17800 | total=2.551e-03 f=2.316e-03 ic=8.921e-06 wall=4.003e-05 inlet=4.951e-06 outlet=8.545e-07
LBFGS 17900 | total=2.540e-03 f=2.308e-03 ic=8.876e-06 wall=3.957e-05 inlet=4.789e-06 outlet=9.977e-07
LBFGS 18000 | total=2.530e-03 f=2.304e-03 ic=8.613e-06 wall=3.853e-05 inlet=4.777e-06 outlet=1.121e-06
Saved PyTorch checkpoint to results/checkpoints/none_5090/latest_lbfgs.pt
LBFGS 18100 | total=2.520e-03 f=2.297e-03 ic=8.389e-06 wall=3.800e-05 inlet=4.708e-06 outlet=1.128e-06
LBFGS 18200 | total=2.509e-03 f=2.288e-03 ic=8.414e-06 wall=3.774e-05 inlet=4.600e-06 outlet=1.133e-06
LBFGS 18300 | total=2.498e-03 f=2.279e-03 ic=8.665e-06 wall=3.744e-05 inlet=4.538e-06 outlet=1.185e-06
LBFGS 18400 | total=2.484e-03 f=2.263e-03 ic=9.102e-06 wall=3.748e-05 inlet=4.611e-06 outlet=1.124e-06
LBFGS 18500 | total=2.471e-03 f=2.253e-03 ic=9.682e-06 wall=3.727e-05 inlet=4.293e-06 outlet=1.022e-06
Saved PyTorch checkpoint to results/checkpoints/none_5090/latest_lbfgs.pt
LBFGS 18600 | total=2.460e-03 f=2.237e-03 ic=9.717e-06 wall=3.785e-05 inlet=4.620e-06 outlet=9.447e-07
LBFGS 18700 | total=2.447e-03 f=2.222e-03 ic=9.799e-06 wall=3.832e-05 inlet=4.521e-06 outlet=8.015e-07
LBFGS 18800 | total=2.436e-03 f=2.214e-03 ic=9.589e-06 wall=3.759e-05 inlet=4.666e-06 outlet=8.166e-07
LBFGS 18900 | total=2.423e-03 f=2.204e-03 ic=9.660e-06 wall=3.728e-05 inlet=4.518e-06 outlet=6.988e-07
LBFGS 19000 | total=2.411e-03 f=2.197e-03 ic=9.308e-06 wall=3.637e-05 inlet=4.335e-06 outlet=6.966e-07
Saved PyTorch checkpoint to results/checkpoints/none_5090/latest_lbfgs.pt
LBFGS 19100 | total=2.399e-03 f=2.188e-03 ic=8.727e-06 wall=3.597e-05 inlet=4.352e-06 outlet=7.415e-07
LBFGS 19200 | total=2.388e-03 f=2.181e-03 ic=8.694e-06 wall=3.525e-05 inlet=4.204e-06 outlet=8.660e-07
LBFGS 19300 | total=2.377e-03 f=2.171e-03 ic=8.468e-06 wall=3.496e-05 inlet=4.308e-06 outlet=9.056e-07
LBFGS 19400 | total=2.364e-03 f=2.164e-03 ic=8.365e-06 wall=3.398e-05 inlet=4.156e-06 outlet=8.432e-07
LBFGS 19500 | total=2.353e-03 f=2.153e-03 ic=8.647e-06 wall=3.372e-05 inlet=4.327e-06 outlet=7.954e-07
Saved PyTorch checkpoint to results/checkpoints/none_5090/latest_lbfgs.pt
LBFGS 19600 | total=2.341e-03 f=2.145e-03 ic=8.130e-06 wall=3.326e-05 inlet=4.170e-06 outlet=6.707e-07
LBFGS 19700 | total=2.329e-03 f=2.133e-03 ic=8.132e-06 wall=3.292e-05 inlet=4.494e-06 outlet=7.746e-07
LBFGS 19800 | total=2.315e-03 f=2.120e-03 ic=7.660e-06 wall=3.251e-05 inlet=4.673e-06 outlet=9.164e-07
LBFGS 19900 | total=2.300e-03 f=2.110e-03 ic=7.660e-06 wall=3.176e-05 inlet=4.601e-06 outlet=9.704e-07
LBFGS 20000 | total=2.285e-03 f=2.095e-03 ic=7.236e-06 wall=3.154e-05 inlet=4.689e-06 outlet=8.717e-07
Saved PyTorch checkpoint to results/checkpoints/none_5090/latest_lbfgs.pt
LBFGS 20100 | total=2.270e-03 f=2.080e-03 ic=6.850e-06 wall=3.177e-05 inlet=4.571e-06 outlet=1.006e-06
LBFGS 20200 | total=2.256e-03 f=2.069e-03 ic=6.549e-06 wall=3.122e-05 inlet=4.678e-06 outlet=9.014e-07
LBFGS 20300 | total=2.241e-03 f=2.060e-03 ic=6.936e-06 wall=3.022e-05 inlet=4.436e-06 outlet=8.184e-07
LBFGS 20400 | total=2.227e-03 f=2.043e-03 ic=6.995e-06 wall=3.080e-05 inlet=4.363e-06 outlet=7.614e-07
LBFGS 20500 | total=2.212e-03 f=2.028e-03 ic=7.473e-06 wall=3.067e-05 inlet=4.426e-06 outlet=9.131e-07
Saved PyTorch checkpoint to results/checkpoints/none_5090/latest_lbfgs.pt
LBFGS 20600 | total=2.194e-03 f=2.004e-03 ic=7.585e-06 wall=3.174e-05 inlet=4.495e-06 outlet=9.147e-07
LBFGS 20700 | total=2.174e-03 f=1.987e-03 ic=7.756e-06 wall=3.126e-05 inlet=4.444e-06 outlet=7.764e-07
LBFGS 20800 | total=2.156e-03 f=1.971e-03 ic=8.352e-06 wall=3.090e-05 inlet=4.328e-06 outlet=8.107e-07
LBFGS 20900 | total=2.138e-03 f=1.955e-03 ic=8.727e-06 wall=3.005e-05 inlet=4.497e-06 outlet=8.690e-07
LBFGS 21000 | total=2.117e-03 f=1.934e-03 ic=9.471e-06 wall=3.015e-05 inlet=4.424e-06 outlet=1.120e-06
Saved PyTorch checkpoint to results/checkpoints/none_5090/latest_lbfgs.pt
LBFGS 21100 | total=2.096e-03 f=1.915e-03 ic=9.748e-06 wall=2.940e-05 inlet=4.579e-06 outlet=1.063e-06
LBFGS 21200 | total=2.076e-03 f=1.895e-03 ic=9.646e-06 wall=2.932e-05 inlet=4.653e-06 outlet=1.177e-06
LBFGS 21300 | total=2.055e-03 f=1.876e-03 ic=1.027e-05 wall=2.879e-05 inlet=4.773e-06 outlet=1.366e-06
LBFGS 21400 | total=2.034e-03 f=1.855e-03 ic=1.030e-05 wall=2.893e-05 inlet=4.670e-06 outlet=1.397e-06
LBFGS 21500 | total=2.013e-03 f=1.839e-03 ic=1.059e-05 wall=2.789e-05 inlet=4.625e-06 outlet=1.316e-06
Saved PyTorch checkpoint to results/checkpoints/none_5090/latest_lbfgs.pt
LBFGS 21600 | total=1.992e-03 f=1.820e-03 ic=1.008e-05 wall=2.761e-05 inlet=4.578e-06 outlet=9.245e-07
LBFGS 21700 | total=1.970e-03 f=1.800e-03 ic=9.843e-06 wall=2.720e-05 inlet=4.586e-06 outlet=9.280e-07
LBFGS 21800 | total=1.948e-03 f=1.779e-03 ic=9.366e-06 wall=2.727e-05 inlet=4.450e-06 outlet=1.034e-06
LBFGS 21900 | total=1.928e-03 f=1.763e-03 ic=8.953e-06 wall=2.672e-05 inlet=4.301e-06 outlet=1.013e-06
LBFGS 22000 | total=1.906e-03 f=1.746e-03 ic=8.918e-06 wall=2.589e-05 inlet=4.281e-06 outlet=8.968e-07
Saved PyTorch checkpoint to results/checkpoints/none_5090/latest_lbfgs.pt
LBFGS 22100 | total=1.885e-03 f=1.725e-03 ic=9.267e-06 wall=2.584e-05 inlet=4.073e-06 outlet=1.045e-06
LBFGS 22200 | total=1.865e-03 f=1.710e-03 ic=9.079e-06 wall=2.496e-05 inlet=4.004e-06 outlet=8.519e-07
LBFGS 22300 | total=1.845e-03 f=1.686e-03 ic=9.427e-06 wall=2.552e-05 inlet=4.135e-06 outlet=8.755e-07
LBFGS 22400 | total=1.825e-03 f=1.669e-03 ic=8.810e-06 wall=2.517e-05 inlet=4.027e-06 outlet=1.125e-06
LBFGS 22500 | total=1.808e-03 f=1.652e-03 ic=8.563e-06 wall=2.487e-05 inlet=4.325e-06 outlet=1.123e-06
Saved PyTorch checkpoint to results/checkpoints/none_5090/latest_lbfgs.pt
LBFGS 22600 | total=1.789e-03 f=1.636e-03 ic=8.674e-06 wall=2.393e-05 inlet=4.588e-06 outlet=1.391e-06
LBFGS 22700 | total=1.771e-03 f=1.621e-03 ic=8.365e-06 wall=2.371e-05 inlet=4.359e-06 outlet=1.243e-06
LBFGS 22800 | total=1.756e-03 f=1.611e-03 ic=7.947e-06 wall=2.269e-05 inlet=4.461e-06 outlet=1.218e-06
LBFGS 22900 | total=1.741e-03 f=1.596e-03 ic=8.205e-06 wall=2.241e-05 inlet=4.616e-06 outlet=1.242e-06
LBFGS 23000 | total=1.723e-03 f=1.580e-03 ic=8.141e-06 wall=2.223e-05 inlet=4.600e-06 outlet=1.257e-06
Saved PyTorch checkpoint to results/checkpoints/none_5090/latest_lbfgs.pt
LBFGS 23100 | total=1.706e-03 f=1.563e-03 ic=8.525e-06 wall=2.223e-05 inlet=4.322e-06 outlet=1.454e-06
LBFGS 23200 | total=1.690e-03 f=1.550e-03 ic=8.849e-06 wall=2.149e-05 inlet=4.588e-06 outlet=1.328e-06
LBFGS 23300 | total=1.675e-03 f=1.536e-03 ic=8.552e-06 wall=2.159e-05 inlet=4.350e-06 outlet=1.239e-06
LBFGS 23400 | total=1.659e-03 f=1.522e-03 ic=8.421e-06 wall=2.128e-05 inlet=4.375e-06 outlet=1.251e-06
LBFGS 23500 | total=1.646e-03 f=1.508e-03 ic=8.465e-06 wall=2.128e-05 inlet=4.417e-06 outlet=1.262e-06
Saved PyTorch checkpoint to results/checkpoints/none_5090/latest_lbfgs.pt
LBFGS 23600 | total=1.631e-03 f=1.495e-03 ic=8.333e-06 wall=2.090e-05 inlet=4.535e-06 outlet=1.112e-06
LBFGS 23700 | total=1.619e-03 f=1.484e-03 ic=7.895e-06 wall=2.078e-05 inlet=4.501e-06 outlet=9.949e-07
LBFGS 23800 | total=1.607e-03 f=1.471e-03 ic=7.527e-06 wall=2.092e-05 inlet=4.395e-06 outlet=1.098e-06
LBFGS 23900 | total=1.592e-03 f=1.461e-03 ic=7.572e-06 wall=2.020e-05 inlet=4.405e-06 outlet=1.225e-06
LBFGS 24000 | total=1.579e-03 f=1.450e-03 ic=7.828e-06 wall=1.976e-05 inlet=4.396e-06 outlet=1.087e-06
Saved PyTorch checkpoint to results/checkpoints/none_5090/latest_lbfgs.pt
LBFGS 24100 | total=1.566e-03 f=1.438e-03 ic=7.678e-06 wall=1.951e-05 inlet=4.462e-06 outlet=1.104e-06
LBFGS 24200 | total=1.555e-03 f=1.428e-03 ic=7.419e-06 wall=1.937e-05 inlet=4.369e-06 outlet=1.182e-06
LBFGS 24300 | total=1.545e-03 f=1.419e-03 ic=7.330e-06 wall=1.920e-05 inlet=4.224e-06 outlet=1.269e-06
LBFGS 24400 | total=1.532e-03 f=1.406e-03 ic=7.286e-06 wall=1.930e-05 inlet=4.147e-06 outlet=1.519e-06
LBFGS 24500 | total=1.519e-03 f=1.391e-03 ic=7.616e-06 wall=1.964e-05 inlet=4.020e-06 outlet=1.558e-06
Saved PyTorch checkpoint to results/checkpoints/none_5090/latest_lbfgs.pt
LBFGS 24600 | total=1.506e-03 f=1.379e-03 ic=7.493e-06 wall=1.963e-05 inlet=3.876e-06 outlet=1.590e-06
LBFGS 24700 | total=1.493e-03 f=1.368e-03 ic=7.249e-06 wall=1.963e-05 inlet=3.657e-06 outlet=1.416e-06
LBFGS 24800 | total=1.482e-03 f=1.361e-03 ic=6.843e-06 wall=1.914e-05 inlet=3.467e-06 outlet=1.478e-06
LBFGS 24900 | total=1.470e-03 f=1.350e-03 ic=6.996e-06 wall=1.902e-05 inlet=3.336e-06 outlet=1.414e-06
LBFGS 25000 | total=1.459e-03 f=1.341e-03 ic=7.033e-06 wall=1.856e-05 inlet=3.309e-06 outlet=1.470e-06
Saved PyTorch checkpoint to results/checkpoints/none_5090/latest_lbfgs.pt
LBFGS 25100 | total=1.447e-03 f=1.329e-03 ic=7.220e-06 wall=1.856e-05 inlet=3.318e-06 outlet=1.465e-06
LBFGS 25200 | total=1.435e-03 f=1.315e-03 ic=7.525e-06 wall=1.888e-05 inlet=3.437e-06 outlet=1.462e-06
LBFGS 25300 | total=1.424e-03 f=1.303e-03 ic=7.459e-06 wall=1.894e-05 inlet=3.436e-06 outlet=1.554e-06
LBFGS 25400 | total=1.414e-03 f=1.292e-03 ic=7.398e-06 wall=1.886e-05 inlet=3.730e-06 outlet=1.588e-06
LBFGS 25500 | total=1.405e-03 f=1.284e-03 ic=7.556e-06 wall=1.879e-05 inlet=3.594e-06 outlet=1.630e-06
Saved PyTorch checkpoint to results/checkpoints/none_5090/latest_lbfgs.pt
LBFGS 25600 | total=1.397e-03 f=1.276e-03 ic=7.633e-06 wall=1.875e-05 inlet=3.605e-06 outlet=1.711e-06
LBFGS 25700 | total=1.387e-03 f=1.265e-03 ic=7.432e-06 wall=1.893e-05 inlet=3.667e-06 outlet=1.500e-06
LBFGS 25800 | total=1.377e-03 f=1.255e-03 ic=7.397e-06 wall=1.873e-05 inlet=3.818e-06 outlet=1.531e-06
LBFGS 25900 | total=1.367e-03 f=1.247e-03 ic=7.466e-06 wall=1.862e-05 inlet=3.652e-06 outlet=1.584e-06
LBFGS 26000 | total=1.357e-03 f=1.236e-03 ic=7.702e-06 wall=1.849e-05 inlet=3.795e-06 outlet=1.763e-06
Saved PyTorch checkpoint to results/checkpoints/none_5090/latest_lbfgs.pt
LBFGS 26100 | total=1.347e-03 f=1.225e-03 ic=7.980e-06 wall=1.858e-05 inlet=3.895e-06 outlet=1.603e-06
LBFGS 26200 | total=1.337e-03 f=1.218e-03 ic=8.150e-06 wall=1.814e-05 inlet=3.698e-06 outlet=1.803e-06
LBFGS 26300 | total=1.327e-03 f=1.210e-03 ic=7.919e-06 wall=1.761e-05 inlet=3.861e-06 outlet=1.727e-06
LBFGS 26400 | total=1.317e-03 f=1.202e-03 ic=8.075e-06 wall=1.715e-05 inlet=3.892e-06 outlet=1.695e-06
LBFGS 26500 | total=1.307e-03 f=1.194e-03 ic=7.981e-06 wall=1.720e-05 inlet=3.524e-06 outlet=1.587e-06
Saved PyTorch checkpoint to results/checkpoints/none_5090/latest_lbfgs.pt
LBFGS 26600 | total=1.297e-03 f=1.184e-03 ic=8.004e-06 wall=1.725e-05 inlet=3.589e-06 outlet=1.364e-06
LBFGS 26700 | total=1.288e-03 f=1.173e-03 ic=8.404e-06 wall=1.734e-05 inlet=3.581e-06 outlet=1.488e-06
LBFGS 26800 | total=1.278e-03 f=1.161e-03 ic=8.228e-06 wall=1.772e-05 inlet=3.714e-06 outlet=1.551e-06
LBFGS 26900 | total=1.270e-03 f=1.153e-03 ic=7.956e-06 wall=1.780e-05 inlet=3.606e-06 outlet=1.575e-06
LBFGS 27000 | total=1.261e-03 f=1.146e-03 ic=7.898e-06 wall=1.748e-05 inlet=3.566e-06 outlet=1.462e-06
Saved PyTorch checkpoint to results/checkpoints/none_5090/latest_lbfgs.pt
LBFGS 27100 | total=1.250e-03 f=1.136e-03 ic=7.639e-06 wall=1.723e-05 inlet=3.739e-06 outlet=1.282e-06
LBFGS 27200 | total=1.241e-03 f=1.128e-03 ic=7.580e-06 wall=1.720e-05 inlet=3.591e-06 outlet=1.337e-06
LBFGS 27300 | total=1.232e-03 f=1.121e-03 ic=7.355e-06 wall=1.679e-05 inlet=3.610e-06 outlet=1.601e-06
LBFGS 27400 | total=1.223e-03 f=1.114e-03 ic=7.415e-06 wall=1.632e-05 inlet=3.788e-06 outlet=1.531e-06
LBFGS 27500 | total=1.214e-03 f=1.105e-03 ic=7.613e-06 wall=1.628e-05 inlet=3.724e-06 outlet=1.158e-06
Saved PyTorch checkpoint to results/checkpoints/none_5090/latest_lbfgs.pt
LBFGS 27600 | total=1.206e-03 f=1.098e-03 ic=7.639e-06 wall=1.619e-05 inlet=3.648e-06 outlet=1.106e-06
LBFGS 27700 | total=1.198e-03 f=1.091e-03 ic=7.625e-06 wall=1.615e-05 inlet=3.596e-06 outlet=1.087e-06
LBFGS 27800 | total=1.190e-03 f=1.081e-03 ic=7.570e-06 wall=1.615e-05 inlet=3.775e-06 outlet=1.159e-06
LBFGS 27900 | total=1.182e-03 f=1.074e-03 ic=7.712e-06 wall=1.591e-05 inlet=3.915e-06 outlet=1.138e-06
LBFGS 28000 | total=1.172e-03 f=1.065e-03 ic=7.768e-06 wall=1.580e-05 inlet=3.907e-06 outlet=1.167e-06
Saved PyTorch checkpoint to results/checkpoints/none_5090/latest_lbfgs.pt
LBFGS 28100 | total=1.163e-03 f=1.057e-03 ic=7.598e-06 wall=1.565e-05 inlet=3.798e-06 outlet=1.067e-06
LBFGS 28200 | total=1.154e-03 f=1.049e-03 ic=7.589e-06 wall=1.553e-05 inlet=3.800e-06 outlet=1.017e-06
LBFGS 28300 | total=1.146e-03 f=1.042e-03 ic=7.447e-06 wall=1.536e-05 inlet=3.637e-06 outlet=1.102e-06
LBFGS 28400 | total=1.136e-03 f=1.032e-03 ic=7.531e-06 wall=1.535e-05 inlet=3.733e-06 outlet=1.316e-06
LBFGS 28500 | total=1.127e-03 f=1.023e-03 ic=7.389e-06 wall=1.512e-05 inlet=3.896e-06 outlet=1.515e-06
Saved PyTorch checkpoint to results/checkpoints/none_5090/latest_lbfgs.pt
LBFGS 28600 | total=1.119e-03 f=1.015e-03 ic=7.052e-06 wall=1.510e-05 inlet=4.151e-06 outlet=1.425e-06
LBFGS 28700 | total=1.109e-03 f=1.006e-03 ic=7.082e-06 wall=1.495e-05 inlet=3.994e-06 outlet=1.262e-06
LBFGS 28800 | total=1.102e-03 f=1.000e-03 ic=7.181e-06 wall=1.465e-05 inlet=3.879e-06 outlet=1.361e-06
LBFGS 28900 | total=1.094e-03 f=9.937e-04 ic=7.060e-06 wall=1.450e-05 inlet=3.805e-06 outlet=1.278e-06
LBFGS 29000 | total=1.086e-03 f=9.850e-04 ic=7.322e-06 wall=1.457e-05 inlet=3.903e-06 outlet=1.346e-06
Saved PyTorch checkpoint to results/checkpoints/none_5090/latest_lbfgs.pt
LBFGS 29100 | total=1.079e-03 f=9.783e-04 ic=7.488e-06 wall=1.446e-05 inlet=3.871e-06 outlet=1.339e-06
LBFGS 29200 | total=1.071e-03 f=9.689e-04 ic=7.460e-06 wall=1.460e-05 inlet=3.935e-06 outlet=1.556e-06
LBFGS 29300 | total=1.063e-03 f=9.617e-04 ic=7.931e-06 wall=1.448e-05 inlet=3.858e-06 outlet=1.458e-06
LBFGS 29400 | total=1.054e-03 f=9.548e-04 ic=7.800e-06 wall=1.434e-05 inlet=3.710e-06 outlet=1.379e-06
LBFGS 29500 | total=1.046e-03 f=9.487e-04 ic=7.560e-06 wall=1.398e-05 inlet=3.685e-06 outlet=1.260e-06
Saved PyTorch checkpoint to results/checkpoints/none_5090/latest_lbfgs.pt
LBFGS 29600 | total=1.039e-03 f=9.424e-04 ic=7.903e-06 wall=1.379e-05 inlet=3.625e-06 outlet=1.282e-06
LBFGS 29700 | total=1.032e-03 f=9.358e-04 ic=7.875e-06 wall=1.378e-05 inlet=3.664e-06 outlet=1.161e-06
LBFGS 29800 | total=1.025e-03 f=9.292e-04 ic=7.975e-06 wall=1.367e-05 inlet=3.694e-06 outlet=1.194e-06
LBFGS 29900 | total=1.018e-03 f=9.215e-04 ic=8.222e-06 wall=1.362e-05 inlet=3.712e-06 outlet=1.162e-06
LBFGS 30000 | total=1.011e-03 f=9.138e-04 ic=8.339e-06 wall=1.375e-05 inlet=3.670e-06 outlet=1.211e-06
Saved PyTorch checkpoint to results/checkpoints/none_5090/latest_lbfgs.pt
LBFGS 30100 | total=1.003e-03 f=9.065e-04 ic=8.086e-06 wall=1.366e-05 inlet=3.790e-06 outlet=1.338e-06
LBFGS 30200 | total=9.961e-04 f=8.999e-04 ic=8.173e-06 wall=1.374e-05 inlet=3.578e-06 outlet=1.429e-06
LBFGS 30300 | total=9.897e-04 f=8.930e-04 ic=8.277e-06 wall=1.369e-05 inlet=3.698e-06 outlet=1.479e-06
LBFGS 30400 | total=9.836e-04 f=8.871e-04 ic=7.994e-06 wall=1.367e-05 inlet=3.741e-06 outlet=1.385e-06
LBFGS 30500 | total=9.773e-04 f=8.807e-04 ic=7.817e-06 wall=1.373e-05 inlet=3.780e-06 outlet=1.220e-06
Saved PyTorch checkpoint to results/checkpoints/none_5090/latest_lbfgs.pt
LBFGS 30600 | total=9.696e-04 f=8.735e-04 ic=8.022e-06 wall=1.354e-05 inlet=3.828e-06 outlet=1.189e-06
LBFGS 30700 | total=9.624e-04 f=8.676e-04 ic=7.988e-06 wall=1.329e-05 inlet=3.854e-06 outlet=1.120e-06
LBFGS 30800 | total=9.547e-04 f=8.594e-04 ic=8.132e-06 wall=1.336e-05 inlet=3.857e-06 outlet=1.095e-06
LBFGS 30900 | total=9.465e-04 f=8.516e-04 ic=8.244e-06 wall=1.331e-05 inlet=3.775e-06 outlet=1.159e-06
LBFGS 31000 | total=9.396e-04 f=8.461e-04 ic=8.111e-06 wall=1.312e-05 inlet=3.711e-06 outlet=1.199e-06
Saved PyTorch checkpoint to results/checkpoints/none_5090/latest_lbfgs.pt
LBFGS 31100 | total=9.329e-04 f=8.390e-04 ic=8.148e-06 wall=1.312e-05 inlet=3.792e-06 outlet=1.192e-06
LBFGS 31200 | total=9.270e-04 f=8.338e-04 ic=7.968e-06 wall=1.304e-05 inlet=3.765e-06 outlet=1.186e-06
LBFGS 31300 | total=9.197e-04 f=8.276e-04 ic=7.926e-06 wall=1.279e-05 inlet=3.817e-06 outlet=1.157e-06
LBFGS 31400 | total=9.139e-04 f=8.222e-04 ic=7.920e-06 wall=1.275e-05 inlet=3.779e-06 outlet=1.185e-06
LBFGS 31500 | total=9.066e-04 f=8.146e-04 ic=7.737e-06 wall=1.270e-05 inlet=3.904e-06 outlet=1.219e-06
Saved PyTorch checkpoint to results/checkpoints/none_5090/latest_lbfgs.pt
LBFGS 31600 | total=8.990e-04 f=8.084e-04 ic=7.738e-06 wall=1.253e-05 inlet=3.793e-06 outlet=1.227e-06
LBFGS 31700 | total=8.926e-04 f=8.025e-04 ic=7.776e-06 wall=1.252e-05 inlet=3.722e-06 outlet=1.111e-06
LBFGS 31800 | total=8.871e-04 f=7.963e-04 ic=7.699e-06 wall=1.262e-05 inlet=3.764e-06 outlet=1.194e-06
LBFGS 31900 | total=8.813e-04 f=7.908e-04 ic=7.817e-06 wall=1.252e-05 inlet=3.783e-06 outlet=1.180e-06
LBFGS 32000 | total=8.760e-04 f=7.865e-04 ic=7.722e-06 wall=1.234e-05 inlet=3.783e-06 outlet=1.128e-06
Saved PyTorch checkpoint to results/checkpoints/none_5090/latest_lbfgs.pt
LBFGS 32100 | total=8.702e-04 f=7.804e-04 ic=7.828e-06 wall=1.236e-05 inlet=3.805e-06 outlet=1.146e-06
LBFGS 32200 | total=8.637e-04 f=7.744e-04 ic=7.722e-06 wall=1.240e-05 inlet=3.706e-06 outlet=1.125e-06
LBFGS 32300 | total=8.579e-04 f=7.680e-04 ic=7.651e-06 wall=1.247e-05 inlet=3.734e-06 outlet=1.172e-06
LBFGS 32400 | total=8.509e-04 f=7.611e-04 ic=7.830e-06 wall=1.245e-05 inlet=3.717e-06 outlet=1.159e-06
LBFGS 32500 | total=8.446e-04 f=7.545e-04 ic=8.222e-06 wall=1.248e-05 inlet=3.664e-06 outlet=1.145e-06
Saved PyTorch checkpoint to results/checkpoints/none_5090/latest_lbfgs.pt
LBFGS 32600 | total=8.390e-04 f=7.484e-04 ic=8.584e-06 wall=1.243e-05 inlet=3.755e-06 outlet=1.177e-06
LBFGS 32700 | total=8.329e-04 f=7.425e-04 ic=8.466e-06 wall=1.246e-05 inlet=3.693e-06 outlet=1.214e-06
LBFGS 32800 | total=8.267e-04 f=7.361e-04 ic=8.558e-06 wall=1.242e-05 inlet=3.735e-06 outlet=1.253e-06
LBFGS 32900 | total=8.211e-04 f=7.307e-04 ic=8.439e-06 wall=1.246e-05 inlet=3.666e-06 outlet=1.303e-06
LBFGS 33000 | total=8.151e-04 f=7.245e-04 ic=8.327e-06 wall=1.246e-05 inlet=3.746e-06 outlet=1.295e-06
Saved PyTorch checkpoint to results/checkpoints/none_5090/latest_lbfgs.pt
LBFGS 33100 | total=8.096e-04 f=7.192e-04 ic=8.245e-06 wall=1.257e-05 inlet=3.595e-06 outlet=1.327e-06
LBFGS 33200 | total=8.034e-04 f=7.136e-04 ic=8.208e-06 wall=1.251e-05 inlet=3.544e-06 outlet=1.330e-06
LBFGS 33300 | total=7.974e-04 f=7.077e-04 ic=8.310e-06 wall=1.253e-05 inlet=3.476e-06 outlet=1.339e-06
LBFGS 33400 | total=7.926e-04 f=7.031e-04 ic=8.369e-06 wall=1.253e-05 inlet=3.435e-06 outlet=1.357e-06
LBFGS 33500 | total=7.869e-04 f=6.972e-04 ic=8.638e-06 wall=1.249e-05 inlet=3.450e-06 outlet=1.325e-06
Saved PyTorch checkpoint to results/checkpoints/none_5090/latest_lbfgs.pt
LBFGS 33600 | total=7.813e-04 f=6.919e-04 ic=8.503e-06 wall=1.246e-05 inlet=3.432e-06 outlet=1.394e-06
LBFGS 33700 | total=7.751e-04 f=6.866e-04 ic=8.680e-06 wall=1.236e-05 inlet=3.339e-06 outlet=1.315e-06
LBFGS 33800 | total=7.695e-04 f=6.808e-04 ic=8.635e-06 wall=1.241e-05 inlet=3.337e-06 outlet=1.389e-06
LBFGS 33900 | total=7.634e-04 f=6.744e-04 ic=8.709e-06 wall=1.243e-05 inlet=3.375e-06 outlet=1.279e-06
LBFGS 34000 | total=7.578e-04 f=6.690e-04 ic=8.678e-06 wall=1.235e-05 inlet=3.426e-06 outlet=1.321e-06
Saved PyTorch checkpoint to results/checkpoints/none_5090/latest_lbfgs.pt
LBFGS 34100 | total=7.516e-04 f=6.632e-04 ic=8.815e-06 wall=1.232e-05 inlet=3.343e-06 outlet=1.256e-06
LBFGS 34200 | total=7.471e-04 f=6.599e-04 ic=8.618e-06 wall=1.221e-05 inlet=3.270e-06 outlet=1.219e-06
LBFGS 34300 | total=7.423e-04 f=6.552e-04 ic=8.661e-06 wall=1.216e-05 inlet=3.285e-06 outlet=1.247e-06
LBFGS 34400 | total=7.369e-04 f=6.504e-04 ic=9.015e-06 wall=1.200e-05 inlet=3.244e-06 outlet=1.257e-06
LBFGS 34500 | total=7.316e-04 f=6.454e-04 ic=8.954e-06 wall=1.188e-05 inlet=3.293e-06 outlet=1.279e-06
Saved PyTorch checkpoint to results/checkpoints/none_5090/latest_lbfgs.pt
LBFGS 34600 | total=7.270e-04 f=6.414e-04 ic=8.695e-06 wall=1.179e-05 inlet=3.309e-06 outlet=1.377e-06
LBFGS 34700 | total=7.223e-04 f=6.361e-04 ic=8.775e-06 wall=1.181e-05 inlet=3.407e-06 outlet=1.313e-06
LBFGS 34800 | total=7.168e-04 f=6.315e-04 ic=8.711e-06 wall=1.168e-05 inlet=3.356e-06 outlet=1.360e-06
LBFGS 34900 | total=7.115e-04 f=6.263e-04 ic=8.716e-06 wall=1.167e-05 inlet=3.338e-06 outlet=1.416e-06
LBFGS 35000 | total=7.060e-04 f=6.208e-04 ic=8.615e-06 wall=1.170e-05 inlet=3.343e-06 outlet=1.413e-06
Saved PyTorch checkpoint to results/checkpoints/none_5090/latest_lbfgs.pt
LBFGS 35100 | total=7.010e-04 f=6.171e-04 ic=8.409e-06 wall=1.154e-05 inlet=3.287e-06 outlet=1.397e-06
LBFGS 35200 | total=6.966e-04 f=6.128e-04 ic=8.305e-06 wall=1.163e-05 inlet=3.166e-06 outlet=1.468e-06
LBFGS 35300 | total=6.918e-04 f=6.091e-04 ic=8.187e-06 wall=1.149e-05 inlet=3.113e-06 outlet=1.523e-06
LBFGS 35400 | total=6.872e-04 f=6.042e-04 ic=8.204e-06 wall=1.151e-05 inlet=3.140e-06 outlet=1.527e-06
LBFGS 35500 | total=6.827e-04 f=5.998e-04 ic=8.145e-06 wall=1.153e-05 inlet=3.115e-06 outlet=1.481e-06
Saved PyTorch checkpoint to results/checkpoints/none_5090/latest_lbfgs.pt
LBFGS 35600 | total=6.785e-04 f=5.952e-04 ic=8.272e-06 wall=1.163e-05 inlet=3.072e-06 outlet=1.492e-06
LBFGS 35700 | total=6.740e-04 f=5.909e-04 ic=8.199e-06 wall=1.159e-05 inlet=3.089e-06 outlet=1.478e-06
LBFGS 35800 | total=6.697e-04 f=5.864e-04 ic=8.315e-06 wall=1.161e-05 inlet=3.072e-06 outlet=1.464e-06
LBFGS 35900 | total=6.649e-04 f=5.822e-04 ic=8.339e-06 wall=1.164e-05 inlet=2.943e-06 outlet=1.478e-06
LBFGS 36000 | total=6.602e-04 f=5.783e-04 ic=8.063e-06 wall=1.148e-05 inlet=3.000e-06 outlet=1.433e-06
Saved PyTorch checkpoint to results/checkpoints/none_5090/latest_lbfgs.pt
LBFGS 36100 | total=6.556e-04 f=5.747e-04 ic=8.035e-06 wall=1.140e-05 inlet=2.894e-06 outlet=1.430e-06
LBFGS 36200 | total=6.511e-04 f=5.707e-04 ic=7.981e-06 wall=1.135e-05 inlet=2.847e-06 outlet=1.475e-06
LBFGS 36300 | total=6.462e-04 f=5.669e-04 ic=7.737e-06 wall=1.111e-05 inlet=2.905e-06 outlet=1.520e-06
LBFGS 36400 | total=6.419e-04 f=5.627e-04 ic=7.838e-06 wall=1.109e-05 inlet=2.863e-06 outlet=1.555e-06
LBFGS 36500 | total=6.371e-04 f=5.585e-04 ic=7.966e-06 wall=1.105e-05 inlet=2.780e-06 outlet=1.532e-06
Saved PyTorch checkpoint to results/checkpoints/none_5090/latest_lbfgs.pt
LBFGS 36600 | total=6.328e-04 f=5.540e-04 ic=8.063e-06 wall=1.103e-05 inlet=2.816e-06 outlet=1.491e-06
LBFGS 36700 | total=6.284e-04 f=5.500e-04 ic=7.990e-06 wall=1.098e-05 inlet=2.821e-06 outlet=1.415e-06
LBFGS 36800 | total=6.233e-04 f=5.457e-04 ic=7.936e-06 wall=1.083e-05 inlet=2.818e-06 outlet=1.344e-06
LBFGS 36900 | total=6.183e-04 f=5.414e-04 ic=7.941e-06 wall=1.066e-05 inlet=2.876e-06 outlet=1.336e-06
LBFGS 37000 | total=6.142e-04 f=5.369e-04 ic=7.961e-06 wall=1.074e-05 inlet=2.884e-06 outlet=1.280e-06
Saved PyTorch checkpoint to results/checkpoints/none_5090/latest_lbfgs.pt
LBFGS 37100 | total=6.098e-04 f=5.328e-04 ic=7.774e-06 wall=1.074e-05 inlet=2.842e-06 outlet=1.293e-06
LBFGS 37200 | total=6.056e-04 f=5.291e-04 ic=7.748e-06 wall=1.071e-05 inlet=2.781e-06 outlet=1.289e-06
LBFGS 37300 | total=6.018e-04 f=5.263e-04 ic=7.645e-06 wall=1.063e-05 inlet=2.686e-06 outlet=1.248e-06
LBFGS 37400 | total=5.980e-04 f=5.233e-04 ic=7.515e-06 wall=1.054e-05 inlet=2.659e-06 outlet=1.157e-06
LBFGS 37500 | total=5.944e-04 f=5.201e-04 ic=7.423e-06 wall=1.050e-05 inlet=2.662e-06 outlet=1.088e-06
Saved PyTorch checkpoint to results/checkpoints/none_5090/latest_lbfgs.pt
LBFGS 37600 | total=5.909e-04 f=5.163e-04 ic=7.330e-06 wall=1.064e-05 inlet=2.602e-06 outlet=1.064e-06
LBFGS 37700 | total=5.867e-04 f=5.122e-04 ic=7.228e-06 wall=1.072e-05 inlet=2.515e-06 outlet=1.026e-06
LBFGS 37800 | total=5.832e-04 f=5.089e-04 ic=7.198e-06 wall=1.070e-05 inlet=2.509e-06 outlet=1.015e-06
LBFGS 37900 | total=5.791e-04 f=5.053e-04 ic=7.026e-06 wall=1.071e-05 inlet=2.460e-06 outlet=9.825e-07
LBFGS 38000 | total=5.755e-04 f=5.018e-04 ic=6.960e-06 wall=1.073e-05 inlet=2.422e-06 outlet=1.017e-06
Saved PyTorch checkpoint to results/checkpoints/none_5090/latest_lbfgs.pt
LBFGS 38100 | total=5.725e-04 f=4.988e-04 ic=6.863e-06 wall=1.072e-05 inlet=2.452e-06 outlet=1.005e-06
LBFGS 38200 | total=5.687e-04 f=4.955e-04 ic=6.944e-06 wall=1.069e-05 inlet=2.380e-06 outlet=9.647e-07
LBFGS 38300 | total=5.648e-04 f=4.917e-04 ic=6.907e-06 wall=1.066e-05 inlet=2.385e-06 outlet=9.345e-07
LBFGS 38400 | total=5.608e-04 f=4.885e-04 ic=6.820e-06 wall=1.050e-05 inlet=2.409e-06 outlet=8.930e-07
LBFGS 38500 | total=5.573e-04 f=4.852e-04 ic=6.952e-06 wall=1.043e-05 inlet=2.424e-06 outlet=8.658e-07
Saved PyTorch checkpoint to results/checkpoints/none_5090/latest_lbfgs.pt
LBFGS 38600 | total=5.532e-04 f=4.808e-04 ic=7.273e-06 wall=1.046e-05 inlet=2.394e-06 outlet=8.321e-07
LBFGS 38700 | total=5.497e-04 f=4.777e-04 ic=7.342e-06 wall=1.038e-05 inlet=2.382e-06 outlet=8.160e-07
LBFGS 38800 | total=5.466e-04 f=4.752e-04 ic=7.257e-06 wall=1.027e-05 inlet=2.399e-06 outlet=7.906e-07
LBFGS 38900 | total=5.437e-04 f=4.726e-04 ic=7.247e-06 wall=1.023e-05 inlet=2.382e-06 outlet=7.903e-07
LBFGS 39000 | total=5.410e-04 f=4.700e-04 ic=7.325e-06 wall=1.017e-05 inlet=2.415e-06 outlet=7.956e-07
Saved PyTorch checkpoint to results/checkpoints/none_5090/latest_lbfgs.pt
LBFGS 39100 | total=5.382e-04 f=4.675e-04 ic=7.286e-06 wall=1.006e-05 inlet=2.460e-06 outlet=8.065e-07
LBFGS 39200 | total=5.344e-04 f=4.643e-04 ic=7.318e-06 wall=9.969e-06 inlet=2.435e-06 outlet=7.970e-07
LBFGS 39300 | total=5.310e-04 f=4.614e-04 ic=7.201e-06 wall=9.880e-06 inlet=2.419e-06 outlet=8.213e-07
LBFGS 39400 | total=5.277e-04 f=4.582e-04 ic=7.231e-06 wall=9.864e-06 inlet=2.446e-06 outlet=8.033e-07
LBFGS 39500 | total=5.250e-04 f=4.557e-04 ic=7.382e-06 wall=9.815e-06 inlet=2.400e-06 outlet=8.108e-07
Saved PyTorch checkpoint to results/checkpoints/none_5090/latest_lbfgs.pt
LBFGS 39600 | total=5.223e-04 f=4.532e-04 ic=7.444e-06 wall=9.796e-06 inlet=2.360e-06 outlet=8.074e-07
LBFGS 39700 | total=5.196e-04 f=4.508e-04 ic=7.468e-06 wall=9.782e-06 inlet=2.341e-06 outlet=7.615e-07
LBFGS 39800 | total=5.168e-04 f=4.479e-04 ic=7.413e-06 wall=9.788e-06 inlet=2.349e-06 outlet=7.554e-07
LBFGS 39900 | total=5.135e-04 f=4.449e-04 ic=7.255e-06 wall=9.780e-06 inlet=2.352e-06 outlet=7.315e-07
LBFGS 40000 | total=5.108e-04 f=4.419e-04 ic=7.454e-06 wall=9.787e-06 inlet=2.374e-06 outlet=7.339e-07
Saved PyTorch checkpoint to results/checkpoints/none_5090/latest_lbfgs.pt
LBFGS 40100 | total=5.077e-04 f=4.390e-04 ic=7.443e-06 wall=9.726e-06 inlet=2.364e-06 outlet=7.732e-07
LBFGS 40200 | total=5.049e-04 f=4.362e-04 ic=7.490e-06 wall=9.767e-06 inlet=2.321e-06 outlet=8.085e-07
LBFGS 40300 | total=5.018e-04 f=4.330e-04 ic=7.479e-06 wall=9.750e-06 inlet=2.362e-06 outlet=7.870e-07
LBFGS 40400 | total=4.984e-04 f=4.301e-04 ic=7.516e-06 wall=9.688e-06 inlet=2.306e-06 outlet=8.081e-07
LBFGS 40500 | total=4.957e-04 f=4.277e-04 ic=7.450e-06 wall=9.649e-06 inlet=2.294e-06 outlet=8.383e-07
Saved PyTorch checkpoint to results/checkpoints/none_5090/latest_lbfgs.pt
LBFGS 40600 | total=4.929e-04 f=4.251e-04 ic=7.524e-06 wall=9.632e-06 inlet=2.252e-06 outlet=8.599e-07
LBFGS 40700 | total=4.903e-04 f=4.223e-04 ic=7.618e-06 wall=9.675e-06 inlet=2.243e-06 outlet=8.596e-07
LBFGS 40800 | total=4.874e-04 f=4.195e-04 ic=7.560e-06 wall=9.682e-06 inlet=2.227e-06 outlet=8.621e-07
LBFGS 40900 | total=4.846e-04 f=4.164e-04 ic=7.556e-06 wall=9.729e-06 inlet=2.240e-06 outlet=8.702e-07
LBFGS 41000 | total=4.816e-04 f=4.134e-04 ic=7.594e-06 wall=9.732e-06 inlet=2.219e-06 outlet=8.648e-07
Saved PyTorch checkpoint to results/checkpoints/none_5090/latest_lbfgs.pt
LBFGS 41100 | total=4.789e-04 f=4.113e-04 ic=7.554e-06 wall=9.671e-06 inlet=2.177e-06 outlet=8.000e-07
LBFGS 41200 | total=4.763e-04 f=4.093e-04 ic=7.555e-06 wall=9.593e-06 inlet=2.146e-06 outlet=7.370e-07
LBFGS 41300 | total=4.733e-04 f=4.066e-04 ic=7.571e-06 wall=9.532e-06 inlet=2.139e-06 outlet=7.048e-07
LBFGS 41400 | total=4.703e-04 f=4.044e-04 ic=7.498e-06 wall=9.441e-06 inlet=2.099e-06 outlet=6.960e-07
LBFGS 41500 | total=4.674e-04 f=4.015e-04 ic=7.548e-06 wall=9.440e-06 inlet=2.087e-06 outlet=6.993e-07
Saved PyTorch checkpoint to results/checkpoints/none_5090/latest_lbfgs.pt
LBFGS 41600 | total=4.651e-04 f=3.997e-04 ic=7.476e-06 wall=9.409e-06 inlet=2.048e-06 outlet=7.086e-07
LBFGS 41700 | total=4.623e-04 f=3.974e-04 ic=7.483e-06 wall=9.372e-06 inlet=1.974e-06 outlet=7.045e-07
LBFGS 41800 | total=4.595e-04 f=3.952e-04 ic=7.466e-06 wall=9.271e-06 inlet=1.958e-06 outlet=7.164e-07
LBFGS 41900 | total=4.569e-04 f=3.933e-04 ic=7.435e-06 wall=9.146e-06 inlet=1.948e-06 outlet=7.536e-07
LBFGS 42000 | total=4.544e-04 f=3.910e-04 ic=7.335e-06 wall=9.102e-06 inlet=1.945e-06 outlet=7.810e-07
Saved PyTorch checkpoint to results/checkpoints/none_5090/latest_lbfgs.pt
LBFGS 42100 | total=4.524e-04 f=3.892e-04 ic=7.333e-06 wall=9.071e-06 inlet=1.944e-06 outlet=7.790e-07
LBFGS 42200 | total=4.503e-04 f=3.872e-04 ic=7.271e-06 wall=9.061e-06 inlet=1.969e-06 outlet=7.401e-07
LBFGS 42300 | total=4.481e-04 f=3.854e-04 ic=7.277e-06 wall=9.007e-06 inlet=1.933e-06 outlet=7.013e-07
LBFGS 42400 | total=4.455e-04 f=3.828e-04 ic=7.397e-06 wall=9.014e-06 inlet=1.907e-06 outlet=6.779e-07
LBFGS 42500 | total=4.432e-04 f=3.809e-04 ic=7.378e-06 wall=8.942e-06 inlet=1.914e-06 outlet=6.855e-07
Saved PyTorch checkpoint to results/checkpoints/none_5090/latest_lbfgs.pt
LBFGS 42600 | total=4.407e-04 f=3.788e-04 ic=7.369e-06 wall=8.834e-06 inlet=1.941e-06 outlet=6.825e-07
LBFGS 42700 | total=4.384e-04 f=3.764e-04 ic=7.480e-06 wall=8.850e-06 inlet=1.911e-06 outlet=7.190e-07
LBFGS 42800 | total=4.359e-04 f=3.739e-04 ic=7.354e-06 wall=8.829e-06 inlet=1.955e-06 outlet=7.182e-07
LBFGS 42900 | total=4.334e-04 f=3.714e-04 ic=7.416e-06 wall=8.806e-06 inlet=1.965e-06 outlet=7.187e-07
LBFGS 43000 | total=4.312e-04 f=3.692e-04 ic=7.474e-06 wall=8.806e-06 inlet=1.943e-06 outlet=7.462e-07
Saved PyTorch checkpoint to results/checkpoints/none_5090/latest_lbfgs.pt
LBFGS 43100 | total=4.286e-04 f=3.667e-04 ic=7.464e-06 wall=8.773e-06 inlet=1.953e-06 outlet=7.551e-07
LBFGS 43200 | total=4.264e-04 f=3.646e-04 ic=7.594e-06 wall=8.738e-06 inlet=1.957e-06 outlet=7.549e-07
LBFGS 43300 | total=4.241e-04 f=3.626e-04 ic=7.631e-06 wall=8.667e-06 inlet=1.954e-06 outlet=7.301e-07
LBFGS 43400 | total=4.216e-04 f=3.605e-04 ic=7.627e-06 wall=8.597e-06 inlet=1.960e-06 outlet=6.959e-07
LBFGS 43500 | total=4.193e-04 f=3.585e-04 ic=7.629e-06 wall=8.504e-06 inlet=1.986e-06 outlet=7.202e-07
Saved PyTorch checkpoint to results/checkpoints/none_5090/latest_lbfgs.pt
LBFGS 43600 | total=4.170e-04 f=3.563e-04 ic=7.651e-06 wall=8.469e-06 inlet=2.000e-06 outlet=7.551e-07
LBFGS 43700 | total=4.150e-04 f=3.542e-04 ic=7.597e-06 wall=8.455e-06 inlet=2.034e-06 outlet=7.706e-07
LBFGS 43800 | total=4.127e-04 f=3.521e-04 ic=7.638e-06 wall=8.386e-06 inlet=2.035e-06 outlet=8.350e-07
LBFGS 43900 | total=4.106e-04 f=3.505e-04 ic=7.588e-06 wall=8.323e-06 inlet=2.025e-06 outlet=8.220e-07
LBFGS 44000 | total=4.082e-04 f=3.484e-04 ic=7.560e-06 wall=8.261e-06 inlet=2.020e-06 outlet=8.390e-07
Saved PyTorch checkpoint to results/checkpoints/none_5090/latest_lbfgs.pt
LBFGS 44100 | total=4.062e-04 f=3.463e-04 ic=7.661e-06 wall=8.228e-06 inlet=2.036e-06 outlet=8.344e-07
LBFGS 44200 | total=4.041e-04 f=3.444e-04 ic=7.663e-06 wall=8.251e-06 inlet=1.989e-06 outlet=8.248e-07
LBFGS 44300 | total=4.018e-04 f=3.422e-04 ic=7.556e-06 wall=8.279e-06 inlet=1.965e-06 outlet=8.458e-07
LBFGS 44400 | total=3.999e-04 f=3.407e-04 ic=7.487e-06 wall=8.237e-06 inlet=1.935e-06 outlet=8.338e-07
LBFGS 44500 | total=3.979e-04 f=3.392e-04 ic=7.385e-06 wall=8.217e-06 inlet=1.896e-06 outlet=7.648e-07
Saved PyTorch checkpoint to results/checkpoints/none_5090/latest_lbfgs.pt
LBFGS 44600 | total=3.959e-04 f=3.376e-04 ic=7.456e-06 wall=8.125e-06 inlet=1.898e-06 outlet=7.377e-07
LBFGS 44700 | total=3.938e-04 f=3.361e-04 ic=7.527e-06 wall=8.045e-06 inlet=1.844e-06 outlet=7.268e-07
LBFGS 44800 | total=3.920e-04 f=3.346e-04 ic=7.590e-06 wall=7.952e-06 inlet=1.867e-06 outlet=7.330e-07
LBFGS 44900 | total=3.903e-04 f=3.329e-04 ic=7.553e-06 wall=7.958e-06 inlet=1.862e-06 outlet=7.597e-07
LBFGS 45000 | total=3.887e-04 f=3.314e-04 ic=7.582e-06 wall=7.940e-06 inlet=1.848e-06 outlet=8.118e-07
Saved PyTorch checkpoint to results/checkpoints/none_5090/latest_lbfgs.pt
LBFGS 45100 | total=3.867e-04 f=3.296e-04 ic=7.587e-06 wall=7.885e-06 inlet=1.862e-06 outlet=8.098e-07
LBFGS 45200 | total=3.848e-04 f=3.277e-04 ic=7.593e-06 wall=7.885e-06 inlet=1.862e-06 outlet=8.174e-07
LBFGS 45300 | total=3.829e-04 f=3.261e-04 ic=7.638e-06 wall=7.841e-06 inlet=1.841e-06 outlet=8.044e-07
LBFGS 45400 | total=3.809e-04 f=3.240e-04 ic=7.539e-06 wall=7.855e-06 inlet=1.851e-06 outlet=8.250e-07
LBFGS 45500 | total=3.791e-04 f=3.222e-04 ic=7.466e-06 wall=7.870e-06 inlet=1.841e-06 outlet=8.541e-07
Saved PyTorch checkpoint to results/checkpoints/none_5090/latest_lbfgs.pt
LBFGS 45600 | total=3.775e-04 f=3.204e-04 ic=7.464e-06 wall=7.893e-06 inlet=1.855e-06 outlet=8.578e-07
LBFGS 45700 | total=3.759e-04 f=3.189e-04 ic=7.415e-06 wall=7.881e-06 inlet=1.868e-06 outlet=8.477e-07
LBFGS 45800 | total=3.738e-04 f=3.172e-04 ic=7.304e-06 wall=7.827e-06 inlet=1.871e-06 outlet=8.368e-07
LBFGS 45900 | total=3.719e-04 f=3.158e-04 ic=7.261e-06 wall=7.728e-06 inlet=1.879e-06 outlet=8.253e-07
LBFGS 46000 | total=3.701e-04 f=3.141e-04 ic=7.289e-06 wall=7.689e-06 inlet=1.893e-06 outlet=8.063e-07
Saved PyTorch checkpoint to results/checkpoints/none_5090/latest_lbfgs.pt
LBFGS 46100 | total=3.682e-04 f=3.123e-04 ic=7.368e-06 wall=7.645e-06 inlet=1.895e-06 outlet=8.231e-07
LBFGS 46200 | total=3.661e-04 f=3.105e-04 ic=7.375e-06 wall=7.621e-06 inlet=1.856e-06 outlet=8.086e-07
LBFGS 46300 | total=3.644e-04 f=3.090e-04 ic=7.319e-06 wall=7.571e-06 inlet=1.881e-06 outlet=7.736e-07
LBFGS 46400 | total=3.626e-04 f=3.075e-04 ic=7.336e-06 wall=7.520e-06 inlet=1.866e-06 outlet=7.818e-07
LBFGS 46500 | total=3.610e-04 f=3.062e-04 ic=7.321e-06 wall=7.463e-06 inlet=1.881e-06 outlet=7.392e-07
Saved PyTorch checkpoint to results/checkpoints/none_5090/latest_lbfgs.pt
LBFGS 46600 | total=3.591e-04 f=3.043e-04 ic=7.254e-06 wall=7.494e-06 inlet=1.878e-06 outlet=7.432e-07
LBFGS 46700 | total=3.573e-04 f=3.024e-04 ic=7.219e-06 wall=7.503e-06 inlet=1.902e-06 outlet=7.123e-07
LBFGS 46800 | total=3.555e-04 f=3.007e-04 ic=7.195e-06 wall=7.477e-06 inlet=1.903e-06 outlet=6.849e-07
LBFGS 46900 | total=3.536e-04 f=2.992e-04 ic=7.136e-06 wall=7.415e-06 inlet=1.909e-06 outlet=6.683e-07
LBFGS 47000 | total=3.519e-04 f=2.980e-04 ic=7.068e-06 wall=7.388e-06 inlet=1.837e-06 outlet=7.083e-07
Saved PyTorch checkpoint to results/checkpoints/none_5090/latest_lbfgs.pt
LBFGS 47100 | total=3.505e-04 f=2.971e-04 ic=7.010e-06 wall=7.329e-06 inlet=1.804e-06 outlet=6.980e-07
LBFGS 47200 | total=3.489e-04 f=2.958e-04 ic=6.967e-06 wall=7.265e-06 inlet=1.813e-06 outlet=6.963e-07
LBFGS 47300 | total=3.473e-04 f=2.945e-04 ic=6.916e-06 wall=7.227e-06 inlet=1.821e-06 outlet=6.791e-07
LBFGS 47400 | total=3.456e-04 f=2.929e-04 ic=6.952e-06 wall=7.187e-06 inlet=1.830e-06 outlet=6.965e-07
LBFGS 47500 | total=3.438e-04 f=2.915e-04 ic=6.945e-06 wall=7.107e-06 inlet=1.832e-06 outlet=6.777e-07
Saved PyTorch checkpoint to results/checkpoints/none_5090/latest_lbfgs.pt
LBFGS 47600 | total=3.420e-04 f=2.899e-04 ic=6.917e-06 wall=7.090e-06 inlet=1.798e-06 outlet=6.866e-07
LBFGS 47700 | total=3.399e-04 f=2.881e-04 ic=6.864e-06 wall=7.069e-06 inlet=1.799e-06 outlet=6.706e-07
LBFGS 47800 | total=3.384e-04 f=2.867e-04 ic=6.932e-06 wall=7.026e-06 inlet=1.784e-06 outlet=6.546e-07
LBFGS 47900 | total=3.368e-04 f=2.851e-04 ic=6.932e-06 wall=7.019e-06 inlet=1.801e-06 outlet=6.363e-07
LBFGS 48000 | total=3.352e-04 f=2.838e-04 ic=6.963e-06 wall=7.002e-06 inlet=1.770e-06 outlet=6.182e-07
Saved PyTorch checkpoint to results/checkpoints/none_5090/latest_lbfgs.pt
LBFGS 48100 | total=3.336e-04 f=2.825e-04 ic=6.896e-06 wall=6.998e-06 inlet=1.721e-06 outlet=6.347e-07
LBFGS 48200 | total=3.321e-04 f=2.813e-04 ic=6.850e-06 wall=6.962e-06 inlet=1.704e-06 outlet=6.249e-07
LBFGS 48300 | total=3.307e-04 f=2.802e-04 ic=6.776e-06 wall=6.937e-06 inlet=1.692e-06 outlet=6.641e-07
LBFGS 48400 | total=3.293e-04 f=2.787e-04 ic=6.707e-06 wall=6.910e-06 inlet=1.724e-06 outlet=6.648e-07
LBFGS 48500 | total=3.277e-04 f=2.771e-04 ic=6.672e-06 wall=6.932e-06 inlet=1.713e-06 outlet=6.837e-07
Saved PyTorch checkpoint to results/checkpoints/none_5090/latest_lbfgs.pt
LBFGS 48600 | total=3.264e-04 f=2.758e-04 ic=6.612e-06 wall=6.924e-06 inlet=1.740e-06 outlet=7.049e-07
LBFGS 48700 | total=3.251e-04 f=2.746e-04 ic=6.624e-06 wall=6.886e-06 inlet=1.756e-06 outlet=6.680e-07
LBFGS 48800 | total=3.239e-04 f=2.737e-04 ic=6.683e-06 wall=6.843e-06 inlet=1.733e-06 outlet=6.275e-07
LBFGS 48900 | total=3.227e-04 f=2.725e-04 ic=6.667e-06 wall=6.852e-06 inlet=1.724e-06 outlet=5.957e-07
LBFGS 49000 | total=3.215e-04 f=2.714e-04 ic=6.614e-06 wall=6.883e-06 inlet=1.707e-06 outlet=5.703e-07
Saved PyTorch checkpoint to results/checkpoints/none_5090/latest_lbfgs.pt
LBFGS 49100 | total=3.204e-04 f=2.703e-04 ic=6.639e-06 wall=6.869e-06 inlet=1.704e-06 outlet=5.691e-07
LBFGS 49200 | total=3.193e-04 f=2.691e-04 ic=6.645e-06 wall=6.873e-06 inlet=1.715e-06 outlet=5.682e-07
LBFGS 49300 | total=3.182e-04 f=2.683e-04 ic=6.709e-06 wall=6.870e-06 inlet=1.670e-06 outlet=5.457e-07
LBFGS 49400 | total=3.173e-04 f=2.677e-04 ic=6.706e-06 wall=6.806e-06 inlet=1.664e-06 outlet=5.509e-07
LBFGS 49500 | total=3.162e-04 f=2.669e-04 ic=6.642e-06 wall=6.785e-06 inlet=1.622e-06 outlet=5.207e-07
Saved PyTorch checkpoint to results/checkpoints/none_5090/latest_lbfgs.pt
LBFGS 49600 | total=3.150e-04 f=2.660e-04 ic=6.631e-06 wall=6.785e-06 inlet=1.595e-06 outlet=5.293e-07
LBFGS 49700 | total=3.138e-04 f=2.648e-04 ic=6.545e-06 wall=6.791e-06 inlet=1.586e-06 outlet=5.449e-07
LBFGS 49800 | total=3.128e-04 f=2.641e-04 ic=6.481e-06 wall=6.767e-06 inlet=1.569e-06 outlet=5.468e-07
LBFGS 49900 | total=3.115e-04 f=2.632e-04 ic=6.381e-06 wall=6.727e-06 inlet=1.544e-06 outlet=5.670e-07
LBFGS 50000 | total=3.104e-04 f=2.621e-04 ic=6.326e-06 wall=6.760e-06 inlet=1.515e-06 outlet=5.753e-07
Saved PyTorch checkpoint to results/checkpoints/none_5090/latest_lbfgs.pt
Saved PyTorch checkpoint to results/checkpoints/none_5090/latest_lbfgs.pt
--- 5846.46 seconds ---
Saved PyTorch checkpoint to results/checkpoints/none_5090/latest.pt
Lambda curve saved to results/figures/none_5090/lambda_curve.png

=== Training complete. Run bench: bash scripts/bench_balanced.sh --exp-name none_5090 ===
