Using device: cuda
Experiment: strict_reproduce_5090  (checkpoints under results/checkpoints/strict_reproduce_5090)
Strict reproduction recipe: TF-style truncated Xavier init, 80000 base LHS collocation points, Adam 5000, SciPy L-BFGS-B.
Adam 1 | total=1.930e+00 f=1.583e-01 ic=2.434e-01 wall=2.112e-01 inlet=9.397e-02 outlet=2.173e-03 lr=5.000e-04
Saved PyTorch checkpoint to results/checkpoints/strict_reproduce_5090/best.pt
Saved PyTorch checkpoint to results/checkpoints/strict_reproduce_5090/best.pt
Saved PyTorch checkpoint to results/checkpoints/strict_reproduce_5090/best.pt
Saved PyTorch checkpoint to results/checkpoints/strict_reproduce_5090/best.pt
Saved PyTorch checkpoint to results/checkpoints/strict_reproduce_5090/best.pt
Saved PyTorch checkpoint to results/checkpoints/strict_reproduce_5090/best.pt
Saved PyTorch checkpoint to results/checkpoints/strict_reproduce_5090/best.pt
Saved PyTorch checkpoint to results/checkpoints/strict_reproduce_5090/best.pt
Saved PyTorch checkpoint to results/checkpoints/strict_reproduce_5090/best.pt
Saved PyTorch checkpoint to results/checkpoints/strict_reproduce_5090/best.pt
Saved PyTorch checkpoint to results/checkpoints/strict_reproduce_5090/best.pt
Saved PyTorch checkpoint to results/checkpoints/strict_reproduce_5090/best.pt
Saved PyTorch checkpoint to results/checkpoints/strict_reproduce_5090/best.pt
Saved PyTorch checkpoint to results/checkpoints/strict_reproduce_5090/best.pt
Saved PyTorch checkpoint to results/checkpoints/strict_reproduce_5090/best.pt
Saved PyTorch checkpoint to results/checkpoints/strict_reproduce_5090/best.pt
Saved PyTorch checkpoint to results/checkpoints/strict_reproduce_5090/best.pt
Saved PyTorch checkpoint to results/checkpoints/strict_reproduce_5090/best.pt
Saved PyTorch checkpoint to results/checkpoints/strict_reproduce_5090/best.pt
Saved PyTorch checkpoint to results/checkpoints/strict_reproduce_5090/best.pt
Saved PyTorch checkpoint to results/checkpoints/strict_reproduce_5090/best.pt
Saved PyTorch checkpoint to results/checkpoints/strict_reproduce_5090/best.pt
Saved PyTorch checkpoint to results/checkpoints/strict_reproduce_5090/best.pt
Saved PyTorch checkpoint to results/checkpoints/strict_reproduce_5090/best.pt
Saved PyTorch checkpoint to results/checkpoints/strict_reproduce_5090/best.pt
Saved PyTorch checkpoint to results/checkpoints/strict_reproduce_5090/best.pt
Saved PyTorch checkpoint to results/checkpoints/strict_reproduce_5090/best.pt
Saved PyTorch checkpoint to results/checkpoints/strict_reproduce_5090/best.pt
Saved PyTorch checkpoint to results/checkpoints/strict_reproduce_5090/best.pt
Saved PyTorch checkpoint to results/checkpoints/strict_reproduce_5090/best.pt
Saved PyTorch checkpoint to results/checkpoints/strict_reproduce_5090/best.pt
Saved PyTorch checkpoint to results/checkpoints/strict_reproduce_5090/best.pt
Saved PyTorch checkpoint to results/checkpoints/strict_reproduce_5090/best.pt
Saved PyTorch checkpoint to results/checkpoints/strict_reproduce_5090/best.pt
Saved PyTorch checkpoint to results/checkpoints/strict_reproduce_5090/best.pt
Saved PyTorch checkpoint to results/checkpoints/strict_reproduce_5090/best.pt
Saved PyTorch checkpoint to results/checkpoints/strict_reproduce_5090/best.pt
Saved PyTorch checkpoint to results/checkpoints/strict_reproduce_5090/best.pt
Saved PyTorch checkpoint to results/checkpoints/strict_reproduce_5090/best.pt
Saved PyTorch checkpoint to results/checkpoints/strict_reproduce_5090/best.pt
Saved PyTorch checkpoint to results/checkpoints/strict_reproduce_5090/best.pt
Saved PyTorch checkpoint to results/checkpoints/strict_reproduce_5090/best.pt
Saved PyTorch checkpoint to results/checkpoints/strict_reproduce_5090/best.pt
Saved PyTorch checkpoint to results/checkpoints/strict_reproduce_5090/best.pt
Saved PyTorch checkpoint to results/checkpoints/strict_reproduce_5090/best.pt
Saved PyTorch checkpoint to results/checkpoints/strict_reproduce_5090/best.pt
Saved PyTorch checkpoint to results/checkpoints/strict_reproduce_5090/best.pt
Saved PyTorch checkpoint to results/checkpoints/strict_reproduce_5090/best.pt
Saved PyTorch checkpoint to results/checkpoints/strict_reproduce_5090/best.pt
Saved PyTorch checkpoint to results/checkpoints/strict_reproduce_5090/best.pt
Saved PyTorch checkpoint to results/checkpoints/strict_reproduce_5090/best.pt
Saved PyTorch checkpoint to results/checkpoints/strict_reproduce_5090/best.pt
Saved PyTorch checkpoint to results/checkpoints/strict_reproduce_5090/best.pt
Saved PyTorch checkpoint to results/checkpoints/strict_reproduce_5090/best.pt
Saved PyTorch checkpoint to results/checkpoints/strict_reproduce_5090/best.pt
Saved PyTorch checkpoint to results/checkpoints/strict_reproduce_5090/best.pt
Saved PyTorch checkpoint to results/checkpoints/strict_reproduce_5090/best.pt
Saved PyTorch checkpoint to results/checkpoints/strict_reproduce_5090/best.pt
Saved PyTorch checkpoint to results/checkpoints/strict_reproduce_5090/best.pt
Saved PyTorch checkpoint to results/checkpoints/strict_reproduce_5090/best.pt
Saved PyTorch checkpoint to results/checkpoints/strict_reproduce_5090/best.pt
Saved PyTorch checkpoint to results/checkpoints/strict_reproduce_5090/best.pt
Saved PyTorch checkpoint to results/checkpoints/strict_reproduce_5090/best.pt
Saved PyTorch checkpoint to results/checkpoints/strict_reproduce_5090/best.pt
Saved PyTorch checkpoint to results/checkpoints/strict_reproduce_5090/best.pt
Saved PyTorch checkpoint to results/checkpoints/strict_reproduce_5090/best.pt
Saved PyTorch checkpoint to results/checkpoints/strict_reproduce_5090/best.pt
Saved PyTorch checkpoint to results/checkpoints/strict_reproduce_5090/best.pt
Saved PyTorch checkpoint to results/checkpoints/strict_reproduce_5090/best.pt
Saved PyTorch checkpoint to results/checkpoints/strict_reproduce_5090/best.pt
Saved PyTorch checkpoint to results/checkpoints/strict_reproduce_5090/best.pt
Saved PyTorch checkpoint to results/checkpoints/strict_reproduce_5090/best.pt
Saved PyTorch checkpoint to results/checkpoints/strict_reproduce_5090/best.pt
Saved PyTorch checkpoint to results/checkpoints/strict_reproduce_5090/best.pt
Saved PyTorch checkpoint to results/checkpoints/strict_reproduce_5090/best.pt
Saved PyTorch checkpoint to results/checkpoints/strict_reproduce_5090/best.pt
Saved PyTorch checkpoint to results/checkpoints/strict_reproduce_5090/best.pt
Adam 100 | total=3.839e-01 f=2.668e-02 ic=3.612e-03 wall=3.048e-02 inlet=4.022e-02 outlet=8.236e-05 lr=5.000e-04
Saved PyTorch checkpoint to results/checkpoints/strict_reproduce_5090/best.pt
Saved PyTorch checkpoint to results/checkpoints/strict_reproduce_5090/best.pt
Saved PyTorch checkpoint to results/checkpoints/strict_reproduce_5090/best.pt
Saved PyTorch checkpoint to results/checkpoints/strict_reproduce_5090/best.pt
Saved PyTorch checkpoint to results/checkpoints/strict_reproduce_5090/best.pt
Saved PyTorch checkpoint to results/checkpoints/strict_reproduce_5090/best.pt
Saved PyTorch checkpoint to results/checkpoints/strict_reproduce_5090/best.pt
Saved PyTorch checkpoint to results/checkpoints/strict_reproduce_5090/best.pt
Saved PyTorch checkpoint to results/checkpoints/strict_reproduce_5090/best.pt
Saved PyTorch checkpoint to results/checkpoints/strict_reproduce_5090/best.pt
Saved PyTorch checkpoint to results/checkpoints/strict_reproduce_5090/best.pt
Saved PyTorch checkpoint to results/checkpoints/strict_reproduce_5090/best.pt
Saved PyTorch checkpoint to results/checkpoints/strict_reproduce_5090/best.pt
Saved PyTorch checkpoint to results/checkpoints/strict_reproduce_5090/best.pt
Saved PyTorch checkpoint to results/checkpoints/strict_reproduce_5090/best.pt
Saved PyTorch checkpoint to results/checkpoints/strict_reproduce_5090/best.pt
Saved PyTorch checkpoint to results/checkpoints/strict_reproduce_5090/best.pt
Saved PyTorch checkpoint to results/checkpoints/strict_reproduce_5090/best.pt
Saved PyTorch checkpoint to results/checkpoints/strict_reproduce_5090/best.pt
Saved PyTorch checkpoint to results/checkpoints/strict_reproduce_5090/best.pt
Saved PyTorch checkpoint to results/checkpoints/strict_reproduce_5090/best.pt
Saved PyTorch checkpoint to results/checkpoints/strict_reproduce_5090/best.pt
Saved PyTorch checkpoint to results/checkpoints/strict_reproduce_5090/best.pt
Saved PyTorch checkpoint to results/checkpoints/strict_reproduce_5090/best.pt
Saved PyTorch checkpoint to results/checkpoints/strict_reproduce_5090/best.pt
Saved PyTorch checkpoint to results/checkpoints/strict_reproduce_5090/best.pt
Saved PyTorch checkpoint to results/checkpoints/strict_reproduce_5090/best.pt
Saved PyTorch checkpoint to results/checkpoints/strict_reproduce_5090/best.pt
Saved PyTorch checkpoint to results/checkpoints/strict_reproduce_5090/best.pt
Saved PyTorch checkpoint to results/checkpoints/strict_reproduce_5090/best.pt
Saved PyTorch checkpoint to results/checkpoints/strict_reproduce_5090/best.pt
Saved PyTorch checkpoint to results/checkpoints/strict_reproduce_5090/best.pt
Saved PyTorch checkpoint to results/checkpoints/strict_reproduce_5090/best.pt
Saved PyTorch checkpoint to results/checkpoints/strict_reproduce_5090/best.pt
Saved PyTorch checkpoint to results/checkpoints/strict_reproduce_5090/best.pt
Saved PyTorch checkpoint to results/checkpoints/strict_reproduce_5090/best.pt
Saved PyTorch checkpoint to results/checkpoints/strict_reproduce_5090/best.pt
Saved PyTorch checkpoint to results/checkpoints/strict_reproduce_5090/best.pt
Saved PyTorch checkpoint to results/checkpoints/strict_reproduce_5090/best.pt
Saved PyTorch checkpoint to results/checkpoints/strict_reproduce_5090/best.pt
Saved PyTorch checkpoint to results/checkpoints/strict_reproduce_5090/best.pt
Saved PyTorch checkpoint to results/checkpoints/strict_reproduce_5090/best.pt
Saved PyTorch checkpoint to results/checkpoints/strict_reproduce_5090/best.pt
Saved PyTorch checkpoint to results/checkpoints/strict_reproduce_5090/best.pt
Saved PyTorch checkpoint to results/checkpoints/strict_reproduce_5090/best.pt
Saved PyTorch checkpoint to results/checkpoints/strict_reproduce_5090/best.pt
Saved PyTorch checkpoint to results/checkpoints/strict_reproduce_5090/best.pt
Saved PyTorch checkpoint to results/checkpoints/strict_reproduce_5090/best.pt
Saved PyTorch checkpoint to results/checkpoints/strict_reproduce_5090/best.pt
Saved PyTorch checkpoint to results/checkpoints/strict_reproduce_5090/best.pt
Saved PyTorch checkpoint to results/checkpoints/strict_reproduce_5090/best.pt
Saved PyTorch checkpoint to results/checkpoints/strict_reproduce_5090/best.pt
Saved PyTorch checkpoint to results/checkpoints/strict_reproduce_5090/best.pt
Saved PyTorch checkpoint to results/checkpoints/strict_reproduce_5090/best.pt
Saved PyTorch checkpoint to results/checkpoints/strict_reproduce_5090/best.pt
Saved PyTorch checkpoint to results/checkpoints/strict_reproduce_5090/best.pt
Saved PyTorch checkpoint to results/checkpoints/strict_reproduce_5090/best.pt
Saved PyTorch checkpoint to results/checkpoints/strict_reproduce_5090/best.pt
Saved PyTorch checkpoint to results/checkpoints/strict_reproduce_5090/best.pt
Saved PyTorch checkpoint to results/checkpoints/strict_reproduce_5090/best.pt
Saved PyTorch checkpoint to results/checkpoints/strict_reproduce_5090/best.pt
Saved PyTorch checkpoint to results/checkpoints/strict_reproduce_5090/best.pt
Saved PyTorch checkpoint to results/checkpoints/strict_reproduce_5090/best.pt
Saved PyTorch checkpoint to results/checkpoints/strict_reproduce_5090/best.pt
Saved PyTorch checkpoint to results/checkpoints/strict_reproduce_5090/best.pt
Saved PyTorch checkpoint to results/checkpoints/strict_reproduce_5090/best.pt
Saved PyTorch checkpoint to results/checkpoints/strict_reproduce_5090/best.pt
Saved PyTorch checkpoint to results/checkpoints/strict_reproduce_5090/best.pt
Saved PyTorch checkpoint to results/checkpoints/strict_reproduce_5090/best.pt
Saved PyTorch checkpoint to results/checkpoints/strict_reproduce_5090/best.pt
Saved PyTorch checkpoint to results/checkpoints/strict_reproduce_5090/best.pt
Saved PyTorch checkpoint to results/checkpoints/strict_reproduce_5090/best.pt
Saved PyTorch checkpoint to results/checkpoints/strict_reproduce_5090/best.pt
Saved PyTorch checkpoint to results/checkpoints/strict_reproduce_5090/best.pt
Saved PyTorch checkpoint to results/checkpoints/strict_reproduce_5090/best.pt
Saved PyTorch checkpoint to results/checkpoints/strict_reproduce_5090/best.pt
Saved PyTorch checkpoint to results/checkpoints/strict_reproduce_5090/best.pt
Saved PyTorch checkpoint to results/checkpoints/strict_reproduce_5090/best.pt
Saved PyTorch checkpoint to results/checkpoints/strict_reproduce_5090/best.pt
Saved PyTorch checkpoint to results/checkpoints/strict_reproduce_5090/best.pt
Saved PyTorch checkpoint to results/checkpoints/strict_reproduce_5090/best.pt
Saved PyTorch checkpoint to results/checkpoints/strict_reproduce_5090/best.pt
Saved PyTorch checkpoint to results/checkpoints/strict_reproduce_5090/best.pt
Saved PyTorch checkpoint to results/checkpoints/strict_reproduce_5090/best.pt
Saved PyTorch checkpoint to results/checkpoints/strict_reproduce_5090/best.pt
Saved PyTorch checkpoint to results/checkpoints/strict_reproduce_5090/best.pt
Saved PyTorch checkpoint to results/checkpoints/strict_reproduce_5090/best.pt
Saved PyTorch checkpoint to results/checkpoints/strict_reproduce_5090/best.pt
Saved PyTorch checkpoint to results/checkpoints/strict_reproduce_5090/best.pt
Saved PyTorch checkpoint to results/checkpoints/strict_reproduce_5090/best.pt
Saved PyTorch checkpoint to results/checkpoints/strict_reproduce_5090/best.pt
Saved PyTorch checkpoint to results/checkpoints/strict_reproduce_5090/best.pt
Saved PyTorch checkpoint to results/checkpoints/strict_reproduce_5090/best.pt
Saved PyTorch checkpoint to results/checkpoints/strict_reproduce_5090/best.pt
Saved PyTorch checkpoint to results/checkpoints/strict_reproduce_5090/best.pt
Saved PyTorch checkpoint to results/checkpoints/strict_reproduce_5090/best.pt
Saved PyTorch checkpoint to results/checkpoints/strict_reproduce_5090/best.pt
Saved PyTorch checkpoint to results/checkpoints/strict_reproduce_5090/best.pt
Saved PyTorch checkpoint to results/checkpoints/strict_reproduce_5090/best.pt
Saved PyTorch checkpoint to results/checkpoints/strict_reproduce_5090/best.pt
Adam 200 | total=3.415e-01 f=1.866e-02 ic=3.888e-03 wall=2.929e-02 inlet=3.448e-02 outlet=1.326e-04 lr=5.000e-04
Saved PyTorch checkpoint to results/checkpoints/strict_reproduce_5090/best.pt
Saved PyTorch checkpoint to results/checkpoints/strict_reproduce_5090/best.pt
Saved PyTorch checkpoint to results/checkpoints/strict_reproduce_5090/best.pt
Saved PyTorch checkpoint to results/checkpoints/strict_reproduce_5090/best.pt
Saved PyTorch checkpoint to results/checkpoints/strict_reproduce_5090/best.pt
Saved PyTorch checkpoint to results/checkpoints/strict_reproduce_5090/best.pt
Saved PyTorch checkpoint to results/checkpoints/strict_reproduce_5090/best.pt
Saved PyTorch checkpoint to results/checkpoints/strict_reproduce_5090/best.pt
Saved PyTorch checkpoint to results/checkpoints/strict_reproduce_5090/best.pt
Saved PyTorch checkpoint to results/checkpoints/strict_reproduce_5090/best.pt
Saved PyTorch checkpoint to results/checkpoints/strict_reproduce_5090/best.pt
Saved PyTorch checkpoint to results/checkpoints/strict_reproduce_5090/best.pt
Saved PyTorch checkpoint to results/checkpoints/strict_reproduce_5090/best.pt
Saved PyTorch checkpoint to results/checkpoints/strict_reproduce_5090/best.pt
Saved PyTorch checkpoint to results/checkpoints/strict_reproduce_5090/best.pt
Saved PyTorch checkpoint to results/checkpoints/strict_reproduce_5090/best.pt
Saved PyTorch checkpoint to results/checkpoints/strict_reproduce_5090/best.pt
Saved PyTorch checkpoint to results/checkpoints/strict_reproduce_5090/best.pt
Saved PyTorch checkpoint to results/checkpoints/strict_reproduce_5090/best.pt
Saved PyTorch checkpoint to results/checkpoints/strict_reproduce_5090/best.pt
Saved PyTorch checkpoint to results/checkpoints/strict_reproduce_5090/best.pt
Saved PyTorch checkpoint to results/checkpoints/strict_reproduce_5090/best.pt
Saved PyTorch checkpoint to results/checkpoints/strict_reproduce_5090/best.pt
Saved PyTorch checkpoint to results/checkpoints/strict_reproduce_5090/best.pt
Saved PyTorch checkpoint to results/checkpoints/strict_reproduce_5090/best.pt
Saved PyTorch checkpoint to results/checkpoints/strict_reproduce_5090/best.pt
Saved PyTorch checkpoint to results/checkpoints/strict_reproduce_5090/best.pt
Saved PyTorch checkpoint to results/checkpoints/strict_reproduce_5090/best.pt
Saved PyTorch checkpoint to results/checkpoints/strict_reproduce_5090/best.pt
Saved PyTorch checkpoint to results/checkpoints/strict_reproduce_5090/best.pt
Saved PyTorch checkpoint to results/checkpoints/strict_reproduce_5090/best.pt
Saved PyTorch checkpoint to results/checkpoints/strict_reproduce_5090/best.pt
Saved PyTorch checkpoint to results/checkpoints/strict_reproduce_5090/best.pt
Saved PyTorch checkpoint to results/checkpoints/strict_reproduce_5090/best.pt
Saved PyTorch checkpoint to results/checkpoints/strict_reproduce_5090/best.pt
Saved PyTorch checkpoint to results/checkpoints/strict_reproduce_5090/best.pt
Saved PyTorch checkpoint to results/checkpoints/strict_reproduce_5090/best.pt
Saved PyTorch checkpoint to results/checkpoints/strict_reproduce_5090/best.pt
Saved PyTorch checkpoint to results/checkpoints/strict_reproduce_5090/best.pt
Saved PyTorch checkpoint to results/checkpoints/strict_reproduce_5090/best.pt
Saved PyTorch checkpoint to results/checkpoints/strict_reproduce_5090/best.pt
Saved PyTorch checkpoint to results/checkpoints/strict_reproduce_5090/best.pt
Saved PyTorch checkpoint to results/checkpoints/strict_reproduce_5090/best.pt
Saved PyTorch checkpoint to results/checkpoints/strict_reproduce_5090/best.pt
Saved PyTorch checkpoint to results/checkpoints/strict_reproduce_5090/best.pt
Saved PyTorch checkpoint to results/checkpoints/strict_reproduce_5090/best.pt
Saved PyTorch checkpoint to results/checkpoints/strict_reproduce_5090/best.pt
Saved PyTorch checkpoint to results/checkpoints/strict_reproduce_5090/best.pt
Saved PyTorch checkpoint to results/checkpoints/strict_reproduce_5090/best.pt
Saved PyTorch checkpoint to results/checkpoints/strict_reproduce_5090/best.pt
Saved PyTorch checkpoint to results/checkpoints/strict_reproduce_5090/best.pt
Saved PyTorch checkpoint to results/checkpoints/strict_reproduce_5090/best.pt
Saved PyTorch checkpoint to results/checkpoints/strict_reproduce_5090/best.pt
Saved PyTorch checkpoint to results/checkpoints/strict_reproduce_5090/best.pt
Saved PyTorch checkpoint to results/checkpoints/strict_reproduce_5090/best.pt
Saved PyTorch checkpoint to results/checkpoints/strict_reproduce_5090/best.pt
Saved PyTorch checkpoint to results/checkpoints/strict_reproduce_5090/best.pt
Saved PyTorch checkpoint to results/checkpoints/strict_reproduce_5090/best.pt
Saved PyTorch checkpoint to results/checkpoints/strict_reproduce_5090/best.pt
Saved PyTorch checkpoint to results/checkpoints/strict_reproduce_5090/best.pt
Saved PyTorch checkpoint to results/checkpoints/strict_reproduce_5090/best.pt
Saved PyTorch checkpoint to results/checkpoints/strict_reproduce_5090/best.pt
Saved PyTorch checkpoint to results/checkpoints/strict_reproduce_5090/best.pt
Saved PyTorch checkpoint to results/checkpoints/strict_reproduce_5090/best.pt
Saved PyTorch checkpoint to results/checkpoints/strict_reproduce_5090/best.pt
Saved PyTorch checkpoint to results/checkpoints/strict_reproduce_5090/best.pt
Saved PyTorch checkpoint to results/checkpoints/strict_reproduce_5090/best.pt
Saved PyTorch checkpoint to results/checkpoints/strict_reproduce_5090/best.pt
Saved PyTorch checkpoint to results/checkpoints/strict_reproduce_5090/best.pt
Saved PyTorch checkpoint to results/checkpoints/strict_reproduce_5090/best.pt
Saved PyTorch checkpoint to results/checkpoints/strict_reproduce_5090/best.pt
Adam 300 | total=2.998e-01 f=1.424e-02 ic=3.671e-03 wall=2.423e-02 inlet=3.211e-02 outlet=2.096e-04 lr=5.000e-04
Saved PyTorch checkpoint to results/checkpoints/strict_reproduce_5090/best.pt
Saved PyTorch checkpoint to results/checkpoints/strict_reproduce_5090/best.pt
Saved PyTorch checkpoint to results/checkpoints/strict_reproduce_5090/best.pt
Saved PyTorch checkpoint to results/checkpoints/strict_reproduce_5090/best.pt
Saved PyTorch checkpoint to results/checkpoints/strict_reproduce_5090/best.pt
Saved PyTorch checkpoint to results/checkpoints/strict_reproduce_5090/best.pt
Saved PyTorch checkpoint to results/checkpoints/strict_reproduce_5090/best.pt
Saved PyTorch checkpoint to results/checkpoints/strict_reproduce_5090/best.pt
Saved PyTorch checkpoint to results/checkpoints/strict_reproduce_5090/best.pt
Saved PyTorch checkpoint to results/checkpoints/strict_reproduce_5090/best.pt
Saved PyTorch checkpoint to results/checkpoints/strict_reproduce_5090/best.pt
Saved PyTorch checkpoint to results/checkpoints/strict_reproduce_5090/best.pt
Saved PyTorch checkpoint to results/checkpoints/strict_reproduce_5090/best.pt
Saved PyTorch checkpoint to results/checkpoints/strict_reproduce_5090/best.pt
Saved PyTorch checkpoint to results/checkpoints/strict_reproduce_5090/best.pt
Saved PyTorch checkpoint to results/checkpoints/strict_reproduce_5090/best.pt
Saved PyTorch checkpoint to results/checkpoints/strict_reproduce_5090/best.pt
Saved PyTorch checkpoint to results/checkpoints/strict_reproduce_5090/best.pt
Saved PyTorch checkpoint to results/checkpoints/strict_reproduce_5090/best.pt
Saved PyTorch checkpoint to results/checkpoints/strict_reproduce_5090/best.pt
Saved PyTorch checkpoint to results/checkpoints/strict_reproduce_5090/best.pt
Saved PyTorch checkpoint to results/checkpoints/strict_reproduce_5090/best.pt
Saved PyTorch checkpoint to results/checkpoints/strict_reproduce_5090/best.pt
Saved PyTorch checkpoint to results/checkpoints/strict_reproduce_5090/best.pt
Saved PyTorch checkpoint to results/checkpoints/strict_reproduce_5090/best.pt
Saved PyTorch checkpoint to results/checkpoints/strict_reproduce_5090/best.pt
Saved PyTorch checkpoint to results/checkpoints/strict_reproduce_5090/best.pt
Saved PyTorch checkpoint to results/checkpoints/strict_reproduce_5090/best.pt
Saved PyTorch checkpoint to results/checkpoints/strict_reproduce_5090/best.pt
Saved PyTorch checkpoint to results/checkpoints/strict_reproduce_5090/best.pt
Saved PyTorch checkpoint to results/checkpoints/strict_reproduce_5090/best.pt
Saved PyTorch checkpoint to results/checkpoints/strict_reproduce_5090/best.pt
Saved PyTorch checkpoint to results/checkpoints/strict_reproduce_5090/best.pt
Saved PyTorch checkpoint to results/checkpoints/strict_reproduce_5090/best.pt
Saved PyTorch checkpoint to results/checkpoints/strict_reproduce_5090/best.pt
Saved PyTorch checkpoint to results/checkpoints/strict_reproduce_5090/best.pt
Saved PyTorch checkpoint to results/checkpoints/strict_reproduce_5090/best.pt
Saved PyTorch checkpoint to results/checkpoints/strict_reproduce_5090/best.pt
Saved PyTorch checkpoint to results/checkpoints/strict_reproduce_5090/best.pt
Saved PyTorch checkpoint to results/checkpoints/strict_reproduce_5090/best.pt
Saved PyTorch checkpoint to results/checkpoints/strict_reproduce_5090/best.pt
Saved PyTorch checkpoint to results/checkpoints/strict_reproduce_5090/best.pt
Saved PyTorch checkpoint to results/checkpoints/strict_reproduce_5090/best.pt
Saved PyTorch checkpoint to results/checkpoints/strict_reproduce_5090/best.pt
Saved PyTorch checkpoint to results/checkpoints/strict_reproduce_5090/best.pt
Saved PyTorch checkpoint to results/checkpoints/strict_reproduce_5090/best.pt
Saved PyTorch checkpoint to results/checkpoints/strict_reproduce_5090/best.pt
Saved PyTorch checkpoint to results/checkpoints/strict_reproduce_5090/best.pt
Saved PyTorch checkpoint to results/checkpoints/strict_reproduce_5090/best.pt
Saved PyTorch checkpoint to results/checkpoints/strict_reproduce_5090/best.pt
Saved PyTorch checkpoint to results/checkpoints/strict_reproduce_5090/best.pt
Saved PyTorch checkpoint to results/checkpoints/strict_reproduce_5090/best.pt
Saved PyTorch checkpoint to results/checkpoints/strict_reproduce_5090/best.pt
Saved PyTorch checkpoint to results/checkpoints/strict_reproduce_5090/best.pt
Saved PyTorch checkpoint to results/checkpoints/strict_reproduce_5090/best.pt
Saved PyTorch checkpoint to results/checkpoints/strict_reproduce_5090/best.pt
Saved PyTorch checkpoint to results/checkpoints/strict_reproduce_5090/best.pt
Saved PyTorch checkpoint to results/checkpoints/strict_reproduce_5090/best.pt
Saved PyTorch checkpoint to results/checkpoints/strict_reproduce_5090/best.pt
Saved PyTorch checkpoint to results/checkpoints/strict_reproduce_5090/best.pt
Saved PyTorch checkpoint to results/checkpoints/strict_reproduce_5090/best.pt
Saved PyTorch checkpoint to results/checkpoints/strict_reproduce_5090/best.pt
Saved PyTorch checkpoint to results/checkpoints/strict_reproduce_5090/best.pt
Saved PyTorch checkpoint to results/checkpoints/strict_reproduce_5090/best.pt
Saved PyTorch checkpoint to results/checkpoints/strict_reproduce_5090/best.pt
Saved PyTorch checkpoint to results/checkpoints/strict_reproduce_5090/best.pt
Saved PyTorch checkpoint to results/checkpoints/strict_reproduce_5090/best.pt
Saved PyTorch checkpoint to results/checkpoints/strict_reproduce_5090/best.pt
Saved PyTorch checkpoint to results/checkpoints/strict_reproduce_5090/best.pt
Saved PyTorch checkpoint to results/checkpoints/strict_reproduce_5090/best.pt
Saved PyTorch checkpoint to results/checkpoints/strict_reproduce_5090/best.pt
Saved PyTorch checkpoint to results/checkpoints/strict_reproduce_5090/best.pt
Saved PyTorch checkpoint to results/checkpoints/strict_reproduce_5090/best.pt
Saved PyTorch checkpoint to results/checkpoints/strict_reproduce_5090/best.pt
Saved PyTorch checkpoint to results/checkpoints/strict_reproduce_5090/best.pt
Saved PyTorch checkpoint to results/checkpoints/strict_reproduce_5090/best.pt
Saved PyTorch checkpoint to results/checkpoints/strict_reproduce_5090/best.pt
Saved PyTorch checkpoint to results/checkpoints/strict_reproduce_5090/best.pt
Saved PyTorch checkpoint to results/checkpoints/strict_reproduce_5090/best.pt
Saved PyTorch checkpoint to results/checkpoints/strict_reproduce_5090/best.pt
Saved PyTorch checkpoint to results/checkpoints/strict_reproduce_5090/best.pt
Saved PyTorch checkpoint to results/checkpoints/strict_reproduce_5090/best.pt
Saved PyTorch checkpoint to results/checkpoints/strict_reproduce_5090/best.pt
Saved PyTorch checkpoint to results/checkpoints/strict_reproduce_5090/best.pt
Saved PyTorch checkpoint to results/checkpoints/strict_reproduce_5090/best.pt
Saved PyTorch checkpoint to results/checkpoints/strict_reproduce_5090/best.pt
Saved PyTorch checkpoint to results/checkpoints/strict_reproduce_5090/best.pt
Saved PyTorch checkpoint to results/checkpoints/strict_reproduce_5090/best.pt
Saved PyTorch checkpoint to results/checkpoints/strict_reproduce_5090/best.pt
Saved PyTorch checkpoint to results/checkpoints/strict_reproduce_5090/best.pt
Saved PyTorch checkpoint to results/checkpoints/strict_reproduce_5090/best.pt
Adam 400 | total=2.681e-01 f=1.506e-02 ic=1.910e-03 wall=2.371e-02 inlet=2.649e-02 outlet=1.007e-04 lr=5.000e-04
Saved PyTorch checkpoint to results/checkpoints/strict_reproduce_5090/best.pt
Saved PyTorch checkpoint to results/checkpoints/strict_reproduce_5090/best.pt
Saved PyTorch checkpoint to results/checkpoints/strict_reproduce_5090/best.pt
Saved PyTorch checkpoint to results/checkpoints/strict_reproduce_5090/best.pt
Saved PyTorch checkpoint to results/checkpoints/strict_reproduce_5090/best.pt
Saved PyTorch checkpoint to results/checkpoints/strict_reproduce_5090/best.pt
Saved PyTorch checkpoint to results/checkpoints/strict_reproduce_5090/best.pt
Saved PyTorch checkpoint to results/checkpoints/strict_reproduce_5090/best.pt
Saved PyTorch checkpoint to results/checkpoints/strict_reproduce_5090/best.pt
Saved PyTorch checkpoint to results/checkpoints/strict_reproduce_5090/best.pt
Saved PyTorch checkpoint to results/checkpoints/strict_reproduce_5090/best.pt
Saved PyTorch checkpoint to results/checkpoints/strict_reproduce_5090/best.pt
Saved PyTorch checkpoint to results/checkpoints/strict_reproduce_5090/best.pt
Saved PyTorch checkpoint to results/checkpoints/strict_reproduce_5090/best.pt
Saved PyTorch checkpoint to results/checkpoints/strict_reproduce_5090/best.pt
Saved PyTorch checkpoint to results/checkpoints/strict_reproduce_5090/best.pt
Saved PyTorch checkpoint to results/checkpoints/strict_reproduce_5090/best.pt
Saved PyTorch checkpoint to results/checkpoints/strict_reproduce_5090/best.pt
Saved PyTorch checkpoint to results/checkpoints/strict_reproduce_5090/best.pt
Saved PyTorch checkpoint to results/checkpoints/strict_reproduce_5090/best.pt
Saved PyTorch checkpoint to results/checkpoints/strict_reproduce_5090/best.pt
Saved PyTorch checkpoint to results/checkpoints/strict_reproduce_5090/best.pt
Saved PyTorch checkpoint to results/checkpoints/strict_reproduce_5090/best.pt
Saved PyTorch checkpoint to results/checkpoints/strict_reproduce_5090/best.pt
Saved PyTorch checkpoint to results/checkpoints/strict_reproduce_5090/best.pt
Saved PyTorch checkpoint to results/checkpoints/strict_reproduce_5090/best.pt
Saved PyTorch checkpoint to results/checkpoints/strict_reproduce_5090/best.pt
Saved PyTorch checkpoint to results/checkpoints/strict_reproduce_5090/best.pt
Saved PyTorch checkpoint to results/checkpoints/strict_reproduce_5090/best.pt
Saved PyTorch checkpoint to results/checkpoints/strict_reproduce_5090/best.pt
Saved PyTorch checkpoint to results/checkpoints/strict_reproduce_5090/best.pt
Saved PyTorch checkpoint to results/checkpoints/strict_reproduce_5090/best.pt
Saved PyTorch checkpoint to results/checkpoints/strict_reproduce_5090/best.pt
Saved PyTorch checkpoint to results/checkpoints/strict_reproduce_5090/best.pt
Saved PyTorch checkpoint to results/checkpoints/strict_reproduce_5090/best.pt
Saved PyTorch checkpoint to results/checkpoints/strict_reproduce_5090/best.pt
Saved PyTorch checkpoint to results/checkpoints/strict_reproduce_5090/best.pt
Saved PyTorch checkpoint to results/checkpoints/strict_reproduce_5090/best.pt
Saved PyTorch checkpoint to results/checkpoints/strict_reproduce_5090/best.pt
Saved PyTorch checkpoint to results/checkpoints/strict_reproduce_5090/best.pt
Saved PyTorch checkpoint to results/checkpoints/strict_reproduce_5090/best.pt
Saved PyTorch checkpoint to results/checkpoints/strict_reproduce_5090/best.pt
Saved PyTorch checkpoint to results/checkpoints/strict_reproduce_5090/best.pt
Saved PyTorch checkpoint to results/checkpoints/strict_reproduce_5090/best.pt
Saved PyTorch checkpoint to results/checkpoints/strict_reproduce_5090/best.pt
Saved PyTorch checkpoint to results/checkpoints/strict_reproduce_5090/best.pt
Saved PyTorch checkpoint to results/checkpoints/strict_reproduce_5090/best.pt
Saved PyTorch checkpoint to results/checkpoints/strict_reproduce_5090/best.pt
Saved PyTorch checkpoint to results/checkpoints/strict_reproduce_5090/best.pt
Saved PyTorch checkpoint to results/checkpoints/strict_reproduce_5090/best.pt
Saved PyTorch checkpoint to results/checkpoints/strict_reproduce_5090/best.pt
Saved PyTorch checkpoint to results/checkpoints/strict_reproduce_5090/best.pt
Adam 500 | total=2.450e-01 f=1.677e-02 ic=2.179e-03 wall=2.128e-02 inlet=2.392e-02 outlet=4.059e-05 lr=5.000e-04
Saved PyTorch checkpoint to results/checkpoints/strict_reproduce_5090/best.pt
Saved PyTorch checkpoint to results/checkpoints/strict_reproduce_5090/latest.pt
Saved PyTorch checkpoint to results/checkpoints/strict_reproduce_5090/best.pt
Saved PyTorch checkpoint to results/checkpoints/strict_reproduce_5090/best.pt
Saved PyTorch checkpoint to results/checkpoints/strict_reproduce_5090/best.pt
Saved PyTorch checkpoint to results/checkpoints/strict_reproduce_5090/best.pt
Saved PyTorch checkpoint to results/checkpoints/strict_reproduce_5090/best.pt
Saved PyTorch checkpoint to results/checkpoints/strict_reproduce_5090/best.pt
Saved PyTorch checkpoint to results/checkpoints/strict_reproduce_5090/best.pt
Saved PyTorch checkpoint to results/checkpoints/strict_reproduce_5090/best.pt
Saved PyTorch checkpoint to results/checkpoints/strict_reproduce_5090/best.pt
Saved PyTorch checkpoint to results/checkpoints/strict_reproduce_5090/best.pt
Saved PyTorch checkpoint to results/checkpoints/strict_reproduce_5090/best.pt
Saved PyTorch checkpoint to results/checkpoints/strict_reproduce_5090/best.pt
Saved PyTorch checkpoint to results/checkpoints/strict_reproduce_5090/best.pt
Saved PyTorch checkpoint to results/checkpoints/strict_reproduce_5090/best.pt
Saved PyTorch checkpoint to results/checkpoints/strict_reproduce_5090/best.pt
Saved PyTorch checkpoint to results/checkpoints/strict_reproduce_5090/best.pt
Saved PyTorch checkpoint to results/checkpoints/strict_reproduce_5090/best.pt
Saved PyTorch checkpoint to results/checkpoints/strict_reproduce_5090/best.pt
Saved PyTorch checkpoint to results/checkpoints/strict_reproduce_5090/best.pt
Saved PyTorch checkpoint to results/checkpoints/strict_reproduce_5090/best.pt
Saved PyTorch checkpoint to results/checkpoints/strict_reproduce_5090/best.pt
Saved PyTorch checkpoint to results/checkpoints/strict_reproduce_5090/best.pt
Saved PyTorch checkpoint to results/checkpoints/strict_reproduce_5090/best.pt
Saved PyTorch checkpoint to results/checkpoints/strict_reproduce_5090/best.pt
Saved PyTorch checkpoint to results/checkpoints/strict_reproduce_5090/best.pt
Saved PyTorch checkpoint to results/checkpoints/strict_reproduce_5090/best.pt
Saved PyTorch checkpoint to results/checkpoints/strict_reproduce_5090/best.pt
Saved PyTorch checkpoint to results/checkpoints/strict_reproduce_5090/best.pt
Saved PyTorch checkpoint to results/checkpoints/strict_reproduce_5090/best.pt
Saved PyTorch checkpoint to results/checkpoints/strict_reproduce_5090/best.pt
Saved PyTorch checkpoint to results/checkpoints/strict_reproduce_5090/best.pt
Saved PyTorch checkpoint to results/checkpoints/strict_reproduce_5090/best.pt
Saved PyTorch checkpoint to results/checkpoints/strict_reproduce_5090/best.pt
Saved PyTorch checkpoint to results/checkpoints/strict_reproduce_5090/best.pt
Saved PyTorch checkpoint to results/checkpoints/strict_reproduce_5090/best.pt
Saved PyTorch checkpoint to results/checkpoints/strict_reproduce_5090/best.pt
Saved PyTorch checkpoint to results/checkpoints/strict_reproduce_5090/best.pt
Saved PyTorch checkpoint to results/checkpoints/strict_reproduce_5090/best.pt
Saved PyTorch checkpoint to results/checkpoints/strict_reproduce_5090/best.pt
Saved PyTorch checkpoint to results/checkpoints/strict_reproduce_5090/best.pt
Saved PyTorch checkpoint to results/checkpoints/strict_reproduce_5090/best.pt
Saved PyTorch checkpoint to results/checkpoints/strict_reproduce_5090/best.pt
Saved PyTorch checkpoint to results/checkpoints/strict_reproduce_5090/best.pt
Saved PyTorch checkpoint to results/checkpoints/strict_reproduce_5090/best.pt
Saved PyTorch checkpoint to results/checkpoints/strict_reproduce_5090/best.pt
Saved PyTorch checkpoint to results/checkpoints/strict_reproduce_5090/best.pt
Saved PyTorch checkpoint to results/checkpoints/strict_reproduce_5090/best.pt
Saved PyTorch checkpoint to results/checkpoints/strict_reproduce_5090/best.pt
Saved PyTorch checkpoint to results/checkpoints/strict_reproduce_5090/best.pt
Saved PyTorch checkpoint to results/checkpoints/strict_reproduce_5090/best.pt
Saved PyTorch checkpoint to results/checkpoints/strict_reproduce_5090/best.pt
Saved PyTorch checkpoint to results/checkpoints/strict_reproduce_5090/best.pt
Adam 600 | total=2.234e-01 f=2.022e-02 ic=3.014e-03 wall=1.781e-02 inlet=2.221e-02 outlet=4.067e-05 lr=5.000e-04
Saved PyTorch checkpoint to results/checkpoints/strict_reproduce_5090/best.pt
Saved PyTorch checkpoint to results/checkpoints/strict_reproduce_5090/best.pt
Saved PyTorch checkpoint to results/checkpoints/strict_reproduce_5090/best.pt
Saved PyTorch checkpoint to results/checkpoints/strict_reproduce_5090/best.pt
Saved PyTorch checkpoint to results/checkpoints/strict_reproduce_5090/best.pt
Saved PyTorch checkpoint to results/checkpoints/strict_reproduce_5090/best.pt
Saved PyTorch checkpoint to results/checkpoints/strict_reproduce_5090/best.pt
Saved PyTorch checkpoint to results/checkpoints/strict_reproduce_5090/best.pt
Saved PyTorch checkpoint to results/checkpoints/strict_reproduce_5090/best.pt
Saved PyTorch checkpoint to results/checkpoints/strict_reproduce_5090/best.pt
Saved PyTorch checkpoint to results/checkpoints/strict_reproduce_5090/best.pt
Saved PyTorch checkpoint to results/checkpoints/strict_reproduce_5090/best.pt
Saved PyTorch checkpoint to results/checkpoints/strict_reproduce_5090/best.pt
Saved PyTorch checkpoint to results/checkpoints/strict_reproduce_5090/best.pt
Saved PyTorch checkpoint to results/checkpoints/strict_reproduce_5090/best.pt
Saved PyTorch checkpoint to results/checkpoints/strict_reproduce_5090/best.pt
Saved PyTorch checkpoint to results/checkpoints/strict_reproduce_5090/best.pt
Saved PyTorch checkpoint to results/checkpoints/strict_reproduce_5090/best.pt
Saved PyTorch checkpoint to results/checkpoints/strict_reproduce_5090/best.pt
Saved PyTorch checkpoint to results/checkpoints/strict_reproduce_5090/best.pt
Saved PyTorch checkpoint to results/checkpoints/strict_reproduce_5090/best.pt
Saved PyTorch checkpoint to results/checkpoints/strict_reproduce_5090/best.pt
Saved PyTorch checkpoint to results/checkpoints/strict_reproduce_5090/best.pt
Saved PyTorch checkpoint to results/checkpoints/strict_reproduce_5090/best.pt
Saved PyTorch checkpoint to results/checkpoints/strict_reproduce_5090/best.pt
Saved PyTorch checkpoint to results/checkpoints/strict_reproduce_5090/best.pt
Saved PyTorch checkpoint to results/checkpoints/strict_reproduce_5090/best.pt
Saved PyTorch checkpoint to results/checkpoints/strict_reproduce_5090/best.pt
Saved PyTorch checkpoint to results/checkpoints/strict_reproduce_5090/best.pt
Saved PyTorch checkpoint to results/checkpoints/strict_reproduce_5090/best.pt
Saved PyTorch checkpoint to results/checkpoints/strict_reproduce_5090/best.pt
Saved PyTorch checkpoint to results/checkpoints/strict_reproduce_5090/best.pt
Saved PyTorch checkpoint to results/checkpoints/strict_reproduce_5090/best.pt
Saved PyTorch checkpoint to results/checkpoints/strict_reproduce_5090/best.pt
Saved PyTorch checkpoint to results/checkpoints/strict_reproduce_5090/best.pt
Saved PyTorch checkpoint to results/checkpoints/strict_reproduce_5090/best.pt
Saved PyTorch checkpoint to results/checkpoints/strict_reproduce_5090/best.pt
Saved PyTorch checkpoint to results/checkpoints/strict_reproduce_5090/best.pt
Saved PyTorch checkpoint to results/checkpoints/strict_reproduce_5090/best.pt
Saved PyTorch checkpoint to results/checkpoints/strict_reproduce_5090/best.pt
Saved PyTorch checkpoint to results/checkpoints/strict_reproduce_5090/best.pt
Saved PyTorch checkpoint to results/checkpoints/strict_reproduce_5090/best.pt
Saved PyTorch checkpoint to results/checkpoints/strict_reproduce_5090/best.pt
Saved PyTorch checkpoint to results/checkpoints/strict_reproduce_5090/best.pt
Saved PyTorch checkpoint to results/checkpoints/strict_reproduce_5090/best.pt
Saved PyTorch checkpoint to results/checkpoints/strict_reproduce_5090/best.pt
Saved PyTorch checkpoint to results/checkpoints/strict_reproduce_5090/best.pt
Saved PyTorch checkpoint to results/checkpoints/strict_reproduce_5090/best.pt
Saved PyTorch checkpoint to results/checkpoints/strict_reproduce_5090/best.pt
Saved PyTorch checkpoint to results/checkpoints/strict_reproduce_5090/best.pt
Saved PyTorch checkpoint to results/checkpoints/strict_reproduce_5090/best.pt
Saved PyTorch checkpoint to results/checkpoints/strict_reproduce_5090/best.pt
Saved PyTorch checkpoint to results/checkpoints/strict_reproduce_5090/best.pt
Saved PyTorch checkpoint to results/checkpoints/strict_reproduce_5090/best.pt
Saved PyTorch checkpoint to results/checkpoints/strict_reproduce_5090/best.pt
Saved PyTorch checkpoint to results/checkpoints/strict_reproduce_5090/best.pt
Saved PyTorch checkpoint to results/checkpoints/strict_reproduce_5090/best.pt
Saved PyTorch checkpoint to results/checkpoints/strict_reproduce_5090/best.pt
Saved PyTorch checkpoint to results/checkpoints/strict_reproduce_5090/best.pt
Saved PyTorch checkpoint to results/checkpoints/strict_reproduce_5090/best.pt
Saved PyTorch checkpoint to results/checkpoints/strict_reproduce_5090/best.pt
Saved PyTorch checkpoint to results/checkpoints/strict_reproduce_5090/best.pt
Saved PyTorch checkpoint to results/checkpoints/strict_reproduce_5090/best.pt
Saved PyTorch checkpoint to results/checkpoints/strict_reproduce_5090/best.pt
Saved PyTorch checkpoint to results/checkpoints/strict_reproduce_5090/best.pt
Saved PyTorch checkpoint to results/checkpoints/strict_reproduce_5090/best.pt
Saved PyTorch checkpoint to results/checkpoints/strict_reproduce_5090/best.pt
Saved PyTorch checkpoint to results/checkpoints/strict_reproduce_5090/best.pt
Saved PyTorch checkpoint to results/checkpoints/strict_reproduce_5090/best.pt
Saved PyTorch checkpoint to results/checkpoints/strict_reproduce_5090/best.pt
Saved PyTorch checkpoint to results/checkpoints/strict_reproduce_5090/best.pt
Saved PyTorch checkpoint to results/checkpoints/strict_reproduce_5090/best.pt
Saved PyTorch checkpoint to results/checkpoints/strict_reproduce_5090/best.pt
Saved PyTorch checkpoint to results/checkpoints/strict_reproduce_5090/best.pt
Saved PyTorch checkpoint to results/checkpoints/strict_reproduce_5090/best.pt
Saved PyTorch checkpoint to results/checkpoints/strict_reproduce_5090/best.pt
Saved PyTorch checkpoint to results/checkpoints/strict_reproduce_5090/best.pt
Saved PyTorch checkpoint to results/checkpoints/strict_reproduce_5090/best.pt
Saved PyTorch checkpoint to results/checkpoints/strict_reproduce_5090/best.pt
Saved PyTorch checkpoint to results/checkpoints/strict_reproduce_5090/best.pt
Saved PyTorch checkpoint to results/checkpoints/strict_reproduce_5090/best.pt
Saved PyTorch checkpoint to results/checkpoints/strict_reproduce_5090/best.pt
Saved PyTorch checkpoint to results/checkpoints/strict_reproduce_5090/best.pt
Saved PyTorch checkpoint to results/checkpoints/strict_reproduce_5090/best.pt
Saved PyTorch checkpoint to results/checkpoints/strict_reproduce_5090/best.pt
Saved PyTorch checkpoint to results/checkpoints/strict_reproduce_5090/best.pt
Saved PyTorch checkpoint to results/checkpoints/strict_reproduce_5090/best.pt
Saved PyTorch checkpoint to results/checkpoints/strict_reproduce_5090/best.pt
Saved PyTorch checkpoint to results/checkpoints/strict_reproduce_5090/best.pt
Saved PyTorch checkpoint to results/checkpoints/strict_reproduce_5090/best.pt
Saved PyTorch checkpoint to results/checkpoints/strict_reproduce_5090/best.pt
Saved PyTorch checkpoint to results/checkpoints/strict_reproduce_5090/best.pt
Saved PyTorch checkpoint to results/checkpoints/strict_reproduce_5090/best.pt
Saved PyTorch checkpoint to results/checkpoints/strict_reproduce_5090/best.pt
Adam 700 | total=2.063e-01 f=2.174e-02 ic=3.571e-03 wall=1.727e-02 inlet=1.891e-02 outlet=4.286e-05 lr=5.000e-04
Saved PyTorch checkpoint to results/checkpoints/strict_reproduce_5090/best.pt
Saved PyTorch checkpoint to results/checkpoints/strict_reproduce_5090/best.pt
Saved PyTorch checkpoint to results/checkpoints/strict_reproduce_5090/best.pt
Saved PyTorch checkpoint to results/checkpoints/strict_reproduce_5090/best.pt
Saved PyTorch checkpoint to results/checkpoints/strict_reproduce_5090/best.pt
Saved PyTorch checkpoint to results/checkpoints/strict_reproduce_5090/best.pt
Saved PyTorch checkpoint to results/checkpoints/strict_reproduce_5090/best.pt
Saved PyTorch checkpoint to results/checkpoints/strict_reproduce_5090/best.pt
Saved PyTorch checkpoint to results/checkpoints/strict_reproduce_5090/best.pt
Saved PyTorch checkpoint to results/checkpoints/strict_reproduce_5090/best.pt
Saved PyTorch checkpoint to results/checkpoints/strict_reproduce_5090/best.pt
Saved PyTorch checkpoint to results/checkpoints/strict_reproduce_5090/best.pt
Saved PyTorch checkpoint to results/checkpoints/strict_reproduce_5090/best.pt
Saved PyTorch checkpoint to results/checkpoints/strict_reproduce_5090/best.pt
Saved PyTorch checkpoint to results/checkpoints/strict_reproduce_5090/best.pt
Saved PyTorch checkpoint to results/checkpoints/strict_reproduce_5090/best.pt
Saved PyTorch checkpoint to results/checkpoints/strict_reproduce_5090/best.pt
Saved PyTorch checkpoint to results/checkpoints/strict_reproduce_5090/best.pt
Saved PyTorch checkpoint to results/checkpoints/strict_reproduce_5090/best.pt
Saved PyTorch checkpoint to results/checkpoints/strict_reproduce_5090/best.pt
Saved PyTorch checkpoint to results/checkpoints/strict_reproduce_5090/best.pt
Saved PyTorch checkpoint to results/checkpoints/strict_reproduce_5090/best.pt
Saved PyTorch checkpoint to results/checkpoints/strict_reproduce_5090/best.pt
Saved PyTorch checkpoint to results/checkpoints/strict_reproduce_5090/best.pt
Saved PyTorch checkpoint to results/checkpoints/strict_reproduce_5090/best.pt
Saved PyTorch checkpoint to results/checkpoints/strict_reproduce_5090/best.pt
Saved PyTorch checkpoint to results/checkpoints/strict_reproduce_5090/best.pt
Saved PyTorch checkpoint to results/checkpoints/strict_reproduce_5090/best.pt
Saved PyTorch checkpoint to results/checkpoints/strict_reproduce_5090/best.pt
Saved PyTorch checkpoint to results/checkpoints/strict_reproduce_5090/best.pt
Saved PyTorch checkpoint to results/checkpoints/strict_reproduce_5090/best.pt
Saved PyTorch checkpoint to results/checkpoints/strict_reproduce_5090/best.pt
Saved PyTorch checkpoint to results/checkpoints/strict_reproduce_5090/best.pt
Saved PyTorch checkpoint to results/checkpoints/strict_reproduce_5090/best.pt
Saved PyTorch checkpoint to results/checkpoints/strict_reproduce_5090/best.pt
Saved PyTorch checkpoint to results/checkpoints/strict_reproduce_5090/best.pt
Saved PyTorch checkpoint to results/checkpoints/strict_reproduce_5090/best.pt
Saved PyTorch checkpoint to results/checkpoints/strict_reproduce_5090/best.pt
Saved PyTorch checkpoint to results/checkpoints/strict_reproduce_5090/best.pt
Saved PyTorch checkpoint to results/checkpoints/strict_reproduce_5090/best.pt
Saved PyTorch checkpoint to results/checkpoints/strict_reproduce_5090/best.pt
Saved PyTorch checkpoint to results/checkpoints/strict_reproduce_5090/best.pt
Saved PyTorch checkpoint to results/checkpoints/strict_reproduce_5090/best.pt
Saved PyTorch checkpoint to results/checkpoints/strict_reproduce_5090/best.pt
Saved PyTorch checkpoint to results/checkpoints/strict_reproduce_5090/best.pt
Saved PyTorch checkpoint to results/checkpoints/strict_reproduce_5090/best.pt
Saved PyTorch checkpoint to results/checkpoints/strict_reproduce_5090/best.pt
Saved PyTorch checkpoint to results/checkpoints/strict_reproduce_5090/best.pt
Saved PyTorch checkpoint to results/checkpoints/strict_reproduce_5090/best.pt
Saved PyTorch checkpoint to results/checkpoints/strict_reproduce_5090/best.pt
Saved PyTorch checkpoint to results/checkpoints/strict_reproduce_5090/best.pt
Saved PyTorch checkpoint to results/checkpoints/strict_reproduce_5090/best.pt
Saved PyTorch checkpoint to results/checkpoints/strict_reproduce_5090/best.pt
Saved PyTorch checkpoint to results/checkpoints/strict_reproduce_5090/best.pt
Saved PyTorch checkpoint to results/checkpoints/strict_reproduce_5090/best.pt
Saved PyTorch checkpoint to results/checkpoints/strict_reproduce_5090/best.pt
Saved PyTorch checkpoint to results/checkpoints/strict_reproduce_5090/best.pt
Saved PyTorch checkpoint to results/checkpoints/strict_reproduce_5090/best.pt
Saved PyTorch checkpoint to results/checkpoints/strict_reproduce_5090/best.pt
Saved PyTorch checkpoint to results/checkpoints/strict_reproduce_5090/best.pt
Saved PyTorch checkpoint to results/checkpoints/strict_reproduce_5090/best.pt
Saved PyTorch checkpoint to results/checkpoints/strict_reproduce_5090/best.pt
Saved PyTorch checkpoint to results/checkpoints/strict_reproduce_5090/best.pt
Saved PyTorch checkpoint to results/checkpoints/strict_reproduce_5090/best.pt
Saved PyTorch checkpoint to results/checkpoints/strict_reproduce_5090/best.pt
Saved PyTorch checkpoint to results/checkpoints/strict_reproduce_5090/best.pt
Saved PyTorch checkpoint to results/checkpoints/strict_reproduce_5090/best.pt
Saved PyTorch checkpoint to results/checkpoints/strict_reproduce_5090/best.pt
Saved PyTorch checkpoint to results/checkpoints/strict_reproduce_5090/best.pt
Saved PyTorch checkpoint to results/checkpoints/strict_reproduce_5090/best.pt
Saved PyTorch checkpoint to results/checkpoints/strict_reproduce_5090/best.pt
Saved PyTorch checkpoint to results/checkpoints/strict_reproduce_5090/best.pt
Saved PyTorch checkpoint to results/checkpoints/strict_reproduce_5090/best.pt
Saved PyTorch checkpoint to results/checkpoints/strict_reproduce_5090/best.pt
Saved PyTorch checkpoint to results/checkpoints/strict_reproduce_5090/best.pt
Saved PyTorch checkpoint to results/checkpoints/strict_reproduce_5090/best.pt
Saved PyTorch checkpoint to results/checkpoints/strict_reproduce_5090/best.pt
Saved PyTorch checkpoint to results/checkpoints/strict_reproduce_5090/best.pt
Saved PyTorch checkpoint to results/checkpoints/strict_reproduce_5090/best.pt
Saved PyTorch checkpoint to results/checkpoints/strict_reproduce_5090/best.pt
Saved PyTorch checkpoint to results/checkpoints/strict_reproduce_5090/best.pt
Adam 800 | total=2.290e-01 f=2.591e-02 ic=7.130e-03 wall=2.690e-02 inlet=1.229e-02 outlet=1.004e-05 lr=5.000e-04
Saved PyTorch checkpoint to results/checkpoints/strict_reproduce_5090/best.pt
Saved PyTorch checkpoint to results/checkpoints/strict_reproduce_5090/best.pt
Saved PyTorch checkpoint to results/checkpoints/strict_reproduce_5090/best.pt
Saved PyTorch checkpoint to results/checkpoints/strict_reproduce_5090/best.pt
Saved PyTorch checkpoint to results/checkpoints/strict_reproduce_5090/best.pt
Saved PyTorch checkpoint to results/checkpoints/strict_reproduce_5090/best.pt
Saved PyTorch checkpoint to results/checkpoints/strict_reproduce_5090/best.pt
Saved PyTorch checkpoint to results/checkpoints/strict_reproduce_5090/best.pt
Saved PyTorch checkpoint to results/checkpoints/strict_reproduce_5090/best.pt
Saved PyTorch checkpoint to results/checkpoints/strict_reproduce_5090/best.pt
Saved PyTorch checkpoint to results/checkpoints/strict_reproduce_5090/best.pt
Saved PyTorch checkpoint to results/checkpoints/strict_reproduce_5090/best.pt
Saved PyTorch checkpoint to results/checkpoints/strict_reproduce_5090/best.pt
Saved PyTorch checkpoint to results/checkpoints/strict_reproduce_5090/best.pt
Saved PyTorch checkpoint to results/checkpoints/strict_reproduce_5090/best.pt
Saved PyTorch checkpoint to results/checkpoints/strict_reproduce_5090/best.pt
Saved PyTorch checkpoint to results/checkpoints/strict_reproduce_5090/best.pt
Saved PyTorch checkpoint to results/checkpoints/strict_reproduce_5090/best.pt
Saved PyTorch checkpoint to results/checkpoints/strict_reproduce_5090/best.pt
Saved PyTorch checkpoint to results/checkpoints/strict_reproduce_5090/best.pt
Saved PyTorch checkpoint to results/checkpoints/strict_reproduce_5090/best.pt
Saved PyTorch checkpoint to results/checkpoints/strict_reproduce_5090/best.pt
Saved PyTorch checkpoint to results/checkpoints/strict_reproduce_5090/best.pt
Saved PyTorch checkpoint to results/checkpoints/strict_reproduce_5090/best.pt
Saved PyTorch checkpoint to results/checkpoints/strict_reproduce_5090/best.pt
Saved PyTorch checkpoint to results/checkpoints/strict_reproduce_5090/best.pt
Saved PyTorch checkpoint to results/checkpoints/strict_reproduce_5090/best.pt
Saved PyTorch checkpoint to results/checkpoints/strict_reproduce_5090/best.pt
Saved PyTorch checkpoint to results/checkpoints/strict_reproduce_5090/best.pt
Saved PyTorch checkpoint to results/checkpoints/strict_reproduce_5090/best.pt
Saved PyTorch checkpoint to results/checkpoints/strict_reproduce_5090/best.pt
Saved PyTorch checkpoint to results/checkpoints/strict_reproduce_5090/best.pt
Saved PyTorch checkpoint to results/checkpoints/strict_reproduce_5090/best.pt
Saved PyTorch checkpoint to results/checkpoints/strict_reproduce_5090/best.pt
Saved PyTorch checkpoint to results/checkpoints/strict_reproduce_5090/best.pt
Saved PyTorch checkpoint to results/checkpoints/strict_reproduce_5090/best.pt
Saved PyTorch checkpoint to results/checkpoints/strict_reproduce_5090/best.pt
Saved PyTorch checkpoint to results/checkpoints/strict_reproduce_5090/best.pt
Saved PyTorch checkpoint to results/checkpoints/strict_reproduce_5090/best.pt
Saved PyTorch checkpoint to results/checkpoints/strict_reproduce_5090/best.pt
Saved PyTorch checkpoint to results/checkpoints/strict_reproduce_5090/best.pt
Saved PyTorch checkpoint to results/checkpoints/strict_reproduce_5090/best.pt
Saved PyTorch checkpoint to results/checkpoints/strict_reproduce_5090/best.pt
Saved PyTorch checkpoint to results/checkpoints/strict_reproduce_5090/best.pt
Saved PyTorch checkpoint to results/checkpoints/strict_reproduce_5090/best.pt
Saved PyTorch checkpoint to results/checkpoints/strict_reproduce_5090/best.pt
Saved PyTorch checkpoint to results/checkpoints/strict_reproduce_5090/best.pt
Saved PyTorch checkpoint to results/checkpoints/strict_reproduce_5090/best.pt
Saved PyTorch checkpoint to results/checkpoints/strict_reproduce_5090/best.pt
Saved PyTorch checkpoint to results/checkpoints/strict_reproduce_5090/best.pt
Saved PyTorch checkpoint to results/checkpoints/strict_reproduce_5090/best.pt
Saved PyTorch checkpoint to results/checkpoints/strict_reproduce_5090/best.pt
Saved PyTorch checkpoint to results/checkpoints/strict_reproduce_5090/best.pt
Saved PyTorch checkpoint to results/checkpoints/strict_reproduce_5090/best.pt
Saved PyTorch checkpoint to results/checkpoints/strict_reproduce_5090/best.pt
Saved PyTorch checkpoint to results/checkpoints/strict_reproduce_5090/best.pt
Saved PyTorch checkpoint to results/checkpoints/strict_reproduce_5090/best.pt
Saved PyTorch checkpoint to results/checkpoints/strict_reproduce_5090/best.pt
Saved PyTorch checkpoint to results/checkpoints/strict_reproduce_5090/best.pt
Saved PyTorch checkpoint to results/checkpoints/strict_reproduce_5090/best.pt
Saved PyTorch checkpoint to results/checkpoints/strict_reproduce_5090/best.pt
Saved PyTorch checkpoint to results/checkpoints/strict_reproduce_5090/best.pt
Saved PyTorch checkpoint to results/checkpoints/strict_reproduce_5090/best.pt
Saved PyTorch checkpoint to results/checkpoints/strict_reproduce_5090/best.pt
Saved PyTorch checkpoint to results/checkpoints/strict_reproduce_5090/best.pt
Saved PyTorch checkpoint to results/checkpoints/strict_reproduce_5090/best.pt
Saved PyTorch checkpoint to results/checkpoints/strict_reproduce_5090/best.pt
Saved PyTorch checkpoint to results/checkpoints/strict_reproduce_5090/best.pt
Saved PyTorch checkpoint to results/checkpoints/strict_reproduce_5090/best.pt
Adam 900 | total=1.781e-01 f=2.476e-02 ic=2.885e-03 wall=1.509e-02 inlet=1.500e-02 outlet=2.043e-05 lr=5.000e-04
Saved PyTorch checkpoint to results/checkpoints/strict_reproduce_5090/best.pt
Saved PyTorch checkpoint to results/checkpoints/strict_reproduce_5090/best.pt
Saved PyTorch checkpoint to results/checkpoints/strict_reproduce_5090/best.pt
Saved PyTorch checkpoint to results/checkpoints/strict_reproduce_5090/best.pt
Saved PyTorch checkpoint to results/checkpoints/strict_reproduce_5090/best.pt
Saved PyTorch checkpoint to results/checkpoints/strict_reproduce_5090/best.pt
Saved PyTorch checkpoint to results/checkpoints/strict_reproduce_5090/best.pt
Saved PyTorch checkpoint to results/checkpoints/strict_reproduce_5090/best.pt
Saved PyTorch checkpoint to results/checkpoints/strict_reproduce_5090/best.pt
Saved PyTorch checkpoint to results/checkpoints/strict_reproduce_5090/best.pt
Saved PyTorch checkpoint to results/checkpoints/strict_reproduce_5090/best.pt
Saved PyTorch checkpoint to results/checkpoints/strict_reproduce_5090/best.pt
Saved PyTorch checkpoint to results/checkpoints/strict_reproduce_5090/best.pt
Saved PyTorch checkpoint to results/checkpoints/strict_reproduce_5090/best.pt
Saved PyTorch checkpoint to results/checkpoints/strict_reproduce_5090/best.pt
Saved PyTorch checkpoint to results/checkpoints/strict_reproduce_5090/best.pt
Saved PyTorch checkpoint to results/checkpoints/strict_reproduce_5090/best.pt
Saved PyTorch checkpoint to results/checkpoints/strict_reproduce_5090/best.pt
Saved PyTorch checkpoint to results/checkpoints/strict_reproduce_5090/best.pt
Saved PyTorch checkpoint to results/checkpoints/strict_reproduce_5090/best.pt
Saved PyTorch checkpoint to results/checkpoints/strict_reproduce_5090/best.pt
Saved PyTorch checkpoint to results/checkpoints/strict_reproduce_5090/best.pt
Saved PyTorch checkpoint to results/checkpoints/strict_reproduce_5090/best.pt
Saved PyTorch checkpoint to results/checkpoints/strict_reproduce_5090/best.pt
Saved PyTorch checkpoint to results/checkpoints/strict_reproduce_5090/best.pt
Saved PyTorch checkpoint to results/checkpoints/strict_reproduce_5090/best.pt
Saved PyTorch checkpoint to results/checkpoints/strict_reproduce_5090/best.pt
Saved PyTorch checkpoint to results/checkpoints/strict_reproduce_5090/best.pt
Saved PyTorch checkpoint to results/checkpoints/strict_reproduce_5090/best.pt
Saved PyTorch checkpoint to results/checkpoints/strict_reproduce_5090/best.pt
Saved PyTorch checkpoint to results/checkpoints/strict_reproduce_5090/best.pt
Saved PyTorch checkpoint to results/checkpoints/strict_reproduce_5090/best.pt
Saved PyTorch checkpoint to results/checkpoints/strict_reproduce_5090/best.pt
Saved PyTorch checkpoint to results/checkpoints/strict_reproduce_5090/best.pt
Saved PyTorch checkpoint to results/checkpoints/strict_reproduce_5090/best.pt
Saved PyTorch checkpoint to results/checkpoints/strict_reproduce_5090/best.pt
Saved PyTorch checkpoint to results/checkpoints/strict_reproduce_5090/best.pt
Saved PyTorch checkpoint to results/checkpoints/strict_reproduce_5090/best.pt
Saved PyTorch checkpoint to results/checkpoints/strict_reproduce_5090/best.pt
Saved PyTorch checkpoint to results/checkpoints/strict_reproduce_5090/best.pt
Saved PyTorch checkpoint to results/checkpoints/strict_reproduce_5090/best.pt
Saved PyTorch checkpoint to results/checkpoints/strict_reproduce_5090/best.pt
Saved PyTorch checkpoint to results/checkpoints/strict_reproduce_5090/best.pt
Saved PyTorch checkpoint to results/checkpoints/strict_reproduce_5090/best.pt
Saved PyTorch checkpoint to results/checkpoints/strict_reproduce_5090/best.pt
Saved PyTorch checkpoint to results/checkpoints/strict_reproduce_5090/best.pt
Saved PyTorch checkpoint to results/checkpoints/strict_reproduce_5090/best.pt
Saved PyTorch checkpoint to results/checkpoints/strict_reproduce_5090/best.pt
Saved PyTorch checkpoint to results/checkpoints/strict_reproduce_5090/best.pt
Saved PyTorch checkpoint to results/checkpoints/strict_reproduce_5090/best.pt
Saved PyTorch checkpoint to results/checkpoints/strict_reproduce_5090/best.pt
Saved PyTorch checkpoint to results/checkpoints/strict_reproduce_5090/best.pt
Saved PyTorch checkpoint to results/checkpoints/strict_reproduce_5090/best.pt
Saved PyTorch checkpoint to results/checkpoints/strict_reproduce_5090/best.pt
Saved PyTorch checkpoint to results/checkpoints/strict_reproduce_5090/best.pt
Saved PyTorch checkpoint to results/checkpoints/strict_reproduce_5090/best.pt
Saved PyTorch checkpoint to results/checkpoints/strict_reproduce_5090/best.pt
Saved PyTorch checkpoint to results/checkpoints/strict_reproduce_5090/best.pt
Saved PyTorch checkpoint to results/checkpoints/strict_reproduce_5090/best.pt
Saved PyTorch checkpoint to results/checkpoints/strict_reproduce_5090/best.pt
Saved PyTorch checkpoint to results/checkpoints/strict_reproduce_5090/best.pt
Saved PyTorch checkpoint to results/checkpoints/strict_reproduce_5090/best.pt
Saved PyTorch checkpoint to results/checkpoints/strict_reproduce_5090/best.pt
Saved PyTorch checkpoint to results/checkpoints/strict_reproduce_5090/best.pt
Saved PyTorch checkpoint to results/checkpoints/strict_reproduce_5090/best.pt
Saved PyTorch checkpoint to results/checkpoints/strict_reproduce_5090/best.pt
Saved PyTorch checkpoint to results/checkpoints/strict_reproduce_5090/best.pt
Saved PyTorch checkpoint to results/checkpoints/strict_reproduce_5090/best.pt
Saved PyTorch checkpoint to results/checkpoints/strict_reproduce_5090/best.pt
Saved PyTorch checkpoint to results/checkpoints/strict_reproduce_5090/best.pt
Saved PyTorch checkpoint to results/checkpoints/strict_reproduce_5090/best.pt
Saved PyTorch checkpoint to results/checkpoints/strict_reproduce_5090/best.pt
Saved PyTorch checkpoint to results/checkpoints/strict_reproduce_5090/best.pt
Saved PyTorch checkpoint to results/checkpoints/strict_reproduce_5090/best.pt
Saved PyTorch checkpoint to results/checkpoints/strict_reproduce_5090/best.pt
Saved PyTorch checkpoint to results/checkpoints/strict_reproduce_5090/best.pt
Saved PyTorch checkpoint to results/checkpoints/strict_reproduce_5090/best.pt
Saved PyTorch checkpoint to results/checkpoints/strict_reproduce_5090/best.pt
Saved PyTorch checkpoint to results/checkpoints/strict_reproduce_5090/best.pt
Saved PyTorch checkpoint to results/checkpoints/strict_reproduce_5090/best.pt
Saved PyTorch checkpoint to results/checkpoints/strict_reproduce_5090/best.pt
Saved PyTorch checkpoint to results/checkpoints/strict_reproduce_5090/best.pt
Saved PyTorch checkpoint to results/checkpoints/strict_reproduce_5090/best.pt
Saved PyTorch checkpoint to results/checkpoints/strict_reproduce_5090/best.pt
Saved PyTorch checkpoint to results/checkpoints/strict_reproduce_5090/best.pt
Saved PyTorch checkpoint to results/checkpoints/strict_reproduce_5090/best.pt
Saved PyTorch checkpoint to results/checkpoints/strict_reproduce_5090/best.pt
Saved PyTorch checkpoint to results/checkpoints/strict_reproduce_5090/best.pt
Saved PyTorch checkpoint to results/checkpoints/strict_reproduce_5090/best.pt
Saved PyTorch checkpoint to results/checkpoints/strict_reproduce_5090/best.pt
Saved PyTorch checkpoint to results/checkpoints/strict_reproduce_5090/best.pt
Saved PyTorch checkpoint to results/checkpoints/strict_reproduce_5090/best.pt
Saved PyTorch checkpoint to results/checkpoints/strict_reproduce_5090/best.pt
Saved PyTorch checkpoint to results/checkpoints/strict_reproduce_5090/best.pt
Saved PyTorch checkpoint to results/checkpoints/strict_reproduce_5090/best.pt
Saved PyTorch checkpoint to results/checkpoints/strict_reproduce_5090/best.pt
Saved PyTorch checkpoint to results/checkpoints/strict_reproduce_5090/best.pt
Saved PyTorch checkpoint to results/checkpoints/strict_reproduce_5090/best.pt
Saved PyTorch checkpoint to results/checkpoints/strict_reproduce_5090/best.pt
Adam 1000 | total=1.627e-01 f=2.703e-02 ic=2.187e-03 wall=1.315e-02 inlet=1.354e-02 outlet=1.370e-05 lr=5.000e-04
Saved PyTorch checkpoint to results/checkpoints/strict_reproduce_5090/latest.pt
Saved PyTorch checkpoint to results/checkpoints/strict_reproduce_5090/best.pt
Saved PyTorch checkpoint to results/checkpoints/strict_reproduce_5090/best.pt
Saved PyTorch checkpoint to results/checkpoints/strict_reproduce_5090/best.pt
Saved PyTorch checkpoint to results/checkpoints/strict_reproduce_5090/best.pt
Saved PyTorch checkpoint to results/checkpoints/strict_reproduce_5090/best.pt
Saved PyTorch checkpoint to results/checkpoints/strict_reproduce_5090/best.pt
Saved PyTorch checkpoint to results/checkpoints/strict_reproduce_5090/best.pt
Saved PyTorch checkpoint to results/checkpoints/strict_reproduce_5090/best.pt
Saved PyTorch checkpoint to results/checkpoints/strict_reproduce_5090/best.pt
Saved PyTorch checkpoint to results/checkpoints/strict_reproduce_5090/best.pt
Saved PyTorch checkpoint to results/checkpoints/strict_reproduce_5090/best.pt
Saved PyTorch checkpoint to results/checkpoints/strict_reproduce_5090/best.pt
Saved PyTorch checkpoint to results/checkpoints/strict_reproduce_5090/best.pt
Saved PyTorch checkpoint to results/checkpoints/strict_reproduce_5090/best.pt
Saved PyTorch checkpoint to results/checkpoints/strict_reproduce_5090/best.pt
Saved PyTorch checkpoint to results/checkpoints/strict_reproduce_5090/best.pt
Saved PyTorch checkpoint to results/checkpoints/strict_reproduce_5090/best.pt
Saved PyTorch checkpoint to results/checkpoints/strict_reproduce_5090/best.pt
Saved PyTorch checkpoint to results/checkpoints/strict_reproduce_5090/best.pt
Saved PyTorch checkpoint to results/checkpoints/strict_reproduce_5090/best.pt
Saved PyTorch checkpoint to results/checkpoints/strict_reproduce_5090/best.pt
Saved PyTorch checkpoint to results/checkpoints/strict_reproduce_5090/best.pt
Saved PyTorch checkpoint to results/checkpoints/strict_reproduce_5090/best.pt
Saved PyTorch checkpoint to results/checkpoints/strict_reproduce_5090/best.pt
Saved PyTorch checkpoint to results/checkpoints/strict_reproduce_5090/best.pt
Saved PyTorch checkpoint to results/checkpoints/strict_reproduce_5090/best.pt
Saved PyTorch checkpoint to results/checkpoints/strict_reproduce_5090/best.pt
Saved PyTorch checkpoint to results/checkpoints/strict_reproduce_5090/best.pt
Saved PyTorch checkpoint to results/checkpoints/strict_reproduce_5090/best.pt
Saved PyTorch checkpoint to results/checkpoints/strict_reproduce_5090/best.pt
Saved PyTorch checkpoint to results/checkpoints/strict_reproduce_5090/best.pt
Saved PyTorch checkpoint to results/checkpoints/strict_reproduce_5090/best.pt
Saved PyTorch checkpoint to results/checkpoints/strict_reproduce_5090/best.pt
Saved PyTorch checkpoint to results/checkpoints/strict_reproduce_5090/best.pt
Saved PyTorch checkpoint to results/checkpoints/strict_reproduce_5090/best.pt
Saved PyTorch checkpoint to results/checkpoints/strict_reproduce_5090/best.pt
Saved PyTorch checkpoint to results/checkpoints/strict_reproduce_5090/best.pt
Saved PyTorch checkpoint to results/checkpoints/strict_reproduce_5090/best.pt
Saved PyTorch checkpoint to results/checkpoints/strict_reproduce_5090/best.pt
Saved PyTorch checkpoint to results/checkpoints/strict_reproduce_5090/best.pt
Saved PyTorch checkpoint to results/checkpoints/strict_reproduce_5090/best.pt
Saved PyTorch checkpoint to results/checkpoints/strict_reproduce_5090/best.pt
Saved PyTorch checkpoint to results/checkpoints/strict_reproduce_5090/best.pt
Saved PyTorch checkpoint to results/checkpoints/strict_reproduce_5090/best.pt
Saved PyTorch checkpoint to results/checkpoints/strict_reproduce_5090/best.pt
Saved PyTorch checkpoint to results/checkpoints/strict_reproduce_5090/best.pt
Saved PyTorch checkpoint to results/checkpoints/strict_reproduce_5090/best.pt
Saved PyTorch checkpoint to results/checkpoints/strict_reproduce_5090/best.pt
Saved PyTorch checkpoint to results/checkpoints/strict_reproduce_5090/best.pt
Saved PyTorch checkpoint to results/checkpoints/strict_reproduce_5090/best.pt
Saved PyTorch checkpoint to results/checkpoints/strict_reproduce_5090/best.pt
Saved PyTorch checkpoint to results/checkpoints/strict_reproduce_5090/best.pt
Saved PyTorch checkpoint to results/checkpoints/strict_reproduce_5090/best.pt
Saved PyTorch checkpoint to results/checkpoints/strict_reproduce_5090/best.pt
Saved PyTorch checkpoint to results/checkpoints/strict_reproduce_5090/best.pt
Saved PyTorch checkpoint to results/checkpoints/strict_reproduce_5090/best.pt
Saved PyTorch checkpoint to results/checkpoints/strict_reproduce_5090/best.pt
Saved PyTorch checkpoint to results/checkpoints/strict_reproduce_5090/best.pt
Adam 1100 | total=1.507e-01 f=2.925e-02 ic=1.541e-03 wall=1.080e-02 inlet=1.318e-02 outlet=1.982e-05 lr=5.000e-04
Saved PyTorch checkpoint to results/checkpoints/strict_reproduce_5090/best.pt
Saved PyTorch checkpoint to results/checkpoints/strict_reproduce_5090/best.pt
Saved PyTorch checkpoint to results/checkpoints/strict_reproduce_5090/best.pt
Saved PyTorch checkpoint to results/checkpoints/strict_reproduce_5090/best.pt
Saved PyTorch checkpoint to results/checkpoints/strict_reproduce_5090/best.pt
Saved PyTorch checkpoint to results/checkpoints/strict_reproduce_5090/best.pt
Saved PyTorch checkpoint to results/checkpoints/strict_reproduce_5090/best.pt
Saved PyTorch checkpoint to results/checkpoints/strict_reproduce_5090/best.pt
Saved PyTorch checkpoint to results/checkpoints/strict_reproduce_5090/best.pt
Saved PyTorch checkpoint to results/checkpoints/strict_reproduce_5090/best.pt
Saved PyTorch checkpoint to results/checkpoints/strict_reproduce_5090/best.pt
Saved PyTorch checkpoint to results/checkpoints/strict_reproduce_5090/best.pt
Saved PyTorch checkpoint to results/checkpoints/strict_reproduce_5090/best.pt
Saved PyTorch checkpoint to results/checkpoints/strict_reproduce_5090/best.pt
Saved PyTorch checkpoint to results/checkpoints/strict_reproduce_5090/best.pt
Saved PyTorch checkpoint to results/checkpoints/strict_reproduce_5090/best.pt
Saved PyTorch checkpoint to results/checkpoints/strict_reproduce_5090/best.pt
Saved PyTorch checkpoint to results/checkpoints/strict_reproduce_5090/best.pt
Saved PyTorch checkpoint to results/checkpoints/strict_reproduce_5090/best.pt
Saved PyTorch checkpoint to results/checkpoints/strict_reproduce_5090/best.pt
Saved PyTorch checkpoint to results/checkpoints/strict_reproduce_5090/best.pt
Saved PyTorch checkpoint to results/checkpoints/strict_reproduce_5090/best.pt
Saved PyTorch checkpoint to results/checkpoints/strict_reproduce_5090/best.pt
Saved PyTorch checkpoint to results/checkpoints/strict_reproduce_5090/best.pt
Saved PyTorch checkpoint to results/checkpoints/strict_reproduce_5090/best.pt
Saved PyTorch checkpoint to results/checkpoints/strict_reproduce_5090/best.pt
Saved PyTorch checkpoint to results/checkpoints/strict_reproduce_5090/best.pt
Saved PyTorch checkpoint to results/checkpoints/strict_reproduce_5090/best.pt
Saved PyTorch checkpoint to results/checkpoints/strict_reproduce_5090/best.pt
Saved PyTorch checkpoint to results/checkpoints/strict_reproduce_5090/best.pt
Saved PyTorch checkpoint to results/checkpoints/strict_reproduce_5090/best.pt
Saved PyTorch checkpoint to results/checkpoints/strict_reproduce_5090/best.pt
Saved PyTorch checkpoint to results/checkpoints/strict_reproduce_5090/best.pt
Saved PyTorch checkpoint to results/checkpoints/strict_reproduce_5090/best.pt
Saved PyTorch checkpoint to results/checkpoints/strict_reproduce_5090/best.pt
Saved PyTorch checkpoint to results/checkpoints/strict_reproduce_5090/best.pt
Saved PyTorch checkpoint to results/checkpoints/strict_reproduce_5090/best.pt
Saved PyTorch checkpoint to results/checkpoints/strict_reproduce_5090/best.pt
Saved PyTorch checkpoint to results/checkpoints/strict_reproduce_5090/best.pt
Saved PyTorch checkpoint to results/checkpoints/strict_reproduce_5090/best.pt
Saved PyTorch checkpoint to results/checkpoints/strict_reproduce_5090/best.pt
Saved PyTorch checkpoint to results/checkpoints/strict_reproduce_5090/best.pt
Saved PyTorch checkpoint to results/checkpoints/strict_reproduce_5090/best.pt
Saved PyTorch checkpoint to results/checkpoints/strict_reproduce_5090/best.pt
Saved PyTorch checkpoint to results/checkpoints/strict_reproduce_5090/best.pt
Saved PyTorch checkpoint to results/checkpoints/strict_reproduce_5090/best.pt
Adam 1200 | total=1.529e-01 f=3.616e-02 ic=1.681e-03 wall=1.357e-02 inlet=9.426e-03 outlet=1.648e-05 lr=5.000e-04
Saved PyTorch checkpoint to results/checkpoints/strict_reproduce_5090/best.pt
Saved PyTorch checkpoint to results/checkpoints/strict_reproduce_5090/best.pt
Saved PyTorch checkpoint to results/checkpoints/strict_reproduce_5090/best.pt
Saved PyTorch checkpoint to results/checkpoints/strict_reproduce_5090/best.pt
Saved PyTorch checkpoint to results/checkpoints/strict_reproduce_5090/best.pt
Saved PyTorch checkpoint to results/checkpoints/strict_reproduce_5090/best.pt
Saved PyTorch checkpoint to results/checkpoints/strict_reproduce_5090/best.pt
Saved PyTorch checkpoint to results/checkpoints/strict_reproduce_5090/best.pt
Saved PyTorch checkpoint to results/checkpoints/strict_reproduce_5090/best.pt
Saved PyTorch checkpoint to results/checkpoints/strict_reproduce_5090/best.pt
Saved PyTorch checkpoint to results/checkpoints/strict_reproduce_5090/best.pt
Saved PyTorch checkpoint to results/checkpoints/strict_reproduce_5090/best.pt
Saved PyTorch checkpoint to results/checkpoints/strict_reproduce_5090/best.pt
Adam 1300 | total=1.419e-01 f=2.911e-02 ic=1.252e-03 wall=8.025e-03 inlet=1.428e-02 outlet=3.392e-05 lr=5.000e-04
Saved PyTorch checkpoint to results/checkpoints/strict_reproduce_5090/best.pt
Saved PyTorch checkpoint to results/checkpoints/strict_reproduce_5090/best.pt
Saved PyTorch checkpoint to results/checkpoints/strict_reproduce_5090/best.pt
Saved PyTorch checkpoint to results/checkpoints/strict_reproduce_5090/best.pt
Saved PyTorch checkpoint to results/checkpoints/strict_reproduce_5090/best.pt
Saved PyTorch checkpoint to results/checkpoints/strict_reproduce_5090/best.pt
Saved PyTorch checkpoint to results/checkpoints/strict_reproduce_5090/best.pt
Saved PyTorch checkpoint to results/checkpoints/strict_reproduce_5090/best.pt
Saved PyTorch checkpoint to results/checkpoints/strict_reproduce_5090/best.pt
Saved PyTorch checkpoint to results/checkpoints/strict_reproduce_5090/best.pt
Saved PyTorch checkpoint to results/checkpoints/strict_reproduce_5090/best.pt
Saved PyTorch checkpoint to results/checkpoints/strict_reproduce_5090/best.pt
Saved PyTorch checkpoint to results/checkpoints/strict_reproduce_5090/best.pt
Saved PyTorch checkpoint to results/checkpoints/strict_reproduce_5090/best.pt
Saved PyTorch checkpoint to results/checkpoints/strict_reproduce_5090/best.pt
Saved PyTorch checkpoint to results/checkpoints/strict_reproduce_5090/best.pt
Saved PyTorch checkpoint to results/checkpoints/strict_reproduce_5090/best.pt
Saved PyTorch checkpoint to results/checkpoints/strict_reproduce_5090/best.pt
Adam 1400 | total=1.192e-01 f=2.748e-02 ic=9.233e-04 wall=8.829e-03 inlet=9.321e-03 outlet=3.773e-05 lr=5.000e-04
Saved PyTorch checkpoint to results/checkpoints/strict_reproduce_5090/best.pt
Saved PyTorch checkpoint to results/checkpoints/strict_reproduce_5090/best.pt
Saved PyTorch checkpoint to results/checkpoints/strict_reproduce_5090/best.pt
Saved PyTorch checkpoint to results/checkpoints/strict_reproduce_5090/best.pt
Saved PyTorch checkpoint to results/checkpoints/strict_reproduce_5090/best.pt
Saved PyTorch checkpoint to results/checkpoints/strict_reproduce_5090/best.pt
Saved PyTorch checkpoint to results/checkpoints/strict_reproduce_5090/best.pt
Saved PyTorch checkpoint to results/checkpoints/strict_reproduce_5090/best.pt
Saved PyTorch checkpoint to results/checkpoints/strict_reproduce_5090/best.pt
Saved PyTorch checkpoint to results/checkpoints/strict_reproduce_5090/best.pt
Saved PyTorch checkpoint to results/checkpoints/strict_reproduce_5090/best.pt
Saved PyTorch checkpoint to results/checkpoints/strict_reproduce_5090/best.pt
Saved PyTorch checkpoint to results/checkpoints/strict_reproduce_5090/best.pt
Saved PyTorch checkpoint to results/checkpoints/strict_reproduce_5090/best.pt
Saved PyTorch checkpoint to results/checkpoints/strict_reproduce_5090/best.pt
Saved PyTorch checkpoint to results/checkpoints/strict_reproduce_5090/best.pt
Saved PyTorch checkpoint to results/checkpoints/strict_reproduce_5090/best.pt
Saved PyTorch checkpoint to results/checkpoints/strict_reproduce_5090/best.pt
Saved PyTorch checkpoint to results/checkpoints/strict_reproduce_5090/best.pt
Saved PyTorch checkpoint to results/checkpoints/strict_reproduce_5090/best.pt
Saved PyTorch checkpoint to results/checkpoints/strict_reproduce_5090/best.pt
Saved PyTorch checkpoint to results/checkpoints/strict_reproduce_5090/best.pt
Saved PyTorch checkpoint to results/checkpoints/strict_reproduce_5090/best.pt
Saved PyTorch checkpoint to results/checkpoints/strict_reproduce_5090/best.pt
Saved PyTorch checkpoint to results/checkpoints/strict_reproduce_5090/best.pt
Saved PyTorch checkpoint to results/checkpoints/strict_reproduce_5090/best.pt
Saved PyTorch checkpoint to results/checkpoints/strict_reproduce_5090/best.pt
Saved PyTorch checkpoint to results/checkpoints/strict_reproduce_5090/best.pt
Saved PyTorch checkpoint to results/checkpoints/strict_reproduce_5090/best.pt
Saved PyTorch checkpoint to results/checkpoints/strict_reproduce_5090/best.pt
Saved PyTorch checkpoint to results/checkpoints/strict_reproduce_5090/best.pt
Saved PyTorch checkpoint to results/checkpoints/strict_reproduce_5090/best.pt
Saved PyTorch checkpoint to results/checkpoints/strict_reproduce_5090/best.pt
Saved PyTorch checkpoint to results/checkpoints/strict_reproduce_5090/best.pt
Saved PyTorch checkpoint to results/checkpoints/strict_reproduce_5090/best.pt
Saved PyTorch checkpoint to results/checkpoints/strict_reproduce_5090/best.pt
Saved PyTorch checkpoint to results/checkpoints/strict_reproduce_5090/best.pt
Saved PyTorch checkpoint to results/checkpoints/strict_reproduce_5090/best.pt
Saved PyTorch checkpoint to results/checkpoints/strict_reproduce_5090/best.pt
Saved PyTorch checkpoint to results/checkpoints/strict_reproduce_5090/best.pt
Saved PyTorch checkpoint to results/checkpoints/strict_reproduce_5090/best.pt
Saved PyTorch checkpoint to results/checkpoints/strict_reproduce_5090/best.pt
Saved PyTorch checkpoint to results/checkpoints/strict_reproduce_5090/best.pt
Saved PyTorch checkpoint to results/checkpoints/strict_reproduce_5090/best.pt
Saved PyTorch checkpoint to results/checkpoints/strict_reproduce_5090/best.pt
Saved PyTorch checkpoint to results/checkpoints/strict_reproduce_5090/best.pt
Saved PyTorch checkpoint to results/checkpoints/strict_reproduce_5090/best.pt
Saved PyTorch checkpoint to results/checkpoints/strict_reproduce_5090/best.pt
Saved PyTorch checkpoint to results/checkpoints/strict_reproduce_5090/best.pt
Saved PyTorch checkpoint to results/checkpoints/strict_reproduce_5090/best.pt
Saved PyTorch checkpoint to results/checkpoints/strict_reproduce_5090/best.pt
Saved PyTorch checkpoint to results/checkpoints/strict_reproduce_5090/best.pt
Adam 1500 | total=1.150e-01 f=2.941e-02 ic=1.040e-03 wall=1.094e-02 inlet=5.962e-03 outlet=2.299e-05 lr=5.000e-04
Saved PyTorch checkpoint to results/checkpoints/strict_reproduce_5090/latest.pt
Saved PyTorch checkpoint to results/checkpoints/strict_reproduce_5090/best.pt
Saved PyTorch checkpoint to results/checkpoints/strict_reproduce_5090/best.pt
Saved PyTorch checkpoint to results/checkpoints/strict_reproduce_5090/best.pt
Saved PyTorch checkpoint to results/checkpoints/strict_reproduce_5090/best.pt
Saved PyTorch checkpoint to results/checkpoints/strict_reproduce_5090/best.pt
Saved PyTorch checkpoint to results/checkpoints/strict_reproduce_5090/best.pt
Saved PyTorch checkpoint to results/checkpoints/strict_reproduce_5090/best.pt
Saved PyTorch checkpoint to results/checkpoints/strict_reproduce_5090/best.pt
Saved PyTorch checkpoint to results/checkpoints/strict_reproduce_5090/best.pt
Saved PyTorch checkpoint to results/checkpoints/strict_reproduce_5090/best.pt
Saved PyTorch checkpoint to results/checkpoints/strict_reproduce_5090/best.pt
Saved PyTorch checkpoint to results/checkpoints/strict_reproduce_5090/best.pt
Saved PyTorch checkpoint to results/checkpoints/strict_reproduce_5090/best.pt
Saved PyTorch checkpoint to results/checkpoints/strict_reproduce_5090/best.pt
Saved PyTorch checkpoint to results/checkpoints/strict_reproduce_5090/best.pt
Saved PyTorch checkpoint to results/checkpoints/strict_reproduce_5090/best.pt
Saved PyTorch checkpoint to results/checkpoints/strict_reproduce_5090/best.pt
Saved PyTorch checkpoint to results/checkpoints/strict_reproduce_5090/best.pt
Saved PyTorch checkpoint to results/checkpoints/strict_reproduce_5090/best.pt
Saved PyTorch checkpoint to results/checkpoints/strict_reproduce_5090/best.pt
Saved PyTorch checkpoint to results/checkpoints/strict_reproduce_5090/best.pt
Saved PyTorch checkpoint to results/checkpoints/strict_reproduce_5090/best.pt
Saved PyTorch checkpoint to results/checkpoints/strict_reproduce_5090/best.pt
Saved PyTorch checkpoint to results/checkpoints/strict_reproduce_5090/best.pt
Saved PyTorch checkpoint to results/checkpoints/strict_reproduce_5090/best.pt
Saved PyTorch checkpoint to results/checkpoints/strict_reproduce_5090/best.pt
Saved PyTorch checkpoint to results/checkpoints/strict_reproduce_5090/best.pt
Saved PyTorch checkpoint to results/checkpoints/strict_reproduce_5090/best.pt
Saved PyTorch checkpoint to results/checkpoints/strict_reproduce_5090/best.pt
Saved PyTorch checkpoint to results/checkpoints/strict_reproduce_5090/best.pt
Saved PyTorch checkpoint to results/checkpoints/strict_reproduce_5090/best.pt
Saved PyTorch checkpoint to results/checkpoints/strict_reproduce_5090/best.pt
Adam 1600 | total=1.039e-01 f=2.636e-02 ic=8.340e-04 wall=9.154e-03 inlet=6.181e-03 outlet=2.762e-05 lr=5.000e-04
Saved PyTorch checkpoint to results/checkpoints/strict_reproduce_5090/best.pt
Saved PyTorch checkpoint to results/checkpoints/strict_reproduce_5090/best.pt
Saved PyTorch checkpoint to results/checkpoints/strict_reproduce_5090/best.pt
Saved PyTorch checkpoint to results/checkpoints/strict_reproduce_5090/best.pt
Saved PyTorch checkpoint to results/checkpoints/strict_reproduce_5090/best.pt
Saved PyTorch checkpoint to results/checkpoints/strict_reproduce_5090/best.pt
Saved PyTorch checkpoint to results/checkpoints/strict_reproduce_5090/best.pt
Saved PyTorch checkpoint to results/checkpoints/strict_reproduce_5090/best.pt
Saved PyTorch checkpoint to results/checkpoints/strict_reproduce_5090/best.pt
Saved PyTorch checkpoint to results/checkpoints/strict_reproduce_5090/best.pt
Saved PyTorch checkpoint to results/checkpoints/strict_reproduce_5090/best.pt
Saved PyTorch checkpoint to results/checkpoints/strict_reproduce_5090/best.pt
Saved PyTorch checkpoint to results/checkpoints/strict_reproduce_5090/best.pt
Saved PyTorch checkpoint to results/checkpoints/strict_reproduce_5090/best.pt
Saved PyTorch checkpoint to results/checkpoints/strict_reproduce_5090/best.pt
Saved PyTorch checkpoint to results/checkpoints/strict_reproduce_5090/best.pt
Saved PyTorch checkpoint to results/checkpoints/strict_reproduce_5090/best.pt
Saved PyTorch checkpoint to results/checkpoints/strict_reproduce_5090/best.pt
Saved PyTorch checkpoint to results/checkpoints/strict_reproduce_5090/best.pt
Saved PyTorch checkpoint to results/checkpoints/strict_reproduce_5090/best.pt
Saved PyTorch checkpoint to results/checkpoints/strict_reproduce_5090/best.pt
Saved PyTorch checkpoint to results/checkpoints/strict_reproduce_5090/best.pt
Saved PyTorch checkpoint to results/checkpoints/strict_reproduce_5090/best.pt
Saved PyTorch checkpoint to results/checkpoints/strict_reproduce_5090/best.pt
Saved PyTorch checkpoint to results/checkpoints/strict_reproduce_5090/best.pt
Saved PyTorch checkpoint to results/checkpoints/strict_reproduce_5090/best.pt
Saved PyTorch checkpoint to results/checkpoints/strict_reproduce_5090/best.pt
Saved PyTorch checkpoint to results/checkpoints/strict_reproduce_5090/best.pt
Saved PyTorch checkpoint to results/checkpoints/strict_reproduce_5090/best.pt
Saved PyTorch checkpoint to results/checkpoints/strict_reproduce_5090/best.pt
Saved PyTorch checkpoint to results/checkpoints/strict_reproduce_5090/best.pt
Saved PyTorch checkpoint to results/checkpoints/strict_reproduce_5090/best.pt
Adam 1700 | total=1.207e-01 f=2.791e-02 ic=1.290e-03 wall=6.800e-03 inlet=1.149e-02 outlet=3.496e-05 lr=5.000e-04
Saved PyTorch checkpoint to results/checkpoints/strict_reproduce_5090/best.pt
Saved PyTorch checkpoint to results/checkpoints/strict_reproduce_5090/best.pt
Saved PyTorch checkpoint to results/checkpoints/strict_reproduce_5090/best.pt
Saved PyTorch checkpoint to results/checkpoints/strict_reproduce_5090/best.pt
Saved PyTorch checkpoint to results/checkpoints/strict_reproduce_5090/best.pt
Saved PyTorch checkpoint to results/checkpoints/strict_reproduce_5090/best.pt
Saved PyTorch checkpoint to results/checkpoints/strict_reproduce_5090/best.pt
Saved PyTorch checkpoint to results/checkpoints/strict_reproduce_5090/best.pt
Saved PyTorch checkpoint to results/checkpoints/strict_reproduce_5090/best.pt
Saved PyTorch checkpoint to results/checkpoints/strict_reproduce_5090/best.pt
Saved PyTorch checkpoint to results/checkpoints/strict_reproduce_5090/best.pt
Saved PyTorch checkpoint to results/checkpoints/strict_reproduce_5090/best.pt
Saved PyTorch checkpoint to results/checkpoints/strict_reproduce_5090/best.pt
Saved PyTorch checkpoint to results/checkpoints/strict_reproduce_5090/best.pt
Saved PyTorch checkpoint to results/checkpoints/strict_reproduce_5090/best.pt
Saved PyTorch checkpoint to results/checkpoints/strict_reproduce_5090/best.pt
Saved PyTorch checkpoint to results/checkpoints/strict_reproduce_5090/best.pt
Saved PyTorch checkpoint to results/checkpoints/strict_reproduce_5090/best.pt
Saved PyTorch checkpoint to results/checkpoints/strict_reproduce_5090/best.pt
Saved PyTorch checkpoint to results/checkpoints/strict_reproduce_5090/best.pt
Saved PyTorch checkpoint to results/checkpoints/strict_reproduce_5090/best.pt
Saved PyTorch checkpoint to results/checkpoints/strict_reproduce_5090/best.pt
Adam 1800 | total=9.814e-02 f=2.516e-02 ic=1.018e-03 wall=9.564e-03 inlet=4.821e-03 outlet=3.197e-05 lr=5.000e-04
Saved PyTorch checkpoint to results/checkpoints/strict_reproduce_5090/best.pt
Saved PyTorch checkpoint to results/checkpoints/strict_reproduce_5090/best.pt
Saved PyTorch checkpoint to results/checkpoints/strict_reproduce_5090/best.pt
Saved PyTorch checkpoint to results/checkpoints/strict_reproduce_5090/best.pt
Saved PyTorch checkpoint to results/checkpoints/strict_reproduce_5090/best.pt
Saved PyTorch checkpoint to results/checkpoints/strict_reproduce_5090/best.pt
Saved PyTorch checkpoint to results/checkpoints/strict_reproduce_5090/best.pt
Saved PyTorch checkpoint to results/checkpoints/strict_reproduce_5090/best.pt
Saved PyTorch checkpoint to results/checkpoints/strict_reproduce_5090/best.pt
Saved PyTorch checkpoint to results/checkpoints/strict_reproduce_5090/best.pt
Saved PyTorch checkpoint to results/checkpoints/strict_reproduce_5090/best.pt
Saved PyTorch checkpoint to results/checkpoints/strict_reproduce_5090/best.pt
Adam 1900 | total=1.020e-01 f=2.761e-02 ic=1.002e-03 wall=9.975e-03 inlet=4.706e-03 outlet=2.059e-05 lr=5.000e-04
Saved PyTorch checkpoint to results/checkpoints/strict_reproduce_5090/best.pt
Saved PyTorch checkpoint to results/checkpoints/strict_reproduce_5090/best.pt
Saved PyTorch checkpoint to results/checkpoints/strict_reproduce_5090/best.pt
Saved PyTorch checkpoint to results/checkpoints/strict_reproduce_5090/best.pt
Saved PyTorch checkpoint to results/checkpoints/strict_reproduce_5090/best.pt
Saved PyTorch checkpoint to results/checkpoints/strict_reproduce_5090/best.pt
Saved PyTorch checkpoint to results/checkpoints/strict_reproduce_5090/best.pt
Saved PyTorch checkpoint to results/checkpoints/strict_reproduce_5090/best.pt
Saved PyTorch checkpoint to results/checkpoints/strict_reproduce_5090/best.pt
Saved PyTorch checkpoint to results/checkpoints/strict_reproduce_5090/best.pt
Saved PyTorch checkpoint to results/checkpoints/strict_reproduce_5090/best.pt
Saved PyTorch checkpoint to results/checkpoints/strict_reproduce_5090/best.pt
Saved PyTorch checkpoint to results/checkpoints/strict_reproduce_5090/best.pt
Adam 2000 | total=9.119e-02 f=2.313e-02 ic=9.791e-04 wall=8.128e-03 inlet=5.281e-03 outlet=3.332e-05 lr=5.000e-04
Saved PyTorch checkpoint to results/checkpoints/strict_reproduce_5090/latest.pt
Saved PyTorch checkpoint to results/checkpoints/strict_reproduce_5090/best.pt
Saved PyTorch checkpoint to results/checkpoints/strict_reproduce_5090/best.pt
Saved PyTorch checkpoint to results/checkpoints/strict_reproduce_5090/best.pt
Saved PyTorch checkpoint to results/checkpoints/strict_reproduce_5090/best.pt
Saved PyTorch checkpoint to results/checkpoints/strict_reproduce_5090/best.pt
Saved PyTorch checkpoint to results/checkpoints/strict_reproduce_5090/best.pt
Saved PyTorch checkpoint to results/checkpoints/strict_reproduce_5090/best.pt
Saved PyTorch checkpoint to results/checkpoints/strict_reproduce_5090/best.pt
Saved PyTorch checkpoint to results/checkpoints/strict_reproduce_5090/best.pt
Saved PyTorch checkpoint to results/checkpoints/strict_reproduce_5090/best.pt
Adam 2100 | total=8.730e-02 f=2.269e-02 ic=9.669e-04 wall=7.570e-03 inlet=5.155e-03 outlet=1.990e-05 lr=5.000e-04
Saved PyTorch checkpoint to results/checkpoints/strict_reproduce_5090/best.pt
Saved PyTorch checkpoint to results/checkpoints/strict_reproduce_5090/best.pt
Saved PyTorch checkpoint to results/checkpoints/strict_reproduce_5090/best.pt
Saved PyTorch checkpoint to results/checkpoints/strict_reproduce_5090/best.pt
Saved PyTorch checkpoint to results/checkpoints/strict_reproduce_5090/best.pt
Saved PyTorch checkpoint to results/checkpoints/strict_reproduce_5090/best.pt
Saved PyTorch checkpoint to results/checkpoints/strict_reproduce_5090/best.pt
Saved PyTorch checkpoint to results/checkpoints/strict_reproduce_5090/best.pt
Saved PyTorch checkpoint to results/checkpoints/strict_reproduce_5090/best.pt
Saved PyTorch checkpoint to results/checkpoints/strict_reproduce_5090/best.pt
Saved PyTorch checkpoint to results/checkpoints/strict_reproduce_5090/best.pt
Saved PyTorch checkpoint to results/checkpoints/strict_reproduce_5090/best.pt
Saved PyTorch checkpoint to results/checkpoints/strict_reproduce_5090/best.pt
Saved PyTorch checkpoint to results/checkpoints/strict_reproduce_5090/best.pt
Saved PyTorch checkpoint to results/checkpoints/strict_reproduce_5090/best.pt
Adam 2200 | total=1.177e-01 f=3.078e-02 ic=1.531e-03 wall=6.162e-03 inlet=1.092e-02 outlet=1.990e-05 lr=5.000e-04
Saved PyTorch checkpoint to results/checkpoints/strict_reproduce_5090/best.pt
Saved PyTorch checkpoint to results/checkpoints/strict_reproduce_5090/best.pt
Saved PyTorch checkpoint to results/checkpoints/strict_reproduce_5090/best.pt
Saved PyTorch checkpoint to results/checkpoints/strict_reproduce_5090/best.pt
Saved PyTorch checkpoint to results/checkpoints/strict_reproduce_5090/best.pt
Saved PyTorch checkpoint to results/checkpoints/strict_reproduce_5090/best.pt
Adam 2300 | total=8.665e-02 f=2.421e-02 ic=1.054e-03 wall=6.859e-03 inlet=5.416e-03 outlet=1.244e-05 lr=5.000e-04
Saved PyTorch checkpoint to results/checkpoints/strict_reproduce_5090/best.pt
Saved PyTorch checkpoint to results/checkpoints/strict_reproduce_5090/best.pt
Saved PyTorch checkpoint to results/checkpoints/strict_reproduce_5090/best.pt
Saved PyTorch checkpoint to results/checkpoints/strict_reproduce_5090/best.pt
Saved PyTorch checkpoint to results/checkpoints/strict_reproduce_5090/best.pt
Saved PyTorch checkpoint to results/checkpoints/strict_reproduce_5090/best.pt
Saved PyTorch checkpoint to results/checkpoints/strict_reproduce_5090/best.pt
Saved PyTorch checkpoint to results/checkpoints/strict_reproduce_5090/best.pt
Saved PyTorch checkpoint to results/checkpoints/strict_reproduce_5090/best.pt
Saved PyTorch checkpoint to results/checkpoints/strict_reproduce_5090/best.pt
Saved PyTorch checkpoint to results/checkpoints/strict_reproduce_5090/best.pt
Saved PyTorch checkpoint to results/checkpoints/strict_reproduce_5090/best.pt
Saved PyTorch checkpoint to results/checkpoints/strict_reproduce_5090/best.pt
Saved PyTorch checkpoint to results/checkpoints/strict_reproduce_5090/best.pt
Saved PyTorch checkpoint to results/checkpoints/strict_reproduce_5090/best.pt
Saved PyTorch checkpoint to results/checkpoints/strict_reproduce_5090/best.pt
Adam 2400 | total=7.871e-02 f=2.057e-02 ic=1.110e-03 wall=6.347e-03 inlet=5.055e-03 outlet=1.667e-05 lr=5.000e-04
Saved PyTorch checkpoint to results/checkpoints/strict_reproduce_5090/best.pt
Saved PyTorch checkpoint to results/checkpoints/strict_reproduce_5090/best.pt
Saved PyTorch checkpoint to results/checkpoints/strict_reproduce_5090/best.pt
Saved PyTorch checkpoint to results/checkpoints/strict_reproduce_5090/best.pt
Saved PyTorch checkpoint to results/checkpoints/strict_reproduce_5090/best.pt
Saved PyTorch checkpoint to results/checkpoints/strict_reproduce_5090/best.pt
Saved PyTorch checkpoint to results/checkpoints/strict_reproduce_5090/best.pt
Saved PyTorch checkpoint to results/checkpoints/strict_reproduce_5090/best.pt
Saved PyTorch checkpoint to results/checkpoints/strict_reproduce_5090/best.pt
Saved PyTorch checkpoint to results/checkpoints/strict_reproduce_5090/best.pt
Saved PyTorch checkpoint to results/checkpoints/strict_reproduce_5090/best.pt
Saved PyTorch checkpoint to results/checkpoints/strict_reproduce_5090/best.pt
Saved PyTorch checkpoint to results/checkpoints/strict_reproduce_5090/best.pt
Saved PyTorch checkpoint to results/checkpoints/strict_reproduce_5090/best.pt
Saved PyTorch checkpoint to results/checkpoints/strict_reproduce_5090/best.pt
Saved PyTorch checkpoint to results/checkpoints/strict_reproduce_5090/best.pt
Saved PyTorch checkpoint to results/checkpoints/strict_reproduce_5090/best.pt
Saved PyTorch checkpoint to results/checkpoints/strict_reproduce_5090/best.pt
Saved PyTorch checkpoint to results/checkpoints/strict_reproduce_5090/best.pt
Saved PyTorch checkpoint to results/checkpoints/strict_reproduce_5090/best.pt
Saved PyTorch checkpoint to results/checkpoints/strict_reproduce_5090/best.pt
Saved PyTorch checkpoint to results/checkpoints/strict_reproduce_5090/best.pt
Saved PyTorch checkpoint to results/checkpoints/strict_reproduce_5090/best.pt
Saved PyTorch checkpoint to results/checkpoints/strict_reproduce_5090/best.pt
Saved PyTorch checkpoint to results/checkpoints/strict_reproduce_5090/best.pt
Adam 2500 | total=9.531e-02 f=2.892e-02 ic=1.148e-03 wall=6.749e-03 inlet=6.297e-03 outlet=1.448e-05 lr=5.000e-04
Saved PyTorch checkpoint to results/checkpoints/strict_reproduce_5090/latest.pt
Saved PyTorch checkpoint to results/checkpoints/strict_reproduce_5090/best.pt
Saved PyTorch checkpoint to results/checkpoints/strict_reproduce_5090/best.pt
Saved PyTorch checkpoint to results/checkpoints/strict_reproduce_5090/best.pt
Saved PyTorch checkpoint to results/checkpoints/strict_reproduce_5090/best.pt
Saved PyTorch checkpoint to results/checkpoints/strict_reproduce_5090/best.pt
Saved PyTorch checkpoint to results/checkpoints/strict_reproduce_5090/best.pt
Saved PyTorch checkpoint to results/checkpoints/strict_reproduce_5090/best.pt
Saved PyTorch checkpoint to results/checkpoints/strict_reproduce_5090/best.pt
Saved PyTorch checkpoint to results/checkpoints/strict_reproduce_5090/best.pt
Saved PyTorch checkpoint to results/checkpoints/strict_reproduce_5090/best.pt
Saved PyTorch checkpoint to results/checkpoints/strict_reproduce_5090/best.pt
Saved PyTorch checkpoint to results/checkpoints/strict_reproduce_5090/best.pt
Saved PyTorch checkpoint to results/checkpoints/strict_reproduce_5090/best.pt
Saved PyTorch checkpoint to results/checkpoints/strict_reproduce_5090/best.pt
Saved PyTorch checkpoint to results/checkpoints/strict_reproduce_5090/best.pt
Saved PyTorch checkpoint to results/checkpoints/strict_reproduce_5090/best.pt
Saved PyTorch checkpoint to results/checkpoints/strict_reproduce_5090/best.pt
Saved PyTorch checkpoint to results/checkpoints/strict_reproduce_5090/best.pt
Saved PyTorch checkpoint to results/checkpoints/strict_reproduce_5090/best.pt
Saved PyTorch checkpoint to results/checkpoints/strict_reproduce_5090/best.pt
Saved PyTorch checkpoint to results/checkpoints/strict_reproduce_5090/best.pt
Saved PyTorch checkpoint to results/checkpoints/strict_reproduce_5090/best.pt
Saved PyTorch checkpoint to results/checkpoints/strict_reproduce_5090/best.pt
Saved PyTorch checkpoint to results/checkpoints/strict_reproduce_5090/best.pt
Saved PyTorch checkpoint to results/checkpoints/strict_reproduce_5090/best.pt
Saved PyTorch checkpoint to results/checkpoints/strict_reproduce_5090/best.pt
Saved PyTorch checkpoint to results/checkpoints/strict_reproduce_5090/best.pt
Saved PyTorch checkpoint to results/checkpoints/strict_reproduce_5090/best.pt
Adam 2600 | total=9.321e-02 f=2.419e-02 ic=1.404e-03 wall=5.359e-03 inlet=8.163e-03 outlet=1.069e-05 lr=5.000e-04
Saved PyTorch checkpoint to results/checkpoints/strict_reproduce_5090/best.pt
Saved PyTorch checkpoint to results/checkpoints/strict_reproduce_5090/best.pt
Saved PyTorch checkpoint to results/checkpoints/strict_reproduce_5090/best.pt
Saved PyTorch checkpoint to results/checkpoints/strict_reproduce_5090/best.pt
Saved PyTorch checkpoint to results/checkpoints/strict_reproduce_5090/best.pt
Saved PyTorch checkpoint to results/checkpoints/strict_reproduce_5090/best.pt
Saved PyTorch checkpoint to results/checkpoints/strict_reproduce_5090/best.pt
Saved PyTorch checkpoint to results/checkpoints/strict_reproduce_5090/best.pt
Saved PyTorch checkpoint to results/checkpoints/strict_reproduce_5090/best.pt
Saved PyTorch checkpoint to results/checkpoints/strict_reproduce_5090/best.pt
Saved PyTorch checkpoint to results/checkpoints/strict_reproduce_5090/best.pt
Adam 2700 | total=7.116e-02 f=2.000e-02 ic=1.345e-03 wall=6.155e-03 inlet=3.804e-03 outlet=1.340e-05 lr=5.000e-04
Saved PyTorch checkpoint to results/checkpoints/strict_reproduce_5090/best.pt
Saved PyTorch checkpoint to results/checkpoints/strict_reproduce_5090/best.pt
Saved PyTorch checkpoint to results/checkpoints/strict_reproduce_5090/best.pt
Saved PyTorch checkpoint to results/checkpoints/strict_reproduce_5090/best.pt
Saved PyTorch checkpoint to results/checkpoints/strict_reproduce_5090/best.pt
Saved PyTorch checkpoint to results/checkpoints/strict_reproduce_5090/best.pt
Saved PyTorch checkpoint to results/checkpoints/strict_reproduce_5090/best.pt
Saved PyTorch checkpoint to results/checkpoints/strict_reproduce_5090/best.pt
Saved PyTorch checkpoint to results/checkpoints/strict_reproduce_5090/best.pt
Saved PyTorch checkpoint to results/checkpoints/strict_reproduce_5090/best.pt
Saved PyTorch checkpoint to results/checkpoints/strict_reproduce_5090/best.pt
Saved PyTorch checkpoint to results/checkpoints/strict_reproduce_5090/best.pt
Saved PyTorch checkpoint to results/checkpoints/strict_reproduce_5090/best.pt
Saved PyTorch checkpoint to results/checkpoints/strict_reproduce_5090/best.pt
Saved PyTorch checkpoint to results/checkpoints/strict_reproduce_5090/best.pt
Saved PyTorch checkpoint to results/checkpoints/strict_reproduce_5090/best.pt
Adam 2800 | total=7.568e-02 f=2.125e-02 ic=1.398e-03 wall=5.560e-03 inlet=5.041e-03 outlet=2.324e-05 lr=5.000e-04
Saved PyTorch checkpoint to results/checkpoints/strict_reproduce_5090/best.pt
Saved PyTorch checkpoint to results/checkpoints/strict_reproduce_5090/best.pt
Saved PyTorch checkpoint to results/checkpoints/strict_reproduce_5090/best.pt
Saved PyTorch checkpoint to results/checkpoints/strict_reproduce_5090/best.pt
Saved PyTorch checkpoint to results/checkpoints/strict_reproduce_5090/best.pt
Saved PyTorch checkpoint to results/checkpoints/strict_reproduce_5090/best.pt
Saved PyTorch checkpoint to results/checkpoints/strict_reproduce_5090/best.pt
Saved PyTorch checkpoint to results/checkpoints/strict_reproduce_5090/best.pt
Saved PyTorch checkpoint to results/checkpoints/strict_reproduce_5090/best.pt
Saved PyTorch checkpoint to results/checkpoints/strict_reproduce_5090/best.pt
Saved PyTorch checkpoint to results/checkpoints/strict_reproduce_5090/best.pt
Saved PyTorch checkpoint to results/checkpoints/strict_reproduce_5090/best.pt
Saved PyTorch checkpoint to results/checkpoints/strict_reproduce_5090/best.pt
Saved PyTorch checkpoint to results/checkpoints/strict_reproduce_5090/best.pt
Saved PyTorch checkpoint to results/checkpoints/strict_reproduce_5090/best.pt
Saved PyTorch checkpoint to results/checkpoints/strict_reproduce_5090/best.pt
Saved PyTorch checkpoint to results/checkpoints/strict_reproduce_5090/best.pt
Saved PyTorch checkpoint to results/checkpoints/strict_reproduce_5090/best.pt
Adam 2900 | total=6.924e-02 f=2.031e-02 ic=1.532e-03 wall=5.825e-03 inlet=3.651e-03 outlet=1.686e-05 lr=5.000e-04
Saved PyTorch checkpoint to results/checkpoints/strict_reproduce_5090/best.pt
Saved PyTorch checkpoint to results/checkpoints/strict_reproduce_5090/best.pt
Saved PyTorch checkpoint to results/checkpoints/strict_reproduce_5090/best.pt
Saved PyTorch checkpoint to results/checkpoints/strict_reproduce_5090/best.pt
Saved PyTorch checkpoint to results/checkpoints/strict_reproduce_5090/best.pt
Saved PyTorch checkpoint to results/checkpoints/strict_reproduce_5090/best.pt
Saved PyTorch checkpoint to results/checkpoints/strict_reproduce_5090/best.pt
Saved PyTorch checkpoint to results/checkpoints/strict_reproduce_5090/best.pt
Adam 3000 | total=7.567e-02 f=2.474e-02 ic=1.580e-03 wall=6.043e-03 inlet=3.823e-03 outlet=1.721e-05 lr=5.000e-04
Saved PyTorch checkpoint to results/checkpoints/strict_reproduce_5090/latest.pt
Saved PyTorch checkpoint to results/checkpoints/strict_reproduce_5090/best.pt
Saved PyTorch checkpoint to results/checkpoints/strict_reproduce_5090/best.pt
Saved PyTorch checkpoint to results/checkpoints/strict_reproduce_5090/best.pt
Saved PyTorch checkpoint to results/checkpoints/strict_reproduce_5090/best.pt
Saved PyTorch checkpoint to results/checkpoints/strict_reproduce_5090/best.pt
Saved PyTorch checkpoint to results/checkpoints/strict_reproduce_5090/best.pt
Saved PyTorch checkpoint to results/checkpoints/strict_reproduce_5090/best.pt
Saved PyTorch checkpoint to results/checkpoints/strict_reproduce_5090/best.pt
Saved PyTorch checkpoint to results/checkpoints/strict_reproduce_5090/best.pt
Saved PyTorch checkpoint to results/checkpoints/strict_reproduce_5090/best.pt
Saved PyTorch checkpoint to results/checkpoints/strict_reproduce_5090/best.pt
Adam 3100 | total=6.506e-02 f=1.869e-02 ic=1.513e-03 wall=5.350e-03 inlet=3.619e-03 outlet=1.355e-05 lr=5.000e-04
Saved PyTorch checkpoint to results/checkpoints/strict_reproduce_5090/best.pt
Saved PyTorch checkpoint to results/checkpoints/strict_reproduce_5090/best.pt
Saved PyTorch checkpoint to results/checkpoints/strict_reproduce_5090/best.pt
Saved PyTorch checkpoint to results/checkpoints/strict_reproduce_5090/best.pt
Saved PyTorch checkpoint to results/checkpoints/strict_reproduce_5090/best.pt
Saved PyTorch checkpoint to results/checkpoints/strict_reproduce_5090/best.pt
Saved PyTorch checkpoint to results/checkpoints/strict_reproduce_5090/best.pt
Saved PyTorch checkpoint to results/checkpoints/strict_reproduce_5090/best.pt
Saved PyTorch checkpoint to results/checkpoints/strict_reproduce_5090/best.pt
Saved PyTorch checkpoint to results/checkpoints/strict_reproduce_5090/best.pt
Saved PyTorch checkpoint to results/checkpoints/strict_reproduce_5090/best.pt
Adam 3200 | total=6.954e-02 f=2.144e-02 ic=1.496e-03 wall=5.062e-03 inlet=4.256e-03 outlet=1.392e-05 lr=5.000e-04
Saved PyTorch checkpoint to results/checkpoints/strict_reproduce_5090/best.pt
Saved PyTorch checkpoint to results/checkpoints/strict_reproduce_5090/best.pt
Saved PyTorch checkpoint to results/checkpoints/strict_reproduce_5090/best.pt
Saved PyTorch checkpoint to results/checkpoints/strict_reproduce_5090/best.pt
Saved PyTorch checkpoint to results/checkpoints/strict_reproduce_5090/best.pt
Saved PyTorch checkpoint to results/checkpoints/strict_reproduce_5090/best.pt
Adam 3300 | total=7.334e-02 f=2.565e-02 ic=1.835e-03 wall=5.647e-03 inlet=3.522e-03 outlet=1.546e-05 lr=5.000e-04
Saved PyTorch checkpoint to results/checkpoints/strict_reproduce_5090/best.pt
Saved PyTorch checkpoint to results/checkpoints/strict_reproduce_5090/best.pt
Saved PyTorch checkpoint to results/checkpoints/strict_reproduce_5090/best.pt
Saved PyTorch checkpoint to results/checkpoints/strict_reproduce_5090/best.pt
Saved PyTorch checkpoint to results/checkpoints/strict_reproduce_5090/best.pt
Saved PyTorch checkpoint to results/checkpoints/strict_reproduce_5090/best.pt
Saved PyTorch checkpoint to results/checkpoints/strict_reproduce_5090/best.pt
Adam 3400 | total=6.519e-02 f=2.083e-02 ic=1.858e-03 wall=5.744e-03 inlet=2.753e-03 outlet=1.468e-05 lr=5.000e-04
Saved PyTorch checkpoint to results/checkpoints/strict_reproduce_5090/best.pt
Saved PyTorch checkpoint to results/checkpoints/strict_reproduce_5090/best.pt
Saved PyTorch checkpoint to results/checkpoints/strict_reproduce_5090/best.pt
Saved PyTorch checkpoint to results/checkpoints/strict_reproduce_5090/best.pt
Saved PyTorch checkpoint to results/checkpoints/strict_reproduce_5090/best.pt
Saved PyTorch checkpoint to results/checkpoints/strict_reproduce_5090/best.pt
Saved PyTorch checkpoint to results/checkpoints/strict_reproduce_5090/best.pt
Saved PyTorch checkpoint to results/checkpoints/strict_reproduce_5090/best.pt
Saved PyTorch checkpoint to results/checkpoints/strict_reproduce_5090/best.pt
Saved PyTorch checkpoint to results/checkpoints/strict_reproduce_5090/best.pt
Saved PyTorch checkpoint to results/checkpoints/strict_reproduce_5090/best.pt
Saved PyTorch checkpoint to results/checkpoints/strict_reproduce_5090/best.pt
Saved PyTorch checkpoint to results/checkpoints/strict_reproduce_5090/best.pt
Saved PyTorch checkpoint to results/checkpoints/strict_reproduce_5090/best.pt
Saved PyTorch checkpoint to results/checkpoints/strict_reproduce_5090/best.pt
Saved PyTorch checkpoint to results/checkpoints/strict_reproduce_5090/best.pt
Adam 3500 | total=5.981e-02 f=1.757e-02 ic=1.563e-03 wall=4.972e-03 inlet=3.159e-03 outlet=1.550e-05 lr=5.000e-04
Saved PyTorch checkpoint to results/checkpoints/strict_reproduce_5090/latest.pt
Saved PyTorch checkpoint to results/checkpoints/strict_reproduce_5090/best.pt
Saved PyTorch checkpoint to results/checkpoints/strict_reproduce_5090/best.pt
Saved PyTorch checkpoint to results/checkpoints/strict_reproduce_5090/best.pt
Saved PyTorch checkpoint to results/checkpoints/strict_reproduce_5090/best.pt
Saved PyTorch checkpoint to results/checkpoints/strict_reproduce_5090/best.pt
Saved PyTorch checkpoint to results/checkpoints/strict_reproduce_5090/best.pt
Saved PyTorch checkpoint to results/checkpoints/strict_reproduce_5090/best.pt
Saved PyTorch checkpoint to results/checkpoints/strict_reproduce_5090/best.pt
Saved PyTorch checkpoint to results/checkpoints/strict_reproduce_5090/best.pt
Saved PyTorch checkpoint to results/checkpoints/strict_reproduce_5090/best.pt
Saved PyTorch checkpoint to results/checkpoints/strict_reproduce_5090/best.pt
Saved PyTorch checkpoint to results/checkpoints/strict_reproduce_5090/best.pt
Saved PyTorch checkpoint to results/checkpoints/strict_reproduce_5090/best.pt
Saved PyTorch checkpoint to results/checkpoints/strict_reproduce_5090/best.pt
Adam 3600 | total=6.156e-02 f=2.012e-02 ic=1.601e-03 wall=4.954e-03 inlet=3.010e-03 outlet=1.508e-05 lr=5.000e-04
Saved PyTorch checkpoint to results/checkpoints/strict_reproduce_5090/best.pt
Saved PyTorch checkpoint to results/checkpoints/strict_reproduce_5090/best.pt
Saved PyTorch checkpoint to results/checkpoints/strict_reproduce_5090/best.pt
Saved PyTorch checkpoint to results/checkpoints/strict_reproduce_5090/best.pt
Saved PyTorch checkpoint to results/checkpoints/strict_reproduce_5090/best.pt
Saved PyTorch checkpoint to results/checkpoints/strict_reproduce_5090/best.pt
Saved PyTorch checkpoint to results/checkpoints/strict_reproduce_5090/best.pt
Saved PyTorch checkpoint to results/checkpoints/strict_reproduce_5090/best.pt
Saved PyTorch checkpoint to results/checkpoints/strict_reproduce_5090/best.pt
Saved PyTorch checkpoint to results/checkpoints/strict_reproduce_5090/best.pt
Saved PyTorch checkpoint to results/checkpoints/strict_reproduce_5090/best.pt
Saved PyTorch checkpoint to results/checkpoints/strict_reproduce_5090/best.pt
Saved PyTorch checkpoint to results/checkpoints/strict_reproduce_5090/best.pt
Saved PyTorch checkpoint to results/checkpoints/strict_reproduce_5090/best.pt
Adam 3700 | total=6.742e-02 f=2.370e-02 ic=1.926e-03 wall=5.548e-03 inlet=2.807e-03 outlet=1.659e-05 lr=5.000e-04
Saved PyTorch checkpoint to results/checkpoints/strict_reproduce_5090/best.pt
Saved PyTorch checkpoint to results/checkpoints/strict_reproduce_5090/best.pt
Saved PyTorch checkpoint to results/checkpoints/strict_reproduce_5090/best.pt
Saved PyTorch checkpoint to results/checkpoints/strict_reproduce_5090/best.pt
Saved PyTorch checkpoint to results/checkpoints/strict_reproduce_5090/best.pt
Saved PyTorch checkpoint to results/checkpoints/strict_reproduce_5090/best.pt
Saved PyTorch checkpoint to results/checkpoints/strict_reproduce_5090/best.pt
Saved PyTorch checkpoint to results/checkpoints/strict_reproduce_5090/best.pt
Saved PyTorch checkpoint to results/checkpoints/strict_reproduce_5090/best.pt
Saved PyTorch checkpoint to results/checkpoints/strict_reproduce_5090/best.pt
Adam 3800 | total=6.276e-02 f=2.183e-02 ic=1.853e-03 wall=5.166e-03 inlet=2.646e-03 outlet=1.757e-05 lr=5.000e-04
Saved PyTorch checkpoint to results/checkpoints/strict_reproduce_5090/best.pt
Saved PyTorch checkpoint to results/checkpoints/strict_reproduce_5090/best.pt
Saved PyTorch checkpoint to results/checkpoints/strict_reproduce_5090/best.pt
Saved PyTorch checkpoint to results/checkpoints/strict_reproduce_5090/best.pt
Saved PyTorch checkpoint to results/checkpoints/strict_reproduce_5090/best.pt
Saved PyTorch checkpoint to results/checkpoints/strict_reproduce_5090/best.pt
Saved PyTorch checkpoint to results/checkpoints/strict_reproduce_5090/best.pt
Saved PyTorch checkpoint to results/checkpoints/strict_reproduce_5090/best.pt
Adam 3900 | total=5.856e-02 f=1.750e-02 ic=1.504e-03 wall=4.174e-03 inlet=3.733e-03 outlet=1.905e-05 lr=5.000e-04
Saved PyTorch checkpoint to results/checkpoints/strict_reproduce_5090/best.pt
Saved PyTorch checkpoint to results/checkpoints/strict_reproduce_5090/best.pt
Saved PyTorch checkpoint to results/checkpoints/strict_reproduce_5090/best.pt
Saved PyTorch checkpoint to results/checkpoints/strict_reproduce_5090/best.pt
Saved PyTorch checkpoint to results/checkpoints/strict_reproduce_5090/best.pt
Saved PyTorch checkpoint to results/checkpoints/strict_reproduce_5090/best.pt
Saved PyTorch checkpoint to results/checkpoints/strict_reproduce_5090/best.pt
Saved PyTorch checkpoint to results/checkpoints/strict_reproduce_5090/best.pt
Adam 4000 | total=5.648e-02 f=1.696e-02 ic=1.463e-03 wall=4.149e-03 inlet=3.458e-03 outlet=2.313e-05 lr=5.000e-04
Saved PyTorch checkpoint to results/checkpoints/strict_reproduce_5090/latest.pt
Saved PyTorch checkpoint to results/checkpoints/strict_reproduce_5090/best.pt
Saved PyTorch checkpoint to results/checkpoints/strict_reproduce_5090/best.pt
Saved PyTorch checkpoint to results/checkpoints/strict_reproduce_5090/best.pt
Saved PyTorch checkpoint to results/checkpoints/strict_reproduce_5090/best.pt
Saved PyTorch checkpoint to results/checkpoints/strict_reproduce_5090/best.pt
Saved PyTorch checkpoint to results/checkpoints/strict_reproduce_5090/best.pt
Saved PyTorch checkpoint to results/checkpoints/strict_reproduce_5090/best.pt
Saved PyTorch checkpoint to results/checkpoints/strict_reproduce_5090/best.pt
Saved PyTorch checkpoint to results/checkpoints/strict_reproduce_5090/best.pt
Saved PyTorch checkpoint to results/checkpoints/strict_reproduce_5090/best.pt
Saved PyTorch checkpoint to results/checkpoints/strict_reproduce_5090/best.pt
Adam 4100 | total=5.291e-02 f=1.708e-02 ic=1.641e-03 wall=4.434e-03 inlet=2.399e-03 outlet=2.235e-05 lr=5.000e-04
Saved PyTorch checkpoint to results/checkpoints/strict_reproduce_5090/best.pt
Saved PyTorch checkpoint to results/checkpoints/strict_reproduce_5090/best.pt
Saved PyTorch checkpoint to results/checkpoints/strict_reproduce_5090/best.pt
Saved PyTorch checkpoint to results/checkpoints/strict_reproduce_5090/best.pt
Saved PyTorch checkpoint to results/checkpoints/strict_reproduce_5090/best.pt
Saved PyTorch checkpoint to results/checkpoints/strict_reproduce_5090/best.pt
Saved PyTorch checkpoint to results/checkpoints/strict_reproduce_5090/best.pt
Saved PyTorch checkpoint to results/checkpoints/strict_reproduce_5090/best.pt
Adam 4200 | total=5.166e-02 f=1.682e-02 ic=1.634e-03 wall=4.427e-03 inlet=2.211e-03 outlet=2.230e-05 lr=5.000e-04
Saved PyTorch checkpoint to results/checkpoints/strict_reproduce_5090/best.pt
Saved PyTorch checkpoint to results/checkpoints/strict_reproduce_5090/best.pt
Saved PyTorch checkpoint to results/checkpoints/strict_reproduce_5090/best.pt
Saved PyTorch checkpoint to results/checkpoints/strict_reproduce_5090/best.pt
Saved PyTorch checkpoint to results/checkpoints/strict_reproduce_5090/best.pt
Saved PyTorch checkpoint to results/checkpoints/strict_reproduce_5090/best.pt
Saved PyTorch checkpoint to results/checkpoints/strict_reproduce_5090/best.pt
Saved PyTorch checkpoint to results/checkpoints/strict_reproduce_5090/best.pt
Saved PyTorch checkpoint to results/checkpoints/strict_reproduce_5090/best.pt
Saved PyTorch checkpoint to results/checkpoints/strict_reproduce_5090/best.pt
Saved PyTorch checkpoint to results/checkpoints/strict_reproduce_5090/best.pt
Saved PyTorch checkpoint to results/checkpoints/strict_reproduce_5090/best.pt
Saved PyTorch checkpoint to results/checkpoints/strict_reproduce_5090/best.pt
Saved PyTorch checkpoint to results/checkpoints/strict_reproduce_5090/best.pt
Saved PyTorch checkpoint to results/checkpoints/strict_reproduce_5090/best.pt
Saved PyTorch checkpoint to results/checkpoints/strict_reproduce_5090/best.pt
Adam 4300 | total=5.051e-02 f=1.660e-02 ic=1.597e-03 wall=4.224e-03 inlet=2.234e-03 outlet=2.584e-05 lr=5.000e-04
Saved PyTorch checkpoint to results/checkpoints/strict_reproduce_5090/best.pt
Saved PyTorch checkpoint to results/checkpoints/strict_reproduce_5090/best.pt
Saved PyTorch checkpoint to results/checkpoints/strict_reproduce_5090/best.pt
Saved PyTorch checkpoint to results/checkpoints/strict_reproduce_5090/best.pt
Saved PyTorch checkpoint to results/checkpoints/strict_reproduce_5090/best.pt
Saved PyTorch checkpoint to results/checkpoints/strict_reproduce_5090/best.pt
Saved PyTorch checkpoint to results/checkpoints/strict_reproduce_5090/best.pt
Adam 4400 | total=5.029e-02 f=1.673e-02 ic=1.606e-03 wall=4.267e-03 inlet=2.119e-03 outlet=2.629e-05 lr=5.000e-04
Saved PyTorch checkpoint to results/checkpoints/strict_reproduce_5090/best.pt
Saved PyTorch checkpoint to results/checkpoints/strict_reproduce_5090/best.pt
Saved PyTorch checkpoint to results/checkpoints/strict_reproduce_5090/best.pt
Saved PyTorch checkpoint to results/checkpoints/strict_reproduce_5090/best.pt
Saved PyTorch checkpoint to results/checkpoints/strict_reproduce_5090/best.pt
Saved PyTorch checkpoint to results/checkpoints/strict_reproduce_5090/best.pt
Saved PyTorch checkpoint to results/checkpoints/strict_reproduce_5090/best.pt
Saved PyTorch checkpoint to results/checkpoints/strict_reproduce_5090/best.pt
Adam 4500 | total=5.448e-02 f=1.971e-02 ic=1.547e-03 wall=3.843e-03 inlet=2.798e-03 outlet=2.662e-05 lr=5.000e-04
Saved PyTorch checkpoint to results/checkpoints/strict_reproduce_5090/latest.pt
Saved PyTorch checkpoint to results/checkpoints/strict_reproduce_5090/best.pt
Saved PyTorch checkpoint to results/checkpoints/strict_reproduce_5090/best.pt
Adam 4600 | total=5.530e-02 f=2.162e-02 ic=1.488e-03 wall=3.966e-03 inlet=2.466e-03 outlet=3.220e-05 lr=5.000e-04
Saved PyTorch checkpoint to results/checkpoints/strict_reproduce_5090/best.pt
Saved PyTorch checkpoint to results/checkpoints/strict_reproduce_5090/best.pt
Saved PyTorch checkpoint to results/checkpoints/strict_reproduce_5090/best.pt
Saved PyTorch checkpoint to results/checkpoints/strict_reproduce_5090/best.pt
Saved PyTorch checkpoint to results/checkpoints/strict_reproduce_5090/best.pt
Saved PyTorch checkpoint to results/checkpoints/strict_reproduce_5090/best.pt
Saved PyTorch checkpoint to results/checkpoints/strict_reproduce_5090/best.pt
Saved PyTorch checkpoint to results/checkpoints/strict_reproduce_5090/best.pt
Adam 4700 | total=4.717e-02 f=1.642e-02 ic=1.623e-03 wall=3.952e-03 inlet=1.867e-03 outlet=3.609e-05 lr=5.000e-04
Saved PyTorch checkpoint to results/checkpoints/strict_reproduce_5090/best.pt
Saved PyTorch checkpoint to results/checkpoints/strict_reproduce_5090/best.pt
Saved PyTorch checkpoint to results/checkpoints/strict_reproduce_5090/best.pt
Saved PyTorch checkpoint to results/checkpoints/strict_reproduce_5090/best.pt
Adam 4800 | total=4.592e-02 f=1.603e-02 ic=1.536e-03 wall=3.744e-03 inlet=1.918e-03 outlet=3.843e-05 lr=5.000e-04
Saved PyTorch checkpoint to results/checkpoints/strict_reproduce_5090/best.pt
Saved PyTorch checkpoint to results/checkpoints/strict_reproduce_5090/best.pt
Saved PyTorch checkpoint to results/checkpoints/strict_reproduce_5090/best.pt
Saved PyTorch checkpoint to results/checkpoints/strict_reproduce_5090/best.pt
Saved PyTorch checkpoint to results/checkpoints/strict_reproduce_5090/best.pt
Saved PyTorch checkpoint to results/checkpoints/strict_reproduce_5090/best.pt
Saved PyTorch checkpoint to results/checkpoints/strict_reproduce_5090/best.pt
Saved PyTorch checkpoint to results/checkpoints/strict_reproduce_5090/best.pt
Saved PyTorch checkpoint to results/checkpoints/strict_reproduce_5090/best.pt
Adam 4900 | total=4.822e-02 f=1.619e-02 ic=1.386e-03 wall=3.298e-03 inlet=2.823e-03 outlet=3.507e-05 lr=5.000e-04
Saved PyTorch checkpoint to results/checkpoints/strict_reproduce_5090/best.pt
Saved PyTorch checkpoint to results/checkpoints/strict_reproduce_5090/best.pt
Saved PyTorch checkpoint to results/checkpoints/strict_reproduce_5090/best.pt
Saved PyTorch checkpoint to results/checkpoints/strict_reproduce_5090/best.pt
Saved PyTorch checkpoint to results/checkpoints/strict_reproduce_5090/best.pt
Saved PyTorch checkpoint to results/checkpoints/strict_reproduce_5090/best.pt
Adam 5000 | total=4.784e-02 f=1.818e-02 ic=1.521e-03 wall=3.580e-03 inlet=2.041e-03 outlet=3.608e-05 lr=5.000e-04
Saved PyTorch checkpoint to results/checkpoints/strict_reproduce_5090/latest.pt
SciPy L-BFGS-B 1 | total=4.784e-02 f=1.837e-02 ic=1.443e-03 wall=3.588e-03 inlet=2.008e-03 outlet=4.257e-05
SciPy L-BFGS-B 100 | total=3.843e-02 f=1.586e-02 ic=1.628e-03 wall=2.656e-03 inlet=1.517e-03 outlet=7.624e-05
SciPy L-BFGS-B 200 | total=3.312e-02 f=1.400e-02 ic=1.208e-03 wall=2.407e-03 inlet=1.158e-03 outlet=8.180e-05
SciPy L-BFGS-B 300 | total=2.868e-02 f=1.277e-02 ic=1.126e-03 wall=2.026e-03 inlet=9.202e-04 outlet=5.483e-05
SciPy L-BFGS-B 400 | total=2.568e-02 f=1.164e-02 ic=1.018e-03 wall=1.834e-03 inlet=7.609e-04 outlet=4.831e-05
SciPy L-BFGS-B 500 | total=2.354e-02 f=1.122e-02 ic=8.093e-04 wall=1.653e-03 inlet=6.386e-04 outlet=5.329e-05
Saved PyTorch checkpoint to results/checkpoints/strict_reproduce_5090/latest_lbfgs.pt
SciPy L-BFGS-B 600 | total=2.158e-02 f=1.108e-02 ic=7.076e-04 wall=1.399e-03 inlet=5.457e-04 outlet=6.835e-05
SciPy L-BFGS-B 700 | total=2.015e-02 f=1.101e-02 ic=6.573e-04 wall=1.233e-03 inlet=4.481e-04 outlet=7.553e-05
SciPy L-BFGS-B 800 | total=1.863e-02 f=1.021e-02 ic=5.620e-04 wall=1.151e-03 inlet=4.051e-04 outlet=7.438e-05
SciPy L-BFGS-B 900 | total=1.734e-02 f=9.813e-03 ic=5.131e-04 wall=1.073e-03 inlet=3.180e-04 outlet=5.506e-05
SciPy L-BFGS-B 1000 | total=1.614e-02 f=9.556e-03 ic=3.971e-04 wall=9.395e-04 inlet=2.850e-04 outlet=6.562e-05
Saved PyTorch checkpoint to results/checkpoints/strict_reproduce_5090/latest_lbfgs.pt
SciPy L-BFGS-B 1100 | total=1.521e-02 f=9.136e-03 ic=3.995e-04 wall=8.805e-04 inlet=2.426e-04 outlet=5.534e-05
SciPy L-BFGS-B 1200 | total=1.426e-02 f=8.701e-03 ic=4.022e-04 wall=7.887e-04 inlet=2.301e-04 outlet=6.294e-05
SciPy L-BFGS-B 1300 | total=1.342e-02 f=8.532e-03 ic=3.637e-04 wall=6.986e-04 inlet=1.937e-04 outlet=6.395e-05
SciPy L-BFGS-B 1400 | total=1.264e-02 f=8.251e-03 ic=4.147e-04 wall=6.131e-04 inlet=1.665e-04 outlet=7.605e-05
SciPy L-BFGS-B 1500 | total=1.193e-02 f=7.812e-03 ic=3.578e-04 wall=5.820e-04 inlet=1.522e-04 outlet=9.035e-05
Saved PyTorch checkpoint to results/checkpoints/strict_reproduce_5090/latest_lbfgs.pt
SciPy L-BFGS-B 1600 | total=1.124e-02 f=7.373e-03 ic=3.681e-04 wall=5.489e-04 inlet=1.336e-04 outlet=8.705e-05
SciPy L-BFGS-B 1700 | total=1.063e-02 f=7.023e-03 ic=3.384e-04 wall=5.206e-04 inlet=1.196e-04 outlet=6.974e-05
SciPy L-BFGS-B 1800 | total=1.012e-02 f=6.864e-03 ic=2.962e-04 wall=4.775e-04 inlet=1.020e-04 outlet=6.659e-05
SciPy L-BFGS-B 1900 | total=9.752e-03 f=6.701e-03 ic=2.654e-04 wall=4.504e-04 inlet=9.256e-05 outlet=7.021e-05
SciPy L-BFGS-B 2000 | total=9.363e-03 f=6.515e-03 ic=1.955e-04 wall=4.345e-04 inlet=8.081e-05 outlet=7.565e-05
Saved PyTorch checkpoint to results/checkpoints/strict_reproduce_5090/latest_lbfgs.pt
SciPy L-BFGS-B 2100 | total=8.935e-03 f=6.273e-03 ic=1.690e-04 wall=4.069e-04 inlet=7.701e-05 outlet=7.370e-05
SciPy L-BFGS-B 2200 | total=8.582e-03 f=6.057e-03 ic=1.445e-04 wall=3.934e-04 inlet=6.627e-05 outlet=8.159e-05
SciPy L-BFGS-B 2300 | total=8.277e-03 f=5.877e-03 ic=1.236e-04 wall=3.793e-04 inlet=5.894e-05 outlet=8.591e-05
SciPy L-BFGS-B 2400 | total=8.038e-03 f=5.733e-03 ic=1.096e-04 wall=3.609e-04 inlet=6.059e-05 outlet=8.831e-05
SciPy L-BFGS-B 2500 | total=7.801e-03 f=5.597e-03 ic=9.479e-05 wall=3.458e-04 inlet=5.747e-05 outlet=9.343e-05
Saved PyTorch checkpoint to results/checkpoints/strict_reproduce_5090/latest_lbfgs.pt
SciPy L-BFGS-B 2600 | total=7.557e-03 f=5.392e-03 ic=1.203e-04 wall=3.380e-04 inlet=5.405e-05 outlet=8.455e-05
SciPy L-BFGS-B 2700 | total=7.351e-03 f=5.332e-03 ic=1.043e-04 wall=3.195e-04 inlet=4.789e-05 outlet=7.767e-05
SciPy L-BFGS-B 2800 | total=7.129e-03 f=5.201e-03 ic=9.227e-05 wall=3.073e-04 inlet=4.641e-05 outlet=6.674e-05
SciPy L-BFGS-B 2900 | total=6.964e-03 f=5.181e-03 ic=9.605e-05 wall=2.790e-04 inlet=4.649e-05 outlet=5.981e-05
SciPy L-BFGS-B 3000 | total=6.803e-03 f=5.113e-03 ic=8.897e-05 wall=2.647e-04 inlet=4.410e-05 outlet=5.631e-05
Saved PyTorch checkpoint to results/checkpoints/strict_reproduce_5090/latest_lbfgs.pt
SciPy L-BFGS-B 3100 | total=6.650e-03 f=5.005e-03 ic=8.053e-05 wall=2.625e-04 inlet=4.035e-05 outlet=5.016e-05
SciPy L-BFGS-B 3200 | total=6.503e-03 f=4.900e-03 ic=7.622e-05 wall=2.545e-04 inlet=4.234e-05 outlet=4.315e-05
SciPy L-BFGS-B 3300 | total=6.373e-03 f=4.829e-03 ic=7.491e-05 wall=2.451e-04 inlet=4.177e-05 outlet=3.549e-05
SciPy L-BFGS-B 3400 | total=6.256e-03 f=4.791e-03 ic=7.163e-05 wall=2.343e-04 inlet=3.834e-05 outlet=3.015e-05
SciPy L-BFGS-B 3500 | total=6.150e-03 f=4.724e-03 ic=6.555e-05 wall=2.298e-04 inlet=3.709e-05 outlet=2.594e-05
Saved PyTorch checkpoint to results/checkpoints/strict_reproduce_5090/latest_lbfgs.pt
SciPy L-BFGS-B 3600 | total=6.038e-03 f=4.616e-03 ic=6.255e-05 wall=2.310e-04 inlet=3.693e-05 outlet=2.000e-05
SciPy L-BFGS-B 3700 | total=5.942e-03 f=4.555e-03 ic=6.278e-05 wall=2.252e-04 inlet=3.629e-05 outlet=1.693e-05
SciPy L-BFGS-B 3800 | total=5.838e-03 f=4.514e-03 ic=5.620e-05 wall=2.164e-04 inlet=3.448e-05 outlet=1.289e-05
SciPy L-BFGS-B 3900 | total=5.749e-03 f=4.457e-03 ic=5.238e-05 wall=2.128e-04 inlet=3.315e-05 outlet=9.728e-06
SciPy L-BFGS-B 4000 | total=5.672e-03 f=4.420e-03 ic=5.177e-05 wall=2.079e-04 inlet=3.033e-05 outlet=8.882e-06
Saved PyTorch checkpoint to results/checkpoints/strict_reproduce_5090/latest_lbfgs.pt
SciPy L-BFGS-B 4100 | total=5.593e-03 f=4.363e-03 ic=4.703e-05 wall=2.037e-04 inlet=3.088e-05 outlet=9.407e-06
SciPy L-BFGS-B 4200 | total=5.518e-03 f=4.308e-03 ic=4.655e-05 wall=2.010e-04 inlet=3.015e-05 outlet=6.957e-06
SciPy L-BFGS-B 4300 | total=5.448e-03 f=4.263e-03 ic=4.816e-05 wall=1.972e-04 inlet=2.877e-05 outlet=6.598e-06
SciPy L-BFGS-B 4400 | total=5.372e-03 f=4.203e-03 ic=4.981e-05 wall=1.953e-04 inlet=2.728e-05 outlet=6.590e-06
SciPy L-BFGS-B 4500 | total=5.304e-03 f=4.152e-03 ic=5.023e-05 wall=1.930e-04 inlet=2.614e-05 outlet=6.152e-06
Saved PyTorch checkpoint to results/checkpoints/strict_reproduce_5090/latest_lbfgs.pt
SciPy L-BFGS-B 4600 | total=5.227e-03 f=4.088e-03 ic=5.183e-05 wall=1.931e-04 inlet=2.299e-05 outlet=6.351e-06
SciPy L-BFGS-B 4700 | total=5.147e-03 f=4.016e-03 ic=5.181e-05 wall=1.910e-04 inlet=2.320e-05 outlet=8.211e-06
SciPy L-BFGS-B 4800 | total=5.077e-03 f=3.987e-03 ic=4.906e-05 wall=1.851e-04 inlet=2.209e-05 outlet=4.948e-06
SciPy L-BFGS-B 4900 | total=5.002e-03 f=3.927e-03 ic=5.152e-05 wall=1.821e-04 inlet=2.148e-05 outlet=5.380e-06
SciPy L-BFGS-B 5000 | total=4.935e-03 f=3.896e-03 ic=4.768e-05 wall=1.754e-04 inlet=2.167e-05 outlet=6.281e-06
Saved PyTorch checkpoint to results/checkpoints/strict_reproduce_5090/latest_lbfgs.pt
SciPy L-BFGS-B 5100 | total=4.887e-03 f=3.866e-03 ic=4.659e-05 wall=1.743e-04 inlet=1.947e-05 outlet=5.988e-06
SciPy L-BFGS-B 5200 | total=4.826e-03 f=3.836e-03 ic=4.750e-05 wall=1.691e-04 inlet=1.834e-05 outlet=5.541e-06
SciPy L-BFGS-B 5300 | total=4.763e-03 f=3.773e-03 ic=4.792e-05 wall=1.686e-04 inlet=1.864e-05 outlet=5.867e-06
SciPy L-BFGS-B 5400 | total=4.705e-03 f=3.750e-03 ic=4.675e-05 wall=1.634e-04 inlet=1.698e-05 outlet=6.001e-06
SciPy L-BFGS-B 5500 | total=4.651e-03 f=3.704e-03 ic=4.749e-05 wall=1.616e-04 inlet=1.710e-05 outlet=5.497e-06
Saved PyTorch checkpoint to results/checkpoints/strict_reproduce_5090/latest_lbfgs.pt
SciPy L-BFGS-B 5600 | total=4.599e-03 f=3.660e-03 ic=4.461e-05 wall=1.614e-04 inlet=1.644e-05 outlet=5.719e-06
SciPy L-BFGS-B 5700 | total=4.550e-03 f=3.631e-03 ic=4.502e-05 wall=1.574e-04 inlet=1.608e-05 outlet=6.289e-06
SciPy L-BFGS-B 5800 | total=4.510e-03 f=3.603e-03 ic=4.119e-05 wall=1.562e-04 inlet=1.561e-05 outlet=6.178e-06
SciPy L-BFGS-B 5900 | total=4.467e-03 f=3.557e-03 ic=3.876e-05 wall=1.571e-04 inlet=1.586e-05 outlet=6.623e-06
SciPy L-BFGS-B 6000 | total=4.423e-03 f=3.534e-03 ic=3.756e-05 wall=1.531e-04 inlet=1.590e-05 outlet=6.434e-06
Saved PyTorch checkpoint to results/checkpoints/strict_reproduce_5090/latest_lbfgs.pt
SciPy L-BFGS-B 6100 | total=4.382e-03 f=3.509e-03 ic=3.702e-05 wall=1.512e-04 inlet=1.471e-05 outlet=6.885e-06
SciPy L-BFGS-B 6200 | total=4.341e-03 f=3.480e-03 ic=3.589e-05 wall=1.496e-04 inlet=1.396e-05 outlet=7.006e-06
SciPy L-BFGS-B 6300 | total=4.299e-03 f=3.449e-03 ic=3.436e-05 wall=1.480e-04 inlet=1.374e-05 outlet=6.776e-06
SciPy L-BFGS-B 6400 | total=4.255e-03 f=3.434e-03 ic=3.474e-05 wall=1.428e-04 inlet=1.316e-05 outlet=6.657e-06
SciPy L-BFGS-B 6500 | total=4.215e-03 f=3.402e-03 ic=3.464e-05 wall=1.412e-04 inlet=1.314e-05 outlet=6.170e-06
Saved PyTorch checkpoint to results/checkpoints/strict_reproduce_5090/latest_lbfgs.pt
SciPy L-BFGS-B 6600 | total=4.178e-03 f=3.377e-03 ic=3.476e-05 wall=1.390e-04 inlet=1.285e-05 outlet=7.071e-06
SciPy L-BFGS-B 6700 | total=4.144e-03 f=3.366e-03 ic=3.437e-05 wall=1.356e-04 inlet=1.197e-05 outlet=5.938e-06
SciPy L-BFGS-B 6800 | total=4.109e-03 f=3.358e-03 ic=3.504e-05 wall=1.298e-04 inlet=1.235e-05 outlet=5.621e-06
SciPy L-BFGS-B 6900 | total=4.080e-03 f=3.337e-03 ic=3.289e-05 wall=1.290e-04 inlet=1.179e-05 outlet=5.615e-06
SciPy L-BFGS-B 7000 | total=4.053e-03 f=3.313e-03 ic=3.183e-05 wall=1.283e-04 inlet=1.209e-05 outlet=5.769e-06
Saved PyTorch checkpoint to results/checkpoints/strict_reproduce_5090/latest_lbfgs.pt
SciPy L-BFGS-B 7100 | total=4.023e-03 f=3.307e-03 ic=3.016e-05 wall=1.254e-04 inlet=1.085e-05 outlet=5.277e-06
SciPy L-BFGS-B 7200 | total=3.993e-03 f=3.287e-03 ic=3.021e-05 wall=1.229e-04 inlet=1.116e-05 outlet=5.311e-06
SciPy L-BFGS-B 7300 | total=3.966e-03 f=3.267e-03 ic=3.010e-05 wall=1.212e-04 inlet=1.142e-05 outlet=5.376e-06
SciPy L-BFGS-B 7400 | total=3.939e-03 f=3.252e-03 ic=2.923e-05 wall=1.197e-04 inlet=1.091e-05 outlet=5.133e-06
SciPy L-BFGS-B 7500 | total=3.908e-03 f=3.221e-03 ic=2.987e-05 wall=1.192e-04 inlet=1.100e-05 outlet=6.133e-06
Saved PyTorch checkpoint to results/checkpoints/strict_reproduce_5090/latest_lbfgs.pt
SciPy L-BFGS-B 7600 | total=3.876e-03 f=3.202e-03 ic=2.839e-05 wall=1.167e-04 inlet=1.125e-05 outlet=5.364e-06
SciPy L-BFGS-B 7700 | total=3.843e-03 f=3.177e-03 ic=2.815e-05 wall=1.158e-04 inlet=1.052e-05 outlet=5.922e-06
SciPy L-BFGS-B 7800 | total=3.811e-03 f=3.153e-03 ic=2.677e-05 wall=1.147e-04 inlet=1.028e-05 outlet=5.731e-06
SciPy L-BFGS-B 7900 | total=3.783e-03 f=3.148e-03 ic=2.612e-05 wall=1.106e-04 inlet=1.009e-05 outlet=5.250e-06
SciPy L-BFGS-B 8000 | total=3.754e-03 f=3.140e-03 ic=2.466e-05 wall=1.074e-04 inlet=9.335e-06 outlet=5.234e-06
Saved PyTorch checkpoint to results/checkpoints/strict_reproduce_5090/latest_lbfgs.pt
SciPy L-BFGS-B 8100 | total=3.726e-03 f=3.125e-03 ic=2.397e-05 wall=1.049e-04 inlet=9.565e-06 outlet=5.098e-06
SciPy L-BFGS-B 8200 | total=3.703e-03 f=3.109e-03 ic=2.203e-05 wall=1.036e-04 inlet=9.790e-06 outlet=5.174e-06
SciPy L-BFGS-B 8300 | total=3.678e-03 f=3.103e-03 ic=2.072e-05 wall=1.002e-04 inlet=9.573e-06 outlet=5.047e-06
SciPy L-BFGS-B 8400 | total=3.652e-03 f=3.087e-03 ic=2.086e-05 wall=9.818e-05 inlet=9.567e-06 outlet=5.032e-06
SciPy L-BFGS-B 8500 | total=3.626e-03 f=3.074e-03 ic=2.046e-05 wall=9.628e-05 inlet=9.020e-06 outlet=4.948e-06
Saved PyTorch checkpoint to results/checkpoints/strict_reproduce_5090/latest_lbfgs.pt
SciPy L-BFGS-B 8600 | total=3.599e-03 f=3.056e-03 ic=2.063e-05 wall=9.461e-05 inlet=8.787e-06 outlet=5.457e-06
SciPy L-BFGS-B 8700 | total=3.574e-03 f=3.041e-03 ic=2.097e-05 wall=9.258e-05 inlet=8.911e-06 outlet=4.976e-06
SciPy L-BFGS-B 8800 | total=3.552e-03 f=3.023e-03 ic=1.969e-05 wall=9.211e-05 inlet=8.561e-06 outlet=5.403e-06
SciPy L-BFGS-B 8900 | total=3.529e-03 f=3.013e-03 ic=2.002e-05 wall=8.961e-05 inlet=8.545e-06 outlet=5.113e-06
SciPy L-BFGS-B 9000 | total=3.509e-03 f=2.997e-03 ic=1.973e-05 wall=8.912e-05 inlet=8.333e-06 outlet=4.952e-06
Saved PyTorch checkpoint to results/checkpoints/strict_reproduce_5090/latest_lbfgs.pt
SciPy L-BFGS-B 9100 | total=3.488e-03 f=2.987e-03 ic=1.970e-05 wall=8.683e-05 inlet=8.382e-06 outlet=5.121e-06
SciPy L-BFGS-B 9200 | total=3.465e-03 f=2.972e-03 ic=1.879e-05 wall=8.525e-05 inlet=8.524e-06 outlet=4.625e-06
SciPy L-BFGS-B 9300 | total=3.444e-03 f=2.956e-03 ic=1.868e-05 wall=8.436e-05 inlet=8.558e-06 outlet=4.623e-06
SciPy L-BFGS-B 9400 | total=3.421e-03 f=2.952e-03 ic=1.865e-05 wall=8.112e-05 inlet=8.242e-06 outlet=4.093e-06
SciPy L-BFGS-B 9500 | total=3.402e-03 f=2.941e-03 ic=1.820e-05 wall=7.973e-05 inlet=8.113e-06 outlet=3.706e-06
Saved PyTorch checkpoint to results/checkpoints/strict_reproduce_5090/latest_lbfgs.pt
SciPy L-BFGS-B 9600 | total=3.381e-03 f=2.926e-03 ic=1.844e-05 wall=7.858e-05 inlet=8.061e-06 outlet=3.586e-06
SciPy L-BFGS-B 9700 | total=3.361e-03 f=2.912e-03 ic=1.860e-05 wall=7.753e-05 inlet=7.898e-06 outlet=3.466e-06
SciPy L-BFGS-B 9800 | total=3.339e-03 f=2.904e-03 ic=1.778e-05 wall=7.505e-05 inlet=7.809e-06 outlet=3.089e-06
SciPy L-BFGS-B 9900 | total=3.320e-03 f=2.889e-03 ic=1.786e-05 wall=7.420e-05 inlet=7.686e-06 outlet=3.281e-06
SciPy L-BFGS-B 10000 | total=3.301e-03 f=2.877e-03 ic=1.673e-05 wall=7.328e-05 inlet=7.574e-06 outlet=3.329e-06
Saved PyTorch checkpoint to results/checkpoints/strict_reproduce_5090/latest_lbfgs.pt
SciPy L-BFGS-B 10100 | total=3.281e-03 f=2.866e-03 ic=1.607e-05 wall=7.147e-05 inlet=7.615e-06 outlet=3.745e-06
SciPy L-BFGS-B 10200 | total=3.259e-03 f=2.851e-03 ic=1.581e-05 wall=7.066e-05 inlet=7.001e-06 outlet=3.945e-06
SciPy L-BFGS-B 10300 | total=3.240e-03 f=2.836e-03 ic=1.487e-05 wall=6.967e-05 inlet=7.413e-06 outlet=3.966e-06
SciPy L-BFGS-B 10400 | total=3.223e-03 f=2.820e-03 ic=1.540e-05 wall=6.985e-05 inlet=7.002e-06 outlet=3.890e-06
SciPy L-BFGS-B 10500 | total=3.204e-03 f=2.804e-03 ic=1.515e-05 wall=6.956e-05 inlet=6.702e-06 outlet=3.940e-06
Saved PyTorch checkpoint to results/checkpoints/strict_reproduce_5090/latest_lbfgs.pt
SciPy L-BFGS-B 10600 | total=3.184e-03 f=2.788e-03 ic=1.523e-05 wall=6.889e-05 inlet=6.550e-06 outlet=3.611e-06
SciPy L-BFGS-B 10700 | total=3.165e-03 f=2.777e-03 ic=1.502e-05 wall=6.738e-05 inlet=6.516e-06 outlet=3.624e-06
SciPy L-BFGS-B 10800 | total=3.146e-03 f=2.764e-03 ic=1.511e-05 wall=6.596e-05 inlet=6.696e-06 outlet=3.474e-06
SciPy L-BFGS-B 10900 | total=3.127e-03 f=2.748e-03 ic=1.612e-05 wall=6.519e-05 inlet=6.655e-06 outlet=3.558e-06
SciPy L-BFGS-B 11000 | total=3.111e-03 f=2.735e-03 ic=1.566e-05 wall=6.434e-05 inlet=7.018e-06 outlet=3.465e-06
Saved PyTorch checkpoint to results/checkpoints/strict_reproduce_5090/latest_lbfgs.pt
SciPy L-BFGS-B 11100 | total=3.095e-03 f=2.724e-03 ic=1.565e-05 wall=6.345e-05 inlet=6.911e-06 outlet=3.226e-06
SciPy L-BFGS-B 11200 | total=3.080e-03 f=2.714e-03 ic=1.585e-05 wall=6.279e-05 inlet=6.534e-06 outlet=3.217e-06
SciPy L-BFGS-B 11300 | total=3.065e-03 f=2.698e-03 ic=1.621e-05 wall=6.326e-05 inlet=6.343e-06 outlet=3.031e-06
SciPy L-BFGS-B 11400 | total=3.050e-03 f=2.685e-03 ic=1.574e-05 wall=6.268e-05 inlet=6.527e-06 outlet=2.772e-06
SciPy L-BFGS-B 11500 | total=3.037e-03 f=2.678e-03 ic=1.458e-05 wall=6.200e-05 inlet=6.355e-06 outlet=2.917e-06
Saved PyTorch checkpoint to results/checkpoints/strict_reproduce_5090/latest_lbfgs.pt
SciPy L-BFGS-B 11600 | total=3.026e-03 f=2.668e-03 ic=1.469e-05 wall=6.174e-05 inlet=6.297e-06 outlet=2.897e-06
SciPy L-BFGS-B 11700 | total=3.011e-03 f=2.661e-03 ic=1.389e-05 wall=6.080e-05 inlet=6.053e-06 outlet=2.657e-06
SciPy L-BFGS-B 11800 | total=2.997e-03 f=2.654e-03 ic=1.365e-05 wall=5.945e-05 inlet=5.987e-06 outlet=2.473e-06
SciPy L-BFGS-B 11900 | total=2.984e-03 f=2.648e-03 ic=1.309e-05 wall=5.815e-05 inlet=6.033e-06 outlet=2.594e-06
SciPy L-BFGS-B 12000 | total=2.972e-03 f=2.634e-03 ic=1.318e-05 wall=5.807e-05 inlet=6.303e-06 outlet=2.541e-06
Saved PyTorch checkpoint to results/checkpoints/strict_reproduce_5090/latest_lbfgs.pt
SciPy L-BFGS-B 12100 | total=2.959e-03 f=2.624e-03 ic=1.291e-05 wall=5.803e-05 inlet=6.011e-06 outlet=2.647e-06
SciPy L-BFGS-B 12200 | total=2.947e-03 f=2.617e-03 ic=1.300e-05 wall=5.701e-05 inlet=5.946e-06 outlet=2.967e-06
SciPy L-BFGS-B 12300 | total=2.934e-03 f=2.607e-03 ic=1.322e-05 wall=5.627e-05 inlet=5.916e-06 outlet=2.674e-06
SciPy L-BFGS-B 12400 | total=2.922e-03 f=2.600e-03 ic=1.294e-05 wall=5.556e-05 inlet=5.678e-06 outlet=2.551e-06
SciPy L-BFGS-B 12500 | total=2.910e-03 f=2.590e-03 ic=1.342e-05 wall=5.519e-05 inlet=5.687e-06 outlet=2.465e-06
Saved PyTorch checkpoint to results/checkpoints/strict_reproduce_5090/latest_lbfgs.pt
SciPy L-BFGS-B 12600 | total=2.897e-03 f=2.580e-03 ic=1.273e-05 wall=5.472e-05 inlet=5.613e-06 outlet=2.411e-06
SciPy L-BFGS-B 12700 | total=2.885e-03 f=2.569e-03 ic=1.263e-05 wall=5.474e-05 inlet=5.359e-06 outlet=2.486e-06
SciPy L-BFGS-B 12800 | total=2.874e-03 f=2.559e-03 ic=1.270e-05 wall=5.424e-05 inlet=5.618e-06 outlet=2.324e-06
SciPy L-BFGS-B 12900 | total=2.862e-03 f=2.550e-03 ic=1.257e-05 wall=5.395e-05 inlet=5.658e-06 outlet=2.252e-06
SciPy L-BFGS-B 13000 | total=2.852e-03 f=2.546e-03 ic=1.262e-05 wall=5.285e-05 inlet=5.287e-06 outlet=2.256e-06
Saved PyTorch checkpoint to results/checkpoints/strict_reproduce_5090/latest_lbfgs.pt
SciPy L-BFGS-B 13100 | total=2.839e-03 f=2.534e-03 ic=1.235e-05 wall=5.273e-05 inlet=5.337e-06 outlet=2.317e-06
SciPy L-BFGS-B 13200 | total=2.828e-03 f=2.527e-03 ic=1.208e-05 wall=5.223e-05 inlet=5.106e-06 outlet=2.244e-06
SciPy L-BFGS-B 13300 | total=2.817e-03 f=2.521e-03 ic=1.217e-05 wall=5.109e-05 inlet=5.080e-06 outlet=2.208e-06
SciPy L-BFGS-B 13400 | total=2.806e-03 f=2.514e-03 ic=1.233e-05 wall=5.053e-05 inlet=5.048e-06 outlet=2.182e-06
SciPy L-BFGS-B 13500 | total=2.795e-03 f=2.507e-03 ic=1.173e-05 wall=4.965e-05 inlet=5.108e-06 outlet=2.192e-06
Saved PyTorch checkpoint to results/checkpoints/strict_reproduce_5090/latest_lbfgs.pt
SciPy L-BFGS-B 13600 | total=2.785e-03 f=2.502e-03 ic=1.107e-05 wall=4.879e-05 inlet=5.095e-06 outlet=2.159e-06
SciPy L-BFGS-B 13700 | total=2.774e-03 f=2.494e-03 ic=1.089e-05 wall=4.837e-05 inlet=4.992e-06 outlet=2.229e-06
SciPy L-BFGS-B 13800 | total=2.762e-03 f=2.484e-03 ic=1.049e-05 wall=4.811e-05 inlet=4.909e-06 outlet=2.316e-06
SciPy L-BFGS-B 13900 | total=2.750e-03 f=2.474e-03 ic=1.046e-05 wall=4.792e-05 inlet=4.752e-06 outlet=2.249e-06
SciPy L-BFGS-B 14000 | total=2.740e-03 f=2.465e-03 ic=1.020e-05 wall=4.760e-05 inlet=4.992e-06 outlet=2.329e-06
Saved PyTorch checkpoint to results/checkpoints/strict_reproduce_5090/latest_lbfgs.pt
SciPy L-BFGS-B 14100 | total=2.729e-03 f=2.457e-03 ic=1.066e-05 wall=4.711e-05 inlet=4.735e-06 outlet=2.431e-06
SciPy L-BFGS-B 14200 | total=2.719e-03 f=2.449e-03 ic=1.049e-05 wall=4.685e-05 inlet=4.679e-06 outlet=2.574e-06
SciPy L-BFGS-B 14300 | total=2.711e-03 f=2.443e-03 ic=1.042e-05 wall=4.654e-05 inlet=4.597e-06 outlet=2.307e-06
SciPy L-BFGS-B 14400 | total=2.702e-03 f=2.436e-03 ic=1.051e-05 wall=4.601e-05 inlet=4.678e-06 outlet=2.178e-06
SciPy L-BFGS-B 14500 | total=2.694e-03 f=2.430e-03 ic=1.052e-05 wall=4.554e-05 inlet=4.673e-06 outlet=2.256e-06
Saved PyTorch checkpoint to results/checkpoints/strict_reproduce_5090/latest_lbfgs.pt
SciPy L-BFGS-B 14600 | total=2.685e-03 f=2.421e-03 ic=1.057e-05 wall=4.558e-05 inlet=4.758e-06 outlet=2.328e-06
SciPy L-BFGS-B 14700 | total=2.677e-03 f=2.416e-03 ic=1.038e-05 wall=4.490e-05 inlet=4.755e-06 outlet=2.401e-06
SciPy L-BFGS-B 14800 | total=2.666e-03 f=2.410e-03 ic=1.045e-05 wall=4.398e-05 inlet=4.560e-06 outlet=2.560e-06
SciPy L-BFGS-B 14900 | total=2.656e-03 f=2.404e-03 ic=9.982e-06 wall=4.359e-05 inlet=4.384e-06 outlet=2.406e-06
SciPy L-BFGS-B 15000 | total=2.648e-03 f=2.397e-03 ic=9.781e-06 wall=4.323e-05 inlet=4.453e-06 outlet=2.403e-06
Saved PyTorch checkpoint to results/checkpoints/strict_reproduce_5090/latest_lbfgs.pt
SciPy L-BFGS-B 15100 | total=2.641e-03 f=2.390e-03 ic=9.751e-06 wall=4.345e-05 inlet=4.433e-06 outlet=2.387e-06
SciPy L-BFGS-B 15200 | total=2.634e-03 f=2.385e-03 ic=1.005e-05 wall=4.303e-05 inlet=4.359e-06 outlet=2.388e-06
SciPy L-BFGS-B 15300 | total=2.627e-03 f=2.378e-03 ic=1.005e-05 wall=4.278e-05 inlet=4.497e-06 outlet=2.211e-06
SciPy L-BFGS-B 15400 | total=2.620e-03 f=2.373e-03 ic=1.002e-05 wall=4.245e-05 inlet=4.399e-06 outlet=2.180e-06
SciPy L-BFGS-B 15500 | total=2.612e-03 f=2.366e-03 ic=1.029e-05 wall=4.249e-05 inlet=4.215e-06 outlet=2.225e-06
Saved PyTorch checkpoint to results/checkpoints/strict_reproduce_5090/latest_lbfgs.pt
SciPy L-BFGS-B 15600 | total=2.605e-03 f=2.360e-03 ic=1.024e-05 wall=4.223e-05 inlet=4.366e-06 outlet=2.303e-06
SciPy L-BFGS-B 15700 | total=2.599e-03 f=2.355e-03 ic=1.019e-05 wall=4.179e-05 inlet=4.393e-06 outlet=2.335e-06
SciPy L-BFGS-B 15800 | total=2.593e-03 f=2.349e-03 ic=1.042e-05 wall=4.181e-05 inlet=4.327e-06 outlet=2.210e-06
SciPy L-BFGS-B 15900 | total=2.585e-03 f=2.344e-03 ic=1.069e-05 wall=4.152e-05 inlet=4.245e-06 outlet=2.010e-06
SciPy L-BFGS-B 16000 | total=2.578e-03 f=2.335e-03 ic=1.058e-05 wall=4.197e-05 inlet=4.170e-06 outlet=1.930e-06
Saved PyTorch checkpoint to results/checkpoints/strict_reproduce_5090/latest_lbfgs.pt
SciPy L-BFGS-B 16100 | total=2.571e-03 f=2.331e-03 ic=1.083e-05 wall=4.134e-05 inlet=4.167e-06 outlet=2.002e-06
SciPy L-BFGS-B 16200 | total=2.565e-03 f=2.326e-03 ic=1.060e-05 wall=4.107e-05 inlet=4.127e-06 outlet=1.901e-06
SciPy L-BFGS-B 16300 | total=2.557e-03 f=2.320e-03 ic=1.035e-05 wall=4.084e-05 inlet=4.105e-06 outlet=1.870e-06
SciPy L-BFGS-B 16400 | total=2.550e-03 f=2.318e-03 ic=1.041e-05 wall=3.990e-05 inlet=3.999e-06 outlet=1.809e-06
SciPy L-BFGS-B 16500 | total=2.543e-03 f=2.313e-03 ic=1.017e-05 wall=3.952e-05 inlet=4.152e-06 outlet=1.782e-06
Saved PyTorch checkpoint to results/checkpoints/strict_reproduce_5090/latest_lbfgs.pt
SciPy L-BFGS-B 16600 | total=2.535e-03 f=2.309e-03 ic=1.027e-05 wall=3.871e-05 inlet=4.224e-06 outlet=1.851e-06
SciPy L-BFGS-B 16700 | total=2.528e-03 f=2.299e-03 ic=1.016e-05 wall=3.929e-05 inlet=4.273e-06 outlet=1.719e-06
SciPy L-BFGS-B 16800 | total=2.521e-03 f=2.297e-03 ic=9.714e-06 wall=3.830e-05 inlet=4.215e-06 outlet=1.753e-06
SciPy L-BFGS-B 16900 | total=2.515e-03 f=2.291e-03 ic=9.522e-06 wall=3.831e-05 inlet=4.061e-06 outlet=1.729e-06
SciPy L-BFGS-B 17000 | total=2.508e-03 f=2.287e-03 ic=9.320e-06 wall=3.777e-05 inlet=4.160e-06 outlet=1.659e-06
Saved PyTorch checkpoint to results/checkpoints/strict_reproduce_5090/latest_lbfgs.pt
SciPy L-BFGS-B 17100 | total=2.501e-03 f=2.282e-03 ic=9.396e-06 wall=3.750e-05 inlet=4.053e-06 outlet=1.622e-06
SciPy L-BFGS-B 17200 | total=2.494e-03 f=2.278e-03 ic=9.386e-06 wall=3.699e-05 inlet=4.078e-06 outlet=1.505e-06
SciPy L-BFGS-B 17300 | total=2.488e-03 f=2.274e-03 ic=9.202e-06 wall=3.649e-05 inlet=4.178e-06 outlet=1.448e-06
SciPy L-BFGS-B 17400 | total=2.481e-03 f=2.270e-03 ic=9.385e-06 wall=3.591e-05 inlet=4.026e-06 outlet=1.472e-06
SciPy L-BFGS-B 17500 | total=2.473e-03 f=2.264e-03 ic=9.329e-06 wall=3.555e-05 inlet=4.145e-06 outlet=1.396e-06
Saved PyTorch checkpoint to results/checkpoints/strict_reproduce_5090/latest_lbfgs.pt
SciPy L-BFGS-B 17600 | total=2.467e-03 f=2.257e-03 ic=9.165e-06 wall=3.567e-05 inlet=4.168e-06 outlet=1.424e-06
SciPy L-BFGS-B 17700 | total=2.461e-03 f=2.255e-03 ic=8.946e-06 wall=3.511e-05 inlet=3.997e-06 outlet=1.529e-06
SciPy L-BFGS-B 17800 | total=2.453e-03 f=2.249e-03 ic=9.028e-06 wall=3.478e-05 inlet=3.872e-06 outlet=1.640e-06
SciPy L-BFGS-B 17900 | total=2.444e-03 f=2.239e-03 ic=8.933e-06 wall=3.504e-05 inlet=3.857e-06 outlet=1.774e-06
SciPy L-BFGS-B 18000 | total=2.437e-03 f=2.233e-03 ic=8.651e-06 wall=3.476e-05 inlet=3.868e-06 outlet=1.777e-06
Saved PyTorch checkpoint to results/checkpoints/strict_reproduce_5090/latest_lbfgs.pt
SciPy L-BFGS-B 18100 | total=2.429e-03 f=2.230e-03 ic=8.745e-06 wall=3.399e-05 inlet=3.841e-06 outlet=1.754e-06
SciPy L-BFGS-B 18200 | total=2.423e-03 f=2.227e-03 ic=8.741e-06 wall=3.349e-05 inlet=3.755e-06 outlet=1.633e-06
SciPy L-BFGS-B 18300 | total=2.416e-03 f=2.220e-03 ic=8.875e-06 wall=3.332e-05 inlet=3.869e-06 outlet=1.639e-06
SciPy L-BFGS-B 18400 | total=2.409e-03 f=2.214e-03 ic=9.078e-06 wall=3.298e-05 inlet=3.912e-06 outlet=1.648e-06
SciPy L-BFGS-B 18500 | total=2.402e-03 f=2.209e-03 ic=9.041e-06 wall=3.274e-05 inlet=3.847e-06 outlet=1.686e-06
Saved PyTorch checkpoint to results/checkpoints/strict_reproduce_5090/latest_lbfgs.pt
SciPy L-BFGS-B 18600 | total=2.394e-03 f=2.202e-03 ic=9.171e-06 wall=3.256e-05 inlet=3.652e-06 outlet=1.763e-06
SciPy L-BFGS-B 18700 | total=2.387e-03 f=2.197e-03 ic=8.967e-06 wall=3.213e-05 inlet=3.720e-06 outlet=1.821e-06
SciPy L-BFGS-B 18800 | total=2.381e-03 f=2.191e-03 ic=8.910e-06 wall=3.208e-05 inlet=3.655e-06 outlet=1.803e-06
SciPy L-BFGS-B 18900 | total=2.373e-03 f=2.185e-03 ic=8.794e-06 wall=3.194e-05 inlet=3.549e-06 outlet=1.851e-06
SciPy L-BFGS-B 19000 | total=2.366e-03 f=2.179e-03 ic=9.030e-06 wall=3.162e-05 inlet=3.623e-06 outlet=1.880e-06
Saved PyTorch checkpoint to results/checkpoints/strict_reproduce_5090/latest_lbfgs.pt
SciPy L-BFGS-B 19100 | total=2.358e-03 f=2.173e-03 ic=8.825e-06 wall=3.148e-05 inlet=3.445e-06 outlet=1.871e-06
SciPy L-BFGS-B 19200 | total=2.351e-03 f=2.165e-03 ic=8.844e-06 wall=3.133e-05 inlet=3.586e-06 outlet=1.888e-06
SciPy L-BFGS-B 19300 | total=2.343e-03 f=2.155e-03 ic=8.836e-06 wall=3.175e-05 inlet=3.635e-06 outlet=2.168e-06
SciPy L-BFGS-B 19400 | total=2.333e-03 f=2.145e-03 ic=9.215e-06 wall=3.185e-05 inlet=3.578e-06 outlet=2.337e-06
SciPy L-BFGS-B 19500 | total=2.324e-03 f=2.138e-03 ic=9.215e-06 wall=3.133e-05 inlet=3.574e-06 outlet=2.293e-06
Saved PyTorch checkpoint to results/checkpoints/strict_reproduce_5090/latest_lbfgs.pt
SciPy L-BFGS-B 19600 | total=2.315e-03 f=2.130e-03 ic=9.311e-06 wall=3.087e-05 inlet=3.678e-06 outlet=2.326e-06
SciPy L-BFGS-B 19700 | total=2.304e-03 f=2.117e-03 ic=9.838e-06 wall=3.137e-05 inlet=3.601e-06 outlet=2.345e-06
SciPy L-BFGS-B 19800 | total=2.295e-03 f=2.109e-03 ic=9.871e-06 wall=3.112e-05 inlet=3.642e-06 outlet=2.245e-06
SciPy L-BFGS-B 19900 | total=2.283e-03 f=2.102e-03 ic=9.475e-06 wall=3.031e-05 inlet=3.560e-06 outlet=1.993e-06
SciPy L-BFGS-B 20000 | total=2.273e-03 f=2.097e-03 ic=9.775e-06 wall=2.935e-05 inlet=3.375e-06 outlet=1.977e-06
Saved PyTorch checkpoint to results/checkpoints/strict_reproduce_5090/latest_lbfgs.pt
SciPy L-BFGS-B 20100 | total=2.261e-03 f=2.089e-03 ic=9.816e-06 wall=2.901e-05 inlet=3.155e-06 outlet=1.955e-06
SciPy L-BFGS-B 20200 | total=2.248e-03 f=2.074e-03 ic=1.010e-05 wall=2.933e-05 inlet=3.240e-06 outlet=1.872e-06
SciPy L-BFGS-B 20300 | total=2.237e-03 f=2.061e-03 ic=1.028e-05 wall=2.942e-05 inlet=3.336e-06 outlet=1.687e-06
SciPy L-BFGS-B 20400 | total=2.224e-03 f=2.047e-03 ic=1.097e-05 wall=2.942e-05 inlet=3.336e-06 outlet=1.592e-06
SciPy L-BFGS-B 20500 | total=2.211e-03 f=2.038e-03 ic=1.114e-05 wall=2.856e-05 inlet=3.344e-06 outlet=1.506e-06
Saved PyTorch checkpoint to results/checkpoints/strict_reproduce_5090/latest_lbfgs.pt
SciPy L-BFGS-B 20600 | total=2.197e-03 f=2.026e-03 ic=1.057e-05 wall=2.834e-05 inlet=3.392e-06 outlet=1.462e-06
SciPy L-BFGS-B 20700 | total=2.182e-03 f=2.010e-03 ic=1.062e-05 wall=2.827e-05 inlet=3.536e-06 outlet=1.592e-06
SciPy L-BFGS-B 20800 | total=2.167e-03 f=1.994e-03 ic=1.100e-05 wall=2.834e-05 inlet=3.717e-06 outlet=1.619e-06
SciPy L-BFGS-B 20900 | total=2.148e-03 f=1.972e-03 ic=1.060e-05 wall=2.902e-05 inlet=3.689e-06 outlet=1.721e-06
SciPy L-BFGS-B 21000 | total=2.129e-03 f=1.955e-03 ic=1.045e-05 wall=2.850e-05 inlet=3.870e-06 outlet=1.552e-06
Saved PyTorch checkpoint to results/checkpoints/strict_reproduce_5090/latest_lbfgs.pt
SciPy L-BFGS-B 21100 | total=2.109e-03 f=1.937e-03 ic=1.055e-05 wall=2.790e-05 inlet=4.132e-06 outlet=1.477e-06
SciPy L-BFGS-B 21200 | total=2.089e-03 f=1.921e-03 ic=1.054e-05 wall=2.739e-05 inlet=3.883e-06 outlet=1.489e-06
SciPy L-BFGS-B 21300 | total=2.071e-03 f=1.906e-03 ic=1.080e-05 wall=2.679e-05 inlet=3.760e-06 outlet=1.478e-06
SciPy L-BFGS-B 21400 | total=2.052e-03 f=1.886e-03 ic=1.110e-05 wall=2.688e-05 inlet=3.830e-06 outlet=1.756e-06
SciPy L-BFGS-B 21500 | total=2.032e-03 f=1.863e-03 ic=1.115e-05 wall=2.697e-05 inlet=4.278e-06 outlet=1.753e-06
Saved PyTorch checkpoint to results/checkpoints/strict_reproduce_5090/latest_lbfgs.pt
SciPy L-BFGS-B 21600 | total=2.011e-03 f=1.843e-03 ic=1.095e-05 wall=2.720e-05 inlet=3.949e-06 outlet=1.779e-06
SciPy L-BFGS-B 21700 | total=1.993e-03 f=1.825e-03 ic=1.117e-05 wall=2.693e-05 inlet=4.018e-06 outlet=1.694e-06
SciPy L-BFGS-B 21800 | total=1.973e-03 f=1.804e-03 ic=1.151e-05 wall=2.728e-05 inlet=4.014e-06 outlet=1.683e-06
SciPy L-BFGS-B 21900 | total=1.951e-03 f=1.789e-03 ic=1.127e-05 wall=2.588e-05 inlet=4.109e-06 outlet=1.612e-06
SciPy L-BFGS-B 22000 | total=1.930e-03 f=1.768e-03 ic=1.069e-05 wall=2.591e-05 inlet=3.955e-06 outlet=1.713e-06
Saved PyTorch checkpoint to results/checkpoints/strict_reproduce_5090/latest_lbfgs.pt
SciPy L-BFGS-B 22100 | total=1.910e-03 f=1.753e-03 ic=1.075e-05 wall=2.495e-05 inlet=3.955e-06 outlet=1.643e-06
SciPy L-BFGS-B 22200 | total=1.890e-03 f=1.734e-03 ic=1.046e-05 wall=2.478e-05 inlet=4.074e-06 outlet=1.572e-06
SciPy L-BFGS-B 22300 | total=1.869e-03 f=1.716e-03 ic=1.085e-05 wall=2.414e-05 inlet=3.991e-06 outlet=1.455e-06
SciPy L-BFGS-B 22400 | total=1.850e-03 f=1.692e-03 ic=1.090e-05 wall=2.479e-05 inlet=4.320e-06 outlet=1.505e-06
SciPy L-BFGS-B 22500 | total=1.831e-03 f=1.678e-03 ic=1.038e-05 wall=2.393e-05 inlet=4.304e-06 outlet=1.639e-06
Saved PyTorch checkpoint to results/checkpoints/strict_reproduce_5090/latest_lbfgs.pt
SciPy L-BFGS-B 22600 | total=1.812e-03 f=1.660e-03 ic=9.826e-06 wall=2.389e-05 inlet=4.192e-06 outlet=1.352e-06
SciPy L-BFGS-B 22700 | total=1.793e-03 f=1.643e-03 ic=1.019e-05 wall=2.383e-05 inlet=3.837e-06 outlet=1.356e-06
SciPy L-BFGS-B 22800 | total=1.775e-03 f=1.627e-03 ic=1.008e-05 wall=2.362e-05 inlet=3.707e-06 outlet=1.299e-06
SciPy L-BFGS-B 22900 | total=1.758e-03 f=1.608e-03 ic=9.824e-06 wall=2.379e-05 inlet=3.790e-06 outlet=1.548e-06
SciPy L-BFGS-B 23000 | total=1.737e-03 f=1.587e-03 ic=9.396e-06 wall=2.406e-05 inlet=3.793e-06 outlet=1.580e-06
Saved PyTorch checkpoint to results/checkpoints/strict_reproduce_5090/latest_lbfgs.pt
SciPy L-BFGS-B 23100 | total=1.718e-03 f=1.568e-03 ic=9.944e-06 wall=2.384e-05 inlet=3.839e-06 outlet=1.198e-06
SciPy L-BFGS-B 23200 | total=1.700e-03 f=1.556e-03 ic=9.563e-06 wall=2.294e-05 inlet=3.685e-06 outlet=1.177e-06
SciPy L-BFGS-B 23300 | total=1.680e-03 f=1.537e-03 ic=9.500e-06 wall=2.276e-05 inlet=3.724e-06 outlet=1.062e-06
SciPy L-BFGS-B 23400 | total=1.661e-03 f=1.518e-03 ic=9.658e-06 wall=2.266e-05 inlet=3.762e-06 outlet=1.065e-06
SciPy L-BFGS-B 23500 | total=1.642e-03 f=1.501e-03 ic=9.265e-06 wall=2.261e-05 inlet=3.637e-06 outlet=1.237e-06
Saved PyTorch checkpoint to results/checkpoints/strict_reproduce_5090/latest_lbfgs.pt
SciPy L-BFGS-B 23600 | total=1.625e-03 f=1.487e-03 ic=8.959e-06 wall=2.196e-05 inlet=3.678e-06 outlet=1.184e-06
SciPy L-BFGS-B 23700 | total=1.608e-03 f=1.474e-03 ic=9.122e-06 wall=2.122e-05 inlet=3.672e-06 outlet=1.273e-06
SciPy L-BFGS-B 23800 | total=1.592e-03 f=1.458e-03 ic=9.235e-06 wall=2.075e-05 inlet=3.880e-06 outlet=1.038e-06
SciPy L-BFGS-B 23900 | total=1.574e-03 f=1.442e-03 ic=9.800e-06 wall=2.041e-05 inlet=3.848e-06 outlet=1.076e-06
SciPy L-BFGS-B 24000 | total=1.556e-03 f=1.424e-03 ic=1.013e-05 wall=2.015e-05 inlet=3.960e-06 outlet=1.088e-06
Saved PyTorch checkpoint to results/checkpoints/strict_reproduce_5090/latest_lbfgs.pt
SciPy L-BFGS-B 24100 | total=1.539e-03 f=1.409e-03 ic=1.006e-05 wall=1.991e-05 inlet=3.947e-06 outlet=1.206e-06
SciPy L-BFGS-B 24200 | total=1.525e-03 f=1.394e-03 ic=9.687e-06 wall=1.990e-05 inlet=3.986e-06 outlet=1.295e-06
SciPy L-BFGS-B 24300 | total=1.512e-03 f=1.383e-03 ic=9.789e-06 wall=1.962e-05 inlet=3.911e-06 outlet=1.481e-06
SciPy L-BFGS-B 24400 | total=1.499e-03 f=1.374e-03 ic=9.722e-06 wall=1.910e-05 inlet=3.774e-06 outlet=1.649e-06
SciPy L-BFGS-B 24500 | total=1.485e-03 f=1.362e-03 ic=9.876e-06 wall=1.868e-05 inlet=3.809e-06 outlet=1.570e-06
Saved PyTorch checkpoint to results/checkpoints/strict_reproduce_5090/latest_lbfgs.pt
SciPy L-BFGS-B 24600 | total=1.471e-03 f=1.350e-03 ic=9.906e-06 wall=1.827e-05 inlet=3.566e-06 outlet=1.691e-06
SciPy L-BFGS-B 24700 | total=1.458e-03 f=1.337e-03 ic=9.900e-06 wall=1.838e-05 inlet=3.469e-06 outlet=1.841e-06
SciPy L-BFGS-B 24800 | total=1.445e-03 f=1.324e-03 ic=9.684e-06 wall=1.864e-05 inlet=3.309e-06 outlet=2.005e-06
SciPy L-BFGS-B 24900 | total=1.432e-03 f=1.310e-03 ic=8.992e-06 wall=1.889e-05 inlet=3.190e-06 outlet=2.074e-06
SciPy L-BFGS-B 25000 | total=1.419e-03 f=1.300e-03 ic=8.793e-06 wall=1.834e-05 inlet=3.281e-06 outlet=2.056e-06
Saved PyTorch checkpoint to results/checkpoints/strict_reproduce_5090/latest_lbfgs.pt
SciPy L-BFGS-B 25100 | total=1.405e-03 f=1.289e-03 ic=8.619e-06 wall=1.786e-05 inlet=3.233e-06 outlet=2.019e-06
SciPy L-BFGS-B 25200 | total=1.393e-03 f=1.277e-03 ic=8.466e-06 wall=1.770e-05 inlet=3.395e-06 outlet=2.082e-06
SciPy L-BFGS-B 25300 | total=1.382e-03 f=1.266e-03 ic=8.380e-06 wall=1.783e-05 inlet=3.433e-06 outlet=2.029e-06
SciPy L-BFGS-B 25400 | total=1.371e-03 f=1.257e-03 ic=8.582e-06 wall=1.753e-05 inlet=3.397e-06 outlet=1.468e-06
SciPy L-BFGS-B 25500 | total=1.360e-03 f=1.248e-03 ic=8.652e-06 wall=1.721e-05 inlet=3.120e-06 outlet=1.526e-06
Saved PyTorch checkpoint to results/checkpoints/strict_reproduce_5090/latest_lbfgs.pt
SciPy L-BFGS-B 25600 | total=1.348e-03 f=1.239e-03 ic=8.176e-06 wall=1.681e-05 inlet=3.133e-06 outlet=1.553e-06
SciPy L-BFGS-B 25700 | total=1.334e-03 f=1.230e-03 ic=7.497e-06 wall=1.619e-05 inlet=2.950e-06 outlet=1.711e-06
SciPy L-BFGS-B 25800 | total=1.322e-03 f=1.218e-03 ic=7.128e-06 wall=1.587e-05 inlet=3.100e-06 outlet=1.644e-06
SciPy L-BFGS-B 25900 | total=1.309e-03 f=1.206e-03 ic=7.237e-06 wall=1.580e-05 inlet=2.971e-06 outlet=1.664e-06
SciPy L-BFGS-B 26000 | total=1.296e-03 f=1.194e-03 ic=7.031e-06 wall=1.579e-05 inlet=2.794e-06 outlet=1.655e-06
Saved PyTorch checkpoint to results/checkpoints/strict_reproduce_5090/latest_lbfgs.pt
SciPy L-BFGS-B 26100 | total=1.284e-03 f=1.184e-03 ic=7.335e-06 wall=1.549e-05 inlet=2.638e-06 outlet=1.767e-06
SciPy L-BFGS-B 26200 | total=1.272e-03 f=1.176e-03 ic=7.169e-06 wall=1.501e-05 inlet=2.493e-06 outlet=1.877e-06
SciPy L-BFGS-B 26300 | total=1.261e-03 f=1.166e-03 ic=7.045e-06 wall=1.456e-05 inlet=2.536e-06 outlet=2.071e-06
SciPy L-BFGS-B 26400 | total=1.250e-03 f=1.154e-03 ic=7.287e-06 wall=1.482e-05 inlet=2.400e-06 outlet=2.043e-06
SciPy L-BFGS-B 26500 | total=1.238e-03 f=1.142e-03 ic=7.365e-06 wall=1.461e-05 inlet=2.702e-06 outlet=1.814e-06
Saved PyTorch checkpoint to results/checkpoints/strict_reproduce_5090/latest_lbfgs.pt
SciPy L-BFGS-B 26600 | total=1.228e-03 f=1.132e-03 ic=7.297e-06 wall=1.464e-05 inlet=2.688e-06 outlet=1.808e-06
SciPy L-BFGS-B 26700 | total=1.217e-03 f=1.123e-03 ic=7.519e-06 wall=1.455e-05 inlet=2.477e-06 outlet=1.783e-06
SciPy L-BFGS-B 26800 | total=1.206e-03 f=1.112e-03 ic=7.560e-06 wall=1.439e-05 inlet=2.590e-06 outlet=1.827e-06
SciPy L-BFGS-B 26900 | total=1.194e-03 f=1.102e-03 ic=7.620e-06 wall=1.408e-05 inlet=2.520e-06 outlet=1.794e-06
SciPy L-BFGS-B 27000 | total=1.183e-03 f=1.093e-03 ic=7.777e-06 wall=1.369e-05 inlet=2.489e-06 outlet=1.676e-06
Saved PyTorch checkpoint to results/checkpoints/strict_reproduce_5090/latest_lbfgs.pt
SciPy L-BFGS-B 27100 | total=1.173e-03 f=1.082e-03 ic=7.769e-06 wall=1.391e-05 inlet=2.522e-06 outlet=1.500e-06
SciPy L-BFGS-B 27200 | total=1.162e-03 f=1.073e-03 ic=7.738e-06 wall=1.357e-05 inlet=2.431e-06 outlet=1.494e-06
SciPy L-BFGS-B 27300 | total=1.153e-03 f=1.064e-03 ic=7.579e-06 wall=1.342e-05 inlet=2.505e-06 outlet=1.529e-06
SciPy L-BFGS-B 27400 | total=1.144e-03 f=1.054e-03 ic=7.526e-06 wall=1.349e-05 inlet=2.625e-06 outlet=1.478e-06
SciPy L-BFGS-B 27500 | total=1.134e-03 f=1.044e-03 ic=7.368e-06 wall=1.371e-05 inlet=2.546e-06 outlet=1.544e-06
Saved PyTorch checkpoint to results/checkpoints/strict_reproduce_5090/latest_lbfgs.pt
SciPy L-BFGS-B 27600 | total=1.126e-03 f=1.034e-03 ic=7.492e-06 wall=1.393e-05 inlet=2.564e-06 outlet=1.421e-06
SciPy L-BFGS-B 27700 | total=1.116e-03 f=1.023e-03 ic=7.438e-06 wall=1.418e-05 inlet=2.598e-06 outlet=1.304e-06
SciPy L-BFGS-B 27800 | total=1.107e-03 f=1.015e-03 ic=7.374e-06 wall=1.405e-05 inlet=2.423e-06 outlet=1.413e-06
SciPy L-BFGS-B 27900 | total=1.098e-03 f=1.006e-03 ic=7.303e-06 wall=1.414e-05 inlet=2.452e-06 outlet=1.408e-06
SciPy L-BFGS-B 28000 | total=1.089e-03 f=9.967e-04 ic=7.218e-06 wall=1.407e-05 inlet=2.572e-06 outlet=1.473e-06
Saved PyTorch checkpoint to results/checkpoints/strict_reproduce_5090/latest_lbfgs.pt
SciPy L-BFGS-B 28100 | total=1.080e-03 f=9.873e-04 ic=7.415e-06 wall=1.395e-05 inlet=2.764e-06 outlet=1.384e-06
SciPy L-BFGS-B 28200 | total=1.071e-03 f=9.771e-04 ic=7.677e-06 wall=1.418e-05 inlet=2.863e-06 outlet=1.415e-06
SciPy L-BFGS-B 28300 | total=1.063e-03 f=9.698e-04 ic=7.907e-06 wall=1.425e-05 inlet=2.631e-06 outlet=1.354e-06
SciPy L-BFGS-B 28400 | total=1.056e-03 f=9.624e-04 ic=7.740e-06 wall=1.403e-05 inlet=2.784e-06 outlet=1.416e-06
SciPy L-BFGS-B 28500 | total=1.047e-03 f=9.538e-04 ic=7.438e-06 wall=1.408e-05 inlet=2.707e-06 outlet=1.476e-06
Saved PyTorch checkpoint to results/checkpoints/strict_reproduce_5090/latest_lbfgs.pt
SciPy L-BFGS-B 28600 | total=1.038e-03 f=9.441e-04 ic=7.559e-06 wall=1.417e-05 inlet=2.717e-06 outlet=1.414e-06
SciPy L-BFGS-B 28700 | total=1.028e-03 f=9.340e-04 ic=8.002e-06 wall=1.413e-05 inlet=2.835e-06 outlet=1.607e-06
SciPy L-BFGS-B 28800 | total=1.020e-03 f=9.264e-04 ic=8.168e-06 wall=1.407e-05 inlet=2.773e-06 outlet=1.617e-06
SciPy L-BFGS-B 28900 | total=1.013e-03 f=9.178e-04 ic=8.344e-06 wall=1.420e-05 inlet=2.798e-06 outlet=1.637e-06
SciPy L-BFGS-B 29000 | total=1.006e-03 f=9.130e-04 ic=7.813e-06 wall=1.377e-05 inlet=2.841e-06 outlet=1.602e-06
Saved PyTorch checkpoint to results/checkpoints/strict_reproduce_5090/latest_lbfgs.pt
SciPy L-BFGS-B 29100 | total=9.983e-04 f=9.072e-04 ic=7.322e-06 wall=1.357e-05 inlet=2.860e-06 outlet=1.650e-06
SciPy L-BFGS-B 29200 | total=9.909e-04 f=9.006e-04 ic=7.365e-06 wall=1.345e-05 inlet=2.807e-06 outlet=1.675e-06
SciPy L-BFGS-B 29300 | total=9.839e-04 f=8.944e-04 ic=7.184e-06 wall=1.327e-05 inlet=2.858e-06 outlet=1.629e-06
SciPy L-BFGS-B 29400 | total=9.766e-04 f=8.869e-04 ic=7.060e-06 wall=1.339e-05 inlet=2.807e-06 outlet=1.636e-06
SciPy L-BFGS-B 29500 | total=9.699e-04 f=8.798e-04 ic=7.089e-06 wall=1.346e-05 inlet=2.832e-06 outlet=1.562e-06
Saved PyTorch checkpoint to results/checkpoints/strict_reproduce_5090/latest_lbfgs.pt
SciPy L-BFGS-B 29600 | total=9.624e-04 f=8.733e-04 ic=7.051e-06 wall=1.335e-05 inlet=2.740e-06 outlet=1.519e-06
SciPy L-BFGS-B 29700 | total=9.545e-04 f=8.663e-04 ic=7.037e-06 wall=1.319e-05 inlet=2.745e-06 outlet=1.512e-06
SciPy L-BFGS-B 29800 | total=9.472e-04 f=8.600e-04 ic=6.834e-06 wall=1.303e-05 inlet=2.756e-06 outlet=1.394e-06
SciPy L-BFGS-B 29900 | total=9.390e-04 f=8.516e-04 ic=6.840e-06 wall=1.306e-05 inlet=2.756e-06 outlet=1.476e-06
SciPy L-BFGS-B 30000 | total=9.317e-04 f=8.432e-04 ic=7.069e-06 wall=1.315e-05 inlet=2.842e-06 outlet=1.478e-06
Saved PyTorch checkpoint to results/checkpoints/strict_reproduce_5090/latest_lbfgs.pt
SciPy L-BFGS-B 30100 | total=9.245e-04 f=8.360e-04 ic=6.859e-06 wall=1.319e-05 inlet=2.847e-06 outlet=1.463e-06
SciPy L-BFGS-B 30200 | total=9.173e-04 f=8.301e-04 ic=7.195e-06 wall=1.296e-05 inlet=2.755e-06 outlet=1.489e-06
SciPy L-BFGS-B 30300 | total=9.104e-04 f=8.236e-04 ic=6.889e-06 wall=1.297e-05 inlet=2.695e-06 outlet=1.519e-06
SciPy L-BFGS-B 30400 | total=9.034e-04 f=8.177e-04 ic=7.005e-06 wall=1.285e-05 inlet=2.566e-06 outlet=1.585e-06
SciPy L-BFGS-B 30500 | total=8.964e-04 f=8.108e-04 ic=7.328e-06 wall=1.273e-05 inlet=2.632e-06 outlet=1.529e-06
Saved PyTorch checkpoint to results/checkpoints/strict_reproduce_5090/latest_lbfgs.pt
SciPy L-BFGS-B 30600 | total=8.898e-04 f=8.046e-04 ic=7.331e-06 wall=1.263e-05 inlet=2.631e-06 outlet=1.510e-06
SciPy L-BFGS-B 30700 | total=8.836e-04 f=7.991e-04 ic=7.515e-06 wall=1.255e-05 inlet=2.542e-06 outlet=1.519e-06
SciPy L-BFGS-B 30800 | total=8.767e-04 f=7.924e-04 ic=7.505e-06 wall=1.248e-05 inlet=2.602e-06 outlet=1.481e-06
SciPy L-BFGS-B 30900 | total=8.701e-04 f=7.869e-04 ic=7.810e-06 wall=1.235e-05 inlet=2.417e-06 outlet=1.476e-06
SciPy L-BFGS-B 31000 | total=8.637e-04 f=7.805e-04 ic=7.890e-06 wall=1.234e-05 inlet=2.415e-06 outlet=1.548e-06
Saved PyTorch checkpoint to results/checkpoints/strict_reproduce_5090/latest_lbfgs.pt
SciPy L-BFGS-B 31100 | total=8.575e-04 f=7.747e-04 ic=7.804e-06 wall=1.230e-05 inlet=2.377e-06 outlet=1.642e-06
SciPy L-BFGS-B 31200 | total=8.515e-04 f=7.689e-04 ic=7.850e-06 wall=1.235e-05 inlet=2.262e-06 outlet=1.671e-06
SciPy L-BFGS-B 31300 | total=8.447e-04 f=7.631e-04 ic=7.718e-06 wall=1.220e-05 inlet=2.244e-06 outlet=1.680e-06
SciPy L-BFGS-B 31400 | total=8.378e-04 f=7.577e-04 ic=7.648e-06 wall=1.196e-05 inlet=2.199e-06 outlet=1.642e-06
SciPy L-BFGS-B 31500 | total=8.319e-04 f=7.513e-04 ic=7.536e-06 wall=1.199e-05 inlet=2.294e-06 outlet=1.642e-06
Saved PyTorch checkpoint to results/checkpoints/strict_reproduce_5090/latest_lbfgs.pt
SciPy L-BFGS-B 31600 | total=8.263e-04 f=7.456e-04 ic=7.697e-06 wall=1.206e-05 inlet=2.206e-06 outlet=1.583e-06
SciPy L-BFGS-B 31700 | total=8.213e-04 f=7.415e-04 ic=7.766e-06 wall=1.193e-05 inlet=2.176e-06 outlet=1.506e-06
SciPy L-BFGS-B 31800 | total=8.162e-04 f=7.370e-04 ic=7.723e-06 wall=1.177e-05 inlet=2.222e-06 outlet=1.463e-06
SciPy L-BFGS-B 31900 | total=8.105e-04 f=7.319e-04 ic=7.594e-06 wall=1.178e-05 inlet=2.139e-06 outlet=1.433e-06
SciPy L-BFGS-B 32000 | total=8.051e-04 f=7.274e-04 ic=7.625e-06 wall=1.168e-05 inlet=2.038e-06 outlet=1.457e-06
Saved PyTorch checkpoint to results/checkpoints/strict_reproduce_5090/latest_lbfgs.pt
SciPy L-BFGS-B 32100 | total=7.999e-04 f=7.221e-04 ic=7.658e-06 wall=1.165e-05 inlet=2.063e-06 outlet=1.563e-06
SciPy L-BFGS-B 32200 | total=7.943e-04 f=7.158e-04 ic=7.756e-06 wall=1.162e-05 inlet=2.200e-06 outlet=1.614e-06
SciPy L-BFGS-B 32300 | total=7.881e-04 f=7.101e-04 ic=7.757e-06 wall=1.150e-05 inlet=2.232e-06 outlet=1.561e-06
SciPy L-BFGS-B 32400 | total=7.822e-04 f=7.045e-04 ic=7.950e-06 wall=1.139e-05 inlet=2.252e-06 outlet=1.578e-06
SciPy L-BFGS-B 32500 | total=7.773e-04 f=6.993e-04 ic=7.921e-06 wall=1.146e-05 inlet=2.262e-06 outlet=1.474e-06
Saved PyTorch checkpoint to results/checkpoints/strict_reproduce_5090/latest_lbfgs.pt
SciPy L-BFGS-B 32600 | total=7.723e-04 f=6.949e-04 ic=8.025e-06 wall=1.134e-05 inlet=2.264e-06 outlet=1.360e-06
SciPy L-BFGS-B 32700 | total=7.665e-04 f=6.891e-04 ic=7.818e-06 wall=1.132e-05 inlet=2.335e-06 outlet=1.362e-06
SciPy L-BFGS-B 32800 | total=7.611e-04 f=6.842e-04 ic=7.846e-06 wall=1.130e-05 inlet=2.276e-06 outlet=1.230e-06
SciPy L-BFGS-B 32900 | total=7.562e-04 f=6.789e-04 ic=7.901e-06 wall=1.134e-05 inlet=2.287e-06 outlet=1.219e-06
SciPy L-BFGS-B 33000 | total=7.515e-04 f=6.753e-04 ic=8.084e-06 wall=1.120e-05 inlet=2.206e-06 outlet=1.138e-06
Saved PyTorch checkpoint to results/checkpoints/strict_reproduce_5090/latest_lbfgs.pt
SciPy L-BFGS-B 33100 | total=7.471e-04 f=6.707e-04 ic=8.141e-06 wall=1.118e-05 inlet=2.232e-06 outlet=1.108e-06
SciPy L-BFGS-B 33200 | total=7.430e-04 f=6.664e-04 ic=8.280e-06 wall=1.112e-05 inlet=2.303e-06 outlet=1.159e-06
SciPy L-BFGS-B 33300 | total=7.386e-04 f=6.631e-04 ic=8.308e-06 wall=1.098e-05 inlet=2.207e-06 outlet=1.165e-06
SciPy L-BFGS-B 33400 | total=7.336e-04 f=6.585e-04 ic=8.186e-06 wall=1.089e-05 inlet=2.251e-06 outlet=1.237e-06
SciPy L-BFGS-B 33500 | total=7.285e-04 f=6.547e-04 ic=7.918e-06 wall=1.077e-05 inlet=2.160e-06 outlet=1.264e-06
Saved PyTorch checkpoint to results/checkpoints/strict_reproduce_5090/latest_lbfgs.pt
SciPy L-BFGS-B 33600 | total=7.240e-04 f=6.507e-04 ic=8.067e-06 wall=1.060e-05 inlet=2.206e-06 outlet=1.222e-06
SciPy L-BFGS-B 33700 | total=7.190e-04 f=6.458e-04 ic=8.030e-06 wall=1.062e-05 inlet=2.178e-06 outlet=1.197e-06
SciPy L-BFGS-B 33800 | total=7.144e-04 f=6.412e-04 ic=8.057e-06 wall=1.065e-05 inlet=2.143e-06 outlet=1.161e-06
SciPy L-BFGS-B 33900 | total=7.094e-04 f=6.368e-04 ic=8.102e-06 wall=1.054e-05 inlet=2.133e-06 outlet=1.155e-06
SciPy L-BFGS-B 34000 | total=7.049e-04 f=6.325e-04 ic=8.240e-06 wall=1.045e-05 inlet=2.173e-06 outlet=1.049e-06
Saved PyTorch checkpoint to results/checkpoints/strict_reproduce_5090/latest_lbfgs.pt
SciPy L-BFGS-B 34100 | total=7.001e-04 f=6.275e-04 ic=8.112e-06 wall=1.052e-05 inlet=2.162e-06 outlet=1.067e-06
SciPy L-BFGS-B 34200 | total=6.961e-04 f=6.239e-04 ic=8.020e-06 wall=1.045e-05 inlet=2.175e-06 outlet=1.117e-06
SciPy L-BFGS-B 34300 | total=6.917e-04 f=6.191e-04 ic=7.971e-06 wall=1.053e-05 inlet=2.168e-06 outlet=1.169e-06
SciPy L-BFGS-B 34400 | total=6.876e-04 f=6.158e-04 ic=7.852e-06 wall=1.045e-05 inlet=2.095e-06 outlet=1.279e-06
SciPy L-BFGS-B 34500 | total=6.834e-04 f=6.124e-04 ic=7.773e-06 wall=1.030e-05 inlet=2.097e-06 outlet=1.252e-06
Saved PyTorch checkpoint to results/checkpoints/strict_reproduce_5090/latest_lbfgs.pt
SciPy L-BFGS-B 34600 | total=6.791e-04 f=6.077e-04 ic=7.758e-06 wall=1.037e-05 inlet=2.103e-06 outlet=1.225e-06
SciPy L-BFGS-B 34700 | total=6.750e-04 f=6.041e-04 ic=7.894e-06 wall=1.033e-05 inlet=2.025e-06 outlet=1.145e-06
SciPy L-BFGS-B 34800 | total=6.708e-04 f=5.998e-04 ic=8.013e-06 wall=1.025e-05 inlet=2.122e-06 outlet=1.127e-06
SciPy L-BFGS-B 34900 | total=6.659e-04 f=5.956e-04 ic=7.966e-06 wall=1.016e-05 inlet=2.062e-06 outlet=1.209e-06
SciPy L-BFGS-B 35000 | total=6.613e-04 f=5.917e-04 ic=8.012e-06 wall=9.992e-06 inlet=2.070e-06 outlet=1.191e-06
Saved PyTorch checkpoint to results/checkpoints/strict_reproduce_5090/latest_lbfgs.pt
SciPy L-BFGS-B 35100 | total=6.574e-04 f=5.883e-04 ic=8.082e-06 wall=9.887e-06 inlet=2.072e-06 outlet=1.206e-06
SciPy L-BFGS-B 35200 | total=6.526e-04 f=5.835e-04 ic=8.270e-06 wall=9.899e-06 inlet=2.036e-06 outlet=1.185e-06
SciPy L-BFGS-B 35300 | total=6.485e-04 f=5.793e-04 ic=8.201e-06 wall=9.967e-06 inlet=2.004e-06 outlet=1.192e-06
SciPy L-BFGS-B 35400 | total=6.446e-04 f=5.750e-04 ic=7.984e-06 wall=1.004e-05 inlet=2.053e-06 outlet=1.213e-06
SciPy L-BFGS-B 35500 | total=6.406e-04 f=5.708e-04 ic=8.002e-06 wall=9.989e-06 inlet=2.124e-06 outlet=1.243e-06
Saved PyTorch checkpoint to results/checkpoints/strict_reproduce_5090/latest_lbfgs.pt
SciPy L-BFGS-B 35600 | total=6.364e-04 f=5.670e-04 ic=8.139e-06 wall=9.906e-06 inlet=2.099e-06 outlet=1.183e-06
SciPy L-BFGS-B 35700 | total=6.327e-04 f=5.626e-04 ic=8.369e-06 wall=1.002e-05 inlet=2.087e-06 outlet=1.132e-06
SciPy L-BFGS-B 35800 | total=6.288e-04 f=5.587e-04 ic=8.335e-06 wall=1.009e-05 inlet=2.051e-06 outlet=1.069e-06
SciPy L-BFGS-B 35900 | total=6.248e-04 f=5.551e-04 ic=8.254e-06 wall=1.004e-05 inlet=2.048e-06 outlet=1.012e-06
SciPy L-BFGS-B 36000 | total=6.205e-04 f=5.507e-04 ic=8.389e-06 wall=9.996e-06 inlet=2.091e-06 outlet=9.717e-07
Saved PyTorch checkpoint to results/checkpoints/strict_reproduce_5090/latest_lbfgs.pt
SciPy L-BFGS-B 36100 | total=6.166e-04 f=5.466e-04 ic=8.500e-06 wall=9.993e-06 inlet=2.112e-06 outlet=9.848e-07
SciPy L-BFGS-B 36200 | total=6.128e-04 f=5.432e-04 ic=8.403e-06 wall=1.001e-05 inlet=2.021e-06 outlet=1.071e-06
SciPy L-BFGS-B 36300 | total=6.090e-04 f=5.393e-04 ic=8.259e-06 wall=1.002e-05 inlet=2.049e-06 outlet=1.075e-06
SciPy L-BFGS-B 36400 | total=6.058e-04 f=5.363e-04 ic=8.258e-06 wall=1.001e-05 inlet=2.017e-06 outlet=1.109e-06
SciPy L-BFGS-B 36500 | total=6.021e-04 f=5.332e-04 ic=8.508e-06 wall=9.798e-06 inlet=2.049e-06 outlet=1.135e-06
Saved PyTorch checkpoint to results/checkpoints/strict_reproduce_5090/latest_lbfgs.pt
SciPy L-BFGS-B 36600 | total=5.987e-04 f=5.292e-04 ic=8.615e-06 wall=9.810e-06 inlet=2.124e-06 outlet=1.203e-06
SciPy L-BFGS-B 36700 | total=5.952e-04 f=5.254e-04 ic=8.810e-06 wall=9.779e-06 inlet=2.166e-06 outlet=1.225e-06
SciPy L-BFGS-B 36800 | total=5.920e-04 f=5.217e-04 ic=8.969e-06 wall=9.879e-06 inlet=2.158e-06 outlet=1.197e-06
SciPy L-BFGS-B 36900 | total=5.886e-04 f=5.181e-04 ic=9.272e-06 wall=9.834e-06 inlet=2.183e-06 outlet=1.145e-06
SciPy L-BFGS-B 37000 | total=5.845e-04 f=5.144e-04 ic=9.209e-06 wall=9.794e-06 inlet=2.161e-06 outlet=1.200e-06
Saved PyTorch checkpoint to results/checkpoints/strict_reproduce_5090/latest_lbfgs.pt
SciPy L-BFGS-B 37100 | total=5.804e-04 f=5.102e-04 ic=9.141e-06 wall=9.836e-06 inlet=2.129e-06 outlet=1.186e-06
SciPy L-BFGS-B 37200 | total=5.773e-04 f=5.078e-04 ic=9.011e-06 wall=9.827e-06 inlet=2.018e-06 outlet=1.219e-06
SciPy L-BFGS-B 37300 | total=5.741e-04 f=5.044e-04 ic=8.992e-06 wall=9.857e-06 inlet=2.037e-06 outlet=1.197e-06
SciPy L-BFGS-B 37400 | total=5.708e-04 f=5.017e-04 ic=9.033e-06 wall=9.723e-06 inlet=2.038e-06 outlet=1.191e-06
SciPy L-BFGS-B 37500 | total=5.675e-04 f=4.991e-04 ic=9.171e-06 wall=9.550e-06 inlet=2.051e-06 outlet=1.203e-06
Saved PyTorch checkpoint to results/checkpoints/strict_reproduce_5090/latest_lbfgs.pt
SciPy L-BFGS-B 37600 | total=5.640e-04 f=4.961e-04 ic=9.168e-06 wall=9.525e-06 inlet=1.999e-06 outlet=1.188e-06
SciPy L-BFGS-B 37700 | total=5.607e-04 f=4.925e-04 ic=9.208e-06 wall=9.550e-06 inlet=2.007e-06 outlet=1.235e-06
SciPy L-BFGS-B 37800 | total=5.570e-04 f=4.888e-04 ic=9.304e-06 wall=9.560e-06 inlet=1.986e-06 outlet=1.149e-06
SciPy L-BFGS-B 37900 | total=5.534e-04 f=4.855e-04 ic=9.276e-06 wall=9.520e-06 inlet=1.994e-06 outlet=1.055e-06
SciPy L-BFGS-B 38000 | total=5.500e-04 f=4.829e-04 ic=9.365e-06 wall=9.395e-06 inlet=1.957e-06 outlet=1.016e-06
Saved PyTorch checkpoint to results/checkpoints/strict_reproduce_5090/latest_lbfgs.pt
SciPy L-BFGS-B 38100 | total=5.472e-04 f=4.803e-04 ic=9.473e-06 wall=9.341e-06 inlet=1.945e-06 outlet=9.856e-07
SciPy L-BFGS-B 38200 | total=5.443e-04 f=4.775e-04 ic=9.368e-06 wall=9.362e-06 inlet=1.938e-06 outlet=9.758e-07
SciPy L-BFGS-B 38300 | total=5.411e-04 f=4.748e-04 ic=9.376e-06 wall=9.288e-06 inlet=1.911e-06 outlet=9.409e-07
SciPy L-BFGS-B 38400 | total=5.373e-04 f=4.707e-04 ic=9.149e-06 wall=9.358e-06 inlet=1.956e-06 outlet=9.069e-07
SciPy L-BFGS-B 38500 | total=5.339e-04 f=4.673e-04 ic=9.193e-06 wall=9.302e-06 inlet=2.010e-06 outlet=9.303e-07
Saved PyTorch checkpoint to results/checkpoints/strict_reproduce_5090/latest_lbfgs.pt
SciPy L-BFGS-B 38600 | total=5.312e-04 f=4.652e-04 ic=9.228e-06 wall=9.194e-06 inlet=1.966e-06 outlet=9.024e-07
SciPy L-BFGS-B 38700 | total=5.283e-04 f=4.625e-04 ic=9.326e-06 wall=9.176e-06 inlet=1.949e-06 outlet=8.765e-07
SciPy L-BFGS-B 38800 | total=5.255e-04 f=4.600e-04 ic=9.399e-06 wall=9.149e-06 inlet=1.917e-06 outlet=8.289e-07
SciPy L-BFGS-B 38900 | total=5.226e-04 f=4.571e-04 ic=9.412e-06 wall=9.168e-06 inlet=1.880e-06 outlet=8.222e-07
SciPy L-BFGS-B 39000 | total=5.199e-04 f=4.552e-04 ic=9.334e-06 wall=9.026e-06 inlet=1.881e-06 outlet=8.323e-07
Saved PyTorch checkpoint to results/checkpoints/strict_reproduce_5090/latest_lbfgs.pt
SciPy L-BFGS-B 39100 | total=5.172e-04 f=4.526e-04 ic=9.409e-06 wall=8.996e-06 inlet=1.877e-06 outlet=8.434e-07
SciPy L-BFGS-B 39200 | total=5.148e-04 f=4.501e-04 ic=9.450e-06 wall=8.915e-06 inlet=1.940e-06 outlet=8.842e-07
SciPy L-BFGS-B 39300 | total=5.124e-04 f=4.481e-04 ic=9.473e-06 wall=8.842e-06 inlet=1.943e-06 outlet=9.304e-07
SciPy L-BFGS-B 39400 | total=5.096e-04 f=4.457e-04 ic=9.443e-06 wall=8.818e-06 inlet=1.884e-06 outlet=9.203e-07
SciPy L-BFGS-B 39500 | total=5.067e-04 f=4.434e-04 ic=9.432e-06 wall=8.745e-06 inlet=1.850e-06 outlet=8.853e-07
Saved PyTorch checkpoint to results/checkpoints/strict_reproduce_5090/latest_lbfgs.pt
SciPy L-BFGS-B 39600 | total=5.039e-04 f=4.411e-04 ic=9.440e-06 wall=8.665e-06 inlet=1.836e-06 outlet=8.569e-07
SciPy L-BFGS-B 39700 | total=5.012e-04 f=4.384e-04 ic=9.242e-06 wall=8.675e-06 inlet=1.866e-06 outlet=8.561e-07
SciPy L-BFGS-B 39800 | total=4.989e-04 f=4.364e-04 ic=9.182e-06 wall=8.576e-06 inlet=1.918e-06 outlet=8.318e-07
SciPy L-BFGS-B 39900 | total=4.958e-04 f=4.336e-04 ic=9.114e-06 wall=8.524e-06 inlet=1.934e-06 outlet=8.333e-07
SciPy L-BFGS-B 40000 | total=4.929e-04 f=4.308e-04 ic=9.008e-06 wall=8.542e-06 inlet=1.921e-06 outlet=7.988e-07
Saved PyTorch checkpoint to results/checkpoints/strict_reproduce_5090/latest_lbfgs.pt
SciPy L-BFGS-B 40100 | total=4.901e-04 f=4.284e-04 ic=9.045e-06 wall=8.425e-06 inlet=1.949e-06 outlet=8.101e-07
SciPy L-BFGS-B 40200 | total=4.874e-04 f=4.258e-04 ic=9.036e-06 wall=8.405e-06 inlet=1.926e-06 outlet=8.493e-07
SciPy L-BFGS-B 40300 | total=4.847e-04 f=4.233e-04 ic=8.989e-06 wall=8.347e-06 inlet=1.960e-06 outlet=8.421e-07
SciPy L-BFGS-B 40400 | total=4.819e-04 f=4.205e-04 ic=9.001e-06 wall=8.386e-06 inlet=1.932e-06 outlet=8.080e-07
SciPy L-BFGS-B 40500 | total=4.788e-04 f=4.170e-04 ic=9.018e-06 wall=8.452e-06 inlet=1.948e-06 outlet=7.959e-07
Saved PyTorch checkpoint to results/checkpoints/strict_reproduce_5090/latest_lbfgs.pt
SciPy L-BFGS-B 40600 | total=4.761e-04 f=4.141e-04 ic=8.953e-06 wall=8.493e-06 inlet=1.967e-06 outlet=7.644e-07
SciPy L-BFGS-B 40700 | total=4.737e-04 f=4.124e-04 ic=8.993e-06 wall=8.377e-06 inlet=1.937e-06 outlet=7.582e-07
SciPy L-BFGS-B 40800 | total=4.714e-04 f=4.104e-04 ic=9.070e-06 wall=8.310e-06 inlet=1.912e-06 outlet=7.313e-07
SciPy L-BFGS-B 40900 | total=4.686e-04 f=4.081e-04 ic=8.915e-06 wall=8.300e-06 inlet=1.869e-06 outlet=7.393e-07
SciPy L-BFGS-B 41000 | total=4.658e-04 f=4.055e-04 ic=8.779e-06 wall=8.296e-06 inlet=1.865e-06 outlet=7.450e-07
Saved PyTorch checkpoint to results/checkpoints/strict_reproduce_5090/latest_lbfgs.pt
SciPy L-BFGS-B 41100 | total=4.633e-04 f=4.030e-04 ic=8.750e-06 wall=8.329e-06 inlet=1.831e-06 outlet=7.660e-07
SciPy L-BFGS-B 41200 | total=4.604e-04 f=4.000e-04 ic=8.706e-06 wall=8.335e-06 inlet=1.841e-06 outlet=7.874e-07
SciPy L-BFGS-B 41300 | total=4.577e-04 f=3.975e-04 ic=8.784e-06 wall=8.249e-06 inlet=1.872e-06 outlet=8.129e-07
SciPy L-BFGS-B 41400 | total=4.555e-04 f=3.955e-04 ic=8.823e-06 wall=8.172e-06 inlet=1.890e-06 outlet=8.623e-07
SciPy L-BFGS-B 41500 | total=4.531e-04 f=3.931e-04 ic=8.905e-06 wall=8.189e-06 inlet=1.865e-06 outlet=8.524e-07
Saved PyTorch checkpoint to results/checkpoints/strict_reproduce_5090/latest_lbfgs.pt
SciPy L-BFGS-B 41600 | total=4.504e-04 f=3.904e-04 ic=8.858e-06 wall=8.142e-06 inlet=1.917e-06 outlet=8.586e-07
SciPy L-BFGS-B 41700 | total=4.482e-04 f=3.885e-04 ic=8.760e-06 wall=8.109e-06 inlet=1.921e-06 outlet=8.749e-07
SciPy L-BFGS-B 41800 | total=4.461e-04 f=3.863e-04 ic=8.760e-06 wall=8.074e-06 inlet=1.949e-06 outlet=8.760e-07
SciPy L-BFGS-B 41900 | total=4.439e-04 f=3.840e-04 ic=8.805e-06 wall=8.049e-06 inlet=2.001e-06 outlet=8.748e-07
SciPy L-BFGS-B 42000 | total=4.415e-04 f=3.814e-04 ic=8.887e-06 wall=8.039e-06 inlet=2.036e-06 outlet=8.572e-07
Saved PyTorch checkpoint to results/checkpoints/strict_reproduce_5090/latest_lbfgs.pt
SciPy L-BFGS-B 42100 | total=4.393e-04 f=3.795e-04 ic=8.886e-06 wall=7.980e-06 inlet=2.025e-06 outlet=8.708e-07
SciPy L-BFGS-B 42200 | total=4.372e-04 f=3.771e-04 ic=8.959e-06 wall=8.029e-06 inlet=2.028e-06 outlet=8.312e-07
SciPy L-BFGS-B 42300 | total=4.352e-04 f=3.753e-04 ic=9.071e-06 wall=7.977e-06 inlet=2.035e-06 outlet=8.069e-07
SciPy L-BFGS-B 42400 | total=4.330e-04 f=3.731e-04 ic=8.991e-06 wall=7.998e-06 inlet=2.019e-06 outlet=8.093e-07
SciPy L-BFGS-B 42500 | total=4.312e-04 f=3.714e-04 ic=8.913e-06 wall=8.007e-06 inlet=2.024e-06 outlet=8.073e-07
Saved PyTorch checkpoint to results/checkpoints/strict_reproduce_5090/latest_lbfgs.pt
SciPy L-BFGS-B 42600 | total=4.292e-04 f=3.695e-04 ic=8.806e-06 wall=8.034e-06 inlet=1.995e-06 outlet=8.029e-07
SciPy L-BFGS-B 42700 | total=4.272e-04 f=3.678e-04 ic=8.770e-06 wall=8.017e-06 inlet=1.949e-06 outlet=8.257e-07
SciPy L-BFGS-B 42800 | total=4.254e-04 f=3.660e-04 ic=8.742e-06 wall=8.031e-06 inlet=1.954e-06 outlet=8.060e-07
SciPy L-BFGS-B 42900 | total=4.233e-04 f=3.640e-04 ic=8.782e-06 wall=7.994e-06 inlet=1.968e-06 outlet=7.939e-07
SciPy L-BFGS-B 43000 | total=4.214e-04 f=3.623e-04 ic=8.741e-06 wall=8.001e-06 inlet=1.925e-06 outlet=7.634e-07
Saved PyTorch checkpoint to results/checkpoints/strict_reproduce_5090/latest_lbfgs.pt
SciPy L-BFGS-B 43100 | total=4.191e-04 f=3.599e-04 ic=8.616e-06 wall=8.045e-06 inlet=1.918e-06 outlet=7.674e-07
SciPy L-BFGS-B 43200 | total=4.173e-04 f=3.578e-04 ic=8.613e-06 wall=8.095e-06 inlet=1.931e-06 outlet=7.407e-07
SciPy L-BFGS-B 43300 | total=4.150e-04 f=3.559e-04 ic=8.606e-06 wall=8.025e-06 inlet=1.916e-06 outlet=7.342e-07
SciPy L-BFGS-B 43400 | total=4.128e-04 f=3.541e-04 ic=8.639e-06 wall=7.931e-06 inlet=1.922e-06 outlet=7.577e-07
SciPy L-BFGS-B 43500 | total=4.107e-04 f=3.523e-04 ic=8.629e-06 wall=7.864e-06 inlet=1.935e-06 outlet=7.608e-07
Saved PyTorch checkpoint to results/checkpoints/strict_reproduce_5090/latest_lbfgs.pt
SciPy L-BFGS-B 43600 | total=4.088e-04 f=3.508e-04 ic=8.557e-06 wall=7.820e-06 inlet=1.926e-06 outlet=7.500e-07
SciPy L-BFGS-B 43700 | total=4.068e-04 f=3.490e-04 ic=8.345e-06 wall=7.809e-06 inlet=1.944e-06 outlet=7.200e-07
SciPy L-BFGS-B 43800 | total=4.048e-04 f=3.471e-04 ic=8.174e-06 wall=7.825e-06 inlet=1.938e-06 outlet=7.310e-07
SciPy L-BFGS-B 43900 | total=4.025e-04 f=3.451e-04 ic=7.991e-06 wall=7.804e-06 inlet=1.922e-06 outlet=7.178e-07
SciPy L-BFGS-B 44000 | total=4.006e-04 f=3.434e-04 ic=8.022e-06 wall=7.746e-06 inlet=1.934e-06 outlet=7.034e-07
Saved PyTorch checkpoint to results/checkpoints/strict_reproduce_5090/latest_lbfgs.pt
SciPy L-BFGS-B 44100 | total=3.986e-04 f=3.419e-04 ic=7.982e-06 wall=7.686e-06 inlet=1.919e-06 outlet=6.734e-07
SciPy L-BFGS-B 44200 | total=3.967e-04 f=3.402e-04 ic=7.946e-06 wall=7.659e-06 inlet=1.923e-06 outlet=6.469e-07
SciPy L-BFGS-B 44300 | total=3.950e-04 f=3.384e-04 ic=7.879e-06 wall=7.680e-06 inlet=1.935e-06 outlet=6.333e-07
SciPy L-BFGS-B 44400 | total=3.932e-04 f=3.370e-04 ic=7.774e-06 wall=7.649e-06 inlet=1.925e-06 outlet=6.108e-07
SciPy L-BFGS-B 44500 | total=3.915e-04 f=3.353e-04 ic=7.769e-06 wall=7.649e-06 inlet=1.915e-06 outlet=5.953e-07
Saved PyTorch checkpoint to results/checkpoints/strict_reproduce_5090/latest_lbfgs.pt
SciPy L-BFGS-B 44600 | total=3.898e-04 f=3.338e-04 ic=7.757e-06 wall=7.625e-06 inlet=1.905e-06 outlet=5.804e-07
SciPy L-BFGS-B 44700 | total=3.879e-04 f=3.321e-04 ic=7.837e-06 wall=7.568e-06 inlet=1.906e-06 outlet=5.720e-07
SciPy L-BFGS-B 44800 | total=3.863e-04 f=3.305e-04 ic=7.862e-06 wall=7.571e-06 inlet=1.885e-06 outlet=5.632e-07
SciPy L-BFGS-B 44900 | total=3.845e-04 f=3.290e-04 ic=7.831e-06 wall=7.562e-06 inlet=1.858e-06 outlet=5.510e-07
SciPy L-BFGS-B 45000 | total=3.827e-04 f=3.275e-04 ic=7.713e-06 wall=7.530e-06 inlet=1.852e-06 outlet=5.475e-07
Saved PyTorch checkpoint to results/checkpoints/strict_reproduce_5090/latest_lbfgs.pt
SciPy L-BFGS-B 45100 | total=3.810e-04 f=3.261e-04 ic=7.701e-06 wall=7.500e-06 inlet=1.815e-06 outlet=5.417e-07
SciPy L-BFGS-B 45200 | total=3.793e-04 f=3.247e-04 ic=7.749e-06 wall=7.473e-06 inlet=1.783e-06 outlet=5.517e-07
SciPy L-BFGS-B 45300 | total=3.776e-04 f=3.229e-04 ic=7.785e-06 wall=7.482e-06 inlet=1.778e-06 outlet=5.656e-07
SciPy L-BFGS-B 45400 | total=3.759e-04 f=3.214e-04 ic=7.689e-06 wall=7.491e-06 inlet=1.749e-06 outlet=5.796e-07
SciPy L-BFGS-B 45500 | total=3.741e-04 f=3.196e-04 ic=7.657e-06 wall=7.528e-06 inlet=1.723e-06 outlet=5.869e-07
Saved PyTorch checkpoint to results/checkpoints/strict_reproduce_5090/latest_lbfgs.pt
SciPy L-BFGS-B 45600 | total=3.726e-04 f=3.185e-04 ic=7.609e-06 wall=7.508e-06 inlet=1.672e-06 outlet=5.704e-07
SciPy L-BFGS-B 45700 | total=3.708e-04 f=3.169e-04 ic=7.590e-06 wall=7.485e-06 inlet=1.673e-06 outlet=5.661e-07
SciPy L-BFGS-B 45800 | total=3.693e-04 f=3.157e-04 ic=7.641e-06 wall=7.424e-06 inlet=1.658e-06 outlet=5.856e-07
SciPy L-BFGS-B 45900 | total=3.678e-04 f=3.142e-04 ic=7.762e-06 wall=7.406e-06 inlet=1.630e-06 outlet=6.206e-07
SciPy L-BFGS-B 46000 | total=3.658e-04 f=3.124e-04 ic=7.747e-06 wall=7.381e-06 inlet=1.624e-06 outlet=6.530e-07
Saved PyTorch checkpoint to results/checkpoints/strict_reproduce_5090/latest_lbfgs.pt
SciPy L-BFGS-B 46100 | total=3.643e-04 f=3.110e-04 ic=7.749e-06 wall=7.392e-06 inlet=1.592e-06 outlet=6.583e-07
SciPy L-BFGS-B 46200 | total=3.630e-04 f=3.099e-04 ic=7.734e-06 wall=7.355e-06 inlet=1.584e-06 outlet=6.525e-07
SciPy L-BFGS-B 46300 | total=3.615e-04 f=3.088e-04 ic=7.680e-06 wall=7.277e-06 inlet=1.597e-06 outlet=6.973e-07
SciPy L-BFGS-B 46400 | total=3.600e-04 f=3.078e-04 ic=7.581e-06 wall=7.227e-06 inlet=1.561e-06 outlet=7.025e-07
SciPy L-BFGS-B 46500 | total=3.584e-04 f=3.064e-04 ic=7.442e-06 wall=7.210e-06 inlet=1.573e-06 outlet=7.239e-07
Saved PyTorch checkpoint to results/checkpoints/strict_reproduce_5090/latest_lbfgs.pt
SciPy L-BFGS-B 46600 | total=3.568e-04 f=3.048e-04 ic=7.388e-06 wall=7.200e-06 inlet=1.589e-06 outlet=7.155e-07
SciPy L-BFGS-B 46700 | total=3.553e-04 f=3.035e-04 ic=7.424e-06 wall=7.130e-06 inlet=1.601e-06 outlet=7.196e-07
SciPy L-BFGS-B 46800 | total=3.536e-04 f=3.018e-04 ic=7.492e-06 wall=7.127e-06 inlet=1.594e-06 outlet=7.235e-07
SciPy L-BFGS-B 46900 | total=3.523e-04 f=3.009e-04 ic=7.434e-06 wall=7.099e-06 inlet=1.566e-06 outlet=7.108e-07
SciPy L-BFGS-B 47000 | total=3.510e-04 f=2.998e-04 ic=7.358e-06 wall=7.089e-06 inlet=1.543e-06 outlet=7.234e-07
Saved PyTorch checkpoint to results/checkpoints/strict_reproduce_5090/latest_lbfgs.pt
SciPy L-BFGS-B 47100 | total=3.496e-04 f=2.986e-04 ic=7.291e-06 wall=7.062e-06 inlet=1.521e-06 outlet=7.406e-07
SciPy L-BFGS-B 47200 | total=3.482e-04 f=2.972e-04 ic=7.284e-06 wall=7.048e-06 inlet=1.525e-06 outlet=7.625e-07
SciPy L-BFGS-B 47300 | total=3.470e-04 f=2.959e-04 ic=7.156e-06 wall=7.062e-06 inlet=1.554e-06 outlet=7.792e-07
SciPy L-BFGS-B 47400 | total=3.456e-04 f=2.947e-04 ic=7.147e-06 wall=7.047e-06 inlet=1.558e-06 outlet=7.565e-07
SciPy L-BFGS-B 47500 | total=3.442e-04 f=2.935e-04 ic=7.171e-06 wall=6.985e-06 inlet=1.575e-06 outlet=7.316e-07
Saved PyTorch checkpoint to results/checkpoints/strict_reproduce_5090/latest_lbfgs.pt
SciPy L-BFGS-B 47600 | total=3.428e-04 f=2.921e-04 ic=7.155e-06 wall=6.991e-06 inlet=1.575e-06 outlet=7.261e-07
SciPy L-BFGS-B 47700 | total=3.416e-04 f=2.911e-04 ic=7.137e-06 wall=6.965e-06 inlet=1.558e-06 outlet=7.155e-07
SciPy L-BFGS-B 47800 | total=3.401e-04 f=2.900e-04 ic=7.093e-06 wall=6.930e-06 inlet=1.538e-06 outlet=6.919e-07
SciPy L-BFGS-B 47900 | total=3.386e-04 f=2.887e-04 ic=7.124e-06 wall=6.869e-06 inlet=1.546e-06 outlet=6.939e-07
SciPy L-BFGS-B 48000 | total=3.372e-04 f=2.873e-04 ic=7.152e-06 wall=6.896e-06 inlet=1.527e-06 outlet=6.977e-07
Saved PyTorch checkpoint to results/checkpoints/strict_reproduce_5090/latest_lbfgs.pt
SciPy L-BFGS-B 48100 | total=3.361e-04 f=2.862e-04 ic=7.179e-06 wall=6.873e-06 inlet=1.520e-06 outlet=6.928e-07
SciPy L-BFGS-B 48200 | total=3.349e-04 f=2.853e-04 ic=7.174e-06 wall=6.836e-06 inlet=1.516e-06 outlet=6.844e-07
SciPy L-BFGS-B 48300 | total=3.337e-04 f=2.844e-04 ic=7.111e-06 wall=6.786e-06 inlet=1.497e-06 outlet=6.913e-07
SciPy L-BFGS-B 48400 | total=3.323e-04 f=2.834e-04 ic=6.977e-06 wall=6.717e-06 inlet=1.520e-06 outlet=7.131e-07
SciPy L-BFGS-B 48500 | total=3.310e-04 f=2.825e-04 ic=6.951e-06 wall=6.640e-06 inlet=1.534e-06 outlet=7.094e-07
Saved PyTorch checkpoint to results/checkpoints/strict_reproduce_5090/latest_lbfgs.pt
SciPy L-BFGS-B 48600 | total=3.296e-04 f=2.814e-04 ic=6.821e-06 wall=6.600e-06 inlet=1.533e-06 outlet=7.033e-07
SciPy L-BFGS-B 48700 | total=3.282e-04 f=2.801e-04 ic=6.689e-06 wall=6.612e-06 inlet=1.521e-06 outlet=7.158e-07
SciPy L-BFGS-B 48800 | total=3.269e-04 f=2.789e-04 ic=6.599e-06 wall=6.633e-06 inlet=1.499e-06 outlet=6.944e-07
SciPy L-BFGS-B 48900 | total=3.257e-04 f=2.779e-04 ic=6.648e-06 wall=6.617e-06 inlet=1.481e-06 outlet=7.146e-07
SciPy L-BFGS-B 49000 | total=3.245e-04 f=2.770e-04 ic=6.577e-06 wall=6.571e-06 inlet=1.470e-06 outlet=7.123e-07
Saved PyTorch checkpoint to results/checkpoints/strict_reproduce_5090/latest_lbfgs.pt
SciPy L-BFGS-B 49100 | total=3.233e-04 f=2.761e-04 ic=6.458e-06 wall=6.570e-06 inlet=1.439e-06 outlet=6.805e-07
SciPy L-BFGS-B 49200 | total=3.220e-04 f=2.751e-04 ic=6.333e-06 wall=6.548e-06 inlet=1.438e-06 outlet=6.595e-07
SciPy L-BFGS-B 49300 | total=3.211e-04 f=2.742e-04 ic=6.304e-06 wall=6.546e-06 inlet=1.442e-06 outlet=6.462e-07
SciPy L-BFGS-B 49400 | total=3.200e-04 f=2.736e-04 ic=6.258e-06 wall=6.488e-06 inlet=1.431e-06 outlet=6.200e-07
SciPy L-BFGS-B 49500 | total=3.190e-04 f=2.728e-04 ic=6.145e-06 wall=6.443e-06 inlet=1.436e-06 outlet=6.275e-07
Saved PyTorch checkpoint to results/checkpoints/strict_reproduce_5090/latest_lbfgs.pt
SciPy L-BFGS-B 49600 | total=3.178e-04 f=2.718e-04 ic=6.037e-06 wall=6.420e-06 inlet=1.449e-06 outlet=6.183e-07
SciPy L-BFGS-B 49700 | total=3.166e-04 f=2.708e-04 ic=6.047e-06 wall=6.366e-06 inlet=1.469e-06 outlet=6.167e-07
SciPy L-BFGS-B 49800 | total=3.151e-04 f=2.695e-04 ic=6.028e-06 wall=6.366e-06 inlet=1.430e-06 outlet=6.214e-07
SciPy L-BFGS-B 49900 | total=3.138e-04 f=2.683e-04 ic=5.980e-06 wall=6.333e-06 inlet=1.445e-06 outlet=6.138e-07
SciPy L-BFGS-B 50000 | total=3.125e-04 f=2.673e-04 ic=5.962e-06 wall=6.314e-06 inlet=1.418e-06 outlet=6.106e-07
Saved PyTorch checkpoint to results/checkpoints/strict_reproduce_5090/latest_lbfgs.pt
SciPy L-BFGS-B 50100 | total=3.115e-04 f=2.663e-04 ic=5.875e-06 wall=6.302e-06 inlet=1.439e-06 outlet=5.842e-07
SciPy L-BFGS-B 50200 | total=3.103e-04 f=2.652e-04 ic=5.872e-06 wall=6.304e-06 inlet=1.431e-06 outlet=5.740e-07
SciPy L-BFGS-B 50300 | total=3.093e-04 f=2.645e-04 ic=5.800e-06 wall=6.257e-06 inlet=1.412e-06 outlet=5.686e-07
SciPy L-BFGS-B 50400 | total=3.082e-04 f=2.637e-04 ic=5.723e-06 wall=6.242e-06 inlet=1.414e-06 outlet=5.478e-07
SciPy L-BFGS-B 50500 | total=3.072e-04 f=2.628e-04 ic=5.713e-06 wall=6.228e-06 inlet=1.401e-06 outlet=5.436e-07
Saved PyTorch checkpoint to results/checkpoints/strict_reproduce_5090/latest_lbfgs.pt
SciPy L-BFGS-B 50600 | total=3.062e-04 f=2.619e-04 ic=5.736e-06 wall=6.207e-06 inlet=1.388e-06 outlet=5.460e-07
SciPy L-BFGS-B 50700 | total=3.052e-04 f=2.610e-04 ic=5.727e-06 wall=6.195e-06 inlet=1.392e-06 outlet=5.517e-07
SciPy L-BFGS-B 50800 | total=3.041e-04 f=2.601e-04 ic=5.731e-06 wall=6.139e-06 inlet=1.404e-06 outlet=5.673e-07
SciPy L-BFGS-B 50900 | total=3.031e-04 f=2.592e-04 ic=5.691e-06 wall=6.129e-06 inlet=1.389e-06 outlet=5.915e-07
SciPy L-BFGS-B 51000 | total=3.020e-04 f=2.583e-04 ic=5.655e-06 wall=6.100e-06 inlet=1.384e-06 outlet=6.333e-07
Saved PyTorch checkpoint to results/checkpoints/strict_reproduce_5090/latest_lbfgs.pt
SciPy L-BFGS-B 51100 | total=3.010e-04 f=2.573e-04 ic=5.621e-06 wall=6.074e-06 inlet=1.412e-06 outlet=6.244e-07
SciPy L-BFGS-B 51200 | total=2.999e-04 f=2.565e-04 ic=5.516e-06 wall=6.088e-06 inlet=1.371e-06 outlet=6.280e-07
SciPy L-BFGS-B 51300 | total=2.990e-04 f=2.556e-04 ic=5.506e-06 wall=6.070e-06 inlet=1.379e-06 outlet=6.367e-07
SciPy L-BFGS-B 51400 | total=2.981e-04 f=2.547e-04 ic=5.436e-06 wall=6.067e-06 inlet=1.376e-06 outlet=6.674e-07
SciPy L-BFGS-B 51500 | total=2.971e-04 f=2.541e-04 ic=5.391e-06 wall=6.030e-06 inlet=1.369e-06 outlet=6.689e-07
Saved PyTorch checkpoint to results/checkpoints/strict_reproduce_5090/latest_lbfgs.pt
SciPy L-BFGS-B 51600 | total=2.963e-04 f=2.533e-04 ic=5.373e-06 wall=6.023e-06 inlet=1.377e-06 outlet=6.774e-07
SciPy L-BFGS-B 51700 | total=2.953e-04 f=2.525e-04 ic=5.394e-06 wall=5.996e-06 inlet=1.366e-06 outlet=6.651e-07
SciPy L-BFGS-B 51800 | total=2.943e-04 f=2.515e-04 ic=5.412e-06 wall=5.972e-06 inlet=1.372e-06 outlet=6.701e-07
SciPy L-BFGS-B 51900 | total=2.930e-04 f=2.504e-04 ic=5.393e-06 wall=5.928e-06 inlet=1.388e-06 outlet=6.509e-07
SciPy L-BFGS-B 52000 | total=2.919e-04 f=2.494e-04 ic=5.438e-06 wall=5.897e-06 inlet=1.383e-06 outlet=6.522e-07
Saved PyTorch checkpoint to results/checkpoints/strict_reproduce_5090/latest_lbfgs.pt
SciPy L-BFGS-B 52100 | total=2.908e-04 f=2.486e-04 ic=5.409e-06 wall=5.865e-06 inlet=1.363e-06 outlet=6.511e-07
SciPy L-BFGS-B 52200 | total=2.898e-04 f=2.478e-04 ic=5.371e-06 wall=5.845e-06 inlet=1.350e-06 outlet=6.425e-07
SciPy L-BFGS-B 52300 | total=2.890e-04 f=2.470e-04 ic=5.328e-06 wall=5.862e-06 inlet=1.347e-06 outlet=6.490e-07
SciPy L-BFGS-B 52400 | total=2.880e-04 f=2.462e-04 ic=5.319e-06 wall=5.836e-06 inlet=1.342e-06 outlet=6.639e-07
SciPy L-BFGS-B 52500 | total=2.869e-04 f=2.452e-04 ic=5.262e-06 wall=5.819e-06 inlet=1.349e-06 outlet=6.491e-07
Saved PyTorch checkpoint to results/checkpoints/strict_reproduce_5090/latest_lbfgs.pt
SciPy L-BFGS-B 52600 | total=2.859e-04 f=2.441e-04 ic=5.245e-06 wall=5.825e-06 inlet=1.366e-06 outlet=6.423e-07
SciPy L-BFGS-B 52700 | total=2.848e-04 f=2.432e-04 ic=5.158e-06 wall=5.780e-06 inlet=1.386e-06 outlet=6.149e-07
SciPy L-BFGS-B 52800 | total=2.837e-04 f=2.423e-04 ic=5.105e-06 wall=5.775e-06 inlet=1.371e-06 outlet=5.661e-07
SciPy L-BFGS-B 52900 | total=2.825e-04 f=2.413e-04 ic=5.090e-06 wall=5.734e-06 inlet=1.383e-06 outlet=5.373e-07
SciPy L-BFGS-B 53000 | total=2.814e-04 f=2.404e-04 ic=5.077e-06 wall=5.694e-06 inlet=1.378e-06 outlet=5.397e-07
Saved PyTorch checkpoint to results/checkpoints/strict_reproduce_5090/latest_lbfgs.pt
SciPy L-BFGS-B 53100 | total=2.804e-04 f=2.394e-04 ic=5.079e-06 wall=5.677e-06 inlet=1.397e-06 outlet=5.329e-07
SciPy L-BFGS-B 53200 | total=2.796e-04 f=2.387e-04 ic=5.072e-06 wall=5.674e-06 inlet=1.387e-06 outlet=5.360e-07
SciPy L-BFGS-B 53300 | total=2.788e-04 f=2.379e-04 ic=5.014e-06 wall=5.683e-06 inlet=1.374e-06 outlet=5.400e-07
SciPy L-BFGS-B 53400 | total=2.778e-04 f=2.371e-04 ic=5.004e-06 wall=5.668e-06 inlet=1.374e-06 outlet=5.214e-07
SciPy L-BFGS-B 53500 | total=2.771e-04 f=2.365e-04 ic=4.971e-06 wall=5.669e-06 inlet=1.361e-06 outlet=5.262e-07
Saved PyTorch checkpoint to results/checkpoints/strict_reproduce_5090/latest_lbfgs.pt
SciPy L-BFGS-B 53600 | total=2.764e-04 f=2.360e-04 ic=4.916e-06 wall=5.627e-06 inlet=1.376e-06 outlet=5.165e-07
SciPy L-BFGS-B 53700 | total=2.756e-04 f=2.352e-04 ic=4.887e-06 wall=5.614e-06 inlet=1.378e-06 outlet=4.895e-07
SciPy L-BFGS-B 53800 | total=2.748e-04 f=2.345e-04 ic=4.855e-06 wall=5.605e-06 inlet=1.388e-06 outlet=4.898e-07
SciPy L-BFGS-B 53900 | total=2.739e-04 f=2.337e-04 ic=4.778e-06 wall=5.570e-06 inlet=1.405e-06 outlet=5.068e-07
SciPy L-BFGS-B 54000 | total=2.731e-04 f=2.331e-04 ic=4.720e-06 wall=5.556e-06 inlet=1.405e-06 outlet=5.008e-07
Saved PyTorch checkpoint to results/checkpoints/strict_reproduce_5090/latest_lbfgs.pt
SciPy L-BFGS-B 54100 | total=2.723e-04 f=2.323e-04 ic=4.670e-06 wall=5.572e-06 inlet=1.392e-06 outlet=5.168e-07
SciPy L-BFGS-B 54200 | total=2.715e-04 f=2.316e-04 ic=4.667e-06 wall=5.545e-06 inlet=1.392e-06 outlet=5.209e-07
SciPy L-BFGS-B 54300 | total=2.707e-04 f=2.311e-04 ic=4.615e-06 wall=5.528e-06 inlet=1.362e-06 outlet=5.098e-07
SciPy L-BFGS-B 54400 | total=2.699e-04 f=2.305e-04 ic=4.640e-06 wall=5.508e-06 inlet=1.352e-06 outlet=5.181e-07
SciPy L-BFGS-B 54500 | total=2.691e-04 f=2.298e-04 ic=4.623e-06 wall=5.480e-06 inlet=1.346e-06 outlet=5.295e-07
Saved PyTorch checkpoint to results/checkpoints/strict_reproduce_5090/latest_lbfgs.pt
SciPy L-BFGS-B 54600 | total=2.682e-04 f=2.289e-04 ic=4.610e-06 wall=5.500e-06 inlet=1.331e-06 outlet=5.282e-07
SciPy L-BFGS-B 54700 | total=2.674e-04 f=2.281e-04 ic=4.618e-06 wall=5.504e-06 inlet=1.322e-06 outlet=5.122e-07
SciPy L-BFGS-B 54800 | total=2.665e-04 f=2.273e-04 ic=4.666e-06 wall=5.498e-06 inlet=1.309e-06 outlet=5.081e-07
SciPy L-BFGS-B 54900 | total=2.656e-04 f=2.266e-04 ic=4.647e-06 wall=5.462e-06 inlet=1.305e-06 outlet=5.049e-07
SciPy L-BFGS-B 55000 | total=2.649e-04 f=2.259e-04 ic=4.653e-06 wall=5.453e-06 inlet=1.311e-06 outlet=4.984e-07
Saved PyTorch checkpoint to results/checkpoints/strict_reproduce_5090/latest_lbfgs.pt
SciPy L-BFGS-B 55100 | total=2.642e-04 f=2.254e-04 ic=4.589e-06 wall=5.425e-06 inlet=1.322e-06 outlet=4.895e-07
SciPy L-BFGS-B 55200 | total=2.634e-04 f=2.246e-04 ic=4.639e-06 wall=5.420e-06 inlet=1.310e-06 outlet=4.847e-07
SciPy L-BFGS-B 55300 | total=2.627e-04 f=2.240e-04 ic=4.671e-06 wall=5.400e-06 inlet=1.302e-06 outlet=4.876e-07
SciPy L-BFGS-B 55400 | total=2.619e-04 f=2.234e-04 ic=4.705e-06 wall=5.376e-06 inlet=1.289e-06 outlet=5.011e-07
SciPy L-BFGS-B 55500 | total=2.611e-04 f=2.226e-04 ic=4.725e-06 wall=5.380e-06 inlet=1.275e-06 outlet=4.993e-07
Saved PyTorch checkpoint to results/checkpoints/strict_reproduce_5090/latest_lbfgs.pt
SciPy L-BFGS-B 55600 | total=2.604e-04 f=2.219e-04 ic=4.749e-06 wall=5.355e-06 inlet=1.290e-06 outlet=4.967e-07
SciPy L-BFGS-B 55700 | total=2.597e-04 f=2.213e-04 ic=4.760e-06 wall=5.354e-06 inlet=1.265e-06 outlet=5.004e-07
SciPy L-BFGS-B 55800 | total=2.590e-04 f=2.206e-04 ic=4.785e-06 wall=5.349e-06 inlet=1.262e-06 outlet=5.143e-07
SciPy L-BFGS-B 55900 | total=2.583e-04 f=2.200e-04 ic=4.762e-06 wall=5.324e-06 inlet=1.261e-06 outlet=5.192e-07
SciPy L-BFGS-B 56000 | total=2.574e-04 f=2.193e-04 ic=4.775e-06 wall=5.305e-06 inlet=1.250e-06 outlet=5.144e-07
Saved PyTorch checkpoint to results/checkpoints/strict_reproduce_5090/latest_lbfgs.pt
SciPy L-BFGS-B 56100 | total=2.567e-04 f=2.187e-04 ic=4.769e-06 wall=5.287e-06 inlet=1.263e-06 outlet=5.021e-07
SciPy L-BFGS-B 56200 | total=2.559e-04 f=2.180e-04 ic=4.778e-06 wall=5.267e-06 inlet=1.257e-06 outlet=4.918e-07
SciPy L-BFGS-B 56300 | total=2.551e-04 f=2.174e-04 ic=4.772e-06 wall=5.236e-06 inlet=1.255e-06 outlet=4.908e-07
SciPy L-BFGS-B 56400 | total=2.544e-04 f=2.167e-04 ic=4.771e-06 wall=5.231e-06 inlet=1.246e-06 outlet=4.959e-07
SciPy L-BFGS-B 56500 | total=2.536e-04 f=2.163e-04 ic=4.768e-06 wall=5.170e-06 inlet=1.240e-06 outlet=4.947e-07
Saved PyTorch checkpoint to results/checkpoints/strict_reproduce_5090/latest_lbfgs.pt
SciPy L-BFGS-B 56600 | total=2.529e-04 f=2.156e-04 ic=4.772e-06 wall=5.158e-06 inlet=1.232e-06 outlet=5.182e-07
SciPy L-BFGS-B 56700 | total=2.521e-04 f=2.150e-04 ic=4.792e-06 wall=5.130e-06 inlet=1.239e-06 outlet=5.127e-07
SciPy L-BFGS-B 56800 | total=2.512e-04 f=2.144e-04 ic=4.815e-06 wall=5.068e-06 inlet=1.239e-06 outlet=5.093e-07
SciPy L-BFGS-B 56900 | total=2.504e-04 f=2.137e-04 ic=4.806e-06 wall=5.028e-06 inlet=1.250e-06 outlet=4.985e-07
SciPy L-BFGS-B 57000 | total=2.496e-04 f=2.130e-04 ic=4.844e-06 wall=5.009e-06 inlet=1.243e-06 outlet=4.882e-07
Saved PyTorch checkpoint to results/checkpoints/strict_reproduce_5090/latest_lbfgs.pt
SciPy L-BFGS-B 57100 | total=2.487e-04 f=2.123e-04 ic=4.773e-06 wall=4.993e-06 inlet=1.242e-06 outlet=4.919e-07
SciPy L-BFGS-B 57200 | total=2.478e-04 f=2.115e-04 ic=4.731e-06 wall=4.968e-06 inlet=1.247e-06 outlet=4.906e-07
SciPy L-BFGS-B 57300 | total=2.471e-04 f=2.110e-04 ic=4.698e-06 wall=4.949e-06 inlet=1.240e-06 outlet=4.884e-07
SciPy L-BFGS-B 57400 | total=2.464e-04 f=2.104e-04 ic=4.709e-06 wall=4.909e-06 inlet=1.245e-06 outlet=4.866e-07
SciPy L-BFGS-B 57500 | total=2.456e-04 f=2.099e-04 ic=4.706e-06 wall=4.881e-06 inlet=1.228e-06 outlet=4.840e-07
Saved PyTorch checkpoint to results/checkpoints/strict_reproduce_5090/latest_lbfgs.pt
SciPy L-BFGS-B 57600 | total=2.449e-04 f=2.092e-04 ic=4.673e-06 wall=4.881e-06 inlet=1.229e-06 outlet=4.966e-07
SciPy L-BFGS-B 57700 | total=2.442e-04 f=2.087e-04 ic=4.607e-06 wall=4.841e-06 inlet=1.230e-06 outlet=5.162e-07
SciPy L-BFGS-B 57800 | total=2.436e-04 f=2.082e-04 ic=4.608e-06 wall=4.846e-06 inlet=1.215e-06 outlet=5.360e-07
SciPy L-BFGS-B 57900 | total=2.430e-04 f=2.076e-04 ic=4.640e-06 wall=4.835e-06 inlet=1.201e-06 outlet=5.428e-07
SciPy L-BFGS-B 58000 | total=2.424e-04 f=2.071e-04 ic=4.640e-06 wall=4.799e-06 inlet=1.211e-06 outlet=5.450e-07
Saved PyTorch checkpoint to results/checkpoints/strict_reproduce_5090/latest_lbfgs.pt
SciPy L-BFGS-B 58100 | total=2.417e-04 f=2.065e-04 ic=4.627e-06 wall=4.791e-06 inlet=1.203e-06 outlet=5.539e-07
SciPy L-BFGS-B 58200 | total=2.410e-04 f=2.060e-04 ic=4.626e-06 wall=4.766e-06 inlet=1.202e-06 outlet=5.442e-07
SciPy L-BFGS-B 58300 | total=2.403e-04 f=2.053e-04 ic=4.598e-06 wall=4.779e-06 inlet=1.195e-06 outlet=5.402e-07
SciPy L-BFGS-B 58400 | total=2.398e-04 f=2.047e-04 ic=4.597e-06 wall=4.794e-06 inlet=1.195e-06 outlet=5.363e-07
SciPy L-BFGS-B 58500 | total=2.392e-04 f=2.041e-04 ic=4.565e-06 wall=4.818e-06 inlet=1.183e-06 outlet=5.172e-07
Saved PyTorch checkpoint to results/checkpoints/strict_reproduce_5090/latest_lbfgs.pt
SciPy L-BFGS-B 58600 | total=2.385e-04 f=2.035e-04 ic=4.566e-06 wall=4.819e-06 inlet=1.177e-06 outlet=5.121e-07
SciPy L-BFGS-B 58700 | total=2.379e-04 f=2.028e-04 ic=4.605e-06 wall=4.808e-06 inlet=1.178e-06 outlet=5.012e-07
SciPy L-BFGS-B 58800 | total=2.373e-04 f=2.023e-04 ic=4.633e-06 wall=4.791e-06 inlet=1.175e-06 outlet=5.041e-07
SciPy L-BFGS-B 58900 | total=2.367e-04 f=2.017e-04 ic=4.698e-06 wall=4.771e-06 inlet=1.173e-06 outlet=5.085e-07
SciPy L-BFGS-B 59000 | total=2.360e-04 f=2.011e-04 ic=4.678e-06 wall=4.772e-06 inlet=1.162e-06 outlet=5.149e-07
Saved PyTorch checkpoint to results/checkpoints/strict_reproduce_5090/latest_lbfgs.pt
SciPy L-BFGS-B 59100 | total=2.354e-04 f=2.007e-04 ic=4.618e-06 wall=4.748e-06 inlet=1.169e-06 outlet=5.149e-07
SciPy L-BFGS-B 59200 | total=2.346e-04 f=2.000e-04 ic=4.603e-06 wall=4.737e-06 inlet=1.161e-06 outlet=5.170e-07
SciPy L-BFGS-B 59300 | total=2.339e-04 f=1.994e-04 ic=4.621e-06 wall=4.716e-06 inlet=1.157e-06 outlet=5.190e-07
SciPy L-BFGS-B 59400 | total=2.331e-04 f=1.988e-04 ic=4.583e-06 wall=4.696e-06 inlet=1.153e-06 outlet=5.169e-07
SciPy L-BFGS-B 59500 | total=2.324e-04 f=1.981e-04 ic=4.584e-06 wall=4.698e-06 inlet=1.147e-06 outlet=5.111e-07
Saved PyTorch checkpoint to results/checkpoints/strict_reproduce_5090/latest_lbfgs.pt
SciPy L-BFGS-B 59600 | total=2.318e-04 f=1.975e-04 ic=4.560e-06 wall=4.703e-06 inlet=1.137e-06 outlet=5.167e-07
SciPy L-BFGS-B 59700 | total=2.310e-04 f=1.968e-04 ic=4.543e-06 wall=4.690e-06 inlet=1.134e-06 outlet=5.144e-07
SciPy L-BFGS-B 59800 | total=2.304e-04 f=1.963e-04 ic=4.545e-06 wall=4.674e-06 inlet=1.131e-06 outlet=5.104e-07
SciPy L-BFGS-B 59900 | total=2.296e-04 f=1.957e-04 ic=4.572e-06 wall=4.647e-06 inlet=1.131e-06 outlet=5.133e-07
SciPy L-BFGS-B 60000 | total=2.290e-04 f=1.951e-04 ic=4.553e-06 wall=4.628e-06 inlet=1.144e-06 outlet=5.285e-07
Saved PyTorch checkpoint to results/checkpoints/strict_reproduce_5090/latest_lbfgs.pt
SciPy L-BFGS-B 60100 | total=2.285e-04 f=1.946e-04 ic=4.522e-06 wall=4.607e-06 inlet=1.147e-06 outlet=5.289e-07
SciPy L-BFGS-B 60200 | total=2.279e-04 f=1.942e-04 ic=4.476e-06 wall=4.587e-06 inlet=1.140e-06 outlet=5.372e-07
SciPy L-BFGS-B 60300 | total=2.273e-04 f=1.937e-04 ic=4.495e-06 wall=4.568e-06 inlet=1.144e-06 outlet=5.484e-07
SciPy L-BFGS-B 60400 | total=2.267e-04 f=1.933e-04 ic=4.452e-06 wall=4.543e-06 inlet=1.143e-06 outlet=5.639e-07
SciPy L-BFGS-B 60500 | total=2.261e-04 f=1.927e-04 ic=4.447e-06 wall=4.530e-06 inlet=1.145e-06 outlet=5.662e-07
Saved PyTorch checkpoint to results/checkpoints/strict_reproduce_5090/latest_lbfgs.pt
SciPy L-BFGS-B 60600 | total=2.254e-04 f=1.921e-04 ic=4.415e-06 wall=4.537e-06 inlet=1.135e-06 outlet=5.680e-07
SciPy L-BFGS-B 60700 | total=2.248e-04 f=1.916e-04 ic=4.360e-06 wall=4.538e-06 inlet=1.126e-06 outlet=5.596e-07
SciPy L-BFGS-B 60800 | total=2.241e-04 f=1.910e-04 ic=4.329e-06 wall=4.514e-06 inlet=1.124e-06 outlet=5.531e-07
SciPy L-BFGS-B 60900 | total=2.235e-04 f=1.905e-04 ic=4.336e-06 wall=4.506e-06 inlet=1.116e-06 outlet=5.708e-07
SciPy L-BFGS-B 61000 | total=2.230e-04 f=1.901e-04 ic=4.324e-06 wall=4.475e-06 inlet=1.119e-06 outlet=5.586e-07
Saved PyTorch checkpoint to results/checkpoints/strict_reproduce_5090/latest_lbfgs.pt
SciPy L-BFGS-B 61100 | total=2.224e-04 f=1.898e-04 ic=4.279e-06 wall=4.451e-06 inlet=1.113e-06 outlet=5.520e-07
SciPy L-BFGS-B 61200 | total=2.219e-04 f=1.893e-04 ic=4.256e-06 wall=4.431e-06 inlet=1.116e-06 outlet=5.566e-07
SciPy L-BFGS-B 61300 | total=2.212e-04 f=1.889e-04 ic=4.221e-06 wall=4.407e-06 inlet=1.105e-06 outlet=5.466e-07
SciPy L-BFGS-B 61400 | total=2.204e-04 f=1.883e-04 ic=4.235e-06 wall=4.384e-06 inlet=1.096e-06 outlet=5.523e-07
SciPy L-BFGS-B 61500 | total=2.198e-04 f=1.877e-04 ic=4.181e-06 wall=4.385e-06 inlet=1.087e-06 outlet=5.478e-07
Saved PyTorch checkpoint to results/checkpoints/strict_reproduce_5090/latest_lbfgs.pt
SciPy L-BFGS-B 61600 | total=2.192e-04 f=1.872e-04 ic=4.219e-06 wall=4.357e-06 inlet=1.096e-06 outlet=5.460e-07
SciPy L-BFGS-B 61700 | total=2.187e-04 f=1.868e-04 ic=4.239e-06 wall=4.350e-06 inlet=1.087e-06 outlet=5.370e-07
SciPy L-BFGS-B 61800 | total=2.182e-04 f=1.863e-04 ic=4.231e-06 wall=4.350e-06 inlet=1.080e-06 outlet=5.299e-07
SciPy L-BFGS-B 61900 | total=2.176e-04 f=1.858e-04 ic=4.231e-06 wall=4.339e-06 inlet=1.071e-06 outlet=5.415e-07
SciPy L-BFGS-B 62000 | total=2.171e-04 f=1.854e-04 ic=4.216e-06 wall=4.314e-06 inlet=1.074e-06 outlet=5.424e-07
Saved PyTorch checkpoint to results/checkpoints/strict_reproduce_5090/latest_lbfgs.pt
SciPy L-BFGS-B 62100 | total=2.166e-04 f=1.850e-04 ic=4.232e-06 wall=4.296e-06 inlet=1.061e-06 outlet=5.355e-07
SciPy L-BFGS-B 62200 | total=2.160e-04 f=1.845e-04 ic=4.216e-06 wall=4.289e-06 inlet=1.063e-06 outlet=5.503e-07
SciPy L-BFGS-B 62300 | total=2.155e-04 f=1.841e-04 ic=4.211e-06 wall=4.265e-06 inlet=1.066e-06 outlet=5.456e-07
SciPy L-BFGS-B 62400 | total=2.150e-04 f=1.837e-04 ic=4.181e-06 wall=4.265e-06 inlet=1.061e-06 outlet=5.462e-07
SciPy L-BFGS-B 62500 | total=2.144e-04 f=1.832e-04 ic=4.130e-06 wall=4.245e-06 inlet=1.074e-06 outlet=5.452e-07
Saved PyTorch checkpoint to results/checkpoints/strict_reproduce_5090/latest_lbfgs.pt
SciPy L-BFGS-B 62600 | total=2.139e-04 f=1.826e-04 ic=4.073e-06 wall=4.259e-06 inlet=1.064e-06 outlet=5.500e-07
SciPy L-BFGS-B 62700 | total=2.133e-04 f=1.820e-04 ic=4.087e-06 wall=4.269e-06 inlet=1.064e-06 outlet=5.304e-07
SciPy L-BFGS-B 62800 | total=2.127e-04 f=1.815e-04 ic=4.072e-06 wall=4.276e-06 inlet=1.049e-06 outlet=5.369e-07
SciPy L-BFGS-B 62900 | total=2.121e-04 f=1.809e-04 ic=4.059e-06 wall=4.272e-06 inlet=1.047e-06 outlet=5.493e-07
SciPy L-BFGS-B 63000 | total=2.115e-04 f=1.804e-04 ic=4.087e-06 wall=4.249e-06 inlet=1.050e-06 outlet=5.556e-07
Saved PyTorch checkpoint to results/checkpoints/strict_reproduce_5090/latest_lbfgs.pt
SciPy L-BFGS-B 63100 | total=2.110e-04 f=1.800e-04 ic=4.119e-06 wall=4.225e-06 inlet=1.043e-06 outlet=5.513e-07
SciPy L-BFGS-B 63200 | total=2.104e-04 f=1.795e-04 ic=4.104e-06 wall=4.213e-06 inlet=1.042e-06 outlet=5.411e-07
Saved PyTorch checkpoint to results/checkpoints/strict_reproduce_5090/latest_lbfgs.pt
SciPy L-BFGS-B status: CONVERGENCE: RELATIVE REDUCTION OF F <= FACTR*EPSMCH
--- 13116.58 seconds ---
Saved PyTorch checkpoint to results/checkpoints/strict_reproduce_5090/latest.pt
