nohup: ignoring input
=== Starting balanced PINN training (exp: strict_grad_norm_adam40k_5090, balancer: strict_grad_norm) ===
    Adam 10k (lr=5e-4) + L-BFGS 50k evals
    Re=10: mu=0.005, tmax=0.5s, period=1.0s

Using device: cuda
Experiment: strict_grad_norm_adam40k_5090  balancer: strict_grad_norm
[snapshot] will save non-overwriting snapshots at Adam iters: [10000]
Adam 1 | total=7.193e+00 f=5.602e+00 ic=6.128e-01 wall=5.611e-01 inlet=2.458e-01 outlet=1.713e-01 lr=5.000e-04 | λ[f=1.00 ic=1.00 wall=1.00 inlet=1.00 outlet=1.00]
Saved PyTorch checkpoint to results/checkpoints/strict_grad_norm_adam40k_5090/best.pt
Saved PyTorch checkpoint to results/checkpoints/strict_grad_norm_adam40k_5090/best.pt
Saved PyTorch checkpoint to results/checkpoints/strict_grad_norm_adam40k_5090/best.pt
Saved PyTorch checkpoint to results/checkpoints/strict_grad_norm_adam40k_5090/best.pt
Saved PyTorch checkpoint to results/checkpoints/strict_grad_norm_adam40k_5090/best.pt
Adam 100 | total=7.344e+00 f=1.878e-01 ic=3.400e-04 wall=2.626e-02 inlet=4.335e-02 outlet=2.514e-05 lr=5.000e-04 | λ[f=1.00 ic=1000.00 wall=114.53 inlet=87.27 outlet=1000.00]
Adam 200 | total=1.590e+00 f=1.088e-01 ic=4.236e-05 wall=1.792e-02 inlet=5.517e-02 outlet=8.894e-06 lr=5.000e-04 | λ[f=1.00 ic=1000.00 wall=32.98 inlet=15.20 outlet=1000.00]
Saved PyTorch checkpoint to results/checkpoints/strict_grad_norm_adam40k_5090/best.pt
Saved PyTorch checkpoint to results/checkpoints/strict_grad_norm_adam40k_5090/best.pt
Saved PyTorch checkpoint to results/checkpoints/strict_grad_norm_adam40k_5090/best.pt
Saved PyTorch checkpoint to results/checkpoints/strict_grad_norm_adam40k_5090/best.pt
Saved PyTorch checkpoint to results/checkpoints/strict_grad_norm_adam40k_5090/best.pt
Saved PyTorch checkpoint to results/checkpoints/strict_grad_norm_adam40k_5090/best.pt
Saved PyTorch checkpoint to results/checkpoints/strict_grad_norm_adam40k_5090/best.pt
Saved PyTorch checkpoint to results/checkpoints/strict_grad_norm_adam40k_5090/best.pt
Saved PyTorch checkpoint to results/checkpoints/strict_grad_norm_adam40k_5090/best.pt
Saved PyTorch checkpoint to results/checkpoints/strict_grad_norm_adam40k_5090/best.pt
Saved PyTorch checkpoint to results/checkpoints/strict_grad_norm_adam40k_5090/best.pt
Saved PyTorch checkpoint to results/checkpoints/strict_grad_norm_adam40k_5090/best.pt
Saved PyTorch checkpoint to results/checkpoints/strict_grad_norm_adam40k_5090/best.pt
Saved PyTorch checkpoint to results/checkpoints/strict_grad_norm_adam40k_5090/best.pt
Saved PyTorch checkpoint to results/checkpoints/strict_grad_norm_adam40k_5090/best.pt
Saved PyTorch checkpoint to results/checkpoints/strict_grad_norm_adam40k_5090/best.pt
Saved PyTorch checkpoint to results/checkpoints/strict_grad_norm_adam40k_5090/best.pt
Saved PyTorch checkpoint to results/checkpoints/strict_grad_norm_adam40k_5090/best.pt
Saved PyTorch checkpoint to results/checkpoints/strict_grad_norm_adam40k_5090/best.pt
Saved PyTorch checkpoint to results/checkpoints/strict_grad_norm_adam40k_5090/best.pt
Saved PyTorch checkpoint to results/checkpoints/strict_grad_norm_adam40k_5090/best.pt
Saved PyTorch checkpoint to results/checkpoints/strict_grad_norm_adam40k_5090/best.pt
Saved PyTorch checkpoint to results/checkpoints/strict_grad_norm_adam40k_5090/best.pt
Saved PyTorch checkpoint to results/checkpoints/strict_grad_norm_adam40k_5090/best.pt
Saved PyTorch checkpoint to results/checkpoints/strict_grad_norm_adam40k_5090/best.pt
Saved PyTorch checkpoint to results/checkpoints/strict_grad_norm_adam40k_5090/best.pt
Saved PyTorch checkpoint to results/checkpoints/strict_grad_norm_adam40k_5090/best.pt
Saved PyTorch checkpoint to results/checkpoints/strict_grad_norm_adam40k_5090/best.pt
Saved PyTorch checkpoint to results/checkpoints/strict_grad_norm_adam40k_5090/best.pt
Saved PyTorch checkpoint to results/checkpoints/strict_grad_norm_adam40k_5090/best.pt
Saved PyTorch checkpoint to results/checkpoints/strict_grad_norm_adam40k_5090/best.pt
Saved PyTorch checkpoint to results/checkpoints/strict_grad_norm_adam40k_5090/best.pt
Saved PyTorch checkpoint to results/checkpoints/strict_grad_norm_adam40k_5090/best.pt
Saved PyTorch checkpoint to results/checkpoints/strict_grad_norm_adam40k_5090/best.pt
Saved PyTorch checkpoint to results/checkpoints/strict_grad_norm_adam40k_5090/best.pt
Saved PyTorch checkpoint to results/checkpoints/strict_grad_norm_adam40k_5090/best.pt
Saved PyTorch checkpoint to results/checkpoints/strict_grad_norm_adam40k_5090/best.pt
Saved PyTorch checkpoint to results/checkpoints/strict_grad_norm_adam40k_5090/best.pt
Saved PyTorch checkpoint to results/checkpoints/strict_grad_norm_adam40k_5090/best.pt
Saved PyTorch checkpoint to results/checkpoints/strict_grad_norm_adam40k_5090/best.pt
Adam 300 | total=8.343e-01 f=6.856e-02 ic=1.696e-05 wall=1.172e-02 inlet=7.204e-02 outlet=3.830e-06 lr=5.000e-04 | λ[f=1.00 ic=1000.00 wall=22.76 inlet=6.64 outlet=1000.00]
Saved PyTorch checkpoint to results/checkpoints/strict_grad_norm_adam40k_5090/best.pt
Saved PyTorch checkpoint to results/checkpoints/strict_grad_norm_adam40k_5090/best.pt
Saved PyTorch checkpoint to results/checkpoints/strict_grad_norm_adam40k_5090/best.pt
Saved PyTorch checkpoint to results/checkpoints/strict_grad_norm_adam40k_5090/best.pt
Saved PyTorch checkpoint to results/checkpoints/strict_grad_norm_adam40k_5090/best.pt
Saved PyTorch checkpoint to results/checkpoints/strict_grad_norm_adam40k_5090/best.pt
Saved PyTorch checkpoint to results/checkpoints/strict_grad_norm_adam40k_5090/best.pt
Saved PyTorch checkpoint to results/checkpoints/strict_grad_norm_adam40k_5090/best.pt
Saved PyTorch checkpoint to results/checkpoints/strict_grad_norm_adam40k_5090/best.pt
Saved PyTorch checkpoint to results/checkpoints/strict_grad_norm_adam40k_5090/best.pt
Saved PyTorch checkpoint to results/checkpoints/strict_grad_norm_adam40k_5090/best.pt
Saved PyTorch checkpoint to results/checkpoints/strict_grad_norm_adam40k_5090/best.pt
Saved PyTorch checkpoint to results/checkpoints/strict_grad_norm_adam40k_5090/best.pt
Saved PyTorch checkpoint to results/checkpoints/strict_grad_norm_adam40k_5090/best.pt
Saved PyTorch checkpoint to results/checkpoints/strict_grad_norm_adam40k_5090/best.pt
Saved PyTorch checkpoint to results/checkpoints/strict_grad_norm_adam40k_5090/best.pt
Saved PyTorch checkpoint to results/checkpoints/strict_grad_norm_adam40k_5090/best.pt
Saved PyTorch checkpoint to results/checkpoints/strict_grad_norm_adam40k_5090/best.pt
Saved PyTorch checkpoint to results/checkpoints/strict_grad_norm_adam40k_5090/best.pt
Saved PyTorch checkpoint to results/checkpoints/strict_grad_norm_adam40k_5090/best.pt
Saved PyTorch checkpoint to results/checkpoints/strict_grad_norm_adam40k_5090/best.pt
Saved PyTorch checkpoint to results/checkpoints/strict_grad_norm_adam40k_5090/best.pt
Saved PyTorch checkpoint to results/checkpoints/strict_grad_norm_adam40k_5090/best.pt
Saved PyTorch checkpoint to results/checkpoints/strict_grad_norm_adam40k_5090/best.pt
Saved PyTorch checkpoint to results/checkpoints/strict_grad_norm_adam40k_5090/best.pt
Saved PyTorch checkpoint to results/checkpoints/strict_grad_norm_adam40k_5090/best.pt
Saved PyTorch checkpoint to results/checkpoints/strict_grad_norm_adam40k_5090/best.pt
Saved PyTorch checkpoint to results/checkpoints/strict_grad_norm_adam40k_5090/best.pt
Saved PyTorch checkpoint to results/checkpoints/strict_grad_norm_adam40k_5090/best.pt
Saved PyTorch checkpoint to results/checkpoints/strict_grad_norm_adam40k_5090/best.pt
Saved PyTorch checkpoint to results/checkpoints/strict_grad_norm_adam40k_5090/best.pt
Saved PyTorch checkpoint to results/checkpoints/strict_grad_norm_adam40k_5090/best.pt
Saved PyTorch checkpoint to results/checkpoints/strict_grad_norm_adam40k_5090/best.pt
Saved PyTorch checkpoint to results/checkpoints/strict_grad_norm_adam40k_5090/best.pt
Saved PyTorch checkpoint to results/checkpoints/strict_grad_norm_adam40k_5090/best.pt
Saved PyTorch checkpoint to results/checkpoints/strict_grad_norm_adam40k_5090/best.pt
Saved PyTorch checkpoint to results/checkpoints/strict_grad_norm_adam40k_5090/best.pt
Saved PyTorch checkpoint to results/checkpoints/strict_grad_norm_adam40k_5090/best.pt
Saved PyTorch checkpoint to results/checkpoints/strict_grad_norm_adam40k_5090/best.pt
Saved PyTorch checkpoint to results/checkpoints/strict_grad_norm_adam40k_5090/best.pt
Saved PyTorch checkpoint to results/checkpoints/strict_grad_norm_adam40k_5090/best.pt
Saved PyTorch checkpoint to results/checkpoints/strict_grad_norm_adam40k_5090/best.pt
Saved PyTorch checkpoint to results/checkpoints/strict_grad_norm_adam40k_5090/best.pt
Saved PyTorch checkpoint to results/checkpoints/strict_grad_norm_adam40k_5090/best.pt
Saved PyTorch checkpoint to results/checkpoints/strict_grad_norm_adam40k_5090/best.pt
Saved PyTorch checkpoint to results/checkpoints/strict_grad_norm_adam40k_5090/best.pt
Saved PyTorch checkpoint to results/checkpoints/strict_grad_norm_adam40k_5090/best.pt
Saved PyTorch checkpoint to results/checkpoints/strict_grad_norm_adam40k_5090/best.pt
Saved PyTorch checkpoint to results/checkpoints/strict_grad_norm_adam40k_5090/best.pt
Saved PyTorch checkpoint to results/checkpoints/strict_grad_norm_adam40k_5090/best.pt
Saved PyTorch checkpoint to results/checkpoints/strict_grad_norm_adam40k_5090/best.pt
Saved PyTorch checkpoint to results/checkpoints/strict_grad_norm_adam40k_5090/best.pt
Saved PyTorch checkpoint to results/checkpoints/strict_grad_norm_adam40k_5090/best.pt
Saved PyTorch checkpoint to results/checkpoints/strict_grad_norm_adam40k_5090/best.pt
Saved PyTorch checkpoint to results/checkpoints/strict_grad_norm_adam40k_5090/best.pt
Saved PyTorch checkpoint to results/checkpoints/strict_grad_norm_adam40k_5090/best.pt
Saved PyTorch checkpoint to results/checkpoints/strict_grad_norm_adam40k_5090/best.pt
Saved PyTorch checkpoint to results/checkpoints/strict_grad_norm_adam40k_5090/best.pt
Saved PyTorch checkpoint to results/checkpoints/strict_grad_norm_adam40k_5090/best.pt
Saved PyTorch checkpoint to results/checkpoints/strict_grad_norm_adam40k_5090/best.pt
Saved PyTorch checkpoint to results/checkpoints/strict_grad_norm_adam40k_5090/best.pt
Saved PyTorch checkpoint to results/checkpoints/strict_grad_norm_adam40k_5090/best.pt
Saved PyTorch checkpoint to results/checkpoints/strict_grad_norm_adam40k_5090/best.pt
Saved PyTorch checkpoint to results/checkpoints/strict_grad_norm_adam40k_5090/best.pt
Saved PyTorch checkpoint to results/checkpoints/strict_grad_norm_adam40k_5090/best.pt
Saved PyTorch checkpoint to results/checkpoints/strict_grad_norm_adam40k_5090/best.pt
Saved PyTorch checkpoint to results/checkpoints/strict_grad_norm_adam40k_5090/best.pt
Saved PyTorch checkpoint to results/checkpoints/strict_grad_norm_adam40k_5090/best.pt
Saved PyTorch checkpoint to results/checkpoints/strict_grad_norm_adam40k_5090/best.pt
Saved PyTorch checkpoint to results/checkpoints/strict_grad_norm_adam40k_5090/best.pt
Saved PyTorch checkpoint to results/checkpoints/strict_grad_norm_adam40k_5090/best.pt
Saved PyTorch checkpoint to results/checkpoints/strict_grad_norm_adam40k_5090/best.pt
Saved PyTorch checkpoint to results/checkpoints/strict_grad_norm_adam40k_5090/best.pt
Saved PyTorch checkpoint to results/checkpoints/strict_grad_norm_adam40k_5090/best.pt
Saved PyTorch checkpoint to results/checkpoints/strict_grad_norm_adam40k_5090/best.pt
Saved PyTorch checkpoint to results/checkpoints/strict_grad_norm_adam40k_5090/best.pt
Saved PyTorch checkpoint to results/checkpoints/strict_grad_norm_adam40k_5090/best.pt
Saved PyTorch checkpoint to results/checkpoints/strict_grad_norm_adam40k_5090/best.pt
Saved PyTorch checkpoint to results/checkpoints/strict_grad_norm_adam40k_5090/best.pt
Saved PyTorch checkpoint to results/checkpoints/strict_grad_norm_adam40k_5090/best.pt
Saved PyTorch checkpoint to results/checkpoints/strict_grad_norm_adam40k_5090/best.pt
Saved PyTorch checkpoint to results/checkpoints/strict_grad_norm_adam40k_5090/best.pt
Saved PyTorch checkpoint to results/checkpoints/strict_grad_norm_adam40k_5090/best.pt
Saved PyTorch checkpoint to results/checkpoints/strict_grad_norm_adam40k_5090/best.pt
Saved PyTorch checkpoint to results/checkpoints/strict_grad_norm_adam40k_5090/best.pt
Saved PyTorch checkpoint to results/checkpoints/strict_grad_norm_adam40k_5090/best.pt
Saved PyTorch checkpoint to results/checkpoints/strict_grad_norm_adam40k_5090/best.pt
Saved PyTorch checkpoint to results/checkpoints/strict_grad_norm_adam40k_5090/best.pt
Saved PyTorch checkpoint to results/checkpoints/strict_grad_norm_adam40k_5090/best.pt
Saved PyTorch checkpoint to results/checkpoints/strict_grad_norm_adam40k_5090/best.pt
Saved PyTorch checkpoint to results/checkpoints/strict_grad_norm_adam40k_5090/best.pt
Saved PyTorch checkpoint to results/checkpoints/strict_grad_norm_adam40k_5090/best.pt
Saved PyTorch checkpoint to results/checkpoints/strict_grad_norm_adam40k_5090/best.pt
Saved PyTorch checkpoint to results/checkpoints/strict_grad_norm_adam40k_5090/best.pt
Saved PyTorch checkpoint to results/checkpoints/strict_grad_norm_adam40k_5090/best.pt
Saved PyTorch checkpoint to results/checkpoints/strict_grad_norm_adam40k_5090/best.pt
Saved PyTorch checkpoint to results/checkpoints/strict_grad_norm_adam40k_5090/best.pt
Saved PyTorch checkpoint to results/checkpoints/strict_grad_norm_adam40k_5090/best.pt
Saved PyTorch checkpoint to results/checkpoints/strict_grad_norm_adam40k_5090/best.pt
Saved PyTorch checkpoint to results/checkpoints/strict_grad_norm_adam40k_5090/best.pt
Adam 400 | total=6.987e-01 f=4.757e-02 ic=9.958e-06 wall=8.339e-03 inlet=8.486e-02 outlet=1.866e-06 lr=5.000e-04 | λ[f=1.00 ic=1000.00 wall=23.98 inlet=5.18 outlet=1000.00]
Saved PyTorch checkpoint to results/checkpoints/strict_grad_norm_adam40k_5090/best.pt
Saved PyTorch checkpoint to results/checkpoints/strict_grad_norm_adam40k_5090/best.pt
Saved PyTorch checkpoint to results/checkpoints/strict_grad_norm_adam40k_5090/best.pt
Saved PyTorch checkpoint to results/checkpoints/strict_grad_norm_adam40k_5090/best.pt
Saved PyTorch checkpoint to results/checkpoints/strict_grad_norm_adam40k_5090/best.pt
Saved PyTorch checkpoint to results/checkpoints/strict_grad_norm_adam40k_5090/best.pt
Saved PyTorch checkpoint to results/checkpoints/strict_grad_norm_adam40k_5090/best.pt
Saved PyTorch checkpoint to results/checkpoints/strict_grad_norm_adam40k_5090/best.pt
Saved PyTorch checkpoint to results/checkpoints/strict_grad_norm_adam40k_5090/best.pt
Saved PyTorch checkpoint to results/checkpoints/strict_grad_norm_adam40k_5090/best.pt
Saved PyTorch checkpoint to results/checkpoints/strict_grad_norm_adam40k_5090/best.pt
Saved PyTorch checkpoint to results/checkpoints/strict_grad_norm_adam40k_5090/best.pt
Saved PyTorch checkpoint to results/checkpoints/strict_grad_norm_adam40k_5090/best.pt
Saved PyTorch checkpoint to results/checkpoints/strict_grad_norm_adam40k_5090/best.pt
Saved PyTorch checkpoint to results/checkpoints/strict_grad_norm_adam40k_5090/best.pt
Saved PyTorch checkpoint to results/checkpoints/strict_grad_norm_adam40k_5090/best.pt
Saved PyTorch checkpoint to results/checkpoints/strict_grad_norm_adam40k_5090/best.pt
Saved PyTorch checkpoint to results/checkpoints/strict_grad_norm_adam40k_5090/best.pt
Saved PyTorch checkpoint to results/checkpoints/strict_grad_norm_adam40k_5090/best.pt
Saved PyTorch checkpoint to results/checkpoints/strict_grad_norm_adam40k_5090/best.pt
Saved PyTorch checkpoint to results/checkpoints/strict_grad_norm_adam40k_5090/best.pt
Saved PyTorch checkpoint to results/checkpoints/strict_grad_norm_adam40k_5090/best.pt
Saved PyTorch checkpoint to results/checkpoints/strict_grad_norm_adam40k_5090/best.pt
Saved PyTorch checkpoint to results/checkpoints/strict_grad_norm_adam40k_5090/best.pt
Saved PyTorch checkpoint to results/checkpoints/strict_grad_norm_adam40k_5090/best.pt
Saved PyTorch checkpoint to results/checkpoints/strict_grad_norm_adam40k_5090/best.pt
Saved PyTorch checkpoint to results/checkpoints/strict_grad_norm_adam40k_5090/best.pt
Saved PyTorch checkpoint to results/checkpoints/strict_grad_norm_adam40k_5090/best.pt
Saved PyTorch checkpoint to results/checkpoints/strict_grad_norm_adam40k_5090/best.pt
Saved PyTorch checkpoint to results/checkpoints/strict_grad_norm_adam40k_5090/best.pt
Saved PyTorch checkpoint to results/checkpoints/strict_grad_norm_adam40k_5090/best.pt
Saved PyTorch checkpoint to results/checkpoints/strict_grad_norm_adam40k_5090/best.pt
Saved PyTorch checkpoint to results/checkpoints/strict_grad_norm_adam40k_5090/best.pt
Saved PyTorch checkpoint to results/checkpoints/strict_grad_norm_adam40k_5090/best.pt
Saved PyTorch checkpoint to results/checkpoints/strict_grad_norm_adam40k_5090/best.pt
Saved PyTorch checkpoint to results/checkpoints/strict_grad_norm_adam40k_5090/best.pt
Saved PyTorch checkpoint to results/checkpoints/strict_grad_norm_adam40k_5090/best.pt
Saved PyTorch checkpoint to results/checkpoints/strict_grad_norm_adam40k_5090/best.pt
Saved PyTorch checkpoint to results/checkpoints/strict_grad_norm_adam40k_5090/best.pt
Saved PyTorch checkpoint to results/checkpoints/strict_grad_norm_adam40k_5090/best.pt
Saved PyTorch checkpoint to results/checkpoints/strict_grad_norm_adam40k_5090/best.pt
Saved PyTorch checkpoint to results/checkpoints/strict_grad_norm_adam40k_5090/best.pt
Saved PyTorch checkpoint to results/checkpoints/strict_grad_norm_adam40k_5090/best.pt
Adam 500 | total=6.346e-01 f=3.534e-02 ic=9.335e-06 wall=6.159e-03 inlet=9.532e-02 outlet=1.200e-06 lr=5.000e-04 | λ[f=1.00 ic=995.89 wall=26.58 inlet=4.46 outlet=1000.00]
Saved PyTorch checkpoint to results/checkpoints/strict_grad_norm_adam40k_5090/best.pt
Saved PyTorch checkpoint to results/checkpoints/strict_grad_norm_adam40k_5090/best.pt
Saved PyTorch checkpoint to results/checkpoints/strict_grad_norm_adam40k_5090/best.pt
Saved PyTorch checkpoint to results/checkpoints/strict_grad_norm_adam40k_5090/best.pt
Saved PyTorch checkpoint to results/checkpoints/strict_grad_norm_adam40k_5090/best.pt
Saved PyTorch checkpoint to results/checkpoints/strict_grad_norm_adam40k_5090/best.pt
Saved PyTorch checkpoint to results/checkpoints/strict_grad_norm_adam40k_5090/best.pt
Saved PyTorch checkpoint to results/checkpoints/strict_grad_norm_adam40k_5090/best.pt
Saved PyTorch checkpoint to results/checkpoints/strict_grad_norm_adam40k_5090/best.pt
Saved PyTorch checkpoint to results/checkpoints/strict_grad_norm_adam40k_5090/best.pt
Saved PyTorch checkpoint to results/checkpoints/strict_grad_norm_adam40k_5090/best.pt
Saved PyTorch checkpoint to results/checkpoints/strict_grad_norm_adam40k_5090/best.pt
Saved PyTorch checkpoint to results/checkpoints/strict_grad_norm_adam40k_5090/best.pt
Saved PyTorch checkpoint to results/checkpoints/strict_grad_norm_adam40k_5090/best.pt
Saved PyTorch checkpoint to results/checkpoints/strict_grad_norm_adam40k_5090/best.pt
Saved PyTorch checkpoint to results/checkpoints/strict_grad_norm_adam40k_5090/best.pt
Saved PyTorch checkpoint to results/checkpoints/strict_grad_norm_adam40k_5090/best.pt
Saved PyTorch checkpoint to results/checkpoints/strict_grad_norm_adam40k_5090/best.pt
Saved PyTorch checkpoint to results/checkpoints/strict_grad_norm_adam40k_5090/best.pt
Saved PyTorch checkpoint to results/checkpoints/strict_grad_norm_adam40k_5090/best.pt
Saved PyTorch checkpoint to results/checkpoints/strict_grad_norm_adam40k_5090/best.pt
Saved PyTorch checkpoint to results/checkpoints/strict_grad_norm_adam40k_5090/best.pt
Saved PyTorch checkpoint to results/checkpoints/strict_grad_norm_adam40k_5090/best.pt
Saved PyTorch checkpoint to results/checkpoints/strict_grad_norm_adam40k_5090/best.pt
Saved PyTorch checkpoint to results/checkpoints/strict_grad_norm_adam40k_5090/best.pt
Saved PyTorch checkpoint to results/checkpoints/strict_grad_norm_adam40k_5090/best.pt
Saved PyTorch checkpoint to results/checkpoints/strict_grad_norm_adam40k_5090/best.pt
Saved PyTorch checkpoint to results/checkpoints/strict_grad_norm_adam40k_5090/best.pt
Saved PyTorch checkpoint to results/checkpoints/strict_grad_norm_adam40k_5090/best.pt
Saved PyTorch checkpoint to results/checkpoints/strict_grad_norm_adam40k_5090/best.pt
Saved PyTorch checkpoint to results/checkpoints/strict_grad_norm_adam40k_5090/best.pt
Saved PyTorch checkpoint to results/checkpoints/strict_grad_norm_adam40k_5090/best.pt
Saved PyTorch checkpoint to results/checkpoints/strict_grad_norm_adam40k_5090/best.pt
Saved PyTorch checkpoint to results/checkpoints/strict_grad_norm_adam40k_5090/best.pt
Saved PyTorch checkpoint to results/checkpoints/strict_grad_norm_adam40k_5090/best.pt
Saved PyTorch checkpoint to results/checkpoints/strict_grad_norm_adam40k_5090/best.pt
Saved PyTorch checkpoint to results/checkpoints/strict_grad_norm_adam40k_5090/best.pt
Saved PyTorch checkpoint to results/checkpoints/strict_grad_norm_adam40k_5090/best.pt
Saved PyTorch checkpoint to results/checkpoints/strict_grad_norm_adam40k_5090/best.pt
Saved PyTorch checkpoint to results/checkpoints/strict_grad_norm_adam40k_5090/best.pt
Saved PyTorch checkpoint to results/checkpoints/strict_grad_norm_adam40k_5090/best.pt
Saved PyTorch checkpoint to results/checkpoints/strict_grad_norm_adam40k_5090/best.pt
Saved PyTorch checkpoint to results/checkpoints/strict_grad_norm_adam40k_5090/best.pt
Saved PyTorch checkpoint to results/checkpoints/strict_grad_norm_adam40k_5090/best.pt
Saved PyTorch checkpoint to results/checkpoints/strict_grad_norm_adam40k_5090/best.pt
Saved PyTorch checkpoint to results/checkpoints/strict_grad_norm_adam40k_5090/best.pt
Saved PyTorch checkpoint to results/checkpoints/strict_grad_norm_adam40k_5090/best.pt
Saved PyTorch checkpoint to results/checkpoints/strict_grad_norm_adam40k_5090/best.pt
Saved PyTorch checkpoint to results/checkpoints/strict_grad_norm_adam40k_5090/best.pt
Saved PyTorch checkpoint to results/checkpoints/strict_grad_norm_adam40k_5090/best.pt
Saved PyTorch checkpoint to results/checkpoints/strict_grad_norm_adam40k_5090/best.pt
Adam 600 | total=5.242e-01 f=2.656e-02 ic=3.249e-05 wall=4.543e-03 inlet=1.053e-01 outlet=1.682e-05 lr=5.000e-04 | λ[f=1.00 ic=308.13 wall=25.72 inlet=3.42 outlet=623.62]
Saved PyTorch checkpoint to results/checkpoints/strict_grad_norm_adam40k_5090/best.pt
Saved PyTorch checkpoint to results/checkpoints/strict_grad_norm_adam40k_5090/best.pt
Saved PyTorch checkpoint to results/checkpoints/strict_grad_norm_adam40k_5090/best.pt
Saved PyTorch checkpoint to results/checkpoints/strict_grad_norm_adam40k_5090/best.pt
Saved PyTorch checkpoint to results/checkpoints/strict_grad_norm_adam40k_5090/best.pt
Saved PyTorch checkpoint to results/checkpoints/strict_grad_norm_adam40k_5090/best.pt
Saved PyTorch checkpoint to results/checkpoints/strict_grad_norm_adam40k_5090/best.pt
Saved PyTorch checkpoint to results/checkpoints/strict_grad_norm_adam40k_5090/best.pt
Saved PyTorch checkpoint to results/checkpoints/strict_grad_norm_adam40k_5090/best.pt
Saved PyTorch checkpoint to results/checkpoints/strict_grad_norm_adam40k_5090/best.pt
Saved PyTorch checkpoint to results/checkpoints/strict_grad_norm_adam40k_5090/best.pt
Saved PyTorch checkpoint to results/checkpoints/strict_grad_norm_adam40k_5090/best.pt
Saved PyTorch checkpoint to results/checkpoints/strict_grad_norm_adam40k_5090/best.pt
Saved PyTorch checkpoint to results/checkpoints/strict_grad_norm_adam40k_5090/best.pt
Saved PyTorch checkpoint to results/checkpoints/strict_grad_norm_adam40k_5090/best.pt
Saved PyTorch checkpoint to results/checkpoints/strict_grad_norm_adam40k_5090/best.pt
Saved PyTorch checkpoint to results/checkpoints/strict_grad_norm_adam40k_5090/best.pt
Saved PyTorch checkpoint to results/checkpoints/strict_grad_norm_adam40k_5090/best.pt
Saved PyTorch checkpoint to results/checkpoints/strict_grad_norm_adam40k_5090/best.pt
Adam 700 | total=4.255e-01 f=2.091e-02 ic=5.272e-06 wall=3.416e-03 inlet=1.141e-01 outlet=8.910e-07 lr=5.000e-04 | λ[f=1.00 ic=994.63 wall=25.43 inlet=2.73 outlet=1000.00]
Saved PyTorch checkpoint to results/checkpoints/strict_grad_norm_adam40k_5090/best.pt
Saved PyTorch checkpoint to results/checkpoints/strict_grad_norm_adam40k_5090/best.pt
Saved PyTorch checkpoint to results/checkpoints/strict_grad_norm_adam40k_5090/best.pt
Saved PyTorch checkpoint to results/checkpoints/strict_grad_norm_adam40k_5090/best.pt
Saved PyTorch checkpoint to results/checkpoints/strict_grad_norm_adam40k_5090/best.pt
Saved PyTorch checkpoint to results/checkpoints/strict_grad_norm_adam40k_5090/best.pt
Saved PyTorch checkpoint to results/checkpoints/strict_grad_norm_adam40k_5090/best.pt
Saved PyTorch checkpoint to results/checkpoints/strict_grad_norm_adam40k_5090/best.pt
Saved PyTorch checkpoint to results/checkpoints/strict_grad_norm_adam40k_5090/best.pt
Saved PyTorch checkpoint to results/checkpoints/strict_grad_norm_adam40k_5090/best.pt
Saved PyTorch checkpoint to results/checkpoints/strict_grad_norm_adam40k_5090/best.pt
Saved PyTorch checkpoint to results/checkpoints/strict_grad_norm_adam40k_5090/best.pt
Saved PyTorch checkpoint to results/checkpoints/strict_grad_norm_adam40k_5090/best.pt
Saved PyTorch checkpoint to results/checkpoints/strict_grad_norm_adam40k_5090/best.pt
Saved PyTorch checkpoint to results/checkpoints/strict_grad_norm_adam40k_5090/best.pt
Saved PyTorch checkpoint to results/checkpoints/strict_grad_norm_adam40k_5090/best.pt
Saved PyTorch checkpoint to results/checkpoints/strict_grad_norm_adam40k_5090/best.pt
Saved PyTorch checkpoint to results/checkpoints/strict_grad_norm_adam40k_5090/best.pt
Adam 800 | total=3.592e-01 f=1.662e-02 ic=1.186e-05 wall=2.602e-03 inlet=1.220e-01 outlet=2.373e-06 lr=5.000e-04 | λ[f=1.00 ic=479.07 wall=25.50 inlet=2.20 outlet=999.95]
Saved PyTorch checkpoint to results/checkpoints/strict_grad_norm_adam40k_5090/best.pt
Saved PyTorch checkpoint to results/checkpoints/strict_grad_norm_adam40k_5090/best.pt
Saved PyTorch checkpoint to results/checkpoints/strict_grad_norm_adam40k_5090/best.pt
Saved PyTorch checkpoint to results/checkpoints/strict_grad_norm_adam40k_5090/best.pt
Saved PyTorch checkpoint to results/checkpoints/strict_grad_norm_adam40k_5090/best.pt
Saved PyTorch checkpoint to results/checkpoints/strict_grad_norm_adam40k_5090/best.pt
Saved PyTorch checkpoint to results/checkpoints/strict_grad_norm_adam40k_5090/best.pt
Saved PyTorch checkpoint to results/checkpoints/strict_grad_norm_adam40k_5090/best.pt
Saved PyTorch checkpoint to results/checkpoints/strict_grad_norm_adam40k_5090/best.pt
Adam 900 | total=3.088e-01 f=1.382e-02 ic=1.086e-05 wall=2.451e-03 inlet=1.235e-01 outlet=7.968e-07 lr=5.000e-04 | λ[f=1.00 ic=270.95 wall=20.85 inlet=1.94 outlet=1000.00]
Saved PyTorch checkpoint to results/checkpoints/strict_grad_norm_adam40k_5090/best.pt
Saved PyTorch checkpoint to results/checkpoints/strict_grad_norm_adam40k_5090/best.pt
Saved PyTorch checkpoint to results/checkpoints/strict_grad_norm_adam40k_5090/best.pt
Saved PyTorch checkpoint to results/checkpoints/strict_grad_norm_adam40k_5090/best.pt
Saved PyTorch checkpoint to results/checkpoints/strict_grad_norm_adam40k_5090/best.pt
Saved PyTorch checkpoint to results/checkpoints/strict_grad_norm_adam40k_5090/best.pt
Saved PyTorch checkpoint to results/checkpoints/strict_grad_norm_adam40k_5090/best.pt
Saved PyTorch checkpoint to results/checkpoints/strict_grad_norm_adam40k_5090/best.pt
Saved PyTorch checkpoint to results/checkpoints/strict_grad_norm_adam40k_5090/best.pt
Saved PyTorch checkpoint to results/checkpoints/strict_grad_norm_adam40k_5090/best.pt
Saved PyTorch checkpoint to results/checkpoints/strict_grad_norm_adam40k_5090/best.pt
Saved PyTorch checkpoint to results/checkpoints/strict_grad_norm_adam40k_5090/best.pt
Adam 1000 | total=4.867e-01 f=1.129e-02 ic=3.307e-04 wall=2.150e-03 inlet=1.279e-01 outlet=9.370e-05 lr=5.000e-04 | λ[f=1.00 ic=75.34 wall=27.89 inlet=2.86 outlet=263.41]
Adam 1100 | total=2.731e-01 f=1.030e-02 ic=1.778e-05 wall=2.007e-03 inlet=1.291e-01 outlet=4.737e-06 lr=5.000e-04 | λ[f=1.00 ic=283.16 wall=20.50 inlet=1.65 outlet=685.44]
Saved PyTorch checkpoint to results/checkpoints/strict_grad_norm_adam40k_5090/best.pt
Saved PyTorch checkpoint to results/checkpoints/strict_grad_norm_adam40k_5090/best.pt
Saved PyTorch checkpoint to results/checkpoints/strict_grad_norm_adam40k_5090/best.pt
Saved PyTorch checkpoint to results/checkpoints/strict_grad_norm_adam40k_5090/best.pt
Saved PyTorch checkpoint to results/checkpoints/strict_grad_norm_adam40k_5090/best.pt
Saved PyTorch checkpoint to results/checkpoints/strict_grad_norm_adam40k_5090/best.pt
Saved PyTorch checkpoint to results/checkpoints/strict_grad_norm_adam40k_5090/best.pt
Saved PyTorch checkpoint to results/checkpoints/strict_grad_norm_adam40k_5090/best.pt
Saved PyTorch checkpoint to results/checkpoints/strict_grad_norm_adam40k_5090/best.pt
Saved PyTorch checkpoint to results/checkpoints/strict_grad_norm_adam40k_5090/best.pt
Saved PyTorch checkpoint to results/checkpoints/strict_grad_norm_adam40k_5090/best.pt
Saved PyTorch checkpoint to results/checkpoints/strict_grad_norm_adam40k_5090/best.pt
Saved PyTorch checkpoint to results/checkpoints/strict_grad_norm_adam40k_5090/best.pt
Saved PyTorch checkpoint to results/checkpoints/strict_grad_norm_adam40k_5090/best.pt
Saved PyTorch checkpoint to results/checkpoints/strict_grad_norm_adam40k_5090/best.pt
Saved PyTorch checkpoint to results/checkpoints/strict_grad_norm_adam40k_5090/best.pt
Saved PyTorch checkpoint to results/checkpoints/strict_grad_norm_adam40k_5090/best.pt
Saved PyTorch checkpoint to results/checkpoints/strict_grad_norm_adam40k_5090/best.pt
Adam 1200 | total=1.974e-01 f=8.560e-03 ic=8.011e-06 wall=1.648e-03 inlet=1.341e-01 outlet=2.228e-06 lr=5.000e-04 | λ[f=1.00 ic=247.66 wall=17.43 inlet=1.17 outlet=665.40]
Saved PyTorch checkpoint to results/checkpoints/strict_grad_norm_adam40k_5090/best.pt
Saved PyTorch checkpoint to results/checkpoints/strict_grad_norm_adam40k_5090/best.pt
Saved PyTorch checkpoint to results/checkpoints/strict_grad_norm_adam40k_5090/best.pt
Saved PyTorch checkpoint to results/checkpoints/strict_grad_norm_adam40k_5090/best.pt
Saved PyTorch checkpoint to results/checkpoints/strict_grad_norm_adam40k_5090/best.pt
Saved PyTorch checkpoint to results/checkpoints/strict_grad_norm_adam40k_5090/best.pt
Adam 1300 | total=2.756e-01 f=7.761e-03 ic=1.163e-04 wall=1.777e-03 inlet=1.322e-01 outlet=4.815e-05 lr=5.000e-04 | λ[f=1.00 ic=79.61 wall=20.03 inlet=1.61 outlet=199.03]
Saved PyTorch checkpoint to results/checkpoints/strict_grad_norm_adam40k_5090/best.pt
Saved PyTorch checkpoint to results/checkpoints/strict_grad_norm_adam40k_5090/best.pt
Saved PyTorch checkpoint to results/checkpoints/strict_grad_norm_adam40k_5090/best.pt
Adam 1400 | total=1.695e-01 f=6.655e-03 ic=3.022e-06 wall=1.575e-03 inlet=1.354e-01 outlet=2.168e-07 lr=5.000e-04 | λ[f=1.00 ic=479.91 wall=14.67 inlet=1.02 outlet=999.96]
Saved PyTorch checkpoint to results/checkpoints/strict_grad_norm_adam40k_5090/best.pt
Adam 1500 | total=7.017e+00 f=1.357e-01 ic=1.164e-03 wall=1.769e-02 inlet=6.296e-02 outlet=1.090e-05 lr=5.000e-04 | λ[f=1.00 ic=457.88 wall=121.95 inlet=66.40 outlet=995.52]
Adam 1600 | total=1.112e+00 f=4.300e-02 ic=2.090e-05 wall=1.432e-02 inlet=5.723e-02 outlet=5.231e-06 lr=5.000e-04 | λ[f=1.00 ic=993.84 wall=27.86 inlet=11.24 outlet=1000.00]
Adam 1700 | total=6.819e-01 f=3.401e-02 ic=1.112e-05 wall=1.176e-02 inlet=6.256e-02 outlet=2.449e-06 lr=5.000e-04 | λ[f=1.00 ic=910.05 wall=19.94 inlet=6.41 outlet=1000.00]
Adam 1800 | total=1.111e+00 f=3.072e-02 ic=1.250e-03 wall=1.821e-02 inlet=4.895e-02 outlet=3.582e-06 lr=5.000e-04 | λ[f=1.00 ic=155.46 wall=17.66 inlet=11.46 outlet=1000.00]
Adam 1900 | total=1.732e+00 f=6.326e-02 ic=4.430e-05 wall=2.553e-02 inlet=3.081e-02 outlet=5.878e-06 lr=5.000e-04 | λ[f=1.00 ic=947.76 wall=30.66 inlet=27.21 outlet=995.24]
Adam 2000 | total=1.181e+00 f=5.121e-02 ic=1.078e-05 wall=2.175e-02 inlet=3.436e-02 outlet=7.358e-07 lr=5.000e-04 | λ[f=1.00 ic=1000.00 wall=24.39 inlet=17.11 outlet=1000.00]
Adam 2100 | total=8.308e-01 f=4.029e-02 ic=9.167e-06 wall=1.793e-02 inlet=4.004e-02 outlet=5.765e-07 lr=5.000e-04 | λ[f=1.00 ic=1000.00 wall=19.61 inlet=10.72 outlet=1000.00]
Adam 2200 | total=5.549e-01 f=3.046e-02 ic=7.342e-06 wall=1.370e-02 inlet=4.911e-02 outlet=4.488e-07 lr=5.000e-04 | λ[f=1.00 ic=1000.00 wall=15.66 inlet=6.15 outlet=1000.00]
Adam 2300 | total=4.618e-01 f=2.414e-02 ic=2.952e-05 wall=1.065e-02 inlet=5.812e-02 outlet=3.902e-07 lr=5.000e-04 | λ[f=1.00 ic=318.45 wall=15.77 inlet=4.47 outlet=1000.00]
Adam 2400 | total=1.950e-01 f=1.614e-02 ic=6.174e-06 wall=6.631e-03 inlet=7.602e-02 outlet=2.867e-07 lr=5.000e-04 | λ[f=1.00 ic=494.30 wall=8.94 inlet=1.53 outlet=1000.00]
Adam 2500 | total=1.683e-01 f=1.203e-02 ic=4.928e-06 wall=5.489e-03 inlet=8.335e-02 outlet=2.451e-07 lr=5.000e-04 | λ[f=1.00 ic=572.24 wall=8.49 inlet=1.28 outlet=1000.00]
Adam 2600 | total=2.094e+00 f=3.411e-02 ic=4.175e-05 wall=1.844e-02 inlet=4.075e-02 outlet=5.074e-06 lr=5.000e-04 | λ[f=1.00 ic=939.80 wall=45.09 inlet=29.05 outlet=999.42]
Adam 2700 | total=1.182e+00 f=3.874e-02 ic=1.612e-05 wall=1.719e-02 inlet=3.870e-02 outlet=6.867e-07 lr=5.000e-04 | λ[f=1.00 ic=995.55 wall=29.38 inlet=16.05 outlet=1000.00]
Adam 2800 | total=9.149e-01 f=3.106e-02 ic=1.631e-04 wall=1.149e-02 inlet=5.168e-02 outlet=1.509e-05 lr=5.000e-04 | λ[f=1.00 ic=270.97 wall=31.16 inlet=9.03 outlet=1000.00]
Adam 2900 | total=5.136e-01 f=2.084e-02 ic=4.287e-05 wall=8.364e-03 inlet=6.232e-02 outlet=2.967e-05 lr=5.000e-04 | λ[f=1.00 ic=329.12 wall=20.11 inlet=4.79 outlet=404.06]
Adam 3000 | total=3.410e-01 f=1.572e-02 ic=6.799e-06 wall=6.308e-03 inlet=7.259e-02 outlet=1.415e-06 lr=5.000e-04 | λ[f=1.00 ic=978.75 wall=16.63 inlet=2.92 outlet=993.84]
Adam 3100 | total=2.147e-01 f=1.161e-02 ic=4.775e-06 wall=4.669e-03 inlet=8.385e-02 outlet=6.068e-07 lr=5.000e-04 | λ[f=1.00 ic=968.07 wall=12.65 inlet=1.66 outlet=997.01]
Saved PyTorch checkpoint to results/checkpoints/strict_grad_norm_adam40k_5090/best.pt
Saved PyTorch checkpoint to results/checkpoints/strict_grad_norm_adam40k_5090/best.pt
Saved PyTorch checkpoint to results/checkpoints/strict_grad_norm_adam40k_5090/best.pt
Saved PyTorch checkpoint to results/checkpoints/strict_grad_norm_adam40k_5090/best.pt
Saved PyTorch checkpoint to results/checkpoints/strict_grad_norm_adam40k_5090/best.pt
Saved PyTorch checkpoint to results/checkpoints/strict_grad_norm_adam40k_5090/best.pt
Saved PyTorch checkpoint to results/checkpoints/strict_grad_norm_adam40k_5090/best.pt
Saved PyTorch checkpoint to results/checkpoints/strict_grad_norm_adam40k_5090/best.pt
Saved PyTorch checkpoint to results/checkpoints/strict_grad_norm_adam40k_5090/best.pt
Saved PyTorch checkpoint to results/checkpoints/strict_grad_norm_adam40k_5090/best.pt
Saved PyTorch checkpoint to results/checkpoints/strict_grad_norm_adam40k_5090/best.pt
Adam 3200 | total=1.159e-01 f=8.105e-03 ic=3.935e-06 wall=2.796e-03 inlet=1.021e-01 outlet=2.648e-07 lr=5.000e-04 | λ[f=1.00 ic=888.64 wall=9.63 inlet=0.76 outlet=999.62]
Saved PyTorch checkpoint to results/checkpoints/strict_grad_norm_adam40k_5090/best.pt
Saved PyTorch checkpoint to results/checkpoints/strict_grad_norm_adam40k_5090/best.pt
Saved PyTorch checkpoint to results/checkpoints/strict_grad_norm_adam40k_5090/best.pt
Saved PyTorch checkpoint to results/checkpoints/strict_grad_norm_adam40k_5090/best.pt
Saved PyTorch checkpoint to results/checkpoints/strict_grad_norm_adam40k_5090/best.pt
Saved PyTorch checkpoint to results/checkpoints/strict_grad_norm_adam40k_5090/best.pt
Saved PyTorch checkpoint to results/checkpoints/strict_grad_norm_adam40k_5090/best.pt
Saved PyTorch checkpoint to results/checkpoints/strict_grad_norm_adam40k_5090/best.pt
Saved PyTorch checkpoint to results/checkpoints/strict_grad_norm_adam40k_5090/best.pt
Saved PyTorch checkpoint to results/checkpoints/strict_grad_norm_adam40k_5090/best.pt
Adam 3300 | total=1.738e-01 f=6.788e-03 ic=2.081e-05 wall=2.433e-03 inlet=1.064e-01 outlet=1.410e-05 lr=5.000e-04 | λ[f=1.00 ic=161.44 wall=15.25 inlet=1.16 outlet=195.15]
Adam 3400 | total=1.983e-01 f=6.055e-03 ic=3.498e-06 wall=2.784e-03 inlet=1.023e-01 outlet=2.124e-07 lr=5.000e-04 | λ[f=1.00 ic=923.88 wall=15.47 inlet=1.42 outlet=999.95]
Adam 3500 | total=7.367e-01 f=1.323e-02 ic=4.889e-05 wall=6.157e-03 inlet=7.492e-02 outlet=2.433e-05 lr=5.000e-04 | λ[f=1.00 ic=409.63 wall=33.77 inlet=6.42 outlet=590.14]
Adam 3600 | total=4.434e-01 f=1.262e-02 ic=3.363e-06 wall=4.981e-03 inlet=8.067e-02 outlet=2.907e-07 lr=5.000e-04 | λ[f=1.00 ic=1000.00 wall=25.84 inlet=3.70 outlet=1000.00]
Adam 3700 | total=2.191e-01 f=9.229e-03 ic=2.137e-06 wall=3.538e-03 inlet=9.284e-02 outlet=2.253e-07 lr=5.000e-04 | λ[f=1.00 ic=1000.00 wall=16.02 inlet=1.62 outlet=1000.00]
Adam 3800 | total=1.324e-01 f=6.821e-03 ic=1.446e-06 wall=2.680e-03 inlet=1.028e-01 outlet=1.776e-07 lr=5.000e-04 | λ[f=1.00 ic=1000.00 wall=11.46 inlet=0.91 outlet=1000.00]
Saved PyTorch checkpoint to results/checkpoints/strict_grad_norm_adam40k_5090/best.pt
Saved PyTorch checkpoint to results/checkpoints/strict_grad_norm_adam40k_5090/best.pt
Saved PyTorch checkpoint to results/checkpoints/strict_grad_norm_adam40k_5090/best.pt
Saved PyTorch checkpoint to results/checkpoints/strict_grad_norm_adam40k_5090/best.pt
Saved PyTorch checkpoint to results/checkpoints/strict_grad_norm_adam40k_5090/best.pt
Saved PyTorch checkpoint to results/checkpoints/strict_grad_norm_adam40k_5090/best.pt
Saved PyTorch checkpoint to results/checkpoints/strict_grad_norm_adam40k_5090/best.pt
Saved PyTorch checkpoint to results/checkpoints/strict_grad_norm_adam40k_5090/best.pt
Saved PyTorch checkpoint to results/checkpoints/strict_grad_norm_adam40k_5090/best.pt
Saved PyTorch checkpoint to results/checkpoints/strict_grad_norm_adam40k_5090/best.pt
Adam 3900 | total=1.010e-01 f=5.425e-03 ic=1.057e-06 wall=2.198e-03 inlet=1.097e-01 outlet=1.455e-07 lr=5.000e-04 | λ[f=1.00 ic=1000.00 wall=9.80 inlet=0.66 outlet=1000.00]
Saved PyTorch checkpoint to results/checkpoints/strict_grad_norm_adam40k_5090/best.pt
Saved PyTorch checkpoint to results/checkpoints/strict_grad_norm_adam40k_5090/best.pt
Saved PyTorch checkpoint to results/checkpoints/strict_grad_norm_adam40k_5090/best.pt
Saved PyTorch checkpoint to results/checkpoints/strict_grad_norm_adam40k_5090/best.pt
Saved PyTorch checkpoint to results/checkpoints/strict_grad_norm_adam40k_5090/best.pt
Saved PyTorch checkpoint to results/checkpoints/strict_grad_norm_adam40k_5090/best.pt
Saved PyTorch checkpoint to results/checkpoints/strict_grad_norm_adam40k_5090/best.pt
Saved PyTorch checkpoint to results/checkpoints/strict_grad_norm_adam40k_5090/best.pt
Saved PyTorch checkpoint to results/checkpoints/strict_grad_norm_adam40k_5090/best.pt
Saved PyTorch checkpoint to results/checkpoints/strict_grad_norm_adam40k_5090/best.pt
Saved PyTorch checkpoint to results/checkpoints/strict_grad_norm_adam40k_5090/best.pt
Saved PyTorch checkpoint to results/checkpoints/strict_grad_norm_adam40k_5090/best.pt
Saved PyTorch checkpoint to results/checkpoints/strict_grad_norm_adam40k_5090/best.pt
Saved PyTorch checkpoint to results/checkpoints/strict_grad_norm_adam40k_5090/best.pt
Saved PyTorch checkpoint to results/checkpoints/strict_grad_norm_adam40k_5090/best.pt
Saved PyTorch checkpoint to results/checkpoints/strict_grad_norm_adam40k_5090/best.pt
Saved PyTorch checkpoint to results/checkpoints/strict_grad_norm_adam40k_5090/best.pt
Saved PyTorch checkpoint to results/checkpoints/strict_grad_norm_adam40k_5090/best.pt
Saved PyTorch checkpoint to results/checkpoints/strict_grad_norm_adam40k_5090/best.pt
Saved PyTorch checkpoint to results/checkpoints/strict_grad_norm_adam40k_5090/best.pt
Saved PyTorch checkpoint to results/checkpoints/strict_grad_norm_adam40k_5090/best.pt
Saved PyTorch checkpoint to results/checkpoints/strict_grad_norm_adam40k_5090/best.pt
Saved PyTorch checkpoint to results/checkpoints/strict_grad_norm_adam40k_5090/best.pt
Saved PyTorch checkpoint to results/checkpoints/strict_grad_norm_adam40k_5090/best.pt
Saved PyTorch checkpoint to results/checkpoints/strict_grad_norm_adam40k_5090/best.pt
Saved PyTorch checkpoint to results/checkpoints/strict_grad_norm_adam40k_5090/best.pt
Saved PyTorch checkpoint to results/checkpoints/strict_grad_norm_adam40k_5090/best.pt
Saved PyTorch checkpoint to results/checkpoints/strict_grad_norm_adam40k_5090/best.pt
Saved PyTorch checkpoint to results/checkpoints/strict_grad_norm_adam40k_5090/best.pt
Saved PyTorch checkpoint to results/checkpoints/strict_grad_norm_adam40k_5090/best.pt
Saved PyTorch checkpoint to results/checkpoints/strict_grad_norm_adam40k_5090/best.pt
Saved PyTorch checkpoint to results/checkpoints/strict_grad_norm_adam40k_5090/best.pt
Saved PyTorch checkpoint to results/checkpoints/strict_grad_norm_adam40k_5090/best.pt
Saved PyTorch checkpoint to results/checkpoints/strict_grad_norm_adam40k_5090/best.pt
Saved PyTorch checkpoint to results/checkpoints/strict_grad_norm_adam40k_5090/best.pt
Saved PyTorch checkpoint to results/checkpoints/strict_grad_norm_adam40k_5090/best.pt
Saved PyTorch checkpoint to results/checkpoints/strict_grad_norm_adam40k_5090/best.pt
Saved PyTorch checkpoint to results/checkpoints/strict_grad_norm_adam40k_5090/best.pt
Saved PyTorch checkpoint to results/checkpoints/strict_grad_norm_adam40k_5090/best.pt
Saved PyTorch checkpoint to results/checkpoints/strict_grad_norm_adam40k_5090/best.pt
Saved PyTorch checkpoint to results/checkpoints/strict_grad_norm_adam40k_5090/best.pt
Saved PyTorch checkpoint to results/checkpoints/strict_grad_norm_adam40k_5090/best.pt
Saved PyTorch checkpoint to results/checkpoints/strict_grad_norm_adam40k_5090/best.pt
Saved PyTorch checkpoint to results/checkpoints/strict_grad_norm_adam40k_5090/best.pt
Saved PyTorch checkpoint to results/checkpoints/strict_grad_norm_adam40k_5090/best.pt
Saved PyTorch checkpoint to results/checkpoints/strict_grad_norm_adam40k_5090/best.pt
Saved PyTorch checkpoint to results/checkpoints/strict_grad_norm_adam40k_5090/best.pt
Saved PyTorch checkpoint to results/checkpoints/strict_grad_norm_adam40k_5090/best.pt
Saved PyTorch checkpoint to results/checkpoints/strict_grad_norm_adam40k_5090/best.pt
Saved PyTorch checkpoint to results/checkpoints/strict_grad_norm_adam40k_5090/best.pt
Saved PyTorch checkpoint to results/checkpoints/strict_grad_norm_adam40k_5090/best.pt
Saved PyTorch checkpoint to results/checkpoints/strict_grad_norm_adam40k_5090/best.pt
Saved PyTorch checkpoint to results/checkpoints/strict_grad_norm_adam40k_5090/best.pt
Saved PyTorch checkpoint to results/checkpoints/strict_grad_norm_adam40k_5090/best.pt
Saved PyTorch checkpoint to results/checkpoints/strict_grad_norm_adam40k_5090/best.pt
Saved PyTorch checkpoint to results/checkpoints/strict_grad_norm_adam40k_5090/best.pt
Saved PyTorch checkpoint to results/checkpoints/strict_grad_norm_adam40k_5090/best.pt
Saved PyTorch checkpoint to results/checkpoints/strict_grad_norm_adam40k_5090/best.pt
Saved PyTorch checkpoint to results/checkpoints/strict_grad_norm_adam40k_5090/best.pt
Saved PyTorch checkpoint to results/checkpoints/strict_grad_norm_adam40k_5090/best.pt
Saved PyTorch checkpoint to results/checkpoints/strict_grad_norm_adam40k_5090/best.pt
Saved PyTorch checkpoint to results/checkpoints/strict_grad_norm_adam40k_5090/best.pt
Saved PyTorch checkpoint to results/checkpoints/strict_grad_norm_adam40k_5090/best.pt
Saved PyTorch checkpoint to results/checkpoints/strict_grad_norm_adam40k_5090/best.pt
Saved PyTorch checkpoint to results/checkpoints/strict_grad_norm_adam40k_5090/best.pt
Saved PyTorch checkpoint to results/checkpoints/strict_grad_norm_adam40k_5090/best.pt
Saved PyTorch checkpoint to results/checkpoints/strict_grad_norm_adam40k_5090/best.pt
Saved PyTorch checkpoint to results/checkpoints/strict_grad_norm_adam40k_5090/best.pt
Saved PyTorch checkpoint to results/checkpoints/strict_grad_norm_adam40k_5090/best.pt
Saved PyTorch checkpoint to results/checkpoints/strict_grad_norm_adam40k_5090/best.pt
Saved PyTorch checkpoint to results/checkpoints/strict_grad_norm_adam40k_5090/best.pt
Saved PyTorch checkpoint to results/checkpoints/strict_grad_norm_adam40k_5090/best.pt
Saved PyTorch checkpoint to results/checkpoints/strict_grad_norm_adam40k_5090/best.pt
Saved PyTorch checkpoint to results/checkpoints/strict_grad_norm_adam40k_5090/best.pt
Saved PyTorch checkpoint to results/checkpoints/strict_grad_norm_adam40k_5090/best.pt
Saved PyTorch checkpoint to results/checkpoints/strict_grad_norm_adam40k_5090/best.pt
Saved PyTorch checkpoint to results/checkpoints/strict_grad_norm_adam40k_5090/best.pt
Saved PyTorch checkpoint to results/checkpoints/strict_grad_norm_adam40k_5090/best.pt
Saved PyTorch checkpoint to results/checkpoints/strict_grad_norm_adam40k_5090/best.pt
Saved PyTorch checkpoint to results/checkpoints/strict_grad_norm_adam40k_5090/best.pt
Saved PyTorch checkpoint to results/checkpoints/strict_grad_norm_adam40k_5090/best.pt
Saved PyTorch checkpoint to results/checkpoints/strict_grad_norm_adam40k_5090/best.pt
Saved PyTorch checkpoint to results/checkpoints/strict_grad_norm_adam40k_5090/best.pt
Saved PyTorch checkpoint to results/checkpoints/strict_grad_norm_adam40k_5090/best.pt
Saved PyTorch checkpoint to results/checkpoints/strict_grad_norm_adam40k_5090/best.pt
Saved PyTorch checkpoint to results/checkpoints/strict_grad_norm_adam40k_5090/best.pt
Saved PyTorch checkpoint to results/checkpoints/strict_grad_norm_adam40k_5090/best.pt
Saved PyTorch checkpoint to results/checkpoints/strict_grad_norm_adam40k_5090/best.pt
Saved PyTorch checkpoint to results/checkpoints/strict_grad_norm_adam40k_5090/best.pt
Saved PyTorch checkpoint to results/checkpoints/strict_grad_norm_adam40k_5090/best.pt
Saved PyTorch checkpoint to results/checkpoints/strict_grad_norm_adam40k_5090/best.pt
Saved PyTorch checkpoint to results/checkpoints/strict_grad_norm_adam40k_5090/best.pt
Saved PyTorch checkpoint to results/checkpoints/strict_grad_norm_adam40k_5090/best.pt
Saved PyTorch checkpoint to results/checkpoints/strict_grad_norm_adam40k_5090/best.pt
Saved PyTorch checkpoint to results/checkpoints/strict_grad_norm_adam40k_5090/best.pt
Saved PyTorch checkpoint to results/checkpoints/strict_grad_norm_adam40k_5090/best.pt
Saved PyTorch checkpoint to results/checkpoints/strict_grad_norm_adam40k_5090/best.pt
Saved PyTorch checkpoint to results/checkpoints/strict_grad_norm_adam40k_5090/best.pt
Saved PyTorch checkpoint to results/checkpoints/strict_grad_norm_adam40k_5090/best.pt
Saved PyTorch checkpoint to results/checkpoints/strict_grad_norm_adam40k_5090/best.pt
Adam 4000 | total=8.379e-02 f=4.541e-03 ic=8.120e-07 wall=1.888e-03 inlet=1.148e-01 outlet=1.237e-07 lr=5.000e-04 | λ[f=1.00 ic=1000.00 wall=8.85 inlet=0.54 outlet=1000.00]
Saved PyTorch checkpoint to results/checkpoints/strict_grad_norm_adam40k_5090/best.pt
Saved PyTorch checkpoint to results/checkpoints/strict_grad_norm_adam40k_5090/best.pt
Saved PyTorch checkpoint to results/checkpoints/strict_grad_norm_adam40k_5090/best.pt
Saved PyTorch checkpoint to results/checkpoints/strict_grad_norm_adam40k_5090/best.pt
Saved PyTorch checkpoint to results/checkpoints/strict_grad_norm_adam40k_5090/best.pt
Saved PyTorch checkpoint to results/checkpoints/strict_grad_norm_adam40k_5090/best.pt
Saved PyTorch checkpoint to results/checkpoints/strict_grad_norm_adam40k_5090/best.pt
Saved PyTorch checkpoint to results/checkpoints/strict_grad_norm_adam40k_5090/best.pt
Saved PyTorch checkpoint to results/checkpoints/strict_grad_norm_adam40k_5090/best.pt
Saved PyTorch checkpoint to results/checkpoints/strict_grad_norm_adam40k_5090/best.pt
Saved PyTorch checkpoint to results/checkpoints/strict_grad_norm_adam40k_5090/best.pt
Saved PyTorch checkpoint to results/checkpoints/strict_grad_norm_adam40k_5090/best.pt
Saved PyTorch checkpoint to results/checkpoints/strict_grad_norm_adam40k_5090/best.pt
Saved PyTorch checkpoint to results/checkpoints/strict_grad_norm_adam40k_5090/best.pt
Saved PyTorch checkpoint to results/checkpoints/strict_grad_norm_adam40k_5090/best.pt
Saved PyTorch checkpoint to results/checkpoints/strict_grad_norm_adam40k_5090/best.pt
Saved PyTorch checkpoint to results/checkpoints/strict_grad_norm_adam40k_5090/best.pt
Saved PyTorch checkpoint to results/checkpoints/strict_grad_norm_adam40k_5090/best.pt
Saved PyTorch checkpoint to results/checkpoints/strict_grad_norm_adam40k_5090/best.pt
Saved PyTorch checkpoint to results/checkpoints/strict_grad_norm_adam40k_5090/best.pt
Saved PyTorch checkpoint to results/checkpoints/strict_grad_norm_adam40k_5090/best.pt
Saved PyTorch checkpoint to results/checkpoints/strict_grad_norm_adam40k_5090/best.pt
Saved PyTorch checkpoint to results/checkpoints/strict_grad_norm_adam40k_5090/best.pt
Saved PyTorch checkpoint to results/checkpoints/strict_grad_norm_adam40k_5090/best.pt
Saved PyTorch checkpoint to results/checkpoints/strict_grad_norm_adam40k_5090/best.pt
Saved PyTorch checkpoint to results/checkpoints/strict_grad_norm_adam40k_5090/best.pt
Saved PyTorch checkpoint to results/checkpoints/strict_grad_norm_adam40k_5090/best.pt
Saved PyTorch checkpoint to results/checkpoints/strict_grad_norm_adam40k_5090/best.pt
Saved PyTorch checkpoint to results/checkpoints/strict_grad_norm_adam40k_5090/best.pt
Saved PyTorch checkpoint to results/checkpoints/strict_grad_norm_adam40k_5090/best.pt
Saved PyTorch checkpoint to results/checkpoints/strict_grad_norm_adam40k_5090/best.pt
Saved PyTorch checkpoint to results/checkpoints/strict_grad_norm_adam40k_5090/best.pt
Saved PyTorch checkpoint to results/checkpoints/strict_grad_norm_adam40k_5090/best.pt
Saved PyTorch checkpoint to results/checkpoints/strict_grad_norm_adam40k_5090/best.pt
Saved PyTorch checkpoint to results/checkpoints/strict_grad_norm_adam40k_5090/best.pt
Saved PyTorch checkpoint to results/checkpoints/strict_grad_norm_adam40k_5090/best.pt
Saved PyTorch checkpoint to results/checkpoints/strict_grad_norm_adam40k_5090/best.pt
Saved PyTorch checkpoint to results/checkpoints/strict_grad_norm_adam40k_5090/best.pt
Saved PyTorch checkpoint to results/checkpoints/strict_grad_norm_adam40k_5090/best.pt
Saved PyTorch checkpoint to results/checkpoints/strict_grad_norm_adam40k_5090/best.pt
Saved PyTorch checkpoint to results/checkpoints/strict_grad_norm_adam40k_5090/best.pt
Saved PyTorch checkpoint to results/checkpoints/strict_grad_norm_adam40k_5090/best.pt
Saved PyTorch checkpoint to results/checkpoints/strict_grad_norm_adam40k_5090/best.pt
Saved PyTorch checkpoint to results/checkpoints/strict_grad_norm_adam40k_5090/best.pt
Saved PyTorch checkpoint to results/checkpoints/strict_grad_norm_adam40k_5090/best.pt
Saved PyTorch checkpoint to results/checkpoints/strict_grad_norm_adam40k_5090/best.pt
Saved PyTorch checkpoint to results/checkpoints/strict_grad_norm_adam40k_5090/best.pt
Saved PyTorch checkpoint to results/checkpoints/strict_grad_norm_adam40k_5090/best.pt
Saved PyTorch checkpoint to results/checkpoints/strict_grad_norm_adam40k_5090/best.pt
Saved PyTorch checkpoint to results/checkpoints/strict_grad_norm_adam40k_5090/best.pt
Saved PyTorch checkpoint to results/checkpoints/strict_grad_norm_adam40k_5090/best.pt
Saved PyTorch checkpoint to results/checkpoints/strict_grad_norm_adam40k_5090/best.pt
Saved PyTorch checkpoint to results/checkpoints/strict_grad_norm_adam40k_5090/best.pt
Saved PyTorch checkpoint to results/checkpoints/strict_grad_norm_adam40k_5090/best.pt
Saved PyTorch checkpoint to results/checkpoints/strict_grad_norm_adam40k_5090/best.pt
Saved PyTorch checkpoint to results/checkpoints/strict_grad_norm_adam40k_5090/best.pt
Saved PyTorch checkpoint to results/checkpoints/strict_grad_norm_adam40k_5090/best.pt
Saved PyTorch checkpoint to results/checkpoints/strict_grad_norm_adam40k_5090/best.pt
Saved PyTorch checkpoint to results/checkpoints/strict_grad_norm_adam40k_5090/best.pt
Saved PyTorch checkpoint to results/checkpoints/strict_grad_norm_adam40k_5090/best.pt
Saved PyTorch checkpoint to results/checkpoints/strict_grad_norm_adam40k_5090/best.pt
Saved PyTorch checkpoint to results/checkpoints/strict_grad_norm_adam40k_5090/best.pt
Saved PyTorch checkpoint to results/checkpoints/strict_grad_norm_adam40k_5090/best.pt
Saved PyTorch checkpoint to results/checkpoints/strict_grad_norm_adam40k_5090/best.pt
Saved PyTorch checkpoint to results/checkpoints/strict_grad_norm_adam40k_5090/best.pt
Saved PyTorch checkpoint to results/checkpoints/strict_grad_norm_adam40k_5090/best.pt
Saved PyTorch checkpoint to results/checkpoints/strict_grad_norm_adam40k_5090/best.pt
Saved PyTorch checkpoint to results/checkpoints/strict_grad_norm_adam40k_5090/best.pt
Saved PyTorch checkpoint to results/checkpoints/strict_grad_norm_adam40k_5090/best.pt
Saved PyTorch checkpoint to results/checkpoints/strict_grad_norm_adam40k_5090/best.pt
Saved PyTorch checkpoint to results/checkpoints/strict_grad_norm_adam40k_5090/best.pt
Saved PyTorch checkpoint to results/checkpoints/strict_grad_norm_adam40k_5090/best.pt
Saved PyTorch checkpoint to results/checkpoints/strict_grad_norm_adam40k_5090/best.pt
Saved PyTorch checkpoint to results/checkpoints/strict_grad_norm_adam40k_5090/best.pt
Saved PyTorch checkpoint to results/checkpoints/strict_grad_norm_adam40k_5090/best.pt
Saved PyTorch checkpoint to results/checkpoints/strict_grad_norm_adam40k_5090/best.pt
Saved PyTorch checkpoint to results/checkpoints/strict_grad_norm_adam40k_5090/best.pt
Saved PyTorch checkpoint to results/checkpoints/strict_grad_norm_adam40k_5090/best.pt
Saved PyTorch checkpoint to results/checkpoints/strict_grad_norm_adam40k_5090/best.pt
Saved PyTorch checkpoint to results/checkpoints/strict_grad_norm_adam40k_5090/best.pt
Saved PyTorch checkpoint to results/checkpoints/strict_grad_norm_adam40k_5090/best.pt
Saved PyTorch checkpoint to results/checkpoints/strict_grad_norm_adam40k_5090/best.pt
Saved PyTorch checkpoint to results/checkpoints/strict_grad_norm_adam40k_5090/best.pt
Saved PyTorch checkpoint to results/checkpoints/strict_grad_norm_adam40k_5090/best.pt
Saved PyTorch checkpoint to results/checkpoints/strict_grad_norm_adam40k_5090/best.pt
Saved PyTorch checkpoint to results/checkpoints/strict_grad_norm_adam40k_5090/best.pt
Adam 4100 | total=7.565e-02 f=3.928e-03 ic=6.563e-07 wall=1.670e-03 inlet=1.187e-01 outlet=1.089e-07 lr=5.000e-04 | λ[f=1.00 ic=995.02 wall=8.55 inlet=0.48 outlet=997.00]
Saved PyTorch checkpoint to results/checkpoints/strict_grad_norm_adam40k_5090/best.pt
Saved PyTorch checkpoint to results/checkpoints/strict_grad_norm_adam40k_5090/best.pt
Adam 4200 | total=1.259e-01 f=4.026e-03 ic=4.784e-06 wall=1.506e-03 inlet=1.208e-01 outlet=1.332e-06 lr=5.000e-04 | λ[f=1.00 ic=256.06 wall=15.12 inlet=0.81 outlet=444.23]
Saved PyTorch checkpoint to results/checkpoints/strict_grad_norm_adam40k_5090/best.pt
Saved PyTorch checkpoint to results/checkpoints/strict_grad_norm_adam40k_5090/best.pt
Saved PyTorch checkpoint to results/checkpoints/strict_grad_norm_adam40k_5090/best.pt
Saved PyTorch checkpoint to results/checkpoints/strict_grad_norm_adam40k_5090/best.pt
Saved PyTorch checkpoint to results/checkpoints/strict_grad_norm_adam40k_5090/best.pt
Adam 4300 | total=7.319e-02 f=3.374e-03 ic=9.035e-07 wall=1.316e-03 inlet=1.251e-01 outlet=2.254e-07 lr=5.000e-04 | λ[f=1.00 ic=803.41 wall=9.73 inlet=0.45 outlet=806.57]
Saved PyTorch checkpoint to results/checkpoints/strict_grad_norm_adam40k_5090/best.pt
Saved PyTorch checkpoint to results/checkpoints/strict_grad_norm_adam40k_5090/best.pt
Saved PyTorch checkpoint to results/checkpoints/strict_grad_norm_adam40k_5090/best.pt
Saved PyTorch checkpoint to results/checkpoints/strict_grad_norm_adam40k_5090/best.pt
Saved PyTorch checkpoint to results/checkpoints/strict_grad_norm_adam40k_5090/best.pt
Adam 4400 | total=2.575e-01 f=3.083e-03 ic=6.511e-05 wall=1.146e-03 inlet=1.292e-01 outlet=5.609e-05 lr=5.000e-04 | λ[f=1.00 ic=200.32 wall=36.46 inlet=1.45 outlet=216.76]
Adam 4500 | total=6.324e-02 f=2.772e-03 ic=8.259e-07 wall=1.088e-03 inlet=1.303e-01 outlet=9.882e-08 lr=5.000e-04 | λ[f=1.00 ic=930.86 wall=9.22 inlet=0.38 outlet=942.48]
Adam 4600 | total=8.893e-01 f=5.690e-03 ic=5.990e-04 wall=2.998e-03 inlet=1.101e-01 outlet=5.192e-05 lr=5.000e-04 | λ[f=1.00 ic=109.98 wall=43.47 inlet=6.02 outlet=483.14]
Adam 4700 | total=6.082e-01 f=1.022e-02 ic=5.708e-06 wall=3.361e-03 inlet=9.354e-02 outlet=1.424e-06 lr=5.000e-04 | λ[f=1.00 ic=998.67 wall=45.26 inlet=4.69 outlet=999.98]
Adam 4800 | total=3.783e-01 f=7.755e-03 ic=1.785e-06 wall=2.612e-03 inlet=1.013e-01 outlet=2.172e-07 lr=5.000e-04 | λ[f=1.00 ic=1000.00 wall=34.57 inlet=2.75 outlet=1000.00]
Adam 4900 | total=1.883e-01 f=5.481e-03 ic=1.115e-05 wall=1.863e-03 inlet=1.123e-01 outlet=7.872e-06 lr=5.000e-04 | λ[f=1.00 ic=190.53 wall=20.17 inlet=1.26 outlet=236.38]
Adam 5000 | total=1.381e-01 f=4.415e-03 ic=1.931e-05 wall=1.449e-03 inlet=1.200e-01 outlet=1.654e-05 lr=5.000e-04 | λ[f=1.00 ic=123.84 wall=17.54 inlet=0.86 outlet=135.01]
Adam 5100 | total=2.360e-01 f=4.090e-03 ic=3.135e-05 wall=1.359e-03 inlet=1.218e-01 outlet=3.710e-05 lr=5.000e-04 | λ[f=1.00 ic=139.56 wall=30.73 inlet=1.48 outlet=134.34]
Adam 5200 | total=1.112e-01 f=3.441e-03 ic=3.914e-06 wall=1.117e-03 inlet=1.273e-01 outlet=1.524e-06 lr=5.000e-04 | λ[f=1.00 ic=241.30 wall=16.98 inlet=0.69 outlet=331.66]
Adam 5300 | total=6.475e-01 f=3.559e-03 ic=2.463e-04 wall=7.026e-04 inlet=1.400e-01 outlet=2.268e-04 lr=5.000e-04 | λ[f=1.00 ic=130.01 wall=156.37 inlet=3.35 outlet=147.52]
Saved PyTorch checkpoint to results/checkpoints/strict_grad_norm_adam40k_5090/best.pt
Saved PyTorch checkpoint to results/checkpoints/strict_grad_norm_adam40k_5090/best.pt
Saved PyTorch checkpoint to results/checkpoints/strict_grad_norm_adam40k_5090/best.pt
Saved PyTorch checkpoint to results/checkpoints/strict_grad_norm_adam40k_5090/best.pt
Saved PyTorch checkpoint to results/checkpoints/strict_grad_norm_adam40k_5090/best.pt
Saved PyTorch checkpoint to results/checkpoints/strict_grad_norm_adam40k_5090/best.pt
Saved PyTorch checkpoint to results/checkpoints/strict_grad_norm_adam40k_5090/best.pt
Saved PyTorch checkpoint to results/checkpoints/strict_grad_norm_adam40k_5090/best.pt
Saved PyTorch checkpoint to results/checkpoints/strict_grad_norm_adam40k_5090/best.pt
Saved PyTorch checkpoint to results/checkpoints/strict_grad_norm_adam40k_5090/best.pt
Saved PyTorch checkpoint to results/checkpoints/strict_grad_norm_adam40k_5090/best.pt
Saved PyTorch checkpoint to results/checkpoints/strict_grad_norm_adam40k_5090/best.pt
Adam 5400 | total=4.815e-02 f=2.312e-03 ic=1.629e-06 wall=5.609e-04 inlet=1.448e-01 outlet=3.289e-07 lr=5.000e-04 | λ[f=1.00 ic=274.45 wall=10.17 inlet=0.27 outlet=411.85]
Saved PyTorch checkpoint to results/checkpoints/strict_grad_norm_adam40k_5090/best.pt
Saved PyTorch checkpoint to results/checkpoints/strict_grad_norm_adam40k_5090/best.pt
Saved PyTorch checkpoint to results/checkpoints/strict_grad_norm_adam40k_5090/best.pt
Saved PyTorch checkpoint to results/checkpoints/strict_grad_norm_adam40k_5090/best.pt
Saved PyTorch checkpoint to results/checkpoints/strict_grad_norm_adam40k_5090/best.pt
Saved PyTorch checkpoint to results/checkpoints/strict_grad_norm_adam40k_5090/best.pt
Saved PyTorch checkpoint to results/checkpoints/strict_grad_norm_adam40k_5090/best.pt
Adam 5500 | total=7.476e-02 f=2.104e-03 ic=1.582e-06 wall=6.540e-04 inlet=1.415e-01 outlet=9.612e-07 lr=5.000e-04 | λ[f=1.00 ic=280.44 wall=14.13 inlet=0.44 outlet=283.47]
Adam 5600 | total=1.869e+00 f=4.187e-03 ic=1.272e-03 wall=5.319e-04 inlet=1.483e-01 outlet=1.120e-03 lr=5.000e-04 | λ[f=1.00 ic=204.66 wall=685.67 inlet=6.67 outlet=224.17]
Adam 5700 | total=1.589e+00 f=5.567e-02 ic=2.867e-05 wall=1.028e-02 inlet=6.362e-02 outlet=2.364e-06 lr=5.000e-04 | λ[f=1.00 ic=1000.00 wall=51.77 inlet=15.25 outlet=1000.00]
Adam 5800 | total=1.580e+00 f=3.023e-02 ic=7.738e-05 wall=6.158e-03 inlet=7.463e-02 outlet=6.014e-05 lr=5.000e-04 | λ[f=1.00 ic=576.23 wall=76.11 inlet=13.42 outlet=586.77]
Adam 5900 | total=1.744e+00 f=2.306e-02 ic=7.413e-05 wall=5.109e-03 inlet=7.818e-02 outlet=6.665e-05 lr=5.000e-04 | λ[f=1.00 ic=704.62 wall=96.58 inlet=14.44 outlet=686.66]
Adam 6000 | total=1.463e+00 f=2.042e-02 ic=5.314e-06 wall=4.457e-03 inlet=8.034e-02 outlet=5.755e-07 lr=5.000e-04 | λ[f=1.00 ic=1000.00 wall=97.65 inlet=12.47 outlet=1000.00]
Adam 6100 | total=1.969e+00 f=2.650e-02 ic=2.550e-05 wall=5.244e-03 inlet=7.004e-02 outlet=1.543e-06 lr=5.000e-04 | λ[f=1.00 ic=1000.00 wall=129.04 inlet=17.68 outlet=1000.00]
Adam 6200 | total=1.655e+00 f=2.331e-02 ic=7.109e-06 wall=3.727e-03 inlet=7.760e-02 outlet=6.932e-07 lr=5.000e-04 | λ[f=1.00 ic=1000.00 wall=137.56 inlet=14.32 outlet=1000.00]
Adam 6300 | total=1.206e+00 f=1.865e-02 ic=7.185e-06 wall=2.575e-03 inlet=8.903e-02 outlet=1.165e-06 lr=5.000e-04 | λ[f=1.00 ic=1000.00 wall=130.59 inlet=9.46 outlet=1000.00]
Adam 6400 | total=1.300e+00 f=1.641e-02 ic=1.158e-05 wall=2.307e-03 inlet=9.253e-02 outlet=2.534e-06 lr=5.000e-04 | λ[f=1.00 ic=1000.00 wall=161.41 inlet=9.70 outlet=984.31]
Adam 6500 | total=9.785e-01 f=1.256e-02 ic=3.798e-06 wall=1.864e-03 inlet=9.966e-02 outlet=6.478e-07 lr=5.000e-04 | λ[f=1.00 ic=1000.00 wall=132.25 inlet=7.17 outlet=1000.00]
Adam 6600 | total=6.785e-01 f=9.097e-03 ic=4.961e-06 wall=1.411e-03 inlet=1.091e-01 outlet=3.931e-06 lr=5.000e-04 | λ[f=1.00 ic=951.51 wall=109.51 inlet=4.64 outlet=945.30]
Adam 6700 | total=7.433e-01 f=7.841e-03 ic=3.075e-05 wall=1.284e-03 inlet=1.120e-01 outlet=3.948e-05 lr=5.000e-04 | λ[f=1.00 ic=604.18 wall=117.72 inlet=4.87 outlet=496.65]
Adam 6800 | total=7.654e-01 f=8.878e-03 ic=6.005e-05 wall=1.516e-03 inlet=1.063e-01 outlet=7.214e-05 lr=5.000e-04 | λ[f=1.00 ic=442.81 wall=114.59 inlet=4.96 outlet=392.40]
Adam 6900 | total=6.300e-01 f=7.053e-03 ic=2.631e-06 wall=1.265e-03 inlet=1.120e-01 outlet=7.518e-07 lr=5.000e-04 | λ[f=1.00 ic=997.25 wall=104.56 inlet=4.35 outlet=985.80]
Adam 7000 | total=4.806e-01 f=6.380e-03 ic=1.751e-05 wall=1.130e-03 inlet=1.154e-01 outlet=1.898e-05 lr=5.000e-04 | λ[f=1.00 ic=546.10 wall=87.32 inlet=3.09 outlet=488.33]
Adam 7100 | total=8.578e-01 f=6.486e-03 ic=1.750e-04 wall=9.025e-04 inlet=1.245e-01 outlet=1.654e-04 lr=5.000e-04 | λ[f=1.00 ic=232.13 wall=235.21 inlet=4.50 outlet=233.62]
Adam 7200 | total=2.364e-01 f=3.373e-03 ic=1.194e-05 wall=5.342e-04 inlet=1.369e-01 outlet=1.495e-05 lr=5.000e-04 | λ[f=1.00 ic=360.35 wall=63.10 inlet=1.39 outlet=306.93]
Adam 7300 | total=9.220e-01 f=5.285e-03 ic=1.803e-04 wall=5.765e-04 inlet=1.347e-01 outlet=1.903e-04 lr=5.000e-04 | λ[f=1.00 ic=262.38 wall=232.20 inlet=5.13 outlet=231.90]
Adam 7400 | total=2.632e-01 f=3.358e-03 ic=8.172e-07 wall=6.003e-04 inlet=1.335e-01 outlet=1.660e-07 lr=5.000e-04 | λ[f=1.00 ic=1000.00 wall=67.46 inlet=1.64 outlet=1000.00]
Adam 7500 | total=2.855e-01 f=3.379e-03 ic=6.711e-07 wall=6.333e-04 inlet=1.320e-01 outlet=8.904e-08 lr=5.000e-04 | λ[f=1.00 ic=1000.00 wall=71.01 inlet=1.79 outlet=1000.00]
Adam 7600 | total=2.842e-01 f=3.529e-03 ic=1.013e-06 wall=6.934e-04 inlet=1.294e-01 outlet=1.987e-07 lr=5.000e-04 | λ[f=1.00 ic=989.78 wall=67.18 inlet=1.80 outlet=974.66]
Adam 7700 | total=1.840e-01 f=2.692e-03 ic=2.206e-06 wall=4.527e-04 inlet=1.407e-01 outlet=1.898e-06 lr=5.000e-04 | λ[f=1.00 ic=544.72 wall=56.09 inlet=1.09 outlet=510.53]
Adam 7800 | total=2.376e-01 f=2.620e-03 ic=5.010e-06 wall=4.925e-04 inlet=1.385e-01 outlet=6.124e-06 lr=5.000e-04 | λ[f=1.00 ic=521.92 wall=66.19 inlet=1.42 outlet=437.30]
Adam 7900 | total=1.968e-01 f=2.544e-03 ic=6.951e-07 wall=4.561e-04 inlet=1.401e-01 outlet=2.923e-07 lr=5.000e-04 | λ[f=1.00 ic=994.93 wall=58.96 inlet=1.19 outlet=994.34]
Adam 8000 | total=2.270e-01 f=2.608e-03 ic=3.729e-06 wall=5.081e-04 inlet=1.376e-01 outlet=2.643e-06 lr=5.000e-04 | λ[f=1.00 ic=569.51 wall=58.51 inlet=1.39 outlet=619.20]
Adam 8100 | total=3.813e+00 f=1.567e-02 ic=4.764e-05 wall=2.954e-03 inlet=8.960e-02 outlet=6.229e-06 lr=5.000e-04 | λ[f=1.00 ic=984.81 wall=294.81 inlet=32.07 outlet=999.57]
Adam 8200 | total=3.097e+00 f=2.160e-02 ic=1.311e-05 wall=2.225e-03 inlet=9.864e-02 outlet=7.035e-07 lr=5.000e-04 | λ[f=1.00 ic=1000.00 wall=342.04 inlet=23.33 outlet=1000.00]
Adam 8300 | total=1.259e+00 f=1.455e-02 ic=3.690e-06 wall=2.249e-03 inlet=9.159e-02 outlet=4.334e-07 lr=5.000e-04 | λ[f=1.00 ic=1000.00 wall=151.68 inlet=9.81 outlet=1000.00]
Adam 8400 | total=1.034e+00 f=1.387e-02 ic=5.161e-06 wall=2.071e-03 inlet=9.246e-02 outlet=2.574e-06 lr=5.000e-04 | λ[f=1.00 ic=995.02 wall=134.52 inlet=7.94 outlet=994.63]
Adam 8500 | total=8.433e-01 f=1.264e-02 ic=2.324e-06 wall=1.769e-03 inlet=9.653e-02 outlet=2.709e-07 lr=5.000e-04 | λ[f=1.00 ic=1000.00 wall=123.41 inlet=6.32 outlet=1000.00]
Adam 8600 | total=6.134e-01 f=1.103e-02 ic=9.805e-06 wall=1.495e-03 inlet=1.013e-01 outlet=9.427e-06 lr=5.000e-04 | λ[f=1.00 ic=994.68 wall=96.92 inlet=4.33 outlet=949.16]
Adam 8700 | total=4.861e-01 f=9.503e-03 ic=1.714e-06 wall=1.280e-03 inlet=1.058e-01 outlet=2.707e-07 lr=5.000e-04 | λ[f=1.00 ic=1000.00 wall=86.97 inlet=3.43 outlet=1000.00]
Adam 8800 | total=4.143e-01 f=6.974e-03 ic=1.933e-05 wall=9.354e-04 inlet=1.183e-01 outlet=2.530e-07 lr=5.000e-04 | λ[f=1.00 ic=556.03 wall=76.69 inlet=2.74 outlet=1000.00]
Adam 8900 | total=6.541e-01 f=1.228e-02 ic=9.241e-06 wall=1.569e-03 inlet=9.728e-02 outlet=7.744e-06 lr=5.000e-04 | λ[f=1.00 ic=997.93 wall=103.11 inlet=4.76 outlet=997.23]
Adam 9000 | total=1.085e+00 f=1.620e-02 ic=2.825e-05 wall=1.985e-03 inlet=8.884e-02 outlet=3.272e-07 lr=5.000e-04 | λ[f=1.00 ic=942.20 wall=167.90 inlet=7.97 outlet=1000.00]
Adam 9100 | total=1.279e+00 f=1.439e-02 ic=1.401e-06 wall=1.646e-03 inlet=9.658e-02 outlet=2.750e-07 lr=5.000e-04 | λ[f=1.00 ic=1000.00 wall=205.42 inlet=9.57 outlet=1000.00]
Adam 9200 | total=6.606e-01 f=1.386e-02 ic=2.843e-05 wall=1.320e-03 inlet=9.978e-02 outlet=2.882e-05 lr=5.000e-04 | λ[f=1.00 ic=588.75 wall=118.03 inlet=4.60 outlet=530.22]
Adam 9300 | total=5.510e-01 f=1.237e-02 ic=3.537e-06 wall=1.012e-03 inlet=1.047e-01 outlet=5.641e-07 lr=5.000e-04 | λ[f=1.00 ic=1000.00 wall=123.70 inlet=3.91 outlet=1000.00]
Adam 9400 | total=5.058e-01 f=1.210e-02 ic=7.541e-06 wall=7.716e-04 inlet=1.082e-01 outlet=2.258e-06 lr=5.000e-04 | λ[f=1.00 ic=996.91 wall=126.82 inlet=3.57 outlet=985.13]
Adam 9500 | total=4.004e+00 f=8.127e-02 ic=2.059e-05 wall=4.926e-03 inlet=5.506e-02 outlet=6.028e-06 lr=5.000e-04 | λ[f=1.00 ic=1000.00 wall=319.06 inlet=42.22 outlet=1000.00]
Adam 9600 | total=2.216e+01 f=8.201e-01 ic=1.062e-04 wall=1.157e-02 inlet=1.002e-02 outlet=1.438e-05 lr=5.000e-04 | λ[f=1.00 ic=1000.00 wall=1000.00 inlet=963.56 outlet=1000.00]
Adam 9700 | total=1.002e+01 f=9.093e-01 ic=1.777e-04 wall=6.888e-03 inlet=2.038e-03 outlet=1.068e-05 lr=5.000e-04 | λ[f=1.00 ic=1000.00 wall=1000.00 inlet=1000.00 outlet=1000.00]
Adam 9800 | total=7.935e+00 f=9.583e-01 ic=1.247e-04 wall=5.980e-03 inlet=8.605e-04 outlet=1.200e-05 lr=5.000e-04 | λ[f=1.00 ic=1000.00 wall=1000.00 inlet=1000.00 outlet=1000.00]
Adam 9900 | total=8.880e+00 f=9.089e-01 ic=2.382e-04 wall=4.734e-03 inlet=2.990e-03 outlet=9.122e-06 lr=5.000e-04 | λ[f=1.00 ic=1000.00 wall=1000.00 inlet=1000.00 outlet=1000.00]
Adam 10000 | total=6.027e+00 f=1.120e+00 ic=7.509e-05 wall=4.288e-03 inlet=5.345e-04 outlet=1.052e-05 lr=5.000e-04 | λ[f=1.00 ic=1000.00 wall=1000.00 inlet=1000.00 outlet=1000.00]
Saved PyTorch checkpoint to results/checkpoints/strict_grad_norm_adam40k_5090/snapshot_iter10000.pt
[snapshot] iter 10000 → results/checkpoints/strict_grad_norm_adam40k_5090/snapshot_iter10000.pt
Adam 10100 | total=5.331e+00 f=1.180e+00 ic=7.233e-05 wall=3.601e-03 inlet=4.676e-04 outlet=9.317e-06 lr=5.000e-04 | λ[f=1.00 ic=1000.00 wall=1000.00 inlet=1000.00 outlet=1000.00]
Adam 10200 | total=4.867e+00 f=1.191e+00 ic=6.825e-05 wall=3.145e-03 inlet=4.550e-04 outlet=7.806e-06 lr=5.000e-04 | λ[f=1.00 ic=1000.00 wall=1000.00 inlet=1000.00 outlet=1000.00]
Adam 10300 | total=4.418e+00 f=1.182e+00 ic=7.414e-05 wall=2.710e-03 inlet=4.436e-04 outlet=7.795e-06 lr=5.000e-04 | λ[f=1.00 ic=1000.00 wall=1000.00 inlet=1000.00 outlet=1000.00]
Adam 10400 | total=3.904e+00 f=1.164e+00 ic=7.854e-05 wall=2.251e-03 inlet=4.028e-04 outlet=7.133e-06 lr=5.000e-04 | λ[f=1.00 ic=1000.00 wall=1000.00 inlet=1000.00 outlet=1000.00]
Adam 10500 | total=7.847e+00 f=9.721e-01 ic=5.189e-04 wall=2.532e-03 inlet=3.817e-03 outlet=6.669e-06 lr=5.000e-04 | λ[f=1.00 ic=1000.00 wall=1000.00 inlet=1000.00 outlet=1000.00]
Adam 10600 | total=2.970e+00 f=1.043e+00 ic=7.998e-05 wall=1.506e-03 inlet=3.351e-04 outlet=5.807e-06 lr=5.000e-04 | λ[f=1.00 ic=1000.00 wall=1000.00 inlet=1000.00 outlet=1000.00]
Adam 10700 | total=2.570e+00 f=9.717e-01 ic=7.782e-05 wall=1.197e-03 inlet=3.179e-04 outlet=5.015e-06 lr=5.000e-04 | λ[f=1.00 ic=1000.00 wall=1000.00 inlet=1000.00 outlet=1000.00]
Adam 10800 | total=2.165e+00 f=9.013e-01 ic=7.453e-05 wall=9.236e-04 inlet=2.607e-04 outlet=4.583e-06 lr=5.000e-04 | λ[f=1.00 ic=1000.00 wall=1000.00 inlet=1000.00 outlet=1000.00]
Adam 10900 | total=1.859e+00 f=8.238e-01 ic=7.032e-05 wall=7.287e-04 inlet=2.326e-04 outlet=3.770e-06 lr=5.000e-04 | λ[f=1.00 ic=1000.00 wall=1000.00 inlet=1000.00 outlet=1000.00]
Adam 11000 | total=1.617e+00 f=7.556e-01 ic=6.180e-05 wall=6.051e-04 inlet=1.914e-04 outlet=3.441e-06 lr=5.000e-04 | λ[f=1.00 ic=1000.00 wall=1000.00 inlet=1000.00 outlet=1000.00]
Adam 11100 | total=1.412e+00 f=6.900e-01 ic=6.183e-05 wall=4.805e-04 inlet=1.770e-04 outlet=3.115e-06 lr=5.000e-04 | λ[f=1.00 ic=1000.00 wall=1000.00 inlet=1000.00 outlet=1000.00]
Adam 11200 | total=1.262e+00 f=6.421e-01 ic=5.200e-05 wall=4.238e-04 inlet=1.416e-04 outlet=2.893e-06 lr=5.000e-04 | λ[f=1.00 ic=1000.00 wall=1000.00 inlet=1000.00 outlet=1000.00]
Adam 11300 | total=1.133e+00 f=5.957e-01 ic=4.896e-05 wall=3.625e-04 inlet=1.232e-04 outlet=2.584e-06 lr=5.000e-04 | λ[f=1.00 ic=1000.00 wall=1000.00 inlet=1000.00 outlet=1000.00]
Adam 11400 | total=1.058e+00 f=5.516e-01 ic=5.106e-05 wall=3.223e-04 inlet=1.312e-04 outlet=2.050e-06 lr=5.000e-04 | λ[f=1.00 ic=1000.00 wall=1000.00 inlet=1000.00 outlet=1000.00]
Adam 11500 | total=9.593e-01 f=5.243e-01 ic=4.116e-05 wall=2.978e-04 inlet=9.406e-05 outlet=1.970e-06 lr=5.000e-04 | λ[f=1.00 ic=1000.00 wall=1000.00 inlet=1000.00 outlet=1000.00]
Adam 11600 | total=8.969e-01 f=4.961e-01 ic=3.915e-05 wall=2.712e-04 inlet=8.864e-05 outlet=1.747e-06 lr=5.000e-04 | λ[f=1.00 ic=1000.00 wall=1000.00 inlet=1000.00 outlet=1000.00]
Adam 11700 | total=8.859e-01 f=4.598e-01 ic=4.247e-05 wall=2.646e-04 inlet=1.175e-04 outlet=1.558e-06 lr=5.000e-04 | λ[f=1.00 ic=1000.00 wall=1000.00 inlet=1000.00 outlet=1000.00]
Adam 11800 | total=1.149e+00 f=4.341e-01 ic=1.044e-04 wall=2.945e-04 inlet=3.150e-04 outlet=1.587e-06 lr=5.000e-04 | λ[f=1.00 ic=1000.00 wall=1000.00 inlet=1000.00 outlet=1000.00]
Adam 11900 | total=7.396e-01 f=4.235e-01 ic=3.443e-05 wall=2.133e-04 inlet=6.703e-05 outlet=1.336e-06 lr=5.000e-04 | λ[f=1.00 ic=1000.00 wall=1000.00 inlet=1000.00 outlet=1000.00]
Adam 12000 | total=7.014e-01 f=4.008e-01 ic=3.347e-05 wall=2.003e-04 inlet=6.560e-05 outlet=1.225e-06 lr=5.000e-04 | λ[f=1.00 ic=1000.00 wall=1000.00 inlet=1000.00 outlet=1000.00]
Adam 12100 | total=6.678e-01 f=3.848e-01 ic=3.210e-05 wall=1.877e-04 inlet=6.210e-05 outlet=1.135e-06 lr=5.000e-04 | λ[f=1.00 ic=1000.00 wall=1000.00 inlet=1000.00 outlet=1000.00]
Adam 12200 | total=6.372e-01 f=3.654e-01 ic=3.093e-05 wall=1.831e-04 inlet=5.666e-05 outlet=1.090e-06 lr=5.000e-04 | λ[f=1.00 ic=1000.00 wall=1000.00 inlet=1000.00 outlet=1000.00]
Adam 12300 | total=1.053e+00 f=3.483e-01 ic=8.675e-05 wall=2.558e-04 inlet=3.554e-04 outlet=8.205e-06 lr=5.000e-04 | λ[f=1.00 ic=1000.00 wall=1000.00 inlet=996.61 outlet=1000.00]
Adam 12400 | total=6.938e-01 f=3.470e-01 ic=3.220e-05 wall=1.657e-04 inlet=1.480e-04 outlet=9.817e-07 lr=5.000e-04 | λ[f=1.00 ic=1000.00 wall=1000.00 inlet=1000.00 outlet=1000.00]
Adam 12500 | total=5.592e-01 f=3.281e-01 ic=2.749e-05 wall=1.527e-04 inlet=5.005e-05 outlet=8.992e-07 lr=5.000e-04 | λ[f=1.00 ic=1000.00 wall=1000.00 inlet=1000.00 outlet=1000.00]
Adam 12600 | total=5.904e-01 f=3.170e-01 ic=3.190e-05 wall=1.536e-04 inlet=8.700e-05 outlet=8.539e-07 lr=5.000e-04 | λ[f=1.00 ic=1000.00 wall=1000.00 inlet=1000.00 outlet=1000.00]
Adam 12700 | total=2.897e+00 f=3.262e-01 ic=1.554e-04 wall=7.211e-04 inlet=1.691e-03 outlet=3.023e-06 lr=5.000e-04 | λ[f=1.00 ic=1000.00 wall=1000.00 inlet=1000.00 outlet=1000.00]
Adam 12800 | total=5.032e-01 f=2.978e-01 ic=2.457e-05 wall=1.347e-04 inlet=4.536e-05 outlet=7.482e-07 lr=5.000e-04 | λ[f=1.00 ic=1000.00 wall=1000.00 inlet=1000.00 outlet=1000.00]
Adam 12900 | total=5.273e-01 f=2.930e-01 ic=2.447e-05 wall=1.432e-04 inlet=6.525e-05 outlet=1.375e-06 lr=5.000e-04 | λ[f=1.00 ic=1000.00 wall=1000.00 inlet=999.99 outlet=1000.00]
Adam 13000 | total=4.828e-01 f=2.817e-01 ic=2.167e-05 wall=1.331e-04 inlet=4.562e-05 outlet=7.314e-07 lr=5.000e-04 | λ[f=1.00 ic=1000.00 wall=1000.00 inlet=1000.00 outlet=1000.00]
Adam 13100 | total=1.321e+00 f=2.797e-01 ic=7.513e-05 wall=2.695e-04 inlet=6.943e-04 outlet=2.647e-06 lr=5.000e-04 | λ[f=1.00 ic=1000.00 wall=1000.00 inlet=1000.00 outlet=1000.00]
Adam 13200 | total=9.500e-01 f=2.629e-01 ic=7.724e-05 wall=1.951e-04 inlet=4.114e-04 outlet=3.377e-06 lr=5.000e-04 | λ[f=1.00 ic=1000.00 wall=1000.00 inlet=1000.00 outlet=1000.00]
Adam 13300 | total=4.362e-01 f=2.623e-01 ic=2.026e-05 wall=1.139e-04 inlet=3.914e-05 outlet=6.072e-07 lr=5.000e-04 | λ[f=1.00 ic=1000.00 wall=1000.00 inlet=1000.00 outlet=1000.00]
Adam 13400 | total=4.311e-01 f=2.561e-01 ic=1.911e-05 wall=1.138e-04 inlet=4.161e-05 outlet=5.628e-07 lr=5.000e-04 | λ[f=1.00 ic=1000.00 wall=1000.00 inlet=1000.00 outlet=1000.00]
Adam 13500 | total=4.419e-01 f=2.495e-01 ic=2.181e-05 wall=1.148e-04 inlet=5.492e-05 outlet=8.405e-07 lr=5.000e-04 | λ[f=1.00 ic=1000.00 wall=1000.00 inlet=1000.00 outlet=1000.00]
Adam 13600 | total=4.279e-01 f=2.462e-01 ic=1.771e-05 wall=1.119e-04 inlet=5.156e-05 outlet=5.661e-07 lr=5.000e-04 | λ[f=1.00 ic=1000.00 wall=1000.00 inlet=1000.00 outlet=1000.00]
Adam 13700 | total=4.629e-01 f=2.436e-01 ic=1.988e-05 wall=1.056e-04 inlet=9.332e-05 outlet=5.816e-07 lr=5.000e-04 | λ[f=1.00 ic=1000.00 wall=1000.00 inlet=1000.00 outlet=1000.00]
Adam 13800 | total=4.153e-01 f=2.341e-01 ic=2.120e-05 wall=1.116e-04 inlet=4.786e-05 outlet=6.376e-07 lr=5.000e-04 | λ[f=1.00 ic=1000.00 wall=1000.00 inlet=998.09 outlet=1000.00]
Adam 13900 | total=3.814e-01 f=2.322e-01 ic=1.722e-05 wall=9.681e-05 inlet=3.464e-05 outlet=5.249e-07 lr=5.000e-04 | λ[f=1.00 ic=1000.00 wall=1000.00 inlet=1000.00 outlet=1000.00]
Adam 14000 | total=3.759e-01 f=2.281e-01 ic=1.619e-05 wall=9.603e-05 inlet=3.508e-05 outlet=5.502e-07 lr=5.000e-04 | λ[f=1.00 ic=1000.00 wall=1000.00 inlet=1000.00 outlet=1000.00]
Adam 14100 | total=1.303e+00 f=2.230e-01 ic=1.370e-04 wall=3.648e-04 inlet=8.119e-04 outlet=1.757e-06 lr=5.000e-04 | λ[f=1.00 ic=1000.00 wall=1000.00 inlet=710.11 outlet=1000.00]
Adam 14200 | total=1.173e+00 f=2.348e-01 ic=5.975e-05 wall=2.064e-04 inlet=6.713e-04 outlet=1.033e-06 lr=5.000e-04 | λ[f=1.00 ic=1000.00 wall=1000.00 inlet=1000.00 outlet=1000.00]
Adam 14300 | total=4.249e-01 f=2.197e-01 ic=1.669e-05 wall=1.148e-04 inlet=7.304e-05 outlet=6.692e-07 lr=5.000e-04 | λ[f=1.00 ic=1000.00 wall=1000.00 inlet=1000.00 outlet=1000.00]
Adam 14400 | total=3.783e-01 f=2.133e-01 ic=1.719e-05 wall=9.352e-05 inlet=5.317e-05 outlet=1.066e-06 lr=5.000e-04 | λ[f=1.00 ic=1000.00 wall=1000.00 inlet=1000.00 outlet=1000.00]
Adam 14500 | total=3.573e-01 f=2.131e-01 ic=1.470e-05 wall=9.264e-05 inlet=3.632e-05 outlet=5.541e-07 lr=5.000e-04 | λ[f=1.00 ic=1000.00 wall=1000.00 inlet=1000.00 outlet=1000.00]
Adam 14600 | total=3.707e-01 f=2.105e-01 ic=1.552e-05 wall=9.018e-05 inlet=5.313e-05 outlet=1.377e-06 lr=5.000e-04 | λ[f=1.00 ic=1000.00 wall=1000.00 inlet=1000.00 outlet=1000.00]
Adam 14700 | total=3.340e-01 f=2.048e-01 ic=1.383e-05 wall=8.300e-05 inlet=3.180e-05 outlet=5.781e-07 lr=5.000e-04 | λ[f=1.00 ic=1000.00 wall=1000.00 inlet=999.99 outlet=1000.00]
Adam 14800 | total=5.053e-01 f=2.027e-01 ic=2.459e-05 wall=1.359e-04 inlet=1.403e-04 outlet=1.825e-06 lr=5.000e-04 | λ[f=1.00 ic=1000.00 wall=1000.00 inlet=999.81 outlet=1000.00]
Adam 14900 | total=1.449e+00 f=1.985e-01 ic=2.253e-04 wall=5.172e-04 inlet=1.142e-03 outlet=6.722e-06 lr=5.000e-04 | λ[f=1.00 ic=1000.00 wall=908.37 inlet=480.75 outlet=1000.00]
Adam 15000 | total=3.874e-01 f=1.978e-01 ic=1.619e-05 wall=8.778e-05 inlet=8.496e-05 outlet=6.211e-07 lr=5.000e-04 | λ[f=1.00 ic=1000.00 wall=1000.00 inlet=1000.00 outlet=1000.00]
Adam 15100 | total=3.478e-01 f=1.956e-01 ic=1.575e-05 wall=7.852e-05 inlet=5.730e-05 outlet=6.215e-07 lr=5.000e-04 | λ[f=1.00 ic=1000.00 wall=1000.00 inlet=1000.00 outlet=1000.00]
Adam 15200 | total=5.086e-01 f=1.977e-01 ic=2.314e-05 wall=1.483e-04 inlet=1.346e-04 outlet=5.417e-06 lr=5.000e-04 | λ[f=1.00 ic=1000.00 wall=1000.00 inlet=995.69 outlet=1000.00]
Adam 15300 | total=3.100e-01 f=1.892e-01 ic=1.236e-05 wall=7.431e-05 inlet=3.350e-05 outlet=6.598e-07 lr=5.000e-04 | λ[f=1.00 ic=1000.00 wall=1000.00 inlet=1000.00 outlet=1000.00]
Adam 15400 | total=3.000e-01 f=1.884e-01 ic=1.172e-05 wall=7.158e-05 inlet=2.761e-05 outlet=6.689e-07 lr=5.000e-04 | λ[f=1.00 ic=1000.00 wall=1000.00 inlet=1000.00 outlet=1000.00]
Adam 15500 | total=2.992e-01 f=1.862e-01 ic=1.143e-05 wall=7.077e-05 inlet=3.007e-05 outlet=6.890e-07 lr=5.000e-04 | λ[f=1.00 ic=1000.00 wall=1000.00 inlet=1000.00 outlet=1000.00]
Adam 15600 | total=3.252e-01 f=1.838e-01 ic=1.534e-05 wall=8.274e-05 inlet=4.155e-05 outlet=1.834e-06 lr=5.000e-04 | λ[f=1.00 ic=1000.00 wall=1000.00 inlet=1000.00 outlet=1000.00]
Adam 15700 | total=3.871e-01 f=1.823e-01 ic=2.070e-05 wall=9.591e-05 inlet=8.040e-05 outlet=8.062e-06 lr=5.000e-04 | λ[f=1.00 ic=1000.00 wall=1000.00 inlet=997.65 outlet=1000.00]
Adam 15800 | total=3.033e-01 f=1.783e-01 ic=1.581e-05 wall=6.813e-05 inlet=4.028e-05 outlet=7.761e-07 lr=5.000e-04 | λ[f=1.00 ic=1000.00 wall=1000.00 inlet=1000.00 outlet=1000.00]
Adam 15900 | total=3.011e-01 f=1.776e-01 ic=1.170e-05 wall=6.647e-05 inlet=4.452e-05 outlet=7.601e-07 lr=5.000e-04 | λ[f=1.00 ic=1000.00 wall=1000.00 inlet=1000.00 outlet=1000.00]
Adam 16000 | total=5.135e-01 f=1.801e-01 ic=3.705e-05 wall=1.568e-04 inlet=1.348e-04 outlet=4.824e-06 lr=5.000e-04 | λ[f=1.00 ic=1000.00 wall=999.98 inlet=999.95 outlet=1000.00]
Adam 16100 | total=3.147e-01 f=1.731e-01 ic=1.499e-05 wall=6.860e-05 inlet=5.727e-05 outlet=7.524e-07 lr=5.000e-04 | λ[f=1.00 ic=1000.00 wall=1000.00 inlet=1000.00 outlet=1000.00]
Adam 16200 | total=4.227e-01 f=1.755e-01 ic=2.943e-05 wall=1.162e-04 inlet=9.670e-05 outlet=4.786e-06 lr=5.000e-04 | λ[f=1.00 ic=1000.00 wall=1000.00 inlet=1000.00 outlet=1000.00]
Adam 16300 | total=2.668e-01 f=1.702e-01 ic=9.906e-06 wall=6.031e-05 inlet=2.558e-05 outlet=7.773e-07 lr=5.000e-04 | λ[f=1.00 ic=1000.00 wall=1000.00 inlet=1000.00 outlet=1000.00]
Adam 16400 | total=2.602e-01 f=1.678e-01 ic=1.019e-05 wall=5.802e-05 inlet=2.343e-05 outlet=7.669e-07 lr=5.000e-04 | λ[f=1.00 ic=1000.00 wall=1000.00 inlet=1000.00 outlet=1000.00]
Adam 16500 | total=4.942e-01 f=1.654e-01 ic=3.908e-05 wall=1.250e-04 inlet=1.637e-04 outlet=1.057e-06 lr=5.000e-04 | λ[f=1.00 ic=1000.00 wall=1000.00 inlet=1000.00 outlet=1000.00]
Adam 16600 | total=2.536e-01 f=1.648e-01 ic=9.802e-06 wall=5.547e-05 inlet=2.267e-05 outlet=7.828e-07 lr=5.000e-04 | λ[f=1.00 ic=1000.00 wall=1000.00 inlet=1000.00 outlet=1000.00]
Adam 16700 | total=4.951e-01 f=1.634e-01 ic=3.107e-05 wall=1.065e-04 inlet=1.933e-04 outlet=8.476e-07 lr=5.000e-04 | λ[f=1.00 ic=1000.00 wall=1000.00 inlet=1000.00 outlet=1000.00]
Adam 16800 | total=2.778e-01 f=1.634e-01 ic=9.988e-06 wall=5.850e-05 inlet=4.475e-05 outlet=1.162e-06 lr=5.000e-04 | λ[f=1.00 ic=1000.00 wall=1000.00 inlet=1000.00 outlet=1000.00]
Adam 16900 | total=2.699e-01 f=1.600e-01 ic=8.726e-06 wall=6.498e-05 inlet=3.540e-05 outlet=8.146e-07 lr=5.000e-04 | λ[f=1.00 ic=1000.00 wall=1000.00 inlet=1000.00 outlet=1000.00]
Adam 17000 | total=2.729e-01 f=1.608e-01 ic=1.243e-05 wall=5.936e-05 inlet=3.657e-05 outlet=3.780e-06 lr=5.000e-04 | λ[f=1.00 ic=1000.00 wall=1000.00 inlet=1000.00 outlet=1000.00]
Adam 17100 | total=3.705e-01 f=1.583e-01 ic=2.913e-05 wall=1.170e-04 inlet=5.359e-05 outlet=1.260e-05 lr=5.000e-04 | λ[f=1.00 ic=1000.00 wall=1000.00 inlet=998.90 outlet=1000.00]
Adam 17200 | total=2.399e-01 f=1.554e-01 ic=9.333e-06 wall=5.141e-05 inlet=2.292e-05 outlet=7.967e-07 lr=5.000e-04 | λ[f=1.00 ic=1000.00 wall=1000.00 inlet=1000.00 outlet=1000.00]
Adam 17300 | total=2.996e-01 f=1.537e-01 ic=1.388e-05 wall=6.302e-05 inlet=6.803e-05 outlet=1.008e-06 lr=5.000e-04 | λ[f=1.00 ic=1000.00 wall=1000.00 inlet=1000.00 outlet=1000.00]
Adam 17400 | total=3.473e-01 f=1.540e-01 ic=1.321e-05 wall=6.596e-05 inlet=1.133e-04 outlet=8.104e-07 lr=5.000e-04 | λ[f=1.00 ic=1000.00 wall=1000.00 inlet=1000.00 outlet=1000.00]
Adam 17500 | total=2.986e-01 f=1.530e-01 ic=1.181e-05 wall=7.298e-05 inlet=5.960e-05 outlet=1.193e-06 lr=5.000e-04 | λ[f=1.00 ic=1000.00 wall=1000.00 inlet=1000.00 outlet=1000.00]
Adam 17600 | total=2.280e-01 f=1.494e-01 ic=7.844e-06 wall=4.886e-05 inlet=2.108e-05 outlet=8.857e-07 lr=5.000e-04 | λ[f=1.00 ic=1000.00 wall=1000.00 inlet=1000.00 outlet=1000.00]
Adam 17700 | total=6.235e-01 f=1.476e-01 ic=5.363e-05 wall=1.917e-04 inlet=4.310e-04 outlet=8.014e-07 lr=5.000e-04 | λ[f=1.00 ic=1000.00 wall=1000.00 inlet=533.09 outlet=1000.00]
Adam 17800 | total=2.876e-01 f=1.470e-01 ic=1.280e-05 wall=6.745e-05 inlet=5.938e-05 outlet=9.016e-07 lr=5.000e-04 | λ[f=1.00 ic=1000.00 wall=1000.00 inlet=1000.00 outlet=1000.00]
Adam 17900 | total=2.192e-01 f=1.457e-01 ic=7.814e-06 wall=4.512e-05 inlet=1.975e-05 outlet=8.039e-07 lr=5.000e-04 | λ[f=1.00 ic=1000.00 wall=1000.00 inlet=1000.00 outlet=1000.00]
Adam 18000 | total=4.206e-01 f=1.426e-01 ic=3.732e-05 wall=1.041e-04 inlet=1.403e-04 outlet=2.454e-06 lr=5.000e-04 | λ[f=1.00 ic=1000.00 wall=1000.00 inlet=956.39 outlet=1000.00]
Adam 18100 | total=4.971e-01 f=1.414e-01 ic=4.539e-05 wall=1.342e-04 inlet=2.626e-04 outlet=4.181e-06 lr=5.000e-04 | λ[f=1.00 ic=1000.00 wall=1000.00 inlet=654.79 outlet=1000.00]
Adam 18200 | total=2.148e-01 f=1.420e-01 ic=7.330e-06 wall=4.390e-05 inlet=2.078e-05 outlet=8.184e-07 lr=5.000e-04 | λ[f=1.00 ic=1000.00 wall=1000.00 inlet=1000.00 outlet=1000.00]
Adam 18300 | total=3.684e-01 f=1.454e-01 ic=1.186e-05 wall=9.371e-05 inlet=1.170e-04 outlet=7.932e-07 lr=5.000e-04 | λ[f=1.00 ic=1000.00 wall=1000.00 inlet=996.42 outlet=1000.00]
Adam 18400 | total=2.222e-01 f=1.392e-01 ic=7.116e-06 wall=4.949e-05 inlet=2.561e-05 outlet=7.773e-07 lr=5.000e-04 | λ[f=1.00 ic=1000.00 wall=999.81 inlet=999.94 outlet=1000.00]
Adam 18500 | total=2.245e-01 f=1.383e-01 ic=9.465e-06 wall=4.981e-05 inlet=2.577e-05 outlet=1.153e-06 lr=5.000e-04 | λ[f=1.00 ic=1000.00 wall=1000.00 inlet=999.97 outlet=1000.00]
Adam 18600 | total=2.672e-01 f=1.350e-01 ic=1.169e-05 wall=4.903e-05 inlet=7.284e-05 outlet=1.699e-06 lr=5.000e-04 | λ[f=1.00 ic=1000.00 wall=1000.00 inlet=958.32 outlet=1000.00]
Adam 18700 | total=3.091e-01 f=1.382e-01 ic=1.870e-05 wall=7.627e-05 inlet=6.960e-05 outlet=6.314e-06 lr=5.000e-04 | λ[f=1.00 ic=1000.00 wall=1000.00 inlet=1000.00 outlet=1000.00]
Adam 18800 | total=5.072e-01 f=1.365e-01 ic=2.232e-05 wall=1.283e-04 inlet=2.461e-04 outlet=8.103e-07 lr=5.000e-04 | λ[f=1.00 ic=1000.00 wall=1000.00 inlet=890.77 outlet=1000.00]
Adam 18900 | total=3.725e-01 f=1.323e-01 ic=3.098e-05 wall=7.132e-05 inlet=1.369e-04 outlet=6.326e-06 lr=5.000e-04 | λ[f=1.00 ic=1000.00 wall=1000.00 inlet=961.32 outlet=1000.00]
Adam 19000 | total=2.622e-01 f=1.327e-01 ic=1.506e-05 wall=6.115e-05 inlet=5.251e-05 outlet=8.024e-07 lr=5.000e-04 | λ[f=1.00 ic=1000.00 wall=1000.00 inlet=1000.00 outlet=1000.00]
Adam 19100 | total=2.238e-01 f=1.309e-01 ic=1.132e-05 wall=4.662e-05 inlet=3.160e-05 outlet=3.673e-06 lr=5.000e-04 | λ[f=1.00 ic=1000.00 wall=1000.00 inlet=990.88 outlet=1000.00]
Adam 19200 | total=5.414e-01 f=1.359e-01 ic=3.749e-05 wall=1.365e-04 inlet=2.207e-04 outlet=1.083e-05 lr=5.000e-04 | λ[f=1.00 ic=1000.00 wall=1000.00 inlet=1000.00 outlet=1000.00]
Adam 19300 | total=2.310e-01 f=1.310e-01 ic=8.608e-06 wall=4.593e-05 inlet=4.484e-05 outlet=6.612e-07 lr=5.000e-04 | λ[f=1.00 ic=1000.00 wall=1000.00 inlet=1000.00 outlet=1000.00]
Adam 19400 | total=1.912e-01 f=1.281e-01 ic=6.459e-06 wall=3.701e-05 inlet=1.890e-05 outlet=6.670e-07 lr=5.000e-04 | λ[f=1.00 ic=1000.00 wall=1000.00 inlet=1000.00 outlet=1000.00]
Adam 19500 | total=2.140e-01 f=1.280e-01 ic=9.383e-06 wall=4.903e-05 inlet=2.663e-05 outlet=1.019e-06 lr=5.000e-04 | λ[f=1.00 ic=1000.00 wall=1000.00 inlet=1000.00 outlet=1000.00]
Adam 19600 | total=1.863e-01 f=1.264e-01 ic=6.040e-06 wall=3.566e-05 inlet=1.752e-05 outlet=6.589e-07 lr=5.000e-04 | λ[f=1.00 ic=1000.00 wall=1000.00 inlet=1000.00 outlet=1000.00]
Adam 19700 | total=1.848e-01 f=1.256e-01 ic=5.864e-06 wall=3.545e-05 inlet=1.733e-05 outlet=6.201e-07 lr=5.000e-04 | λ[f=1.00 ic=1000.00 wall=1000.00 inlet=1000.00 outlet=1000.00]
Adam 19800 | total=1.843e-01 f=1.244e-01 ic=6.048e-06 wall=3.555e-05 inlet=1.757e-05 outlet=7.655e-07 lr=5.000e-04 | λ[f=1.00 ic=1000.00 wall=1000.00 inlet=1000.00 outlet=1000.00]
Adam 19900 | total=1.958e-01 f=1.234e-01 ic=6.655e-06 wall=3.775e-05 inlet=2.682e-05 outlet=1.167e-06 lr=5.000e-04 | λ[f=1.00 ic=1000.00 wall=1000.00 inlet=999.99 outlet=1000.00]
Adam 20000 | total=3.695e-01 f=1.259e-01 ic=1.482e-05 wall=8.715e-05 inlet=1.403e-04 outlet=1.279e-06 lr=5.000e-04 | λ[f=1.00 ic=1000.00 wall=1000.00 inlet=999.99 outlet=1000.00]
Adam 20100 | total=5.266e-01 f=1.270e-01 ic=2.998e-05 wall=1.763e-04 inlet=1.974e-04 outlet=1.151e-06 lr=5.000e-04 | λ[f=1.00 ic=1000.00 wall=1000.00 inlet=973.44 outlet=1000.00]
Adam 20200 | total=2.490e-01 f=1.218e-01 ic=1.630e-05 wall=6.374e-05 inlet=4.654e-05 outlet=6.157e-07 lr=5.000e-04 | λ[f=1.00 ic=1000.00 wall=1000.00 inlet=1000.00 outlet=1000.00]
Adam 20300 | total=5.300e-01 f=1.232e-01 ic=2.300e-05 wall=1.058e-04 inlet=2.751e-04 outlet=2.878e-06 lr=5.000e-04 | λ[f=1.00 ic=1000.00 wall=1000.00 inlet=1000.00 outlet=1000.00]
Adam 20400 | total=2.242e-01 f=1.193e-01 ic=1.123e-05 wall=4.505e-05 inlet=4.667e-05 outlet=1.937e-06 lr=5.000e-04 | λ[f=1.00 ic=1000.00 wall=1000.00 inlet=1000.00 outlet=1000.00]
Adam 20500 | total=2.690e-01 f=1.171e-01 ic=1.821e-05 wall=6.289e-05 inlet=7.020e-05 outlet=5.957e-07 lr=5.000e-04 | λ[f=1.00 ic=1000.00 wall=1000.00 inlet=1000.00 outlet=1000.00]
Adam 20600 | total=4.356e-01 f=1.176e-01 ic=2.616e-05 wall=7.542e-05 inlet=2.138e-04 outlet=2.644e-06 lr=5.000e-04 | λ[f=1.00 ic=1000.00 wall=1000.00 inlet=1000.00 outlet=1000.00]
Adam 20700 | total=7.400e-01 f=1.255e-01 ic=6.082e-05 wall=1.939e-04 inlet=3.590e-04 outlet=8.782e-07 lr=5.000e-04 | λ[f=1.00 ic=1000.00 wall=1000.00 inlet=1000.00 outlet=1000.00]
Adam 20800 | total=1.692e-01 f=1.156e-01 ic=5.747e-06 wall=3.068e-05 inlet=1.655e-05 outlet=6.650e-07 lr=5.000e-04 | λ[f=1.00 ic=1000.00 wall=1000.00 inlet=1000.00 outlet=1000.00]
Adam 20900 | total=3.671e-01 f=1.140e-01 ic=2.888e-05 wall=6.493e-05 inlet=1.559e-04 outlet=3.358e-06 lr=5.000e-04 | λ[f=1.00 ic=1000.00 wall=1000.00 inlet=1000.00 outlet=1000.00]
Adam 21000 | total=1.681e-01 f=1.139e-01 ic=5.080e-06 wall=3.214e-05 inlet=1.633e-05 outlet=6.326e-07 lr=5.000e-04 | λ[f=1.00 ic=1000.00 wall=1000.00 inlet=999.42 outlet=1000.00]
Adam 21100 | total=5.877e-01 f=1.174e-01 ic=2.397e-05 wall=2.045e-04 inlet=2.335e-04 outlet=8.290e-06 lr=5.000e-04 | λ[f=1.00 ic=1000.00 wall=1000.00 inlet=1000.00 outlet=1000.00]
Adam 21200 | total=2.322e-01 f=1.114e-01 ic=1.827e-05 wall=4.085e-05 inlet=5.417e-05 outlet=7.540e-06 lr=5.000e-04 | λ[f=1.00 ic=1000.00 wall=1000.00 inlet=1000.00 outlet=1000.00]
Adam 21300 | total=1.813e-01 f=1.114e-01 ic=7.401e-06 wall=3.456e-05 inlet=2.756e-05 outlet=4.659e-07 lr=5.000e-04 | λ[f=1.00 ic=1000.00 wall=1000.00 inlet=1000.00 outlet=1000.00]
Adam 21400 | total=1.671e-01 f=1.106e-01 ic=5.330e-06 wall=3.331e-05 inlet=1.727e-05 outlet=4.995e-07 lr=5.000e-04 | λ[f=1.00 ic=1000.00 wall=1000.00 inlet=1000.00 outlet=1000.00]
Adam 21500 | total=7.403e-01 f=1.183e-01 ic=4.490e-05 wall=2.613e-04 inlet=3.110e-04 outlet=4.812e-06 lr=5.000e-04 | λ[f=1.00 ic=1000.00 wall=1000.00 inlet=1000.00 outlet=1000.00]
Adam 21600 | total=1.686e-01 f=1.090e-01 ic=5.594e-06 wall=3.124e-05 inlet=2.220e-05 outlet=5.151e-07 lr=5.000e-04 | λ[f=1.00 ic=1000.00 wall=1000.00 inlet=1000.00 outlet=1000.00]
Adam 21700 | total=1.875e-01 f=1.090e-01 ic=6.929e-06 wall=3.400e-05 inlet=3.683e-05 outlet=8.256e-07 lr=5.000e-04 | λ[f=1.00 ic=1000.00 wall=1000.00 inlet=1000.00 outlet=1000.00]
Adam 21800 | total=2.579e-01 f=1.077e-01 ic=1.965e-05 wall=8.316e-05 inlet=4.653e-05 outlet=8.132e-07 lr=5.000e-04 | λ[f=1.00 ic=1000.00 wall=999.90 inlet=999.68 outlet=1000.00]
Adam 21900 | total=1.835e-01 f=1.061e-01 ic=8.908e-06 wall=3.138e-05 inlet=3.646e-05 outlet=6.432e-07 lr=5.000e-04 | λ[f=1.00 ic=1000.00 wall=1000.00 inlet=1000.00 outlet=1000.00]
Adam 22000 | total=1.652e-01 f=1.063e-01 ic=5.411e-06 wall=3.136e-05 inlet=2.141e-05 outlet=7.727e-07 lr=5.000e-04 | λ[f=1.00 ic=1000.00 wall=1000.00 inlet=1000.00 outlet=1000.00]
Adam 22100 | total=2.277e-01 f=1.054e-01 ic=1.234e-05 wall=3.827e-05 inlet=7.107e-05 outlet=6.426e-07 lr=5.000e-04 | λ[f=1.00 ic=1000.00 wall=1000.00 inlet=1000.00 outlet=1000.00]
Adam 22200 | total=8.545e-01 f=1.124e-01 ic=3.418e-05 wall=2.353e-04 inlet=4.700e-04 outlet=2.623e-06 lr=5.000e-04 | λ[f=1.00 ic=1000.00 wall=1000.00 inlet=1000.00 outlet=1000.00]
Adam 22300 | total=1.521e-01 f=1.046e-01 ic=4.931e-06 wall=2.770e-05 inlet=1.440e-05 outlet=4.809e-07 lr=5.000e-04 | λ[f=1.00 ic=1000.00 wall=1000.00 inlet=1000.00 outlet=1000.00]
Adam 22400 | total=1.521e-01 f=1.035e-01 ic=5.279e-06 wall=2.761e-05 inlet=1.500e-05 outlet=6.384e-07 lr=5.000e-04 | λ[f=1.00 ic=1000.00 wall=1000.00 inlet=1000.00 outlet=1000.00]
Adam 22500 | total=1.553e-01 f=1.029e-01 ic=5.538e-06 wall=2.800e-05 inlet=1.807e-05 outlet=7.805e-07 lr=5.000e-04 | λ[f=1.00 ic=1000.00 wall=1000.00 inlet=1000.00 outlet=1000.00]
Adam 22600 | total=3.735e-01 f=1.035e-01 ic=1.415e-05 wall=8.960e-05 inlet=1.657e-04 outlet=4.930e-07 lr=5.000e-04 | λ[f=1.00 ic=1000.00 wall=1000.00 inlet=1000.00 outlet=1000.00]
Adam 22700 | total=2.000e-01 f=1.019e-01 ic=1.138e-05 wall=3.796e-05 inlet=4.834e-05 outlet=4.023e-07 lr=5.000e-04 | λ[f=1.00 ic=1000.00 wall=1000.00 inlet=1000.00 outlet=1000.00]
Adam 22800 | total=1.623e-01 f=1.015e-01 ic=6.674e-06 wall=3.098e-05 inlet=2.165e-05 outlet=1.535e-06 lr=5.000e-04 | λ[f=1.00 ic=1000.00 wall=1000.00 inlet=1000.00 outlet=1000.00]
Adam 22900 | total=1.718e-01 f=9.980e-02 ic=1.445e-05 wall=2.756e-05 inlet=2.148e-05 outlet=8.469e-06 lr=5.000e-04 | λ[f=1.00 ic=1000.00 wall=1000.00 inlet=1000.00 outlet=1000.00]
Adam 23000 | total=7.853e-01 f=1.071e-01 ic=4.461e-05 wall=2.297e-04 inlet=3.965e-04 outlet=7.465e-06 lr=5.000e-04 | λ[f=1.00 ic=1000.00 wall=1000.00 inlet=1000.00 outlet=1000.00]
Adam 23100 | total=1.435e-01 f=9.936e-02 ic=5.629e-06 wall=2.407e-05 inlet=1.294e-05 outlet=1.460e-06 lr=5.000e-04 | λ[f=1.00 ic=1000.00 wall=1000.00 inlet=999.99 outlet=1000.00]
Adam 23200 | total=1.501e-01 f=9.806e-02 ic=5.765e-06 wall=2.505e-05 inlet=2.074e-05 outlet=4.593e-07 lr=5.000e-04 | λ[f=1.00 ic=1000.00 wall=1000.00 inlet=1000.00 outlet=1000.00]
Adam 23300 | total=1.420e-01 f=9.778e-02 ic=4.766e-06 wall=2.473e-05 inlet=1.421e-05 outlet=5.382e-07 lr=5.000e-04 | λ[f=1.00 ic=1000.00 wall=1000.00 inlet=1000.00 outlet=1000.00]
Adam 23400 | total=3.070e-01 f=9.822e-02 ic=1.587e-05 wall=5.318e-05 inlet=1.394e-04 outlet=3.509e-07 lr=5.000e-04 | λ[f=1.00 ic=1000.00 wall=1000.00 inlet=1000.00 outlet=1000.00]
Adam 23500 | total=3.864e-01 f=9.804e-02 ic=1.779e-05 wall=7.344e-05 inlet=1.967e-04 outlet=4.043e-07 lr=5.000e-04 | λ[f=1.00 ic=1000.00 wall=1000.00 inlet=1000.00 outlet=1000.00]
Adam 23600 | total=1.354e-01 f=9.628e-02 ic=4.154e-06 wall=2.301e-05 inlet=1.159e-05 outlet=3.451e-07 lr=5.000e-04 | λ[f=1.00 ic=1000.00 wall=1000.00 inlet=1000.00 outlet=1000.00]
Adam 23700 | total=1.787e-01 f=9.588e-02 ic=5.995e-06 wall=3.282e-05 inlet=4.368e-05 outlet=3.449e-07 lr=5.000e-04 | λ[f=1.00 ic=1000.00 wall=1000.00 inlet=1000.00 outlet=1000.00]
Adam 23800 | total=1.806e-01 f=9.613e-02 ic=7.760e-06 wall=3.337e-05 inlet=4.265e-05 outlet=7.211e-07 lr=5.000e-04 | λ[f=1.00 ic=1000.00 wall=1000.00 inlet=1000.00 outlet=1000.00]
Adam 23900 | total=1.368e-01 f=9.438e-02 ic=4.591e-06 wall=2.311e-05 inlet=1.439e-05 outlet=3.545e-07 lr=5.000e-04 | λ[f=1.00 ic=1000.00 wall=1000.00 inlet=1000.00 outlet=1000.00]
Adam 24000 | total=1.385e-01 f=9.423e-02 ic=4.015e-06 wall=2.566e-05 inlet=1.407e-05 outlet=5.061e-07 lr=5.000e-04 | λ[f=1.00 ic=1000.00 wall=1000.00 inlet=1000.00 outlet=1000.00]
Adam 24100 | total=1.927e-01 f=9.533e-02 ic=6.978e-06 wall=3.832e-05 inlet=5.161e-05 outlet=4.810e-07 lr=5.000e-04 | λ[f=1.00 ic=1000.00 wall=1000.00 inlet=1000.00 outlet=1000.00]
Adam 24200 | total=1.515e-01 f=9.294e-02 ic=5.251e-06 wall=2.662e-05 inlet=2.614e-05 outlet=6.789e-07 lr=5.000e-04 | λ[f=1.00 ic=1000.00 wall=1000.00 inlet=993.58 outlet=1000.00]
Adam 24300 | total=1.876e-01 f=9.263e-02 ic=1.035e-05 wall=4.296e-05 inlet=4.111e-05 outlet=5.847e-07 lr=5.000e-04 | λ[f=1.00 ic=1000.00 wall=1000.00 inlet=1000.00 outlet=1000.00]
Adam 24400 | total=2.351e-01 f=9.331e-02 ic=8.261e-06 wall=5.272e-05 inlet=8.042e-05 outlet=3.792e-07 lr=5.000e-04 | λ[f=1.00 ic=1000.00 wall=1000.00 inlet=1000.00 outlet=1000.00]
Adam 24500 | total=6.684e-01 f=9.302e-02 ic=1.002e-04 wall=1.879e-04 inlet=2.617e-04 outlet=2.556e-05 lr=5.000e-04 | λ[f=1.00 ic=1000.00 wall=1000.00 inlet=1000.00 outlet=1000.00]
Adam 24600 | total=1.283e-01 f=9.138e-02 ic=3.484e-06 wall=2.176e-05 inlet=1.132e-05 outlet=3.953e-07 lr=5.000e-04 | λ[f=1.00 ic=1000.00 wall=1000.00 inlet=1000.00 outlet=1000.00]
Adam 24700 | total=1.497e-01 f=8.984e-02 ic=5.952e-06 wall=2.472e-05 inlet=2.886e-05 outlet=3.664e-07 lr=5.000e-04 | λ[f=1.00 ic=1000.00 wall=1000.00 inlet=999.99 outlet=1000.00]
Adam 24800 | total=1.487e-01 f=9.042e-02 ic=4.223e-06 wall=3.013e-05 inlet=2.335e-05 outlet=5.696e-07 lr=5.000e-04 | λ[f=1.00 ic=1000.00 wall=1000.00 inlet=1000.00 outlet=1000.00]
Adam 24900 | total=1.384e-01 f=9.005e-02 ic=3.928e-06 wall=2.376e-05 inlet=2.036e-05 outlet=3.409e-07 lr=5.000e-04 | λ[f=1.00 ic=1000.00 wall=1000.00 inlet=1000.00 outlet=1000.00]
Adam 25000 | total=1.920e-01 f=8.847e-02 ic=1.226e-05 wall=3.696e-05 inlet=5.175e-05 outlet=2.519e-06 lr=5.000e-04 | λ[f=1.00 ic=1000.00 wall=1000.00 inlet=1000.00 outlet=1000.00]
Adam 25100 | total=2.953e-01 f=8.926e-02 ic=1.479e-05 wall=9.245e-05 inlet=1.068e-04 outlet=1.629e-06 lr=5.000e-04 | λ[f=1.00 ic=1000.00 wall=1000.00 inlet=909.57 outlet=1000.00]
Adam 25200 | total=1.243e-01 f=8.814e-02 ic=3.384e-06 wall=2.096e-05 inlet=1.149e-05 outlet=3.515e-07 lr=5.000e-04 | λ[f=1.00 ic=1000.00 wall=1000.00 inlet=1000.00 outlet=1000.00]
Adam 25300 | total=1.653e-01 f=8.736e-02 ic=7.694e-06 wall=2.668e-05 inlet=4.197e-05 outlet=1.871e-06 lr=5.000e-04 | λ[f=1.00 ic=1000.00 wall=1000.00 inlet=993.55 outlet=1000.00]
Adam 25400 | total=2.247e-01 f=8.826e-02 ic=1.913e-05 wall=7.648e-05 inlet=3.966e-05 outlet=7.168e-06 lr=5.000e-04 | λ[f=1.00 ic=1000.00 wall=922.01 inlet=1000.00 outlet=1000.00]
Adam 25500 | total=1.280e-01 f=8.729e-02 ic=4.386e-06 wall=2.309e-05 inlet=1.186e-05 outlet=1.413e-06 lr=5.000e-04 | λ[f=1.00 ic=1000.00 wall=1000.00 inlet=1000.00 outlet=1000.00]
Adam 25600 | total=1.777e-01 f=8.626e-02 ic=1.032e-05 wall=3.429e-05 inlet=5.172e-05 outlet=3.757e-06 lr=5.000e-04 | λ[f=1.00 ic=1000.00 wall=1000.00 inlet=832.64 outlet=1000.00]
Adam 25700 | total=1.221e-01 f=8.586e-02 ic=3.625e-06 wall=2.040e-05 inlet=1.183e-05 outlet=4.125e-07 lr=5.000e-04 | λ[f=1.00 ic=1000.00 wall=1000.00 inlet=1000.00 outlet=1000.00]
Adam 25800 | total=2.002e-01 f=8.624e-02 ic=1.831e-05 wall=5.838e-05 inlet=3.700e-05 outlet=3.159e-07 lr=5.000e-04 | λ[f=1.00 ic=1000.00 wall=1000.00 inlet=1000.00 outlet=1000.00]
Adam 25900 | total=3.436e-01 f=8.807e-02 ic=1.289e-05 wall=4.682e-05 inlet=1.950e-04 outlet=9.042e-07 lr=5.000e-04 | λ[f=1.00 ic=1000.00 wall=999.99 inlet=999.55 outlet=1000.00]
Adam 26000 | total=1.668e-01 f=8.437e-02 ic=1.156e-05 wall=2.869e-05 inlet=3.947e-05 outlet=2.741e-06 lr=5.000e-04 | λ[f=1.00 ic=1000.00 wall=1000.00 inlet=1000.00 outlet=1000.00]
Adam 26100 | total=1.504e-01 f=8.477e-02 ic=1.261e-05 wall=2.863e-05 inlet=1.684e-05 outlet=7.512e-06 lr=5.000e-04 | λ[f=1.00 ic=1000.00 wall=1000.00 inlet=1000.00 outlet=1000.00]
Adam 26200 | total=1.197e-01 f=8.396e-02 ic=3.585e-06 wall=2.049e-05 inlet=1.132e-05 outlet=3.382e-07 lr=5.000e-04 | λ[f=1.00 ic=1000.00 wall=1000.00 inlet=1000.00 outlet=1000.00]
Adam 26300 | total=2.855e-01 f=8.558e-02 ic=1.033e-05 wall=8.897e-05 inlet=9.801e-05 outlet=2.640e-06 lr=5.000e-04 | λ[f=1.00 ic=1000.00 wall=1000.00 inlet=1000.00 outlet=1000.00]
Adam 26400 | total=1.174e-01 f=8.371e-02 ic=2.983e-06 wall=1.979e-05 inlet=1.063e-05 outlet=3.231e-07 lr=5.000e-04 | λ[f=1.00 ic=1000.00 wall=1000.00 inlet=1000.00 outlet=1000.00]
Adam 26500 | total=3.498e-01 f=8.708e-02 ic=1.684e-05 wall=1.077e-04 inlet=1.377e-04 outlet=5.045e-07 lr=5.000e-04 | λ[f=1.00 ic=1000.00 wall=1000.00 inlet=1000.00 outlet=1000.00]
Adam 26600 | total=1.623e-01 f=8.252e-02 ic=7.493e-06 wall=2.914e-05 inlet=4.151e-05 outlet=1.615e-06 lr=5.000e-04 | λ[f=1.00 ic=1000.00 wall=1000.00 inlet=1000.00 outlet=1000.00]
Adam 26700 | total=1.156e-01 f=8.189e-02 ic=3.388e-06 wall=1.888e-05 inlet=1.111e-05 outlet=3.072e-07 lr=5.000e-04 | λ[f=1.00 ic=1000.00 wall=1000.00 inlet=1000.00 outlet=1000.00]
Adam 26800 | total=2.655e-01 f=8.459e-02 ic=9.606e-06 wall=4.507e-05 inlet=1.256e-04 outlet=5.994e-07 lr=5.000e-04 | λ[f=1.00 ic=1000.00 wall=1000.00 inlet=999.98 outlet=1000.00]
Adam 26900 | total=1.171e-01 f=8.179e-02 ic=3.541e-06 wall=2.070e-05 inlet=1.064e-05 outlet=4.220e-07 lr=5.000e-04 | λ[f=1.00 ic=1000.00 wall=1000.00 inlet=1000.00 outlet=1000.00]
Adam 27000 | total=1.335e-01 f=8.071e-02 ic=4.929e-06 wall=2.380e-05 inlet=2.366e-05 outlet=4.208e-07 lr=5.000e-04 | λ[f=1.00 ic=1000.00 wall=1000.00 inlet=1000.00 outlet=1000.00]
Adam 27100 | total=2.738e-01 f=8.260e-02 ic=1.546e-05 wall=5.052e-05 inlet=1.211e-04 outlet=4.067e-06 lr=5.000e-04 | λ[f=1.00 ic=1000.00 wall=1000.00 inlet=1000.00 outlet=1000.00]
Adam 27200 | total=1.623e-01 f=8.100e-02 ic=4.750e-06 wall=4.633e-05 inlet=2.972e-05 outlet=5.333e-07 lr=5.000e-04 | λ[f=1.00 ic=1000.00 wall=1000.00 inlet=1000.00 outlet=1000.00]
Adam 27300 | total=2.041e-01 f=8.136e-02 ic=7.318e-06 wall=3.405e-05 inlet=8.100e-05 outlet=3.310e-07 lr=5.000e-04 | λ[f=1.00 ic=1000.00 wall=1000.00 inlet=1000.00 outlet=1000.00]
Adam 27400 | total=1.291e-01 f=8.024e-02 ic=7.673e-06 wall=2.137e-05 inlet=1.433e-05 outlet=5.477e-06 lr=5.000e-04 | λ[f=1.00 ic=1000.00 wall=1000.00 inlet=1000.00 outlet=1000.00]
Adam 27500 | total=1.162e-01 f=7.987e-02 ic=2.758e-06 wall=1.988e-05 inlet=1.326e-05 outlet=4.723e-07 lr=5.000e-04 | λ[f=1.00 ic=1000.00 wall=1000.00 inlet=1000.00 outlet=1000.00]
Adam 27600 | total=3.293e-01 f=8.193e-02 ic=2.395e-05 wall=8.711e-05 inlet=1.360e-04 outlet=3.128e-07 lr=5.000e-04 | λ[f=1.00 ic=1000.00 wall=1000.00 inlet=1000.00 outlet=1000.00]
Adam 27700 | total=1.202e-01 f=7.929e-02 ic=2.860e-06 wall=2.245e-05 inlet=1.502e-05 outlet=6.179e-07 lr=5.000e-04 | λ[f=1.00 ic=1000.00 wall=1000.00 inlet=1000.00 outlet=1000.00]
Adam 27800 | total=1.572e-01 f=7.906e-02 ic=9.069e-06 wall=2.866e-05 inlet=3.539e-05 outlet=5.031e-06 lr=5.000e-04 | λ[f=1.00 ic=1000.00 wall=1000.00 inlet=1000.00 outlet=1000.00]
Adam 27900 | total=2.075e-01 f=7.925e-02 ic=1.289e-05 wall=5.042e-05 inlet=6.433e-05 outlet=6.095e-07 lr=5.000e-04 | λ[f=1.00 ic=1000.00 wall=1000.00 inlet=1000.00 outlet=1000.00]
Adam 28000 | total=1.458e-01 f=7.715e-02 ic=5.189e-06 wall=2.455e-05 inlet=3.854e-05 outlet=3.588e-07 lr=5.000e-04 | λ[f=1.00 ic=1000.00 wall=1000.00 inlet=1000.00 outlet=1000.00]
Adam 28100 | total=2.455e-01 f=7.921e-02 ic=9.644e-06 wall=3.660e-05 inlet=1.197e-04 outlet=3.303e-07 lr=5.000e-04 | λ[f=1.00 ic=1000.00 wall=1000.00 inlet=1000.00 outlet=1000.00]
Adam 28200 | total=1.386e-01 f=7.790e-02 ic=3.881e-06 wall=2.906e-05 inlet=2.733e-05 outlet=4.277e-07 lr=5.000e-04 | λ[f=1.00 ic=1000.00 wall=1000.00 inlet=999.99 outlet=1000.00]
Adam 28300 | total=1.040e-01 f=7.668e-02 ic=2.625e-06 wall=1.641e-05 inlet=7.808e-06 outlet=4.749e-07 lr=5.000e-04 | λ[f=1.00 ic=1000.00 wall=1000.00 inlet=1000.00 outlet=1000.00]
Adam 28400 | total=1.068e-01 f=7.668e-02 ic=2.396e-06 wall=1.835e-05 inlet=9.075e-06 outlet=3.349e-07 lr=5.000e-04 | λ[f=1.00 ic=1000.00 wall=1000.00 inlet=1000.00 outlet=1000.00]
Adam 28500 | total=1.665e-01 f=7.838e-02 ic=3.537e-06 wall=3.496e-05 inlet=4.903e-05 outlet=7.963e-07 lr=5.000e-04 | λ[f=1.00 ic=1000.00 wall=1000.00 inlet=996.73 outlet=1000.00]
Adam 28600 | total=1.156e-01 f=7.618e-02 ic=2.947e-06 wall=1.882e-05 inlet=1.728e-05 outlet=3.679e-07 lr=5.000e-04 | λ[f=1.00 ic=1000.00 wall=1000.00 inlet=1000.00 outlet=1000.00]
Adam 28700 | total=1.424e-01 f=7.629e-02 ic=8.590e-06 wall=2.624e-05 inlet=2.785e-05 outlet=3.436e-06 lr=5.000e-04 | λ[f=1.00 ic=1000.00 wall=1000.00 inlet=999.98 outlet=1000.00]
Adam 28800 | total=3.651e-01 f=7.932e-02 ic=2.860e-05 wall=8.797e-05 inlet=1.658e-04 outlet=3.402e-06 lr=5.000e-04 | λ[f=1.00 ic=1000.00 wall=1000.00 inlet=1000.00 outlet=1000.00]
Adam 28900 | total=1.074e-01 f=7.490e-02 ic=3.208e-06 wall=1.731e-05 inlet=1.160e-05 outlet=3.445e-07 lr=5.000e-04 | λ[f=1.00 ic=1000.00 wall=1000.00 inlet=1000.00 outlet=1000.00]
Adam 29000 | total=1.952e-01 f=7.551e-02 ic=2.054e-05 wall=4.391e-05 inlet=4.291e-05 outlet=1.231e-05 lr=5.000e-04 | λ[f=1.00 ic=1000.00 wall=1000.00 inlet=1000.00 outlet=1000.00]
Adam 29100 | total=1.989e-01 f=7.652e-02 ic=1.031e-05 wall=5.032e-05 inlet=6.133e-05 outlet=4.223e-07 lr=5.000e-04 | λ[f=1.00 ic=1000.00 wall=1000.00 inlet=1000.00 outlet=1000.00]
Adam 29200 | total=1.142e-01 f=7.449e-02 ic=2.589e-06 wall=2.030e-05 inlet=1.647e-05 outlet=3.041e-07 lr=5.000e-04 | λ[f=1.00 ic=1000.00 wall=1000.00 inlet=1000.00 outlet=1000.00]
Adam 29300 | total=1.133e-01 f=7.410e-02 ic=4.694e-06 wall=2.061e-05 inlet=1.355e-05 outlet=3.362e-07 lr=5.000e-04 | λ[f=1.00 ic=1000.00 wall=1000.00 inlet=998.67 outlet=1000.00]
Adam 29400 | total=1.898e-01 f=7.439e-02 ic=4.839e-06 wall=4.854e-05 inlet=6.064e-05 outlet=1.409e-06 lr=5.000e-04 | λ[f=1.00 ic=1000.00 wall=1000.00 inlet=1000.00 outlet=1000.00]
Adam 29500 | total=1.159e-01 f=7.379e-02 ic=2.829e-06 wall=1.966e-05 inlet=1.921e-05 outlet=3.856e-07 lr=5.000e-04 | λ[f=1.00 ic=1000.00 wall=1000.00 inlet=1000.00 outlet=1000.00]
Adam 29600 | total=1.109e-01 f=7.304e-02 ic=3.007e-06 wall=1.999e-05 inlet=1.431e-05 outlet=5.097e-07 lr=5.000e-04 | λ[f=1.00 ic=1000.00 wall=1000.00 inlet=1000.00 outlet=1000.00]
Adam 29700 | total=4.105e-01 f=7.756e-02 ic=3.513e-05 wall=8.755e-05 inlet=1.987e-04 outlet=1.158e-05 lr=5.000e-04 | λ[f=1.00 ic=1000.00 wall=1000.00 inlet=1000.00 outlet=1000.00]
Adam 29800 | total=1.029e-01 f=7.266e-02 ic=2.113e-06 wall=1.737e-05 inlet=1.046e-05 outlet=2.756e-07 lr=5.000e-04 | λ[f=1.00 ic=1000.00 wall=1000.00 inlet=1000.00 outlet=1000.00]
Adam 29900 | total=1.227e-01 f=7.261e-02 ic=2.972e-06 wall=1.928e-05 inlet=2.743e-05 outlet=3.797e-07 lr=5.000e-04 | λ[f=1.00 ic=1000.00 wall=1000.00 inlet=1000.00 outlet=1000.00]
Adam 30000 | total=1.039e-01 f=7.236e-02 ic=3.540e-06 wall=1.762e-05 inlet=9.751e-06 outlet=6.715e-07 lr=5.000e-04 | λ[f=1.00 ic=1000.00 wall=1000.00 inlet=1000.00 outlet=1000.00]
Adam 30100 | total=1.205e-01 f=7.207e-02 ic=5.417e-06 wall=1.981e-05 inlet=2.130e-05 outlet=1.920e-06 lr=5.000e-04 | λ[f=1.00 ic=1000.00 wall=1000.00 inlet=1000.00 outlet=1000.00]
Adam 30200 | total=1.353e-01 f=7.216e-02 ic=4.622e-06 wall=2.774e-05 inlet=3.124e-05 outlet=4.215e-07 lr=5.000e-04 | λ[f=1.00 ic=1000.00 wall=1000.00 inlet=972.90 outlet=1000.00]
Adam 30300 | total=9.900e-02 f=7.122e-02 ic=2.933e-06 wall=1.569e-05 inlet=8.363e-06 outlet=7.985e-07 lr=5.000e-04 | λ[f=1.00 ic=1000.00 wall=1000.00 inlet=1000.00 outlet=1000.00]
Adam 30400 | total=1.108e-01 f=7.134e-02 ic=7.276e-06 wall=1.621e-05 inlet=1.048e-05 outlet=5.473e-06 lr=5.000e-04 | λ[f=1.00 ic=1000.00 wall=1000.00 inlet=1000.00 outlet=1000.00]
Adam 30500 | total=1.070e-01 f=7.062e-02 ic=3.552e-06 wall=1.921e-05 inlet=1.262e-05 outlet=9.821e-07 lr=5.000e-04 | λ[f=1.00 ic=1000.00 wall=1000.00 inlet=1000.00 outlet=1000.00]
Adam 30600 | total=9.906e-02 f=7.084e-02 ic=1.876e-06 wall=1.619e-05 inlet=9.868e-06 outlet=2.849e-07 lr=5.000e-04 | λ[f=1.00 ic=1000.00 wall=1000.00 inlet=1000.00 outlet=1000.00]
Adam 30700 | total=2.640e-01 f=7.246e-02 ic=2.337e-05 wall=6.668e-05 inlet=8.874e-05 outlet=1.270e-05 lr=5.000e-04 | λ[f=1.00 ic=1000.00 wall=1000.00 inlet=1000.00 outlet=1000.00]
Adam 30800 | total=1.971e-01 f=7.109e-02 ic=1.748e-05 wall=4.137e-05 inlet=5.930e-05 outlet=7.837e-06 lr=5.000e-04 | λ[f=1.00 ic=1000.00 wall=1000.00 inlet=1000.00 outlet=1000.00]
Adam 30900 | total=1.189e-01 f=6.967e-02 ic=3.474e-06 wall=2.293e-05 inlet=2.149e-05 outlet=1.351e-06 lr=5.000e-04 | λ[f=1.00 ic=1000.00 wall=1000.00 inlet=1000.00 outlet=1000.00]
Adam 31000 | total=3.028e-01 f=7.481e-02 ic=1.350e-05 wall=7.305e-05 inlet=1.410e-04 outlet=5.194e-07 lr=5.000e-04 | λ[f=1.00 ic=1000.00 wall=1000.00 inlet=1000.00 outlet=1000.00]
Adam 31100 | total=1.094e-01 f=6.934e-02 ic=5.126e-06 wall=2.010e-05 inlet=1.452e-05 outlet=2.742e-07 lr=5.000e-04 | λ[f=1.00 ic=1000.00 wall=1000.00 inlet=1000.00 outlet=1000.00]
Adam 31200 | total=9.915e-02 f=6.927e-02 ic=2.181e-06 wall=1.821e-05 inlet=9.237e-06 outlet=2.624e-07 lr=5.000e-04 | λ[f=1.00 ic=1000.00 wall=1000.00 inlet=999.40 outlet=1000.00]
Adam 31300 | total=1.069e-01 f=6.932e-02 ic=2.287e-06 wall=2.177e-05 inlet=1.294e-05 outlet=6.157e-07 lr=5.000e-04 | λ[f=1.00 ic=1000.00 wall=1000.00 inlet=1000.00 outlet=1000.00]
Adam 31400 | total=1.608e-01 f=7.059e-02 ic=5.095e-06 wall=3.244e-05 inlet=5.151e-05 outlet=1.188e-06 lr=5.000e-04 | λ[f=1.00 ic=1000.00 wall=1000.00 inlet=1000.00 outlet=1000.00]
Adam 31500 | total=1.541e-01 f=6.945e-02 ic=9.101e-06 wall=2.837e-05 inlet=4.524e-05 outlet=1.960e-06 lr=5.000e-04 | λ[f=1.00 ic=1000.00 wall=1000.00 inlet=1000.00 outlet=1000.00]
Adam 31600 | total=3.060e-01 f=7.034e-02 ic=1.540e-05 wall=1.184e-04 inlet=9.209e-05 outlet=9.768e-06 lr=5.000e-04 | λ[f=1.00 ic=1000.00 wall=1000.00 inlet=1000.00 outlet=1000.00]
Adam 31700 | total=1.151e-01 f=6.845e-02 ic=3.129e-06 wall=1.795e-05 inlet=2.513e-05 outlet=4.246e-07 lr=5.000e-04 | λ[f=1.00 ic=1000.00 wall=1000.00 inlet=1000.00 outlet=1000.00]
Adam 31800 | total=9.237e-02 f=6.792e-02 ic=1.819e-06 wall=1.413e-05 inlet=8.185e-06 outlet=3.166e-07 lr=5.000e-04 | λ[f=1.00 ic=1000.00 wall=1000.00 inlet=1000.00 outlet=1000.00]
Adam 31900 | total=1.705e-01 f=6.875e-02 ic=1.082e-05 wall=3.794e-05 inlet=4.746e-05 outlet=5.496e-06 lr=5.000e-04 | λ[f=1.00 ic=1000.00 wall=1000.00 inlet=1000.00 outlet=1000.00]
Adam 32000 | total=2.043e-01 f=6.934e-02 ic=7.580e-06 wall=5.680e-05 inlet=6.579e-05 outlet=4.827e-06 lr=5.000e-04 | λ[f=1.00 ic=1000.00 wall=1000.00 inlet=1000.00 outlet=1000.00]
Adam 32100 | total=9.606e-02 f=6.725e-02 ic=2.073e-06 wall=1.586e-05 inlet=1.042e-05 outlet=4.606e-07 lr=5.000e-04 | λ[f=1.00 ic=1000.00 wall=1000.00 inlet=1000.00 outlet=1000.00]
Adam 32200 | total=1.008e-01 f=6.741e-02 ic=3.318e-06 wall=1.793e-05 inlet=1.098e-05 outlet=1.129e-06 lr=5.000e-04 | λ[f=1.00 ic=1000.00 wall=1000.00 inlet=1000.00 outlet=1000.00]
Adam 32300 | total=2.836e-01 f=6.866e-02 ic=1.567e-05 wall=1.056e-04 inlet=9.336e-05 outlet=3.458e-07 lr=5.000e-04 | λ[f=1.00 ic=1000.00 wall=1000.00 inlet=1000.00 outlet=1000.00]
Adam 32400 | total=1.306e-01 f=6.737e-02 ic=5.037e-06 wall=2.018e-05 inlet=3.607e-05 outlet=1.993e-06 lr=5.000e-04 | λ[f=1.00 ic=1000.00 wall=1000.00 inlet=1000.00 outlet=1000.00]
Adam 32500 | total=4.468e-01 f=7.386e-02 ic=1.971e-05 wall=7.224e-05 inlet=2.807e-04 outlet=3.059e-07 lr=5.000e-04 | λ[f=1.00 ic=1000.00 wall=1000.00 inlet=999.97 outlet=1000.00]
Adam 32600 | total=9.645e-02 f=6.614e-02 ic=2.358e-06 wall=1.603e-05 inlet=1.157e-05 outlet=3.582e-07 lr=5.000e-04 | λ[f=1.00 ic=1000.00 wall=1000.00 inlet=1000.00 outlet=1000.00]
Adam 32700 | total=9.260e-02 f=6.584e-02 ic=2.002e-06 wall=1.402e-05 inlet=1.037e-05 outlet=3.622e-07 lr=5.000e-04 | λ[f=1.00 ic=1000.00 wall=1000.00 inlet=1000.00 outlet=1000.00]
Adam 32800 | total=1.014e-01 f=6.637e-02 ic=3.943e-06 wall=1.933e-05 inlet=1.138e-05 outlet=3.878e-07 lr=5.000e-04 | λ[f=1.00 ic=1000.00 wall=1000.00 inlet=1000.00 outlet=1000.00]
Adam 32900 | total=2.337e-01 f=6.630e-02 ic=3.117e-05 wall=4.212e-05 inlet=7.241e-05 outlet=2.166e-05 lr=5.000e-04 | λ[f=1.00 ic=1000.00 wall=1000.00 inlet=1000.00 outlet=1000.00]
Adam 33000 | total=1.574e-01 f=6.745e-02 ic=4.126e-06 wall=3.476e-05 inlet=4.969e-05 outlet=1.336e-06 lr=5.000e-04 | λ[f=1.00 ic=1000.00 wall=1000.00 inlet=1000.00 outlet=1000.00]
Adam 33100 | total=1.616e-01 f=6.557e-02 ic=3.175e-05 wall=1.984e-05 inlet=1.652e-05 outlet=2.792e-05 lr=5.000e-04 | λ[f=1.00 ic=1000.00 wall=1000.00 inlet=1000.00 outlet=1000.00]
Adam 33200 | total=9.920e-02 f=6.552e-02 ic=3.154e-06 wall=1.525e-05 inlet=1.377e-05 outlet=1.508e-06 lr=5.000e-04 | λ[f=1.00 ic=1000.00 wall=1000.00 inlet=1000.00 outlet=1000.00]
Adam 33300 | total=1.081e-01 f=6.452e-02 ic=8.768e-06 wall=1.625e-05 inlet=1.220e-05 outlet=6.504e-06 lr=5.000e-04 | λ[f=1.00 ic=1000.00 wall=1000.00 inlet=989.60 outlet=1000.00]
Adam 33400 | total=8.671e-02 f=6.477e-02 ic=1.638e-06 wall=1.295e-05 inlet=7.093e-06 outlet=2.534e-07 lr=5.000e-04 | λ[f=1.00 ic=1000.00 wall=1000.00 inlet=1000.00 outlet=1000.00]
Adam 33500 | total=1.982e-01 f=6.499e-02 ic=1.209e-05 wall=7.592e-05 inlet=4.079e-05 outlet=4.378e-06 lr=5.000e-04 | λ[f=1.00 ic=1000.00 wall=1000.00 inlet=1000.00 outlet=1000.00]
Adam 33600 | total=2.917e-01 f=6.626e-02 ic=3.900e-05 wall=4.972e-05 inlet=1.108e-04 outlet=2.591e-05 lr=5.000e-04 | λ[f=1.00 ic=1000.00 wall=1000.00 inlet=1000.00 outlet=1000.00]
Adam 33700 | total=6.895e-01 f=7.371e-02 ic=1.784e-05 wall=1.369e-04 inlet=4.603e-04 outlet=7.397e-07 lr=5.000e-04 | λ[f=1.00 ic=1000.00 wall=1000.00 inlet=1000.00 outlet=1000.00]
Adam 33800 | total=1.650e-01 f=6.554e-02 ic=6.705e-06 wall=2.434e-05 inlet=6.670e-05 outlet=1.706e-06 lr=5.000e-04 | λ[f=1.00 ic=1000.00 wall=1000.00 inlet=1000.00 outlet=1000.00]
Adam 33900 | total=1.432e-01 f=6.469e-02 ic=5.264e-06 wall=2.439e-05 inlet=4.859e-05 outlet=3.172e-07 lr=5.000e-04 | λ[f=1.00 ic=1000.00 wall=1000.00 inlet=1000.00 outlet=1000.00]
Adam 34000 | total=1.252e-01 f=6.360e-02 ic=2.844e-06 wall=2.553e-05 inlet=3.301e-05 outlet=2.595e-07 lr=5.000e-04 | λ[f=1.00 ic=1000.00 wall=1000.00 inlet=1000.00 outlet=1000.00]
Adam 34100 | total=8.995e-02 f=6.354e-02 ic=1.994e-06 wall=1.396e-05 inlet=1.011e-05 outlet=3.565e-07 lr=5.000e-04 | λ[f=1.00 ic=1000.00 wall=1000.00 inlet=1000.00 outlet=1000.00]
Adam 34200 | total=8.356e-02 f=6.320e-02 ic=1.609e-06 wall=1.268e-05 inlet=5.780e-06 outlet=2.994e-07 lr=5.000e-04 | λ[f=1.00 ic=1000.00 wall=1000.00 inlet=1000.00 outlet=1000.00]
Adam 34300 | total=2.113e-01 f=6.308e-02 ic=8.410e-06 wall=4.491e-05 inlet=1.023e-04 outlet=2.912e-06 lr=5.000e-04 | λ[f=1.00 ic=1000.00 wall=1000.00 inlet=898.50 outlet=1000.00]
Adam 34400 | total=8.521e-02 f=6.272e-02 ic=1.861e-06 wall=1.346e-05 inlet=6.884e-06 outlet=2.940e-07 lr=5.000e-04 | λ[f=1.00 ic=1000.00 wall=1000.00 inlet=1000.00 outlet=1000.00]
Adam 34500 | total=8.130e-02 f=6.272e-02 ic=1.389e-06 wall=1.180e-05 inlet=5.150e-06 outlet=2.463e-07 lr=5.000e-04 | λ[f=1.00 ic=1000.00 wall=1000.00 inlet=1000.00 outlet=1000.00]
Adam 34600 | total=9.092e-02 f=6.331e-02 ic=2.233e-06 wall=1.475e-05 inlet=1.038e-05 outlet=2.476e-07 lr=5.000e-04 | λ[f=1.00 ic=1000.00 wall=1000.00 inlet=1000.00 outlet=1000.00]
Adam 34700 | total=8.180e-02 f=6.233e-02 ic=1.624e-06 wall=1.180e-05 inlet=5.758e-06 outlet=2.789e-07 lr=5.000e-04 | λ[f=1.00 ic=1000.00 wall=1000.00 inlet=1000.00 outlet=1000.00]
Adam 34800 | total=8.982e-02 f=6.246e-02 ic=2.137e-06 wall=1.700e-05 inlet=7.654e-06 outlet=5.695e-07 lr=5.000e-04 | λ[f=1.00 ic=1000.00 wall=1000.00 inlet=1000.00 outlet=1000.00]
Adam 34900 | total=1.027e-01 f=6.261e-02 ic=2.024e-06 wall=1.559e-05 inlet=2.216e-05 outlet=2.761e-07 lr=5.000e-04 | λ[f=1.00 ic=1000.00 wall=1000.00 inlet=1000.00 outlet=1000.00]
Adam 35000 | total=8.950e-02 f=6.216e-02 ic=1.963e-06 wall=1.411e-05 inlet=1.083e-05 outlet=4.247e-07 lr=5.000e-04 | λ[f=1.00 ic=1000.00 wall=1000.00 inlet=1000.00 outlet=1000.00]
Adam 35100 | total=9.797e-02 f=6.171e-02 ic=3.451e-06 wall=1.572e-05 inlet=1.685e-05 outlet=2.371e-07 lr=5.000e-04 | λ[f=1.00 ic=1000.00 wall=1000.00 inlet=1000.00 outlet=1000.00]
Adam 35200 | total=8.625e-02 f=6.184e-02 ic=1.825e-06 wall=1.383e-05 inlet=8.486e-06 outlet=2.586e-07 lr=5.000e-04 | λ[f=1.00 ic=1000.00 wall=1000.00 inlet=1000.00 outlet=1000.00]
Adam 35300 | total=3.026e-01 f=6.443e-02 ic=9.755e-06 wall=8.494e-05 inlet=1.432e-04 outlet=2.960e-07 lr=5.000e-04 | λ[f=1.00 ic=1000.00 wall=1000.00 inlet=1000.00 outlet=1000.00]
Adam 35400 | total=1.040e-01 f=6.118e-02 ic=3.499e-06 wall=1.550e-05 inlet=2.263e-05 outlet=1.170e-06 lr=5.000e-04 | λ[f=1.00 ic=1000.00 wall=1000.00 inlet=1000.00 outlet=1000.00]
Adam 35500 | total=7.998e-02 f=6.113e-02 ic=1.521e-06 wall=1.156e-05 inlet=5.503e-06 outlet=2.606e-07 lr=5.000e-04 | λ[f=1.00 ic=1000.00 wall=1000.00 inlet=1000.00 outlet=1000.00]
Adam 35600 | total=1.083e-01 f=6.131e-02 ic=5.514e-06 wall=2.157e-05 inlet=1.825e-05 outlet=1.677e-06 lr=5.000e-04 | λ[f=1.00 ic=1000.00 wall=1000.00 inlet=1000.00 outlet=1000.00]
Adam 35700 | total=9.008e-02 f=6.070e-02 ic=2.080e-06 wall=1.294e-05 inlet=1.401e-05 outlet=3.499e-07 lr=5.000e-04 | λ[f=1.00 ic=1000.00 wall=1000.00 inlet=1000.00 outlet=1000.00]
Adam 35800 | total=1.131e-01 f=6.142e-02 ic=4.287e-06 wall=2.858e-05 inlet=1.814e-05 outlet=7.207e-07 lr=5.000e-04 | λ[f=1.00 ic=1000.00 wall=1000.00 inlet=1000.00 outlet=1000.00]
Adam 35900 | total=8.183e-02 f=6.098e-02 ic=1.324e-06 wall=1.221e-05 inlet=7.059e-06 outlet=2.581e-07 lr=5.000e-04 | λ[f=1.00 ic=1000.00 wall=1000.00 inlet=1000.00 outlet=1000.00]
Adam 36000 | total=8.045e-02 f=6.057e-02 ic=1.520e-06 wall=1.218e-05 inlet=5.946e-06 outlet=2.358e-07 lr=5.000e-04 | λ[f=1.00 ic=1000.00 wall=1000.00 inlet=1000.00 outlet=1000.00]
Adam 36100 | total=8.644e-02 f=6.038e-02 ic=1.859e-06 wall=1.383e-05 inlet=9.769e-06 outlet=5.981e-07 lr=5.000e-04 | λ[f=1.00 ic=1000.00 wall=1000.00 inlet=1000.00 outlet=1000.00]
Adam 36200 | total=1.472e-01 f=5.985e-02 ic=1.591e-05 wall=2.134e-05 inlet=4.457e-05 outlet=1.349e-05 lr=5.000e-04 | λ[f=1.00 ic=1000.00 wall=1000.00 inlet=821.66 outlet=1000.00]
Adam 36300 | total=1.262e-01 f=6.112e-02 ic=5.974e-06 wall=3.079e-05 inlet=2.699e-05 outlet=1.282e-06 lr=5.000e-04 | λ[f=1.00 ic=1000.00 wall=1000.00 inlet=1000.00 outlet=1000.00]
Adam 36400 | total=8.322e-02 f=6.014e-02 ic=1.590e-06 wall=1.263e-05 inlet=8.585e-06 outlet=2.748e-07 lr=5.000e-04 | λ[f=1.00 ic=1000.00 wall=1000.00 inlet=1000.00 outlet=1000.00]
Adam 36500 | total=7.782e-02 f=5.969e-02 ic=1.348e-06 wall=1.144e-05 inlet=5.025e-06 outlet=3.208e-07 lr=5.000e-04 | λ[f=1.00 ic=1000.00 wall=1000.00 inlet=1000.00 outlet=1000.00]
Adam 36600 | total=1.461e-01 f=6.188e-02 ic=9.366e-06 wall=2.385e-05 inlet=4.570e-05 outlet=5.287e-06 lr=5.000e-04 | λ[f=1.00 ic=1000.00 wall=1000.00 inlet=1000.00 outlet=1000.00]
Adam 36700 | total=9.348e-02 f=5.972e-02 ic=6.425e-06 wall=1.398e-05 inlet=8.259e-06 outlet=5.095e-06 lr=5.000e-04 | λ[f=1.00 ic=1000.00 wall=1000.00 inlet=1000.00 outlet=1000.00]
Adam 36800 | total=7.681e-02 f=5.938e-02 ic=1.344e-06 wall=1.076e-05 inlet=5.043e-06 outlet=2.870e-07 lr=5.000e-04 | λ[f=1.00 ic=1000.00 wall=1000.00 inlet=1000.00 outlet=1000.00]
Adam 36900 | total=9.378e-02 f=5.948e-02 ic=6.500e-06 wall=1.247e-05 inlet=9.402e-06 outlet=5.922e-06 lr=5.000e-04 | λ[f=1.00 ic=1000.00 wall=1000.00 inlet=1000.00 outlet=1000.00]
Adam 37000 | total=1.962e-01 f=6.012e-02 ic=2.043e-05 wall=4.744e-05 inlet=6.785e-05 outlet=3.684e-07 lr=5.000e-04 | λ[f=1.00 ic=1000.00 wall=1000.00 inlet=1000.00 outlet=1000.00]
Adam 37100 | total=9.005e-02 f=5.865e-02 ic=4.611e-06 wall=1.356e-05 inlet=1.108e-05 outlet=2.157e-06 lr=5.000e-04 | λ[f=1.00 ic=1000.00 wall=1000.00 inlet=1000.00 outlet=1000.00]
Adam 37200 | total=1.475e-01 f=5.996e-02 ic=5.753e-06 wall=3.577e-05 inlet=4.514e-05 outlet=8.333e-07 lr=5.000e-04 | λ[f=1.00 ic=1000.00 wall=1000.00 inlet=1000.00 outlet=1000.00]
Adam 37300 | total=1.273e-01 f=5.876e-02 ic=5.851e-06 wall=2.203e-05 inlet=3.780e-05 outlet=2.873e-06 lr=5.000e-04 | λ[f=1.00 ic=1000.00 wall=1000.00 inlet=1000.00 outlet=1000.00]
Adam 37400 | total=1.116e-01 f=5.860e-02 ic=6.046e-06 wall=2.782e-05 inlet=1.515e-05 outlet=3.951e-06 lr=5.000e-04 | λ[f=1.00 ic=1000.00 wall=1000.00 inlet=1000.00 outlet=1000.00]
Adam 37500 | total=1.521e-01 f=6.011e-02 ic=4.283e-06 wall=3.088e-05 inlet=5.635e-05 outlet=4.561e-07 lr=5.000e-04 | λ[f=1.00 ic=1000.00 wall=1000.00 inlet=1000.00 outlet=1000.00]
Adam 37600 | total=1.117e-01 f=5.811e-02 ic=7.139e-06 wall=1.956e-05 inlet=2.637e-05 outlet=4.787e-07 lr=5.000e-04 | λ[f=1.00 ic=1000.00 wall=1000.00 inlet=1000.00 outlet=1000.00]
Adam 37700 | total=9.446e-02 f=5.786e-02 ic=3.741e-06 wall=1.439e-05 inlet=1.715e-05 outlet=1.324e-06 lr=5.000e-04 | λ[f=1.00 ic=1000.00 wall=1000.00 inlet=1000.00 outlet=1000.00]
Adam 37800 | total=1.416e-01 f=5.802e-02 ic=2.455e-06 wall=4.573e-05 inlet=3.492e-05 outlet=4.539e-07 lr=5.000e-04 | λ[f=1.00 ic=1000.00 wall=1000.00 inlet=1000.00 outlet=1000.00]
Adam 37900 | total=1.495e-01 f=5.750e-02 ic=1.777e-05 wall=2.764e-05 inlet=2.909e-05 outlet=1.748e-05 lr=5.000e-04 | λ[f=1.00 ic=1000.00 wall=1000.00 inlet=1000.00 outlet=1000.00]
Adam 38000 | total=7.778e-02 f=5.786e-02 ic=1.363e-06 wall=1.134e-05 inlet=6.870e-06 outlet=3.400e-07 lr=5.000e-04 | λ[f=1.00 ic=1000.00 wall=1000.00 inlet=1000.00 outlet=1000.00]
Adam 38100 | total=1.967e-01 f=5.873e-02 ic=2.745e-05 wall=5.009e-05 inlet=5.089e-05 outlet=9.518e-06 lr=5.000e-04 | λ[f=1.00 ic=1000.00 wall=1000.00 inlet=1000.00 outlet=1000.00]
Adam 38200 | total=1.079e-01 f=5.848e-02 ic=5.495e-06 wall=2.291e-05 inlet=1.765e-05 outlet=3.308e-06 lr=5.000e-04 | λ[f=1.00 ic=1000.00 wall=1000.00 inlet=1000.00 outlet=1000.00]
Adam 38300 | total=1.455e-01 f=5.775e-02 ic=3.148e-05 wall=1.331e-05 inlet=1.068e-05 outlet=3.262e-05 lr=5.000e-04 | λ[f=1.00 ic=1000.00 wall=1000.00 inlet=971.20 outlet=1000.00]
Adam 38400 | total=7.597e-02 f=5.721e-02 ic=1.322e-06 wall=1.033e-05 inlet=6.865e-06 outlet=2.410e-07 lr=5.000e-04 | λ[f=1.00 ic=1000.00 wall=1000.00 inlet=1000.00 outlet=1000.00]
Adam 38500 | total=1.154e-01 f=5.762e-02 ic=3.508e-06 wall=1.876e-05 inlet=3.482e-05 outlet=6.613e-07 lr=5.000e-04 | λ[f=1.00 ic=1000.00 wall=1000.00 inlet=1000.00 outlet=1000.00]
Adam 38600 | total=1.775e-01 f=5.885e-02 ic=6.391e-06 wall=2.536e-05 inlet=8.660e-05 outlet=3.221e-07 lr=5.000e-04 | λ[f=1.00 ic=1000.00 wall=1000.00 inlet=1000.00 outlet=1000.00]
Adam 38700 | total=1.730e-01 f=5.805e-02 ic=9.958e-06 wall=6.176e-05 inlet=3.838e-05 outlet=4.876e-06 lr=5.000e-04 | λ[f=1.00 ic=1000.00 wall=1000.00 inlet=1000.00 outlet=1000.00]
Adam 38800 | total=1.422e-01 f=5.757e-02 ic=7.713e-06 wall=4.659e-05 inlet=2.883e-05 outlet=1.489e-06 lr=5.000e-04 | λ[f=1.00 ic=1000.00 wall=1000.00 inlet=1000.00 outlet=1000.00]
Adam 38900 | total=7.919e-02 f=5.650e-02 ic=2.075e-06 wall=1.261e-05 inlet=6.817e-06 outlet=1.195e-06 lr=5.000e-04 | λ[f=1.00 ic=1000.00 wall=1000.00 inlet=1000.00 outlet=1000.00]
Adam 39000 | total=7.472e-02 f=5.650e-02 ic=2.229e-06 wall=1.007e-05 inlet=4.670e-06 outlet=1.252e-06 lr=5.000e-04 | λ[f=1.00 ic=1000.00 wall=1000.00 inlet=1000.00 outlet=1000.00]
Adam 39100 | total=7.834e-02 f=5.605e-02 ic=2.636e-06 wall=1.136e-05 inlet=6.457e-06 outlet=1.839e-06 lr=5.000e-04 | λ[f=1.00 ic=1000.00 wall=1000.00 inlet=1000.00 outlet=1000.00]
Adam 39200 | total=1.031e-01 f=5.635e-02 ic=2.728e-06 wall=1.366e-05 inlet=2.960e-05 outlet=7.156e-07 lr=5.000e-04 | λ[f=1.00 ic=1000.00 wall=1000.00 inlet=1000.00 outlet=1000.00]
Adam 39300 | total=8.400e-02 f=5.606e-02 ic=3.785e-06 wall=1.334e-05 inlet=1.004e-05 outlet=7.748e-07 lr=5.000e-04 | λ[f=1.00 ic=1000.00 wall=1000.00 inlet=1000.00 outlet=1000.00]
Adam 39400 | total=1.109e-01 f=5.610e-02 ic=1.278e-05 wall=1.409e-05 inlet=1.649e-05 outlet=1.148e-05 lr=5.000e-04 | λ[f=1.00 ic=1000.00 wall=1000.00 inlet=1000.00 outlet=1000.00]
Adam 39500 | total=7.340e-02 f=5.594e-02 ic=1.496e-06 wall=1.028e-05 inlet=5.179e-06 outlet=5.074e-07 lr=5.000e-04 | λ[f=1.00 ic=1000.00 wall=1000.00 inlet=1000.00 outlet=1000.00]
Adam 39600 | total=8.316e-02 f=5.609e-02 ic=3.169e-06 wall=1.266e-05 inlet=9.538e-06 outlet=1.709e-06 lr=5.000e-04 | λ[f=1.00 ic=1000.00 wall=1000.00 inlet=1000.00 outlet=1000.00]
Adam 39700 | total=1.457e-01 f=5.669e-02 ic=1.103e-05 wall=3.392e-05 inlet=4.293e-05 outlet=1.097e-06 lr=5.000e-04 | λ[f=1.00 ic=1000.00 wall=1000.00 inlet=1000.00 outlet=1000.00]
Adam 39800 | total=7.111e-02 f=5.525e-02 ic=1.157e-06 wall=9.842e-06 inlet=4.617e-06 outlet=2.409e-07 lr=5.000e-04 | λ[f=1.00 ic=1000.00 wall=1000.00 inlet=1000.00 outlet=1000.00]
Adam 39900 | total=1.901e-01 f=5.804e-02 ic=6.167e-06 wall=4.272e-05 inlet=8.293e-05 outlet=2.823e-07 lr=5.000e-04 | λ[f=1.00 ic=1000.00 wall=1000.00 inlet=1000.00 outlet=1000.00]
Adam 40000 | total=1.370e-01 f=5.501e-02 ic=2.924e-06 wall=3.172e-05 inlet=4.703e-05 outlet=3.464e-07 lr=5.000e-04 | λ[f=1.00 ic=1000.00 wall=1000.00 inlet=1000.00 outlet=1000.00]
--- 3707.41 seconds ---
Saved PyTorch checkpoint to results/checkpoints/strict_grad_norm_adam40k_5090/latest.pt
[saturation] λ̂ clip-hit fractions over Adam phase:
  loss_ic       min_hit=  0.0%  max_hit= 89.3%
  loss_wall     min_hit=  0.0%  max_hit= 75.9%
  loss_inlet    min_hit=  0.0%  max_hit= 73.8%
  loss_outlet   min_hit=  0.0%  max_hit= 92.3%
Lambda curve saved to results/figures/strict_grad_norm_adam40k_5090/lambda_curve.png

=== Training complete. Run bench: bash scripts/bench_balanced.sh --exp-name strict_grad_norm_adam40k_5090 ===
