=== Starting balanced PINN training (exp: strict_grad_norm_uncapped_adam40k_5090, balancer: strict_grad_norm) ===
    Adam 10k (lr=5e-4) + L-BFGS 50k evals
    Re=10: mu=0.005, tmax=0.5s, period=1.0s

Using device: cuda
Experiment: strict_grad_norm_uncapped_adam40k_5090  balancer: strict_grad_norm
[snapshot] will save non-overwriting snapshots at Adam iters: [10000, 20000, 30000, 40000]
Adam 1 | total=7.198e+00 f=5.607e+00 ic=6.128e-01 wall=5.611e-01 inlet=2.458e-01 outlet=1.713e-01 lr=5.000e-04 | λ[f=1.00 ic=1.00 wall=1.00 inlet=1.00 outlet=1.00]
Saved PyTorch checkpoint to results/checkpoints/strict_grad_norm_uncapped_adam40k_5090/best.pt
Saved PyTorch checkpoint to results/checkpoints/strict_grad_norm_uncapped_adam40k_5090/best.pt
Saved PyTorch checkpoint to results/checkpoints/strict_grad_norm_uncapped_adam40k_5090/best.pt
Saved PyTorch checkpoint to results/checkpoints/strict_grad_norm_uncapped_adam40k_5090/best.pt
Saved PyTorch checkpoint to results/checkpoints/strict_grad_norm_uncapped_adam40k_5090/best.pt
Adam 100 | total=4.300e+00 f=5.286e-02 ic=8.867e-04 wall=2.337e-03 inlet=1.415e-01 outlet=1.883e-04 lr=5.000e-04 | λ[f=1.00 ic=395.92 wall=191.88 inlet=22.00 outlet=1772.98]
Adam 200 | total=1.803e+00 f=1.766e-02 ic=3.854e-04 wall=2.457e-03 inlet=1.452e-01 outlet=7.657e-06 lr=5.000e-04 | λ[f=1.00 ic=172.17 wall=69.07 inlet=10.37 outlet=5619.88]
Adam 300 | total=2.245e+00 f=1.440e-02 ic=3.074e-05 wall=1.561e-03 inlet=1.488e-01 outlet=4.218e-06 lr=5.000e-04 | λ[f=1.00 ic=6027.14 wall=129.13 inlet=12.23 outlet=5677.06]
Adam 400 | total=1.377e+01 f=6.739e-02 ic=4.978e-05 wall=3.449e-03 inlet=1.338e-01 outlet=2.648e-06 lr=5.000e-04 | λ[f=1.00 ic=18301.67 wall=470.86 inlet=81.90 outlet=77363.99]
Saved PyTorch checkpoint to results/checkpoints/strict_grad_norm_uncapped_adam40k_5090/best.pt
Saved PyTorch checkpoint to results/checkpoints/strict_grad_norm_uncapped_adam40k_5090/best.pt
Saved PyTorch checkpoint to results/checkpoints/strict_grad_norm_uncapped_adam40k_5090/best.pt
Saved PyTorch checkpoint to results/checkpoints/strict_grad_norm_uncapped_adam40k_5090/best.pt
Saved PyTorch checkpoint to results/checkpoints/strict_grad_norm_uncapped_adam40k_5090/best.pt
Saved PyTorch checkpoint to results/checkpoints/strict_grad_norm_uncapped_adam40k_5090/best.pt
Saved PyTorch checkpoint to results/checkpoints/strict_grad_norm_uncapped_adam40k_5090/best.pt
Saved PyTorch checkpoint to results/checkpoints/strict_grad_norm_uncapped_adam40k_5090/best.pt
Saved PyTorch checkpoint to results/checkpoints/strict_grad_norm_uncapped_adam40k_5090/best.pt
Saved PyTorch checkpoint to results/checkpoints/strict_grad_norm_uncapped_adam40k_5090/best.pt
Adam 500 | total=9.231e-01 f=9.717e-03 ic=7.719e-05 wall=1.996e-03 inlet=1.414e-01 outlet=4.543e-06 lr=5.000e-04 | λ[f=1.00 ic=1459.06 wall=51.54 inlet=4.86 outlet=2355.31]
Saved PyTorch checkpoint to results/checkpoints/strict_grad_norm_uncapped_adam40k_5090/best.pt
Saved PyTorch checkpoint to results/checkpoints/strict_grad_norm_uncapped_adam40k_5090/best.pt
Saved PyTorch checkpoint to results/checkpoints/strict_grad_norm_uncapped_adam40k_5090/best.pt
Saved PyTorch checkpoint to results/checkpoints/strict_grad_norm_uncapped_adam40k_5090/best.pt
Saved PyTorch checkpoint to results/checkpoints/strict_grad_norm_uncapped_adam40k_5090/best.pt
Saved PyTorch checkpoint to results/checkpoints/strict_grad_norm_uncapped_adam40k_5090/best.pt
Saved PyTorch checkpoint to results/checkpoints/strict_grad_norm_uncapped_adam40k_5090/best.pt
Saved PyTorch checkpoint to results/checkpoints/strict_grad_norm_uncapped_adam40k_5090/best.pt
Saved PyTorch checkpoint to results/checkpoints/strict_grad_norm_uncapped_adam40k_5090/best.pt
Saved PyTorch checkpoint to results/checkpoints/strict_grad_norm_uncapped_adam40k_5090/best.pt
Adam 600 | total=1.332e+00 f=8.976e-03 ic=2.019e-05 wall=1.800e-03 inlet=1.466e-01 outlet=2.550e-06 lr=5.000e-04 | λ[f=1.00 ic=5240.73 wall=69.60 inlet=7.13 outlet=18453.18]
Adam 700 | total=4.935e+00 f=2.198e-02 ic=4.083e-04 wall=7.392e-04 inlet=1.643e-01 outlet=2.470e-03 lr=5.000e-04 | λ[f=1.00 ic=1736.31 wall=386.67 inlet=16.70 outlet=475.46]
Adam 800 | total=9.682e-01 f=7.581e-03 ic=1.835e-05 wall=3.275e-04 inlet=1.734e-01 outlet=1.839e-04 lr=5.000e-04 | λ[f=1.00 ic=5068.66 wall=176.06 inlet=4.20 outlet=441.60]
Saved PyTorch checkpoint to results/checkpoints/strict_grad_norm_uncapped_adam40k_5090/best.pt
Saved PyTorch checkpoint to results/checkpoints/strict_grad_norm_uncapped_adam40k_5090/best.pt
Saved PyTorch checkpoint to results/checkpoints/strict_grad_norm_uncapped_adam40k_5090/best.pt
Saved PyTorch checkpoint to results/checkpoints/strict_grad_norm_uncapped_adam40k_5090/best.pt
Saved PyTorch checkpoint to results/checkpoints/strict_grad_norm_uncapped_adam40k_5090/best.pt
Saved PyTorch checkpoint to results/checkpoints/strict_grad_norm_uncapped_adam40k_5090/best.pt
Saved PyTorch checkpoint to results/checkpoints/strict_grad_norm_uncapped_adam40k_5090/best.pt
Saved PyTorch checkpoint to results/checkpoints/strict_grad_norm_uncapped_adam40k_5090/best.pt
Saved PyTorch checkpoint to results/checkpoints/strict_grad_norm_uncapped_adam40k_5090/best.pt
Saved PyTorch checkpoint to results/checkpoints/strict_grad_norm_uncapped_adam40k_5090/best.pt
Saved PyTorch checkpoint to results/checkpoints/strict_grad_norm_uncapped_adam40k_5090/best.pt
Saved PyTorch checkpoint to results/checkpoints/strict_grad_norm_uncapped_adam40k_5090/best.pt
Saved PyTorch checkpoint to results/checkpoints/strict_grad_norm_uncapped_adam40k_5090/best.pt
Saved PyTorch checkpoint to results/checkpoints/strict_grad_norm_uncapped_adam40k_5090/best.pt
Saved PyTorch checkpoint to results/checkpoints/strict_grad_norm_uncapped_adam40k_5090/best.pt
Saved PyTorch checkpoint to results/checkpoints/strict_grad_norm_uncapped_adam40k_5090/best.pt
Saved PyTorch checkpoint to results/checkpoints/strict_grad_norm_uncapped_adam40k_5090/best.pt
Saved PyTorch checkpoint to results/checkpoints/strict_grad_norm_uncapped_adam40k_5090/best.pt
Saved PyTorch checkpoint to results/checkpoints/strict_grad_norm_uncapped_adam40k_5090/best.pt
Saved PyTorch checkpoint to results/checkpoints/strict_grad_norm_uncapped_adam40k_5090/best.pt
Saved PyTorch checkpoint to results/checkpoints/strict_grad_norm_uncapped_adam40k_5090/best.pt
Saved PyTorch checkpoint to results/checkpoints/strict_grad_norm_uncapped_adam40k_5090/best.pt
Saved PyTorch checkpoint to results/checkpoints/strict_grad_norm_uncapped_adam40k_5090/best.pt
Saved PyTorch checkpoint to results/checkpoints/strict_grad_norm_uncapped_adam40k_5090/best.pt
Saved PyTorch checkpoint to results/checkpoints/strict_grad_norm_uncapped_adam40k_5090/best.pt
Saved PyTorch checkpoint to results/checkpoints/strict_grad_norm_uncapped_adam40k_5090/best.pt
Saved PyTorch checkpoint to results/checkpoints/strict_grad_norm_uncapped_adam40k_5090/best.pt
Saved PyTorch checkpoint to results/checkpoints/strict_grad_norm_uncapped_adam40k_5090/best.pt
Saved PyTorch checkpoint to results/checkpoints/strict_grad_norm_uncapped_adam40k_5090/best.pt
Saved PyTorch checkpoint to results/checkpoints/strict_grad_norm_uncapped_adam40k_5090/best.pt
Saved PyTorch checkpoint to results/checkpoints/strict_grad_norm_uncapped_adam40k_5090/best.pt
Saved PyTorch checkpoint to results/checkpoints/strict_grad_norm_uncapped_adam40k_5090/best.pt
Saved PyTorch checkpoint to results/checkpoints/strict_grad_norm_uncapped_adam40k_5090/best.pt
Saved PyTorch checkpoint to results/checkpoints/strict_grad_norm_uncapped_adam40k_5090/best.pt
Saved PyTorch checkpoint to results/checkpoints/strict_grad_norm_uncapped_adam40k_5090/best.pt
Saved PyTorch checkpoint to results/checkpoints/strict_grad_norm_uncapped_adam40k_5090/best.pt
Saved PyTorch checkpoint to results/checkpoints/strict_grad_norm_uncapped_adam40k_5090/best.pt
Saved PyTorch checkpoint to results/checkpoints/strict_grad_norm_uncapped_adam40k_5090/best.pt
Saved PyTorch checkpoint to results/checkpoints/strict_grad_norm_uncapped_adam40k_5090/best.pt
Saved PyTorch checkpoint to results/checkpoints/strict_grad_norm_uncapped_adam40k_5090/best.pt
Saved PyTorch checkpoint to results/checkpoints/strict_grad_norm_uncapped_adam40k_5090/best.pt
Saved PyTorch checkpoint to results/checkpoints/strict_grad_norm_uncapped_adam40k_5090/best.pt
Saved PyTorch checkpoint to results/checkpoints/strict_grad_norm_uncapped_adam40k_5090/best.pt
Saved PyTorch checkpoint to results/checkpoints/strict_grad_norm_uncapped_adam40k_5090/best.pt
Saved PyTorch checkpoint to results/checkpoints/strict_grad_norm_uncapped_adam40k_5090/best.pt
Saved PyTorch checkpoint to results/checkpoints/strict_grad_norm_uncapped_adam40k_5090/best.pt
Saved PyTorch checkpoint to results/checkpoints/strict_grad_norm_uncapped_adam40k_5090/best.pt
Saved PyTorch checkpoint to results/checkpoints/strict_grad_norm_uncapped_adam40k_5090/best.pt
Saved PyTorch checkpoint to results/checkpoints/strict_grad_norm_uncapped_adam40k_5090/best.pt
Saved PyTorch checkpoint to results/checkpoints/strict_grad_norm_uncapped_adam40k_5090/best.pt
Saved PyTorch checkpoint to results/checkpoints/strict_grad_norm_uncapped_adam40k_5090/best.pt
Saved PyTorch checkpoint to results/checkpoints/strict_grad_norm_uncapped_adam40k_5090/best.pt
Saved PyTorch checkpoint to results/checkpoints/strict_grad_norm_uncapped_adam40k_5090/best.pt
Saved PyTorch checkpoint to results/checkpoints/strict_grad_norm_uncapped_adam40k_5090/best.pt
Saved PyTorch checkpoint to results/checkpoints/strict_grad_norm_uncapped_adam40k_5090/best.pt
Saved PyTorch checkpoint to results/checkpoints/strict_grad_norm_uncapped_adam40k_5090/best.pt
Saved PyTorch checkpoint to results/checkpoints/strict_grad_norm_uncapped_adam40k_5090/best.pt
Saved PyTorch checkpoint to results/checkpoints/strict_grad_norm_uncapped_adam40k_5090/best.pt
Saved PyTorch checkpoint to results/checkpoints/strict_grad_norm_uncapped_adam40k_5090/best.pt
Saved PyTorch checkpoint to results/checkpoints/strict_grad_norm_uncapped_adam40k_5090/best.pt
Saved PyTorch checkpoint to results/checkpoints/strict_grad_norm_uncapped_adam40k_5090/best.pt
Saved PyTorch checkpoint to results/checkpoints/strict_grad_norm_uncapped_adam40k_5090/best.pt
Saved PyTorch checkpoint to results/checkpoints/strict_grad_norm_uncapped_adam40k_5090/best.pt
Saved PyTorch checkpoint to results/checkpoints/strict_grad_norm_uncapped_adam40k_5090/best.pt
Saved PyTorch checkpoint to results/checkpoints/strict_grad_norm_uncapped_adam40k_5090/best.pt
Saved PyTorch checkpoint to results/checkpoints/strict_grad_norm_uncapped_adam40k_5090/best.pt
Saved PyTorch checkpoint to results/checkpoints/strict_grad_norm_uncapped_adam40k_5090/best.pt
Saved PyTorch checkpoint to results/checkpoints/strict_grad_norm_uncapped_adam40k_5090/best.pt
Saved PyTorch checkpoint to results/checkpoints/strict_grad_norm_uncapped_adam40k_5090/best.pt
Saved PyTorch checkpoint to results/checkpoints/strict_grad_norm_uncapped_adam40k_5090/best.pt
Adam 900 | total=5.020e-01 f=6.609e-03 ic=3.751e-06 wall=2.446e-04 inlet=1.776e-01 outlet=1.919e-05 lr=5.000e-04 | λ[f=1.00 ic=15988.13 wall=124.53 inlet=2.18 outlet=890.84]
Adam 1000 | total=5.936e-01 f=6.233e-03 ic=2.681e-06 wall=1.988e-04 inlet=1.795e-01 outlet=6.211e-06 lr=5.000e-04 | λ[f=1.00 ic=14632.73 wall=197.35 inlet=2.77 outlet=1912.26]
Adam 1100 | total=5.018e-01 f=5.733e-03 ic=2.354e-06 wall=1.958e-04 inlet=1.792e-01 outlet=3.953e-06 lr=5.000e-04 | λ[f=1.00 ic=13086.83 wall=150.81 inlet=2.38 outlet=2304.64]
Adam 1200 | total=4.942e-01 f=5.285e-03 ic=2.096e-06 wall=1.970e-04 inlet=1.789e-01 outlet=2.377e-06 lr=5.000e-04 | λ[f=1.00 ic=16423.91 wall=136.49 inlet=2.34 outlet=3710.09]
Adam 1300 | total=4.940e-01 f=4.867e-03 ic=1.829e-06 wall=1.982e-04 inlet=1.787e-01 outlet=1.123e-06 lr=5.000e-04 | λ[f=1.00 ic=33910.79 wall=119.37 inlet=2.19 outlet=11028.98]
Saved PyTorch checkpoint to results/checkpoints/strict_grad_norm_uncapped_adam40k_5090/best.pt
Saved PyTorch checkpoint to results/checkpoints/strict_grad_norm_uncapped_adam40k_5090/best.pt
Saved PyTorch checkpoint to results/checkpoints/strict_grad_norm_uncapped_adam40k_5090/best.pt
Saved PyTorch checkpoint to results/checkpoints/strict_grad_norm_uncapped_adam40k_5090/best.pt
Adam 1400 | total=3.309e-01 f=4.358e-03 ic=2.132e-06 wall=1.974e-04 inlet=1.785e-01 outlet=1.785e-07 lr=5.000e-04 | λ[f=1.00 ic=1226.39 wall=85.20 inlet=1.66 outlet=59184.62]
Saved PyTorch checkpoint to results/checkpoints/strict_grad_norm_uncapped_adam40k_5090/best.pt
Saved PyTorch checkpoint to results/checkpoints/strict_grad_norm_uncapped_adam40k_5090/best.pt
Saved PyTorch checkpoint to results/checkpoints/strict_grad_norm_uncapped_adam40k_5090/best.pt
Saved PyTorch checkpoint to results/checkpoints/strict_grad_norm_uncapped_adam40k_5090/best.pt
Saved PyTorch checkpoint to results/checkpoints/strict_grad_norm_uncapped_adam40k_5090/best.pt
Saved PyTorch checkpoint to results/checkpoints/strict_grad_norm_uncapped_adam40k_5090/best.pt
Saved PyTorch checkpoint to results/checkpoints/strict_grad_norm_uncapped_adam40k_5090/best.pt
Saved PyTorch checkpoint to results/checkpoints/strict_grad_norm_uncapped_adam40k_5090/best.pt
Saved PyTorch checkpoint to results/checkpoints/strict_grad_norm_uncapped_adam40k_5090/best.pt
Saved PyTorch checkpoint to results/checkpoints/strict_grad_norm_uncapped_adam40k_5090/best.pt
Saved PyTorch checkpoint to results/checkpoints/strict_grad_norm_uncapped_adam40k_5090/best.pt
Saved PyTorch checkpoint to results/checkpoints/strict_grad_norm_uncapped_adam40k_5090/best.pt
Saved PyTorch checkpoint to results/checkpoints/strict_grad_norm_uncapped_adam40k_5090/best.pt
Saved PyTorch checkpoint to results/checkpoints/strict_grad_norm_uncapped_adam40k_5090/best.pt
Saved PyTorch checkpoint to results/checkpoints/strict_grad_norm_uncapped_adam40k_5090/best.pt
Saved PyTorch checkpoint to results/checkpoints/strict_grad_norm_uncapped_adam40k_5090/best.pt
Saved PyTorch checkpoint to results/checkpoints/strict_grad_norm_uncapped_adam40k_5090/best.pt
Saved PyTorch checkpoint to results/checkpoints/strict_grad_norm_uncapped_adam40k_5090/best.pt
Saved PyTorch checkpoint to results/checkpoints/strict_grad_norm_uncapped_adam40k_5090/best.pt
Saved PyTorch checkpoint to results/checkpoints/strict_grad_norm_uncapped_adam40k_5090/best.pt
Saved PyTorch checkpoint to results/checkpoints/strict_grad_norm_uncapped_adam40k_5090/best.pt
Saved PyTorch checkpoint to results/checkpoints/strict_grad_norm_uncapped_adam40k_5090/best.pt
Saved PyTorch checkpoint to results/checkpoints/strict_grad_norm_uncapped_adam40k_5090/best.pt
Saved PyTorch checkpoint to results/checkpoints/strict_grad_norm_uncapped_adam40k_5090/best.pt
Saved PyTorch checkpoint to results/checkpoints/strict_grad_norm_uncapped_adam40k_5090/best.pt
Saved PyTorch checkpoint to results/checkpoints/strict_grad_norm_uncapped_adam40k_5090/best.pt
Saved PyTorch checkpoint to results/checkpoints/strict_grad_norm_uncapped_adam40k_5090/best.pt
Saved PyTorch checkpoint to results/checkpoints/strict_grad_norm_uncapped_adam40k_5090/best.pt
Saved PyTorch checkpoint to results/checkpoints/strict_grad_norm_uncapped_adam40k_5090/best.pt
Saved PyTorch checkpoint to results/checkpoints/strict_grad_norm_uncapped_adam40k_5090/best.pt
Adam 1500 | total=4.252e-01 f=4.085e-03 ic=1.872e-06 wall=2.017e-04 inlet=1.782e-01 outlet=9.430e-08 lr=5.000e-04 | λ[f=1.00 ic=4243.31 wall=101.68 inlet=2.13 outlet=138076.61]
Adam 1600 | total=5.134e-01 f=3.929e-03 ic=1.707e-06 wall=2.031e-04 inlet=1.780e-01 outlet=5.001e-08 lr=5.000e-04 | λ[f=1.00 ic=5689.30 wall=119.79 inlet=2.63 outlet=139511.92]
Adam 1700 | total=5.266e-01 f=3.774e-03 ic=1.579e-06 wall=2.021e-04 inlet=1.780e-01 outlet=2.801e-08 lr=5.000e-04 | λ[f=1.00 ic=6209.24 wall=122.95 inlet=2.72 outlet=146975.77]
Adam 1800 | total=5.149e-01 f=3.625e-03 ic=1.474e-06 wall=2.008e-04 inlet=1.779e-01 outlet=1.740e-08 lr=5.000e-04 | λ[f=1.00 ic=6459.82 wall=120.53 inlet=2.67 outlet=154978.21]
Adam 1900 | total=4.920e-01 f=3.484e-03 ic=1.381e-06 wall=1.993e-04 inlet=1.779e-01 outlet=1.258e-08 lr=5.000e-04 | λ[f=1.00 ic=6557.16 wall=115.38 inlet=2.55 outlet=161932.40]
Adam 2000 | total=4.669e-01 f=3.355e-03 ic=1.301e-06 wall=1.980e-04 inlet=1.779e-01 outlet=1.020e-08 lr=5.000e-04 | λ[f=1.00 ic=6508.56 wall=109.56 inlet=2.43 outlet=182648.82]
Adam 2100 | total=4.432e-01 f=3.240e-03 ic=1.223e-06 wall=1.968e-04 inlet=1.779e-01 outlet=8.936e-09 lr=5.000e-04 | λ[f=1.00 ic=6625.39 wall=103.93 inlet=2.30 outlet=192743.86]
Adam 2200 | total=4.174e-01 f=3.130e-03 ic=1.139e-06 wall=1.957e-04 inlet=1.779e-01 outlet=8.618e-09 lr=5.000e-04 | λ[f=1.00 ic=7664.19 wall=97.55 inlet=2.17 outlet=155023.32]
Adam 2300 | total=3.795e-01 f=3.014e-03 ic=1.065e-06 wall=1.941e-04 inlet=1.779e-01 outlet=8.150e-09 lr=5.000e-04 | λ[f=1.00 ic=6982.37 wall=88.82 inlet=1.97 outlet=141955.82]
Adam 2400 | total=3.579e-01 f=2.918e-03 ic=9.996e-07 wall=1.936e-04 inlet=1.779e-01 outlet=7.601e-09 lr=5.000e-04 | λ[f=1.00 ic=7082.02 wall=83.25 inlet=1.86 outlet=156384.78]
Adam 2500 | total=3.390e-01 f=2.831e-03 ic=9.350e-07 wall=1.932e-04 inlet=1.779e-01 outlet=7.160e-09 lr=5.000e-04 | λ[f=1.00 ic=7356.51 wall=78.34 inlet=1.76 outlet=155205.23]
Adam 2600 | total=5.324e+00 f=4.127e-02 ic=2.832e-03 wall=9.631e-04 inlet=1.639e-01 outlet=1.431e-03 lr=5.000e-04 | λ[f=1.00 ic=420.67 wall=968.45 inlet=12.64 outlet=759.22]
Adam 2700 | total=1.325e+00 f=7.157e-03 ic=6.177e-04 wall=4.096e-04 inlet=1.727e-01 outlet=1.896e-04 lr=5.000e-04 | λ[f=1.00 ic=353.32 wall=141.18 inlet=5.04 outlet=905.51]
Adam 2800 | total=7.503e-01 f=4.445e-03 ic=2.096e-04 wall=4.067e-04 inlet=1.725e-01 outlet=3.774e-05 lr=5.000e-04 | λ[f=1.00 ic=466.77 wall=77.33 inlet=3.32 outlet=1182.60]
Adam 2900 | total=4.728e-01 f=3.415e-03 ic=9.513e-05 wall=4.166e-04 inlet=1.726e-01 outlet=6.750e-06 lr=5.000e-04 | λ[f=1.00 ic=563.14 wall=47.79 inlet=2.22 outlet=1928.94]
Adam 3000 | total=3.498e-01 f=2.842e-03 ic=5.165e-05 wall=4.227e-04 inlet=1.731e-01 outlet=1.248e-06 lr=5.000e-04 | λ[f=1.00 ic=756.79 wall=32.72 inlet=1.59 outlet=14998.39]
Saved PyTorch checkpoint to results/checkpoints/strict_grad_norm_uncapped_adam40k_5090/best.pt
Saved PyTorch checkpoint to results/checkpoints/strict_grad_norm_uncapped_adam40k_5090/best.pt
Saved PyTorch checkpoint to results/checkpoints/strict_grad_norm_uncapped_adam40k_5090/best.pt
Saved PyTorch checkpoint to results/checkpoints/strict_grad_norm_uncapped_adam40k_5090/best.pt
Saved PyTorch checkpoint to results/checkpoints/strict_grad_norm_uncapped_adam40k_5090/best.pt
Saved PyTorch checkpoint to results/checkpoints/strict_grad_norm_uncapped_adam40k_5090/best.pt
Saved PyTorch checkpoint to results/checkpoints/strict_grad_norm_uncapped_adam40k_5090/best.pt
Saved PyTorch checkpoint to results/checkpoints/strict_grad_norm_uncapped_adam40k_5090/best.pt
Saved PyTorch checkpoint to results/checkpoints/strict_grad_norm_uncapped_adam40k_5090/best.pt
Saved PyTorch checkpoint to results/checkpoints/strict_grad_norm_uncapped_adam40k_5090/best.pt
Saved PyTorch checkpoint to results/checkpoints/strict_grad_norm_uncapped_adam40k_5090/best.pt
Saved PyTorch checkpoint to results/checkpoints/strict_grad_norm_uncapped_adam40k_5090/best.pt
Saved PyTorch checkpoint to results/checkpoints/strict_grad_norm_uncapped_adam40k_5090/best.pt
Saved PyTorch checkpoint to results/checkpoints/strict_grad_norm_uncapped_adam40k_5090/best.pt
Saved PyTorch checkpoint to results/checkpoints/strict_grad_norm_uncapped_adam40k_5090/best.pt
Saved PyTorch checkpoint to results/checkpoints/strict_grad_norm_uncapped_adam40k_5090/best.pt
Saved PyTorch checkpoint to results/checkpoints/strict_grad_norm_uncapped_adam40k_5090/best.pt
Saved PyTorch checkpoint to results/checkpoints/strict_grad_norm_uncapped_adam40k_5090/best.pt
Saved PyTorch checkpoint to results/checkpoints/strict_grad_norm_uncapped_adam40k_5090/best.pt
Saved PyTorch checkpoint to results/checkpoints/strict_grad_norm_uncapped_adam40k_5090/best.pt
Saved PyTorch checkpoint to results/checkpoints/strict_grad_norm_uncapped_adam40k_5090/best.pt
Saved PyTorch checkpoint to results/checkpoints/strict_grad_norm_uncapped_adam40k_5090/best.pt
Saved PyTorch checkpoint to results/checkpoints/strict_grad_norm_uncapped_adam40k_5090/best.pt
Saved PyTorch checkpoint to results/checkpoints/strict_grad_norm_uncapped_adam40k_5090/best.pt
Saved PyTorch checkpoint to results/checkpoints/strict_grad_norm_uncapped_adam40k_5090/best.pt
Saved PyTorch checkpoint to results/checkpoints/strict_grad_norm_uncapped_adam40k_5090/best.pt
Saved PyTorch checkpoint to results/checkpoints/strict_grad_norm_uncapped_adam40k_5090/best.pt
Saved PyTorch checkpoint to results/checkpoints/strict_grad_norm_uncapped_adam40k_5090/best.pt
Saved PyTorch checkpoint to results/checkpoints/strict_grad_norm_uncapped_adam40k_5090/best.pt
Saved PyTorch checkpoint to results/checkpoints/strict_grad_norm_uncapped_adam40k_5090/best.pt
Saved PyTorch checkpoint to results/checkpoints/strict_grad_norm_uncapped_adam40k_5090/best.pt
Saved PyTorch checkpoint to results/checkpoints/strict_grad_norm_uncapped_adam40k_5090/best.pt
Saved PyTorch checkpoint to results/checkpoints/strict_grad_norm_uncapped_adam40k_5090/best.pt
Saved PyTorch checkpoint to results/checkpoints/strict_grad_norm_uncapped_adam40k_5090/best.pt
Saved PyTorch checkpoint to results/checkpoints/strict_grad_norm_uncapped_adam40k_5090/best.pt
Saved PyTorch checkpoint to results/checkpoints/strict_grad_norm_uncapped_adam40k_5090/best.pt
Saved PyTorch checkpoint to results/checkpoints/strict_grad_norm_uncapped_adam40k_5090/best.pt
Saved PyTorch checkpoint to results/checkpoints/strict_grad_norm_uncapped_adam40k_5090/best.pt
Saved PyTorch checkpoint to results/checkpoints/strict_grad_norm_uncapped_adam40k_5090/best.pt
Saved PyTorch checkpoint to results/checkpoints/strict_grad_norm_uncapped_adam40k_5090/best.pt
Adam 3100 | total=2.581e-01 f=2.423e-03 ic=2.760e-05 wall=4.094e-04 inlet=1.746e-01 outlet=5.794e-07 lr=5.000e-04 | λ[f=1.00 ic=1246.94 wall=22.40 inlet=1.09 outlet=36768.81]
Saved PyTorch checkpoint to results/checkpoints/strict_grad_norm_uncapped_adam40k_5090/best.pt
Saved PyTorch checkpoint to results/checkpoints/strict_grad_norm_uncapped_adam40k_5090/best.pt
Saved PyTorch checkpoint to results/checkpoints/strict_grad_norm_uncapped_adam40k_5090/best.pt
Saved PyTorch checkpoint to results/checkpoints/strict_grad_norm_uncapped_adam40k_5090/best.pt
Saved PyTorch checkpoint to results/checkpoints/strict_grad_norm_uncapped_adam40k_5090/best.pt
Saved PyTorch checkpoint to results/checkpoints/strict_grad_norm_uncapped_adam40k_5090/best.pt
Saved PyTorch checkpoint to results/checkpoints/strict_grad_norm_uncapped_adam40k_5090/best.pt
Saved PyTorch checkpoint to results/checkpoints/strict_grad_norm_uncapped_adam40k_5090/best.pt
Saved PyTorch checkpoint to results/checkpoints/strict_grad_norm_uncapped_adam40k_5090/best.pt
Saved PyTorch checkpoint to results/checkpoints/strict_grad_norm_uncapped_adam40k_5090/best.pt
Saved PyTorch checkpoint to results/checkpoints/strict_grad_norm_uncapped_adam40k_5090/best.pt
Saved PyTorch checkpoint to results/checkpoints/strict_grad_norm_uncapped_adam40k_5090/best.pt
Saved PyTorch checkpoint to results/checkpoints/strict_grad_norm_uncapped_adam40k_5090/best.pt
Saved PyTorch checkpoint to results/checkpoints/strict_grad_norm_uncapped_adam40k_5090/best.pt
Saved PyTorch checkpoint to results/checkpoints/strict_grad_norm_uncapped_adam40k_5090/best.pt
Saved PyTorch checkpoint to results/checkpoints/strict_grad_norm_uncapped_adam40k_5090/best.pt
Saved PyTorch checkpoint to results/checkpoints/strict_grad_norm_uncapped_adam40k_5090/best.pt
Saved PyTorch checkpoint to results/checkpoints/strict_grad_norm_uncapped_adam40k_5090/best.pt
Saved PyTorch checkpoint to results/checkpoints/strict_grad_norm_uncapped_adam40k_5090/best.pt
Saved PyTorch checkpoint to results/checkpoints/strict_grad_norm_uncapped_adam40k_5090/best.pt
Saved PyTorch checkpoint to results/checkpoints/strict_grad_norm_uncapped_adam40k_5090/best.pt
Saved PyTorch checkpoint to results/checkpoints/strict_grad_norm_uncapped_adam40k_5090/best.pt
Saved PyTorch checkpoint to results/checkpoints/strict_grad_norm_uncapped_adam40k_5090/best.pt
Saved PyTorch checkpoint to results/checkpoints/strict_grad_norm_uncapped_adam40k_5090/best.pt
Saved PyTorch checkpoint to results/checkpoints/strict_grad_norm_uncapped_adam40k_5090/best.pt
Saved PyTorch checkpoint to results/checkpoints/strict_grad_norm_uncapped_adam40k_5090/best.pt
Saved PyTorch checkpoint to results/checkpoints/strict_grad_norm_uncapped_adam40k_5090/best.pt
Saved PyTorch checkpoint to results/checkpoints/strict_grad_norm_uncapped_adam40k_5090/best.pt
Saved PyTorch checkpoint to results/checkpoints/strict_grad_norm_uncapped_adam40k_5090/best.pt
Saved PyTorch checkpoint to results/checkpoints/strict_grad_norm_uncapped_adam40k_5090/best.pt
Saved PyTorch checkpoint to results/checkpoints/strict_grad_norm_uncapped_adam40k_5090/best.pt
Saved PyTorch checkpoint to results/checkpoints/strict_grad_norm_uncapped_adam40k_5090/best.pt
Saved PyTorch checkpoint to results/checkpoints/strict_grad_norm_uncapped_adam40k_5090/best.pt
Saved PyTorch checkpoint to results/checkpoints/strict_grad_norm_uncapped_adam40k_5090/best.pt
Saved PyTorch checkpoint to results/checkpoints/strict_grad_norm_uncapped_adam40k_5090/best.pt
Saved PyTorch checkpoint to results/checkpoints/strict_grad_norm_uncapped_adam40k_5090/best.pt
Saved PyTorch checkpoint to results/checkpoints/strict_grad_norm_uncapped_adam40k_5090/best.pt
Saved PyTorch checkpoint to results/checkpoints/strict_grad_norm_uncapped_adam40k_5090/best.pt
Saved PyTorch checkpoint to results/checkpoints/strict_grad_norm_uncapped_adam40k_5090/best.pt
Saved PyTorch checkpoint to results/checkpoints/strict_grad_norm_uncapped_adam40k_5090/best.pt
Saved PyTorch checkpoint to results/checkpoints/strict_grad_norm_uncapped_adam40k_5090/best.pt
Saved PyTorch checkpoint to results/checkpoints/strict_grad_norm_uncapped_adam40k_5090/best.pt
Saved PyTorch checkpoint to results/checkpoints/strict_grad_norm_uncapped_adam40k_5090/best.pt
Saved PyTorch checkpoint to results/checkpoints/strict_grad_norm_uncapped_adam40k_5090/best.pt
Saved PyTorch checkpoint to results/checkpoints/strict_grad_norm_uncapped_adam40k_5090/best.pt
Saved PyTorch checkpoint to results/checkpoints/strict_grad_norm_uncapped_adam40k_5090/best.pt
Saved PyTorch checkpoint to results/checkpoints/strict_grad_norm_uncapped_adam40k_5090/best.pt
Saved PyTorch checkpoint to results/checkpoints/strict_grad_norm_uncapped_adam40k_5090/best.pt
Saved PyTorch checkpoint to results/checkpoints/strict_grad_norm_uncapped_adam40k_5090/best.pt
Saved PyTorch checkpoint to results/checkpoints/strict_grad_norm_uncapped_adam40k_5090/best.pt
Saved PyTorch checkpoint to results/checkpoints/strict_grad_norm_uncapped_adam40k_5090/best.pt
Saved PyTorch checkpoint to results/checkpoints/strict_grad_norm_uncapped_adam40k_5090/best.pt
Saved PyTorch checkpoint to results/checkpoints/strict_grad_norm_uncapped_adam40k_5090/best.pt
Saved PyTorch checkpoint to results/checkpoints/strict_grad_norm_uncapped_adam40k_5090/best.pt
Saved PyTorch checkpoint to results/checkpoints/strict_grad_norm_uncapped_adam40k_5090/best.pt
Saved PyTorch checkpoint to results/checkpoints/strict_grad_norm_uncapped_adam40k_5090/best.pt
Saved PyTorch checkpoint to results/checkpoints/strict_grad_norm_uncapped_adam40k_5090/best.pt
Saved PyTorch checkpoint to results/checkpoints/strict_grad_norm_uncapped_adam40k_5090/best.pt
Saved PyTorch checkpoint to results/checkpoints/strict_grad_norm_uncapped_adam40k_5090/best.pt
Saved PyTorch checkpoint to results/checkpoints/strict_grad_norm_uncapped_adam40k_5090/best.pt
Saved PyTorch checkpoint to results/checkpoints/strict_grad_norm_uncapped_adam40k_5090/best.pt
Saved PyTorch checkpoint to results/checkpoints/strict_grad_norm_uncapped_adam40k_5090/best.pt
Saved PyTorch checkpoint to results/checkpoints/strict_grad_norm_uncapped_adam40k_5090/best.pt
Saved PyTorch checkpoint to results/checkpoints/strict_grad_norm_uncapped_adam40k_5090/best.pt
Saved PyTorch checkpoint to results/checkpoints/strict_grad_norm_uncapped_adam40k_5090/best.pt
Saved PyTorch checkpoint to results/checkpoints/strict_grad_norm_uncapped_adam40k_5090/best.pt
Adam 3200 | total=2.290e-01 f=2.192e-03 ic=1.503e-05 wall=3.997e-04 inlet=1.760e-01 outlet=3.094e-07 lr=5.000e-04 | λ[f=1.00 ic=1609.86 wall=20.20 inlet=0.99 outlet=66326.38]
Adam 3300 | total=2.581e-01 f=2.105e-03 ic=6.487e-06 wall=4.015e-04 inlet=1.774e-01 outlet=1.765e-07 lr=5.000e-04 | λ[f=1.00 ic=3403.44 wall=21.72 inlet=1.09 outlet=183354.58]
Adam 3400 | total=2.961e-01 f=2.158e-03 ic=2.278e-06 wall=4.118e-04 inlet=1.787e-01 outlet=1.101e-07 lr=5.000e-04 | λ[f=1.00 ic=6696.96 wall=26.15 inlet=1.35 outlet=247821.47]
Adam 3500 | total=3.192e-01 f=2.177e-03 ic=1.566e-06 wall=4.231e-04 inlet=1.788e-01 outlet=8.002e-08 lr=5.000e-04 | λ[f=1.00 ic=6281.03 wall=29.87 inlet=1.56 outlet=192461.87]
Adam 3600 | total=3.277e-01 f=2.143e-03 ic=1.374e-06 wall=4.296e-04 inlet=1.787e-01 outlet=6.478e-08 lr=5.000e-04 | λ[f=1.00 ic=5708.57 wall=31.06 inlet=1.64 outlet=182905.07]
Adam 3700 | total=3.251e-01 f=2.092e-03 ic=1.276e-06 wall=4.335e-04 inlet=1.785e-01 outlet=5.362e-08 lr=5.000e-04 | λ[f=1.00 ic=5173.51 wall=31.00 inlet=1.64 outlet=189291.20]
Adam 3800 | total=3.163e-01 f=2.035e-03 ic=1.216e-06 wall=4.365e-04 inlet=1.783e-01 outlet=4.435e-08 lr=5.000e-04 | λ[f=1.00 ic=4689.90 wall=30.31 inlet=1.61 outlet=195802.15]
Adam 3900 | total=3.052e-01 f=1.978e-03 ic=1.178e-06 wall=4.391e-04 inlet=1.782e-01 outlet=3.641e-08 lr=5.000e-04 | λ[f=1.00 ic=4253.18 wall=29.31 inlet=1.55 outlet=228631.34]
Adam 4000 | total=2.922e-01 f=1.923e-03 ic=1.168e-06 wall=4.417e-04 inlet=1.780e-01 outlet=2.865e-08 lr=5.000e-04 | λ[f=1.00 ic=3800.13 wall=28.21 inlet=1.50 outlet=243327.29]
Adam 4100 | total=2.784e-01 f=1.867e-03 ic=1.164e-06 wall=4.441e-04 inlet=1.778e-01 outlet=2.232e-08 lr=5.000e-04 | λ[f=1.00 ic=3440.92 wall=27.03 inlet=1.43 outlet=256344.44]
Adam 4200 | total=2.586e-01 f=1.796e-03 ic=9.231e-07 wall=4.455e-04 inlet=1.778e-01 outlet=3.517e-08 lr=5.000e-04 | λ[f=1.00 ic=5029.53 wall=25.54 inlet=1.35 outlet=14343.77]
Adam 4300 | total=2.438e-01 f=1.725e-03 ic=8.101e-07 wall=4.468e-04 inlet=1.777e-01 outlet=2.950e-08 lr=5.000e-04 | λ[f=1.00 ic=5350.79 wall=24.14 inlet=1.27 outlet=22348.65]
Adam 4400 | total=2.330e-01 f=1.661e-03 ic=7.141e-07 wall=4.483e-04 inlet=1.776e-01 outlet=2.698e-08 lr=5.000e-04 | λ[f=1.00 ic=5695.96 wall=23.07 inlet=1.21 outlet=44684.58]
Adam 4500 | total=2.248e-01 f=1.602e-03 ic=6.354e-07 wall=4.497e-04 inlet=1.775e-01 outlet=2.588e-08 lr=5.000e-04 | λ[f=1.00 ic=6116.82 wall=22.22 inlet=1.17 outlet=74848.77]
Saved PyTorch checkpoint to results/checkpoints/strict_grad_norm_uncapped_adam40k_5090/best.pt
Saved PyTorch checkpoint to results/checkpoints/strict_grad_norm_uncapped_adam40k_5090/best.pt
Saved PyTorch checkpoint to results/checkpoints/strict_grad_norm_uncapped_adam40k_5090/best.pt
Saved PyTorch checkpoint to results/checkpoints/strict_grad_norm_uncapped_adam40k_5090/best.pt
Saved PyTorch checkpoint to results/checkpoints/strict_grad_norm_uncapped_adam40k_5090/best.pt
Saved PyTorch checkpoint to results/checkpoints/strict_grad_norm_uncapped_adam40k_5090/best.pt
Saved PyTorch checkpoint to results/checkpoints/strict_grad_norm_uncapped_adam40k_5090/best.pt
Saved PyTorch checkpoint to results/checkpoints/strict_grad_norm_uncapped_adam40k_5090/best.pt
Saved PyTorch checkpoint to results/checkpoints/strict_grad_norm_uncapped_adam40k_5090/best.pt
Saved PyTorch checkpoint to results/checkpoints/strict_grad_norm_uncapped_adam40k_5090/best.pt
Saved PyTorch checkpoint to results/checkpoints/strict_grad_norm_uncapped_adam40k_5090/best.pt
Saved PyTorch checkpoint to results/checkpoints/strict_grad_norm_uncapped_adam40k_5090/best.pt
Saved PyTorch checkpoint to results/checkpoints/strict_grad_norm_uncapped_adam40k_5090/best.pt
Saved PyTorch checkpoint to results/checkpoints/strict_grad_norm_uncapped_adam40k_5090/best.pt
Saved PyTorch checkpoint to results/checkpoints/strict_grad_norm_uncapped_adam40k_5090/best.pt
Saved PyTorch checkpoint to results/checkpoints/strict_grad_norm_uncapped_adam40k_5090/best.pt
Saved PyTorch checkpoint to results/checkpoints/strict_grad_norm_uncapped_adam40k_5090/best.pt
Saved PyTorch checkpoint to results/checkpoints/strict_grad_norm_uncapped_adam40k_5090/best.pt
Saved PyTorch checkpoint to results/checkpoints/strict_grad_norm_uncapped_adam40k_5090/best.pt
Saved PyTorch checkpoint to results/checkpoints/strict_grad_norm_uncapped_adam40k_5090/best.pt
Saved PyTorch checkpoint to results/checkpoints/strict_grad_norm_uncapped_adam40k_5090/best.pt
Saved PyTorch checkpoint to results/checkpoints/strict_grad_norm_uncapped_adam40k_5090/best.pt
Saved PyTorch checkpoint to results/checkpoints/strict_grad_norm_uncapped_adam40k_5090/best.pt
Saved PyTorch checkpoint to results/checkpoints/strict_grad_norm_uncapped_adam40k_5090/best.pt
Saved PyTorch checkpoint to results/checkpoints/strict_grad_norm_uncapped_adam40k_5090/best.pt
Saved PyTorch checkpoint to results/checkpoints/strict_grad_norm_uncapped_adam40k_5090/best.pt
Saved PyTorch checkpoint to results/checkpoints/strict_grad_norm_uncapped_adam40k_5090/best.pt
Saved PyTorch checkpoint to results/checkpoints/strict_grad_norm_uncapped_adam40k_5090/best.pt
Saved PyTorch checkpoint to results/checkpoints/strict_grad_norm_uncapped_adam40k_5090/best.pt
Saved PyTorch checkpoint to results/checkpoints/strict_grad_norm_uncapped_adam40k_5090/best.pt
Saved PyTorch checkpoint to results/checkpoints/strict_grad_norm_uncapped_adam40k_5090/best.pt
Saved PyTorch checkpoint to results/checkpoints/strict_grad_norm_uncapped_adam40k_5090/best.pt
Saved PyTorch checkpoint to results/checkpoints/strict_grad_norm_uncapped_adam40k_5090/best.pt
Saved PyTorch checkpoint to results/checkpoints/strict_grad_norm_uncapped_adam40k_5090/best.pt
Saved PyTorch checkpoint to results/checkpoints/strict_grad_norm_uncapped_adam40k_5090/best.pt
Saved PyTorch checkpoint to results/checkpoints/strict_grad_norm_uncapped_adam40k_5090/best.pt
Saved PyTorch checkpoint to results/checkpoints/strict_grad_norm_uncapped_adam40k_5090/best.pt
Saved PyTorch checkpoint to results/checkpoints/strict_grad_norm_uncapped_adam40k_5090/best.pt
Saved PyTorch checkpoint to results/checkpoints/strict_grad_norm_uncapped_adam40k_5090/best.pt
Saved PyTorch checkpoint to results/checkpoints/strict_grad_norm_uncapped_adam40k_5090/best.pt
Saved PyTorch checkpoint to results/checkpoints/strict_grad_norm_uncapped_adam40k_5090/best.pt
Saved PyTorch checkpoint to results/checkpoints/strict_grad_norm_uncapped_adam40k_5090/best.pt
Saved PyTorch checkpoint to results/checkpoints/strict_grad_norm_uncapped_adam40k_5090/best.pt
Saved PyTorch checkpoint to results/checkpoints/strict_grad_norm_uncapped_adam40k_5090/best.pt
Saved PyTorch checkpoint to results/checkpoints/strict_grad_norm_uncapped_adam40k_5090/best.pt
Saved PyTorch checkpoint to results/checkpoints/strict_grad_norm_uncapped_adam40k_5090/best.pt
Saved PyTorch checkpoint to results/checkpoints/strict_grad_norm_uncapped_adam40k_5090/best.pt
Saved PyTorch checkpoint to results/checkpoints/strict_grad_norm_uncapped_adam40k_5090/best.pt
Saved PyTorch checkpoint to results/checkpoints/strict_grad_norm_uncapped_adam40k_5090/best.pt
Saved PyTorch checkpoint to results/checkpoints/strict_grad_norm_uncapped_adam40k_5090/best.pt
Saved PyTorch checkpoint to results/checkpoints/strict_grad_norm_uncapped_adam40k_5090/best.pt
Saved PyTorch checkpoint to results/checkpoints/strict_grad_norm_uncapped_adam40k_5090/best.pt
Saved PyTorch checkpoint to results/checkpoints/strict_grad_norm_uncapped_adam40k_5090/best.pt
Saved PyTorch checkpoint to results/checkpoints/strict_grad_norm_uncapped_adam40k_5090/best.pt
Saved PyTorch checkpoint to results/checkpoints/strict_grad_norm_uncapped_adam40k_5090/best.pt
Saved PyTorch checkpoint to results/checkpoints/strict_grad_norm_uncapped_adam40k_5090/best.pt
Saved PyTorch checkpoint to results/checkpoints/strict_grad_norm_uncapped_adam40k_5090/best.pt
Saved PyTorch checkpoint to results/checkpoints/strict_grad_norm_uncapped_adam40k_5090/best.pt
Saved PyTorch checkpoint to results/checkpoints/strict_grad_norm_uncapped_adam40k_5090/best.pt
Saved PyTorch checkpoint to results/checkpoints/strict_grad_norm_uncapped_adam40k_5090/best.pt
Saved PyTorch checkpoint to results/checkpoints/strict_grad_norm_uncapped_adam40k_5090/best.pt
Saved PyTorch checkpoint to results/checkpoints/strict_grad_norm_uncapped_adam40k_5090/best.pt
Saved PyTorch checkpoint to results/checkpoints/strict_grad_norm_uncapped_adam40k_5090/best.pt
Saved PyTorch checkpoint to results/checkpoints/strict_grad_norm_uncapped_adam40k_5090/best.pt
Saved PyTorch checkpoint to results/checkpoints/strict_grad_norm_uncapped_adam40k_5090/best.pt
Saved PyTorch checkpoint to results/checkpoints/strict_grad_norm_uncapped_adam40k_5090/best.pt
Saved PyTorch checkpoint to results/checkpoints/strict_grad_norm_uncapped_adam40k_5090/best.pt
Saved PyTorch checkpoint to results/checkpoints/strict_grad_norm_uncapped_adam40k_5090/best.pt
Saved PyTorch checkpoint to results/checkpoints/strict_grad_norm_uncapped_adam40k_5090/best.pt
Saved PyTorch checkpoint to results/checkpoints/strict_grad_norm_uncapped_adam40k_5090/best.pt
Saved PyTorch checkpoint to results/checkpoints/strict_grad_norm_uncapped_adam40k_5090/best.pt
Saved PyTorch checkpoint to results/checkpoints/strict_grad_norm_uncapped_adam40k_5090/best.pt
Saved PyTorch checkpoint to results/checkpoints/strict_grad_norm_uncapped_adam40k_5090/best.pt
Saved PyTorch checkpoint to results/checkpoints/strict_grad_norm_uncapped_adam40k_5090/best.pt
Saved PyTorch checkpoint to results/checkpoints/strict_grad_norm_uncapped_adam40k_5090/best.pt
Saved PyTorch checkpoint to results/checkpoints/strict_grad_norm_uncapped_adam40k_5090/best.pt
Saved PyTorch checkpoint to results/checkpoints/strict_grad_norm_uncapped_adam40k_5090/best.pt
Saved PyTorch checkpoint to results/checkpoints/strict_grad_norm_uncapped_adam40k_5090/best.pt
Saved PyTorch checkpoint to results/checkpoints/strict_grad_norm_uncapped_adam40k_5090/best.pt
Saved PyTorch checkpoint to results/checkpoints/strict_grad_norm_uncapped_adam40k_5090/best.pt
Saved PyTorch checkpoint to results/checkpoints/strict_grad_norm_uncapped_adam40k_5090/best.pt
Saved PyTorch checkpoint to results/checkpoints/strict_grad_norm_uncapped_adam40k_5090/best.pt
Saved PyTorch checkpoint to results/checkpoints/strict_grad_norm_uncapped_adam40k_5090/best.pt
Saved PyTorch checkpoint to results/checkpoints/strict_grad_norm_uncapped_adam40k_5090/best.pt
Saved PyTorch checkpoint to results/checkpoints/strict_grad_norm_uncapped_adam40k_5090/best.pt
Saved PyTorch checkpoint to results/checkpoints/strict_grad_norm_uncapped_adam40k_5090/best.pt
Saved PyTorch checkpoint to results/checkpoints/strict_grad_norm_uncapped_adam40k_5090/best.pt
Saved PyTorch checkpoint to results/checkpoints/strict_grad_norm_uncapped_adam40k_5090/best.pt
Saved PyTorch checkpoint to results/checkpoints/strict_grad_norm_uncapped_adam40k_5090/best.pt
Saved PyTorch checkpoint to results/checkpoints/strict_grad_norm_uncapped_adam40k_5090/best.pt
Adam 4600 | total=2.171e-01 f=1.546e-03 ic=5.739e-07 wall=4.509e-04 inlet=1.774e-01 outlet=2.404e-08 lr=5.000e-04 | λ[f=1.00 ic=6295.97 wall=21.42 inlet=1.12 outlet=116667.39]
Saved PyTorch checkpoint to results/checkpoints/strict_grad_norm_uncapped_adam40k_5090/best.pt
Saved PyTorch checkpoint to results/checkpoints/strict_grad_norm_uncapped_adam40k_5090/best.pt
Saved PyTorch checkpoint to results/checkpoints/strict_grad_norm_uncapped_adam40k_5090/best.pt
Saved PyTorch checkpoint to results/checkpoints/strict_grad_norm_uncapped_adam40k_5090/best.pt
Saved PyTorch checkpoint to results/checkpoints/strict_grad_norm_uncapped_adam40k_5090/best.pt
Saved PyTorch checkpoint to results/checkpoints/strict_grad_norm_uncapped_adam40k_5090/best.pt
Saved PyTorch checkpoint to results/checkpoints/strict_grad_norm_uncapped_adam40k_5090/best.pt
Saved PyTorch checkpoint to results/checkpoints/strict_grad_norm_uncapped_adam40k_5090/best.pt
Saved PyTorch checkpoint to results/checkpoints/strict_grad_norm_uncapped_adam40k_5090/best.pt
Saved PyTorch checkpoint to results/checkpoints/strict_grad_norm_uncapped_adam40k_5090/best.pt
Saved PyTorch checkpoint to results/checkpoints/strict_grad_norm_uncapped_adam40k_5090/best.pt
Saved PyTorch checkpoint to results/checkpoints/strict_grad_norm_uncapped_adam40k_5090/best.pt
Saved PyTorch checkpoint to results/checkpoints/strict_grad_norm_uncapped_adam40k_5090/best.pt
Saved PyTorch checkpoint to results/checkpoints/strict_grad_norm_uncapped_adam40k_5090/best.pt
Saved PyTorch checkpoint to results/checkpoints/strict_grad_norm_uncapped_adam40k_5090/best.pt
Saved PyTorch checkpoint to results/checkpoints/strict_grad_norm_uncapped_adam40k_5090/best.pt
Saved PyTorch checkpoint to results/checkpoints/strict_grad_norm_uncapped_adam40k_5090/best.pt
Saved PyTorch checkpoint to results/checkpoints/strict_grad_norm_uncapped_adam40k_5090/best.pt
Saved PyTorch checkpoint to results/checkpoints/strict_grad_norm_uncapped_adam40k_5090/best.pt
Saved PyTorch checkpoint to results/checkpoints/strict_grad_norm_uncapped_adam40k_5090/best.pt
Saved PyTorch checkpoint to results/checkpoints/strict_grad_norm_uncapped_adam40k_5090/best.pt
Saved PyTorch checkpoint to results/checkpoints/strict_grad_norm_uncapped_adam40k_5090/best.pt
Saved PyTorch checkpoint to results/checkpoints/strict_grad_norm_uncapped_adam40k_5090/best.pt
Saved PyTorch checkpoint to results/checkpoints/strict_grad_norm_uncapped_adam40k_5090/best.pt
Saved PyTorch checkpoint to results/checkpoints/strict_grad_norm_uncapped_adam40k_5090/best.pt
Saved PyTorch checkpoint to results/checkpoints/strict_grad_norm_uncapped_adam40k_5090/best.pt
Saved PyTorch checkpoint to results/checkpoints/strict_grad_norm_uncapped_adam40k_5090/best.pt
Saved PyTorch checkpoint to results/checkpoints/strict_grad_norm_uncapped_adam40k_5090/best.pt
Saved PyTorch checkpoint to results/checkpoints/strict_grad_norm_uncapped_adam40k_5090/best.pt
Saved PyTorch checkpoint to results/checkpoints/strict_grad_norm_uncapped_adam40k_5090/best.pt
Saved PyTorch checkpoint to results/checkpoints/strict_grad_norm_uncapped_adam40k_5090/best.pt
Saved PyTorch checkpoint to results/checkpoints/strict_grad_norm_uncapped_adam40k_5090/best.pt
Saved PyTorch checkpoint to results/checkpoints/strict_grad_norm_uncapped_adam40k_5090/best.pt
Saved PyTorch checkpoint to results/checkpoints/strict_grad_norm_uncapped_adam40k_5090/best.pt
Saved PyTorch checkpoint to results/checkpoints/strict_grad_norm_uncapped_adam40k_5090/best.pt
Saved PyTorch checkpoint to results/checkpoints/strict_grad_norm_uncapped_adam40k_5090/best.pt
Saved PyTorch checkpoint to results/checkpoints/strict_grad_norm_uncapped_adam40k_5090/best.pt
Saved PyTorch checkpoint to results/checkpoints/strict_grad_norm_uncapped_adam40k_5090/best.pt
Saved PyTorch checkpoint to results/checkpoints/strict_grad_norm_uncapped_adam40k_5090/best.pt
Saved PyTorch checkpoint to results/checkpoints/strict_grad_norm_uncapped_adam40k_5090/best.pt
Saved PyTorch checkpoint to results/checkpoints/strict_grad_norm_uncapped_adam40k_5090/best.pt
Saved PyTorch checkpoint to results/checkpoints/strict_grad_norm_uncapped_adam40k_5090/best.pt
Saved PyTorch checkpoint to results/checkpoints/strict_grad_norm_uncapped_adam40k_5090/best.pt
Saved PyTorch checkpoint to results/checkpoints/strict_grad_norm_uncapped_adam40k_5090/best.pt
Saved PyTorch checkpoint to results/checkpoints/strict_grad_norm_uncapped_adam40k_5090/best.pt
Saved PyTorch checkpoint to results/checkpoints/strict_grad_norm_uncapped_adam40k_5090/best.pt
Saved PyTorch checkpoint to results/checkpoints/strict_grad_norm_uncapped_adam40k_5090/best.pt
Saved PyTorch checkpoint to results/checkpoints/strict_grad_norm_uncapped_adam40k_5090/best.pt
Saved PyTorch checkpoint to results/checkpoints/strict_grad_norm_uncapped_adam40k_5090/best.pt
Saved PyTorch checkpoint to results/checkpoints/strict_grad_norm_uncapped_adam40k_5090/best.pt
Saved PyTorch checkpoint to results/checkpoints/strict_grad_norm_uncapped_adam40k_5090/best.pt
Saved PyTorch checkpoint to results/checkpoints/strict_grad_norm_uncapped_adam40k_5090/best.pt
Saved PyTorch checkpoint to results/checkpoints/strict_grad_norm_uncapped_adam40k_5090/best.pt
Saved PyTorch checkpoint to results/checkpoints/strict_grad_norm_uncapped_adam40k_5090/best.pt
Saved PyTorch checkpoint to results/checkpoints/strict_grad_norm_uncapped_adam40k_5090/best.pt
Saved PyTorch checkpoint to results/checkpoints/strict_grad_norm_uncapped_adam40k_5090/best.pt
Saved PyTorch checkpoint to results/checkpoints/strict_grad_norm_uncapped_adam40k_5090/best.pt
Saved PyTorch checkpoint to results/checkpoints/strict_grad_norm_uncapped_adam40k_5090/best.pt
Saved PyTorch checkpoint to results/checkpoints/strict_grad_norm_uncapped_adam40k_5090/best.pt
Saved PyTorch checkpoint to results/checkpoints/strict_grad_norm_uncapped_adam40k_5090/best.pt
Saved PyTorch checkpoint to results/checkpoints/strict_grad_norm_uncapped_adam40k_5090/best.pt
Saved PyTorch checkpoint to results/checkpoints/strict_grad_norm_uncapped_adam40k_5090/best.pt
Saved PyTorch checkpoint to results/checkpoints/strict_grad_norm_uncapped_adam40k_5090/best.pt
Saved PyTorch checkpoint to results/checkpoints/strict_grad_norm_uncapped_adam40k_5090/best.pt
Saved PyTorch checkpoint to results/checkpoints/strict_grad_norm_uncapped_adam40k_5090/best.pt
Saved PyTorch checkpoint to results/checkpoints/strict_grad_norm_uncapped_adam40k_5090/best.pt
Saved PyTorch checkpoint to results/checkpoints/strict_grad_norm_uncapped_adam40k_5090/best.pt
Saved PyTorch checkpoint to results/checkpoints/strict_grad_norm_uncapped_adam40k_5090/best.pt
Saved PyTorch checkpoint to results/checkpoints/strict_grad_norm_uncapped_adam40k_5090/best.pt
Saved PyTorch checkpoint to results/checkpoints/strict_grad_norm_uncapped_adam40k_5090/best.pt
Saved PyTorch checkpoint to results/checkpoints/strict_grad_norm_uncapped_adam40k_5090/best.pt
Saved PyTorch checkpoint to results/checkpoints/strict_grad_norm_uncapped_adam40k_5090/best.pt
Saved PyTorch checkpoint to results/checkpoints/strict_grad_norm_uncapped_adam40k_5090/best.pt
Saved PyTorch checkpoint to results/checkpoints/strict_grad_norm_uncapped_adam40k_5090/best.pt
Saved PyTorch checkpoint to results/checkpoints/strict_grad_norm_uncapped_adam40k_5090/best.pt
Saved PyTorch checkpoint to results/checkpoints/strict_grad_norm_uncapped_adam40k_5090/best.pt
Saved PyTorch checkpoint to results/checkpoints/strict_grad_norm_uncapped_adam40k_5090/best.pt
Saved PyTorch checkpoint to results/checkpoints/strict_grad_norm_uncapped_adam40k_5090/best.pt
Saved PyTorch checkpoint to results/checkpoints/strict_grad_norm_uncapped_adam40k_5090/best.pt
Saved PyTorch checkpoint to results/checkpoints/strict_grad_norm_uncapped_adam40k_5090/best.pt
Saved PyTorch checkpoint to results/checkpoints/strict_grad_norm_uncapped_adam40k_5090/best.pt
Saved PyTorch checkpoint to results/checkpoints/strict_grad_norm_uncapped_adam40k_5090/best.pt
Saved PyTorch checkpoint to results/checkpoints/strict_grad_norm_uncapped_adam40k_5090/best.pt
Saved PyTorch checkpoint to results/checkpoints/strict_grad_norm_uncapped_adam40k_5090/best.pt
Saved PyTorch checkpoint to results/checkpoints/strict_grad_norm_uncapped_adam40k_5090/best.pt
Saved PyTorch checkpoint to results/checkpoints/strict_grad_norm_uncapped_adam40k_5090/best.pt
Saved PyTorch checkpoint to results/checkpoints/strict_grad_norm_uncapped_adam40k_5090/best.pt
Saved PyTorch checkpoint to results/checkpoints/strict_grad_norm_uncapped_adam40k_5090/best.pt
Saved PyTorch checkpoint to results/checkpoints/strict_grad_norm_uncapped_adam40k_5090/best.pt
Saved PyTorch checkpoint to results/checkpoints/strict_grad_norm_uncapped_adam40k_5090/best.pt
Saved PyTorch checkpoint to results/checkpoints/strict_grad_norm_uncapped_adam40k_5090/best.pt
Saved PyTorch checkpoint to results/checkpoints/strict_grad_norm_uncapped_adam40k_5090/best.pt
Saved PyTorch checkpoint to results/checkpoints/strict_grad_norm_uncapped_adam40k_5090/best.pt
Saved PyTorch checkpoint to results/checkpoints/strict_grad_norm_uncapped_adam40k_5090/best.pt
Saved PyTorch checkpoint to results/checkpoints/strict_grad_norm_uncapped_adam40k_5090/best.pt
Saved PyTorch checkpoint to results/checkpoints/strict_grad_norm_uncapped_adam40k_5090/best.pt
Saved PyTorch checkpoint to results/checkpoints/strict_grad_norm_uncapped_adam40k_5090/best.pt
Saved PyTorch checkpoint to results/checkpoints/strict_grad_norm_uncapped_adam40k_5090/best.pt
Saved PyTorch checkpoint to results/checkpoints/strict_grad_norm_uncapped_adam40k_5090/best.pt
Saved PyTorch checkpoint to results/checkpoints/strict_grad_norm_uncapped_adam40k_5090/best.pt
Adam 4700 | total=2.085e-01 f=1.494e-03 ic=5.315e-07 wall=4.520e-04 inlet=1.773e-01 outlet=2.111e-08 lr=5.000e-04 | λ[f=1.00 ic=6130.68 wall=20.62 inlet=1.08 outlet=135776.11]
Saved PyTorch checkpoint to results/checkpoints/strict_grad_norm_uncapped_adam40k_5090/best.pt
Saved PyTorch checkpoint to results/checkpoints/strict_grad_norm_uncapped_adam40k_5090/best.pt
Saved PyTorch checkpoint to results/checkpoints/strict_grad_norm_uncapped_adam40k_5090/best.pt
Saved PyTorch checkpoint to results/checkpoints/strict_grad_norm_uncapped_adam40k_5090/best.pt
Saved PyTorch checkpoint to results/checkpoints/strict_grad_norm_uncapped_adam40k_5090/best.pt
Saved PyTorch checkpoint to results/checkpoints/strict_grad_norm_uncapped_adam40k_5090/best.pt
Saved PyTorch checkpoint to results/checkpoints/strict_grad_norm_uncapped_adam40k_5090/best.pt
Saved PyTorch checkpoint to results/checkpoints/strict_grad_norm_uncapped_adam40k_5090/best.pt
Saved PyTorch checkpoint to results/checkpoints/strict_grad_norm_uncapped_adam40k_5090/best.pt
Saved PyTorch checkpoint to results/checkpoints/strict_grad_norm_uncapped_adam40k_5090/best.pt
Saved PyTorch checkpoint to results/checkpoints/strict_grad_norm_uncapped_adam40k_5090/best.pt
Saved PyTorch checkpoint to results/checkpoints/strict_grad_norm_uncapped_adam40k_5090/best.pt
Saved PyTorch checkpoint to results/checkpoints/strict_grad_norm_uncapped_adam40k_5090/best.pt
Saved PyTorch checkpoint to results/checkpoints/strict_grad_norm_uncapped_adam40k_5090/best.pt
Saved PyTorch checkpoint to results/checkpoints/strict_grad_norm_uncapped_adam40k_5090/best.pt
Saved PyTorch checkpoint to results/checkpoints/strict_grad_norm_uncapped_adam40k_5090/best.pt
Saved PyTorch checkpoint to results/checkpoints/strict_grad_norm_uncapped_adam40k_5090/best.pt
Saved PyTorch checkpoint to results/checkpoints/strict_grad_norm_uncapped_adam40k_5090/best.pt
Saved PyTorch checkpoint to results/checkpoints/strict_grad_norm_uncapped_adam40k_5090/best.pt
Saved PyTorch checkpoint to results/checkpoints/strict_grad_norm_uncapped_adam40k_5090/best.pt
Saved PyTorch checkpoint to results/checkpoints/strict_grad_norm_uncapped_adam40k_5090/best.pt
Saved PyTorch checkpoint to results/checkpoints/strict_grad_norm_uncapped_adam40k_5090/best.pt
Saved PyTorch checkpoint to results/checkpoints/strict_grad_norm_uncapped_adam40k_5090/best.pt
Saved PyTorch checkpoint to results/checkpoints/strict_grad_norm_uncapped_adam40k_5090/best.pt
Saved PyTorch checkpoint to results/checkpoints/strict_grad_norm_uncapped_adam40k_5090/best.pt
Saved PyTorch checkpoint to results/checkpoints/strict_grad_norm_uncapped_adam40k_5090/best.pt
Saved PyTorch checkpoint to results/checkpoints/strict_grad_norm_uncapped_adam40k_5090/best.pt
Saved PyTorch checkpoint to results/checkpoints/strict_grad_norm_uncapped_adam40k_5090/best.pt
Saved PyTorch checkpoint to results/checkpoints/strict_grad_norm_uncapped_adam40k_5090/best.pt
Saved PyTorch checkpoint to results/checkpoints/strict_grad_norm_uncapped_adam40k_5090/best.pt
Saved PyTorch checkpoint to results/checkpoints/strict_grad_norm_uncapped_adam40k_5090/best.pt
Saved PyTorch checkpoint to results/checkpoints/strict_grad_norm_uncapped_adam40k_5090/best.pt
Saved PyTorch checkpoint to results/checkpoints/strict_grad_norm_uncapped_adam40k_5090/best.pt
Saved PyTorch checkpoint to results/checkpoints/strict_grad_norm_uncapped_adam40k_5090/best.pt
Saved PyTorch checkpoint to results/checkpoints/strict_grad_norm_uncapped_adam40k_5090/best.pt
Saved PyTorch checkpoint to results/checkpoints/strict_grad_norm_uncapped_adam40k_5090/best.pt
Saved PyTorch checkpoint to results/checkpoints/strict_grad_norm_uncapped_adam40k_5090/best.pt
Saved PyTorch checkpoint to results/checkpoints/strict_grad_norm_uncapped_adam40k_5090/best.pt
Saved PyTorch checkpoint to results/checkpoints/strict_grad_norm_uncapped_adam40k_5090/best.pt
Saved PyTorch checkpoint to results/checkpoints/strict_grad_norm_uncapped_adam40k_5090/best.pt
Saved PyTorch checkpoint to results/checkpoints/strict_grad_norm_uncapped_adam40k_5090/best.pt
Saved PyTorch checkpoint to results/checkpoints/strict_grad_norm_uncapped_adam40k_5090/best.pt
Saved PyTorch checkpoint to results/checkpoints/strict_grad_norm_uncapped_adam40k_5090/best.pt
Saved PyTorch checkpoint to results/checkpoints/strict_grad_norm_uncapped_adam40k_5090/best.pt
Saved PyTorch checkpoint to results/checkpoints/strict_grad_norm_uncapped_adam40k_5090/best.pt
Saved PyTorch checkpoint to results/checkpoints/strict_grad_norm_uncapped_adam40k_5090/best.pt
Saved PyTorch checkpoint to results/checkpoints/strict_grad_norm_uncapped_adam40k_5090/best.pt
Saved PyTorch checkpoint to results/checkpoints/strict_grad_norm_uncapped_adam40k_5090/best.pt
Saved PyTorch checkpoint to results/checkpoints/strict_grad_norm_uncapped_adam40k_5090/best.pt
Saved PyTorch checkpoint to results/checkpoints/strict_grad_norm_uncapped_adam40k_5090/best.pt
Saved PyTorch checkpoint to results/checkpoints/strict_grad_norm_uncapped_adam40k_5090/best.pt
Saved PyTorch checkpoint to results/checkpoints/strict_grad_norm_uncapped_adam40k_5090/best.pt
Saved PyTorch checkpoint to results/checkpoints/strict_grad_norm_uncapped_adam40k_5090/best.pt
Saved PyTorch checkpoint to results/checkpoints/strict_grad_norm_uncapped_adam40k_5090/best.pt
Saved PyTorch checkpoint to results/checkpoints/strict_grad_norm_uncapped_adam40k_5090/best.pt
Saved PyTorch checkpoint to results/checkpoints/strict_grad_norm_uncapped_adam40k_5090/best.pt
Saved PyTorch checkpoint to results/checkpoints/strict_grad_norm_uncapped_adam40k_5090/best.pt
Saved PyTorch checkpoint to results/checkpoints/strict_grad_norm_uncapped_adam40k_5090/best.pt
Saved PyTorch checkpoint to results/checkpoints/strict_grad_norm_uncapped_adam40k_5090/best.pt
Saved PyTorch checkpoint to results/checkpoints/strict_grad_norm_uncapped_adam40k_5090/best.pt
Saved PyTorch checkpoint to results/checkpoints/strict_grad_norm_uncapped_adam40k_5090/best.pt
Saved PyTorch checkpoint to results/checkpoints/strict_grad_norm_uncapped_adam40k_5090/best.pt
Saved PyTorch checkpoint to results/checkpoints/strict_grad_norm_uncapped_adam40k_5090/best.pt
Saved PyTorch checkpoint to results/checkpoints/strict_grad_norm_uncapped_adam40k_5090/best.pt
Saved PyTorch checkpoint to results/checkpoints/strict_grad_norm_uncapped_adam40k_5090/best.pt
Saved PyTorch checkpoint to results/checkpoints/strict_grad_norm_uncapped_adam40k_5090/best.pt
Saved PyTorch checkpoint to results/checkpoints/strict_grad_norm_uncapped_adam40k_5090/best.pt
Saved PyTorch checkpoint to results/checkpoints/strict_grad_norm_uncapped_adam40k_5090/best.pt
Saved PyTorch checkpoint to results/checkpoints/strict_grad_norm_uncapped_adam40k_5090/best.pt
Saved PyTorch checkpoint to results/checkpoints/strict_grad_norm_uncapped_adam40k_5090/best.pt
Saved PyTorch checkpoint to results/checkpoints/strict_grad_norm_uncapped_adam40k_5090/best.pt
Saved PyTorch checkpoint to results/checkpoints/strict_grad_norm_uncapped_adam40k_5090/best.pt
Saved PyTorch checkpoint to results/checkpoints/strict_grad_norm_uncapped_adam40k_5090/best.pt
Saved PyTorch checkpoint to results/checkpoints/strict_grad_norm_uncapped_adam40k_5090/best.pt
Saved PyTorch checkpoint to results/checkpoints/strict_grad_norm_uncapped_adam40k_5090/best.pt
Saved PyTorch checkpoint to results/checkpoints/strict_grad_norm_uncapped_adam40k_5090/best.pt
Saved PyTorch checkpoint to results/checkpoints/strict_grad_norm_uncapped_adam40k_5090/best.pt
Saved PyTorch checkpoint to results/checkpoints/strict_grad_norm_uncapped_adam40k_5090/best.pt
Saved PyTorch checkpoint to results/checkpoints/strict_grad_norm_uncapped_adam40k_5090/best.pt
Saved PyTorch checkpoint to results/checkpoints/strict_grad_norm_uncapped_adam40k_5090/best.pt
Saved PyTorch checkpoint to results/checkpoints/strict_grad_norm_uncapped_adam40k_5090/best.pt
Saved PyTorch checkpoint to results/checkpoints/strict_grad_norm_uncapped_adam40k_5090/best.pt
Saved PyTorch checkpoint to results/checkpoints/strict_grad_norm_uncapped_adam40k_5090/best.pt
Saved PyTorch checkpoint to results/checkpoints/strict_grad_norm_uncapped_adam40k_5090/best.pt
Saved PyTorch checkpoint to results/checkpoints/strict_grad_norm_uncapped_adam40k_5090/best.pt
Saved PyTorch checkpoint to results/checkpoints/strict_grad_norm_uncapped_adam40k_5090/best.pt
Saved PyTorch checkpoint to results/checkpoints/strict_grad_norm_uncapped_adam40k_5090/best.pt
Saved PyTorch checkpoint to results/checkpoints/strict_grad_norm_uncapped_adam40k_5090/best.pt
Saved PyTorch checkpoint to results/checkpoints/strict_grad_norm_uncapped_adam40k_5090/best.pt
Saved PyTorch checkpoint to results/checkpoints/strict_grad_norm_uncapped_adam40k_5090/best.pt
Saved PyTorch checkpoint to results/checkpoints/strict_grad_norm_uncapped_adam40k_5090/best.pt
Saved PyTorch checkpoint to results/checkpoints/strict_grad_norm_uncapped_adam40k_5090/best.pt
Saved PyTorch checkpoint to results/checkpoints/strict_grad_norm_uncapped_adam40k_5090/best.pt
Saved PyTorch checkpoint to results/checkpoints/strict_grad_norm_uncapped_adam40k_5090/best.pt
Saved PyTorch checkpoint to results/checkpoints/strict_grad_norm_uncapped_adam40k_5090/best.pt
Saved PyTorch checkpoint to results/checkpoints/strict_grad_norm_uncapped_adam40k_5090/best.pt
Saved PyTorch checkpoint to results/checkpoints/strict_grad_norm_uncapped_adam40k_5090/best.pt
Saved PyTorch checkpoint to results/checkpoints/strict_grad_norm_uncapped_adam40k_5090/best.pt
Saved PyTorch checkpoint to results/checkpoints/strict_grad_norm_uncapped_adam40k_5090/best.pt
Saved PyTorch checkpoint to results/checkpoints/strict_grad_norm_uncapped_adam40k_5090/best.pt
Adam 4800 | total=1.997e-01 f=1.445e-03 ic=5.052e-07 wall=4.531e-04 inlet=1.772e-01 outlet=1.757e-08 lr=5.000e-04 | λ[f=1.00 ic=5690.78 wall=19.82 inlet=1.04 outlet=161172.95]
Saved PyTorch checkpoint to results/checkpoints/strict_grad_norm_uncapped_adam40k_5090/best.pt
Saved PyTorch checkpoint to results/checkpoints/strict_grad_norm_uncapped_adam40k_5090/best.pt
Saved PyTorch checkpoint to results/checkpoints/strict_grad_norm_uncapped_adam40k_5090/best.pt
Saved PyTorch checkpoint to results/checkpoints/strict_grad_norm_uncapped_adam40k_5090/best.pt
Saved PyTorch checkpoint to results/checkpoints/strict_grad_norm_uncapped_adam40k_5090/best.pt
Saved PyTorch checkpoint to results/checkpoints/strict_grad_norm_uncapped_adam40k_5090/best.pt
Saved PyTorch checkpoint to results/checkpoints/strict_grad_norm_uncapped_adam40k_5090/best.pt
Saved PyTorch checkpoint to results/checkpoints/strict_grad_norm_uncapped_adam40k_5090/best.pt
Saved PyTorch checkpoint to results/checkpoints/strict_grad_norm_uncapped_adam40k_5090/best.pt
Saved PyTorch checkpoint to results/checkpoints/strict_grad_norm_uncapped_adam40k_5090/best.pt
Saved PyTorch checkpoint to results/checkpoints/strict_grad_norm_uncapped_adam40k_5090/best.pt
Saved PyTorch checkpoint to results/checkpoints/strict_grad_norm_uncapped_adam40k_5090/best.pt
Saved PyTorch checkpoint to results/checkpoints/strict_grad_norm_uncapped_adam40k_5090/best.pt
Saved PyTorch checkpoint to results/checkpoints/strict_grad_norm_uncapped_adam40k_5090/best.pt
Saved PyTorch checkpoint to results/checkpoints/strict_grad_norm_uncapped_adam40k_5090/best.pt
Saved PyTorch checkpoint to results/checkpoints/strict_grad_norm_uncapped_adam40k_5090/best.pt
Saved PyTorch checkpoint to results/checkpoints/strict_grad_norm_uncapped_adam40k_5090/best.pt
Saved PyTorch checkpoint to results/checkpoints/strict_grad_norm_uncapped_adam40k_5090/best.pt
Saved PyTorch checkpoint to results/checkpoints/strict_grad_norm_uncapped_adam40k_5090/best.pt
Saved PyTorch checkpoint to results/checkpoints/strict_grad_norm_uncapped_adam40k_5090/best.pt
Saved PyTorch checkpoint to results/checkpoints/strict_grad_norm_uncapped_adam40k_5090/best.pt
Saved PyTorch checkpoint to results/checkpoints/strict_grad_norm_uncapped_adam40k_5090/best.pt
Saved PyTorch checkpoint to results/checkpoints/strict_grad_norm_uncapped_adam40k_5090/best.pt
Saved PyTorch checkpoint to results/checkpoints/strict_grad_norm_uncapped_adam40k_5090/best.pt
Saved PyTorch checkpoint to results/checkpoints/strict_grad_norm_uncapped_adam40k_5090/best.pt
Saved PyTorch checkpoint to results/checkpoints/strict_grad_norm_uncapped_adam40k_5090/best.pt
Saved PyTorch checkpoint to results/checkpoints/strict_grad_norm_uncapped_adam40k_5090/best.pt
Saved PyTorch checkpoint to results/checkpoints/strict_grad_norm_uncapped_adam40k_5090/best.pt
Saved PyTorch checkpoint to results/checkpoints/strict_grad_norm_uncapped_adam40k_5090/best.pt
Saved PyTorch checkpoint to results/checkpoints/strict_grad_norm_uncapped_adam40k_5090/best.pt
Saved PyTorch checkpoint to results/checkpoints/strict_grad_norm_uncapped_adam40k_5090/best.pt
Saved PyTorch checkpoint to results/checkpoints/strict_grad_norm_uncapped_adam40k_5090/best.pt
Saved PyTorch checkpoint to results/checkpoints/strict_grad_norm_uncapped_adam40k_5090/best.pt
Saved PyTorch checkpoint to results/checkpoints/strict_grad_norm_uncapped_adam40k_5090/best.pt
Saved PyTorch checkpoint to results/checkpoints/strict_grad_norm_uncapped_adam40k_5090/best.pt
Saved PyTorch checkpoint to results/checkpoints/strict_grad_norm_uncapped_adam40k_5090/best.pt
Saved PyTorch checkpoint to results/checkpoints/strict_grad_norm_uncapped_adam40k_5090/best.pt
Saved PyTorch checkpoint to results/checkpoints/strict_grad_norm_uncapped_adam40k_5090/best.pt
Saved PyTorch checkpoint to results/checkpoints/strict_grad_norm_uncapped_adam40k_5090/best.pt
Saved PyTorch checkpoint to results/checkpoints/strict_grad_norm_uncapped_adam40k_5090/best.pt
Saved PyTorch checkpoint to results/checkpoints/strict_grad_norm_uncapped_adam40k_5090/best.pt
Saved PyTorch checkpoint to results/checkpoints/strict_grad_norm_uncapped_adam40k_5090/best.pt
Saved PyTorch checkpoint to results/checkpoints/strict_grad_norm_uncapped_adam40k_5090/best.pt
Saved PyTorch checkpoint to results/checkpoints/strict_grad_norm_uncapped_adam40k_5090/best.pt
Saved PyTorch checkpoint to results/checkpoints/strict_grad_norm_uncapped_adam40k_5090/best.pt
Saved PyTorch checkpoint to results/checkpoints/strict_grad_norm_uncapped_adam40k_5090/best.pt
Saved PyTorch checkpoint to results/checkpoints/strict_grad_norm_uncapped_adam40k_5090/best.pt
Saved PyTorch checkpoint to results/checkpoints/strict_grad_norm_uncapped_adam40k_5090/best.pt
Saved PyTorch checkpoint to results/checkpoints/strict_grad_norm_uncapped_adam40k_5090/best.pt
Saved PyTorch checkpoint to results/checkpoints/strict_grad_norm_uncapped_adam40k_5090/best.pt
Saved PyTorch checkpoint to results/checkpoints/strict_grad_norm_uncapped_adam40k_5090/best.pt
Saved PyTorch checkpoint to results/checkpoints/strict_grad_norm_uncapped_adam40k_5090/best.pt
Saved PyTorch checkpoint to results/checkpoints/strict_grad_norm_uncapped_adam40k_5090/best.pt
Saved PyTorch checkpoint to results/checkpoints/strict_grad_norm_uncapped_adam40k_5090/best.pt
Saved PyTorch checkpoint to results/checkpoints/strict_grad_norm_uncapped_adam40k_5090/best.pt
Saved PyTorch checkpoint to results/checkpoints/strict_grad_norm_uncapped_adam40k_5090/best.pt
Saved PyTorch checkpoint to results/checkpoints/strict_grad_norm_uncapped_adam40k_5090/best.pt
Saved PyTorch checkpoint to results/checkpoints/strict_grad_norm_uncapped_adam40k_5090/best.pt
Saved PyTorch checkpoint to results/checkpoints/strict_grad_norm_uncapped_adam40k_5090/best.pt
Saved PyTorch checkpoint to results/checkpoints/strict_grad_norm_uncapped_adam40k_5090/best.pt
Saved PyTorch checkpoint to results/checkpoints/strict_grad_norm_uncapped_adam40k_5090/best.pt
Saved PyTorch checkpoint to results/checkpoints/strict_grad_norm_uncapped_adam40k_5090/best.pt
Saved PyTorch checkpoint to results/checkpoints/strict_grad_norm_uncapped_adam40k_5090/best.pt
Saved PyTorch checkpoint to results/checkpoints/strict_grad_norm_uncapped_adam40k_5090/best.pt
Saved PyTorch checkpoint to results/checkpoints/strict_grad_norm_uncapped_adam40k_5090/best.pt
Saved PyTorch checkpoint to results/checkpoints/strict_grad_norm_uncapped_adam40k_5090/best.pt
Saved PyTorch checkpoint to results/checkpoints/strict_grad_norm_uncapped_adam40k_5090/best.pt
Saved PyTorch checkpoint to results/checkpoints/strict_grad_norm_uncapped_adam40k_5090/best.pt
Saved PyTorch checkpoint to results/checkpoints/strict_grad_norm_uncapped_adam40k_5090/best.pt
Saved PyTorch checkpoint to results/checkpoints/strict_grad_norm_uncapped_adam40k_5090/best.pt
Saved PyTorch checkpoint to results/checkpoints/strict_grad_norm_uncapped_adam40k_5090/best.pt
Saved PyTorch checkpoint to results/checkpoints/strict_grad_norm_uncapped_adam40k_5090/best.pt
Saved PyTorch checkpoint to results/checkpoints/strict_grad_norm_uncapped_adam40k_5090/best.pt
Saved PyTorch checkpoint to results/checkpoints/strict_grad_norm_uncapped_adam40k_5090/best.pt
Saved PyTorch checkpoint to results/checkpoints/strict_grad_norm_uncapped_adam40k_5090/best.pt
Saved PyTorch checkpoint to results/checkpoints/strict_grad_norm_uncapped_adam40k_5090/best.pt
Saved PyTorch checkpoint to results/checkpoints/strict_grad_norm_uncapped_adam40k_5090/best.pt
Saved PyTorch checkpoint to results/checkpoints/strict_grad_norm_uncapped_adam40k_5090/best.pt
Saved PyTorch checkpoint to results/checkpoints/strict_grad_norm_uncapped_adam40k_5090/best.pt
Saved PyTorch checkpoint to results/checkpoints/strict_grad_norm_uncapped_adam40k_5090/best.pt
Saved PyTorch checkpoint to results/checkpoints/strict_grad_norm_uncapped_adam40k_5090/best.pt
Saved PyTorch checkpoint to results/checkpoints/strict_grad_norm_uncapped_adam40k_5090/best.pt
Saved PyTorch checkpoint to results/checkpoints/strict_grad_norm_uncapped_adam40k_5090/best.pt
Saved PyTorch checkpoint to results/checkpoints/strict_grad_norm_uncapped_adam40k_5090/best.pt
Saved PyTorch checkpoint to results/checkpoints/strict_grad_norm_uncapped_adam40k_5090/best.pt
Saved PyTorch checkpoint to results/checkpoints/strict_grad_norm_uncapped_adam40k_5090/best.pt
Saved PyTorch checkpoint to results/checkpoints/strict_grad_norm_uncapped_adam40k_5090/best.pt
Saved PyTorch checkpoint to results/checkpoints/strict_grad_norm_uncapped_adam40k_5090/best.pt
Saved PyTorch checkpoint to results/checkpoints/strict_grad_norm_uncapped_adam40k_5090/best.pt
Saved PyTorch checkpoint to results/checkpoints/strict_grad_norm_uncapped_adam40k_5090/best.pt
Saved PyTorch checkpoint to results/checkpoints/strict_grad_norm_uncapped_adam40k_5090/best.pt
Saved PyTorch checkpoint to results/checkpoints/strict_grad_norm_uncapped_adam40k_5090/best.pt
Saved PyTorch checkpoint to results/checkpoints/strict_grad_norm_uncapped_adam40k_5090/best.pt
Saved PyTorch checkpoint to results/checkpoints/strict_grad_norm_uncapped_adam40k_5090/best.pt
Saved PyTorch checkpoint to results/checkpoints/strict_grad_norm_uncapped_adam40k_5090/best.pt
Adam 4900 | total=1.916e-01 f=1.397e-03 ic=4.631e-07 wall=4.547e-04 inlet=1.771e-01 outlet=3.239e-08 lr=5.000e-04 | λ[f=1.00 ic=9327.60 wall=19.08 inlet=1.00 outlet=24883.82]
Saved PyTorch checkpoint to results/checkpoints/strict_grad_norm_uncapped_adam40k_5090/best.pt
Adam 5000 | total=1.308e+00 f=7.647e-03 ic=1.691e-03 wall=2.709e-04 inlet=1.787e-01 outlet=2.967e-04 lr=5.000e-04 | λ[f=1.00 ic=115.09 wall=183.70 inlet=4.96 outlet=571.64]
Adam 5100 | total=3.847e-01 f=3.009e-03 ic=2.073e-04 wall=1.657e-04 inlet=1.822e-01 outlet=1.197e-05 lr=5.000e-04 | λ[f=1.00 ic=152.33 wall=106.54 inlet=1.77 outlet=873.15]
Adam 5200 | total=2.238e-01 f=2.009e-03 ic=5.317e-05 wall=1.343e-04 inlet=1.835e-01 outlet=7.047e-07 lr=5.000e-04 | λ[f=1.00 ic=202.05 wall=60.07 inlet=1.08 outlet=7757.92]
Adam 5300 | total=2.268e-01 f=1.651e-03 ic=1.501e-05 wall=1.239e-04 inlet=1.840e-01 outlet=3.398e-07 lr=5.000e-04 | λ[f=1.00 ic=410.85 wall=56.32 inlet=1.04 outlet=61188.02]
Adam 5400 | total=2.698e-01 f=1.404e-03 ic=1.643e-06 wall=1.180e-04 inlet=1.851e-01 outlet=1.543e-07 lr=5.000e-04 | λ[f=1.00 ic=4166.02 wall=57.45 inlet=1.25 outlet=150613.33]
Adam 5500 | total=2.550e-01 f=1.261e-03 ic=5.326e-07 wall=1.141e-04 inlet=1.861e-01 outlet=8.237e-08 lr=5.000e-04 | λ[f=1.00 ic=7488.87 wall=53.38 inlet=1.24 outlet=162541.75]
Adam 5600 | total=2.220e-01 f=1.160e-03 ic=4.173e-07 wall=1.082e-04 inlet=1.865e-01 outlet=5.295e-08 lr=5.000e-04 | λ[f=1.00 ic=8481.85 wall=48.77 inlet=1.09 outlet=163263.81]
Adam 5700 | total=1.993e-01 f=1.095e-03 ic=3.750e-07 wall=1.046e-04 inlet=1.867e-01 outlet=3.830e-08 lr=5.000e-04 | λ[f=1.00 ic=8912.65 wall=45.05 inlet=0.98 outlet=181902.29]
Saved PyTorch checkpoint to results/checkpoints/strict_grad_norm_uncapped_adam40k_5090/best.pt
Saved PyTorch checkpoint to results/checkpoints/strict_grad_norm_uncapped_adam40k_5090/best.pt
Saved PyTorch checkpoint to results/checkpoints/strict_grad_norm_uncapped_adam40k_5090/best.pt
Saved PyTorch checkpoint to results/checkpoints/strict_grad_norm_uncapped_adam40k_5090/best.pt
Saved PyTorch checkpoint to results/checkpoints/strict_grad_norm_uncapped_adam40k_5090/best.pt
Saved PyTorch checkpoint to results/checkpoints/strict_grad_norm_uncapped_adam40k_5090/best.pt
Saved PyTorch checkpoint to results/checkpoints/strict_grad_norm_uncapped_adam40k_5090/best.pt
Saved PyTorch checkpoint to results/checkpoints/strict_grad_norm_uncapped_adam40k_5090/best.pt
Saved PyTorch checkpoint to results/checkpoints/strict_grad_norm_uncapped_adam40k_5090/best.pt
Saved PyTorch checkpoint to results/checkpoints/strict_grad_norm_uncapped_adam40k_5090/best.pt
Saved PyTorch checkpoint to results/checkpoints/strict_grad_norm_uncapped_adam40k_5090/best.pt
Saved PyTorch checkpoint to results/checkpoints/strict_grad_norm_uncapped_adam40k_5090/best.pt
Saved PyTorch checkpoint to results/checkpoints/strict_grad_norm_uncapped_adam40k_5090/best.pt
Saved PyTorch checkpoint to results/checkpoints/strict_grad_norm_uncapped_adam40k_5090/best.pt
Saved PyTorch checkpoint to results/checkpoints/strict_grad_norm_uncapped_adam40k_5090/best.pt
Saved PyTorch checkpoint to results/checkpoints/strict_grad_norm_uncapped_adam40k_5090/best.pt
Saved PyTorch checkpoint to results/checkpoints/strict_grad_norm_uncapped_adam40k_5090/best.pt
Saved PyTorch checkpoint to results/checkpoints/strict_grad_norm_uncapped_adam40k_5090/best.pt
Saved PyTorch checkpoint to results/checkpoints/strict_grad_norm_uncapped_adam40k_5090/best.pt
Saved PyTorch checkpoint to results/checkpoints/strict_grad_norm_uncapped_adam40k_5090/best.pt
Saved PyTorch checkpoint to results/checkpoints/strict_grad_norm_uncapped_adam40k_5090/best.pt
Saved PyTorch checkpoint to results/checkpoints/strict_grad_norm_uncapped_adam40k_5090/best.pt
Saved PyTorch checkpoint to results/checkpoints/strict_grad_norm_uncapped_adam40k_5090/best.pt
Saved PyTorch checkpoint to results/checkpoints/strict_grad_norm_uncapped_adam40k_5090/best.pt
Saved PyTorch checkpoint to results/checkpoints/strict_grad_norm_uncapped_adam40k_5090/best.pt
Saved PyTorch checkpoint to results/checkpoints/strict_grad_norm_uncapped_adam40k_5090/best.pt
Saved PyTorch checkpoint to results/checkpoints/strict_grad_norm_uncapped_adam40k_5090/best.pt
Saved PyTorch checkpoint to results/checkpoints/strict_grad_norm_uncapped_adam40k_5090/best.pt
Saved PyTorch checkpoint to results/checkpoints/strict_grad_norm_uncapped_adam40k_5090/best.pt
Saved PyTorch checkpoint to results/checkpoints/strict_grad_norm_uncapped_adam40k_5090/best.pt
Saved PyTorch checkpoint to results/checkpoints/strict_grad_norm_uncapped_adam40k_5090/best.pt
Saved PyTorch checkpoint to results/checkpoints/strict_grad_norm_uncapped_adam40k_5090/best.pt
Saved PyTorch checkpoint to results/checkpoints/strict_grad_norm_uncapped_adam40k_5090/best.pt
Saved PyTorch checkpoint to results/checkpoints/strict_grad_norm_uncapped_adam40k_5090/best.pt
Saved PyTorch checkpoint to results/checkpoints/strict_grad_norm_uncapped_adam40k_5090/best.pt
Saved PyTorch checkpoint to results/checkpoints/strict_grad_norm_uncapped_adam40k_5090/best.pt
Saved PyTorch checkpoint to results/checkpoints/strict_grad_norm_uncapped_adam40k_5090/best.pt
Saved PyTorch checkpoint to results/checkpoints/strict_grad_norm_uncapped_adam40k_5090/best.pt
Saved PyTorch checkpoint to results/checkpoints/strict_grad_norm_uncapped_adam40k_5090/best.pt
Saved PyTorch checkpoint to results/checkpoints/strict_grad_norm_uncapped_adam40k_5090/best.pt
Saved PyTorch checkpoint to results/checkpoints/strict_grad_norm_uncapped_adam40k_5090/best.pt
Saved PyTorch checkpoint to results/checkpoints/strict_grad_norm_uncapped_adam40k_5090/best.pt
Saved PyTorch checkpoint to results/checkpoints/strict_grad_norm_uncapped_adam40k_5090/best.pt
Saved PyTorch checkpoint to results/checkpoints/strict_grad_norm_uncapped_adam40k_5090/best.pt
Saved PyTorch checkpoint to results/checkpoints/strict_grad_norm_uncapped_adam40k_5090/best.pt
Saved PyTorch checkpoint to results/checkpoints/strict_grad_norm_uncapped_adam40k_5090/best.pt
Saved PyTorch checkpoint to results/checkpoints/strict_grad_norm_uncapped_adam40k_5090/best.pt
Saved PyTorch checkpoint to results/checkpoints/strict_grad_norm_uncapped_adam40k_5090/best.pt
Saved PyTorch checkpoint to results/checkpoints/strict_grad_norm_uncapped_adam40k_5090/best.pt
Saved PyTorch checkpoint to results/checkpoints/strict_grad_norm_uncapped_adam40k_5090/best.pt
Adam 5800 | total=1.817e-01 f=1.043e-03 ic=3.448e-07 wall=1.018e-04 inlet=1.868e-01 outlet=3.029e-08 lr=5.000e-04 | λ[f=1.00 ic=9111.62 wall=41.92 inlet=0.89 outlet=206570.03]
Saved PyTorch checkpoint to results/checkpoints/strict_grad_norm_uncapped_adam40k_5090/best.pt
Saved PyTorch checkpoint to results/checkpoints/strict_grad_norm_uncapped_adam40k_5090/best.pt
Saved PyTorch checkpoint to results/checkpoints/strict_grad_norm_uncapped_adam40k_5090/best.pt
Saved PyTorch checkpoint to results/checkpoints/strict_grad_norm_uncapped_adam40k_5090/best.pt
Saved PyTorch checkpoint to results/checkpoints/strict_grad_norm_uncapped_adam40k_5090/best.pt
Saved PyTorch checkpoint to results/checkpoints/strict_grad_norm_uncapped_adam40k_5090/best.pt
Saved PyTorch checkpoint to results/checkpoints/strict_grad_norm_uncapped_adam40k_5090/best.pt
Saved PyTorch checkpoint to results/checkpoints/strict_grad_norm_uncapped_adam40k_5090/best.pt
Saved PyTorch checkpoint to results/checkpoints/strict_grad_norm_uncapped_adam40k_5090/best.pt
Saved PyTorch checkpoint to results/checkpoints/strict_grad_norm_uncapped_adam40k_5090/best.pt
Saved PyTorch checkpoint to results/checkpoints/strict_grad_norm_uncapped_adam40k_5090/best.pt
Saved PyTorch checkpoint to results/checkpoints/strict_grad_norm_uncapped_adam40k_5090/best.pt
Saved PyTorch checkpoint to results/checkpoints/strict_grad_norm_uncapped_adam40k_5090/best.pt
Saved PyTorch checkpoint to results/checkpoints/strict_grad_norm_uncapped_adam40k_5090/best.pt
Saved PyTorch checkpoint to results/checkpoints/strict_grad_norm_uncapped_adam40k_5090/best.pt
Saved PyTorch checkpoint to results/checkpoints/strict_grad_norm_uncapped_adam40k_5090/best.pt
Saved PyTorch checkpoint to results/checkpoints/strict_grad_norm_uncapped_adam40k_5090/best.pt
Saved PyTorch checkpoint to results/checkpoints/strict_grad_norm_uncapped_adam40k_5090/best.pt
Saved PyTorch checkpoint to results/checkpoints/strict_grad_norm_uncapped_adam40k_5090/best.pt
Saved PyTorch checkpoint to results/checkpoints/strict_grad_norm_uncapped_adam40k_5090/best.pt
Saved PyTorch checkpoint to results/checkpoints/strict_grad_norm_uncapped_adam40k_5090/best.pt
Saved PyTorch checkpoint to results/checkpoints/strict_grad_norm_uncapped_adam40k_5090/best.pt
Saved PyTorch checkpoint to results/checkpoints/strict_grad_norm_uncapped_adam40k_5090/best.pt
Saved PyTorch checkpoint to results/checkpoints/strict_grad_norm_uncapped_adam40k_5090/best.pt
Saved PyTorch checkpoint to results/checkpoints/strict_grad_norm_uncapped_adam40k_5090/best.pt
Saved PyTorch checkpoint to results/checkpoints/strict_grad_norm_uncapped_adam40k_5090/best.pt
Saved PyTorch checkpoint to results/checkpoints/strict_grad_norm_uncapped_adam40k_5090/best.pt
Saved PyTorch checkpoint to results/checkpoints/strict_grad_norm_uncapped_adam40k_5090/best.pt
Saved PyTorch checkpoint to results/checkpoints/strict_grad_norm_uncapped_adam40k_5090/best.pt
Saved PyTorch checkpoint to results/checkpoints/strict_grad_norm_uncapped_adam40k_5090/best.pt
Saved PyTorch checkpoint to results/checkpoints/strict_grad_norm_uncapped_adam40k_5090/best.pt
Saved PyTorch checkpoint to results/checkpoints/strict_grad_norm_uncapped_adam40k_5090/best.pt
Saved PyTorch checkpoint to results/checkpoints/strict_grad_norm_uncapped_adam40k_5090/best.pt
Saved PyTorch checkpoint to results/checkpoints/strict_grad_norm_uncapped_adam40k_5090/best.pt
Saved PyTorch checkpoint to results/checkpoints/strict_grad_norm_uncapped_adam40k_5090/best.pt
Saved PyTorch checkpoint to results/checkpoints/strict_grad_norm_uncapped_adam40k_5090/best.pt
Saved PyTorch checkpoint to results/checkpoints/strict_grad_norm_uncapped_adam40k_5090/best.pt
Saved PyTorch checkpoint to results/checkpoints/strict_grad_norm_uncapped_adam40k_5090/best.pt
Saved PyTorch checkpoint to results/checkpoints/strict_grad_norm_uncapped_adam40k_5090/best.pt
Saved PyTorch checkpoint to results/checkpoints/strict_grad_norm_uncapped_adam40k_5090/best.pt
Saved PyTorch checkpoint to results/checkpoints/strict_grad_norm_uncapped_adam40k_5090/best.pt
Saved PyTorch checkpoint to results/checkpoints/strict_grad_norm_uncapped_adam40k_5090/best.pt
Saved PyTorch checkpoint to results/checkpoints/strict_grad_norm_uncapped_adam40k_5090/best.pt
Saved PyTorch checkpoint to results/checkpoints/strict_grad_norm_uncapped_adam40k_5090/best.pt
Saved PyTorch checkpoint to results/checkpoints/strict_grad_norm_uncapped_adam40k_5090/best.pt
Saved PyTorch checkpoint to results/checkpoints/strict_grad_norm_uncapped_adam40k_5090/best.pt
Saved PyTorch checkpoint to results/checkpoints/strict_grad_norm_uncapped_adam40k_5090/best.pt
Saved PyTorch checkpoint to results/checkpoints/strict_grad_norm_uncapped_adam40k_5090/best.pt
Saved PyTorch checkpoint to results/checkpoints/strict_grad_norm_uncapped_adam40k_5090/best.pt
Saved PyTorch checkpoint to results/checkpoints/strict_grad_norm_uncapped_adam40k_5090/best.pt
Saved PyTorch checkpoint to results/checkpoints/strict_grad_norm_uncapped_adam40k_5090/best.pt
Saved PyTorch checkpoint to results/checkpoints/strict_grad_norm_uncapped_adam40k_5090/best.pt
Saved PyTorch checkpoint to results/checkpoints/strict_grad_norm_uncapped_adam40k_5090/best.pt
Saved PyTorch checkpoint to results/checkpoints/strict_grad_norm_uncapped_adam40k_5090/best.pt
Saved PyTorch checkpoint to results/checkpoints/strict_grad_norm_uncapped_adam40k_5090/best.pt
Saved PyTorch checkpoint to results/checkpoints/strict_grad_norm_uncapped_adam40k_5090/best.pt
Saved PyTorch checkpoint to results/checkpoints/strict_grad_norm_uncapped_adam40k_5090/best.pt
Saved PyTorch checkpoint to results/checkpoints/strict_grad_norm_uncapped_adam40k_5090/best.pt
Saved PyTorch checkpoint to results/checkpoints/strict_grad_norm_uncapped_adam40k_5090/best.pt
Saved PyTorch checkpoint to results/checkpoints/strict_grad_norm_uncapped_adam40k_5090/best.pt
Saved PyTorch checkpoint to results/checkpoints/strict_grad_norm_uncapped_adam40k_5090/best.pt
Saved PyTorch checkpoint to results/checkpoints/strict_grad_norm_uncapped_adam40k_5090/best.pt
Saved PyTorch checkpoint to results/checkpoints/strict_grad_norm_uncapped_adam40k_5090/best.pt
Saved PyTorch checkpoint to results/checkpoints/strict_grad_norm_uncapped_adam40k_5090/best.pt
Saved PyTorch checkpoint to results/checkpoints/strict_grad_norm_uncapped_adam40k_5090/best.pt
Saved PyTorch checkpoint to results/checkpoints/strict_grad_norm_uncapped_adam40k_5090/best.pt
Saved PyTorch checkpoint to results/checkpoints/strict_grad_norm_uncapped_adam40k_5090/best.pt
Saved PyTorch checkpoint to results/checkpoints/strict_grad_norm_uncapped_adam40k_5090/best.pt
Saved PyTorch checkpoint to results/checkpoints/strict_grad_norm_uncapped_adam40k_5090/best.pt
Saved PyTorch checkpoint to results/checkpoints/strict_grad_norm_uncapped_adam40k_5090/best.pt
Saved PyTorch checkpoint to results/checkpoints/strict_grad_norm_uncapped_adam40k_5090/best.pt
Saved PyTorch checkpoint to results/checkpoints/strict_grad_norm_uncapped_adam40k_5090/best.pt
Saved PyTorch checkpoint to results/checkpoints/strict_grad_norm_uncapped_adam40k_5090/best.pt
Saved PyTorch checkpoint to results/checkpoints/strict_grad_norm_uncapped_adam40k_5090/best.pt
Saved PyTorch checkpoint to results/checkpoints/strict_grad_norm_uncapped_adam40k_5090/best.pt
Saved PyTorch checkpoint to results/checkpoints/strict_grad_norm_uncapped_adam40k_5090/best.pt
Saved PyTorch checkpoint to results/checkpoints/strict_grad_norm_uncapped_adam40k_5090/best.pt
Saved PyTorch checkpoint to results/checkpoints/strict_grad_norm_uncapped_adam40k_5090/best.pt
Saved PyTorch checkpoint to results/checkpoints/strict_grad_norm_uncapped_adam40k_5090/best.pt
Saved PyTorch checkpoint to results/checkpoints/strict_grad_norm_uncapped_adam40k_5090/best.pt
Saved PyTorch checkpoint to results/checkpoints/strict_grad_norm_uncapped_adam40k_5090/best.pt
Saved PyTorch checkpoint to results/checkpoints/strict_grad_norm_uncapped_adam40k_5090/best.pt
Saved PyTorch checkpoint to results/checkpoints/strict_grad_norm_uncapped_adam40k_5090/best.pt
Saved PyTorch checkpoint to results/checkpoints/strict_grad_norm_uncapped_adam40k_5090/best.pt
Saved PyTorch checkpoint to results/checkpoints/strict_grad_norm_uncapped_adam40k_5090/best.pt
Saved PyTorch checkpoint to results/checkpoints/strict_grad_norm_uncapped_adam40k_5090/best.pt
Saved PyTorch checkpoint to results/checkpoints/strict_grad_norm_uncapped_adam40k_5090/best.pt
Saved PyTorch checkpoint to results/checkpoints/strict_grad_norm_uncapped_adam40k_5090/best.pt
Saved PyTorch checkpoint to results/checkpoints/strict_grad_norm_uncapped_adam40k_5090/best.pt
Saved PyTorch checkpoint to results/checkpoints/strict_grad_norm_uncapped_adam40k_5090/best.pt
Saved PyTorch checkpoint to results/checkpoints/strict_grad_norm_uncapped_adam40k_5090/best.pt
Saved PyTorch checkpoint to results/checkpoints/strict_grad_norm_uncapped_adam40k_5090/best.pt
Saved PyTorch checkpoint to results/checkpoints/strict_grad_norm_uncapped_adam40k_5090/best.pt
Saved PyTorch checkpoint to results/checkpoints/strict_grad_norm_uncapped_adam40k_5090/best.pt
Saved PyTorch checkpoint to results/checkpoints/strict_grad_norm_uncapped_adam40k_5090/best.pt
Saved PyTorch checkpoint to results/checkpoints/strict_grad_norm_uncapped_adam40k_5090/best.pt
Saved PyTorch checkpoint to results/checkpoints/strict_grad_norm_uncapped_adam40k_5090/best.pt
Saved PyTorch checkpoint to results/checkpoints/strict_grad_norm_uncapped_adam40k_5090/best.pt
Saved PyTorch checkpoint to results/checkpoints/strict_grad_norm_uncapped_adam40k_5090/best.pt
Saved PyTorch checkpoint to results/checkpoints/strict_grad_norm_uncapped_adam40k_5090/best.pt
Adam 5900 | total=1.671e-01 f=9.959e-04 ic=3.200e-07 wall=9.966e-05 inlet=1.869e-01 outlet=2.558e-08 lr=5.000e-04 | λ[f=1.00 ic=9043.44 wall=39.17 inlet=0.82 outlet=237673.41]
Saved PyTorch checkpoint to results/checkpoints/strict_grad_norm_uncapped_adam40k_5090/best.pt
Saved PyTorch checkpoint to results/checkpoints/strict_grad_norm_uncapped_adam40k_5090/best.pt
Saved PyTorch checkpoint to results/checkpoints/strict_grad_norm_uncapped_adam40k_5090/best.pt
Saved PyTorch checkpoint to results/checkpoints/strict_grad_norm_uncapped_adam40k_5090/best.pt
Saved PyTorch checkpoint to results/checkpoints/strict_grad_norm_uncapped_adam40k_5090/best.pt
Saved PyTorch checkpoint to results/checkpoints/strict_grad_norm_uncapped_adam40k_5090/best.pt
Saved PyTorch checkpoint to results/checkpoints/strict_grad_norm_uncapped_adam40k_5090/best.pt
Saved PyTorch checkpoint to results/checkpoints/strict_grad_norm_uncapped_adam40k_5090/best.pt
Saved PyTorch checkpoint to results/checkpoints/strict_grad_norm_uncapped_adam40k_5090/best.pt
Saved PyTorch checkpoint to results/checkpoints/strict_grad_norm_uncapped_adam40k_5090/best.pt
Saved PyTorch checkpoint to results/checkpoints/strict_grad_norm_uncapped_adam40k_5090/best.pt
Saved PyTorch checkpoint to results/checkpoints/strict_grad_norm_uncapped_adam40k_5090/best.pt
Saved PyTorch checkpoint to results/checkpoints/strict_grad_norm_uncapped_adam40k_5090/best.pt
Saved PyTorch checkpoint to results/checkpoints/strict_grad_norm_uncapped_adam40k_5090/best.pt
Saved PyTorch checkpoint to results/checkpoints/strict_grad_norm_uncapped_adam40k_5090/best.pt
Saved PyTorch checkpoint to results/checkpoints/strict_grad_norm_uncapped_adam40k_5090/best.pt
Saved PyTorch checkpoint to results/checkpoints/strict_grad_norm_uncapped_adam40k_5090/best.pt
Saved PyTorch checkpoint to results/checkpoints/strict_grad_norm_uncapped_adam40k_5090/best.pt
Saved PyTorch checkpoint to results/checkpoints/strict_grad_norm_uncapped_adam40k_5090/best.pt
Saved PyTorch checkpoint to results/checkpoints/strict_grad_norm_uncapped_adam40k_5090/best.pt
Saved PyTorch checkpoint to results/checkpoints/strict_grad_norm_uncapped_adam40k_5090/best.pt
Saved PyTorch checkpoint to results/checkpoints/strict_grad_norm_uncapped_adam40k_5090/best.pt
Saved PyTorch checkpoint to results/checkpoints/strict_grad_norm_uncapped_adam40k_5090/best.pt
Saved PyTorch checkpoint to results/checkpoints/strict_grad_norm_uncapped_adam40k_5090/best.pt
Saved PyTorch checkpoint to results/checkpoints/strict_grad_norm_uncapped_adam40k_5090/best.pt
Saved PyTorch checkpoint to results/checkpoints/strict_grad_norm_uncapped_adam40k_5090/best.pt
Saved PyTorch checkpoint to results/checkpoints/strict_grad_norm_uncapped_adam40k_5090/best.pt
Saved PyTorch checkpoint to results/checkpoints/strict_grad_norm_uncapped_adam40k_5090/best.pt
Saved PyTorch checkpoint to results/checkpoints/strict_grad_norm_uncapped_adam40k_5090/best.pt
Saved PyTorch checkpoint to results/checkpoints/strict_grad_norm_uncapped_adam40k_5090/best.pt
Saved PyTorch checkpoint to results/checkpoints/strict_grad_norm_uncapped_adam40k_5090/best.pt
Saved PyTorch checkpoint to results/checkpoints/strict_grad_norm_uncapped_adam40k_5090/best.pt
Saved PyTorch checkpoint to results/checkpoints/strict_grad_norm_uncapped_adam40k_5090/best.pt
Saved PyTorch checkpoint to results/checkpoints/strict_grad_norm_uncapped_adam40k_5090/best.pt
Saved PyTorch checkpoint to results/checkpoints/strict_grad_norm_uncapped_adam40k_5090/best.pt
Saved PyTorch checkpoint to results/checkpoints/strict_grad_norm_uncapped_adam40k_5090/best.pt
Saved PyTorch checkpoint to results/checkpoints/strict_grad_norm_uncapped_adam40k_5090/best.pt
Saved PyTorch checkpoint to results/checkpoints/strict_grad_norm_uncapped_adam40k_5090/best.pt
Saved PyTorch checkpoint to results/checkpoints/strict_grad_norm_uncapped_adam40k_5090/best.pt
Saved PyTorch checkpoint to results/checkpoints/strict_grad_norm_uncapped_adam40k_5090/best.pt
Saved PyTorch checkpoint to results/checkpoints/strict_grad_norm_uncapped_adam40k_5090/best.pt
Saved PyTorch checkpoint to results/checkpoints/strict_grad_norm_uncapped_adam40k_5090/best.pt
Saved PyTorch checkpoint to results/checkpoints/strict_grad_norm_uncapped_adam40k_5090/best.pt
Saved PyTorch checkpoint to results/checkpoints/strict_grad_norm_uncapped_adam40k_5090/best.pt
Saved PyTorch checkpoint to results/checkpoints/strict_grad_norm_uncapped_adam40k_5090/best.pt
Saved PyTorch checkpoint to results/checkpoints/strict_grad_norm_uncapped_adam40k_5090/best.pt
Saved PyTorch checkpoint to results/checkpoints/strict_grad_norm_uncapped_adam40k_5090/best.pt
Saved PyTorch checkpoint to results/checkpoints/strict_grad_norm_uncapped_adam40k_5090/best.pt
Saved PyTorch checkpoint to results/checkpoints/strict_grad_norm_uncapped_adam40k_5090/best.pt
Saved PyTorch checkpoint to results/checkpoints/strict_grad_norm_uncapped_adam40k_5090/best.pt
Saved PyTorch checkpoint to results/checkpoints/strict_grad_norm_uncapped_adam40k_5090/best.pt
Saved PyTorch checkpoint to results/checkpoints/strict_grad_norm_uncapped_adam40k_5090/best.pt
Saved PyTorch checkpoint to results/checkpoints/strict_grad_norm_uncapped_adam40k_5090/best.pt
Saved PyTorch checkpoint to results/checkpoints/strict_grad_norm_uncapped_adam40k_5090/best.pt
Saved PyTorch checkpoint to results/checkpoints/strict_grad_norm_uncapped_adam40k_5090/best.pt
Saved PyTorch checkpoint to results/checkpoints/strict_grad_norm_uncapped_adam40k_5090/best.pt
Saved PyTorch checkpoint to results/checkpoints/strict_grad_norm_uncapped_adam40k_5090/best.pt
Saved PyTorch checkpoint to results/checkpoints/strict_grad_norm_uncapped_adam40k_5090/best.pt
Saved PyTorch checkpoint to results/checkpoints/strict_grad_norm_uncapped_adam40k_5090/best.pt
Saved PyTorch checkpoint to results/checkpoints/strict_grad_norm_uncapped_adam40k_5090/best.pt
Saved PyTorch checkpoint to results/checkpoints/strict_grad_norm_uncapped_adam40k_5090/best.pt
Saved PyTorch checkpoint to results/checkpoints/strict_grad_norm_uncapped_adam40k_5090/best.pt
Saved PyTorch checkpoint to results/checkpoints/strict_grad_norm_uncapped_adam40k_5090/best.pt
Saved PyTorch checkpoint to results/checkpoints/strict_grad_norm_uncapped_adam40k_5090/best.pt
Saved PyTorch checkpoint to results/checkpoints/strict_grad_norm_uncapped_adam40k_5090/best.pt
Saved PyTorch checkpoint to results/checkpoints/strict_grad_norm_uncapped_adam40k_5090/best.pt
Saved PyTorch checkpoint to results/checkpoints/strict_grad_norm_uncapped_adam40k_5090/best.pt
Saved PyTorch checkpoint to results/checkpoints/strict_grad_norm_uncapped_adam40k_5090/best.pt
Saved PyTorch checkpoint to results/checkpoints/strict_grad_norm_uncapped_adam40k_5090/best.pt
Saved PyTorch checkpoint to results/checkpoints/strict_grad_norm_uncapped_adam40k_5090/best.pt
Saved PyTorch checkpoint to results/checkpoints/strict_grad_norm_uncapped_adam40k_5090/best.pt
Saved PyTorch checkpoint to results/checkpoints/strict_grad_norm_uncapped_adam40k_5090/best.pt
Saved PyTorch checkpoint to results/checkpoints/strict_grad_norm_uncapped_adam40k_5090/best.pt
Saved PyTorch checkpoint to results/checkpoints/strict_grad_norm_uncapped_adam40k_5090/best.pt
Saved PyTorch checkpoint to results/checkpoints/strict_grad_norm_uncapped_adam40k_5090/best.pt
Saved PyTorch checkpoint to results/checkpoints/strict_grad_norm_uncapped_adam40k_5090/best.pt
Saved PyTorch checkpoint to results/checkpoints/strict_grad_norm_uncapped_adam40k_5090/best.pt
Saved PyTorch checkpoint to results/checkpoints/strict_grad_norm_uncapped_adam40k_5090/best.pt
Saved PyTorch checkpoint to results/checkpoints/strict_grad_norm_uncapped_adam40k_5090/best.pt
Saved PyTorch checkpoint to results/checkpoints/strict_grad_norm_uncapped_adam40k_5090/best.pt
Saved PyTorch checkpoint to results/checkpoints/strict_grad_norm_uncapped_adam40k_5090/best.pt
Saved PyTorch checkpoint to results/checkpoints/strict_grad_norm_uncapped_adam40k_5090/best.pt
Saved PyTorch checkpoint to results/checkpoints/strict_grad_norm_uncapped_adam40k_5090/best.pt
Saved PyTorch checkpoint to results/checkpoints/strict_grad_norm_uncapped_adam40k_5090/best.pt
Saved PyTorch checkpoint to results/checkpoints/strict_grad_norm_uncapped_adam40k_5090/best.pt
Saved PyTorch checkpoint to results/checkpoints/strict_grad_norm_uncapped_adam40k_5090/best.pt
Saved PyTorch checkpoint to results/checkpoints/strict_grad_norm_uncapped_adam40k_5090/best.pt
Saved PyTorch checkpoint to results/checkpoints/strict_grad_norm_uncapped_adam40k_5090/best.pt
Saved PyTorch checkpoint to results/checkpoints/strict_grad_norm_uncapped_adam40k_5090/best.pt
Saved PyTorch checkpoint to results/checkpoints/strict_grad_norm_uncapped_adam40k_5090/best.pt
Saved PyTorch checkpoint to results/checkpoints/strict_grad_norm_uncapped_adam40k_5090/best.pt
Saved PyTorch checkpoint to results/checkpoints/strict_grad_norm_uncapped_adam40k_5090/best.pt
Saved PyTorch checkpoint to results/checkpoints/strict_grad_norm_uncapped_adam40k_5090/best.pt
Saved PyTorch checkpoint to results/checkpoints/strict_grad_norm_uncapped_adam40k_5090/best.pt
Saved PyTorch checkpoint to results/checkpoints/strict_grad_norm_uncapped_adam40k_5090/best.pt
Saved PyTorch checkpoint to results/checkpoints/strict_grad_norm_uncapped_adam40k_5090/best.pt
Saved PyTorch checkpoint to results/checkpoints/strict_grad_norm_uncapped_adam40k_5090/best.pt
Saved PyTorch checkpoint to results/checkpoints/strict_grad_norm_uncapped_adam40k_5090/best.pt
Saved PyTorch checkpoint to results/checkpoints/strict_grad_norm_uncapped_adam40k_5090/best.pt
Saved PyTorch checkpoint to results/checkpoints/strict_grad_norm_uncapped_adam40k_5090/best.pt
Adam 6000 | total=1.545e-01 f=9.528e-04 ic=2.989e-07 wall=9.789e-05 inlet=1.870e-01 outlet=2.229e-08 lr=5.000e-04 | λ[f=1.00 ic=8763.49 wall=36.66 inlet=0.76 outlet=276743.20]
Saved PyTorch checkpoint to results/checkpoints/strict_grad_norm_uncapped_adam40k_5090/best.pt
Saved PyTorch checkpoint to results/checkpoints/strict_grad_norm_uncapped_adam40k_5090/best.pt
Saved PyTorch checkpoint to results/checkpoints/strict_grad_norm_uncapped_adam40k_5090/best.pt
Saved PyTorch checkpoint to results/checkpoints/strict_grad_norm_uncapped_adam40k_5090/best.pt
Saved PyTorch checkpoint to results/checkpoints/strict_grad_norm_uncapped_adam40k_5090/best.pt
Saved PyTorch checkpoint to results/checkpoints/strict_grad_norm_uncapped_adam40k_5090/best.pt
Saved PyTorch checkpoint to results/checkpoints/strict_grad_norm_uncapped_adam40k_5090/best.pt
Saved PyTorch checkpoint to results/checkpoints/strict_grad_norm_uncapped_adam40k_5090/best.pt
Saved PyTorch checkpoint to results/checkpoints/strict_grad_norm_uncapped_adam40k_5090/best.pt
Saved PyTorch checkpoint to results/checkpoints/strict_grad_norm_uncapped_adam40k_5090/best.pt
Saved PyTorch checkpoint to results/checkpoints/strict_grad_norm_uncapped_adam40k_5090/best.pt
Saved PyTorch checkpoint to results/checkpoints/strict_grad_norm_uncapped_adam40k_5090/best.pt
Saved PyTorch checkpoint to results/checkpoints/strict_grad_norm_uncapped_adam40k_5090/best.pt
Saved PyTorch checkpoint to results/checkpoints/strict_grad_norm_uncapped_adam40k_5090/best.pt
Saved PyTorch checkpoint to results/checkpoints/strict_grad_norm_uncapped_adam40k_5090/best.pt
Saved PyTorch checkpoint to results/checkpoints/strict_grad_norm_uncapped_adam40k_5090/best.pt
Saved PyTorch checkpoint to results/checkpoints/strict_grad_norm_uncapped_adam40k_5090/best.pt
Saved PyTorch checkpoint to results/checkpoints/strict_grad_norm_uncapped_adam40k_5090/best.pt
Saved PyTorch checkpoint to results/checkpoints/strict_grad_norm_uncapped_adam40k_5090/best.pt
Saved PyTorch checkpoint to results/checkpoints/strict_grad_norm_uncapped_adam40k_5090/best.pt
Saved PyTorch checkpoint to results/checkpoints/strict_grad_norm_uncapped_adam40k_5090/best.pt
Saved PyTorch checkpoint to results/checkpoints/strict_grad_norm_uncapped_adam40k_5090/best.pt
Saved PyTorch checkpoint to results/checkpoints/strict_grad_norm_uncapped_adam40k_5090/best.pt
Saved PyTorch checkpoint to results/checkpoints/strict_grad_norm_uncapped_adam40k_5090/best.pt
Saved PyTorch checkpoint to results/checkpoints/strict_grad_norm_uncapped_adam40k_5090/best.pt
Saved PyTorch checkpoint to results/checkpoints/strict_grad_norm_uncapped_adam40k_5090/best.pt
Saved PyTorch checkpoint to results/checkpoints/strict_grad_norm_uncapped_adam40k_5090/best.pt
Saved PyTorch checkpoint to results/checkpoints/strict_grad_norm_uncapped_adam40k_5090/best.pt
Saved PyTorch checkpoint to results/checkpoints/strict_grad_norm_uncapped_adam40k_5090/best.pt
Saved PyTorch checkpoint to results/checkpoints/strict_grad_norm_uncapped_adam40k_5090/best.pt
Saved PyTorch checkpoint to results/checkpoints/strict_grad_norm_uncapped_adam40k_5090/best.pt
Saved PyTorch checkpoint to results/checkpoints/strict_grad_norm_uncapped_adam40k_5090/best.pt
Saved PyTorch checkpoint to results/checkpoints/strict_grad_norm_uncapped_adam40k_5090/best.pt
Saved PyTorch checkpoint to results/checkpoints/strict_grad_norm_uncapped_adam40k_5090/best.pt
Saved PyTorch checkpoint to results/checkpoints/strict_grad_norm_uncapped_adam40k_5090/best.pt
Saved PyTorch checkpoint to results/checkpoints/strict_grad_norm_uncapped_adam40k_5090/best.pt
Saved PyTorch checkpoint to results/checkpoints/strict_grad_norm_uncapped_adam40k_5090/best.pt
Saved PyTorch checkpoint to results/checkpoints/strict_grad_norm_uncapped_adam40k_5090/best.pt
Saved PyTorch checkpoint to results/checkpoints/strict_grad_norm_uncapped_adam40k_5090/best.pt
Saved PyTorch checkpoint to results/checkpoints/strict_grad_norm_uncapped_adam40k_5090/best.pt
Saved PyTorch checkpoint to results/checkpoints/strict_grad_norm_uncapped_adam40k_5090/best.pt
Saved PyTorch checkpoint to results/checkpoints/strict_grad_norm_uncapped_adam40k_5090/best.pt
Saved PyTorch checkpoint to results/checkpoints/strict_grad_norm_uncapped_adam40k_5090/best.pt
Saved PyTorch checkpoint to results/checkpoints/strict_grad_norm_uncapped_adam40k_5090/best.pt
Saved PyTorch checkpoint to results/checkpoints/strict_grad_norm_uncapped_adam40k_5090/best.pt
Saved PyTorch checkpoint to results/checkpoints/strict_grad_norm_uncapped_adam40k_5090/best.pt
Saved PyTorch checkpoint to results/checkpoints/strict_grad_norm_uncapped_adam40k_5090/best.pt
Saved PyTorch checkpoint to results/checkpoints/strict_grad_norm_uncapped_adam40k_5090/best.pt
Saved PyTorch checkpoint to results/checkpoints/strict_grad_norm_uncapped_adam40k_5090/best.pt
Saved PyTorch checkpoint to results/checkpoints/strict_grad_norm_uncapped_adam40k_5090/best.pt
Saved PyTorch checkpoint to results/checkpoints/strict_grad_norm_uncapped_adam40k_5090/best.pt
Saved PyTorch checkpoint to results/checkpoints/strict_grad_norm_uncapped_adam40k_5090/best.pt
Saved PyTorch checkpoint to results/checkpoints/strict_grad_norm_uncapped_adam40k_5090/best.pt
Saved PyTorch checkpoint to results/checkpoints/strict_grad_norm_uncapped_adam40k_5090/best.pt
Saved PyTorch checkpoint to results/checkpoints/strict_grad_norm_uncapped_adam40k_5090/best.pt
Saved PyTorch checkpoint to results/checkpoints/strict_grad_norm_uncapped_adam40k_5090/best.pt
Saved PyTorch checkpoint to results/checkpoints/strict_grad_norm_uncapped_adam40k_5090/best.pt
Saved PyTorch checkpoint to results/checkpoints/strict_grad_norm_uncapped_adam40k_5090/best.pt
Saved PyTorch checkpoint to results/checkpoints/strict_grad_norm_uncapped_adam40k_5090/best.pt
Saved PyTorch checkpoint to results/checkpoints/strict_grad_norm_uncapped_adam40k_5090/best.pt
Saved PyTorch checkpoint to results/checkpoints/strict_grad_norm_uncapped_adam40k_5090/best.pt
Saved PyTorch checkpoint to results/checkpoints/strict_grad_norm_uncapped_adam40k_5090/best.pt
Saved PyTorch checkpoint to results/checkpoints/strict_grad_norm_uncapped_adam40k_5090/best.pt
Saved PyTorch checkpoint to results/checkpoints/strict_grad_norm_uncapped_adam40k_5090/best.pt
Saved PyTorch checkpoint to results/checkpoints/strict_grad_norm_uncapped_adam40k_5090/best.pt
Saved PyTorch checkpoint to results/checkpoints/strict_grad_norm_uncapped_adam40k_5090/best.pt
Saved PyTorch checkpoint to results/checkpoints/strict_grad_norm_uncapped_adam40k_5090/best.pt
Saved PyTorch checkpoint to results/checkpoints/strict_grad_norm_uncapped_adam40k_5090/best.pt
Saved PyTorch checkpoint to results/checkpoints/strict_grad_norm_uncapped_adam40k_5090/best.pt
Saved PyTorch checkpoint to results/checkpoints/strict_grad_norm_uncapped_adam40k_5090/best.pt
Saved PyTorch checkpoint to results/checkpoints/strict_grad_norm_uncapped_adam40k_5090/best.pt
Saved PyTorch checkpoint to results/checkpoints/strict_grad_norm_uncapped_adam40k_5090/best.pt
Saved PyTorch checkpoint to results/checkpoints/strict_grad_norm_uncapped_adam40k_5090/best.pt
Saved PyTorch checkpoint to results/checkpoints/strict_grad_norm_uncapped_adam40k_5090/best.pt
Saved PyTorch checkpoint to results/checkpoints/strict_grad_norm_uncapped_adam40k_5090/best.pt
Saved PyTorch checkpoint to results/checkpoints/strict_grad_norm_uncapped_adam40k_5090/best.pt
Saved PyTorch checkpoint to results/checkpoints/strict_grad_norm_uncapped_adam40k_5090/best.pt
Saved PyTorch checkpoint to results/checkpoints/strict_grad_norm_uncapped_adam40k_5090/best.pt
Saved PyTorch checkpoint to results/checkpoints/strict_grad_norm_uncapped_adam40k_5090/best.pt
Saved PyTorch checkpoint to results/checkpoints/strict_grad_norm_uncapped_adam40k_5090/best.pt
Saved PyTorch checkpoint to results/checkpoints/strict_grad_norm_uncapped_adam40k_5090/best.pt
Saved PyTorch checkpoint to results/checkpoints/strict_grad_norm_uncapped_adam40k_5090/best.pt
Saved PyTorch checkpoint to results/checkpoints/strict_grad_norm_uncapped_adam40k_5090/best.pt
Saved PyTorch checkpoint to results/checkpoints/strict_grad_norm_uncapped_adam40k_5090/best.pt
Saved PyTorch checkpoint to results/checkpoints/strict_grad_norm_uncapped_adam40k_5090/best.pt
Saved PyTorch checkpoint to results/checkpoints/strict_grad_norm_uncapped_adam40k_5090/best.pt
Saved PyTorch checkpoint to results/checkpoints/strict_grad_norm_uncapped_adam40k_5090/best.pt
Saved PyTorch checkpoint to results/checkpoints/strict_grad_norm_uncapped_adam40k_5090/best.pt
Saved PyTorch checkpoint to results/checkpoints/strict_grad_norm_uncapped_adam40k_5090/best.pt
Saved PyTorch checkpoint to results/checkpoints/strict_grad_norm_uncapped_adam40k_5090/best.pt
Saved PyTorch checkpoint to results/checkpoints/strict_grad_norm_uncapped_adam40k_5090/best.pt
Saved PyTorch checkpoint to results/checkpoints/strict_grad_norm_uncapped_adam40k_5090/best.pt
Saved PyTorch checkpoint to results/checkpoints/strict_grad_norm_uncapped_adam40k_5090/best.pt
Saved PyTorch checkpoint to results/checkpoints/strict_grad_norm_uncapped_adam40k_5090/best.pt
Saved PyTorch checkpoint to results/checkpoints/strict_grad_norm_uncapped_adam40k_5090/best.pt
Saved PyTorch checkpoint to results/checkpoints/strict_grad_norm_uncapped_adam40k_5090/best.pt
Saved PyTorch checkpoint to results/checkpoints/strict_grad_norm_uncapped_adam40k_5090/best.pt
Saved PyTorch checkpoint to results/checkpoints/strict_grad_norm_uncapped_adam40k_5090/best.pt
Saved PyTorch checkpoint to results/checkpoints/strict_grad_norm_uncapped_adam40k_5090/best.pt
Saved PyTorch checkpoint to results/checkpoints/strict_grad_norm_uncapped_adam40k_5090/best.pt
Adam 6100 | total=1.438e-01 f=9.123e-04 ic=2.795e-07 wall=9.635e-05 inlet=1.870e-01 outlet=1.961e-08 lr=5.000e-04 | λ[f=1.00 ic=8544.25 wall=34.32 inlet=0.70 outlet=352444.31]
Saved PyTorch checkpoint to results/checkpoints/strict_grad_norm_uncapped_adam40k_5090/best.pt
Saved PyTorch checkpoint to results/checkpoints/strict_grad_norm_uncapped_adam40k_5090/best.pt
Saved PyTorch checkpoint to results/checkpoints/strict_grad_norm_uncapped_adam40k_5090/best.pt
Saved PyTorch checkpoint to results/checkpoints/strict_grad_norm_uncapped_adam40k_5090/best.pt
Saved PyTorch checkpoint to results/checkpoints/strict_grad_norm_uncapped_adam40k_5090/best.pt
Saved PyTorch checkpoint to results/checkpoints/strict_grad_norm_uncapped_adam40k_5090/best.pt
Saved PyTorch checkpoint to results/checkpoints/strict_grad_norm_uncapped_adam40k_5090/best.pt
Saved PyTorch checkpoint to results/checkpoints/strict_grad_norm_uncapped_adam40k_5090/best.pt
Saved PyTorch checkpoint to results/checkpoints/strict_grad_norm_uncapped_adam40k_5090/best.pt
Saved PyTorch checkpoint to results/checkpoints/strict_grad_norm_uncapped_adam40k_5090/best.pt
Saved PyTorch checkpoint to results/checkpoints/strict_grad_norm_uncapped_adam40k_5090/best.pt
Saved PyTorch checkpoint to results/checkpoints/strict_grad_norm_uncapped_adam40k_5090/best.pt
Saved PyTorch checkpoint to results/checkpoints/strict_grad_norm_uncapped_adam40k_5090/best.pt
Saved PyTorch checkpoint to results/checkpoints/strict_grad_norm_uncapped_adam40k_5090/best.pt
Saved PyTorch checkpoint to results/checkpoints/strict_grad_norm_uncapped_adam40k_5090/best.pt
Saved PyTorch checkpoint to results/checkpoints/strict_grad_norm_uncapped_adam40k_5090/best.pt
Saved PyTorch checkpoint to results/checkpoints/strict_grad_norm_uncapped_adam40k_5090/best.pt
Saved PyTorch checkpoint to results/checkpoints/strict_grad_norm_uncapped_adam40k_5090/best.pt
Saved PyTorch checkpoint to results/checkpoints/strict_grad_norm_uncapped_adam40k_5090/best.pt
Saved PyTorch checkpoint to results/checkpoints/strict_grad_norm_uncapped_adam40k_5090/best.pt
Saved PyTorch checkpoint to results/checkpoints/strict_grad_norm_uncapped_adam40k_5090/best.pt
Saved PyTorch checkpoint to results/checkpoints/strict_grad_norm_uncapped_adam40k_5090/best.pt
Saved PyTorch checkpoint to results/checkpoints/strict_grad_norm_uncapped_adam40k_5090/best.pt
Saved PyTorch checkpoint to results/checkpoints/strict_grad_norm_uncapped_adam40k_5090/best.pt
Saved PyTorch checkpoint to results/checkpoints/strict_grad_norm_uncapped_adam40k_5090/best.pt
Saved PyTorch checkpoint to results/checkpoints/strict_grad_norm_uncapped_adam40k_5090/best.pt
Saved PyTorch checkpoint to results/checkpoints/strict_grad_norm_uncapped_adam40k_5090/best.pt
Saved PyTorch checkpoint to results/checkpoints/strict_grad_norm_uncapped_adam40k_5090/best.pt
Saved PyTorch checkpoint to results/checkpoints/strict_grad_norm_uncapped_adam40k_5090/best.pt
Saved PyTorch checkpoint to results/checkpoints/strict_grad_norm_uncapped_adam40k_5090/best.pt
Saved PyTorch checkpoint to results/checkpoints/strict_grad_norm_uncapped_adam40k_5090/best.pt
Saved PyTorch checkpoint to results/checkpoints/strict_grad_norm_uncapped_adam40k_5090/best.pt
Saved PyTorch checkpoint to results/checkpoints/strict_grad_norm_uncapped_adam40k_5090/best.pt
Saved PyTorch checkpoint to results/checkpoints/strict_grad_norm_uncapped_adam40k_5090/best.pt
Saved PyTorch checkpoint to results/checkpoints/strict_grad_norm_uncapped_adam40k_5090/best.pt
Saved PyTorch checkpoint to results/checkpoints/strict_grad_norm_uncapped_adam40k_5090/best.pt
Saved PyTorch checkpoint to results/checkpoints/strict_grad_norm_uncapped_adam40k_5090/best.pt
Saved PyTorch checkpoint to results/checkpoints/strict_grad_norm_uncapped_adam40k_5090/best.pt
Saved PyTorch checkpoint to results/checkpoints/strict_grad_norm_uncapped_adam40k_5090/best.pt
Saved PyTorch checkpoint to results/checkpoints/strict_grad_norm_uncapped_adam40k_5090/best.pt
Saved PyTorch checkpoint to results/checkpoints/strict_grad_norm_uncapped_adam40k_5090/best.pt
Saved PyTorch checkpoint to results/checkpoints/strict_grad_norm_uncapped_adam40k_5090/best.pt
Saved PyTorch checkpoint to results/checkpoints/strict_grad_norm_uncapped_adam40k_5090/best.pt
Saved PyTorch checkpoint to results/checkpoints/strict_grad_norm_uncapped_adam40k_5090/best.pt
Saved PyTorch checkpoint to results/checkpoints/strict_grad_norm_uncapped_adam40k_5090/best.pt
Saved PyTorch checkpoint to results/checkpoints/strict_grad_norm_uncapped_adam40k_5090/best.pt
Saved PyTorch checkpoint to results/checkpoints/strict_grad_norm_uncapped_adam40k_5090/best.pt
Saved PyTorch checkpoint to results/checkpoints/strict_grad_norm_uncapped_adam40k_5090/best.pt
Saved PyTorch checkpoint to results/checkpoints/strict_grad_norm_uncapped_adam40k_5090/best.pt
Saved PyTorch checkpoint to results/checkpoints/strict_grad_norm_uncapped_adam40k_5090/best.pt
Saved PyTorch checkpoint to results/checkpoints/strict_grad_norm_uncapped_adam40k_5090/best.pt
Saved PyTorch checkpoint to results/checkpoints/strict_grad_norm_uncapped_adam40k_5090/best.pt
Saved PyTorch checkpoint to results/checkpoints/strict_grad_norm_uncapped_adam40k_5090/best.pt
Saved PyTorch checkpoint to results/checkpoints/strict_grad_norm_uncapped_adam40k_5090/best.pt
Saved PyTorch checkpoint to results/checkpoints/strict_grad_norm_uncapped_adam40k_5090/best.pt
Saved PyTorch checkpoint to results/checkpoints/strict_grad_norm_uncapped_adam40k_5090/best.pt
Saved PyTorch checkpoint to results/checkpoints/strict_grad_norm_uncapped_adam40k_5090/best.pt
Saved PyTorch checkpoint to results/checkpoints/strict_grad_norm_uncapped_adam40k_5090/best.pt
Saved PyTorch checkpoint to results/checkpoints/strict_grad_norm_uncapped_adam40k_5090/best.pt
Saved PyTorch checkpoint to results/checkpoints/strict_grad_norm_uncapped_adam40k_5090/best.pt
Saved PyTorch checkpoint to results/checkpoints/strict_grad_norm_uncapped_adam40k_5090/best.pt
Saved PyTorch checkpoint to results/checkpoints/strict_grad_norm_uncapped_adam40k_5090/best.pt
Saved PyTorch checkpoint to results/checkpoints/strict_grad_norm_uncapped_adam40k_5090/best.pt
Saved PyTorch checkpoint to results/checkpoints/strict_grad_norm_uncapped_adam40k_5090/best.pt
Saved PyTorch checkpoint to results/checkpoints/strict_grad_norm_uncapped_adam40k_5090/best.pt
Saved PyTorch checkpoint to results/checkpoints/strict_grad_norm_uncapped_adam40k_5090/best.pt
Saved PyTorch checkpoint to results/checkpoints/strict_grad_norm_uncapped_adam40k_5090/best.pt
Saved PyTorch checkpoint to results/checkpoints/strict_grad_norm_uncapped_adam40k_5090/best.pt
Saved PyTorch checkpoint to results/checkpoints/strict_grad_norm_uncapped_adam40k_5090/best.pt
Saved PyTorch checkpoint to results/checkpoints/strict_grad_norm_uncapped_adam40k_5090/best.pt
Saved PyTorch checkpoint to results/checkpoints/strict_grad_norm_uncapped_adam40k_5090/best.pt
Saved PyTorch checkpoint to results/checkpoints/strict_grad_norm_uncapped_adam40k_5090/best.pt
Saved PyTorch checkpoint to results/checkpoints/strict_grad_norm_uncapped_adam40k_5090/best.pt
Saved PyTorch checkpoint to results/checkpoints/strict_grad_norm_uncapped_adam40k_5090/best.pt
Saved PyTorch checkpoint to results/checkpoints/strict_grad_norm_uncapped_adam40k_5090/best.pt
Saved PyTorch checkpoint to results/checkpoints/strict_grad_norm_uncapped_adam40k_5090/best.pt
Saved PyTorch checkpoint to results/checkpoints/strict_grad_norm_uncapped_adam40k_5090/best.pt
Saved PyTorch checkpoint to results/checkpoints/strict_grad_norm_uncapped_adam40k_5090/best.pt
Saved PyTorch checkpoint to results/checkpoints/strict_grad_norm_uncapped_adam40k_5090/best.pt
Saved PyTorch checkpoint to results/checkpoints/strict_grad_norm_uncapped_adam40k_5090/best.pt
Saved PyTorch checkpoint to results/checkpoints/strict_grad_norm_uncapped_adam40k_5090/best.pt
Saved PyTorch checkpoint to results/checkpoints/strict_grad_norm_uncapped_adam40k_5090/best.pt
Saved PyTorch checkpoint to results/checkpoints/strict_grad_norm_uncapped_adam40k_5090/best.pt
Saved PyTorch checkpoint to results/checkpoints/strict_grad_norm_uncapped_adam40k_5090/best.pt
Saved PyTorch checkpoint to results/checkpoints/strict_grad_norm_uncapped_adam40k_5090/best.pt
Saved PyTorch checkpoint to results/checkpoints/strict_grad_norm_uncapped_adam40k_5090/best.pt
Saved PyTorch checkpoint to results/checkpoints/strict_grad_norm_uncapped_adam40k_5090/best.pt
Saved PyTorch checkpoint to results/checkpoints/strict_grad_norm_uncapped_adam40k_5090/best.pt
Saved PyTorch checkpoint to results/checkpoints/strict_grad_norm_uncapped_adam40k_5090/best.pt
Saved PyTorch checkpoint to results/checkpoints/strict_grad_norm_uncapped_adam40k_5090/best.pt
Saved PyTorch checkpoint to results/checkpoints/strict_grad_norm_uncapped_adam40k_5090/best.pt
Saved PyTorch checkpoint to results/checkpoints/strict_grad_norm_uncapped_adam40k_5090/best.pt
Saved PyTorch checkpoint to results/checkpoints/strict_grad_norm_uncapped_adam40k_5090/best.pt
Saved PyTorch checkpoint to results/checkpoints/strict_grad_norm_uncapped_adam40k_5090/best.pt
Saved PyTorch checkpoint to results/checkpoints/strict_grad_norm_uncapped_adam40k_5090/best.pt
Saved PyTorch checkpoint to results/checkpoints/strict_grad_norm_uncapped_adam40k_5090/best.pt
Saved PyTorch checkpoint to results/checkpoints/strict_grad_norm_uncapped_adam40k_5090/best.pt
Saved PyTorch checkpoint to results/checkpoints/strict_grad_norm_uncapped_adam40k_5090/best.pt
Saved PyTorch checkpoint to results/checkpoints/strict_grad_norm_uncapped_adam40k_5090/best.pt
Saved PyTorch checkpoint to results/checkpoints/strict_grad_norm_uncapped_adam40k_5090/best.pt
Adam 6200 | total=1.345e-01 f=8.748e-04 ic=2.609e-07 wall=9.479e-05 inlet=1.871e-01 outlet=1.691e-08 lr=5.000e-04 | λ[f=1.00 ic=8391.42 wall=32.05 inlet=0.64 outlet=510150.42]
Saved PyTorch checkpoint to results/checkpoints/strict_grad_norm_uncapped_adam40k_5090/best.pt
Saved PyTorch checkpoint to results/checkpoints/strict_grad_norm_uncapped_adam40k_5090/best.pt
Saved PyTorch checkpoint to results/checkpoints/strict_grad_norm_uncapped_adam40k_5090/best.pt
Saved PyTorch checkpoint to results/checkpoints/strict_grad_norm_uncapped_adam40k_5090/best.pt
Saved PyTorch checkpoint to results/checkpoints/strict_grad_norm_uncapped_adam40k_5090/best.pt
Saved PyTorch checkpoint to results/checkpoints/strict_grad_norm_uncapped_adam40k_5090/best.pt
Saved PyTorch checkpoint to results/checkpoints/strict_grad_norm_uncapped_adam40k_5090/best.pt
Saved PyTorch checkpoint to results/checkpoints/strict_grad_norm_uncapped_adam40k_5090/best.pt
Saved PyTorch checkpoint to results/checkpoints/strict_grad_norm_uncapped_adam40k_5090/best.pt
Saved PyTorch checkpoint to results/checkpoints/strict_grad_norm_uncapped_adam40k_5090/best.pt
Saved PyTorch checkpoint to results/checkpoints/strict_grad_norm_uncapped_adam40k_5090/best.pt
Saved PyTorch checkpoint to results/checkpoints/strict_grad_norm_uncapped_adam40k_5090/best.pt
Saved PyTorch checkpoint to results/checkpoints/strict_grad_norm_uncapped_adam40k_5090/best.pt
Saved PyTorch checkpoint to results/checkpoints/strict_grad_norm_uncapped_adam40k_5090/best.pt
Saved PyTorch checkpoint to results/checkpoints/strict_grad_norm_uncapped_adam40k_5090/best.pt
Saved PyTorch checkpoint to results/checkpoints/strict_grad_norm_uncapped_adam40k_5090/best.pt
Saved PyTorch checkpoint to results/checkpoints/strict_grad_norm_uncapped_adam40k_5090/best.pt
Saved PyTorch checkpoint to results/checkpoints/strict_grad_norm_uncapped_adam40k_5090/best.pt
Saved PyTorch checkpoint to results/checkpoints/strict_grad_norm_uncapped_adam40k_5090/best.pt
Saved PyTorch checkpoint to results/checkpoints/strict_grad_norm_uncapped_adam40k_5090/best.pt
Saved PyTorch checkpoint to results/checkpoints/strict_grad_norm_uncapped_adam40k_5090/best.pt
Saved PyTorch checkpoint to results/checkpoints/strict_grad_norm_uncapped_adam40k_5090/best.pt
Saved PyTorch checkpoint to results/checkpoints/strict_grad_norm_uncapped_adam40k_5090/best.pt
Saved PyTorch checkpoint to results/checkpoints/strict_grad_norm_uncapped_adam40k_5090/best.pt
Saved PyTorch checkpoint to results/checkpoints/strict_grad_norm_uncapped_adam40k_5090/best.pt
Saved PyTorch checkpoint to results/checkpoints/strict_grad_norm_uncapped_adam40k_5090/best.pt
Saved PyTorch checkpoint to results/checkpoints/strict_grad_norm_uncapped_adam40k_5090/best.pt
Saved PyTorch checkpoint to results/checkpoints/strict_grad_norm_uncapped_adam40k_5090/best.pt
Saved PyTorch checkpoint to results/checkpoints/strict_grad_norm_uncapped_adam40k_5090/best.pt
Saved PyTorch checkpoint to results/checkpoints/strict_grad_norm_uncapped_adam40k_5090/best.pt
Saved PyTorch checkpoint to results/checkpoints/strict_grad_norm_uncapped_adam40k_5090/best.pt
Saved PyTorch checkpoint to results/checkpoints/strict_grad_norm_uncapped_adam40k_5090/best.pt
Saved PyTorch checkpoint to results/checkpoints/strict_grad_norm_uncapped_adam40k_5090/best.pt
Saved PyTorch checkpoint to results/checkpoints/strict_grad_norm_uncapped_adam40k_5090/best.pt
Saved PyTorch checkpoint to results/checkpoints/strict_grad_norm_uncapped_adam40k_5090/best.pt
Saved PyTorch checkpoint to results/checkpoints/strict_grad_norm_uncapped_adam40k_5090/best.pt
Saved PyTorch checkpoint to results/checkpoints/strict_grad_norm_uncapped_adam40k_5090/best.pt
Saved PyTorch checkpoint to results/checkpoints/strict_grad_norm_uncapped_adam40k_5090/best.pt
Saved PyTorch checkpoint to results/checkpoints/strict_grad_norm_uncapped_adam40k_5090/best.pt
Saved PyTorch checkpoint to results/checkpoints/strict_grad_norm_uncapped_adam40k_5090/best.pt
Saved PyTorch checkpoint to results/checkpoints/strict_grad_norm_uncapped_adam40k_5090/best.pt
Saved PyTorch checkpoint to results/checkpoints/strict_grad_norm_uncapped_adam40k_5090/best.pt
Saved PyTorch checkpoint to results/checkpoints/strict_grad_norm_uncapped_adam40k_5090/best.pt
Saved PyTorch checkpoint to results/checkpoints/strict_grad_norm_uncapped_adam40k_5090/best.pt
Saved PyTorch checkpoint to results/checkpoints/strict_grad_norm_uncapped_adam40k_5090/best.pt
Saved PyTorch checkpoint to results/checkpoints/strict_grad_norm_uncapped_adam40k_5090/best.pt
Saved PyTorch checkpoint to results/checkpoints/strict_grad_norm_uncapped_adam40k_5090/best.pt
Saved PyTorch checkpoint to results/checkpoints/strict_grad_norm_uncapped_adam40k_5090/best.pt
Saved PyTorch checkpoint to results/checkpoints/strict_grad_norm_uncapped_adam40k_5090/best.pt
Saved PyTorch checkpoint to results/checkpoints/strict_grad_norm_uncapped_adam40k_5090/best.pt
Saved PyTorch checkpoint to results/checkpoints/strict_grad_norm_uncapped_adam40k_5090/best.pt
Saved PyTorch checkpoint to results/checkpoints/strict_grad_norm_uncapped_adam40k_5090/best.pt
Saved PyTorch checkpoint to results/checkpoints/strict_grad_norm_uncapped_adam40k_5090/best.pt
Saved PyTorch checkpoint to results/checkpoints/strict_grad_norm_uncapped_adam40k_5090/best.pt
Saved PyTorch checkpoint to results/checkpoints/strict_grad_norm_uncapped_adam40k_5090/best.pt
Saved PyTorch checkpoint to results/checkpoints/strict_grad_norm_uncapped_adam40k_5090/best.pt
Saved PyTorch checkpoint to results/checkpoints/strict_grad_norm_uncapped_adam40k_5090/best.pt
Saved PyTorch checkpoint to results/checkpoints/strict_grad_norm_uncapped_adam40k_5090/best.pt
Saved PyTorch checkpoint to results/checkpoints/strict_grad_norm_uncapped_adam40k_5090/best.pt
Saved PyTorch checkpoint to results/checkpoints/strict_grad_norm_uncapped_adam40k_5090/best.pt
Saved PyTorch checkpoint to results/checkpoints/strict_grad_norm_uncapped_adam40k_5090/best.pt
Saved PyTorch checkpoint to results/checkpoints/strict_grad_norm_uncapped_adam40k_5090/best.pt
Saved PyTorch checkpoint to results/checkpoints/strict_grad_norm_uncapped_adam40k_5090/best.pt
Saved PyTorch checkpoint to results/checkpoints/strict_grad_norm_uncapped_adam40k_5090/best.pt
Saved PyTorch checkpoint to results/checkpoints/strict_grad_norm_uncapped_adam40k_5090/best.pt
Saved PyTorch checkpoint to results/checkpoints/strict_grad_norm_uncapped_adam40k_5090/best.pt
Saved PyTorch checkpoint to results/checkpoints/strict_grad_norm_uncapped_adam40k_5090/best.pt
Saved PyTorch checkpoint to results/checkpoints/strict_grad_norm_uncapped_adam40k_5090/best.pt
Saved PyTorch checkpoint to results/checkpoints/strict_grad_norm_uncapped_adam40k_5090/best.pt
Saved PyTorch checkpoint to results/checkpoints/strict_grad_norm_uncapped_adam40k_5090/best.pt
Saved PyTorch checkpoint to results/checkpoints/strict_grad_norm_uncapped_adam40k_5090/best.pt
Saved PyTorch checkpoint to results/checkpoints/strict_grad_norm_uncapped_adam40k_5090/best.pt
Saved PyTorch checkpoint to results/checkpoints/strict_grad_norm_uncapped_adam40k_5090/best.pt
Saved PyTorch checkpoint to results/checkpoints/strict_grad_norm_uncapped_adam40k_5090/best.pt
Saved PyTorch checkpoint to results/checkpoints/strict_grad_norm_uncapped_adam40k_5090/best.pt
Saved PyTorch checkpoint to results/checkpoints/strict_grad_norm_uncapped_adam40k_5090/best.pt
Saved PyTorch checkpoint to results/checkpoints/strict_grad_norm_uncapped_adam40k_5090/best.pt
Saved PyTorch checkpoint to results/checkpoints/strict_grad_norm_uncapped_adam40k_5090/best.pt
Saved PyTorch checkpoint to results/checkpoints/strict_grad_norm_uncapped_adam40k_5090/best.pt
Saved PyTorch checkpoint to results/checkpoints/strict_grad_norm_uncapped_adam40k_5090/best.pt
Saved PyTorch checkpoint to results/checkpoints/strict_grad_norm_uncapped_adam40k_5090/best.pt
Saved PyTorch checkpoint to results/checkpoints/strict_grad_norm_uncapped_adam40k_5090/best.pt
Saved PyTorch checkpoint to results/checkpoints/strict_grad_norm_uncapped_adam40k_5090/best.pt
Saved PyTorch checkpoint to results/checkpoints/strict_grad_norm_uncapped_adam40k_5090/best.pt
Saved PyTorch checkpoint to results/checkpoints/strict_grad_norm_uncapped_adam40k_5090/best.pt
Saved PyTorch checkpoint to results/checkpoints/strict_grad_norm_uncapped_adam40k_5090/best.pt
Saved PyTorch checkpoint to results/checkpoints/strict_grad_norm_uncapped_adam40k_5090/best.pt
Saved PyTorch checkpoint to results/checkpoints/strict_grad_norm_uncapped_adam40k_5090/best.pt
Saved PyTorch checkpoint to results/checkpoints/strict_grad_norm_uncapped_adam40k_5090/best.pt
Saved PyTorch checkpoint to results/checkpoints/strict_grad_norm_uncapped_adam40k_5090/best.pt
Saved PyTorch checkpoint to results/checkpoints/strict_grad_norm_uncapped_adam40k_5090/best.pt
Saved PyTorch checkpoint to results/checkpoints/strict_grad_norm_uncapped_adam40k_5090/best.pt
Saved PyTorch checkpoint to results/checkpoints/strict_grad_norm_uncapped_adam40k_5090/best.pt
Saved PyTorch checkpoint to results/checkpoints/strict_grad_norm_uncapped_adam40k_5090/best.pt
Saved PyTorch checkpoint to results/checkpoints/strict_grad_norm_uncapped_adam40k_5090/best.pt
Saved PyTorch checkpoint to results/checkpoints/strict_grad_norm_uncapped_adam40k_5090/best.pt
Saved PyTorch checkpoint to results/checkpoints/strict_grad_norm_uncapped_adam40k_5090/best.pt
Saved PyTorch checkpoint to results/checkpoints/strict_grad_norm_uncapped_adam40k_5090/best.pt
Saved PyTorch checkpoint to results/checkpoints/strict_grad_norm_uncapped_adam40k_5090/best.pt
Saved PyTorch checkpoint to results/checkpoints/strict_grad_norm_uncapped_adam40k_5090/best.pt
Adam 6300 | total=1.236e-01 f=8.390e-04 ic=2.383e-07 wall=9.316e-05 inlet=1.872e-01 outlet=1.462e-08 lr=5.000e-04 | λ[f=1.00 ic=8946.37 wall=30.00 inlet=0.59 outlet=517889.38]
Saved PyTorch checkpoint to results/checkpoints/strict_grad_norm_uncapped_adam40k_5090/best.pt
Saved PyTorch checkpoint to results/checkpoints/strict_grad_norm_uncapped_adam40k_5090/best.pt
Saved PyTorch checkpoint to results/checkpoints/strict_grad_norm_uncapped_adam40k_5090/best.pt
Saved PyTorch checkpoint to results/checkpoints/strict_grad_norm_uncapped_adam40k_5090/best.pt
Saved PyTorch checkpoint to results/checkpoints/strict_grad_norm_uncapped_adam40k_5090/best.pt
Saved PyTorch checkpoint to results/checkpoints/strict_grad_norm_uncapped_adam40k_5090/best.pt
Saved PyTorch checkpoint to results/checkpoints/strict_grad_norm_uncapped_adam40k_5090/best.pt
Saved PyTorch checkpoint to results/checkpoints/strict_grad_norm_uncapped_adam40k_5090/best.pt
Saved PyTorch checkpoint to results/checkpoints/strict_grad_norm_uncapped_adam40k_5090/best.pt
Saved PyTorch checkpoint to results/checkpoints/strict_grad_norm_uncapped_adam40k_5090/best.pt
Saved PyTorch checkpoint to results/checkpoints/strict_grad_norm_uncapped_adam40k_5090/best.pt
Saved PyTorch checkpoint to results/checkpoints/strict_grad_norm_uncapped_adam40k_5090/best.pt
Saved PyTorch checkpoint to results/checkpoints/strict_grad_norm_uncapped_adam40k_5090/best.pt
Saved PyTorch checkpoint to results/checkpoints/strict_grad_norm_uncapped_adam40k_5090/best.pt
Saved PyTorch checkpoint to results/checkpoints/strict_grad_norm_uncapped_adam40k_5090/best.pt
Saved PyTorch checkpoint to results/checkpoints/strict_grad_norm_uncapped_adam40k_5090/best.pt
Saved PyTorch checkpoint to results/checkpoints/strict_grad_norm_uncapped_adam40k_5090/best.pt
Saved PyTorch checkpoint to results/checkpoints/strict_grad_norm_uncapped_adam40k_5090/best.pt
Saved PyTorch checkpoint to results/checkpoints/strict_grad_norm_uncapped_adam40k_5090/best.pt
Saved PyTorch checkpoint to results/checkpoints/strict_grad_norm_uncapped_adam40k_5090/best.pt
Saved PyTorch checkpoint to results/checkpoints/strict_grad_norm_uncapped_adam40k_5090/best.pt
Saved PyTorch checkpoint to results/checkpoints/strict_grad_norm_uncapped_adam40k_5090/best.pt
Saved PyTorch checkpoint to results/checkpoints/strict_grad_norm_uncapped_adam40k_5090/best.pt
Saved PyTorch checkpoint to results/checkpoints/strict_grad_norm_uncapped_adam40k_5090/best.pt
Saved PyTorch checkpoint to results/checkpoints/strict_grad_norm_uncapped_adam40k_5090/best.pt
Saved PyTorch checkpoint to results/checkpoints/strict_grad_norm_uncapped_adam40k_5090/best.pt
Saved PyTorch checkpoint to results/checkpoints/strict_grad_norm_uncapped_adam40k_5090/best.pt
Saved PyTorch checkpoint to results/checkpoints/strict_grad_norm_uncapped_adam40k_5090/best.pt
Saved PyTorch checkpoint to results/checkpoints/strict_grad_norm_uncapped_adam40k_5090/best.pt
Saved PyTorch checkpoint to results/checkpoints/strict_grad_norm_uncapped_adam40k_5090/best.pt
Saved PyTorch checkpoint to results/checkpoints/strict_grad_norm_uncapped_adam40k_5090/best.pt
Saved PyTorch checkpoint to results/checkpoints/strict_grad_norm_uncapped_adam40k_5090/best.pt
Saved PyTorch checkpoint to results/checkpoints/strict_grad_norm_uncapped_adam40k_5090/best.pt
Saved PyTorch checkpoint to results/checkpoints/strict_grad_norm_uncapped_adam40k_5090/best.pt
Saved PyTorch checkpoint to results/checkpoints/strict_grad_norm_uncapped_adam40k_5090/best.pt
Saved PyTorch checkpoint to results/checkpoints/strict_grad_norm_uncapped_adam40k_5090/best.pt
Saved PyTorch checkpoint to results/checkpoints/strict_grad_norm_uncapped_adam40k_5090/best.pt
Saved PyTorch checkpoint to results/checkpoints/strict_grad_norm_uncapped_adam40k_5090/best.pt
Saved PyTorch checkpoint to results/checkpoints/strict_grad_norm_uncapped_adam40k_5090/best.pt
Saved PyTorch checkpoint to results/checkpoints/strict_grad_norm_uncapped_adam40k_5090/best.pt
Saved PyTorch checkpoint to results/checkpoints/strict_grad_norm_uncapped_adam40k_5090/best.pt
Saved PyTorch checkpoint to results/checkpoints/strict_grad_norm_uncapped_adam40k_5090/best.pt
Saved PyTorch checkpoint to results/checkpoints/strict_grad_norm_uncapped_adam40k_5090/best.pt
Saved PyTorch checkpoint to results/checkpoints/strict_grad_norm_uncapped_adam40k_5090/best.pt
Saved PyTorch checkpoint to results/checkpoints/strict_grad_norm_uncapped_adam40k_5090/best.pt
Saved PyTorch checkpoint to results/checkpoints/strict_grad_norm_uncapped_adam40k_5090/best.pt
Saved PyTorch checkpoint to results/checkpoints/strict_grad_norm_uncapped_adam40k_5090/best.pt
Saved PyTorch checkpoint to results/checkpoints/strict_grad_norm_uncapped_adam40k_5090/best.pt
Saved PyTorch checkpoint to results/checkpoints/strict_grad_norm_uncapped_adam40k_5090/best.pt
Saved PyTorch checkpoint to results/checkpoints/strict_grad_norm_uncapped_adam40k_5090/best.pt
Saved PyTorch checkpoint to results/checkpoints/strict_grad_norm_uncapped_adam40k_5090/best.pt
Saved PyTorch checkpoint to results/checkpoints/strict_grad_norm_uncapped_adam40k_5090/best.pt
Saved PyTorch checkpoint to results/checkpoints/strict_grad_norm_uncapped_adam40k_5090/best.pt
Saved PyTorch checkpoint to results/checkpoints/strict_grad_norm_uncapped_adam40k_5090/best.pt
Saved PyTorch checkpoint to results/checkpoints/strict_grad_norm_uncapped_adam40k_5090/best.pt
Saved PyTorch checkpoint to results/checkpoints/strict_grad_norm_uncapped_adam40k_5090/best.pt
Saved PyTorch checkpoint to results/checkpoints/strict_grad_norm_uncapped_adam40k_5090/best.pt
Saved PyTorch checkpoint to results/checkpoints/strict_grad_norm_uncapped_adam40k_5090/best.pt
Saved PyTorch checkpoint to results/checkpoints/strict_grad_norm_uncapped_adam40k_5090/best.pt
Saved PyTorch checkpoint to results/checkpoints/strict_grad_norm_uncapped_adam40k_5090/best.pt
Saved PyTorch checkpoint to results/checkpoints/strict_grad_norm_uncapped_adam40k_5090/best.pt
Saved PyTorch checkpoint to results/checkpoints/strict_grad_norm_uncapped_adam40k_5090/best.pt
Saved PyTorch checkpoint to results/checkpoints/strict_grad_norm_uncapped_adam40k_5090/best.pt
Saved PyTorch checkpoint to results/checkpoints/strict_grad_norm_uncapped_adam40k_5090/best.pt
Saved PyTorch checkpoint to results/checkpoints/strict_grad_norm_uncapped_adam40k_5090/best.pt
Saved PyTorch checkpoint to results/checkpoints/strict_grad_norm_uncapped_adam40k_5090/best.pt
Saved PyTorch checkpoint to results/checkpoints/strict_grad_norm_uncapped_adam40k_5090/best.pt
Saved PyTorch checkpoint to results/checkpoints/strict_grad_norm_uncapped_adam40k_5090/best.pt
Saved PyTorch checkpoint to results/checkpoints/strict_grad_norm_uncapped_adam40k_5090/best.pt
Saved PyTorch checkpoint to results/checkpoints/strict_grad_norm_uncapped_adam40k_5090/best.pt
Saved PyTorch checkpoint to results/checkpoints/strict_grad_norm_uncapped_adam40k_5090/best.pt
Saved PyTorch checkpoint to results/checkpoints/strict_grad_norm_uncapped_adam40k_5090/best.pt
Saved PyTorch checkpoint to results/checkpoints/strict_grad_norm_uncapped_adam40k_5090/best.pt
Saved PyTorch checkpoint to results/checkpoints/strict_grad_norm_uncapped_adam40k_5090/best.pt
Saved PyTorch checkpoint to results/checkpoints/strict_grad_norm_uncapped_adam40k_5090/best.pt
Saved PyTorch checkpoint to results/checkpoints/strict_grad_norm_uncapped_adam40k_5090/best.pt
Saved PyTorch checkpoint to results/checkpoints/strict_grad_norm_uncapped_adam40k_5090/best.pt
Saved PyTorch checkpoint to results/checkpoints/strict_grad_norm_uncapped_adam40k_5090/best.pt
Saved PyTorch checkpoint to results/checkpoints/strict_grad_norm_uncapped_adam40k_5090/best.pt
Saved PyTorch checkpoint to results/checkpoints/strict_grad_norm_uncapped_adam40k_5090/best.pt
Saved PyTorch checkpoint to results/checkpoints/strict_grad_norm_uncapped_adam40k_5090/best.pt
Saved PyTorch checkpoint to results/checkpoints/strict_grad_norm_uncapped_adam40k_5090/best.pt
Saved PyTorch checkpoint to results/checkpoints/strict_grad_norm_uncapped_adam40k_5090/best.pt
Saved PyTorch checkpoint to results/checkpoints/strict_grad_norm_uncapped_adam40k_5090/best.pt
Saved PyTorch checkpoint to results/checkpoints/strict_grad_norm_uncapped_adam40k_5090/best.pt
Saved PyTorch checkpoint to results/checkpoints/strict_grad_norm_uncapped_adam40k_5090/best.pt
Saved PyTorch checkpoint to results/checkpoints/strict_grad_norm_uncapped_adam40k_5090/best.pt
Saved PyTorch checkpoint to results/checkpoints/strict_grad_norm_uncapped_adam40k_5090/best.pt
Saved PyTorch checkpoint to results/checkpoints/strict_grad_norm_uncapped_adam40k_5090/best.pt
Saved PyTorch checkpoint to results/checkpoints/strict_grad_norm_uncapped_adam40k_5090/best.pt
Saved PyTorch checkpoint to results/checkpoints/strict_grad_norm_uncapped_adam40k_5090/best.pt
Saved PyTorch checkpoint to results/checkpoints/strict_grad_norm_uncapped_adam40k_5090/best.pt
Saved PyTorch checkpoint to results/checkpoints/strict_grad_norm_uncapped_adam40k_5090/best.pt
Saved PyTorch checkpoint to results/checkpoints/strict_grad_norm_uncapped_adam40k_5090/best.pt
Saved PyTorch checkpoint to results/checkpoints/strict_grad_norm_uncapped_adam40k_5090/best.pt
Saved PyTorch checkpoint to results/checkpoints/strict_grad_norm_uncapped_adam40k_5090/best.pt
Saved PyTorch checkpoint to results/checkpoints/strict_grad_norm_uncapped_adam40k_5090/best.pt
Adam 6400 | total=1.138e-01 f=8.024e-04 ic=2.158e-07 wall=9.198e-05 inlet=1.872e-01 outlet=1.301e-08 lr=5.000e-04 | λ[f=1.00 ic=10107.38 wall=28.31 inlet=0.55 outlet=389071.25]
Saved PyTorch checkpoint to results/checkpoints/strict_grad_norm_uncapped_adam40k_5090/best.pt
Saved PyTorch checkpoint to results/checkpoints/strict_grad_norm_uncapped_adam40k_5090/best.pt
Saved PyTorch checkpoint to results/checkpoints/strict_grad_norm_uncapped_adam40k_5090/best.pt
Saved PyTorch checkpoint to results/checkpoints/strict_grad_norm_uncapped_adam40k_5090/best.pt
Saved PyTorch checkpoint to results/checkpoints/strict_grad_norm_uncapped_adam40k_5090/best.pt
Saved PyTorch checkpoint to results/checkpoints/strict_grad_norm_uncapped_adam40k_5090/best.pt
Saved PyTorch checkpoint to results/checkpoints/strict_grad_norm_uncapped_adam40k_5090/best.pt
Saved PyTorch checkpoint to results/checkpoints/strict_grad_norm_uncapped_adam40k_5090/best.pt
Saved PyTorch checkpoint to results/checkpoints/strict_grad_norm_uncapped_adam40k_5090/best.pt
Saved PyTorch checkpoint to results/checkpoints/strict_grad_norm_uncapped_adam40k_5090/best.pt
Saved PyTorch checkpoint to results/checkpoints/strict_grad_norm_uncapped_adam40k_5090/best.pt
Saved PyTorch checkpoint to results/checkpoints/strict_grad_norm_uncapped_adam40k_5090/best.pt
Saved PyTorch checkpoint to results/checkpoints/strict_grad_norm_uncapped_adam40k_5090/best.pt
Saved PyTorch checkpoint to results/checkpoints/strict_grad_norm_uncapped_adam40k_5090/best.pt
Saved PyTorch checkpoint to results/checkpoints/strict_grad_norm_uncapped_adam40k_5090/best.pt
Saved PyTorch checkpoint to results/checkpoints/strict_grad_norm_uncapped_adam40k_5090/best.pt
Saved PyTorch checkpoint to results/checkpoints/strict_grad_norm_uncapped_adam40k_5090/best.pt
Saved PyTorch checkpoint to results/checkpoints/strict_grad_norm_uncapped_adam40k_5090/best.pt
Saved PyTorch checkpoint to results/checkpoints/strict_grad_norm_uncapped_adam40k_5090/best.pt
Saved PyTorch checkpoint to results/checkpoints/strict_grad_norm_uncapped_adam40k_5090/best.pt
Saved PyTorch checkpoint to results/checkpoints/strict_grad_norm_uncapped_adam40k_5090/best.pt
Saved PyTorch checkpoint to results/checkpoints/strict_grad_norm_uncapped_adam40k_5090/best.pt
Saved PyTorch checkpoint to results/checkpoints/strict_grad_norm_uncapped_adam40k_5090/best.pt
Saved PyTorch checkpoint to results/checkpoints/strict_grad_norm_uncapped_adam40k_5090/best.pt
Saved PyTorch checkpoint to results/checkpoints/strict_grad_norm_uncapped_adam40k_5090/best.pt
Saved PyTorch checkpoint to results/checkpoints/strict_grad_norm_uncapped_adam40k_5090/best.pt
Saved PyTorch checkpoint to results/checkpoints/strict_grad_norm_uncapped_adam40k_5090/best.pt
Saved PyTorch checkpoint to results/checkpoints/strict_grad_norm_uncapped_adam40k_5090/best.pt
Saved PyTorch checkpoint to results/checkpoints/strict_grad_norm_uncapped_adam40k_5090/best.pt
Saved PyTorch checkpoint to results/checkpoints/strict_grad_norm_uncapped_adam40k_5090/best.pt
Saved PyTorch checkpoint to results/checkpoints/strict_grad_norm_uncapped_adam40k_5090/best.pt
Saved PyTorch checkpoint to results/checkpoints/strict_grad_norm_uncapped_adam40k_5090/best.pt
Saved PyTorch checkpoint to results/checkpoints/strict_grad_norm_uncapped_adam40k_5090/best.pt
Saved PyTorch checkpoint to results/checkpoints/strict_grad_norm_uncapped_adam40k_5090/best.pt
Saved PyTorch checkpoint to results/checkpoints/strict_grad_norm_uncapped_adam40k_5090/best.pt
Saved PyTorch checkpoint to results/checkpoints/strict_grad_norm_uncapped_adam40k_5090/best.pt
Saved PyTorch checkpoint to results/checkpoints/strict_grad_norm_uncapped_adam40k_5090/best.pt
Saved PyTorch checkpoint to results/checkpoints/strict_grad_norm_uncapped_adam40k_5090/best.pt
Saved PyTorch checkpoint to results/checkpoints/strict_grad_norm_uncapped_adam40k_5090/best.pt
Saved PyTorch checkpoint to results/checkpoints/strict_grad_norm_uncapped_adam40k_5090/best.pt
Saved PyTorch checkpoint to results/checkpoints/strict_grad_norm_uncapped_adam40k_5090/best.pt
Saved PyTorch checkpoint to results/checkpoints/strict_grad_norm_uncapped_adam40k_5090/best.pt
Saved PyTorch checkpoint to results/checkpoints/strict_grad_norm_uncapped_adam40k_5090/best.pt
Saved PyTorch checkpoint to results/checkpoints/strict_grad_norm_uncapped_adam40k_5090/best.pt
Saved PyTorch checkpoint to results/checkpoints/strict_grad_norm_uncapped_adam40k_5090/best.pt
Saved PyTorch checkpoint to results/checkpoints/strict_grad_norm_uncapped_adam40k_5090/best.pt
Saved PyTorch checkpoint to results/checkpoints/strict_grad_norm_uncapped_adam40k_5090/best.pt
Saved PyTorch checkpoint to results/checkpoints/strict_grad_norm_uncapped_adam40k_5090/best.pt
Saved PyTorch checkpoint to results/checkpoints/strict_grad_norm_uncapped_adam40k_5090/best.pt
Saved PyTorch checkpoint to results/checkpoints/strict_grad_norm_uncapped_adam40k_5090/best.pt
Saved PyTorch checkpoint to results/checkpoints/strict_grad_norm_uncapped_adam40k_5090/best.pt
Saved PyTorch checkpoint to results/checkpoints/strict_grad_norm_uncapped_adam40k_5090/best.pt
Saved PyTorch checkpoint to results/checkpoints/strict_grad_norm_uncapped_adam40k_5090/best.pt
Saved PyTorch checkpoint to results/checkpoints/strict_grad_norm_uncapped_adam40k_5090/best.pt
Saved PyTorch checkpoint to results/checkpoints/strict_grad_norm_uncapped_adam40k_5090/best.pt
Saved PyTorch checkpoint to results/checkpoints/strict_grad_norm_uncapped_adam40k_5090/best.pt
Saved PyTorch checkpoint to results/checkpoints/strict_grad_norm_uncapped_adam40k_5090/best.pt
Saved PyTorch checkpoint to results/checkpoints/strict_grad_norm_uncapped_adam40k_5090/best.pt
Saved PyTorch checkpoint to results/checkpoints/strict_grad_norm_uncapped_adam40k_5090/best.pt
Saved PyTorch checkpoint to results/checkpoints/strict_grad_norm_uncapped_adam40k_5090/best.pt
Saved PyTorch checkpoint to results/checkpoints/strict_grad_norm_uncapped_adam40k_5090/best.pt
Saved PyTorch checkpoint to results/checkpoints/strict_grad_norm_uncapped_adam40k_5090/best.pt
Saved PyTorch checkpoint to results/checkpoints/strict_grad_norm_uncapped_adam40k_5090/best.pt
Saved PyTorch checkpoint to results/checkpoints/strict_grad_norm_uncapped_adam40k_5090/best.pt
Saved PyTorch checkpoint to results/checkpoints/strict_grad_norm_uncapped_adam40k_5090/best.pt
Saved PyTorch checkpoint to results/checkpoints/strict_grad_norm_uncapped_adam40k_5090/best.pt
Saved PyTorch checkpoint to results/checkpoints/strict_grad_norm_uncapped_adam40k_5090/best.pt
Saved PyTorch checkpoint to results/checkpoints/strict_grad_norm_uncapped_adam40k_5090/best.pt
Saved PyTorch checkpoint to results/checkpoints/strict_grad_norm_uncapped_adam40k_5090/best.pt
Saved PyTorch checkpoint to results/checkpoints/strict_grad_norm_uncapped_adam40k_5090/best.pt
Saved PyTorch checkpoint to results/checkpoints/strict_grad_norm_uncapped_adam40k_5090/best.pt
Saved PyTorch checkpoint to results/checkpoints/strict_grad_norm_uncapped_adam40k_5090/best.pt
Saved PyTorch checkpoint to results/checkpoints/strict_grad_norm_uncapped_adam40k_5090/best.pt
Saved PyTorch checkpoint to results/checkpoints/strict_grad_norm_uncapped_adam40k_5090/best.pt
Saved PyTorch checkpoint to results/checkpoints/strict_grad_norm_uncapped_adam40k_5090/best.pt
Saved PyTorch checkpoint to results/checkpoints/strict_grad_norm_uncapped_adam40k_5090/best.pt
Saved PyTorch checkpoint to results/checkpoints/strict_grad_norm_uncapped_adam40k_5090/best.pt
Saved PyTorch checkpoint to results/checkpoints/strict_grad_norm_uncapped_adam40k_5090/best.pt
Saved PyTorch checkpoint to results/checkpoints/strict_grad_norm_uncapped_adam40k_5090/best.pt
Saved PyTorch checkpoint to results/checkpoints/strict_grad_norm_uncapped_adam40k_5090/best.pt
Adam 6500 | total=1.090e-01 f=7.666e-04 ic=1.994e-07 wall=9.136e-05 inlet=1.872e-01 outlet=1.166e-08 lr=5.000e-04 | λ[f=1.00 ic=10564.32 wall=27.20 inlet=0.53 outlet=418606.28]
Saved PyTorch checkpoint to results/checkpoints/strict_grad_norm_uncapped_adam40k_5090/best.pt
Saved PyTorch checkpoint to results/checkpoints/strict_grad_norm_uncapped_adam40k_5090/best.pt
Saved PyTorch checkpoint to results/checkpoints/strict_grad_norm_uncapped_adam40k_5090/best.pt
Saved PyTorch checkpoint to results/checkpoints/strict_grad_norm_uncapped_adam40k_5090/best.pt
Saved PyTorch checkpoint to results/checkpoints/strict_grad_norm_uncapped_adam40k_5090/best.pt
Saved PyTorch checkpoint to results/checkpoints/strict_grad_norm_uncapped_adam40k_5090/best.pt
Saved PyTorch checkpoint to results/checkpoints/strict_grad_norm_uncapped_adam40k_5090/best.pt
Saved PyTorch checkpoint to results/checkpoints/strict_grad_norm_uncapped_adam40k_5090/best.pt
Saved PyTorch checkpoint to results/checkpoints/strict_grad_norm_uncapped_adam40k_5090/best.pt
Saved PyTorch checkpoint to results/checkpoints/strict_grad_norm_uncapped_adam40k_5090/best.pt
Saved PyTorch checkpoint to results/checkpoints/strict_grad_norm_uncapped_adam40k_5090/best.pt
Adam 6600 | total=1.097e-01 f=7.330e-04 ic=1.927e-07 wall=9.140e-05 inlet=1.872e-01 outlet=1.056e-08 lr=5.000e-04 | λ[f=1.00 ic=7342.74 wall=26.92 inlet=0.52 outlet=673815.19]
Adam 6700 | total=8.235e-01 f=1.667e-03 ic=3.981e-04 wall=1.748e-04 inlet=1.842e-01 outlet=2.837e-04 lr=5.000e-04 | λ[f=1.00 ic=347.01 wall=127.37 inlet=3.05 outlet=350.10]
Adam 6800 | total=3.223e-01 f=8.938e-04 ic=1.474e-04 wall=1.650e-04 inlet=1.832e-01 outlet=7.534e-05 lr=5.000e-04 | λ[f=1.00 ic=258.84 wall=55.27 inlet=1.32 outlet=436.12]
Adam 6900 | total=1.860e-01 f=7.210e-04 ic=7.258e-05 wall=1.632e-04 inlet=1.828e-01 outlet=2.494e-05 lr=5.000e-04 | λ[f=1.00 ic=231.06 wall=34.27 inlet=0.82 outlet=493.44]
Adam 7000 | total=1.322e-01 f=6.389e-04 ic=3.760e-05 wall=1.616e-04 inlet=1.827e-01 outlet=7.825e-06 lr=5.000e-04 | λ[f=1.00 ic=240.69 wall=25.29 inlet=0.61 outlet=855.42]
Adam 7100 | total=1.221e-01 f=5.942e-04 ic=1.964e-05 wall=1.586e-04 inlet=1.827e-01 outlet=4.092e-06 lr=5.000e-04 | λ[f=1.00 ic=295.20 wall=21.33 inlet=0.51 outlet=4800.90]
Adam 7200 | total=1.072e-01 f=5.552e-04 ic=9.943e-06 wall=1.494e-04 inlet=1.831e-01 outlet=2.848e-06 lr=5.000e-04 | λ[f=1.00 ic=597.33 wall=20.23 inlet=0.44 outlet=5864.70]
Saved PyTorch checkpoint to results/checkpoints/strict_grad_norm_uncapped_adam40k_5090/best.pt
Saved PyTorch checkpoint to results/checkpoints/strict_grad_norm_uncapped_adam40k_5090/best.pt
Saved PyTorch checkpoint to results/checkpoints/strict_grad_norm_uncapped_adam40k_5090/best.pt
Saved PyTorch checkpoint to results/checkpoints/strict_grad_norm_uncapped_adam40k_5090/best.pt
Saved PyTorch checkpoint to results/checkpoints/strict_grad_norm_uncapped_adam40k_5090/best.pt
Saved PyTorch checkpoint to results/checkpoints/strict_grad_norm_uncapped_adam40k_5090/best.pt
Saved PyTorch checkpoint to results/checkpoints/strict_grad_norm_uncapped_adam40k_5090/best.pt
Saved PyTorch checkpoint to results/checkpoints/strict_grad_norm_uncapped_adam40k_5090/best.pt
Saved PyTorch checkpoint to results/checkpoints/strict_grad_norm_uncapped_adam40k_5090/best.pt
Saved PyTorch checkpoint to results/checkpoints/strict_grad_norm_uncapped_adam40k_5090/best.pt
Saved PyTorch checkpoint to results/checkpoints/strict_grad_norm_uncapped_adam40k_5090/best.pt
Saved PyTorch checkpoint to results/checkpoints/strict_grad_norm_uncapped_adam40k_5090/best.pt
Saved PyTorch checkpoint to results/checkpoints/strict_grad_norm_uncapped_adam40k_5090/best.pt
Saved PyTorch checkpoint to results/checkpoints/strict_grad_norm_uncapped_adam40k_5090/best.pt
Saved PyTorch checkpoint to results/checkpoints/strict_grad_norm_uncapped_adam40k_5090/best.pt
Saved PyTorch checkpoint to results/checkpoints/strict_grad_norm_uncapped_adam40k_5090/best.pt
Saved PyTorch checkpoint to results/checkpoints/strict_grad_norm_uncapped_adam40k_5090/best.pt
Saved PyTorch checkpoint to results/checkpoints/strict_grad_norm_uncapped_adam40k_5090/best.pt
Saved PyTorch checkpoint to results/checkpoints/strict_grad_norm_uncapped_adam40k_5090/best.pt
Saved PyTorch checkpoint to results/checkpoints/strict_grad_norm_uncapped_adam40k_5090/best.pt
Saved PyTorch checkpoint to results/checkpoints/strict_grad_norm_uncapped_adam40k_5090/best.pt
Saved PyTorch checkpoint to results/checkpoints/strict_grad_norm_uncapped_adam40k_5090/best.pt
Saved PyTorch checkpoint to results/checkpoints/strict_grad_norm_uncapped_adam40k_5090/best.pt
Saved PyTorch checkpoint to results/checkpoints/strict_grad_norm_uncapped_adam40k_5090/best.pt
Saved PyTorch checkpoint to results/checkpoints/strict_grad_norm_uncapped_adam40k_5090/best.pt
Saved PyTorch checkpoint to results/checkpoints/strict_grad_norm_uncapped_adam40k_5090/best.pt
Adam 7300 | total=1.036e-01 f=5.144e-04 ic=6.347e-06 wall=1.413e-04 inlet=1.836e-01 outlet=1.992e-06 lr=5.000e-04 | λ[f=1.00 ic=806.16 wall=22.33 inlet=0.48 outlet=3501.81]
Adam 7400 | total=1.064e-01 f=4.889e-04 ic=4.913e-06 wall=1.350e-04 inlet=1.842e-01 outlet=1.476e-06 lr=5.000e-04 | λ[f=1.00 ic=916.93 wall=23.95 inlet=0.51 outlet=3245.53]
Adam 7500 | total=1.031e-01 f=4.676e-04 ic=3.958e-06 wall=1.287e-04 inlet=1.846e-01 outlet=1.064e-06 lr=5.000e-04 | λ[f=1.00 ic=992.97 wall=24.24 inlet=0.50 outlet=3348.19]
Saved PyTorch checkpoint to results/checkpoints/strict_grad_norm_uncapped_adam40k_5090/best.pt
Saved PyTorch checkpoint to results/checkpoints/strict_grad_norm_uncapped_adam40k_5090/best.pt
Saved PyTorch checkpoint to results/checkpoints/strict_grad_norm_uncapped_adam40k_5090/best.pt
Saved PyTorch checkpoint to results/checkpoints/strict_grad_norm_uncapped_adam40k_5090/best.pt
Saved PyTorch checkpoint to results/checkpoints/strict_grad_norm_uncapped_adam40k_5090/best.pt
Saved PyTorch checkpoint to results/checkpoints/strict_grad_norm_uncapped_adam40k_5090/best.pt
Saved PyTorch checkpoint to results/checkpoints/strict_grad_norm_uncapped_adam40k_5090/best.pt
Saved PyTorch checkpoint to results/checkpoints/strict_grad_norm_uncapped_adam40k_5090/best.pt
Saved PyTorch checkpoint to results/checkpoints/strict_grad_norm_uncapped_adam40k_5090/best.pt
Saved PyTorch checkpoint to results/checkpoints/strict_grad_norm_uncapped_adam40k_5090/best.pt
Saved PyTorch checkpoint to results/checkpoints/strict_grad_norm_uncapped_adam40k_5090/best.pt
Saved PyTorch checkpoint to results/checkpoints/strict_grad_norm_uncapped_adam40k_5090/best.pt
Saved PyTorch checkpoint to results/checkpoints/strict_grad_norm_uncapped_adam40k_5090/best.pt
Saved PyTorch checkpoint to results/checkpoints/strict_grad_norm_uncapped_adam40k_5090/best.pt
Saved PyTorch checkpoint to results/checkpoints/strict_grad_norm_uncapped_adam40k_5090/best.pt
Saved PyTorch checkpoint to results/checkpoints/strict_grad_norm_uncapped_adam40k_5090/best.pt
Saved PyTorch checkpoint to results/checkpoints/strict_grad_norm_uncapped_adam40k_5090/best.pt
Saved PyTorch checkpoint to results/checkpoints/strict_grad_norm_uncapped_adam40k_5090/best.pt
Saved PyTorch checkpoint to results/checkpoints/strict_grad_norm_uncapped_adam40k_5090/best.pt
Saved PyTorch checkpoint to results/checkpoints/strict_grad_norm_uncapped_adam40k_5090/best.pt
Saved PyTorch checkpoint to results/checkpoints/strict_grad_norm_uncapped_adam40k_5090/best.pt
Saved PyTorch checkpoint to results/checkpoints/strict_grad_norm_uncapped_adam40k_5090/best.pt
Saved PyTorch checkpoint to results/checkpoints/strict_grad_norm_uncapped_adam40k_5090/best.pt
Saved PyTorch checkpoint to results/checkpoints/strict_grad_norm_uncapped_adam40k_5090/best.pt
Saved PyTorch checkpoint to results/checkpoints/strict_grad_norm_uncapped_adam40k_5090/best.pt
Saved PyTorch checkpoint to results/checkpoints/strict_grad_norm_uncapped_adam40k_5090/best.pt
Saved PyTorch checkpoint to results/checkpoints/strict_grad_norm_uncapped_adam40k_5090/best.pt
Saved PyTorch checkpoint to results/checkpoints/strict_grad_norm_uncapped_adam40k_5090/best.pt
Saved PyTorch checkpoint to results/checkpoints/strict_grad_norm_uncapped_adam40k_5090/best.pt
Saved PyTorch checkpoint to results/checkpoints/strict_grad_norm_uncapped_adam40k_5090/best.pt
Saved PyTorch checkpoint to results/checkpoints/strict_grad_norm_uncapped_adam40k_5090/best.pt
Saved PyTorch checkpoint to results/checkpoints/strict_grad_norm_uncapped_adam40k_5090/best.pt
Saved PyTorch checkpoint to results/checkpoints/strict_grad_norm_uncapped_adam40k_5090/best.pt
Saved PyTorch checkpoint to results/checkpoints/strict_grad_norm_uncapped_adam40k_5090/best.pt
Saved PyTorch checkpoint to results/checkpoints/strict_grad_norm_uncapped_adam40k_5090/best.pt
Saved PyTorch checkpoint to results/checkpoints/strict_grad_norm_uncapped_adam40k_5090/best.pt
Saved PyTorch checkpoint to results/checkpoints/strict_grad_norm_uncapped_adam40k_5090/best.pt
Saved PyTorch checkpoint to results/checkpoints/strict_grad_norm_uncapped_adam40k_5090/best.pt
Saved PyTorch checkpoint to results/checkpoints/strict_grad_norm_uncapped_adam40k_5090/best.pt
Saved PyTorch checkpoint to results/checkpoints/strict_grad_norm_uncapped_adam40k_5090/best.pt
Adam 7600 | total=9.699e-02 f=4.483e-04 ic=3.253e-06 wall=1.227e-04 inlet=1.850e-01 outlet=7.395e-07 lr=5.000e-04 | λ[f=1.00 ic=1033.52 wall=23.91 inlet=0.47 outlet=3587.29]
Saved PyTorch checkpoint to results/checkpoints/strict_grad_norm_uncapped_adam40k_5090/best.pt
Saved PyTorch checkpoint to results/checkpoints/strict_grad_norm_uncapped_adam40k_5090/best.pt
Saved PyTorch checkpoint to results/checkpoints/strict_grad_norm_uncapped_adam40k_5090/best.pt
Saved PyTorch checkpoint to results/checkpoints/strict_grad_norm_uncapped_adam40k_5090/best.pt
Saved PyTorch checkpoint to results/checkpoints/strict_grad_norm_uncapped_adam40k_5090/best.pt
Saved PyTorch checkpoint to results/checkpoints/strict_grad_norm_uncapped_adam40k_5090/best.pt
Saved PyTorch checkpoint to results/checkpoints/strict_grad_norm_uncapped_adam40k_5090/best.pt
Saved PyTorch checkpoint to results/checkpoints/strict_grad_norm_uncapped_adam40k_5090/best.pt
Saved PyTorch checkpoint to results/checkpoints/strict_grad_norm_uncapped_adam40k_5090/best.pt
Saved PyTorch checkpoint to results/checkpoints/strict_grad_norm_uncapped_adam40k_5090/best.pt
Saved PyTorch checkpoint to results/checkpoints/strict_grad_norm_uncapped_adam40k_5090/best.pt
Saved PyTorch checkpoint to results/checkpoints/strict_grad_norm_uncapped_adam40k_5090/best.pt
Saved PyTorch checkpoint to results/checkpoints/strict_grad_norm_uncapped_adam40k_5090/best.pt
Saved PyTorch checkpoint to results/checkpoints/strict_grad_norm_uncapped_adam40k_5090/best.pt
Saved PyTorch checkpoint to results/checkpoints/strict_grad_norm_uncapped_adam40k_5090/best.pt
Saved PyTorch checkpoint to results/checkpoints/strict_grad_norm_uncapped_adam40k_5090/best.pt
Saved PyTorch checkpoint to results/checkpoints/strict_grad_norm_uncapped_adam40k_5090/best.pt
Saved PyTorch checkpoint to results/checkpoints/strict_grad_norm_uncapped_adam40k_5090/best.pt
Saved PyTorch checkpoint to results/checkpoints/strict_grad_norm_uncapped_adam40k_5090/best.pt
Saved PyTorch checkpoint to results/checkpoints/strict_grad_norm_uncapped_adam40k_5090/best.pt
Saved PyTorch checkpoint to results/checkpoints/strict_grad_norm_uncapped_adam40k_5090/best.pt
Saved PyTorch checkpoint to results/checkpoints/strict_grad_norm_uncapped_adam40k_5090/best.pt
Saved PyTorch checkpoint to results/checkpoints/strict_grad_norm_uncapped_adam40k_5090/best.pt
Saved PyTorch checkpoint to results/checkpoints/strict_grad_norm_uncapped_adam40k_5090/best.pt
Saved PyTorch checkpoint to results/checkpoints/strict_grad_norm_uncapped_adam40k_5090/best.pt
Saved PyTorch checkpoint to results/checkpoints/strict_grad_norm_uncapped_adam40k_5090/best.pt
Saved PyTorch checkpoint to results/checkpoints/strict_grad_norm_uncapped_adam40k_5090/best.pt
Saved PyTorch checkpoint to results/checkpoints/strict_grad_norm_uncapped_adam40k_5090/best.pt
Saved PyTorch checkpoint to results/checkpoints/strict_grad_norm_uncapped_adam40k_5090/best.pt
Saved PyTorch checkpoint to results/checkpoints/strict_grad_norm_uncapped_adam40k_5090/best.pt
Saved PyTorch checkpoint to results/checkpoints/strict_grad_norm_uncapped_adam40k_5090/best.pt
Saved PyTorch checkpoint to results/checkpoints/strict_grad_norm_uncapped_adam40k_5090/best.pt
Saved PyTorch checkpoint to results/checkpoints/strict_grad_norm_uncapped_adam40k_5090/best.pt
Saved PyTorch checkpoint to results/checkpoints/strict_grad_norm_uncapped_adam40k_5090/best.pt
Saved PyTorch checkpoint to results/checkpoints/strict_grad_norm_uncapped_adam40k_5090/best.pt
Saved PyTorch checkpoint to results/checkpoints/strict_grad_norm_uncapped_adam40k_5090/best.pt
Saved PyTorch checkpoint to results/checkpoints/strict_grad_norm_uncapped_adam40k_5090/best.pt
Saved PyTorch checkpoint to results/checkpoints/strict_grad_norm_uncapped_adam40k_5090/best.pt
Saved PyTorch checkpoint to results/checkpoints/strict_grad_norm_uncapped_adam40k_5090/best.pt
Saved PyTorch checkpoint to results/checkpoints/strict_grad_norm_uncapped_adam40k_5090/best.pt
Saved PyTorch checkpoint to results/checkpoints/strict_grad_norm_uncapped_adam40k_5090/best.pt
Saved PyTorch checkpoint to results/checkpoints/strict_grad_norm_uncapped_adam40k_5090/best.pt
Saved PyTorch checkpoint to results/checkpoints/strict_grad_norm_uncapped_adam40k_5090/best.pt
Saved PyTorch checkpoint to results/checkpoints/strict_grad_norm_uncapped_adam40k_5090/best.pt
Saved PyTorch checkpoint to results/checkpoints/strict_grad_norm_uncapped_adam40k_5090/best.pt
Saved PyTorch checkpoint to results/checkpoints/strict_grad_norm_uncapped_adam40k_5090/best.pt
Saved PyTorch checkpoint to results/checkpoints/strict_grad_norm_uncapped_adam40k_5090/best.pt
Saved PyTorch checkpoint to results/checkpoints/strict_grad_norm_uncapped_adam40k_5090/best.pt
Saved PyTorch checkpoint to results/checkpoints/strict_grad_norm_uncapped_adam40k_5090/best.pt
Saved PyTorch checkpoint to results/checkpoints/strict_grad_norm_uncapped_adam40k_5090/best.pt
Saved PyTorch checkpoint to results/checkpoints/strict_grad_norm_uncapped_adam40k_5090/best.pt
Saved PyTorch checkpoint to results/checkpoints/strict_grad_norm_uncapped_adam40k_5090/best.pt
Saved PyTorch checkpoint to results/checkpoints/strict_grad_norm_uncapped_adam40k_5090/best.pt
Saved PyTorch checkpoint to results/checkpoints/strict_grad_norm_uncapped_adam40k_5090/best.pt
Saved PyTorch checkpoint to results/checkpoints/strict_grad_norm_uncapped_adam40k_5090/best.pt
Saved PyTorch checkpoint to results/checkpoints/strict_grad_norm_uncapped_adam40k_5090/best.pt
Saved PyTorch checkpoint to results/checkpoints/strict_grad_norm_uncapped_adam40k_5090/best.pt
Saved PyTorch checkpoint to results/checkpoints/strict_grad_norm_uncapped_adam40k_5090/best.pt
Saved PyTorch checkpoint to results/checkpoints/strict_grad_norm_uncapped_adam40k_5090/best.pt
Saved PyTorch checkpoint to results/checkpoints/strict_grad_norm_uncapped_adam40k_5090/best.pt
Saved PyTorch checkpoint to results/checkpoints/strict_grad_norm_uncapped_adam40k_5090/best.pt
Saved PyTorch checkpoint to results/checkpoints/strict_grad_norm_uncapped_adam40k_5090/best.pt
Saved PyTorch checkpoint to results/checkpoints/strict_grad_norm_uncapped_adam40k_5090/best.pt
Saved PyTorch checkpoint to results/checkpoints/strict_grad_norm_uncapped_adam40k_5090/best.pt
Saved PyTorch checkpoint to results/checkpoints/strict_grad_norm_uncapped_adam40k_5090/best.pt
Saved PyTorch checkpoint to results/checkpoints/strict_grad_norm_uncapped_adam40k_5090/best.pt
Saved PyTorch checkpoint to results/checkpoints/strict_grad_norm_uncapped_adam40k_5090/best.pt
Saved PyTorch checkpoint to results/checkpoints/strict_grad_norm_uncapped_adam40k_5090/best.pt
Saved PyTorch checkpoint to results/checkpoints/strict_grad_norm_uncapped_adam40k_5090/best.pt
Saved PyTorch checkpoint to results/checkpoints/strict_grad_norm_uncapped_adam40k_5090/best.pt
Saved PyTorch checkpoint to results/checkpoints/strict_grad_norm_uncapped_adam40k_5090/best.pt
Saved PyTorch checkpoint to results/checkpoints/strict_grad_norm_uncapped_adam40k_5090/best.pt
Saved PyTorch checkpoint to results/checkpoints/strict_grad_norm_uncapped_adam40k_5090/best.pt
Saved PyTorch checkpoint to results/checkpoints/strict_grad_norm_uncapped_adam40k_5090/best.pt
Saved PyTorch checkpoint to results/checkpoints/strict_grad_norm_uncapped_adam40k_5090/best.pt
Saved PyTorch checkpoint to results/checkpoints/strict_grad_norm_uncapped_adam40k_5090/best.pt
Saved PyTorch checkpoint to results/checkpoints/strict_grad_norm_uncapped_adam40k_5090/best.pt
Saved PyTorch checkpoint to results/checkpoints/strict_grad_norm_uncapped_adam40k_5090/best.pt
Saved PyTorch checkpoint to results/checkpoints/strict_grad_norm_uncapped_adam40k_5090/best.pt
Saved PyTorch checkpoint to results/checkpoints/strict_grad_norm_uncapped_adam40k_5090/best.pt
Saved PyTorch checkpoint to results/checkpoints/strict_grad_norm_uncapped_adam40k_5090/best.pt
Saved PyTorch checkpoint to results/checkpoints/strict_grad_norm_uncapped_adam40k_5090/best.pt
Saved PyTorch checkpoint to results/checkpoints/strict_grad_norm_uncapped_adam40k_5090/best.pt
Saved PyTorch checkpoint to results/checkpoints/strict_grad_norm_uncapped_adam40k_5090/best.pt
Saved PyTorch checkpoint to results/checkpoints/strict_grad_norm_uncapped_adam40k_5090/best.pt
Saved PyTorch checkpoint to results/checkpoints/strict_grad_norm_uncapped_adam40k_5090/best.pt
Saved PyTorch checkpoint to results/checkpoints/strict_grad_norm_uncapped_adam40k_5090/best.pt
Saved PyTorch checkpoint to results/checkpoints/strict_grad_norm_uncapped_adam40k_5090/best.pt
Saved PyTorch checkpoint to results/checkpoints/strict_grad_norm_uncapped_adam40k_5090/best.pt
Saved PyTorch checkpoint to results/checkpoints/strict_grad_norm_uncapped_adam40k_5090/best.pt
Saved PyTorch checkpoint to results/checkpoints/strict_grad_norm_uncapped_adam40k_5090/best.pt
Saved PyTorch checkpoint to results/checkpoints/strict_grad_norm_uncapped_adam40k_5090/best.pt
Saved PyTorch checkpoint to results/checkpoints/strict_grad_norm_uncapped_adam40k_5090/best.pt
Saved PyTorch checkpoint to results/checkpoints/strict_grad_norm_uncapped_adam40k_5090/best.pt
Saved PyTorch checkpoint to results/checkpoints/strict_grad_norm_uncapped_adam40k_5090/best.pt
Saved PyTorch checkpoint to results/checkpoints/strict_grad_norm_uncapped_adam40k_5090/best.pt
Saved PyTorch checkpoint to results/checkpoints/strict_grad_norm_uncapped_adam40k_5090/best.pt
Saved PyTorch checkpoint to results/checkpoints/strict_grad_norm_uncapped_adam40k_5090/best.pt
Saved PyTorch checkpoint to results/checkpoints/strict_grad_norm_uncapped_adam40k_5090/best.pt
Saved PyTorch checkpoint to results/checkpoints/strict_grad_norm_uncapped_adam40k_5090/best.pt
Adam 7700 | total=8.976e-02 f=4.307e-04 ic=2.721e-06 wall=1.171e-04 inlet=1.854e-01 outlet=4.937e-07 lr=5.000e-04 | λ[f=1.00 ic=1049.19 wall=23.23 inlet=0.44 outlet=3971.64]
Saved PyTorch checkpoint to results/checkpoints/strict_grad_norm_uncapped_adam40k_5090/best.pt
Saved PyTorch checkpoint to results/checkpoints/strict_grad_norm_uncapped_adam40k_5090/best.pt
Saved PyTorch checkpoint to results/checkpoints/strict_grad_norm_uncapped_adam40k_5090/best.pt
Saved PyTorch checkpoint to results/checkpoints/strict_grad_norm_uncapped_adam40k_5090/best.pt
Saved PyTorch checkpoint to results/checkpoints/strict_grad_norm_uncapped_adam40k_5090/best.pt
Saved PyTorch checkpoint to results/checkpoints/strict_grad_norm_uncapped_adam40k_5090/best.pt
Saved PyTorch checkpoint to results/checkpoints/strict_grad_norm_uncapped_adam40k_5090/best.pt
Saved PyTorch checkpoint to results/checkpoints/strict_grad_norm_uncapped_adam40k_5090/best.pt
Saved PyTorch checkpoint to results/checkpoints/strict_grad_norm_uncapped_adam40k_5090/best.pt
Saved PyTorch checkpoint to results/checkpoints/strict_grad_norm_uncapped_adam40k_5090/best.pt
Saved PyTorch checkpoint to results/checkpoints/strict_grad_norm_uncapped_adam40k_5090/best.pt
Saved PyTorch checkpoint to results/checkpoints/strict_grad_norm_uncapped_adam40k_5090/best.pt
Saved PyTorch checkpoint to results/checkpoints/strict_grad_norm_uncapped_adam40k_5090/best.pt
Saved PyTorch checkpoint to results/checkpoints/strict_grad_norm_uncapped_adam40k_5090/best.pt
Saved PyTorch checkpoint to results/checkpoints/strict_grad_norm_uncapped_adam40k_5090/best.pt
Saved PyTorch checkpoint to results/checkpoints/strict_grad_norm_uncapped_adam40k_5090/best.pt
Saved PyTorch checkpoint to results/checkpoints/strict_grad_norm_uncapped_adam40k_5090/best.pt
Saved PyTorch checkpoint to results/checkpoints/strict_grad_norm_uncapped_adam40k_5090/best.pt
Saved PyTorch checkpoint to results/checkpoints/strict_grad_norm_uncapped_adam40k_5090/best.pt
Saved PyTorch checkpoint to results/checkpoints/strict_grad_norm_uncapped_adam40k_5090/best.pt
Saved PyTorch checkpoint to results/checkpoints/strict_grad_norm_uncapped_adam40k_5090/best.pt
Saved PyTorch checkpoint to results/checkpoints/strict_grad_norm_uncapped_adam40k_5090/best.pt
Saved PyTorch checkpoint to results/checkpoints/strict_grad_norm_uncapped_adam40k_5090/best.pt
Saved PyTorch checkpoint to results/checkpoints/strict_grad_norm_uncapped_adam40k_5090/best.pt
Saved PyTorch checkpoint to results/checkpoints/strict_grad_norm_uncapped_adam40k_5090/best.pt
Saved PyTorch checkpoint to results/checkpoints/strict_grad_norm_uncapped_adam40k_5090/best.pt
Saved PyTorch checkpoint to results/checkpoints/strict_grad_norm_uncapped_adam40k_5090/best.pt
Saved PyTorch checkpoint to results/checkpoints/strict_grad_norm_uncapped_adam40k_5090/best.pt
Saved PyTorch checkpoint to results/checkpoints/strict_grad_norm_uncapped_adam40k_5090/best.pt
Saved PyTorch checkpoint to results/checkpoints/strict_grad_norm_uncapped_adam40k_5090/best.pt
Saved PyTorch checkpoint to results/checkpoints/strict_grad_norm_uncapped_adam40k_5090/best.pt
Saved PyTorch checkpoint to results/checkpoints/strict_grad_norm_uncapped_adam40k_5090/best.pt
Saved PyTorch checkpoint to results/checkpoints/strict_grad_norm_uncapped_adam40k_5090/best.pt
Saved PyTorch checkpoint to results/checkpoints/strict_grad_norm_uncapped_adam40k_5090/best.pt
Saved PyTorch checkpoint to results/checkpoints/strict_grad_norm_uncapped_adam40k_5090/best.pt
Saved PyTorch checkpoint to results/checkpoints/strict_grad_norm_uncapped_adam40k_5090/best.pt
Saved PyTorch checkpoint to results/checkpoints/strict_grad_norm_uncapped_adam40k_5090/best.pt
Saved PyTorch checkpoint to results/checkpoints/strict_grad_norm_uncapped_adam40k_5090/best.pt
Saved PyTorch checkpoint to results/checkpoints/strict_grad_norm_uncapped_adam40k_5090/best.pt
Saved PyTorch checkpoint to results/checkpoints/strict_grad_norm_uncapped_adam40k_5090/best.pt
Saved PyTorch checkpoint to results/checkpoints/strict_grad_norm_uncapped_adam40k_5090/best.pt
Saved PyTorch checkpoint to results/checkpoints/strict_grad_norm_uncapped_adam40k_5090/best.pt
Saved PyTorch checkpoint to results/checkpoints/strict_grad_norm_uncapped_adam40k_5090/best.pt
Saved PyTorch checkpoint to results/checkpoints/strict_grad_norm_uncapped_adam40k_5090/best.pt
Saved PyTorch checkpoint to results/checkpoints/strict_grad_norm_uncapped_adam40k_5090/best.pt
Saved PyTorch checkpoint to results/checkpoints/strict_grad_norm_uncapped_adam40k_5090/best.pt
Saved PyTorch checkpoint to results/checkpoints/strict_grad_norm_uncapped_adam40k_5090/best.pt
Saved PyTorch checkpoint to results/checkpoints/strict_grad_norm_uncapped_adam40k_5090/best.pt
Saved PyTorch checkpoint to results/checkpoints/strict_grad_norm_uncapped_adam40k_5090/best.pt
Saved PyTorch checkpoint to results/checkpoints/strict_grad_norm_uncapped_adam40k_5090/best.pt
Saved PyTorch checkpoint to results/checkpoints/strict_grad_norm_uncapped_adam40k_5090/best.pt
Saved PyTorch checkpoint to results/checkpoints/strict_grad_norm_uncapped_adam40k_5090/best.pt
Saved PyTorch checkpoint to results/checkpoints/strict_grad_norm_uncapped_adam40k_5090/best.pt
Saved PyTorch checkpoint to results/checkpoints/strict_grad_norm_uncapped_adam40k_5090/best.pt
Saved PyTorch checkpoint to results/checkpoints/strict_grad_norm_uncapped_adam40k_5090/best.pt
Saved PyTorch checkpoint to results/checkpoints/strict_grad_norm_uncapped_adam40k_5090/best.pt
Saved PyTorch checkpoint to results/checkpoints/strict_grad_norm_uncapped_adam40k_5090/best.pt
Saved PyTorch checkpoint to results/checkpoints/strict_grad_norm_uncapped_adam40k_5090/best.pt
Saved PyTorch checkpoint to results/checkpoints/strict_grad_norm_uncapped_adam40k_5090/best.pt
Saved PyTorch checkpoint to results/checkpoints/strict_grad_norm_uncapped_adam40k_5090/best.pt
Saved PyTorch checkpoint to results/checkpoints/strict_grad_norm_uncapped_adam40k_5090/best.pt
Saved PyTorch checkpoint to results/checkpoints/strict_grad_norm_uncapped_adam40k_5090/best.pt
Saved PyTorch checkpoint to results/checkpoints/strict_grad_norm_uncapped_adam40k_5090/best.pt
Saved PyTorch checkpoint to results/checkpoints/strict_grad_norm_uncapped_adam40k_5090/best.pt
Saved PyTorch checkpoint to results/checkpoints/strict_grad_norm_uncapped_adam40k_5090/best.pt
Saved PyTorch checkpoint to results/checkpoints/strict_grad_norm_uncapped_adam40k_5090/best.pt
Saved PyTorch checkpoint to results/checkpoints/strict_grad_norm_uncapped_adam40k_5090/best.pt
Saved PyTorch checkpoint to results/checkpoints/strict_grad_norm_uncapped_adam40k_5090/best.pt
Saved PyTorch checkpoint to results/checkpoints/strict_grad_norm_uncapped_adam40k_5090/best.pt
Saved PyTorch checkpoint to results/checkpoints/strict_grad_norm_uncapped_adam40k_5090/best.pt
Saved PyTorch checkpoint to results/checkpoints/strict_grad_norm_uncapped_adam40k_5090/best.pt
Saved PyTorch checkpoint to results/checkpoints/strict_grad_norm_uncapped_adam40k_5090/best.pt
Saved PyTorch checkpoint to results/checkpoints/strict_grad_norm_uncapped_adam40k_5090/best.pt
Saved PyTorch checkpoint to results/checkpoints/strict_grad_norm_uncapped_adam40k_5090/best.pt
Saved PyTorch checkpoint to results/checkpoints/strict_grad_norm_uncapped_adam40k_5090/best.pt
Saved PyTorch checkpoint to results/checkpoints/strict_grad_norm_uncapped_adam40k_5090/best.pt
Saved PyTorch checkpoint to results/checkpoints/strict_grad_norm_uncapped_adam40k_5090/best.pt
Saved PyTorch checkpoint to results/checkpoints/strict_grad_norm_uncapped_adam40k_5090/best.pt
Saved PyTorch checkpoint to results/checkpoints/strict_grad_norm_uncapped_adam40k_5090/best.pt
Saved PyTorch checkpoint to results/checkpoints/strict_grad_norm_uncapped_adam40k_5090/best.pt
Saved PyTorch checkpoint to results/checkpoints/strict_grad_norm_uncapped_adam40k_5090/best.pt
Saved PyTorch checkpoint to results/checkpoints/strict_grad_norm_uncapped_adam40k_5090/best.pt
Saved PyTorch checkpoint to results/checkpoints/strict_grad_norm_uncapped_adam40k_5090/best.pt
Saved PyTorch checkpoint to results/checkpoints/strict_grad_norm_uncapped_adam40k_5090/best.pt
Saved PyTorch checkpoint to results/checkpoints/strict_grad_norm_uncapped_adam40k_5090/best.pt
Saved PyTorch checkpoint to results/checkpoints/strict_grad_norm_uncapped_adam40k_5090/best.pt
Saved PyTorch checkpoint to results/checkpoints/strict_grad_norm_uncapped_adam40k_5090/best.pt
Saved PyTorch checkpoint to results/checkpoints/strict_grad_norm_uncapped_adam40k_5090/best.pt
Saved PyTorch checkpoint to results/checkpoints/strict_grad_norm_uncapped_adam40k_5090/best.pt
Saved PyTorch checkpoint to results/checkpoints/strict_grad_norm_uncapped_adam40k_5090/best.pt
Saved PyTorch checkpoint to results/checkpoints/strict_grad_norm_uncapped_adam40k_5090/best.pt
Saved PyTorch checkpoint to results/checkpoints/strict_grad_norm_uncapped_adam40k_5090/best.pt
Saved PyTorch checkpoint to results/checkpoints/strict_grad_norm_uncapped_adam40k_5090/best.pt
Saved PyTorch checkpoint to results/checkpoints/strict_grad_norm_uncapped_adam40k_5090/best.pt
Saved PyTorch checkpoint to results/checkpoints/strict_grad_norm_uncapped_adam40k_5090/best.pt
Saved PyTorch checkpoint to results/checkpoints/strict_grad_norm_uncapped_adam40k_5090/best.pt
Saved PyTorch checkpoint to results/checkpoints/strict_grad_norm_uncapped_adam40k_5090/best.pt
Saved PyTorch checkpoint to results/checkpoints/strict_grad_norm_uncapped_adam40k_5090/best.pt
Saved PyTorch checkpoint to results/checkpoints/strict_grad_norm_uncapped_adam40k_5090/best.pt
Saved PyTorch checkpoint to results/checkpoints/strict_grad_norm_uncapped_adam40k_5090/best.pt
Adam 7800 | total=8.230e-02 f=4.146e-04 ic=2.317e-06 wall=1.119e-04 inlet=1.857e-01 outlet=3.159e-07 lr=5.000e-04 | λ[f=1.00 ic=1047.69 wall=22.33 inlet=0.41 outlet=4551.77]
Saved PyTorch checkpoint to results/checkpoints/strict_grad_norm_uncapped_adam40k_5090/best.pt
Saved PyTorch checkpoint to results/checkpoints/strict_grad_norm_uncapped_adam40k_5090/best.pt
Saved PyTorch checkpoint to results/checkpoints/strict_grad_norm_uncapped_adam40k_5090/best.pt
Saved PyTorch checkpoint to results/checkpoints/strict_grad_norm_uncapped_adam40k_5090/best.pt
Saved PyTorch checkpoint to results/checkpoints/strict_grad_norm_uncapped_adam40k_5090/best.pt
Saved PyTorch checkpoint to results/checkpoints/strict_grad_norm_uncapped_adam40k_5090/best.pt
Saved PyTorch checkpoint to results/checkpoints/strict_grad_norm_uncapped_adam40k_5090/best.pt
Saved PyTorch checkpoint to results/checkpoints/strict_grad_norm_uncapped_adam40k_5090/best.pt
Saved PyTorch checkpoint to results/checkpoints/strict_grad_norm_uncapped_adam40k_5090/best.pt
Saved PyTorch checkpoint to results/checkpoints/strict_grad_norm_uncapped_adam40k_5090/best.pt
Saved PyTorch checkpoint to results/checkpoints/strict_grad_norm_uncapped_adam40k_5090/best.pt
Saved PyTorch checkpoint to results/checkpoints/strict_grad_norm_uncapped_adam40k_5090/best.pt
Saved PyTorch checkpoint to results/checkpoints/strict_grad_norm_uncapped_adam40k_5090/best.pt
Saved PyTorch checkpoint to results/checkpoints/strict_grad_norm_uncapped_adam40k_5090/best.pt
Saved PyTorch checkpoint to results/checkpoints/strict_grad_norm_uncapped_adam40k_5090/best.pt
Saved PyTorch checkpoint to results/checkpoints/strict_grad_norm_uncapped_adam40k_5090/best.pt
Saved PyTorch checkpoint to results/checkpoints/strict_grad_norm_uncapped_adam40k_5090/best.pt
Saved PyTorch checkpoint to results/checkpoints/strict_grad_norm_uncapped_adam40k_5090/best.pt
Saved PyTorch checkpoint to results/checkpoints/strict_grad_norm_uncapped_adam40k_5090/best.pt
Saved PyTorch checkpoint to results/checkpoints/strict_grad_norm_uncapped_adam40k_5090/best.pt
Saved PyTorch checkpoint to results/checkpoints/strict_grad_norm_uncapped_adam40k_5090/best.pt
Saved PyTorch checkpoint to results/checkpoints/strict_grad_norm_uncapped_adam40k_5090/best.pt
Saved PyTorch checkpoint to results/checkpoints/strict_grad_norm_uncapped_adam40k_5090/best.pt
Saved PyTorch checkpoint to results/checkpoints/strict_grad_norm_uncapped_adam40k_5090/best.pt
Saved PyTorch checkpoint to results/checkpoints/strict_grad_norm_uncapped_adam40k_5090/best.pt
Saved PyTorch checkpoint to results/checkpoints/strict_grad_norm_uncapped_adam40k_5090/best.pt
Saved PyTorch checkpoint to results/checkpoints/strict_grad_norm_uncapped_adam40k_5090/best.pt
Saved PyTorch checkpoint to results/checkpoints/strict_grad_norm_uncapped_adam40k_5090/best.pt
Saved PyTorch checkpoint to results/checkpoints/strict_grad_norm_uncapped_adam40k_5090/best.pt
Saved PyTorch checkpoint to results/checkpoints/strict_grad_norm_uncapped_adam40k_5090/best.pt
Saved PyTorch checkpoint to results/checkpoints/strict_grad_norm_uncapped_adam40k_5090/best.pt
Saved PyTorch checkpoint to results/checkpoints/strict_grad_norm_uncapped_adam40k_5090/best.pt
Saved PyTorch checkpoint to results/checkpoints/strict_grad_norm_uncapped_adam40k_5090/best.pt
Saved PyTorch checkpoint to results/checkpoints/strict_grad_norm_uncapped_adam40k_5090/best.pt
Saved PyTorch checkpoint to results/checkpoints/strict_grad_norm_uncapped_adam40k_5090/best.pt
Saved PyTorch checkpoint to results/checkpoints/strict_grad_norm_uncapped_adam40k_5090/best.pt
Saved PyTorch checkpoint to results/checkpoints/strict_grad_norm_uncapped_adam40k_5090/best.pt
Saved PyTorch checkpoint to results/checkpoints/strict_grad_norm_uncapped_adam40k_5090/best.pt
Saved PyTorch checkpoint to results/checkpoints/strict_grad_norm_uncapped_adam40k_5090/best.pt
Saved PyTorch checkpoint to results/checkpoints/strict_grad_norm_uncapped_adam40k_5090/best.pt
Saved PyTorch checkpoint to results/checkpoints/strict_grad_norm_uncapped_adam40k_5090/best.pt
Saved PyTorch checkpoint to results/checkpoints/strict_grad_norm_uncapped_adam40k_5090/best.pt
Saved PyTorch checkpoint to results/checkpoints/strict_grad_norm_uncapped_adam40k_5090/best.pt
Saved PyTorch checkpoint to results/checkpoints/strict_grad_norm_uncapped_adam40k_5090/best.pt
Saved PyTorch checkpoint to results/checkpoints/strict_grad_norm_uncapped_adam40k_5090/best.pt
Saved PyTorch checkpoint to results/checkpoints/strict_grad_norm_uncapped_adam40k_5090/best.pt
Saved PyTorch checkpoint to results/checkpoints/strict_grad_norm_uncapped_adam40k_5090/best.pt
Saved PyTorch checkpoint to results/checkpoints/strict_grad_norm_uncapped_adam40k_5090/best.pt
Saved PyTorch checkpoint to results/checkpoints/strict_grad_norm_uncapped_adam40k_5090/best.pt
Saved PyTorch checkpoint to results/checkpoints/strict_grad_norm_uncapped_adam40k_5090/best.pt
Saved PyTorch checkpoint to results/checkpoints/strict_grad_norm_uncapped_adam40k_5090/best.pt
Saved PyTorch checkpoint to results/checkpoints/strict_grad_norm_uncapped_adam40k_5090/best.pt
Saved PyTorch checkpoint to results/checkpoints/strict_grad_norm_uncapped_adam40k_5090/best.pt
Saved PyTorch checkpoint to results/checkpoints/strict_grad_norm_uncapped_adam40k_5090/best.pt
Saved PyTorch checkpoint to results/checkpoints/strict_grad_norm_uncapped_adam40k_5090/best.pt
Saved PyTorch checkpoint to results/checkpoints/strict_grad_norm_uncapped_adam40k_5090/best.pt
Saved PyTorch checkpoint to results/checkpoints/strict_grad_norm_uncapped_adam40k_5090/best.pt
Saved PyTorch checkpoint to results/checkpoints/strict_grad_norm_uncapped_adam40k_5090/best.pt
Saved PyTorch checkpoint to results/checkpoints/strict_grad_norm_uncapped_adam40k_5090/best.pt
Saved PyTorch checkpoint to results/checkpoints/strict_grad_norm_uncapped_adam40k_5090/best.pt
Saved PyTorch checkpoint to results/checkpoints/strict_grad_norm_uncapped_adam40k_5090/best.pt
Saved PyTorch checkpoint to results/checkpoints/strict_grad_norm_uncapped_adam40k_5090/best.pt
Saved PyTorch checkpoint to results/checkpoints/strict_grad_norm_uncapped_adam40k_5090/best.pt
Saved PyTorch checkpoint to results/checkpoints/strict_grad_norm_uncapped_adam40k_5090/best.pt
Saved PyTorch checkpoint to results/checkpoints/strict_grad_norm_uncapped_adam40k_5090/best.pt
Saved PyTorch checkpoint to results/checkpoints/strict_grad_norm_uncapped_adam40k_5090/best.pt
Saved PyTorch checkpoint to results/checkpoints/strict_grad_norm_uncapped_adam40k_5090/best.pt
Saved PyTorch checkpoint to results/checkpoints/strict_grad_norm_uncapped_adam40k_5090/best.pt
Saved PyTorch checkpoint to results/checkpoints/strict_grad_norm_uncapped_adam40k_5090/best.pt
Saved PyTorch checkpoint to results/checkpoints/strict_grad_norm_uncapped_adam40k_5090/best.pt
Saved PyTorch checkpoint to results/checkpoints/strict_grad_norm_uncapped_adam40k_5090/best.pt
Saved PyTorch checkpoint to results/checkpoints/strict_grad_norm_uncapped_adam40k_5090/best.pt
Saved PyTorch checkpoint to results/checkpoints/strict_grad_norm_uncapped_adam40k_5090/best.pt
Saved PyTorch checkpoint to results/checkpoints/strict_grad_norm_uncapped_adam40k_5090/best.pt
Saved PyTorch checkpoint to results/checkpoints/strict_grad_norm_uncapped_adam40k_5090/best.pt
Saved PyTorch checkpoint to results/checkpoints/strict_grad_norm_uncapped_adam40k_5090/best.pt
Saved PyTorch checkpoint to results/checkpoints/strict_grad_norm_uncapped_adam40k_5090/best.pt
Saved PyTorch checkpoint to results/checkpoints/strict_grad_norm_uncapped_adam40k_5090/best.pt
Saved PyTorch checkpoint to results/checkpoints/strict_grad_norm_uncapped_adam40k_5090/best.pt
Saved PyTorch checkpoint to results/checkpoints/strict_grad_norm_uncapped_adam40k_5090/best.pt
Saved PyTorch checkpoint to results/checkpoints/strict_grad_norm_uncapped_adam40k_5090/best.pt
Saved PyTorch checkpoint to results/checkpoints/strict_grad_norm_uncapped_adam40k_5090/best.pt
Saved PyTorch checkpoint to results/checkpoints/strict_grad_norm_uncapped_adam40k_5090/best.pt
Saved PyTorch checkpoint to results/checkpoints/strict_grad_norm_uncapped_adam40k_5090/best.pt
Saved PyTorch checkpoint to results/checkpoints/strict_grad_norm_uncapped_adam40k_5090/best.pt
Saved PyTorch checkpoint to results/checkpoints/strict_grad_norm_uncapped_adam40k_5090/best.pt
Saved PyTorch checkpoint to results/checkpoints/strict_grad_norm_uncapped_adam40k_5090/best.pt
Saved PyTorch checkpoint to results/checkpoints/strict_grad_norm_uncapped_adam40k_5090/best.pt
Saved PyTorch checkpoint to results/checkpoints/strict_grad_norm_uncapped_adam40k_5090/best.pt
Saved PyTorch checkpoint to results/checkpoints/strict_grad_norm_uncapped_adam40k_5090/best.pt
Saved PyTorch checkpoint to results/checkpoints/strict_grad_norm_uncapped_adam40k_5090/best.pt
Saved PyTorch checkpoint to results/checkpoints/strict_grad_norm_uncapped_adam40k_5090/best.pt
Saved PyTorch checkpoint to results/checkpoints/strict_grad_norm_uncapped_adam40k_5090/best.pt
Saved PyTorch checkpoint to results/checkpoints/strict_grad_norm_uncapped_adam40k_5090/best.pt
Saved PyTorch checkpoint to results/checkpoints/strict_grad_norm_uncapped_adam40k_5090/best.pt
Saved PyTorch checkpoint to results/checkpoints/strict_grad_norm_uncapped_adam40k_5090/best.pt
Saved PyTorch checkpoint to results/checkpoints/strict_grad_norm_uncapped_adam40k_5090/best.pt
Saved PyTorch checkpoint to results/checkpoints/strict_grad_norm_uncapped_adam40k_5090/best.pt
Saved PyTorch checkpoint to results/checkpoints/strict_grad_norm_uncapped_adam40k_5090/best.pt
Saved PyTorch checkpoint to results/checkpoints/strict_grad_norm_uncapped_adam40k_5090/best.pt
Adam 7900 | total=7.512e-02 f=3.997e-04 ic=2.010e-06 wall=1.070e-04 inlet=1.860e-01 outlet=1.946e-07 lr=5.000e-04 | λ[f=1.00 ic=1033.16 wall=21.33 inlet=0.37 outlet=5432.57]
Saved PyTorch checkpoint to results/checkpoints/strict_grad_norm_uncapped_adam40k_5090/best.pt
Saved PyTorch checkpoint to results/checkpoints/strict_grad_norm_uncapped_adam40k_5090/best.pt
Saved PyTorch checkpoint to results/checkpoints/strict_grad_norm_uncapped_adam40k_5090/best.pt
Saved PyTorch checkpoint to results/checkpoints/strict_grad_norm_uncapped_adam40k_5090/best.pt
Saved PyTorch checkpoint to results/checkpoints/strict_grad_norm_uncapped_adam40k_5090/best.pt
Saved PyTorch checkpoint to results/checkpoints/strict_grad_norm_uncapped_adam40k_5090/best.pt
Saved PyTorch checkpoint to results/checkpoints/strict_grad_norm_uncapped_adam40k_5090/best.pt
Saved PyTorch checkpoint to results/checkpoints/strict_grad_norm_uncapped_adam40k_5090/best.pt
Saved PyTorch checkpoint to results/checkpoints/strict_grad_norm_uncapped_adam40k_5090/best.pt
Saved PyTorch checkpoint to results/checkpoints/strict_grad_norm_uncapped_adam40k_5090/best.pt
Saved PyTorch checkpoint to results/checkpoints/strict_grad_norm_uncapped_adam40k_5090/best.pt
Saved PyTorch checkpoint to results/checkpoints/strict_grad_norm_uncapped_adam40k_5090/best.pt
Saved PyTorch checkpoint to results/checkpoints/strict_grad_norm_uncapped_adam40k_5090/best.pt
Saved PyTorch checkpoint to results/checkpoints/strict_grad_norm_uncapped_adam40k_5090/best.pt
Saved PyTorch checkpoint to results/checkpoints/strict_grad_norm_uncapped_adam40k_5090/best.pt
Saved PyTorch checkpoint to results/checkpoints/strict_grad_norm_uncapped_adam40k_5090/best.pt
Saved PyTorch checkpoint to results/checkpoints/strict_grad_norm_uncapped_adam40k_5090/best.pt
Saved PyTorch checkpoint to results/checkpoints/strict_grad_norm_uncapped_adam40k_5090/best.pt
Saved PyTorch checkpoint to results/checkpoints/strict_grad_norm_uncapped_adam40k_5090/best.pt
Saved PyTorch checkpoint to results/checkpoints/strict_grad_norm_uncapped_adam40k_5090/best.pt
Saved PyTorch checkpoint to results/checkpoints/strict_grad_norm_uncapped_adam40k_5090/best.pt
Saved PyTorch checkpoint to results/checkpoints/strict_grad_norm_uncapped_adam40k_5090/best.pt
Saved PyTorch checkpoint to results/checkpoints/strict_grad_norm_uncapped_adam40k_5090/best.pt
Saved PyTorch checkpoint to results/checkpoints/strict_grad_norm_uncapped_adam40k_5090/best.pt
Saved PyTorch checkpoint to results/checkpoints/strict_grad_norm_uncapped_adam40k_5090/best.pt
Saved PyTorch checkpoint to results/checkpoints/strict_grad_norm_uncapped_adam40k_5090/best.pt
Saved PyTorch checkpoint to results/checkpoints/strict_grad_norm_uncapped_adam40k_5090/best.pt
Saved PyTorch checkpoint to results/checkpoints/strict_grad_norm_uncapped_adam40k_5090/best.pt
Saved PyTorch checkpoint to results/checkpoints/strict_grad_norm_uncapped_adam40k_5090/best.pt
Saved PyTorch checkpoint to results/checkpoints/strict_grad_norm_uncapped_adam40k_5090/best.pt
Saved PyTorch checkpoint to results/checkpoints/strict_grad_norm_uncapped_adam40k_5090/best.pt
Saved PyTorch checkpoint to results/checkpoints/strict_grad_norm_uncapped_adam40k_5090/best.pt
Saved PyTorch checkpoint to results/checkpoints/strict_grad_norm_uncapped_adam40k_5090/best.pt
Saved PyTorch checkpoint to results/checkpoints/strict_grad_norm_uncapped_adam40k_5090/best.pt
Saved PyTorch checkpoint to results/checkpoints/strict_grad_norm_uncapped_adam40k_5090/best.pt
Saved PyTorch checkpoint to results/checkpoints/strict_grad_norm_uncapped_adam40k_5090/best.pt
Saved PyTorch checkpoint to results/checkpoints/strict_grad_norm_uncapped_adam40k_5090/best.pt
Saved PyTorch checkpoint to results/checkpoints/strict_grad_norm_uncapped_adam40k_5090/best.pt
Saved PyTorch checkpoint to results/checkpoints/strict_grad_norm_uncapped_adam40k_5090/best.pt
Saved PyTorch checkpoint to results/checkpoints/strict_grad_norm_uncapped_adam40k_5090/best.pt
Saved PyTorch checkpoint to results/checkpoints/strict_grad_norm_uncapped_adam40k_5090/best.pt
Saved PyTorch checkpoint to results/checkpoints/strict_grad_norm_uncapped_adam40k_5090/best.pt
Saved PyTorch checkpoint to results/checkpoints/strict_grad_norm_uncapped_adam40k_5090/best.pt
Saved PyTorch checkpoint to results/checkpoints/strict_grad_norm_uncapped_adam40k_5090/best.pt
Saved PyTorch checkpoint to results/checkpoints/strict_grad_norm_uncapped_adam40k_5090/best.pt
Saved PyTorch checkpoint to results/checkpoints/strict_grad_norm_uncapped_adam40k_5090/best.pt
Saved PyTorch checkpoint to results/checkpoints/strict_grad_norm_uncapped_adam40k_5090/best.pt
Saved PyTorch checkpoint to results/checkpoints/strict_grad_norm_uncapped_adam40k_5090/best.pt
Saved PyTorch checkpoint to results/checkpoints/strict_grad_norm_uncapped_adam40k_5090/best.pt
Saved PyTorch checkpoint to results/checkpoints/strict_grad_norm_uncapped_adam40k_5090/best.pt
Saved PyTorch checkpoint to results/checkpoints/strict_grad_norm_uncapped_adam40k_5090/best.pt
Saved PyTorch checkpoint to results/checkpoints/strict_grad_norm_uncapped_adam40k_5090/best.pt
Saved PyTorch checkpoint to results/checkpoints/strict_grad_norm_uncapped_adam40k_5090/best.pt
Saved PyTorch checkpoint to results/checkpoints/strict_grad_norm_uncapped_adam40k_5090/best.pt
Saved PyTorch checkpoint to results/checkpoints/strict_grad_norm_uncapped_adam40k_5090/best.pt
Saved PyTorch checkpoint to results/checkpoints/strict_grad_norm_uncapped_adam40k_5090/best.pt
Saved PyTorch checkpoint to results/checkpoints/strict_grad_norm_uncapped_adam40k_5090/best.pt
Saved PyTorch checkpoint to results/checkpoints/strict_grad_norm_uncapped_adam40k_5090/best.pt
Saved PyTorch checkpoint to results/checkpoints/strict_grad_norm_uncapped_adam40k_5090/best.pt
Saved PyTorch checkpoint to results/checkpoints/strict_grad_norm_uncapped_adam40k_5090/best.pt
Saved PyTorch checkpoint to results/checkpoints/strict_grad_norm_uncapped_adam40k_5090/best.pt
Saved PyTorch checkpoint to results/checkpoints/strict_grad_norm_uncapped_adam40k_5090/best.pt
Saved PyTorch checkpoint to results/checkpoints/strict_grad_norm_uncapped_adam40k_5090/best.pt
Saved PyTorch checkpoint to results/checkpoints/strict_grad_norm_uncapped_adam40k_5090/best.pt
Saved PyTorch checkpoint to results/checkpoints/strict_grad_norm_uncapped_adam40k_5090/best.pt
Saved PyTorch checkpoint to results/checkpoints/strict_grad_norm_uncapped_adam40k_5090/best.pt
Saved PyTorch checkpoint to results/checkpoints/strict_grad_norm_uncapped_adam40k_5090/best.pt
Saved PyTorch checkpoint to results/checkpoints/strict_grad_norm_uncapped_adam40k_5090/best.pt
Saved PyTorch checkpoint to results/checkpoints/strict_grad_norm_uncapped_adam40k_5090/best.pt
Saved PyTorch checkpoint to results/checkpoints/strict_grad_norm_uncapped_adam40k_5090/best.pt
Saved PyTorch checkpoint to results/checkpoints/strict_grad_norm_uncapped_adam40k_5090/best.pt
Saved PyTorch checkpoint to results/checkpoints/strict_grad_norm_uncapped_adam40k_5090/best.pt
Saved PyTorch checkpoint to results/checkpoints/strict_grad_norm_uncapped_adam40k_5090/best.pt
Saved PyTorch checkpoint to results/checkpoints/strict_grad_norm_uncapped_adam40k_5090/best.pt
Saved PyTorch checkpoint to results/checkpoints/strict_grad_norm_uncapped_adam40k_5090/best.pt
Saved PyTorch checkpoint to results/checkpoints/strict_grad_norm_uncapped_adam40k_5090/best.pt
Saved PyTorch checkpoint to results/checkpoints/strict_grad_norm_uncapped_adam40k_5090/best.pt
Saved PyTorch checkpoint to results/checkpoints/strict_grad_norm_uncapped_adam40k_5090/best.pt
Saved PyTorch checkpoint to results/checkpoints/strict_grad_norm_uncapped_adam40k_5090/best.pt
Saved PyTorch checkpoint to results/checkpoints/strict_grad_norm_uncapped_adam40k_5090/best.pt
Saved PyTorch checkpoint to results/checkpoints/strict_grad_norm_uncapped_adam40k_5090/best.pt
Saved PyTorch checkpoint to results/checkpoints/strict_grad_norm_uncapped_adam40k_5090/best.pt
Saved PyTorch checkpoint to results/checkpoints/strict_grad_norm_uncapped_adam40k_5090/best.pt
Saved PyTorch checkpoint to results/checkpoints/strict_grad_norm_uncapped_adam40k_5090/best.pt
Saved PyTorch checkpoint to results/checkpoints/strict_grad_norm_uncapped_adam40k_5090/best.pt
Saved PyTorch checkpoint to results/checkpoints/strict_grad_norm_uncapped_adam40k_5090/best.pt
Saved PyTorch checkpoint to results/checkpoints/strict_grad_norm_uncapped_adam40k_5090/best.pt
Saved PyTorch checkpoint to results/checkpoints/strict_grad_norm_uncapped_adam40k_5090/best.pt
Saved PyTorch checkpoint to results/checkpoints/strict_grad_norm_uncapped_adam40k_5090/best.pt
Saved PyTorch checkpoint to results/checkpoints/strict_grad_norm_uncapped_adam40k_5090/best.pt
Saved PyTorch checkpoint to results/checkpoints/strict_grad_norm_uncapped_adam40k_5090/best.pt
Saved PyTorch checkpoint to results/checkpoints/strict_grad_norm_uncapped_adam40k_5090/best.pt
Saved PyTorch checkpoint to results/checkpoints/strict_grad_norm_uncapped_adam40k_5090/best.pt
Saved PyTorch checkpoint to results/checkpoints/strict_grad_norm_uncapped_adam40k_5090/best.pt
Saved PyTorch checkpoint to results/checkpoints/strict_grad_norm_uncapped_adam40k_5090/best.pt
Saved PyTorch checkpoint to results/checkpoints/strict_grad_norm_uncapped_adam40k_5090/best.pt
Saved PyTorch checkpoint to results/checkpoints/strict_grad_norm_uncapped_adam40k_5090/best.pt
Saved PyTorch checkpoint to results/checkpoints/strict_grad_norm_uncapped_adam40k_5090/best.pt
Saved PyTorch checkpoint to results/checkpoints/strict_grad_norm_uncapped_adam40k_5090/best.pt
Saved PyTorch checkpoint to results/checkpoints/strict_grad_norm_uncapped_adam40k_5090/best.pt
Adam 8000 | total=6.847e-02 f=3.858e-04 ic=1.779e-06 wall=1.024e-04 inlet=1.863e-01 outlet=1.182e-07 lr=5.000e-04 | λ[f=1.00 ic=1008.01 wall=20.29 inlet=0.34 outlet=6745.43]
Saved PyTorch checkpoint to results/checkpoints/strict_grad_norm_uncapped_adam40k_5090/best.pt
Saved PyTorch checkpoint to results/checkpoints/strict_grad_norm_uncapped_adam40k_5090/best.pt
Saved PyTorch checkpoint to results/checkpoints/strict_grad_norm_uncapped_adam40k_5090/best.pt
Saved PyTorch checkpoint to results/checkpoints/strict_grad_norm_uncapped_adam40k_5090/best.pt
Saved PyTorch checkpoint to results/checkpoints/strict_grad_norm_uncapped_adam40k_5090/best.pt
Saved PyTorch checkpoint to results/checkpoints/strict_grad_norm_uncapped_adam40k_5090/best.pt
Saved PyTorch checkpoint to results/checkpoints/strict_grad_norm_uncapped_adam40k_5090/best.pt
Saved PyTorch checkpoint to results/checkpoints/strict_grad_norm_uncapped_adam40k_5090/best.pt
Saved PyTorch checkpoint to results/checkpoints/strict_grad_norm_uncapped_adam40k_5090/best.pt
Saved PyTorch checkpoint to results/checkpoints/strict_grad_norm_uncapped_adam40k_5090/best.pt
Saved PyTorch checkpoint to results/checkpoints/strict_grad_norm_uncapped_adam40k_5090/best.pt
Saved PyTorch checkpoint to results/checkpoints/strict_grad_norm_uncapped_adam40k_5090/best.pt
Saved PyTorch checkpoint to results/checkpoints/strict_grad_norm_uncapped_adam40k_5090/best.pt
Saved PyTorch checkpoint to results/checkpoints/strict_grad_norm_uncapped_adam40k_5090/best.pt
Saved PyTorch checkpoint to results/checkpoints/strict_grad_norm_uncapped_adam40k_5090/best.pt
Saved PyTorch checkpoint to results/checkpoints/strict_grad_norm_uncapped_adam40k_5090/best.pt
Saved PyTorch checkpoint to results/checkpoints/strict_grad_norm_uncapped_adam40k_5090/best.pt
Saved PyTorch checkpoint to results/checkpoints/strict_grad_norm_uncapped_adam40k_5090/best.pt
Saved PyTorch checkpoint to results/checkpoints/strict_grad_norm_uncapped_adam40k_5090/best.pt
Saved PyTorch checkpoint to results/checkpoints/strict_grad_norm_uncapped_adam40k_5090/best.pt
Saved PyTorch checkpoint to results/checkpoints/strict_grad_norm_uncapped_adam40k_5090/best.pt
Saved PyTorch checkpoint to results/checkpoints/strict_grad_norm_uncapped_adam40k_5090/best.pt
Saved PyTorch checkpoint to results/checkpoints/strict_grad_norm_uncapped_adam40k_5090/best.pt
Saved PyTorch checkpoint to results/checkpoints/strict_grad_norm_uncapped_adam40k_5090/best.pt
Saved PyTorch checkpoint to results/checkpoints/strict_grad_norm_uncapped_adam40k_5090/best.pt
Saved PyTorch checkpoint to results/checkpoints/strict_grad_norm_uncapped_adam40k_5090/best.pt
Saved PyTorch checkpoint to results/checkpoints/strict_grad_norm_uncapped_adam40k_5090/best.pt
Saved PyTorch checkpoint to results/checkpoints/strict_grad_norm_uncapped_adam40k_5090/best.pt
Saved PyTorch checkpoint to results/checkpoints/strict_grad_norm_uncapped_adam40k_5090/best.pt
Saved PyTorch checkpoint to results/checkpoints/strict_grad_norm_uncapped_adam40k_5090/best.pt
Saved PyTorch checkpoint to results/checkpoints/strict_grad_norm_uncapped_adam40k_5090/best.pt
Saved PyTorch checkpoint to results/checkpoints/strict_grad_norm_uncapped_adam40k_5090/best.pt
Saved PyTorch checkpoint to results/checkpoints/strict_grad_norm_uncapped_adam40k_5090/best.pt
Saved PyTorch checkpoint to results/checkpoints/strict_grad_norm_uncapped_adam40k_5090/best.pt
Saved PyTorch checkpoint to results/checkpoints/strict_grad_norm_uncapped_adam40k_5090/best.pt
Saved PyTorch checkpoint to results/checkpoints/strict_grad_norm_uncapped_adam40k_5090/best.pt
Saved PyTorch checkpoint to results/checkpoints/strict_grad_norm_uncapped_adam40k_5090/best.pt
Saved PyTorch checkpoint to results/checkpoints/strict_grad_norm_uncapped_adam40k_5090/best.pt
Saved PyTorch checkpoint to results/checkpoints/strict_grad_norm_uncapped_adam40k_5090/best.pt
Saved PyTorch checkpoint to results/checkpoints/strict_grad_norm_uncapped_adam40k_5090/best.pt
Saved PyTorch checkpoint to results/checkpoints/strict_grad_norm_uncapped_adam40k_5090/best.pt
Saved PyTorch checkpoint to results/checkpoints/strict_grad_norm_uncapped_adam40k_5090/best.pt
Saved PyTorch checkpoint to results/checkpoints/strict_grad_norm_uncapped_adam40k_5090/best.pt
Saved PyTorch checkpoint to results/checkpoints/strict_grad_norm_uncapped_adam40k_5090/best.pt
Saved PyTorch checkpoint to results/checkpoints/strict_grad_norm_uncapped_adam40k_5090/best.pt
Saved PyTorch checkpoint to results/checkpoints/strict_grad_norm_uncapped_adam40k_5090/best.pt
Saved PyTorch checkpoint to results/checkpoints/strict_grad_norm_uncapped_adam40k_5090/best.pt
Saved PyTorch checkpoint to results/checkpoints/strict_grad_norm_uncapped_adam40k_5090/best.pt
Saved PyTorch checkpoint to results/checkpoints/strict_grad_norm_uncapped_adam40k_5090/best.pt
Saved PyTorch checkpoint to results/checkpoints/strict_grad_norm_uncapped_adam40k_5090/best.pt
Saved PyTorch checkpoint to results/checkpoints/strict_grad_norm_uncapped_adam40k_5090/best.pt
Saved PyTorch checkpoint to results/checkpoints/strict_grad_norm_uncapped_adam40k_5090/best.pt
Saved PyTorch checkpoint to results/checkpoints/strict_grad_norm_uncapped_adam40k_5090/best.pt
Saved PyTorch checkpoint to results/checkpoints/strict_grad_norm_uncapped_adam40k_5090/best.pt
Saved PyTorch checkpoint to results/checkpoints/strict_grad_norm_uncapped_adam40k_5090/best.pt
Saved PyTorch checkpoint to results/checkpoints/strict_grad_norm_uncapped_adam40k_5090/best.pt
Saved PyTorch checkpoint to results/checkpoints/strict_grad_norm_uncapped_adam40k_5090/best.pt
Saved PyTorch checkpoint to results/checkpoints/strict_grad_norm_uncapped_adam40k_5090/best.pt
Saved PyTorch checkpoint to results/checkpoints/strict_grad_norm_uncapped_adam40k_5090/best.pt
Saved PyTorch checkpoint to results/checkpoints/strict_grad_norm_uncapped_adam40k_5090/best.pt
Saved PyTorch checkpoint to results/checkpoints/strict_grad_norm_uncapped_adam40k_5090/best.pt
Saved PyTorch checkpoint to results/checkpoints/strict_grad_norm_uncapped_adam40k_5090/best.pt
Saved PyTorch checkpoint to results/checkpoints/strict_grad_norm_uncapped_adam40k_5090/best.pt
Saved PyTorch checkpoint to results/checkpoints/strict_grad_norm_uncapped_adam40k_5090/best.pt
Saved PyTorch checkpoint to results/checkpoints/strict_grad_norm_uncapped_adam40k_5090/best.pt
Saved PyTorch checkpoint to results/checkpoints/strict_grad_norm_uncapped_adam40k_5090/best.pt
Saved PyTorch checkpoint to results/checkpoints/strict_grad_norm_uncapped_adam40k_5090/best.pt
Saved PyTorch checkpoint to results/checkpoints/strict_grad_norm_uncapped_adam40k_5090/best.pt
Saved PyTorch checkpoint to results/checkpoints/strict_grad_norm_uncapped_adam40k_5090/best.pt
Saved PyTorch checkpoint to results/checkpoints/strict_grad_norm_uncapped_adam40k_5090/best.pt
Saved PyTorch checkpoint to results/checkpoints/strict_grad_norm_uncapped_adam40k_5090/best.pt
Saved PyTorch checkpoint to results/checkpoints/strict_grad_norm_uncapped_adam40k_5090/best.pt
Saved PyTorch checkpoint to results/checkpoints/strict_grad_norm_uncapped_adam40k_5090/best.pt
Saved PyTorch checkpoint to results/checkpoints/strict_grad_norm_uncapped_adam40k_5090/best.pt
Saved PyTorch checkpoint to results/checkpoints/strict_grad_norm_uncapped_adam40k_5090/best.pt
Saved PyTorch checkpoint to results/checkpoints/strict_grad_norm_uncapped_adam40k_5090/best.pt
Saved PyTorch checkpoint to results/checkpoints/strict_grad_norm_uncapped_adam40k_5090/best.pt
Saved PyTorch checkpoint to results/checkpoints/strict_grad_norm_uncapped_adam40k_5090/best.pt
Saved PyTorch checkpoint to results/checkpoints/strict_grad_norm_uncapped_adam40k_5090/best.pt
Saved PyTorch checkpoint to results/checkpoints/strict_grad_norm_uncapped_adam40k_5090/best.pt
Saved PyTorch checkpoint to results/checkpoints/strict_grad_norm_uncapped_adam40k_5090/best.pt
Saved PyTorch checkpoint to results/checkpoints/strict_grad_norm_uncapped_adam40k_5090/best.pt
Saved PyTorch checkpoint to results/checkpoints/strict_grad_norm_uncapped_adam40k_5090/best.pt
Saved PyTorch checkpoint to results/checkpoints/strict_grad_norm_uncapped_adam40k_5090/best.pt
Saved PyTorch checkpoint to results/checkpoints/strict_grad_norm_uncapped_adam40k_5090/best.pt
Saved PyTorch checkpoint to results/checkpoints/strict_grad_norm_uncapped_adam40k_5090/best.pt
Saved PyTorch checkpoint to results/checkpoints/strict_grad_norm_uncapped_adam40k_5090/best.pt
Saved PyTorch checkpoint to results/checkpoints/strict_grad_norm_uncapped_adam40k_5090/best.pt
Saved PyTorch checkpoint to results/checkpoints/strict_grad_norm_uncapped_adam40k_5090/best.pt
Saved PyTorch checkpoint to results/checkpoints/strict_grad_norm_uncapped_adam40k_5090/best.pt
Saved PyTorch checkpoint to results/checkpoints/strict_grad_norm_uncapped_adam40k_5090/best.pt
Saved PyTorch checkpoint to results/checkpoints/strict_grad_norm_uncapped_adam40k_5090/best.pt
Saved PyTorch checkpoint to results/checkpoints/strict_grad_norm_uncapped_adam40k_5090/best.pt
Saved PyTorch checkpoint to results/checkpoints/strict_grad_norm_uncapped_adam40k_5090/best.pt
Saved PyTorch checkpoint to results/checkpoints/strict_grad_norm_uncapped_adam40k_5090/best.pt
Saved PyTorch checkpoint to results/checkpoints/strict_grad_norm_uncapped_adam40k_5090/best.pt
Saved PyTorch checkpoint to results/checkpoints/strict_grad_norm_uncapped_adam40k_5090/best.pt
Saved PyTorch checkpoint to results/checkpoints/strict_grad_norm_uncapped_adam40k_5090/best.pt
Saved PyTorch checkpoint to results/checkpoints/strict_grad_norm_uncapped_adam40k_5090/best.pt
Saved PyTorch checkpoint to results/checkpoints/strict_grad_norm_uncapped_adam40k_5090/best.pt
Adam 8100 | total=6.249e-02 f=3.726e-04 ic=1.609e-06 wall=9.819e-05 inlet=1.865e-01 outlet=7.543e-08 lr=5.000e-04 | λ[f=1.00 ic=970.10 wall=19.24 inlet=0.31 outlet=8659.14]
Saved PyTorch checkpoint to results/checkpoints/strict_grad_norm_uncapped_adam40k_5090/best.pt
Saved PyTorch checkpoint to results/checkpoints/strict_grad_norm_uncapped_adam40k_5090/best.pt
Saved PyTorch checkpoint to results/checkpoints/strict_grad_norm_uncapped_adam40k_5090/best.pt
Saved PyTorch checkpoint to results/checkpoints/strict_grad_norm_uncapped_adam40k_5090/best.pt
Saved PyTorch checkpoint to results/checkpoints/strict_grad_norm_uncapped_adam40k_5090/best.pt
Saved PyTorch checkpoint to results/checkpoints/strict_grad_norm_uncapped_adam40k_5090/best.pt
Saved PyTorch checkpoint to results/checkpoints/strict_grad_norm_uncapped_adam40k_5090/best.pt
Saved PyTorch checkpoint to results/checkpoints/strict_grad_norm_uncapped_adam40k_5090/best.pt
Saved PyTorch checkpoint to results/checkpoints/strict_grad_norm_uncapped_adam40k_5090/best.pt
Saved PyTorch checkpoint to results/checkpoints/strict_grad_norm_uncapped_adam40k_5090/best.pt
Saved PyTorch checkpoint to results/checkpoints/strict_grad_norm_uncapped_adam40k_5090/best.pt
Saved PyTorch checkpoint to results/checkpoints/strict_grad_norm_uncapped_adam40k_5090/best.pt
Saved PyTorch checkpoint to results/checkpoints/strict_grad_norm_uncapped_adam40k_5090/best.pt
Saved PyTorch checkpoint to results/checkpoints/strict_grad_norm_uncapped_adam40k_5090/best.pt
Saved PyTorch checkpoint to results/checkpoints/strict_grad_norm_uncapped_adam40k_5090/best.pt
Saved PyTorch checkpoint to results/checkpoints/strict_grad_norm_uncapped_adam40k_5090/best.pt
Saved PyTorch checkpoint to results/checkpoints/strict_grad_norm_uncapped_adam40k_5090/best.pt
Saved PyTorch checkpoint to results/checkpoints/strict_grad_norm_uncapped_adam40k_5090/best.pt
Saved PyTorch checkpoint to results/checkpoints/strict_grad_norm_uncapped_adam40k_5090/best.pt
Saved PyTorch checkpoint to results/checkpoints/strict_grad_norm_uncapped_adam40k_5090/best.pt
Saved PyTorch checkpoint to results/checkpoints/strict_grad_norm_uncapped_adam40k_5090/best.pt
Saved PyTorch checkpoint to results/checkpoints/strict_grad_norm_uncapped_adam40k_5090/best.pt
Saved PyTorch checkpoint to results/checkpoints/strict_grad_norm_uncapped_adam40k_5090/best.pt
Saved PyTorch checkpoint to results/checkpoints/strict_grad_norm_uncapped_adam40k_5090/best.pt
Saved PyTorch checkpoint to results/checkpoints/strict_grad_norm_uncapped_adam40k_5090/best.pt
Saved PyTorch checkpoint to results/checkpoints/strict_grad_norm_uncapped_adam40k_5090/best.pt
Saved PyTorch checkpoint to results/checkpoints/strict_grad_norm_uncapped_adam40k_5090/best.pt
Saved PyTorch checkpoint to results/checkpoints/strict_grad_norm_uncapped_adam40k_5090/best.pt
Saved PyTorch checkpoint to results/checkpoints/strict_grad_norm_uncapped_adam40k_5090/best.pt
Saved PyTorch checkpoint to results/checkpoints/strict_grad_norm_uncapped_adam40k_5090/best.pt
Saved PyTorch checkpoint to results/checkpoints/strict_grad_norm_uncapped_adam40k_5090/best.pt
Saved PyTorch checkpoint to results/checkpoints/strict_grad_norm_uncapped_adam40k_5090/best.pt
Saved PyTorch checkpoint to results/checkpoints/strict_grad_norm_uncapped_adam40k_5090/best.pt
Saved PyTorch checkpoint to results/checkpoints/strict_grad_norm_uncapped_adam40k_5090/best.pt
Saved PyTorch checkpoint to results/checkpoints/strict_grad_norm_uncapped_adam40k_5090/best.pt
Saved PyTorch checkpoint to results/checkpoints/strict_grad_norm_uncapped_adam40k_5090/best.pt
Saved PyTorch checkpoint to results/checkpoints/strict_grad_norm_uncapped_adam40k_5090/best.pt
Saved PyTorch checkpoint to results/checkpoints/strict_grad_norm_uncapped_adam40k_5090/best.pt
Saved PyTorch checkpoint to results/checkpoints/strict_grad_norm_uncapped_adam40k_5090/best.pt
Saved PyTorch checkpoint to results/checkpoints/strict_grad_norm_uncapped_adam40k_5090/best.pt
Saved PyTorch checkpoint to results/checkpoints/strict_grad_norm_uncapped_adam40k_5090/best.pt
Saved PyTorch checkpoint to results/checkpoints/strict_grad_norm_uncapped_adam40k_5090/best.pt
Saved PyTorch checkpoint to results/checkpoints/strict_grad_norm_uncapped_adam40k_5090/best.pt
Saved PyTorch checkpoint to results/checkpoints/strict_grad_norm_uncapped_adam40k_5090/best.pt
Saved PyTorch checkpoint to results/checkpoints/strict_grad_norm_uncapped_adam40k_5090/best.pt
Saved PyTorch checkpoint to results/checkpoints/strict_grad_norm_uncapped_adam40k_5090/best.pt
Saved PyTorch checkpoint to results/checkpoints/strict_grad_norm_uncapped_adam40k_5090/best.pt
Saved PyTorch checkpoint to results/checkpoints/strict_grad_norm_uncapped_adam40k_5090/best.pt
Saved PyTorch checkpoint to results/checkpoints/strict_grad_norm_uncapped_adam40k_5090/best.pt
Saved PyTorch checkpoint to results/checkpoints/strict_grad_norm_uncapped_adam40k_5090/best.pt
Saved PyTorch checkpoint to results/checkpoints/strict_grad_norm_uncapped_adam40k_5090/best.pt
Saved PyTorch checkpoint to results/checkpoints/strict_grad_norm_uncapped_adam40k_5090/best.pt
Saved PyTorch checkpoint to results/checkpoints/strict_grad_norm_uncapped_adam40k_5090/best.pt
Saved PyTorch checkpoint to results/checkpoints/strict_grad_norm_uncapped_adam40k_5090/best.pt
Saved PyTorch checkpoint to results/checkpoints/strict_grad_norm_uncapped_adam40k_5090/best.pt
Saved PyTorch checkpoint to results/checkpoints/strict_grad_norm_uncapped_adam40k_5090/best.pt
Saved PyTorch checkpoint to results/checkpoints/strict_grad_norm_uncapped_adam40k_5090/best.pt
Saved PyTorch checkpoint to results/checkpoints/strict_grad_norm_uncapped_adam40k_5090/best.pt
Saved PyTorch checkpoint to results/checkpoints/strict_grad_norm_uncapped_adam40k_5090/best.pt
Saved PyTorch checkpoint to results/checkpoints/strict_grad_norm_uncapped_adam40k_5090/best.pt
Saved PyTorch checkpoint to results/checkpoints/strict_grad_norm_uncapped_adam40k_5090/best.pt
Saved PyTorch checkpoint to results/checkpoints/strict_grad_norm_uncapped_adam40k_5090/best.pt
Saved PyTorch checkpoint to results/checkpoints/strict_grad_norm_uncapped_adam40k_5090/best.pt
Saved PyTorch checkpoint to results/checkpoints/strict_grad_norm_uncapped_adam40k_5090/best.pt
Saved PyTorch checkpoint to results/checkpoints/strict_grad_norm_uncapped_adam40k_5090/best.pt
Saved PyTorch checkpoint to results/checkpoints/strict_grad_norm_uncapped_adam40k_5090/best.pt
Saved PyTorch checkpoint to results/checkpoints/strict_grad_norm_uncapped_adam40k_5090/best.pt
Saved PyTorch checkpoint to results/checkpoints/strict_grad_norm_uncapped_adam40k_5090/best.pt
Saved PyTorch checkpoint to results/checkpoints/strict_grad_norm_uncapped_adam40k_5090/best.pt
Saved PyTorch checkpoint to results/checkpoints/strict_grad_norm_uncapped_adam40k_5090/best.pt
Saved PyTorch checkpoint to results/checkpoints/strict_grad_norm_uncapped_adam40k_5090/best.pt
Saved PyTorch checkpoint to results/checkpoints/strict_grad_norm_uncapped_adam40k_5090/best.pt
Saved PyTorch checkpoint to results/checkpoints/strict_grad_norm_uncapped_adam40k_5090/best.pt
Saved PyTorch checkpoint to results/checkpoints/strict_grad_norm_uncapped_adam40k_5090/best.pt
Saved PyTorch checkpoint to results/checkpoints/strict_grad_norm_uncapped_adam40k_5090/best.pt
Saved PyTorch checkpoint to results/checkpoints/strict_grad_norm_uncapped_adam40k_5090/best.pt
Saved PyTorch checkpoint to results/checkpoints/strict_grad_norm_uncapped_adam40k_5090/best.pt
Saved PyTorch checkpoint to results/checkpoints/strict_grad_norm_uncapped_adam40k_5090/best.pt
Saved PyTorch checkpoint to results/checkpoints/strict_grad_norm_uncapped_adam40k_5090/best.pt
Saved PyTorch checkpoint to results/checkpoints/strict_grad_norm_uncapped_adam40k_5090/best.pt
Saved PyTorch checkpoint to results/checkpoints/strict_grad_norm_uncapped_adam40k_5090/best.pt
Saved PyTorch checkpoint to results/checkpoints/strict_grad_norm_uncapped_adam40k_5090/best.pt
Saved PyTorch checkpoint to results/checkpoints/strict_grad_norm_uncapped_adam40k_5090/best.pt
Saved PyTorch checkpoint to results/checkpoints/strict_grad_norm_uncapped_adam40k_5090/best.pt
Saved PyTorch checkpoint to results/checkpoints/strict_grad_norm_uncapped_adam40k_5090/best.pt
Saved PyTorch checkpoint to results/checkpoints/strict_grad_norm_uncapped_adam40k_5090/best.pt
Saved PyTorch checkpoint to results/checkpoints/strict_grad_norm_uncapped_adam40k_5090/best.pt
Saved PyTorch checkpoint to results/checkpoints/strict_grad_norm_uncapped_adam40k_5090/best.pt
Saved PyTorch checkpoint to results/checkpoints/strict_grad_norm_uncapped_adam40k_5090/best.pt
Saved PyTorch checkpoint to results/checkpoints/strict_grad_norm_uncapped_adam40k_5090/best.pt
Saved PyTorch checkpoint to results/checkpoints/strict_grad_norm_uncapped_adam40k_5090/best.pt
Saved PyTorch checkpoint to results/checkpoints/strict_grad_norm_uncapped_adam40k_5090/best.pt
Saved PyTorch checkpoint to results/checkpoints/strict_grad_norm_uncapped_adam40k_5090/best.pt
Saved PyTorch checkpoint to results/checkpoints/strict_grad_norm_uncapped_adam40k_5090/best.pt
Saved PyTorch checkpoint to results/checkpoints/strict_grad_norm_uncapped_adam40k_5090/best.pt
Saved PyTorch checkpoint to results/checkpoints/strict_grad_norm_uncapped_adam40k_5090/best.pt
Saved PyTorch checkpoint to results/checkpoints/strict_grad_norm_uncapped_adam40k_5090/best.pt
Saved PyTorch checkpoint to results/checkpoints/strict_grad_norm_uncapped_adam40k_5090/best.pt
Saved PyTorch checkpoint to results/checkpoints/strict_grad_norm_uncapped_adam40k_5090/best.pt
Saved PyTorch checkpoint to results/checkpoints/strict_grad_norm_uncapped_adam40k_5090/best.pt
Adam 8200 | total=5.716e-02 f=3.596e-04 ic=1.486e-06 wall=9.437e-05 inlet=1.867e-01 outlet=5.470e-08 lr=5.000e-04 | λ[f=1.00 ic=916.47 wall=18.18 inlet=0.28 outlet=11172.18]
Saved PyTorch checkpoint to results/checkpoints/strict_grad_norm_uncapped_adam40k_5090/best.pt
Saved PyTorch checkpoint to results/checkpoints/strict_grad_norm_uncapped_adam40k_5090/best.pt
Saved PyTorch checkpoint to results/checkpoints/strict_grad_norm_uncapped_adam40k_5090/best.pt
Saved PyTorch checkpoint to results/checkpoints/strict_grad_norm_uncapped_adam40k_5090/best.pt
Saved PyTorch checkpoint to results/checkpoints/strict_grad_norm_uncapped_adam40k_5090/best.pt
Saved PyTorch checkpoint to results/checkpoints/strict_grad_norm_uncapped_adam40k_5090/best.pt
Saved PyTorch checkpoint to results/checkpoints/strict_grad_norm_uncapped_adam40k_5090/best.pt
Saved PyTorch checkpoint to results/checkpoints/strict_grad_norm_uncapped_adam40k_5090/best.pt
Saved PyTorch checkpoint to results/checkpoints/strict_grad_norm_uncapped_adam40k_5090/best.pt
Saved PyTorch checkpoint to results/checkpoints/strict_grad_norm_uncapped_adam40k_5090/best.pt
Saved PyTorch checkpoint to results/checkpoints/strict_grad_norm_uncapped_adam40k_5090/best.pt
Saved PyTorch checkpoint to results/checkpoints/strict_grad_norm_uncapped_adam40k_5090/best.pt
Saved PyTorch checkpoint to results/checkpoints/strict_grad_norm_uncapped_adam40k_5090/best.pt
Saved PyTorch checkpoint to results/checkpoints/strict_grad_norm_uncapped_adam40k_5090/best.pt
Saved PyTorch checkpoint to results/checkpoints/strict_grad_norm_uncapped_adam40k_5090/best.pt
Saved PyTorch checkpoint to results/checkpoints/strict_grad_norm_uncapped_adam40k_5090/best.pt
Saved PyTorch checkpoint to results/checkpoints/strict_grad_norm_uncapped_adam40k_5090/best.pt
Saved PyTorch checkpoint to results/checkpoints/strict_grad_norm_uncapped_adam40k_5090/best.pt
Saved PyTorch checkpoint to results/checkpoints/strict_grad_norm_uncapped_adam40k_5090/best.pt
Saved PyTorch checkpoint to results/checkpoints/strict_grad_norm_uncapped_adam40k_5090/best.pt
Saved PyTorch checkpoint to results/checkpoints/strict_grad_norm_uncapped_adam40k_5090/best.pt
Saved PyTorch checkpoint to results/checkpoints/strict_grad_norm_uncapped_adam40k_5090/best.pt
Saved PyTorch checkpoint to results/checkpoints/strict_grad_norm_uncapped_adam40k_5090/best.pt
Saved PyTorch checkpoint to results/checkpoints/strict_grad_norm_uncapped_adam40k_5090/best.pt
Saved PyTorch checkpoint to results/checkpoints/strict_grad_norm_uncapped_adam40k_5090/best.pt
Saved PyTorch checkpoint to results/checkpoints/strict_grad_norm_uncapped_adam40k_5090/best.pt
Saved PyTorch checkpoint to results/checkpoints/strict_grad_norm_uncapped_adam40k_5090/best.pt
Saved PyTorch checkpoint to results/checkpoints/strict_grad_norm_uncapped_adam40k_5090/best.pt
Saved PyTorch checkpoint to results/checkpoints/strict_grad_norm_uncapped_adam40k_5090/best.pt
Saved PyTorch checkpoint to results/checkpoints/strict_grad_norm_uncapped_adam40k_5090/best.pt
Saved PyTorch checkpoint to results/checkpoints/strict_grad_norm_uncapped_adam40k_5090/best.pt
Saved PyTorch checkpoint to results/checkpoints/strict_grad_norm_uncapped_adam40k_5090/best.pt
Saved PyTorch checkpoint to results/checkpoints/strict_grad_norm_uncapped_adam40k_5090/best.pt
Saved PyTorch checkpoint to results/checkpoints/strict_grad_norm_uncapped_adam40k_5090/best.pt
Saved PyTorch checkpoint to results/checkpoints/strict_grad_norm_uncapped_adam40k_5090/best.pt
Saved PyTorch checkpoint to results/checkpoints/strict_grad_norm_uncapped_adam40k_5090/best.pt
Saved PyTorch checkpoint to results/checkpoints/strict_grad_norm_uncapped_adam40k_5090/best.pt
Saved PyTorch checkpoint to results/checkpoints/strict_grad_norm_uncapped_adam40k_5090/best.pt
Saved PyTorch checkpoint to results/checkpoints/strict_grad_norm_uncapped_adam40k_5090/best.pt
Saved PyTorch checkpoint to results/checkpoints/strict_grad_norm_uncapped_adam40k_5090/best.pt
Saved PyTorch checkpoint to results/checkpoints/strict_grad_norm_uncapped_adam40k_5090/best.pt
Saved PyTorch checkpoint to results/checkpoints/strict_grad_norm_uncapped_adam40k_5090/best.pt
Saved PyTorch checkpoint to results/checkpoints/strict_grad_norm_uncapped_adam40k_5090/best.pt
Saved PyTorch checkpoint to results/checkpoints/strict_grad_norm_uncapped_adam40k_5090/best.pt
Saved PyTorch checkpoint to results/checkpoints/strict_grad_norm_uncapped_adam40k_5090/best.pt
Saved PyTorch checkpoint to results/checkpoints/strict_grad_norm_uncapped_adam40k_5090/best.pt
Saved PyTorch checkpoint to results/checkpoints/strict_grad_norm_uncapped_adam40k_5090/best.pt
Saved PyTorch checkpoint to results/checkpoints/strict_grad_norm_uncapped_adam40k_5090/best.pt
Saved PyTorch checkpoint to results/checkpoints/strict_grad_norm_uncapped_adam40k_5090/best.pt
Saved PyTorch checkpoint to results/checkpoints/strict_grad_norm_uncapped_adam40k_5090/best.pt
Saved PyTorch checkpoint to results/checkpoints/strict_grad_norm_uncapped_adam40k_5090/best.pt
Saved PyTorch checkpoint to results/checkpoints/strict_grad_norm_uncapped_adam40k_5090/best.pt
Saved PyTorch checkpoint to results/checkpoints/strict_grad_norm_uncapped_adam40k_5090/best.pt
Saved PyTorch checkpoint to results/checkpoints/strict_grad_norm_uncapped_adam40k_5090/best.pt
Saved PyTorch checkpoint to results/checkpoints/strict_grad_norm_uncapped_adam40k_5090/best.pt
Saved PyTorch checkpoint to results/checkpoints/strict_grad_norm_uncapped_adam40k_5090/best.pt
Saved PyTorch checkpoint to results/checkpoints/strict_grad_norm_uncapped_adam40k_5090/best.pt
Saved PyTorch checkpoint to results/checkpoints/strict_grad_norm_uncapped_adam40k_5090/best.pt
Saved PyTorch checkpoint to results/checkpoints/strict_grad_norm_uncapped_adam40k_5090/best.pt
Saved PyTorch checkpoint to results/checkpoints/strict_grad_norm_uncapped_adam40k_5090/best.pt
Saved PyTorch checkpoint to results/checkpoints/strict_grad_norm_uncapped_adam40k_5090/best.pt
Saved PyTorch checkpoint to results/checkpoints/strict_grad_norm_uncapped_adam40k_5090/best.pt
Saved PyTorch checkpoint to results/checkpoints/strict_grad_norm_uncapped_adam40k_5090/best.pt
Saved PyTorch checkpoint to results/checkpoints/strict_grad_norm_uncapped_adam40k_5090/best.pt
Saved PyTorch checkpoint to results/checkpoints/strict_grad_norm_uncapped_adam40k_5090/best.pt
Saved PyTorch checkpoint to results/checkpoints/strict_grad_norm_uncapped_adam40k_5090/best.pt
Saved PyTorch checkpoint to results/checkpoints/strict_grad_norm_uncapped_adam40k_5090/best.pt
Saved PyTorch checkpoint to results/checkpoints/strict_grad_norm_uncapped_adam40k_5090/best.pt
Saved PyTorch checkpoint to results/checkpoints/strict_grad_norm_uncapped_adam40k_5090/best.pt
Saved PyTorch checkpoint to results/checkpoints/strict_grad_norm_uncapped_adam40k_5090/best.pt
Saved PyTorch checkpoint to results/checkpoints/strict_grad_norm_uncapped_adam40k_5090/best.pt
Saved PyTorch checkpoint to results/checkpoints/strict_grad_norm_uncapped_adam40k_5090/best.pt
Saved PyTorch checkpoint to results/checkpoints/strict_grad_norm_uncapped_adam40k_5090/best.pt
Saved PyTorch checkpoint to results/checkpoints/strict_grad_norm_uncapped_adam40k_5090/best.pt
Saved PyTorch checkpoint to results/checkpoints/strict_grad_norm_uncapped_adam40k_5090/best.pt
Saved PyTorch checkpoint to results/checkpoints/strict_grad_norm_uncapped_adam40k_5090/best.pt
Saved PyTorch checkpoint to results/checkpoints/strict_grad_norm_uncapped_adam40k_5090/best.pt
Saved PyTorch checkpoint to results/checkpoints/strict_grad_norm_uncapped_adam40k_5090/best.pt
Saved PyTorch checkpoint to results/checkpoints/strict_grad_norm_uncapped_adam40k_5090/best.pt
Saved PyTorch checkpoint to results/checkpoints/strict_grad_norm_uncapped_adam40k_5090/best.pt
Saved PyTorch checkpoint to results/checkpoints/strict_grad_norm_uncapped_adam40k_5090/best.pt
Saved PyTorch checkpoint to results/checkpoints/strict_grad_norm_uncapped_adam40k_5090/best.pt
Saved PyTorch checkpoint to results/checkpoints/strict_grad_norm_uncapped_adam40k_5090/best.pt
Saved PyTorch checkpoint to results/checkpoints/strict_grad_norm_uncapped_adam40k_5090/best.pt
Saved PyTorch checkpoint to results/checkpoints/strict_grad_norm_uncapped_adam40k_5090/best.pt
Saved PyTorch checkpoint to results/checkpoints/strict_grad_norm_uncapped_adam40k_5090/best.pt
Saved PyTorch checkpoint to results/checkpoints/strict_grad_norm_uncapped_adam40k_5090/best.pt
Saved PyTorch checkpoint to results/checkpoints/strict_grad_norm_uncapped_adam40k_5090/best.pt
Saved PyTorch checkpoint to results/checkpoints/strict_grad_norm_uncapped_adam40k_5090/best.pt
Saved PyTorch checkpoint to results/checkpoints/strict_grad_norm_uncapped_adam40k_5090/best.pt
Saved PyTorch checkpoint to results/checkpoints/strict_grad_norm_uncapped_adam40k_5090/best.pt
Saved PyTorch checkpoint to results/checkpoints/strict_grad_norm_uncapped_adam40k_5090/best.pt
Saved PyTorch checkpoint to results/checkpoints/strict_grad_norm_uncapped_adam40k_5090/best.pt
Saved PyTorch checkpoint to results/checkpoints/strict_grad_norm_uncapped_adam40k_5090/best.pt
Saved PyTorch checkpoint to results/checkpoints/strict_grad_norm_uncapped_adam40k_5090/best.pt
Saved PyTorch checkpoint to results/checkpoints/strict_grad_norm_uncapped_adam40k_5090/best.pt
Saved PyTorch checkpoint to results/checkpoints/strict_grad_norm_uncapped_adam40k_5090/best.pt
Saved PyTorch checkpoint to results/checkpoints/strict_grad_norm_uncapped_adam40k_5090/best.pt
Saved PyTorch checkpoint to results/checkpoints/strict_grad_norm_uncapped_adam40k_5090/best.pt
Saved PyTorch checkpoint to results/checkpoints/strict_grad_norm_uncapped_adam40k_5090/best.pt
Adam 8300 | total=5.229e-02 f=3.469e-04 ic=1.400e-06 wall=9.094e-05 inlet=1.869e-01 outlet=4.524e-08 lr=5.000e-04 | λ[f=1.00 ic=849.62 wall=17.09 inlet=0.26 outlet=13732.78]
Saved PyTorch checkpoint to results/checkpoints/strict_grad_norm_uncapped_adam40k_5090/best.pt
Saved PyTorch checkpoint to results/checkpoints/strict_grad_norm_uncapped_adam40k_5090/best.pt
Saved PyTorch checkpoint to results/checkpoints/strict_grad_norm_uncapped_adam40k_5090/best.pt
Saved PyTorch checkpoint to results/checkpoints/strict_grad_norm_uncapped_adam40k_5090/best.pt
Saved PyTorch checkpoint to results/checkpoints/strict_grad_norm_uncapped_adam40k_5090/best.pt
Saved PyTorch checkpoint to results/checkpoints/strict_grad_norm_uncapped_adam40k_5090/best.pt
Saved PyTorch checkpoint to results/checkpoints/strict_grad_norm_uncapped_adam40k_5090/best.pt
Saved PyTorch checkpoint to results/checkpoints/strict_grad_norm_uncapped_adam40k_5090/best.pt
Saved PyTorch checkpoint to results/checkpoints/strict_grad_norm_uncapped_adam40k_5090/best.pt
Saved PyTorch checkpoint to results/checkpoints/strict_grad_norm_uncapped_adam40k_5090/best.pt
Saved PyTorch checkpoint to results/checkpoints/strict_grad_norm_uncapped_adam40k_5090/best.pt
Saved PyTorch checkpoint to results/checkpoints/strict_grad_norm_uncapped_adam40k_5090/best.pt
Saved PyTorch checkpoint to results/checkpoints/strict_grad_norm_uncapped_adam40k_5090/best.pt
Saved PyTorch checkpoint to results/checkpoints/strict_grad_norm_uncapped_adam40k_5090/best.pt
Saved PyTorch checkpoint to results/checkpoints/strict_grad_norm_uncapped_adam40k_5090/best.pt
Saved PyTorch checkpoint to results/checkpoints/strict_grad_norm_uncapped_adam40k_5090/best.pt
Saved PyTorch checkpoint to results/checkpoints/strict_grad_norm_uncapped_adam40k_5090/best.pt
Saved PyTorch checkpoint to results/checkpoints/strict_grad_norm_uncapped_adam40k_5090/best.pt
Saved PyTorch checkpoint to results/checkpoints/strict_grad_norm_uncapped_adam40k_5090/best.pt
Saved PyTorch checkpoint to results/checkpoints/strict_grad_norm_uncapped_adam40k_5090/best.pt
Saved PyTorch checkpoint to results/checkpoints/strict_grad_norm_uncapped_adam40k_5090/best.pt
Saved PyTorch checkpoint to results/checkpoints/strict_grad_norm_uncapped_adam40k_5090/best.pt
Saved PyTorch checkpoint to results/checkpoints/strict_grad_norm_uncapped_adam40k_5090/best.pt
Saved PyTorch checkpoint to results/checkpoints/strict_grad_norm_uncapped_adam40k_5090/best.pt
Saved PyTorch checkpoint to results/checkpoints/strict_grad_norm_uncapped_adam40k_5090/best.pt
Saved PyTorch checkpoint to results/checkpoints/strict_grad_norm_uncapped_adam40k_5090/best.pt
Saved PyTorch checkpoint to results/checkpoints/strict_grad_norm_uncapped_adam40k_5090/best.pt
Saved PyTorch checkpoint to results/checkpoints/strict_grad_norm_uncapped_adam40k_5090/best.pt
Saved PyTorch checkpoint to results/checkpoints/strict_grad_norm_uncapped_adam40k_5090/best.pt
Saved PyTorch checkpoint to results/checkpoints/strict_grad_norm_uncapped_adam40k_5090/best.pt
Saved PyTorch checkpoint to results/checkpoints/strict_grad_norm_uncapped_adam40k_5090/best.pt
Saved PyTorch checkpoint to results/checkpoints/strict_grad_norm_uncapped_adam40k_5090/best.pt
Saved PyTorch checkpoint to results/checkpoints/strict_grad_norm_uncapped_adam40k_5090/best.pt
Saved PyTorch checkpoint to results/checkpoints/strict_grad_norm_uncapped_adam40k_5090/best.pt
Saved PyTorch checkpoint to results/checkpoints/strict_grad_norm_uncapped_adam40k_5090/best.pt
Saved PyTorch checkpoint to results/checkpoints/strict_grad_norm_uncapped_adam40k_5090/best.pt
Saved PyTorch checkpoint to results/checkpoints/strict_grad_norm_uncapped_adam40k_5090/best.pt
Saved PyTorch checkpoint to results/checkpoints/strict_grad_norm_uncapped_adam40k_5090/best.pt
Saved PyTorch checkpoint to results/checkpoints/strict_grad_norm_uncapped_adam40k_5090/best.pt
Saved PyTorch checkpoint to results/checkpoints/strict_grad_norm_uncapped_adam40k_5090/best.pt
Saved PyTorch checkpoint to results/checkpoints/strict_grad_norm_uncapped_adam40k_5090/best.pt
Saved PyTorch checkpoint to results/checkpoints/strict_grad_norm_uncapped_adam40k_5090/best.pt
Saved PyTorch checkpoint to results/checkpoints/strict_grad_norm_uncapped_adam40k_5090/best.pt
Saved PyTorch checkpoint to results/checkpoints/strict_grad_norm_uncapped_adam40k_5090/best.pt
Saved PyTorch checkpoint to results/checkpoints/strict_grad_norm_uncapped_adam40k_5090/best.pt
Saved PyTorch checkpoint to results/checkpoints/strict_grad_norm_uncapped_adam40k_5090/best.pt
Saved PyTorch checkpoint to results/checkpoints/strict_grad_norm_uncapped_adam40k_5090/best.pt
Saved PyTorch checkpoint to results/checkpoints/strict_grad_norm_uncapped_adam40k_5090/best.pt
Saved PyTorch checkpoint to results/checkpoints/strict_grad_norm_uncapped_adam40k_5090/best.pt
Saved PyTorch checkpoint to results/checkpoints/strict_grad_norm_uncapped_adam40k_5090/best.pt
Saved PyTorch checkpoint to results/checkpoints/strict_grad_norm_uncapped_adam40k_5090/best.pt
Saved PyTorch checkpoint to results/checkpoints/strict_grad_norm_uncapped_adam40k_5090/best.pt
Saved PyTorch checkpoint to results/checkpoints/strict_grad_norm_uncapped_adam40k_5090/best.pt
Saved PyTorch checkpoint to results/checkpoints/strict_grad_norm_uncapped_adam40k_5090/best.pt
Saved PyTorch checkpoint to results/checkpoints/strict_grad_norm_uncapped_adam40k_5090/best.pt
Saved PyTorch checkpoint to results/checkpoints/strict_grad_norm_uncapped_adam40k_5090/best.pt
Saved PyTorch checkpoint to results/checkpoints/strict_grad_norm_uncapped_adam40k_5090/best.pt
Saved PyTorch checkpoint to results/checkpoints/strict_grad_norm_uncapped_adam40k_5090/best.pt
Saved PyTorch checkpoint to results/checkpoints/strict_grad_norm_uncapped_adam40k_5090/best.pt
Saved PyTorch checkpoint to results/checkpoints/strict_grad_norm_uncapped_adam40k_5090/best.pt
Saved PyTorch checkpoint to results/checkpoints/strict_grad_norm_uncapped_adam40k_5090/best.pt
Saved PyTorch checkpoint to results/checkpoints/strict_grad_norm_uncapped_adam40k_5090/best.pt
Saved PyTorch checkpoint to results/checkpoints/strict_grad_norm_uncapped_adam40k_5090/best.pt
Saved PyTorch checkpoint to results/checkpoints/strict_grad_norm_uncapped_adam40k_5090/best.pt
Saved PyTorch checkpoint to results/checkpoints/strict_grad_norm_uncapped_adam40k_5090/best.pt
Saved PyTorch checkpoint to results/checkpoints/strict_grad_norm_uncapped_adam40k_5090/best.pt
Saved PyTorch checkpoint to results/checkpoints/strict_grad_norm_uncapped_adam40k_5090/best.pt
Saved PyTorch checkpoint to results/checkpoints/strict_grad_norm_uncapped_adam40k_5090/best.pt
Saved PyTorch checkpoint to results/checkpoints/strict_grad_norm_uncapped_adam40k_5090/best.pt
Saved PyTorch checkpoint to results/checkpoints/strict_grad_norm_uncapped_adam40k_5090/best.pt
Saved PyTorch checkpoint to results/checkpoints/strict_grad_norm_uncapped_adam40k_5090/best.pt
Saved PyTorch checkpoint to results/checkpoints/strict_grad_norm_uncapped_adam40k_5090/best.pt
Saved PyTorch checkpoint to results/checkpoints/strict_grad_norm_uncapped_adam40k_5090/best.pt
Saved PyTorch checkpoint to results/checkpoints/strict_grad_norm_uncapped_adam40k_5090/best.pt
Saved PyTorch checkpoint to results/checkpoints/strict_grad_norm_uncapped_adam40k_5090/best.pt
Saved PyTorch checkpoint to results/checkpoints/strict_grad_norm_uncapped_adam40k_5090/best.pt
Saved PyTorch checkpoint to results/checkpoints/strict_grad_norm_uncapped_adam40k_5090/best.pt
Saved PyTorch checkpoint to results/checkpoints/strict_grad_norm_uncapped_adam40k_5090/best.pt
Saved PyTorch checkpoint to results/checkpoints/strict_grad_norm_uncapped_adam40k_5090/best.pt
Saved PyTorch checkpoint to results/checkpoints/strict_grad_norm_uncapped_adam40k_5090/best.pt
Saved PyTorch checkpoint to results/checkpoints/strict_grad_norm_uncapped_adam40k_5090/best.pt
Saved PyTorch checkpoint to results/checkpoints/strict_grad_norm_uncapped_adam40k_5090/best.pt
Saved PyTorch checkpoint to results/checkpoints/strict_grad_norm_uncapped_adam40k_5090/best.pt
Saved PyTorch checkpoint to results/checkpoints/strict_grad_norm_uncapped_adam40k_5090/best.pt
Saved PyTorch checkpoint to results/checkpoints/strict_grad_norm_uncapped_adam40k_5090/best.pt
Saved PyTorch checkpoint to results/checkpoints/strict_grad_norm_uncapped_adam40k_5090/best.pt
Saved PyTorch checkpoint to results/checkpoints/strict_grad_norm_uncapped_adam40k_5090/best.pt
Saved PyTorch checkpoint to results/checkpoints/strict_grad_norm_uncapped_adam40k_5090/best.pt
Saved PyTorch checkpoint to results/checkpoints/strict_grad_norm_uncapped_adam40k_5090/best.pt
Saved PyTorch checkpoint to results/checkpoints/strict_grad_norm_uncapped_adam40k_5090/best.pt
Saved PyTorch checkpoint to results/checkpoints/strict_grad_norm_uncapped_adam40k_5090/best.pt
Saved PyTorch checkpoint to results/checkpoints/strict_grad_norm_uncapped_adam40k_5090/best.pt
Saved PyTorch checkpoint to results/checkpoints/strict_grad_norm_uncapped_adam40k_5090/best.pt
Saved PyTorch checkpoint to results/checkpoints/strict_grad_norm_uncapped_adam40k_5090/best.pt
Saved PyTorch checkpoint to results/checkpoints/strict_grad_norm_uncapped_adam40k_5090/best.pt
Saved PyTorch checkpoint to results/checkpoints/strict_grad_norm_uncapped_adam40k_5090/best.pt
Saved PyTorch checkpoint to results/checkpoints/strict_grad_norm_uncapped_adam40k_5090/best.pt
Saved PyTorch checkpoint to results/checkpoints/strict_grad_norm_uncapped_adam40k_5090/best.pt
Saved PyTorch checkpoint to results/checkpoints/strict_grad_norm_uncapped_adam40k_5090/best.pt
Saved PyTorch checkpoint to results/checkpoints/strict_grad_norm_uncapped_adam40k_5090/best.pt
Adam 8400 | total=4.771e-02 f=3.347e-04 ic=1.338e-06 wall=8.786e-05 inlet=1.871e-01 outlet=3.994e-08 lr=5.000e-04 | λ[f=1.00 ic=781.68 wall=15.96 inlet=0.24 outlet=15434.67]
Saved PyTorch checkpoint to results/checkpoints/strict_grad_norm_uncapped_adam40k_5090/best.pt
Saved PyTorch checkpoint to results/checkpoints/strict_grad_norm_uncapped_adam40k_5090/best.pt
Saved PyTorch checkpoint to results/checkpoints/strict_grad_norm_uncapped_adam40k_5090/best.pt
Saved PyTorch checkpoint to results/checkpoints/strict_grad_norm_uncapped_adam40k_5090/best.pt
Saved PyTorch checkpoint to results/checkpoints/strict_grad_norm_uncapped_adam40k_5090/best.pt
Saved PyTorch checkpoint to results/checkpoints/strict_grad_norm_uncapped_adam40k_5090/best.pt
Saved PyTorch checkpoint to results/checkpoints/strict_grad_norm_uncapped_adam40k_5090/best.pt
Saved PyTorch checkpoint to results/checkpoints/strict_grad_norm_uncapped_adam40k_5090/best.pt
Saved PyTorch checkpoint to results/checkpoints/strict_grad_norm_uncapped_adam40k_5090/best.pt
Saved PyTorch checkpoint to results/checkpoints/strict_grad_norm_uncapped_adam40k_5090/best.pt
Saved PyTorch checkpoint to results/checkpoints/strict_grad_norm_uncapped_adam40k_5090/best.pt
Saved PyTorch checkpoint to results/checkpoints/strict_grad_norm_uncapped_adam40k_5090/best.pt
Saved PyTorch checkpoint to results/checkpoints/strict_grad_norm_uncapped_adam40k_5090/best.pt
Saved PyTorch checkpoint to results/checkpoints/strict_grad_norm_uncapped_adam40k_5090/best.pt
Saved PyTorch checkpoint to results/checkpoints/strict_grad_norm_uncapped_adam40k_5090/best.pt
Saved PyTorch checkpoint to results/checkpoints/strict_grad_norm_uncapped_adam40k_5090/best.pt
Saved PyTorch checkpoint to results/checkpoints/strict_grad_norm_uncapped_adam40k_5090/best.pt
Saved PyTorch checkpoint to results/checkpoints/strict_grad_norm_uncapped_adam40k_5090/best.pt
Saved PyTorch checkpoint to results/checkpoints/strict_grad_norm_uncapped_adam40k_5090/best.pt
Saved PyTorch checkpoint to results/checkpoints/strict_grad_norm_uncapped_adam40k_5090/best.pt
Saved PyTorch checkpoint to results/checkpoints/strict_grad_norm_uncapped_adam40k_5090/best.pt
Saved PyTorch checkpoint to results/checkpoints/strict_grad_norm_uncapped_adam40k_5090/best.pt
Saved PyTorch checkpoint to results/checkpoints/strict_grad_norm_uncapped_adam40k_5090/best.pt
Saved PyTorch checkpoint to results/checkpoints/strict_grad_norm_uncapped_adam40k_5090/best.pt
Saved PyTorch checkpoint to results/checkpoints/strict_grad_norm_uncapped_adam40k_5090/best.pt
Saved PyTorch checkpoint to results/checkpoints/strict_grad_norm_uncapped_adam40k_5090/best.pt
Saved PyTorch checkpoint to results/checkpoints/strict_grad_norm_uncapped_adam40k_5090/best.pt
Saved PyTorch checkpoint to results/checkpoints/strict_grad_norm_uncapped_adam40k_5090/best.pt
Saved PyTorch checkpoint to results/checkpoints/strict_grad_norm_uncapped_adam40k_5090/best.pt
Saved PyTorch checkpoint to results/checkpoints/strict_grad_norm_uncapped_adam40k_5090/best.pt
Saved PyTorch checkpoint to results/checkpoints/strict_grad_norm_uncapped_adam40k_5090/best.pt
Saved PyTorch checkpoint to results/checkpoints/strict_grad_norm_uncapped_adam40k_5090/best.pt
Saved PyTorch checkpoint to results/checkpoints/strict_grad_norm_uncapped_adam40k_5090/best.pt
Saved PyTorch checkpoint to results/checkpoints/strict_grad_norm_uncapped_adam40k_5090/best.pt
Saved PyTorch checkpoint to results/checkpoints/strict_grad_norm_uncapped_adam40k_5090/best.pt
Saved PyTorch checkpoint to results/checkpoints/strict_grad_norm_uncapped_adam40k_5090/best.pt
Saved PyTorch checkpoint to results/checkpoints/strict_grad_norm_uncapped_adam40k_5090/best.pt
Saved PyTorch checkpoint to results/checkpoints/strict_grad_norm_uncapped_adam40k_5090/best.pt
Saved PyTorch checkpoint to results/checkpoints/strict_grad_norm_uncapped_adam40k_5090/best.pt
Saved PyTorch checkpoint to results/checkpoints/strict_grad_norm_uncapped_adam40k_5090/best.pt
Saved PyTorch checkpoint to results/checkpoints/strict_grad_norm_uncapped_adam40k_5090/best.pt
Saved PyTorch checkpoint to results/checkpoints/strict_grad_norm_uncapped_adam40k_5090/best.pt
Saved PyTorch checkpoint to results/checkpoints/strict_grad_norm_uncapped_adam40k_5090/best.pt
Saved PyTorch checkpoint to results/checkpoints/strict_grad_norm_uncapped_adam40k_5090/best.pt
Saved PyTorch checkpoint to results/checkpoints/strict_grad_norm_uncapped_adam40k_5090/best.pt
Saved PyTorch checkpoint to results/checkpoints/strict_grad_norm_uncapped_adam40k_5090/best.pt
Saved PyTorch checkpoint to results/checkpoints/strict_grad_norm_uncapped_adam40k_5090/best.pt
Saved PyTorch checkpoint to results/checkpoints/strict_grad_norm_uncapped_adam40k_5090/best.pt
Saved PyTorch checkpoint to results/checkpoints/strict_grad_norm_uncapped_adam40k_5090/best.pt
Saved PyTorch checkpoint to results/checkpoints/strict_grad_norm_uncapped_adam40k_5090/best.pt
Saved PyTorch checkpoint to results/checkpoints/strict_grad_norm_uncapped_adam40k_5090/best.pt
Saved PyTorch checkpoint to results/checkpoints/strict_grad_norm_uncapped_adam40k_5090/best.pt
Saved PyTorch checkpoint to results/checkpoints/strict_grad_norm_uncapped_adam40k_5090/best.pt
Saved PyTorch checkpoint to results/checkpoints/strict_grad_norm_uncapped_adam40k_5090/best.pt
Saved PyTorch checkpoint to results/checkpoints/strict_grad_norm_uncapped_adam40k_5090/best.pt
Saved PyTorch checkpoint to results/checkpoints/strict_grad_norm_uncapped_adam40k_5090/best.pt
Saved PyTorch checkpoint to results/checkpoints/strict_grad_norm_uncapped_adam40k_5090/best.pt
Saved PyTorch checkpoint to results/checkpoints/strict_grad_norm_uncapped_adam40k_5090/best.pt
Saved PyTorch checkpoint to results/checkpoints/strict_grad_norm_uncapped_adam40k_5090/best.pt
Saved PyTorch checkpoint to results/checkpoints/strict_grad_norm_uncapped_adam40k_5090/best.pt
Saved PyTorch checkpoint to results/checkpoints/strict_grad_norm_uncapped_adam40k_5090/best.pt
Saved PyTorch checkpoint to results/checkpoints/strict_grad_norm_uncapped_adam40k_5090/best.pt
Saved PyTorch checkpoint to results/checkpoints/strict_grad_norm_uncapped_adam40k_5090/best.pt
Saved PyTorch checkpoint to results/checkpoints/strict_grad_norm_uncapped_adam40k_5090/best.pt
Saved PyTorch checkpoint to results/checkpoints/strict_grad_norm_uncapped_adam40k_5090/best.pt
Saved PyTorch checkpoint to results/checkpoints/strict_grad_norm_uncapped_adam40k_5090/best.pt
Saved PyTorch checkpoint to results/checkpoints/strict_grad_norm_uncapped_adam40k_5090/best.pt
Saved PyTorch checkpoint to results/checkpoints/strict_grad_norm_uncapped_adam40k_5090/best.pt
Saved PyTorch checkpoint to results/checkpoints/strict_grad_norm_uncapped_adam40k_5090/best.pt
Saved PyTorch checkpoint to results/checkpoints/strict_grad_norm_uncapped_adam40k_5090/best.pt
Saved PyTorch checkpoint to results/checkpoints/strict_grad_norm_uncapped_adam40k_5090/best.pt
Saved PyTorch checkpoint to results/checkpoints/strict_grad_norm_uncapped_adam40k_5090/best.pt
Saved PyTorch checkpoint to results/checkpoints/strict_grad_norm_uncapped_adam40k_5090/best.pt
Saved PyTorch checkpoint to results/checkpoints/strict_grad_norm_uncapped_adam40k_5090/best.pt
Saved PyTorch checkpoint to results/checkpoints/strict_grad_norm_uncapped_adam40k_5090/best.pt
Saved PyTorch checkpoint to results/checkpoints/strict_grad_norm_uncapped_adam40k_5090/best.pt
Saved PyTorch checkpoint to results/checkpoints/strict_grad_norm_uncapped_adam40k_5090/best.pt
Saved PyTorch checkpoint to results/checkpoints/strict_grad_norm_uncapped_adam40k_5090/best.pt
Saved PyTorch checkpoint to results/checkpoints/strict_grad_norm_uncapped_adam40k_5090/best.pt
Saved PyTorch checkpoint to results/checkpoints/strict_grad_norm_uncapped_adam40k_5090/best.pt
Saved PyTorch checkpoint to results/checkpoints/strict_grad_norm_uncapped_adam40k_5090/best.pt
Saved PyTorch checkpoint to results/checkpoints/strict_grad_norm_uncapped_adam40k_5090/best.pt
Saved PyTorch checkpoint to results/checkpoints/strict_grad_norm_uncapped_adam40k_5090/best.pt
Saved PyTorch checkpoint to results/checkpoints/strict_grad_norm_uncapped_adam40k_5090/best.pt
Saved PyTorch checkpoint to results/checkpoints/strict_grad_norm_uncapped_adam40k_5090/best.pt
Saved PyTorch checkpoint to results/checkpoints/strict_grad_norm_uncapped_adam40k_5090/best.pt
Saved PyTorch checkpoint to results/checkpoints/strict_grad_norm_uncapped_adam40k_5090/best.pt
Saved PyTorch checkpoint to results/checkpoints/strict_grad_norm_uncapped_adam40k_5090/best.pt
Saved PyTorch checkpoint to results/checkpoints/strict_grad_norm_uncapped_adam40k_5090/best.pt
Saved PyTorch checkpoint to results/checkpoints/strict_grad_norm_uncapped_adam40k_5090/best.pt
Saved PyTorch checkpoint to results/checkpoints/strict_grad_norm_uncapped_adam40k_5090/best.pt
Saved PyTorch checkpoint to results/checkpoints/strict_grad_norm_uncapped_adam40k_5090/best.pt
Saved PyTorch checkpoint to results/checkpoints/strict_grad_norm_uncapped_adam40k_5090/best.pt
Saved PyTorch checkpoint to results/checkpoints/strict_grad_norm_uncapped_adam40k_5090/best.pt
Saved PyTorch checkpoint to results/checkpoints/strict_grad_norm_uncapped_adam40k_5090/best.pt
Saved PyTorch checkpoint to results/checkpoints/strict_grad_norm_uncapped_adam40k_5090/best.pt
Saved PyTorch checkpoint to results/checkpoints/strict_grad_norm_uncapped_adam40k_5090/best.pt
Saved PyTorch checkpoint to results/checkpoints/strict_grad_norm_uncapped_adam40k_5090/best.pt
Saved PyTorch checkpoint to results/checkpoints/strict_grad_norm_uncapped_adam40k_5090/best.pt
Saved PyTorch checkpoint to results/checkpoints/strict_grad_norm_uncapped_adam40k_5090/best.pt
Adam 8500 | total=4.342e-02 f=3.233e-04 ic=1.288e-06 wall=8.507e-05 inlet=1.872e-01 outlet=3.598e-08 lr=5.000e-04 | λ[f=1.00 ic=721.90 wall=14.84 inlet=0.22 outlet=16283.29]
Saved PyTorch checkpoint to results/checkpoints/strict_grad_norm_uncapped_adam40k_5090/best.pt
Saved PyTorch checkpoint to results/checkpoints/strict_grad_norm_uncapped_adam40k_5090/best.pt
Saved PyTorch checkpoint to results/checkpoints/strict_grad_norm_uncapped_adam40k_5090/best.pt
Saved PyTorch checkpoint to results/checkpoints/strict_grad_norm_uncapped_adam40k_5090/best.pt
Saved PyTorch checkpoint to results/checkpoints/strict_grad_norm_uncapped_adam40k_5090/best.pt
Saved PyTorch checkpoint to results/checkpoints/strict_grad_norm_uncapped_adam40k_5090/best.pt
Saved PyTorch checkpoint to results/checkpoints/strict_grad_norm_uncapped_adam40k_5090/best.pt
Saved PyTorch checkpoint to results/checkpoints/strict_grad_norm_uncapped_adam40k_5090/best.pt
Saved PyTorch checkpoint to results/checkpoints/strict_grad_norm_uncapped_adam40k_5090/best.pt
Saved PyTorch checkpoint to results/checkpoints/strict_grad_norm_uncapped_adam40k_5090/best.pt
Saved PyTorch checkpoint to results/checkpoints/strict_grad_norm_uncapped_adam40k_5090/best.pt
Saved PyTorch checkpoint to results/checkpoints/strict_grad_norm_uncapped_adam40k_5090/best.pt
Saved PyTorch checkpoint to results/checkpoints/strict_grad_norm_uncapped_adam40k_5090/best.pt
Saved PyTorch checkpoint to results/checkpoints/strict_grad_norm_uncapped_adam40k_5090/best.pt
Saved PyTorch checkpoint to results/checkpoints/strict_grad_norm_uncapped_adam40k_5090/best.pt
Saved PyTorch checkpoint to results/checkpoints/strict_grad_norm_uncapped_adam40k_5090/best.pt
Saved PyTorch checkpoint to results/checkpoints/strict_grad_norm_uncapped_adam40k_5090/best.pt
Saved PyTorch checkpoint to results/checkpoints/strict_grad_norm_uncapped_adam40k_5090/best.pt
Saved PyTorch checkpoint to results/checkpoints/strict_grad_norm_uncapped_adam40k_5090/best.pt
Saved PyTorch checkpoint to results/checkpoints/strict_grad_norm_uncapped_adam40k_5090/best.pt
Saved PyTorch checkpoint to results/checkpoints/strict_grad_norm_uncapped_adam40k_5090/best.pt
Saved PyTorch checkpoint to results/checkpoints/strict_grad_norm_uncapped_adam40k_5090/best.pt
Saved PyTorch checkpoint to results/checkpoints/strict_grad_norm_uncapped_adam40k_5090/best.pt
Saved PyTorch checkpoint to results/checkpoints/strict_grad_norm_uncapped_adam40k_5090/best.pt
Saved PyTorch checkpoint to results/checkpoints/strict_grad_norm_uncapped_adam40k_5090/best.pt
Saved PyTorch checkpoint to results/checkpoints/strict_grad_norm_uncapped_adam40k_5090/best.pt
Saved PyTorch checkpoint to results/checkpoints/strict_grad_norm_uncapped_adam40k_5090/best.pt
Saved PyTorch checkpoint to results/checkpoints/strict_grad_norm_uncapped_adam40k_5090/best.pt
Saved PyTorch checkpoint to results/checkpoints/strict_grad_norm_uncapped_adam40k_5090/best.pt
Saved PyTorch checkpoint to results/checkpoints/strict_grad_norm_uncapped_adam40k_5090/best.pt
Saved PyTorch checkpoint to results/checkpoints/strict_grad_norm_uncapped_adam40k_5090/best.pt
Saved PyTorch checkpoint to results/checkpoints/strict_grad_norm_uncapped_adam40k_5090/best.pt
Saved PyTorch checkpoint to results/checkpoints/strict_grad_norm_uncapped_adam40k_5090/best.pt
Saved PyTorch checkpoint to results/checkpoints/strict_grad_norm_uncapped_adam40k_5090/best.pt
Saved PyTorch checkpoint to results/checkpoints/strict_grad_norm_uncapped_adam40k_5090/best.pt
Saved PyTorch checkpoint to results/checkpoints/strict_grad_norm_uncapped_adam40k_5090/best.pt
Saved PyTorch checkpoint to results/checkpoints/strict_grad_norm_uncapped_adam40k_5090/best.pt
Saved PyTorch checkpoint to results/checkpoints/strict_grad_norm_uncapped_adam40k_5090/best.pt
Saved PyTorch checkpoint to results/checkpoints/strict_grad_norm_uncapped_adam40k_5090/best.pt
Saved PyTorch checkpoint to results/checkpoints/strict_grad_norm_uncapped_adam40k_5090/best.pt
Saved PyTorch checkpoint to results/checkpoints/strict_grad_norm_uncapped_adam40k_5090/best.pt
Saved PyTorch checkpoint to results/checkpoints/strict_grad_norm_uncapped_adam40k_5090/best.pt
Saved PyTorch checkpoint to results/checkpoints/strict_grad_norm_uncapped_adam40k_5090/best.pt
Saved PyTorch checkpoint to results/checkpoints/strict_grad_norm_uncapped_adam40k_5090/best.pt
Saved PyTorch checkpoint to results/checkpoints/strict_grad_norm_uncapped_adam40k_5090/best.pt
Saved PyTorch checkpoint to results/checkpoints/strict_grad_norm_uncapped_adam40k_5090/best.pt
Saved PyTorch checkpoint to results/checkpoints/strict_grad_norm_uncapped_adam40k_5090/best.pt
Saved PyTorch checkpoint to results/checkpoints/strict_grad_norm_uncapped_adam40k_5090/best.pt
Saved PyTorch checkpoint to results/checkpoints/strict_grad_norm_uncapped_adam40k_5090/best.pt
Saved PyTorch checkpoint to results/checkpoints/strict_grad_norm_uncapped_adam40k_5090/best.pt
Saved PyTorch checkpoint to results/checkpoints/strict_grad_norm_uncapped_adam40k_5090/best.pt
Saved PyTorch checkpoint to results/checkpoints/strict_grad_norm_uncapped_adam40k_5090/best.pt
Saved PyTorch checkpoint to results/checkpoints/strict_grad_norm_uncapped_adam40k_5090/best.pt
Saved PyTorch checkpoint to results/checkpoints/strict_grad_norm_uncapped_adam40k_5090/best.pt
Saved PyTorch checkpoint to results/checkpoints/strict_grad_norm_uncapped_adam40k_5090/best.pt
Saved PyTorch checkpoint to results/checkpoints/strict_grad_norm_uncapped_adam40k_5090/best.pt
Saved PyTorch checkpoint to results/checkpoints/strict_grad_norm_uncapped_adam40k_5090/best.pt
Saved PyTorch checkpoint to results/checkpoints/strict_grad_norm_uncapped_adam40k_5090/best.pt
Saved PyTorch checkpoint to results/checkpoints/strict_grad_norm_uncapped_adam40k_5090/best.pt
Saved PyTorch checkpoint to results/checkpoints/strict_grad_norm_uncapped_adam40k_5090/best.pt
Saved PyTorch checkpoint to results/checkpoints/strict_grad_norm_uncapped_adam40k_5090/best.pt
Saved PyTorch checkpoint to results/checkpoints/strict_grad_norm_uncapped_adam40k_5090/best.pt
Saved PyTorch checkpoint to results/checkpoints/strict_grad_norm_uncapped_adam40k_5090/best.pt
Saved PyTorch checkpoint to results/checkpoints/strict_grad_norm_uncapped_adam40k_5090/best.pt
Saved PyTorch checkpoint to results/checkpoints/strict_grad_norm_uncapped_adam40k_5090/best.pt
Saved PyTorch checkpoint to results/checkpoints/strict_grad_norm_uncapped_adam40k_5090/best.pt
Saved PyTorch checkpoint to results/checkpoints/strict_grad_norm_uncapped_adam40k_5090/best.pt
Saved PyTorch checkpoint to results/checkpoints/strict_grad_norm_uncapped_adam40k_5090/best.pt
Saved PyTorch checkpoint to results/checkpoints/strict_grad_norm_uncapped_adam40k_5090/best.pt
Saved PyTorch checkpoint to results/checkpoints/strict_grad_norm_uncapped_adam40k_5090/best.pt
Saved PyTorch checkpoint to results/checkpoints/strict_grad_norm_uncapped_adam40k_5090/best.pt
Saved PyTorch checkpoint to results/checkpoints/strict_grad_norm_uncapped_adam40k_5090/best.pt
Saved PyTorch checkpoint to results/checkpoints/strict_grad_norm_uncapped_adam40k_5090/best.pt
Saved PyTorch checkpoint to results/checkpoints/strict_grad_norm_uncapped_adam40k_5090/best.pt
Saved PyTorch checkpoint to results/checkpoints/strict_grad_norm_uncapped_adam40k_5090/best.pt
Saved PyTorch checkpoint to results/checkpoints/strict_grad_norm_uncapped_adam40k_5090/best.pt
Saved PyTorch checkpoint to results/checkpoints/strict_grad_norm_uncapped_adam40k_5090/best.pt
Saved PyTorch checkpoint to results/checkpoints/strict_grad_norm_uncapped_adam40k_5090/best.pt
Saved PyTorch checkpoint to results/checkpoints/strict_grad_norm_uncapped_adam40k_5090/best.pt
Saved PyTorch checkpoint to results/checkpoints/strict_grad_norm_uncapped_adam40k_5090/best.pt
Saved PyTorch checkpoint to results/checkpoints/strict_grad_norm_uncapped_adam40k_5090/best.pt
Saved PyTorch checkpoint to results/checkpoints/strict_grad_norm_uncapped_adam40k_5090/best.pt
Saved PyTorch checkpoint to results/checkpoints/strict_grad_norm_uncapped_adam40k_5090/best.pt
Saved PyTorch checkpoint to results/checkpoints/strict_grad_norm_uncapped_adam40k_5090/best.pt
Saved PyTorch checkpoint to results/checkpoints/strict_grad_norm_uncapped_adam40k_5090/best.pt
Saved PyTorch checkpoint to results/checkpoints/strict_grad_norm_uncapped_adam40k_5090/best.pt
Saved PyTorch checkpoint to results/checkpoints/strict_grad_norm_uncapped_adam40k_5090/best.pt
Saved PyTorch checkpoint to results/checkpoints/strict_grad_norm_uncapped_adam40k_5090/best.pt
Saved PyTorch checkpoint to results/checkpoints/strict_grad_norm_uncapped_adam40k_5090/best.pt
Saved PyTorch checkpoint to results/checkpoints/strict_grad_norm_uncapped_adam40k_5090/best.pt
Saved PyTorch checkpoint to results/checkpoints/strict_grad_norm_uncapped_adam40k_5090/best.pt
Saved PyTorch checkpoint to results/checkpoints/strict_grad_norm_uncapped_adam40k_5090/best.pt
Saved PyTorch checkpoint to results/checkpoints/strict_grad_norm_uncapped_adam40k_5090/best.pt
Saved PyTorch checkpoint to results/checkpoints/strict_grad_norm_uncapped_adam40k_5090/best.pt
Saved PyTorch checkpoint to results/checkpoints/strict_grad_norm_uncapped_adam40k_5090/best.pt
Saved PyTorch checkpoint to results/checkpoints/strict_grad_norm_uncapped_adam40k_5090/best.pt
Saved PyTorch checkpoint to results/checkpoints/strict_grad_norm_uncapped_adam40k_5090/best.pt
Saved PyTorch checkpoint to results/checkpoints/strict_grad_norm_uncapped_adam40k_5090/best.pt
Saved PyTorch checkpoint to results/checkpoints/strict_grad_norm_uncapped_adam40k_5090/best.pt
Saved PyTorch checkpoint to results/checkpoints/strict_grad_norm_uncapped_adam40k_5090/best.pt
Adam 8600 | total=3.961e-02 f=3.128e-04 ic=1.244e-06 wall=8.251e-05 inlet=1.873e-01 outlet=3.259e-08 lr=5.000e-04 | λ[f=1.00 ic=671.94 wall=13.82 inlet=0.20 outlet=16854.47]
Saved PyTorch checkpoint to results/checkpoints/strict_grad_norm_uncapped_adam40k_5090/best.pt
Saved PyTorch checkpoint to results/checkpoints/strict_grad_norm_uncapped_adam40k_5090/best.pt
Saved PyTorch checkpoint to results/checkpoints/strict_grad_norm_uncapped_adam40k_5090/best.pt
Saved PyTorch checkpoint to results/checkpoints/strict_grad_norm_uncapped_adam40k_5090/best.pt
Saved PyTorch checkpoint to results/checkpoints/strict_grad_norm_uncapped_adam40k_5090/best.pt
Saved PyTorch checkpoint to results/checkpoints/strict_grad_norm_uncapped_adam40k_5090/best.pt
Saved PyTorch checkpoint to results/checkpoints/strict_grad_norm_uncapped_adam40k_5090/best.pt
Saved PyTorch checkpoint to results/checkpoints/strict_grad_norm_uncapped_adam40k_5090/best.pt
Saved PyTorch checkpoint to results/checkpoints/strict_grad_norm_uncapped_adam40k_5090/best.pt
Saved PyTorch checkpoint to results/checkpoints/strict_grad_norm_uncapped_adam40k_5090/best.pt
Saved PyTorch checkpoint to results/checkpoints/strict_grad_norm_uncapped_adam40k_5090/best.pt
Saved PyTorch checkpoint to results/checkpoints/strict_grad_norm_uncapped_adam40k_5090/best.pt
Saved PyTorch checkpoint to results/checkpoints/strict_grad_norm_uncapped_adam40k_5090/best.pt
Saved PyTorch checkpoint to results/checkpoints/strict_grad_norm_uncapped_adam40k_5090/best.pt
Saved PyTorch checkpoint to results/checkpoints/strict_grad_norm_uncapped_adam40k_5090/best.pt
Saved PyTorch checkpoint to results/checkpoints/strict_grad_norm_uncapped_adam40k_5090/best.pt
Saved PyTorch checkpoint to results/checkpoints/strict_grad_norm_uncapped_adam40k_5090/best.pt
Saved PyTorch checkpoint to results/checkpoints/strict_grad_norm_uncapped_adam40k_5090/best.pt
Saved PyTorch checkpoint to results/checkpoints/strict_grad_norm_uncapped_adam40k_5090/best.pt
Saved PyTorch checkpoint to results/checkpoints/strict_grad_norm_uncapped_adam40k_5090/best.pt
Saved PyTorch checkpoint to results/checkpoints/strict_grad_norm_uncapped_adam40k_5090/best.pt
Saved PyTorch checkpoint to results/checkpoints/strict_grad_norm_uncapped_adam40k_5090/best.pt
Saved PyTorch checkpoint to results/checkpoints/strict_grad_norm_uncapped_adam40k_5090/best.pt
Saved PyTorch checkpoint to results/checkpoints/strict_grad_norm_uncapped_adam40k_5090/best.pt
Saved PyTorch checkpoint to results/checkpoints/strict_grad_norm_uncapped_adam40k_5090/best.pt
Saved PyTorch checkpoint to results/checkpoints/strict_grad_norm_uncapped_adam40k_5090/best.pt
Saved PyTorch checkpoint to results/checkpoints/strict_grad_norm_uncapped_adam40k_5090/best.pt
Saved PyTorch checkpoint to results/checkpoints/strict_grad_norm_uncapped_adam40k_5090/best.pt
Saved PyTorch checkpoint to results/checkpoints/strict_grad_norm_uncapped_adam40k_5090/best.pt
Saved PyTorch checkpoint to results/checkpoints/strict_grad_norm_uncapped_adam40k_5090/best.pt
Saved PyTorch checkpoint to results/checkpoints/strict_grad_norm_uncapped_adam40k_5090/best.pt
Saved PyTorch checkpoint to results/checkpoints/strict_grad_norm_uncapped_adam40k_5090/best.pt
Saved PyTorch checkpoint to results/checkpoints/strict_grad_norm_uncapped_adam40k_5090/best.pt
Saved PyTorch checkpoint to results/checkpoints/strict_grad_norm_uncapped_adam40k_5090/best.pt
Saved PyTorch checkpoint to results/checkpoints/strict_grad_norm_uncapped_adam40k_5090/best.pt
Saved PyTorch checkpoint to results/checkpoints/strict_grad_norm_uncapped_adam40k_5090/best.pt
Saved PyTorch checkpoint to results/checkpoints/strict_grad_norm_uncapped_adam40k_5090/best.pt
Saved PyTorch checkpoint to results/checkpoints/strict_grad_norm_uncapped_adam40k_5090/best.pt
Saved PyTorch checkpoint to results/checkpoints/strict_grad_norm_uncapped_adam40k_5090/best.pt
Saved PyTorch checkpoint to results/checkpoints/strict_grad_norm_uncapped_adam40k_5090/best.pt
Saved PyTorch checkpoint to results/checkpoints/strict_grad_norm_uncapped_adam40k_5090/best.pt
Saved PyTorch checkpoint to results/checkpoints/strict_grad_norm_uncapped_adam40k_5090/best.pt
Saved PyTorch checkpoint to results/checkpoints/strict_grad_norm_uncapped_adam40k_5090/best.pt
Saved PyTorch checkpoint to results/checkpoints/strict_grad_norm_uncapped_adam40k_5090/best.pt
Saved PyTorch checkpoint to results/checkpoints/strict_grad_norm_uncapped_adam40k_5090/best.pt
Saved PyTorch checkpoint to results/checkpoints/strict_grad_norm_uncapped_adam40k_5090/best.pt
Saved PyTorch checkpoint to results/checkpoints/strict_grad_norm_uncapped_adam40k_5090/best.pt
Saved PyTorch checkpoint to results/checkpoints/strict_grad_norm_uncapped_adam40k_5090/best.pt
Saved PyTorch checkpoint to results/checkpoints/strict_grad_norm_uncapped_adam40k_5090/best.pt
Saved PyTorch checkpoint to results/checkpoints/strict_grad_norm_uncapped_adam40k_5090/best.pt
Saved PyTorch checkpoint to results/checkpoints/strict_grad_norm_uncapped_adam40k_5090/best.pt
Saved PyTorch checkpoint to results/checkpoints/strict_grad_norm_uncapped_adam40k_5090/best.pt
Saved PyTorch checkpoint to results/checkpoints/strict_grad_norm_uncapped_adam40k_5090/best.pt
Saved PyTorch checkpoint to results/checkpoints/strict_grad_norm_uncapped_adam40k_5090/best.pt
Saved PyTorch checkpoint to results/checkpoints/strict_grad_norm_uncapped_adam40k_5090/best.pt
Saved PyTorch checkpoint to results/checkpoints/strict_grad_norm_uncapped_adam40k_5090/best.pt
Saved PyTorch checkpoint to results/checkpoints/strict_grad_norm_uncapped_adam40k_5090/best.pt
Saved PyTorch checkpoint to results/checkpoints/strict_grad_norm_uncapped_adam40k_5090/best.pt
Saved PyTorch checkpoint to results/checkpoints/strict_grad_norm_uncapped_adam40k_5090/best.pt
Saved PyTorch checkpoint to results/checkpoints/strict_grad_norm_uncapped_adam40k_5090/best.pt
Saved PyTorch checkpoint to results/checkpoints/strict_grad_norm_uncapped_adam40k_5090/best.pt
Saved PyTorch checkpoint to results/checkpoints/strict_grad_norm_uncapped_adam40k_5090/best.pt
Saved PyTorch checkpoint to results/checkpoints/strict_grad_norm_uncapped_adam40k_5090/best.pt
Saved PyTorch checkpoint to results/checkpoints/strict_grad_norm_uncapped_adam40k_5090/best.pt
Saved PyTorch checkpoint to results/checkpoints/strict_grad_norm_uncapped_adam40k_5090/best.pt
Saved PyTorch checkpoint to results/checkpoints/strict_grad_norm_uncapped_adam40k_5090/best.pt
Saved PyTorch checkpoint to results/checkpoints/strict_grad_norm_uncapped_adam40k_5090/best.pt
Saved PyTorch checkpoint to results/checkpoints/strict_grad_norm_uncapped_adam40k_5090/best.pt
Saved PyTorch checkpoint to results/checkpoints/strict_grad_norm_uncapped_adam40k_5090/best.pt
Saved PyTorch checkpoint to results/checkpoints/strict_grad_norm_uncapped_adam40k_5090/best.pt
Saved PyTorch checkpoint to results/checkpoints/strict_grad_norm_uncapped_adam40k_5090/best.pt
Saved PyTorch checkpoint to results/checkpoints/strict_grad_norm_uncapped_adam40k_5090/best.pt
Saved PyTorch checkpoint to results/checkpoints/strict_grad_norm_uncapped_adam40k_5090/best.pt
Saved PyTorch checkpoint to results/checkpoints/strict_grad_norm_uncapped_adam40k_5090/best.pt
Saved PyTorch checkpoint to results/checkpoints/strict_grad_norm_uncapped_adam40k_5090/best.pt
Saved PyTorch checkpoint to results/checkpoints/strict_grad_norm_uncapped_adam40k_5090/best.pt
Saved PyTorch checkpoint to results/checkpoints/strict_grad_norm_uncapped_adam40k_5090/best.pt
Saved PyTorch checkpoint to results/checkpoints/strict_grad_norm_uncapped_adam40k_5090/best.pt
Saved PyTorch checkpoint to results/checkpoints/strict_grad_norm_uncapped_adam40k_5090/best.pt
Saved PyTorch checkpoint to results/checkpoints/strict_grad_norm_uncapped_adam40k_5090/best.pt
Saved PyTorch checkpoint to results/checkpoints/strict_grad_norm_uncapped_adam40k_5090/best.pt
Saved PyTorch checkpoint to results/checkpoints/strict_grad_norm_uncapped_adam40k_5090/best.pt
Saved PyTorch checkpoint to results/checkpoints/strict_grad_norm_uncapped_adam40k_5090/best.pt
Saved PyTorch checkpoint to results/checkpoints/strict_grad_norm_uncapped_adam40k_5090/best.pt
Saved PyTorch checkpoint to results/checkpoints/strict_grad_norm_uncapped_adam40k_5090/best.pt
Saved PyTorch checkpoint to results/checkpoints/strict_grad_norm_uncapped_adam40k_5090/best.pt
Saved PyTorch checkpoint to results/checkpoints/strict_grad_norm_uncapped_adam40k_5090/best.pt
Saved PyTorch checkpoint to results/checkpoints/strict_grad_norm_uncapped_adam40k_5090/best.pt
Saved PyTorch checkpoint to results/checkpoints/strict_grad_norm_uncapped_adam40k_5090/best.pt
Saved PyTorch checkpoint to results/checkpoints/strict_grad_norm_uncapped_adam40k_5090/best.pt
Saved PyTorch checkpoint to results/checkpoints/strict_grad_norm_uncapped_adam40k_5090/best.pt
Saved PyTorch checkpoint to results/checkpoints/strict_grad_norm_uncapped_adam40k_5090/best.pt
Saved PyTorch checkpoint to results/checkpoints/strict_grad_norm_uncapped_adam40k_5090/best.pt
Saved PyTorch checkpoint to results/checkpoints/strict_grad_norm_uncapped_adam40k_5090/best.pt
Saved PyTorch checkpoint to results/checkpoints/strict_grad_norm_uncapped_adam40k_5090/best.pt
Saved PyTorch checkpoint to results/checkpoints/strict_grad_norm_uncapped_adam40k_5090/best.pt
Saved PyTorch checkpoint to results/checkpoints/strict_grad_norm_uncapped_adam40k_5090/best.pt
Saved PyTorch checkpoint to results/checkpoints/strict_grad_norm_uncapped_adam40k_5090/best.pt
Saved PyTorch checkpoint to results/checkpoints/strict_grad_norm_uncapped_adam40k_5090/best.pt
Saved PyTorch checkpoint to results/checkpoints/strict_grad_norm_uncapped_adam40k_5090/best.pt
Adam 8700 | total=3.634e-02 f=3.029e-04 ic=1.205e-06 wall=8.015e-05 inlet=1.875e-01 outlet=2.950e-08 lr=5.000e-04 | λ[f=1.00 ic=630.99 wall=12.93 inlet=0.18 outlet=17634.72]
Saved PyTorch checkpoint to results/checkpoints/strict_grad_norm_uncapped_adam40k_5090/best.pt
Saved PyTorch checkpoint to results/checkpoints/strict_grad_norm_uncapped_adam40k_5090/best.pt
Saved PyTorch checkpoint to results/checkpoints/strict_grad_norm_uncapped_adam40k_5090/best.pt
Saved PyTorch checkpoint to results/checkpoints/strict_grad_norm_uncapped_adam40k_5090/best.pt
Saved PyTorch checkpoint to results/checkpoints/strict_grad_norm_uncapped_adam40k_5090/best.pt
Saved PyTorch checkpoint to results/checkpoints/strict_grad_norm_uncapped_adam40k_5090/best.pt
Saved PyTorch checkpoint to results/checkpoints/strict_grad_norm_uncapped_adam40k_5090/best.pt
Saved PyTorch checkpoint to results/checkpoints/strict_grad_norm_uncapped_adam40k_5090/best.pt
Saved PyTorch checkpoint to results/checkpoints/strict_grad_norm_uncapped_adam40k_5090/best.pt
Saved PyTorch checkpoint to results/checkpoints/strict_grad_norm_uncapped_adam40k_5090/best.pt
Saved PyTorch checkpoint to results/checkpoints/strict_grad_norm_uncapped_adam40k_5090/best.pt
Saved PyTorch checkpoint to results/checkpoints/strict_grad_norm_uncapped_adam40k_5090/best.pt
Saved PyTorch checkpoint to results/checkpoints/strict_grad_norm_uncapped_adam40k_5090/best.pt
Saved PyTorch checkpoint to results/checkpoints/strict_grad_norm_uncapped_adam40k_5090/best.pt
Saved PyTorch checkpoint to results/checkpoints/strict_grad_norm_uncapped_adam40k_5090/best.pt
Saved PyTorch checkpoint to results/checkpoints/strict_grad_norm_uncapped_adam40k_5090/best.pt
Saved PyTorch checkpoint to results/checkpoints/strict_grad_norm_uncapped_adam40k_5090/best.pt
Saved PyTorch checkpoint to results/checkpoints/strict_grad_norm_uncapped_adam40k_5090/best.pt
Saved PyTorch checkpoint to results/checkpoints/strict_grad_norm_uncapped_adam40k_5090/best.pt
Saved PyTorch checkpoint to results/checkpoints/strict_grad_norm_uncapped_adam40k_5090/best.pt
Saved PyTorch checkpoint to results/checkpoints/strict_grad_norm_uncapped_adam40k_5090/best.pt
Saved PyTorch checkpoint to results/checkpoints/strict_grad_norm_uncapped_adam40k_5090/best.pt
Saved PyTorch checkpoint to results/checkpoints/strict_grad_norm_uncapped_adam40k_5090/best.pt
Saved PyTorch checkpoint to results/checkpoints/strict_grad_norm_uncapped_adam40k_5090/best.pt
Saved PyTorch checkpoint to results/checkpoints/strict_grad_norm_uncapped_adam40k_5090/best.pt
Saved PyTorch checkpoint to results/checkpoints/strict_grad_norm_uncapped_adam40k_5090/best.pt
Saved PyTorch checkpoint to results/checkpoints/strict_grad_norm_uncapped_adam40k_5090/best.pt
Saved PyTorch checkpoint to results/checkpoints/strict_grad_norm_uncapped_adam40k_5090/best.pt
Saved PyTorch checkpoint to results/checkpoints/strict_grad_norm_uncapped_adam40k_5090/best.pt
Saved PyTorch checkpoint to results/checkpoints/strict_grad_norm_uncapped_adam40k_5090/best.pt
Saved PyTorch checkpoint to results/checkpoints/strict_grad_norm_uncapped_adam40k_5090/best.pt
Saved PyTorch checkpoint to results/checkpoints/strict_grad_norm_uncapped_adam40k_5090/best.pt
Saved PyTorch checkpoint to results/checkpoints/strict_grad_norm_uncapped_adam40k_5090/best.pt
Saved PyTorch checkpoint to results/checkpoints/strict_grad_norm_uncapped_adam40k_5090/best.pt
Saved PyTorch checkpoint to results/checkpoints/strict_grad_norm_uncapped_adam40k_5090/best.pt
Saved PyTorch checkpoint to results/checkpoints/strict_grad_norm_uncapped_adam40k_5090/best.pt
Saved PyTorch checkpoint to results/checkpoints/strict_grad_norm_uncapped_adam40k_5090/best.pt
Saved PyTorch checkpoint to results/checkpoints/strict_grad_norm_uncapped_adam40k_5090/best.pt
Saved PyTorch checkpoint to results/checkpoints/strict_grad_norm_uncapped_adam40k_5090/best.pt
Saved PyTorch checkpoint to results/checkpoints/strict_grad_norm_uncapped_adam40k_5090/best.pt
Saved PyTorch checkpoint to results/checkpoints/strict_grad_norm_uncapped_adam40k_5090/best.pt
Saved PyTorch checkpoint to results/checkpoints/strict_grad_norm_uncapped_adam40k_5090/best.pt
Saved PyTorch checkpoint to results/checkpoints/strict_grad_norm_uncapped_adam40k_5090/best.pt
Saved PyTorch checkpoint to results/checkpoints/strict_grad_norm_uncapped_adam40k_5090/best.pt
Saved PyTorch checkpoint to results/checkpoints/strict_grad_norm_uncapped_adam40k_5090/best.pt
Saved PyTorch checkpoint to results/checkpoints/strict_grad_norm_uncapped_adam40k_5090/best.pt
Saved PyTorch checkpoint to results/checkpoints/strict_grad_norm_uncapped_adam40k_5090/best.pt
Saved PyTorch checkpoint to results/checkpoints/strict_grad_norm_uncapped_adam40k_5090/best.pt
Saved PyTorch checkpoint to results/checkpoints/strict_grad_norm_uncapped_adam40k_5090/best.pt
Saved PyTorch checkpoint to results/checkpoints/strict_grad_norm_uncapped_adam40k_5090/best.pt
Saved PyTorch checkpoint to results/checkpoints/strict_grad_norm_uncapped_adam40k_5090/best.pt
Saved PyTorch checkpoint to results/checkpoints/strict_grad_norm_uncapped_adam40k_5090/best.pt
Saved PyTorch checkpoint to results/checkpoints/strict_grad_norm_uncapped_adam40k_5090/best.pt
Saved PyTorch checkpoint to results/checkpoints/strict_grad_norm_uncapped_adam40k_5090/best.pt
Saved PyTorch checkpoint to results/checkpoints/strict_grad_norm_uncapped_adam40k_5090/best.pt
Saved PyTorch checkpoint to results/checkpoints/strict_grad_norm_uncapped_adam40k_5090/best.pt
Saved PyTorch checkpoint to results/checkpoints/strict_grad_norm_uncapped_adam40k_5090/best.pt
Saved PyTorch checkpoint to results/checkpoints/strict_grad_norm_uncapped_adam40k_5090/best.pt
Saved PyTorch checkpoint to results/checkpoints/strict_grad_norm_uncapped_adam40k_5090/best.pt
Saved PyTorch checkpoint to results/checkpoints/strict_grad_norm_uncapped_adam40k_5090/best.pt
Saved PyTorch checkpoint to results/checkpoints/strict_grad_norm_uncapped_adam40k_5090/best.pt
Saved PyTorch checkpoint to results/checkpoints/strict_grad_norm_uncapped_adam40k_5090/best.pt
Saved PyTorch checkpoint to results/checkpoints/strict_grad_norm_uncapped_adam40k_5090/best.pt
Saved PyTorch checkpoint to results/checkpoints/strict_grad_norm_uncapped_adam40k_5090/best.pt
Saved PyTorch checkpoint to results/checkpoints/strict_grad_norm_uncapped_adam40k_5090/best.pt
Saved PyTorch checkpoint to results/checkpoints/strict_grad_norm_uncapped_adam40k_5090/best.pt
Saved PyTorch checkpoint to results/checkpoints/strict_grad_norm_uncapped_adam40k_5090/best.pt
Saved PyTorch checkpoint to results/checkpoints/strict_grad_norm_uncapped_adam40k_5090/best.pt
Saved PyTorch checkpoint to results/checkpoints/strict_grad_norm_uncapped_adam40k_5090/best.pt
Saved PyTorch checkpoint to results/checkpoints/strict_grad_norm_uncapped_adam40k_5090/best.pt
Saved PyTorch checkpoint to results/checkpoints/strict_grad_norm_uncapped_adam40k_5090/best.pt
Saved PyTorch checkpoint to results/checkpoints/strict_grad_norm_uncapped_adam40k_5090/best.pt
Saved PyTorch checkpoint to results/checkpoints/strict_grad_norm_uncapped_adam40k_5090/best.pt
Saved PyTorch checkpoint to results/checkpoints/strict_grad_norm_uncapped_adam40k_5090/best.pt
Saved PyTorch checkpoint to results/checkpoints/strict_grad_norm_uncapped_adam40k_5090/best.pt
Saved PyTorch checkpoint to results/checkpoints/strict_grad_norm_uncapped_adam40k_5090/best.pt
Saved PyTorch checkpoint to results/checkpoints/strict_grad_norm_uncapped_adam40k_5090/best.pt
Saved PyTorch checkpoint to results/checkpoints/strict_grad_norm_uncapped_adam40k_5090/best.pt
Saved PyTorch checkpoint to results/checkpoints/strict_grad_norm_uncapped_adam40k_5090/best.pt
Saved PyTorch checkpoint to results/checkpoints/strict_grad_norm_uncapped_adam40k_5090/best.pt
Saved PyTorch checkpoint to results/checkpoints/strict_grad_norm_uncapped_adam40k_5090/best.pt
Saved PyTorch checkpoint to results/checkpoints/strict_grad_norm_uncapped_adam40k_5090/best.pt
Saved PyTorch checkpoint to results/checkpoints/strict_grad_norm_uncapped_adam40k_5090/best.pt
Saved PyTorch checkpoint to results/checkpoints/strict_grad_norm_uncapped_adam40k_5090/best.pt
Saved PyTorch checkpoint to results/checkpoints/strict_grad_norm_uncapped_adam40k_5090/best.pt
Saved PyTorch checkpoint to results/checkpoints/strict_grad_norm_uncapped_adam40k_5090/best.pt
Saved PyTorch checkpoint to results/checkpoints/strict_grad_norm_uncapped_adam40k_5090/best.pt
Saved PyTorch checkpoint to results/checkpoints/strict_grad_norm_uncapped_adam40k_5090/best.pt
Saved PyTorch checkpoint to results/checkpoints/strict_grad_norm_uncapped_adam40k_5090/best.pt
Saved PyTorch checkpoint to results/checkpoints/strict_grad_norm_uncapped_adam40k_5090/best.pt
Saved PyTorch checkpoint to results/checkpoints/strict_grad_norm_uncapped_adam40k_5090/best.pt
Saved PyTorch checkpoint to results/checkpoints/strict_grad_norm_uncapped_adam40k_5090/best.pt
Saved PyTorch checkpoint to results/checkpoints/strict_grad_norm_uncapped_adam40k_5090/best.pt
Saved PyTorch checkpoint to results/checkpoints/strict_grad_norm_uncapped_adam40k_5090/best.pt
Saved PyTorch checkpoint to results/checkpoints/strict_grad_norm_uncapped_adam40k_5090/best.pt
Saved PyTorch checkpoint to results/checkpoints/strict_grad_norm_uncapped_adam40k_5090/best.pt
Saved PyTorch checkpoint to results/checkpoints/strict_grad_norm_uncapped_adam40k_5090/best.pt
Saved PyTorch checkpoint to results/checkpoints/strict_grad_norm_uncapped_adam40k_5090/best.pt
Saved PyTorch checkpoint to results/checkpoints/strict_grad_norm_uncapped_adam40k_5090/best.pt
Saved PyTorch checkpoint to results/checkpoints/strict_grad_norm_uncapped_adam40k_5090/best.pt
Adam 8800 | total=3.358e-02 f=2.935e-04 ic=1.171e-06 wall=7.797e-05 inlet=1.876e-01 outlet=2.650e-08 lr=5.000e-04 | λ[f=1.00 ic=596.77 wall=12.15 inlet=0.17 outlet=19520.48]
Saved PyTorch checkpoint to results/checkpoints/strict_grad_norm_uncapped_adam40k_5090/best.pt
Saved PyTorch checkpoint to results/checkpoints/strict_grad_norm_uncapped_adam40k_5090/best.pt
Saved PyTorch checkpoint to results/checkpoints/strict_grad_norm_uncapped_adam40k_5090/best.pt
Saved PyTorch checkpoint to results/checkpoints/strict_grad_norm_uncapped_adam40k_5090/best.pt
Saved PyTorch checkpoint to results/checkpoints/strict_grad_norm_uncapped_adam40k_5090/best.pt
Saved PyTorch checkpoint to results/checkpoints/strict_grad_norm_uncapped_adam40k_5090/best.pt
Saved PyTorch checkpoint to results/checkpoints/strict_grad_norm_uncapped_adam40k_5090/best.pt
Saved PyTorch checkpoint to results/checkpoints/strict_grad_norm_uncapped_adam40k_5090/best.pt
Saved PyTorch checkpoint to results/checkpoints/strict_grad_norm_uncapped_adam40k_5090/best.pt
Saved PyTorch checkpoint to results/checkpoints/strict_grad_norm_uncapped_adam40k_5090/best.pt
Saved PyTorch checkpoint to results/checkpoints/strict_grad_norm_uncapped_adam40k_5090/best.pt
Saved PyTorch checkpoint to results/checkpoints/strict_grad_norm_uncapped_adam40k_5090/best.pt
Saved PyTorch checkpoint to results/checkpoints/strict_grad_norm_uncapped_adam40k_5090/best.pt
Saved PyTorch checkpoint to results/checkpoints/strict_grad_norm_uncapped_adam40k_5090/best.pt
Saved PyTorch checkpoint to results/checkpoints/strict_grad_norm_uncapped_adam40k_5090/best.pt
Saved PyTorch checkpoint to results/checkpoints/strict_grad_norm_uncapped_adam40k_5090/best.pt
Saved PyTorch checkpoint to results/checkpoints/strict_grad_norm_uncapped_adam40k_5090/best.pt
Saved PyTorch checkpoint to results/checkpoints/strict_grad_norm_uncapped_adam40k_5090/best.pt
Saved PyTorch checkpoint to results/checkpoints/strict_grad_norm_uncapped_adam40k_5090/best.pt
Saved PyTorch checkpoint to results/checkpoints/strict_grad_norm_uncapped_adam40k_5090/best.pt
Saved PyTorch checkpoint to results/checkpoints/strict_grad_norm_uncapped_adam40k_5090/best.pt
Saved PyTorch checkpoint to results/checkpoints/strict_grad_norm_uncapped_adam40k_5090/best.pt
Saved PyTorch checkpoint to results/checkpoints/strict_grad_norm_uncapped_adam40k_5090/best.pt
Saved PyTorch checkpoint to results/checkpoints/strict_grad_norm_uncapped_adam40k_5090/best.pt
Saved PyTorch checkpoint to results/checkpoints/strict_grad_norm_uncapped_adam40k_5090/best.pt
Saved PyTorch checkpoint to results/checkpoints/strict_grad_norm_uncapped_adam40k_5090/best.pt
Saved PyTorch checkpoint to results/checkpoints/strict_grad_norm_uncapped_adam40k_5090/best.pt
Saved PyTorch checkpoint to results/checkpoints/strict_grad_norm_uncapped_adam40k_5090/best.pt
Saved PyTorch checkpoint to results/checkpoints/strict_grad_norm_uncapped_adam40k_5090/best.pt
Saved PyTorch checkpoint to results/checkpoints/strict_grad_norm_uncapped_adam40k_5090/best.pt
Saved PyTorch checkpoint to results/checkpoints/strict_grad_norm_uncapped_adam40k_5090/best.pt
Saved PyTorch checkpoint to results/checkpoints/strict_grad_norm_uncapped_adam40k_5090/best.pt
Saved PyTorch checkpoint to results/checkpoints/strict_grad_norm_uncapped_adam40k_5090/best.pt
Saved PyTorch checkpoint to results/checkpoints/strict_grad_norm_uncapped_adam40k_5090/best.pt
Saved PyTorch checkpoint to results/checkpoints/strict_grad_norm_uncapped_adam40k_5090/best.pt
Saved PyTorch checkpoint to results/checkpoints/strict_grad_norm_uncapped_adam40k_5090/best.pt
Saved PyTorch checkpoint to results/checkpoints/strict_grad_norm_uncapped_adam40k_5090/best.pt
Saved PyTorch checkpoint to results/checkpoints/strict_grad_norm_uncapped_adam40k_5090/best.pt
Saved PyTorch checkpoint to results/checkpoints/strict_grad_norm_uncapped_adam40k_5090/best.pt
Saved PyTorch checkpoint to results/checkpoints/strict_grad_norm_uncapped_adam40k_5090/best.pt
Saved PyTorch checkpoint to results/checkpoints/strict_grad_norm_uncapped_adam40k_5090/best.pt
Saved PyTorch checkpoint to results/checkpoints/strict_grad_norm_uncapped_adam40k_5090/best.pt
Saved PyTorch checkpoint to results/checkpoints/strict_grad_norm_uncapped_adam40k_5090/best.pt
Saved PyTorch checkpoint to results/checkpoints/strict_grad_norm_uncapped_adam40k_5090/best.pt
Saved PyTorch checkpoint to results/checkpoints/strict_grad_norm_uncapped_adam40k_5090/best.pt
Saved PyTorch checkpoint to results/checkpoints/strict_grad_norm_uncapped_adam40k_5090/best.pt
Saved PyTorch checkpoint to results/checkpoints/strict_grad_norm_uncapped_adam40k_5090/best.pt
Saved PyTorch checkpoint to results/checkpoints/strict_grad_norm_uncapped_adam40k_5090/best.pt
Saved PyTorch checkpoint to results/checkpoints/strict_grad_norm_uncapped_adam40k_5090/best.pt
Saved PyTorch checkpoint to results/checkpoints/strict_grad_norm_uncapped_adam40k_5090/best.pt
Saved PyTorch checkpoint to results/checkpoints/strict_grad_norm_uncapped_adam40k_5090/best.pt
Saved PyTorch checkpoint to results/checkpoints/strict_grad_norm_uncapped_adam40k_5090/best.pt
Saved PyTorch checkpoint to results/checkpoints/strict_grad_norm_uncapped_adam40k_5090/best.pt
Saved PyTorch checkpoint to results/checkpoints/strict_grad_norm_uncapped_adam40k_5090/best.pt
Saved PyTorch checkpoint to results/checkpoints/strict_grad_norm_uncapped_adam40k_5090/best.pt
Saved PyTorch checkpoint to results/checkpoints/strict_grad_norm_uncapped_adam40k_5090/best.pt
Saved PyTorch checkpoint to results/checkpoints/strict_grad_norm_uncapped_adam40k_5090/best.pt
Saved PyTorch checkpoint to results/checkpoints/strict_grad_norm_uncapped_adam40k_5090/best.pt
Saved PyTorch checkpoint to results/checkpoints/strict_grad_norm_uncapped_adam40k_5090/best.pt
Saved PyTorch checkpoint to results/checkpoints/strict_grad_norm_uncapped_adam40k_5090/best.pt
Saved PyTorch checkpoint to results/checkpoints/strict_grad_norm_uncapped_adam40k_5090/best.pt
Saved PyTorch checkpoint to results/checkpoints/strict_grad_norm_uncapped_adam40k_5090/best.pt
Saved PyTorch checkpoint to results/checkpoints/strict_grad_norm_uncapped_adam40k_5090/best.pt
Saved PyTorch checkpoint to results/checkpoints/strict_grad_norm_uncapped_adam40k_5090/best.pt
Saved PyTorch checkpoint to results/checkpoints/strict_grad_norm_uncapped_adam40k_5090/best.pt
Saved PyTorch checkpoint to results/checkpoints/strict_grad_norm_uncapped_adam40k_5090/best.pt
Saved PyTorch checkpoint to results/checkpoints/strict_grad_norm_uncapped_adam40k_5090/best.pt
Saved PyTorch checkpoint to results/checkpoints/strict_grad_norm_uncapped_adam40k_5090/best.pt
Saved PyTorch checkpoint to results/checkpoints/strict_grad_norm_uncapped_adam40k_5090/best.pt
Saved PyTorch checkpoint to results/checkpoints/strict_grad_norm_uncapped_adam40k_5090/best.pt
Saved PyTorch checkpoint to results/checkpoints/strict_grad_norm_uncapped_adam40k_5090/best.pt
Saved PyTorch checkpoint to results/checkpoints/strict_grad_norm_uncapped_adam40k_5090/best.pt
Saved PyTorch checkpoint to results/checkpoints/strict_grad_norm_uncapped_adam40k_5090/best.pt
Saved PyTorch checkpoint to results/checkpoints/strict_grad_norm_uncapped_adam40k_5090/best.pt
Saved PyTorch checkpoint to results/checkpoints/strict_grad_norm_uncapped_adam40k_5090/best.pt
Saved PyTorch checkpoint to results/checkpoints/strict_grad_norm_uncapped_adam40k_5090/best.pt
Saved PyTorch checkpoint to results/checkpoints/strict_grad_norm_uncapped_adam40k_5090/best.pt
Saved PyTorch checkpoint to results/checkpoints/strict_grad_norm_uncapped_adam40k_5090/best.pt
Saved PyTorch checkpoint to results/checkpoints/strict_grad_norm_uncapped_adam40k_5090/best.pt
Saved PyTorch checkpoint to results/checkpoints/strict_grad_norm_uncapped_adam40k_5090/best.pt
Saved PyTorch checkpoint to results/checkpoints/strict_grad_norm_uncapped_adam40k_5090/best.pt
Saved PyTorch checkpoint to results/checkpoints/strict_grad_norm_uncapped_adam40k_5090/best.pt
Saved PyTorch checkpoint to results/checkpoints/strict_grad_norm_uncapped_adam40k_5090/best.pt
Saved PyTorch checkpoint to results/checkpoints/strict_grad_norm_uncapped_adam40k_5090/best.pt
Saved PyTorch checkpoint to results/checkpoints/strict_grad_norm_uncapped_adam40k_5090/best.pt
Saved PyTorch checkpoint to results/checkpoints/strict_grad_norm_uncapped_adam40k_5090/best.pt
Saved PyTorch checkpoint to results/checkpoints/strict_grad_norm_uncapped_adam40k_5090/best.pt
Saved PyTorch checkpoint to results/checkpoints/strict_grad_norm_uncapped_adam40k_5090/best.pt
Saved PyTorch checkpoint to results/checkpoints/strict_grad_norm_uncapped_adam40k_5090/best.pt
Saved PyTorch checkpoint to results/checkpoints/strict_grad_norm_uncapped_adam40k_5090/best.pt
Saved PyTorch checkpoint to results/checkpoints/strict_grad_norm_uncapped_adam40k_5090/best.pt
Saved PyTorch checkpoint to results/checkpoints/strict_grad_norm_uncapped_adam40k_5090/best.pt
Saved PyTorch checkpoint to results/checkpoints/strict_grad_norm_uncapped_adam40k_5090/best.pt
Saved PyTorch checkpoint to results/checkpoints/strict_grad_norm_uncapped_adam40k_5090/best.pt
Saved PyTorch checkpoint to results/checkpoints/strict_grad_norm_uncapped_adam40k_5090/best.pt
Saved PyTorch checkpoint to results/checkpoints/strict_grad_norm_uncapped_adam40k_5090/best.pt
Saved PyTorch checkpoint to results/checkpoints/strict_grad_norm_uncapped_adam40k_5090/best.pt
Saved PyTorch checkpoint to results/checkpoints/strict_grad_norm_uncapped_adam40k_5090/best.pt
Saved PyTorch checkpoint to results/checkpoints/strict_grad_norm_uncapped_adam40k_5090/best.pt
Saved PyTorch checkpoint to results/checkpoints/strict_grad_norm_uncapped_adam40k_5090/best.pt
Adam 8900 | total=3.137e-02 f=2.847e-04 ic=1.141e-06 wall=7.595e-05 inlet=1.877e-01 outlet=2.346e-08 lr=5.000e-04 | λ[f=1.00 ic=571.63 wall=11.55 inlet=0.15 outlet=21905.84]
Saved PyTorch checkpoint to results/checkpoints/strict_grad_norm_uncapped_adam40k_5090/best.pt
Saved PyTorch checkpoint to results/checkpoints/strict_grad_norm_uncapped_adam40k_5090/best.pt
Saved PyTorch checkpoint to results/checkpoints/strict_grad_norm_uncapped_adam40k_5090/best.pt
Saved PyTorch checkpoint to results/checkpoints/strict_grad_norm_uncapped_adam40k_5090/best.pt
Saved PyTorch checkpoint to results/checkpoints/strict_grad_norm_uncapped_adam40k_5090/best.pt
Saved PyTorch checkpoint to results/checkpoints/strict_grad_norm_uncapped_adam40k_5090/best.pt
Saved PyTorch checkpoint to results/checkpoints/strict_grad_norm_uncapped_adam40k_5090/best.pt
Saved PyTorch checkpoint to results/checkpoints/strict_grad_norm_uncapped_adam40k_5090/best.pt
Saved PyTorch checkpoint to results/checkpoints/strict_grad_norm_uncapped_adam40k_5090/best.pt
Saved PyTorch checkpoint to results/checkpoints/strict_grad_norm_uncapped_adam40k_5090/best.pt
Saved PyTorch checkpoint to results/checkpoints/strict_grad_norm_uncapped_adam40k_5090/best.pt
Saved PyTorch checkpoint to results/checkpoints/strict_grad_norm_uncapped_adam40k_5090/best.pt
Saved PyTorch checkpoint to results/checkpoints/strict_grad_norm_uncapped_adam40k_5090/best.pt
Saved PyTorch checkpoint to results/checkpoints/strict_grad_norm_uncapped_adam40k_5090/best.pt
Saved PyTorch checkpoint to results/checkpoints/strict_grad_norm_uncapped_adam40k_5090/best.pt
Saved PyTorch checkpoint to results/checkpoints/strict_grad_norm_uncapped_adam40k_5090/best.pt
Saved PyTorch checkpoint to results/checkpoints/strict_grad_norm_uncapped_adam40k_5090/best.pt
Saved PyTorch checkpoint to results/checkpoints/strict_grad_norm_uncapped_adam40k_5090/best.pt
Saved PyTorch checkpoint to results/checkpoints/strict_grad_norm_uncapped_adam40k_5090/best.pt
Saved PyTorch checkpoint to results/checkpoints/strict_grad_norm_uncapped_adam40k_5090/best.pt
Saved PyTorch checkpoint to results/checkpoints/strict_grad_norm_uncapped_adam40k_5090/best.pt
Saved PyTorch checkpoint to results/checkpoints/strict_grad_norm_uncapped_adam40k_5090/best.pt
Saved PyTorch checkpoint to results/checkpoints/strict_grad_norm_uncapped_adam40k_5090/best.pt
Saved PyTorch checkpoint to results/checkpoints/strict_grad_norm_uncapped_adam40k_5090/best.pt
Saved PyTorch checkpoint to results/checkpoints/strict_grad_norm_uncapped_adam40k_5090/best.pt
Saved PyTorch checkpoint to results/checkpoints/strict_grad_norm_uncapped_adam40k_5090/best.pt
Saved PyTorch checkpoint to results/checkpoints/strict_grad_norm_uncapped_adam40k_5090/best.pt
Saved PyTorch checkpoint to results/checkpoints/strict_grad_norm_uncapped_adam40k_5090/best.pt
Saved PyTorch checkpoint to results/checkpoints/strict_grad_norm_uncapped_adam40k_5090/best.pt
Saved PyTorch checkpoint to results/checkpoints/strict_grad_norm_uncapped_adam40k_5090/best.pt
Saved PyTorch checkpoint to results/checkpoints/strict_grad_norm_uncapped_adam40k_5090/best.pt
Saved PyTorch checkpoint to results/checkpoints/strict_grad_norm_uncapped_adam40k_5090/best.pt
Saved PyTorch checkpoint to results/checkpoints/strict_grad_norm_uncapped_adam40k_5090/best.pt
Saved PyTorch checkpoint to results/checkpoints/strict_grad_norm_uncapped_adam40k_5090/best.pt
Saved PyTorch checkpoint to results/checkpoints/strict_grad_norm_uncapped_adam40k_5090/best.pt
Saved PyTorch checkpoint to results/checkpoints/strict_grad_norm_uncapped_adam40k_5090/best.pt
Saved PyTorch checkpoint to results/checkpoints/strict_grad_norm_uncapped_adam40k_5090/best.pt
Saved PyTorch checkpoint to results/checkpoints/strict_grad_norm_uncapped_adam40k_5090/best.pt
Saved PyTorch checkpoint to results/checkpoints/strict_grad_norm_uncapped_adam40k_5090/best.pt
Saved PyTorch checkpoint to results/checkpoints/strict_grad_norm_uncapped_adam40k_5090/best.pt
Saved PyTorch checkpoint to results/checkpoints/strict_grad_norm_uncapped_adam40k_5090/best.pt
Saved PyTorch checkpoint to results/checkpoints/strict_grad_norm_uncapped_adam40k_5090/best.pt
Saved PyTorch checkpoint to results/checkpoints/strict_grad_norm_uncapped_adam40k_5090/best.pt
Saved PyTorch checkpoint to results/checkpoints/strict_grad_norm_uncapped_adam40k_5090/best.pt
Saved PyTorch checkpoint to results/checkpoints/strict_grad_norm_uncapped_adam40k_5090/best.pt
Saved PyTorch checkpoint to results/checkpoints/strict_grad_norm_uncapped_adam40k_5090/best.pt
Saved PyTorch checkpoint to results/checkpoints/strict_grad_norm_uncapped_adam40k_5090/best.pt
Saved PyTorch checkpoint to results/checkpoints/strict_grad_norm_uncapped_adam40k_5090/best.pt
Saved PyTorch checkpoint to results/checkpoints/strict_grad_norm_uncapped_adam40k_5090/best.pt
Saved PyTorch checkpoint to results/checkpoints/strict_grad_norm_uncapped_adam40k_5090/best.pt
Saved PyTorch checkpoint to results/checkpoints/strict_grad_norm_uncapped_adam40k_5090/best.pt
Saved PyTorch checkpoint to results/checkpoints/strict_grad_norm_uncapped_adam40k_5090/best.pt
Saved PyTorch checkpoint to results/checkpoints/strict_grad_norm_uncapped_adam40k_5090/best.pt
Saved PyTorch checkpoint to results/checkpoints/strict_grad_norm_uncapped_adam40k_5090/best.pt
Saved PyTorch checkpoint to results/checkpoints/strict_grad_norm_uncapped_adam40k_5090/best.pt
Saved PyTorch checkpoint to results/checkpoints/strict_grad_norm_uncapped_adam40k_5090/best.pt
Saved PyTorch checkpoint to results/checkpoints/strict_grad_norm_uncapped_adam40k_5090/best.pt
Saved PyTorch checkpoint to results/checkpoints/strict_grad_norm_uncapped_adam40k_5090/best.pt
Saved PyTorch checkpoint to results/checkpoints/strict_grad_norm_uncapped_adam40k_5090/best.pt
Saved PyTorch checkpoint to results/checkpoints/strict_grad_norm_uncapped_adam40k_5090/best.pt
Saved PyTorch checkpoint to results/checkpoints/strict_grad_norm_uncapped_adam40k_5090/best.pt
Saved PyTorch checkpoint to results/checkpoints/strict_grad_norm_uncapped_adam40k_5090/best.pt
Saved PyTorch checkpoint to results/checkpoints/strict_grad_norm_uncapped_adam40k_5090/best.pt
Saved PyTorch checkpoint to results/checkpoints/strict_grad_norm_uncapped_adam40k_5090/best.pt
Saved PyTorch checkpoint to results/checkpoints/strict_grad_norm_uncapped_adam40k_5090/best.pt
Saved PyTorch checkpoint to results/checkpoints/strict_grad_norm_uncapped_adam40k_5090/best.pt
Saved PyTorch checkpoint to results/checkpoints/strict_grad_norm_uncapped_adam40k_5090/best.pt
Saved PyTorch checkpoint to results/checkpoints/strict_grad_norm_uncapped_adam40k_5090/best.pt
Saved PyTorch checkpoint to results/checkpoints/strict_grad_norm_uncapped_adam40k_5090/best.pt
Saved PyTorch checkpoint to results/checkpoints/strict_grad_norm_uncapped_adam40k_5090/best.pt
Saved PyTorch checkpoint to results/checkpoints/strict_grad_norm_uncapped_adam40k_5090/best.pt
Saved PyTorch checkpoint to results/checkpoints/strict_grad_norm_uncapped_adam40k_5090/best.pt
Saved PyTorch checkpoint to results/checkpoints/strict_grad_norm_uncapped_adam40k_5090/best.pt
Saved PyTorch checkpoint to results/checkpoints/strict_grad_norm_uncapped_adam40k_5090/best.pt
Saved PyTorch checkpoint to results/checkpoints/strict_grad_norm_uncapped_adam40k_5090/best.pt
Saved PyTorch checkpoint to results/checkpoints/strict_grad_norm_uncapped_adam40k_5090/best.pt
Saved PyTorch checkpoint to results/checkpoints/strict_grad_norm_uncapped_adam40k_5090/best.pt
Saved PyTorch checkpoint to results/checkpoints/strict_grad_norm_uncapped_adam40k_5090/best.pt
Saved PyTorch checkpoint to results/checkpoints/strict_grad_norm_uncapped_adam40k_5090/best.pt
Saved PyTorch checkpoint to results/checkpoints/strict_grad_norm_uncapped_adam40k_5090/best.pt
Saved PyTorch checkpoint to results/checkpoints/strict_grad_norm_uncapped_adam40k_5090/best.pt
Saved PyTorch checkpoint to results/checkpoints/strict_grad_norm_uncapped_adam40k_5090/best.pt
Saved PyTorch checkpoint to results/checkpoints/strict_grad_norm_uncapped_adam40k_5090/best.pt
Saved PyTorch checkpoint to results/checkpoints/strict_grad_norm_uncapped_adam40k_5090/best.pt
Saved PyTorch checkpoint to results/checkpoints/strict_grad_norm_uncapped_adam40k_5090/best.pt
Saved PyTorch checkpoint to results/checkpoints/strict_grad_norm_uncapped_adam40k_5090/best.pt
Saved PyTorch checkpoint to results/checkpoints/strict_grad_norm_uncapped_adam40k_5090/best.pt
Saved PyTorch checkpoint to results/checkpoints/strict_grad_norm_uncapped_adam40k_5090/best.pt
Saved PyTorch checkpoint to results/checkpoints/strict_grad_norm_uncapped_adam40k_5090/best.pt
Saved PyTorch checkpoint to results/checkpoints/strict_grad_norm_uncapped_adam40k_5090/best.pt
Saved PyTorch checkpoint to results/checkpoints/strict_grad_norm_uncapped_adam40k_5090/best.pt
Saved PyTorch checkpoint to results/checkpoints/strict_grad_norm_uncapped_adam40k_5090/best.pt
Saved PyTorch checkpoint to results/checkpoints/strict_grad_norm_uncapped_adam40k_5090/best.pt
Saved PyTorch checkpoint to results/checkpoints/strict_grad_norm_uncapped_adam40k_5090/best.pt
Saved PyTorch checkpoint to results/checkpoints/strict_grad_norm_uncapped_adam40k_5090/best.pt
Saved PyTorch checkpoint to results/checkpoints/strict_grad_norm_uncapped_adam40k_5090/best.pt
Saved PyTorch checkpoint to results/checkpoints/strict_grad_norm_uncapped_adam40k_5090/best.pt
Saved PyTorch checkpoint to results/checkpoints/strict_grad_norm_uncapped_adam40k_5090/best.pt
Saved PyTorch checkpoint to results/checkpoints/strict_grad_norm_uncapped_adam40k_5090/best.pt
Saved PyTorch checkpoint to results/checkpoints/strict_grad_norm_uncapped_adam40k_5090/best.pt
Adam 9000 | total=3.000e-02 f=2.764e-04 ic=1.113e-06 wall=7.405e-05 inlet=1.878e-01 outlet=2.048e-08 lr=5.000e-04 | λ[f=1.00 ic=561.43 wall=11.23 inlet=0.15 outlet=24079.08]
Saved PyTorch checkpoint to results/checkpoints/strict_grad_norm_uncapped_adam40k_5090/best.pt
Saved PyTorch checkpoint to results/checkpoints/strict_grad_norm_uncapped_adam40k_5090/best.pt
Saved PyTorch checkpoint to results/checkpoints/strict_grad_norm_uncapped_adam40k_5090/best.pt
Saved PyTorch checkpoint to results/checkpoints/strict_grad_norm_uncapped_adam40k_5090/best.pt
Saved PyTorch checkpoint to results/checkpoints/strict_grad_norm_uncapped_adam40k_5090/best.pt
Saved PyTorch checkpoint to results/checkpoints/strict_grad_norm_uncapped_adam40k_5090/best.pt
Saved PyTorch checkpoint to results/checkpoints/strict_grad_norm_uncapped_adam40k_5090/best.pt
Saved PyTorch checkpoint to results/checkpoints/strict_grad_norm_uncapped_adam40k_5090/best.pt
Saved PyTorch checkpoint to results/checkpoints/strict_grad_norm_uncapped_adam40k_5090/best.pt
Saved PyTorch checkpoint to results/checkpoints/strict_grad_norm_uncapped_adam40k_5090/best.pt
Saved PyTorch checkpoint to results/checkpoints/strict_grad_norm_uncapped_adam40k_5090/best.pt
Saved PyTorch checkpoint to results/checkpoints/strict_grad_norm_uncapped_adam40k_5090/best.pt
Saved PyTorch checkpoint to results/checkpoints/strict_grad_norm_uncapped_adam40k_5090/best.pt
Saved PyTorch checkpoint to results/checkpoints/strict_grad_norm_uncapped_adam40k_5090/best.pt
Saved PyTorch checkpoint to results/checkpoints/strict_grad_norm_uncapped_adam40k_5090/best.pt
Saved PyTorch checkpoint to results/checkpoints/strict_grad_norm_uncapped_adam40k_5090/best.pt
Saved PyTorch checkpoint to results/checkpoints/strict_grad_norm_uncapped_adam40k_5090/best.pt
Saved PyTorch checkpoint to results/checkpoints/strict_grad_norm_uncapped_adam40k_5090/best.pt
Saved PyTorch checkpoint to results/checkpoints/strict_grad_norm_uncapped_adam40k_5090/best.pt
Saved PyTorch checkpoint to results/checkpoints/strict_grad_norm_uncapped_adam40k_5090/best.pt
Saved PyTorch checkpoint to results/checkpoints/strict_grad_norm_uncapped_adam40k_5090/best.pt
Saved PyTorch checkpoint to results/checkpoints/strict_grad_norm_uncapped_adam40k_5090/best.pt
Saved PyTorch checkpoint to results/checkpoints/strict_grad_norm_uncapped_adam40k_5090/best.pt
Saved PyTorch checkpoint to results/checkpoints/strict_grad_norm_uncapped_adam40k_5090/best.pt
Saved PyTorch checkpoint to results/checkpoints/strict_grad_norm_uncapped_adam40k_5090/best.pt
Saved PyTorch checkpoint to results/checkpoints/strict_grad_norm_uncapped_adam40k_5090/best.pt
Saved PyTorch checkpoint to results/checkpoints/strict_grad_norm_uncapped_adam40k_5090/best.pt
Saved PyTorch checkpoint to results/checkpoints/strict_grad_norm_uncapped_adam40k_5090/best.pt
Saved PyTorch checkpoint to results/checkpoints/strict_grad_norm_uncapped_adam40k_5090/best.pt
Saved PyTorch checkpoint to results/checkpoints/strict_grad_norm_uncapped_adam40k_5090/best.pt
Saved PyTorch checkpoint to results/checkpoints/strict_grad_norm_uncapped_adam40k_5090/best.pt
Saved PyTorch checkpoint to results/checkpoints/strict_grad_norm_uncapped_adam40k_5090/best.pt
Saved PyTorch checkpoint to results/checkpoints/strict_grad_norm_uncapped_adam40k_5090/best.pt
Saved PyTorch checkpoint to results/checkpoints/strict_grad_norm_uncapped_adam40k_5090/best.pt
Saved PyTorch checkpoint to results/checkpoints/strict_grad_norm_uncapped_adam40k_5090/best.pt
Saved PyTorch checkpoint to results/checkpoints/strict_grad_norm_uncapped_adam40k_5090/best.pt
Saved PyTorch checkpoint to results/checkpoints/strict_grad_norm_uncapped_adam40k_5090/best.pt
Saved PyTorch checkpoint to results/checkpoints/strict_grad_norm_uncapped_adam40k_5090/best.pt
Saved PyTorch checkpoint to results/checkpoints/strict_grad_norm_uncapped_adam40k_5090/best.pt
Saved PyTorch checkpoint to results/checkpoints/strict_grad_norm_uncapped_adam40k_5090/best.pt
Saved PyTorch checkpoint to results/checkpoints/strict_grad_norm_uncapped_adam40k_5090/best.pt
Saved PyTorch checkpoint to results/checkpoints/strict_grad_norm_uncapped_adam40k_5090/best.pt
Saved PyTorch checkpoint to results/checkpoints/strict_grad_norm_uncapped_adam40k_5090/best.pt
Saved PyTorch checkpoint to results/checkpoints/strict_grad_norm_uncapped_adam40k_5090/best.pt
Saved PyTorch checkpoint to results/checkpoints/strict_grad_norm_uncapped_adam40k_5090/best.pt
Saved PyTorch checkpoint to results/checkpoints/strict_grad_norm_uncapped_adam40k_5090/best.pt
Saved PyTorch checkpoint to results/checkpoints/strict_grad_norm_uncapped_adam40k_5090/best.pt
Saved PyTorch checkpoint to results/checkpoints/strict_grad_norm_uncapped_adam40k_5090/best.pt
Saved PyTorch checkpoint to results/checkpoints/strict_grad_norm_uncapped_adam40k_5090/best.pt
Saved PyTorch checkpoint to results/checkpoints/strict_grad_norm_uncapped_adam40k_5090/best.pt
Saved PyTorch checkpoint to results/checkpoints/strict_grad_norm_uncapped_adam40k_5090/best.pt
Saved PyTorch checkpoint to results/checkpoints/strict_grad_norm_uncapped_adam40k_5090/best.pt
Saved PyTorch checkpoint to results/checkpoints/strict_grad_norm_uncapped_adam40k_5090/best.pt
Saved PyTorch checkpoint to results/checkpoints/strict_grad_norm_uncapped_adam40k_5090/best.pt
Saved PyTorch checkpoint to results/checkpoints/strict_grad_norm_uncapped_adam40k_5090/best.pt
Saved PyTorch checkpoint to results/checkpoints/strict_grad_norm_uncapped_adam40k_5090/best.pt
Saved PyTorch checkpoint to results/checkpoints/strict_grad_norm_uncapped_adam40k_5090/best.pt
Saved PyTorch checkpoint to results/checkpoints/strict_grad_norm_uncapped_adam40k_5090/best.pt
Saved PyTorch checkpoint to results/checkpoints/strict_grad_norm_uncapped_adam40k_5090/best.pt
Saved PyTorch checkpoint to results/checkpoints/strict_grad_norm_uncapped_adam40k_5090/best.pt
Saved PyTorch checkpoint to results/checkpoints/strict_grad_norm_uncapped_adam40k_5090/best.pt
Saved PyTorch checkpoint to results/checkpoints/strict_grad_norm_uncapped_adam40k_5090/best.pt
Saved PyTorch checkpoint to results/checkpoints/strict_grad_norm_uncapped_adam40k_5090/best.pt
Saved PyTorch checkpoint to results/checkpoints/strict_grad_norm_uncapped_adam40k_5090/best.pt
Saved PyTorch checkpoint to results/checkpoints/strict_grad_norm_uncapped_adam40k_5090/best.pt
Saved PyTorch checkpoint to results/checkpoints/strict_grad_norm_uncapped_adam40k_5090/best.pt
Saved PyTorch checkpoint to results/checkpoints/strict_grad_norm_uncapped_adam40k_5090/best.pt
Saved PyTorch checkpoint to results/checkpoints/strict_grad_norm_uncapped_adam40k_5090/best.pt
Saved PyTorch checkpoint to results/checkpoints/strict_grad_norm_uncapped_adam40k_5090/best.pt
Saved PyTorch checkpoint to results/checkpoints/strict_grad_norm_uncapped_adam40k_5090/best.pt
Saved PyTorch checkpoint to results/checkpoints/strict_grad_norm_uncapped_adam40k_5090/best.pt
Saved PyTorch checkpoint to results/checkpoints/strict_grad_norm_uncapped_adam40k_5090/best.pt
Saved PyTorch checkpoint to results/checkpoints/strict_grad_norm_uncapped_adam40k_5090/best.pt
Saved PyTorch checkpoint to results/checkpoints/strict_grad_norm_uncapped_adam40k_5090/best.pt
Saved PyTorch checkpoint to results/checkpoints/strict_grad_norm_uncapped_adam40k_5090/best.pt
Saved PyTorch checkpoint to results/checkpoints/strict_grad_norm_uncapped_adam40k_5090/best.pt
Saved PyTorch checkpoint to results/checkpoints/strict_grad_norm_uncapped_adam40k_5090/best.pt
Saved PyTorch checkpoint to results/checkpoints/strict_grad_norm_uncapped_adam40k_5090/best.pt
Saved PyTorch checkpoint to results/checkpoints/strict_grad_norm_uncapped_adam40k_5090/best.pt
Saved PyTorch checkpoint to results/checkpoints/strict_grad_norm_uncapped_adam40k_5090/best.pt
Saved PyTorch checkpoint to results/checkpoints/strict_grad_norm_uncapped_adam40k_5090/best.pt
Saved PyTorch checkpoint to results/checkpoints/strict_grad_norm_uncapped_adam40k_5090/best.pt
Saved PyTorch checkpoint to results/checkpoints/strict_grad_norm_uncapped_adam40k_5090/best.pt
Saved PyTorch checkpoint to results/checkpoints/strict_grad_norm_uncapped_adam40k_5090/best.pt
Saved PyTorch checkpoint to results/checkpoints/strict_grad_norm_uncapped_adam40k_5090/best.pt
Saved PyTorch checkpoint to results/checkpoints/strict_grad_norm_uncapped_adam40k_5090/best.pt
Saved PyTorch checkpoint to results/checkpoints/strict_grad_norm_uncapped_adam40k_5090/best.pt
Saved PyTorch checkpoint to results/checkpoints/strict_grad_norm_uncapped_adam40k_5090/best.pt
Saved PyTorch checkpoint to results/checkpoints/strict_grad_norm_uncapped_adam40k_5090/best.pt
Saved PyTorch checkpoint to results/checkpoints/strict_grad_norm_uncapped_adam40k_5090/best.pt
Saved PyTorch checkpoint to results/checkpoints/strict_grad_norm_uncapped_adam40k_5090/best.pt
Saved PyTorch checkpoint to results/checkpoints/strict_grad_norm_uncapped_adam40k_5090/best.pt
Saved PyTorch checkpoint to results/checkpoints/strict_grad_norm_uncapped_adam40k_5090/best.pt
Saved PyTorch checkpoint to results/checkpoints/strict_grad_norm_uncapped_adam40k_5090/best.pt
Saved PyTorch checkpoint to results/checkpoints/strict_grad_norm_uncapped_adam40k_5090/best.pt
Saved PyTorch checkpoint to results/checkpoints/strict_grad_norm_uncapped_adam40k_5090/best.pt
Saved PyTorch checkpoint to results/checkpoints/strict_grad_norm_uncapped_adam40k_5090/best.pt
Saved PyTorch checkpoint to results/checkpoints/strict_grad_norm_uncapped_adam40k_5090/best.pt
Saved PyTorch checkpoint to results/checkpoints/strict_grad_norm_uncapped_adam40k_5090/best.pt
Saved PyTorch checkpoint to results/checkpoints/strict_grad_norm_uncapped_adam40k_5090/best.pt
Adam 9100 | total=2.882e-02 f=2.683e-04 ic=1.087e-06 wall=7.224e-05 inlet=1.879e-01 outlet=1.769e-08 lr=5.000e-04 | λ[f=1.00 ic=554.03 wall=10.97 inlet=0.14 outlet=25967.97]
Saved PyTorch checkpoint to results/checkpoints/strict_grad_norm_uncapped_adam40k_5090/best.pt
Saved PyTorch checkpoint to results/checkpoints/strict_grad_norm_uncapped_adam40k_5090/best.pt
Saved PyTorch checkpoint to results/checkpoints/strict_grad_norm_uncapped_adam40k_5090/best.pt
Saved PyTorch checkpoint to results/checkpoints/strict_grad_norm_uncapped_adam40k_5090/best.pt
Saved PyTorch checkpoint to results/checkpoints/strict_grad_norm_uncapped_adam40k_5090/best.pt
Saved PyTorch checkpoint to results/checkpoints/strict_grad_norm_uncapped_adam40k_5090/best.pt
Saved PyTorch checkpoint to results/checkpoints/strict_grad_norm_uncapped_adam40k_5090/best.pt
Saved PyTorch checkpoint to results/checkpoints/strict_grad_norm_uncapped_adam40k_5090/best.pt
Saved PyTorch checkpoint to results/checkpoints/strict_grad_norm_uncapped_adam40k_5090/best.pt
Saved PyTorch checkpoint to results/checkpoints/strict_grad_norm_uncapped_adam40k_5090/best.pt
Saved PyTorch checkpoint to results/checkpoints/strict_grad_norm_uncapped_adam40k_5090/best.pt
Saved PyTorch checkpoint to results/checkpoints/strict_grad_norm_uncapped_adam40k_5090/best.pt
Saved PyTorch checkpoint to results/checkpoints/strict_grad_norm_uncapped_adam40k_5090/best.pt
Saved PyTorch checkpoint to results/checkpoints/strict_grad_norm_uncapped_adam40k_5090/best.pt
Saved PyTorch checkpoint to results/checkpoints/strict_grad_norm_uncapped_adam40k_5090/best.pt
Saved PyTorch checkpoint to results/checkpoints/strict_grad_norm_uncapped_adam40k_5090/best.pt
Saved PyTorch checkpoint to results/checkpoints/strict_grad_norm_uncapped_adam40k_5090/best.pt
Saved PyTorch checkpoint to results/checkpoints/strict_grad_norm_uncapped_adam40k_5090/best.pt
Saved PyTorch checkpoint to results/checkpoints/strict_grad_norm_uncapped_adam40k_5090/best.pt
Saved PyTorch checkpoint to results/checkpoints/strict_grad_norm_uncapped_adam40k_5090/best.pt
Saved PyTorch checkpoint to results/checkpoints/strict_grad_norm_uncapped_adam40k_5090/best.pt
Saved PyTorch checkpoint to results/checkpoints/strict_grad_norm_uncapped_adam40k_5090/best.pt
Saved PyTorch checkpoint to results/checkpoints/strict_grad_norm_uncapped_adam40k_5090/best.pt
Saved PyTorch checkpoint to results/checkpoints/strict_grad_norm_uncapped_adam40k_5090/best.pt
Saved PyTorch checkpoint to results/checkpoints/strict_grad_norm_uncapped_adam40k_5090/best.pt
Saved PyTorch checkpoint to results/checkpoints/strict_grad_norm_uncapped_adam40k_5090/best.pt
Saved PyTorch checkpoint to results/checkpoints/strict_grad_norm_uncapped_adam40k_5090/best.pt
Saved PyTorch checkpoint to results/checkpoints/strict_grad_norm_uncapped_adam40k_5090/best.pt
Saved PyTorch checkpoint to results/checkpoints/strict_grad_norm_uncapped_adam40k_5090/best.pt
Saved PyTorch checkpoint to results/checkpoints/strict_grad_norm_uncapped_adam40k_5090/best.pt
Saved PyTorch checkpoint to results/checkpoints/strict_grad_norm_uncapped_adam40k_5090/best.pt
Saved PyTorch checkpoint to results/checkpoints/strict_grad_norm_uncapped_adam40k_5090/best.pt
Saved PyTorch checkpoint to results/checkpoints/strict_grad_norm_uncapped_adam40k_5090/best.pt
Saved PyTorch checkpoint to results/checkpoints/strict_grad_norm_uncapped_adam40k_5090/best.pt
Saved PyTorch checkpoint to results/checkpoints/strict_grad_norm_uncapped_adam40k_5090/best.pt
Saved PyTorch checkpoint to results/checkpoints/strict_grad_norm_uncapped_adam40k_5090/best.pt
Saved PyTorch checkpoint to results/checkpoints/strict_grad_norm_uncapped_adam40k_5090/best.pt
Saved PyTorch checkpoint to results/checkpoints/strict_grad_norm_uncapped_adam40k_5090/best.pt
Saved PyTorch checkpoint to results/checkpoints/strict_grad_norm_uncapped_adam40k_5090/best.pt
Saved PyTorch checkpoint to results/checkpoints/strict_grad_norm_uncapped_adam40k_5090/best.pt
Saved PyTorch checkpoint to results/checkpoints/strict_grad_norm_uncapped_adam40k_5090/best.pt
Saved PyTorch checkpoint to results/checkpoints/strict_grad_norm_uncapped_adam40k_5090/best.pt
Saved PyTorch checkpoint to results/checkpoints/strict_grad_norm_uncapped_adam40k_5090/best.pt
Saved PyTorch checkpoint to results/checkpoints/strict_grad_norm_uncapped_adam40k_5090/best.pt
Saved PyTorch checkpoint to results/checkpoints/strict_grad_norm_uncapped_adam40k_5090/best.pt
Saved PyTorch checkpoint to results/checkpoints/strict_grad_norm_uncapped_adam40k_5090/best.pt
Saved PyTorch checkpoint to results/checkpoints/strict_grad_norm_uncapped_adam40k_5090/best.pt
Saved PyTorch checkpoint to results/checkpoints/strict_grad_norm_uncapped_adam40k_5090/best.pt
Saved PyTorch checkpoint to results/checkpoints/strict_grad_norm_uncapped_adam40k_5090/best.pt
Saved PyTorch checkpoint to results/checkpoints/strict_grad_norm_uncapped_adam40k_5090/best.pt
Saved PyTorch checkpoint to results/checkpoints/strict_grad_norm_uncapped_adam40k_5090/best.pt
Saved PyTorch checkpoint to results/checkpoints/strict_grad_norm_uncapped_adam40k_5090/best.pt
Saved PyTorch checkpoint to results/checkpoints/strict_grad_norm_uncapped_adam40k_5090/best.pt
Saved PyTorch checkpoint to results/checkpoints/strict_grad_norm_uncapped_adam40k_5090/best.pt
Saved PyTorch checkpoint to results/checkpoints/strict_grad_norm_uncapped_adam40k_5090/best.pt
Saved PyTorch checkpoint to results/checkpoints/strict_grad_norm_uncapped_adam40k_5090/best.pt
Saved PyTorch checkpoint to results/checkpoints/strict_grad_norm_uncapped_adam40k_5090/best.pt
Saved PyTorch checkpoint to results/checkpoints/strict_grad_norm_uncapped_adam40k_5090/best.pt
Saved PyTorch checkpoint to results/checkpoints/strict_grad_norm_uncapped_adam40k_5090/best.pt
Saved PyTorch checkpoint to results/checkpoints/strict_grad_norm_uncapped_adam40k_5090/best.pt
Saved PyTorch checkpoint to results/checkpoints/strict_grad_norm_uncapped_adam40k_5090/best.pt
Saved PyTorch checkpoint to results/checkpoints/strict_grad_norm_uncapped_adam40k_5090/best.pt
Saved PyTorch checkpoint to results/checkpoints/strict_grad_norm_uncapped_adam40k_5090/best.pt
Saved PyTorch checkpoint to results/checkpoints/strict_grad_norm_uncapped_adam40k_5090/best.pt
Saved PyTorch checkpoint to results/checkpoints/strict_grad_norm_uncapped_adam40k_5090/best.pt
Saved PyTorch checkpoint to results/checkpoints/strict_grad_norm_uncapped_adam40k_5090/best.pt
Saved PyTorch checkpoint to results/checkpoints/strict_grad_norm_uncapped_adam40k_5090/best.pt
Saved PyTorch checkpoint to results/checkpoints/strict_grad_norm_uncapped_adam40k_5090/best.pt
Saved PyTorch checkpoint to results/checkpoints/strict_grad_norm_uncapped_adam40k_5090/best.pt
Saved PyTorch checkpoint to results/checkpoints/strict_grad_norm_uncapped_adam40k_5090/best.pt
Saved PyTorch checkpoint to results/checkpoints/strict_grad_norm_uncapped_adam40k_5090/best.pt
Saved PyTorch checkpoint to results/checkpoints/strict_grad_norm_uncapped_adam40k_5090/best.pt
Saved PyTorch checkpoint to results/checkpoints/strict_grad_norm_uncapped_adam40k_5090/best.pt
Saved PyTorch checkpoint to results/checkpoints/strict_grad_norm_uncapped_adam40k_5090/best.pt
Saved PyTorch checkpoint to results/checkpoints/strict_grad_norm_uncapped_adam40k_5090/best.pt
Saved PyTorch checkpoint to results/checkpoints/strict_grad_norm_uncapped_adam40k_5090/best.pt
Saved PyTorch checkpoint to results/checkpoints/strict_grad_norm_uncapped_adam40k_5090/best.pt
Saved PyTorch checkpoint to results/checkpoints/strict_grad_norm_uncapped_adam40k_5090/best.pt
Saved PyTorch checkpoint to results/checkpoints/strict_grad_norm_uncapped_adam40k_5090/best.pt
Saved PyTorch checkpoint to results/checkpoints/strict_grad_norm_uncapped_adam40k_5090/best.pt
Saved PyTorch checkpoint to results/checkpoints/strict_grad_norm_uncapped_adam40k_5090/best.pt
Saved PyTorch checkpoint to results/checkpoints/strict_grad_norm_uncapped_adam40k_5090/best.pt
Saved PyTorch checkpoint to results/checkpoints/strict_grad_norm_uncapped_adam40k_5090/best.pt
Saved PyTorch checkpoint to results/checkpoints/strict_grad_norm_uncapped_adam40k_5090/best.pt
Saved PyTorch checkpoint to results/checkpoints/strict_grad_norm_uncapped_adam40k_5090/best.pt
Saved PyTorch checkpoint to results/checkpoints/strict_grad_norm_uncapped_adam40k_5090/best.pt
Saved PyTorch checkpoint to results/checkpoints/strict_grad_norm_uncapped_adam40k_5090/best.pt
Saved PyTorch checkpoint to results/checkpoints/strict_grad_norm_uncapped_adam40k_5090/best.pt
Saved PyTorch checkpoint to results/checkpoints/strict_grad_norm_uncapped_adam40k_5090/best.pt
Saved PyTorch checkpoint to results/checkpoints/strict_grad_norm_uncapped_adam40k_5090/best.pt
Saved PyTorch checkpoint to results/checkpoints/strict_grad_norm_uncapped_adam40k_5090/best.pt
Saved PyTorch checkpoint to results/checkpoints/strict_grad_norm_uncapped_adam40k_5090/best.pt
Saved PyTorch checkpoint to results/checkpoints/strict_grad_norm_uncapped_adam40k_5090/best.pt
Saved PyTorch checkpoint to results/checkpoints/strict_grad_norm_uncapped_adam40k_5090/best.pt
Saved PyTorch checkpoint to results/checkpoints/strict_grad_norm_uncapped_adam40k_5090/best.pt
Saved PyTorch checkpoint to results/checkpoints/strict_grad_norm_uncapped_adam40k_5090/best.pt
Saved PyTorch checkpoint to results/checkpoints/strict_grad_norm_uncapped_adam40k_5090/best.pt
Saved PyTorch checkpoint to results/checkpoints/strict_grad_norm_uncapped_adam40k_5090/best.pt
Saved PyTorch checkpoint to results/checkpoints/strict_grad_norm_uncapped_adam40k_5090/best.pt
Saved PyTorch checkpoint to results/checkpoints/strict_grad_norm_uncapped_adam40k_5090/best.pt
Adam 9200 | total=2.781e-02 f=2.604e-04 ic=1.061e-06 wall=7.048e-05 inlet=1.880e-01 outlet=1.516e-08 lr=5.000e-04 | λ[f=1.00 ic=549.53 wall=10.77 inlet=0.14 outlet=27973.43]
Saved PyTorch checkpoint to results/checkpoints/strict_grad_norm_uncapped_adam40k_5090/best.pt
Saved PyTorch checkpoint to results/checkpoints/strict_grad_norm_uncapped_adam40k_5090/best.pt
Saved PyTorch checkpoint to results/checkpoints/strict_grad_norm_uncapped_adam40k_5090/best.pt
Saved PyTorch checkpoint to results/checkpoints/strict_grad_norm_uncapped_adam40k_5090/best.pt
Saved PyTorch checkpoint to results/checkpoints/strict_grad_norm_uncapped_adam40k_5090/best.pt
Saved PyTorch checkpoint to results/checkpoints/strict_grad_norm_uncapped_adam40k_5090/best.pt
Saved PyTorch checkpoint to results/checkpoints/strict_grad_norm_uncapped_adam40k_5090/best.pt
Saved PyTorch checkpoint to results/checkpoints/strict_grad_norm_uncapped_adam40k_5090/best.pt
Saved PyTorch checkpoint to results/checkpoints/strict_grad_norm_uncapped_adam40k_5090/best.pt
Saved PyTorch checkpoint to results/checkpoints/strict_grad_norm_uncapped_adam40k_5090/best.pt
Saved PyTorch checkpoint to results/checkpoints/strict_grad_norm_uncapped_adam40k_5090/best.pt
Saved PyTorch checkpoint to results/checkpoints/strict_grad_norm_uncapped_adam40k_5090/best.pt
Saved PyTorch checkpoint to results/checkpoints/strict_grad_norm_uncapped_adam40k_5090/best.pt
Saved PyTorch checkpoint to results/checkpoints/strict_grad_norm_uncapped_adam40k_5090/best.pt
Saved PyTorch checkpoint to results/checkpoints/strict_grad_norm_uncapped_adam40k_5090/best.pt
Saved PyTorch checkpoint to results/checkpoints/strict_grad_norm_uncapped_adam40k_5090/best.pt
Saved PyTorch checkpoint to results/checkpoints/strict_grad_norm_uncapped_adam40k_5090/best.pt
Saved PyTorch checkpoint to results/checkpoints/strict_grad_norm_uncapped_adam40k_5090/best.pt
Saved PyTorch checkpoint to results/checkpoints/strict_grad_norm_uncapped_adam40k_5090/best.pt
Saved PyTorch checkpoint to results/checkpoints/strict_grad_norm_uncapped_adam40k_5090/best.pt
Saved PyTorch checkpoint to results/checkpoints/strict_grad_norm_uncapped_adam40k_5090/best.pt
Saved PyTorch checkpoint to results/checkpoints/strict_grad_norm_uncapped_adam40k_5090/best.pt
Saved PyTorch checkpoint to results/checkpoints/strict_grad_norm_uncapped_adam40k_5090/best.pt
Saved PyTorch checkpoint to results/checkpoints/strict_grad_norm_uncapped_adam40k_5090/best.pt
Saved PyTorch checkpoint to results/checkpoints/strict_grad_norm_uncapped_adam40k_5090/best.pt
Saved PyTorch checkpoint to results/checkpoints/strict_grad_norm_uncapped_adam40k_5090/best.pt
Saved PyTorch checkpoint to results/checkpoints/strict_grad_norm_uncapped_adam40k_5090/best.pt
Saved PyTorch checkpoint to results/checkpoints/strict_grad_norm_uncapped_adam40k_5090/best.pt
Saved PyTorch checkpoint to results/checkpoints/strict_grad_norm_uncapped_adam40k_5090/best.pt
Saved PyTorch checkpoint to results/checkpoints/strict_grad_norm_uncapped_adam40k_5090/best.pt
Saved PyTorch checkpoint to results/checkpoints/strict_grad_norm_uncapped_adam40k_5090/best.pt
Saved PyTorch checkpoint to results/checkpoints/strict_grad_norm_uncapped_adam40k_5090/best.pt
Saved PyTorch checkpoint to results/checkpoints/strict_grad_norm_uncapped_adam40k_5090/best.pt
Saved PyTorch checkpoint to results/checkpoints/strict_grad_norm_uncapped_adam40k_5090/best.pt
Saved PyTorch checkpoint to results/checkpoints/strict_grad_norm_uncapped_adam40k_5090/best.pt
Saved PyTorch checkpoint to results/checkpoints/strict_grad_norm_uncapped_adam40k_5090/best.pt
Saved PyTorch checkpoint to results/checkpoints/strict_grad_norm_uncapped_adam40k_5090/best.pt
Saved PyTorch checkpoint to results/checkpoints/strict_grad_norm_uncapped_adam40k_5090/best.pt
Saved PyTorch checkpoint to results/checkpoints/strict_grad_norm_uncapped_adam40k_5090/best.pt
Saved PyTorch checkpoint to results/checkpoints/strict_grad_norm_uncapped_adam40k_5090/best.pt
Saved PyTorch checkpoint to results/checkpoints/strict_grad_norm_uncapped_adam40k_5090/best.pt
Saved PyTorch checkpoint to results/checkpoints/strict_grad_norm_uncapped_adam40k_5090/best.pt
Saved PyTorch checkpoint to results/checkpoints/strict_grad_norm_uncapped_adam40k_5090/best.pt
Saved PyTorch checkpoint to results/checkpoints/strict_grad_norm_uncapped_adam40k_5090/best.pt
Saved PyTorch checkpoint to results/checkpoints/strict_grad_norm_uncapped_adam40k_5090/best.pt
Saved PyTorch checkpoint to results/checkpoints/strict_grad_norm_uncapped_adam40k_5090/best.pt
Saved PyTorch checkpoint to results/checkpoints/strict_grad_norm_uncapped_adam40k_5090/best.pt
Saved PyTorch checkpoint to results/checkpoints/strict_grad_norm_uncapped_adam40k_5090/best.pt
Saved PyTorch checkpoint to results/checkpoints/strict_grad_norm_uncapped_adam40k_5090/best.pt
Saved PyTorch checkpoint to results/checkpoints/strict_grad_norm_uncapped_adam40k_5090/best.pt
Saved PyTorch checkpoint to results/checkpoints/strict_grad_norm_uncapped_adam40k_5090/best.pt
Saved PyTorch checkpoint to results/checkpoints/strict_grad_norm_uncapped_adam40k_5090/best.pt
Saved PyTorch checkpoint to results/checkpoints/strict_grad_norm_uncapped_adam40k_5090/best.pt
Saved PyTorch checkpoint to results/checkpoints/strict_grad_norm_uncapped_adam40k_5090/best.pt
Saved PyTorch checkpoint to results/checkpoints/strict_grad_norm_uncapped_adam40k_5090/best.pt
Saved PyTorch checkpoint to results/checkpoints/strict_grad_norm_uncapped_adam40k_5090/best.pt
Saved PyTorch checkpoint to results/checkpoints/strict_grad_norm_uncapped_adam40k_5090/best.pt
Saved PyTorch checkpoint to results/checkpoints/strict_grad_norm_uncapped_adam40k_5090/best.pt
Saved PyTorch checkpoint to results/checkpoints/strict_grad_norm_uncapped_adam40k_5090/best.pt
Saved PyTorch checkpoint to results/checkpoints/strict_grad_norm_uncapped_adam40k_5090/best.pt
Saved PyTorch checkpoint to results/checkpoints/strict_grad_norm_uncapped_adam40k_5090/best.pt
Saved PyTorch checkpoint to results/checkpoints/strict_grad_norm_uncapped_adam40k_5090/best.pt
Saved PyTorch checkpoint to results/checkpoints/strict_grad_norm_uncapped_adam40k_5090/best.pt
Saved PyTorch checkpoint to results/checkpoints/strict_grad_norm_uncapped_adam40k_5090/best.pt
Saved PyTorch checkpoint to results/checkpoints/strict_grad_norm_uncapped_adam40k_5090/best.pt
Saved PyTorch checkpoint to results/checkpoints/strict_grad_norm_uncapped_adam40k_5090/best.pt
Saved PyTorch checkpoint to results/checkpoints/strict_grad_norm_uncapped_adam40k_5090/best.pt
Saved PyTorch checkpoint to results/checkpoints/strict_grad_norm_uncapped_adam40k_5090/best.pt
Saved PyTorch checkpoint to results/checkpoints/strict_grad_norm_uncapped_adam40k_5090/best.pt
Saved PyTorch checkpoint to results/checkpoints/strict_grad_norm_uncapped_adam40k_5090/best.pt
Saved PyTorch checkpoint to results/checkpoints/strict_grad_norm_uncapped_adam40k_5090/best.pt
Saved PyTorch checkpoint to results/checkpoints/strict_grad_norm_uncapped_adam40k_5090/best.pt
Saved PyTorch checkpoint to results/checkpoints/strict_grad_norm_uncapped_adam40k_5090/best.pt
Saved PyTorch checkpoint to results/checkpoints/strict_grad_norm_uncapped_adam40k_5090/best.pt
Saved PyTorch checkpoint to results/checkpoints/strict_grad_norm_uncapped_adam40k_5090/best.pt
Saved PyTorch checkpoint to results/checkpoints/strict_grad_norm_uncapped_adam40k_5090/best.pt
Saved PyTorch checkpoint to results/checkpoints/strict_grad_norm_uncapped_adam40k_5090/best.pt
Saved PyTorch checkpoint to results/checkpoints/strict_grad_norm_uncapped_adam40k_5090/best.pt
Saved PyTorch checkpoint to results/checkpoints/strict_grad_norm_uncapped_adam40k_5090/best.pt
Saved PyTorch checkpoint to results/checkpoints/strict_grad_norm_uncapped_adam40k_5090/best.pt
Saved PyTorch checkpoint to results/checkpoints/strict_grad_norm_uncapped_adam40k_5090/best.pt
Saved PyTorch checkpoint to results/checkpoints/strict_grad_norm_uncapped_adam40k_5090/best.pt
Saved PyTorch checkpoint to results/checkpoints/strict_grad_norm_uncapped_adam40k_5090/best.pt
Saved PyTorch checkpoint to results/checkpoints/strict_grad_norm_uncapped_adam40k_5090/best.pt
Saved PyTorch checkpoint to results/checkpoints/strict_grad_norm_uncapped_adam40k_5090/best.pt
Saved PyTorch checkpoint to results/checkpoints/strict_grad_norm_uncapped_adam40k_5090/best.pt
Saved PyTorch checkpoint to results/checkpoints/strict_grad_norm_uncapped_adam40k_5090/best.pt
Saved PyTorch checkpoint to results/checkpoints/strict_grad_norm_uncapped_adam40k_5090/best.pt
Saved PyTorch checkpoint to results/checkpoints/strict_grad_norm_uncapped_adam40k_5090/best.pt
Saved PyTorch checkpoint to results/checkpoints/strict_grad_norm_uncapped_adam40k_5090/best.pt
Saved PyTorch checkpoint to results/checkpoints/strict_grad_norm_uncapped_adam40k_5090/best.pt
Saved PyTorch checkpoint to results/checkpoints/strict_grad_norm_uncapped_adam40k_5090/best.pt
Saved PyTorch checkpoint to results/checkpoints/strict_grad_norm_uncapped_adam40k_5090/best.pt
Saved PyTorch checkpoint to results/checkpoints/strict_grad_norm_uncapped_adam40k_5090/best.pt
Saved PyTorch checkpoint to results/checkpoints/strict_grad_norm_uncapped_adam40k_5090/best.pt
Saved PyTorch checkpoint to results/checkpoints/strict_grad_norm_uncapped_adam40k_5090/best.pt
Saved PyTorch checkpoint to results/checkpoints/strict_grad_norm_uncapped_adam40k_5090/best.pt
Saved PyTorch checkpoint to results/checkpoints/strict_grad_norm_uncapped_adam40k_5090/best.pt
Saved PyTorch checkpoint to results/checkpoints/strict_grad_norm_uncapped_adam40k_5090/best.pt
Saved PyTorch checkpoint to results/checkpoints/strict_grad_norm_uncapped_adam40k_5090/best.pt
Adam 9300 | total=2.696e-02 f=2.527e-04 ic=1.036e-06 wall=6.876e-05 inlet=1.881e-01 outlet=1.290e-08 lr=5.000e-04 | λ[f=1.00 ic=547.79 wall=10.61 inlet=0.13 outlet=30772.55]
Saved PyTorch checkpoint to results/checkpoints/strict_grad_norm_uncapped_adam40k_5090/best.pt
Saved PyTorch checkpoint to results/checkpoints/strict_grad_norm_uncapped_adam40k_5090/best.pt
Saved PyTorch checkpoint to results/checkpoints/strict_grad_norm_uncapped_adam40k_5090/best.pt
Saved PyTorch checkpoint to results/checkpoints/strict_grad_norm_uncapped_adam40k_5090/best.pt
Saved PyTorch checkpoint to results/checkpoints/strict_grad_norm_uncapped_adam40k_5090/best.pt
Saved PyTorch checkpoint to results/checkpoints/strict_grad_norm_uncapped_adam40k_5090/best.pt
Saved PyTorch checkpoint to results/checkpoints/strict_grad_norm_uncapped_adam40k_5090/best.pt
Saved PyTorch checkpoint to results/checkpoints/strict_grad_norm_uncapped_adam40k_5090/best.pt
Saved PyTorch checkpoint to results/checkpoints/strict_grad_norm_uncapped_adam40k_5090/best.pt
Saved PyTorch checkpoint to results/checkpoints/strict_grad_norm_uncapped_adam40k_5090/best.pt
Saved PyTorch checkpoint to results/checkpoints/strict_grad_norm_uncapped_adam40k_5090/best.pt
Saved PyTorch checkpoint to results/checkpoints/strict_grad_norm_uncapped_adam40k_5090/best.pt
Saved PyTorch checkpoint to results/checkpoints/strict_grad_norm_uncapped_adam40k_5090/best.pt
Saved PyTorch checkpoint to results/checkpoints/strict_grad_norm_uncapped_adam40k_5090/best.pt
Saved PyTorch checkpoint to results/checkpoints/strict_grad_norm_uncapped_adam40k_5090/best.pt
Saved PyTorch checkpoint to results/checkpoints/strict_grad_norm_uncapped_adam40k_5090/best.pt
Saved PyTorch checkpoint to results/checkpoints/strict_grad_norm_uncapped_adam40k_5090/best.pt
Saved PyTorch checkpoint to results/checkpoints/strict_grad_norm_uncapped_adam40k_5090/best.pt
Saved PyTorch checkpoint to results/checkpoints/strict_grad_norm_uncapped_adam40k_5090/best.pt
Saved PyTorch checkpoint to results/checkpoints/strict_grad_norm_uncapped_adam40k_5090/best.pt
Saved PyTorch checkpoint to results/checkpoints/strict_grad_norm_uncapped_adam40k_5090/best.pt
Saved PyTorch checkpoint to results/checkpoints/strict_grad_norm_uncapped_adam40k_5090/best.pt
Saved PyTorch checkpoint to results/checkpoints/strict_grad_norm_uncapped_adam40k_5090/best.pt
Saved PyTorch checkpoint to results/checkpoints/strict_grad_norm_uncapped_adam40k_5090/best.pt
Saved PyTorch checkpoint to results/checkpoints/strict_grad_norm_uncapped_adam40k_5090/best.pt
Saved PyTorch checkpoint to results/checkpoints/strict_grad_norm_uncapped_adam40k_5090/best.pt
Saved PyTorch checkpoint to results/checkpoints/strict_grad_norm_uncapped_adam40k_5090/best.pt
Saved PyTorch checkpoint to results/checkpoints/strict_grad_norm_uncapped_adam40k_5090/best.pt
Saved PyTorch checkpoint to results/checkpoints/strict_grad_norm_uncapped_adam40k_5090/best.pt
Saved PyTorch checkpoint to results/checkpoints/strict_grad_norm_uncapped_adam40k_5090/best.pt
Saved PyTorch checkpoint to results/checkpoints/strict_grad_norm_uncapped_adam40k_5090/best.pt
Saved PyTorch checkpoint to results/checkpoints/strict_grad_norm_uncapped_adam40k_5090/best.pt
Saved PyTorch checkpoint to results/checkpoints/strict_grad_norm_uncapped_adam40k_5090/best.pt
Saved PyTorch checkpoint to results/checkpoints/strict_grad_norm_uncapped_adam40k_5090/best.pt
Saved PyTorch checkpoint to results/checkpoints/strict_grad_norm_uncapped_adam40k_5090/best.pt
Saved PyTorch checkpoint to results/checkpoints/strict_grad_norm_uncapped_adam40k_5090/best.pt
Saved PyTorch checkpoint to results/checkpoints/strict_grad_norm_uncapped_adam40k_5090/best.pt
Saved PyTorch checkpoint to results/checkpoints/strict_grad_norm_uncapped_adam40k_5090/best.pt
Saved PyTorch checkpoint to results/checkpoints/strict_grad_norm_uncapped_adam40k_5090/best.pt
Saved PyTorch checkpoint to results/checkpoints/strict_grad_norm_uncapped_adam40k_5090/best.pt
Saved PyTorch checkpoint to results/checkpoints/strict_grad_norm_uncapped_adam40k_5090/best.pt
Saved PyTorch checkpoint to results/checkpoints/strict_grad_norm_uncapped_adam40k_5090/best.pt
Saved PyTorch checkpoint to results/checkpoints/strict_grad_norm_uncapped_adam40k_5090/best.pt
Saved PyTorch checkpoint to results/checkpoints/strict_grad_norm_uncapped_adam40k_5090/best.pt
Saved PyTorch checkpoint to results/checkpoints/strict_grad_norm_uncapped_adam40k_5090/best.pt
Saved PyTorch checkpoint to results/checkpoints/strict_grad_norm_uncapped_adam40k_5090/best.pt
Saved PyTorch checkpoint to results/checkpoints/strict_grad_norm_uncapped_adam40k_5090/best.pt
Saved PyTorch checkpoint to results/checkpoints/strict_grad_norm_uncapped_adam40k_5090/best.pt
Saved PyTorch checkpoint to results/checkpoints/strict_grad_norm_uncapped_adam40k_5090/best.pt
Saved PyTorch checkpoint to results/checkpoints/strict_grad_norm_uncapped_adam40k_5090/best.pt
Saved PyTorch checkpoint to results/checkpoints/strict_grad_norm_uncapped_adam40k_5090/best.pt
Saved PyTorch checkpoint to results/checkpoints/strict_grad_norm_uncapped_adam40k_5090/best.pt
Saved PyTorch checkpoint to results/checkpoints/strict_grad_norm_uncapped_adam40k_5090/best.pt
Saved PyTorch checkpoint to results/checkpoints/strict_grad_norm_uncapped_adam40k_5090/best.pt
Saved PyTorch checkpoint to results/checkpoints/strict_grad_norm_uncapped_adam40k_5090/best.pt
Saved PyTorch checkpoint to results/checkpoints/strict_grad_norm_uncapped_adam40k_5090/best.pt
Saved PyTorch checkpoint to results/checkpoints/strict_grad_norm_uncapped_adam40k_5090/best.pt
Saved PyTorch checkpoint to results/checkpoints/strict_grad_norm_uncapped_adam40k_5090/best.pt
Saved PyTorch checkpoint to results/checkpoints/strict_grad_norm_uncapped_adam40k_5090/best.pt
Saved PyTorch checkpoint to results/checkpoints/strict_grad_norm_uncapped_adam40k_5090/best.pt
Saved PyTorch checkpoint to results/checkpoints/strict_grad_norm_uncapped_adam40k_5090/best.pt
Saved PyTorch checkpoint to results/checkpoints/strict_grad_norm_uncapped_adam40k_5090/best.pt
Saved PyTorch checkpoint to results/checkpoints/strict_grad_norm_uncapped_adam40k_5090/best.pt
Saved PyTorch checkpoint to results/checkpoints/strict_grad_norm_uncapped_adam40k_5090/best.pt
Saved PyTorch checkpoint to results/checkpoints/strict_grad_norm_uncapped_adam40k_5090/best.pt
Saved PyTorch checkpoint to results/checkpoints/strict_grad_norm_uncapped_adam40k_5090/best.pt
Saved PyTorch checkpoint to results/checkpoints/strict_grad_norm_uncapped_adam40k_5090/best.pt
Saved PyTorch checkpoint to results/checkpoints/strict_grad_norm_uncapped_adam40k_5090/best.pt
Saved PyTorch checkpoint to results/checkpoints/strict_grad_norm_uncapped_adam40k_5090/best.pt
Saved PyTorch checkpoint to results/checkpoints/strict_grad_norm_uncapped_adam40k_5090/best.pt
Saved PyTorch checkpoint to results/checkpoints/strict_grad_norm_uncapped_adam40k_5090/best.pt
Saved PyTorch checkpoint to results/checkpoints/strict_grad_norm_uncapped_adam40k_5090/best.pt
Saved PyTorch checkpoint to results/checkpoints/strict_grad_norm_uncapped_adam40k_5090/best.pt
Saved PyTorch checkpoint to results/checkpoints/strict_grad_norm_uncapped_adam40k_5090/best.pt
Saved PyTorch checkpoint to results/checkpoints/strict_grad_norm_uncapped_adam40k_5090/best.pt
Saved PyTorch checkpoint to results/checkpoints/strict_grad_norm_uncapped_adam40k_5090/best.pt
Saved PyTorch checkpoint to results/checkpoints/strict_grad_norm_uncapped_adam40k_5090/best.pt
Saved PyTorch checkpoint to results/checkpoints/strict_grad_norm_uncapped_adam40k_5090/best.pt
Saved PyTorch checkpoint to results/checkpoints/strict_grad_norm_uncapped_adam40k_5090/best.pt
Saved PyTorch checkpoint to results/checkpoints/strict_grad_norm_uncapped_adam40k_5090/best.pt
Saved PyTorch checkpoint to results/checkpoints/strict_grad_norm_uncapped_adam40k_5090/best.pt
Saved PyTorch checkpoint to results/checkpoints/strict_grad_norm_uncapped_adam40k_5090/best.pt
Saved PyTorch checkpoint to results/checkpoints/strict_grad_norm_uncapped_adam40k_5090/best.pt
Saved PyTorch checkpoint to results/checkpoints/strict_grad_norm_uncapped_adam40k_5090/best.pt
Saved PyTorch checkpoint to results/checkpoints/strict_grad_norm_uncapped_adam40k_5090/best.pt
Saved PyTorch checkpoint to results/checkpoints/strict_grad_norm_uncapped_adam40k_5090/best.pt
Saved PyTorch checkpoint to results/checkpoints/strict_grad_norm_uncapped_adam40k_5090/best.pt
Saved PyTorch checkpoint to results/checkpoints/strict_grad_norm_uncapped_adam40k_5090/best.pt
Saved PyTorch checkpoint to results/checkpoints/strict_grad_norm_uncapped_adam40k_5090/best.pt
Saved PyTorch checkpoint to results/checkpoints/strict_grad_norm_uncapped_adam40k_5090/best.pt
Saved PyTorch checkpoint to results/checkpoints/strict_grad_norm_uncapped_adam40k_5090/best.pt
Saved PyTorch checkpoint to results/checkpoints/strict_grad_norm_uncapped_adam40k_5090/best.pt
Saved PyTorch checkpoint to results/checkpoints/strict_grad_norm_uncapped_adam40k_5090/best.pt
Saved PyTorch checkpoint to results/checkpoints/strict_grad_norm_uncapped_adam40k_5090/best.pt
Saved PyTorch checkpoint to results/checkpoints/strict_grad_norm_uncapped_adam40k_5090/best.pt
Saved PyTorch checkpoint to results/checkpoints/strict_grad_norm_uncapped_adam40k_5090/best.pt
Saved PyTorch checkpoint to results/checkpoints/strict_grad_norm_uncapped_adam40k_5090/best.pt
Saved PyTorch checkpoint to results/checkpoints/strict_grad_norm_uncapped_adam40k_5090/best.pt
Saved PyTorch checkpoint to results/checkpoints/strict_grad_norm_uncapped_adam40k_5090/best.pt
Saved PyTorch checkpoint to results/checkpoints/strict_grad_norm_uncapped_adam40k_5090/best.pt
Adam 9400 | total=2.621e-02 f=2.452e-04 ic=1.012e-06 wall=6.707e-05 inlet=1.882e-01 outlet=1.089e-08 lr=5.000e-04 | λ[f=1.00 ic=548.85 wall=10.48 inlet=0.13 outlet=33598.50]
Saved PyTorch checkpoint to results/checkpoints/strict_grad_norm_uncapped_adam40k_5090/best.pt
Saved PyTorch checkpoint to results/checkpoints/strict_grad_norm_uncapped_adam40k_5090/best.pt
Saved PyTorch checkpoint to results/checkpoints/strict_grad_norm_uncapped_adam40k_5090/best.pt
Saved PyTorch checkpoint to results/checkpoints/strict_grad_norm_uncapped_adam40k_5090/best.pt
Saved PyTorch checkpoint to results/checkpoints/strict_grad_norm_uncapped_adam40k_5090/best.pt
Saved PyTorch checkpoint to results/checkpoints/strict_grad_norm_uncapped_adam40k_5090/best.pt
Saved PyTorch checkpoint to results/checkpoints/strict_grad_norm_uncapped_adam40k_5090/best.pt
Saved PyTorch checkpoint to results/checkpoints/strict_grad_norm_uncapped_adam40k_5090/best.pt
Saved PyTorch checkpoint to results/checkpoints/strict_grad_norm_uncapped_adam40k_5090/best.pt
Saved PyTorch checkpoint to results/checkpoints/strict_grad_norm_uncapped_adam40k_5090/best.pt
Saved PyTorch checkpoint to results/checkpoints/strict_grad_norm_uncapped_adam40k_5090/best.pt
Saved PyTorch checkpoint to results/checkpoints/strict_grad_norm_uncapped_adam40k_5090/best.pt
Saved PyTorch checkpoint to results/checkpoints/strict_grad_norm_uncapped_adam40k_5090/best.pt
Saved PyTorch checkpoint to results/checkpoints/strict_grad_norm_uncapped_adam40k_5090/best.pt
Saved PyTorch checkpoint to results/checkpoints/strict_grad_norm_uncapped_adam40k_5090/best.pt
Saved PyTorch checkpoint to results/checkpoints/strict_grad_norm_uncapped_adam40k_5090/best.pt
Saved PyTorch checkpoint to results/checkpoints/strict_grad_norm_uncapped_adam40k_5090/best.pt
Saved PyTorch checkpoint to results/checkpoints/strict_grad_norm_uncapped_adam40k_5090/best.pt
Saved PyTorch checkpoint to results/checkpoints/strict_grad_norm_uncapped_adam40k_5090/best.pt
Saved PyTorch checkpoint to results/checkpoints/strict_grad_norm_uncapped_adam40k_5090/best.pt
Saved PyTorch checkpoint to results/checkpoints/strict_grad_norm_uncapped_adam40k_5090/best.pt
Saved PyTorch checkpoint to results/checkpoints/strict_grad_norm_uncapped_adam40k_5090/best.pt
Saved PyTorch checkpoint to results/checkpoints/strict_grad_norm_uncapped_adam40k_5090/best.pt
Saved PyTorch checkpoint to results/checkpoints/strict_grad_norm_uncapped_adam40k_5090/best.pt
Saved PyTorch checkpoint to results/checkpoints/strict_grad_norm_uncapped_adam40k_5090/best.pt
Saved PyTorch checkpoint to results/checkpoints/strict_grad_norm_uncapped_adam40k_5090/best.pt
Saved PyTorch checkpoint to results/checkpoints/strict_grad_norm_uncapped_adam40k_5090/best.pt
Saved PyTorch checkpoint to results/checkpoints/strict_grad_norm_uncapped_adam40k_5090/best.pt
Saved PyTorch checkpoint to results/checkpoints/strict_grad_norm_uncapped_adam40k_5090/best.pt
Saved PyTorch checkpoint to results/checkpoints/strict_grad_norm_uncapped_adam40k_5090/best.pt
Saved PyTorch checkpoint to results/checkpoints/strict_grad_norm_uncapped_adam40k_5090/best.pt
Saved PyTorch checkpoint to results/checkpoints/strict_grad_norm_uncapped_adam40k_5090/best.pt
Saved PyTorch checkpoint to results/checkpoints/strict_grad_norm_uncapped_adam40k_5090/best.pt
Saved PyTorch checkpoint to results/checkpoints/strict_grad_norm_uncapped_adam40k_5090/best.pt
Saved PyTorch checkpoint to results/checkpoints/strict_grad_norm_uncapped_adam40k_5090/best.pt
Saved PyTorch checkpoint to results/checkpoints/strict_grad_norm_uncapped_adam40k_5090/best.pt
Saved PyTorch checkpoint to results/checkpoints/strict_grad_norm_uncapped_adam40k_5090/best.pt
Saved PyTorch checkpoint to results/checkpoints/strict_grad_norm_uncapped_adam40k_5090/best.pt
Saved PyTorch checkpoint to results/checkpoints/strict_grad_norm_uncapped_adam40k_5090/best.pt
Saved PyTorch checkpoint to results/checkpoints/strict_grad_norm_uncapped_adam40k_5090/best.pt
Saved PyTorch checkpoint to results/checkpoints/strict_grad_norm_uncapped_adam40k_5090/best.pt
Saved PyTorch checkpoint to results/checkpoints/strict_grad_norm_uncapped_adam40k_5090/best.pt
Saved PyTorch checkpoint to results/checkpoints/strict_grad_norm_uncapped_adam40k_5090/best.pt
Saved PyTorch checkpoint to results/checkpoints/strict_grad_norm_uncapped_adam40k_5090/best.pt
Saved PyTorch checkpoint to results/checkpoints/strict_grad_norm_uncapped_adam40k_5090/best.pt
Saved PyTorch checkpoint to results/checkpoints/strict_grad_norm_uncapped_adam40k_5090/best.pt
Saved PyTorch checkpoint to results/checkpoints/strict_grad_norm_uncapped_adam40k_5090/best.pt
Saved PyTorch checkpoint to results/checkpoints/strict_grad_norm_uncapped_adam40k_5090/best.pt
Saved PyTorch checkpoint to results/checkpoints/strict_grad_norm_uncapped_adam40k_5090/best.pt
Saved PyTorch checkpoint to results/checkpoints/strict_grad_norm_uncapped_adam40k_5090/best.pt
Saved PyTorch checkpoint to results/checkpoints/strict_grad_norm_uncapped_adam40k_5090/best.pt
Saved PyTorch checkpoint to results/checkpoints/strict_grad_norm_uncapped_adam40k_5090/best.pt
Saved PyTorch checkpoint to results/checkpoints/strict_grad_norm_uncapped_adam40k_5090/best.pt
Saved PyTorch checkpoint to results/checkpoints/strict_grad_norm_uncapped_adam40k_5090/best.pt
Saved PyTorch checkpoint to results/checkpoints/strict_grad_norm_uncapped_adam40k_5090/best.pt
Saved PyTorch checkpoint to results/checkpoints/strict_grad_norm_uncapped_adam40k_5090/best.pt
Saved PyTorch checkpoint to results/checkpoints/strict_grad_norm_uncapped_adam40k_5090/best.pt
Saved PyTorch checkpoint to results/checkpoints/strict_grad_norm_uncapped_adam40k_5090/best.pt
Saved PyTorch checkpoint to results/checkpoints/strict_grad_norm_uncapped_adam40k_5090/best.pt
Saved PyTorch checkpoint to results/checkpoints/strict_grad_norm_uncapped_adam40k_5090/best.pt
Saved PyTorch checkpoint to results/checkpoints/strict_grad_norm_uncapped_adam40k_5090/best.pt
Saved PyTorch checkpoint to results/checkpoints/strict_grad_norm_uncapped_adam40k_5090/best.pt
Saved PyTorch checkpoint to results/checkpoints/strict_grad_norm_uncapped_adam40k_5090/best.pt
Saved PyTorch checkpoint to results/checkpoints/strict_grad_norm_uncapped_adam40k_5090/best.pt
Saved PyTorch checkpoint to results/checkpoints/strict_grad_norm_uncapped_adam40k_5090/best.pt
Saved PyTorch checkpoint to results/checkpoints/strict_grad_norm_uncapped_adam40k_5090/best.pt
Saved PyTorch checkpoint to results/checkpoints/strict_grad_norm_uncapped_adam40k_5090/best.pt
Saved PyTorch checkpoint to results/checkpoints/strict_grad_norm_uncapped_adam40k_5090/best.pt
Saved PyTorch checkpoint to results/checkpoints/strict_grad_norm_uncapped_adam40k_5090/best.pt
Saved PyTorch checkpoint to results/checkpoints/strict_grad_norm_uncapped_adam40k_5090/best.pt
Saved PyTorch checkpoint to results/checkpoints/strict_grad_norm_uncapped_adam40k_5090/best.pt
Saved PyTorch checkpoint to results/checkpoints/strict_grad_norm_uncapped_adam40k_5090/best.pt
Saved PyTorch checkpoint to results/checkpoints/strict_grad_norm_uncapped_adam40k_5090/best.pt
Saved PyTorch checkpoint to results/checkpoints/strict_grad_norm_uncapped_adam40k_5090/best.pt
Saved PyTorch checkpoint to results/checkpoints/strict_grad_norm_uncapped_adam40k_5090/best.pt
Saved PyTorch checkpoint to results/checkpoints/strict_grad_norm_uncapped_adam40k_5090/best.pt
Saved PyTorch checkpoint to results/checkpoints/strict_grad_norm_uncapped_adam40k_5090/best.pt
Saved PyTorch checkpoint to results/checkpoints/strict_grad_norm_uncapped_adam40k_5090/best.pt
Saved PyTorch checkpoint to results/checkpoints/strict_grad_norm_uncapped_adam40k_5090/best.pt
Saved PyTorch checkpoint to results/checkpoints/strict_grad_norm_uncapped_adam40k_5090/best.pt
Saved PyTorch checkpoint to results/checkpoints/strict_grad_norm_uncapped_adam40k_5090/best.pt
Saved PyTorch checkpoint to results/checkpoints/strict_grad_norm_uncapped_adam40k_5090/best.pt
Saved PyTorch checkpoint to results/checkpoints/strict_grad_norm_uncapped_adam40k_5090/best.pt
Saved PyTorch checkpoint to results/checkpoints/strict_grad_norm_uncapped_adam40k_5090/best.pt
Saved PyTorch checkpoint to results/checkpoints/strict_grad_norm_uncapped_adam40k_5090/best.pt
Saved PyTorch checkpoint to results/checkpoints/strict_grad_norm_uncapped_adam40k_5090/best.pt
Saved PyTorch checkpoint to results/checkpoints/strict_grad_norm_uncapped_adam40k_5090/best.pt
Saved PyTorch checkpoint to results/checkpoints/strict_grad_norm_uncapped_adam40k_5090/best.pt
Saved PyTorch checkpoint to results/checkpoints/strict_grad_norm_uncapped_adam40k_5090/best.pt
Saved PyTorch checkpoint to results/checkpoints/strict_grad_norm_uncapped_adam40k_5090/best.pt
Saved PyTorch checkpoint to results/checkpoints/strict_grad_norm_uncapped_adam40k_5090/best.pt
Saved PyTorch checkpoint to results/checkpoints/strict_grad_norm_uncapped_adam40k_5090/best.pt
Saved PyTorch checkpoint to results/checkpoints/strict_grad_norm_uncapped_adam40k_5090/best.pt
Saved PyTorch checkpoint to results/checkpoints/strict_grad_norm_uncapped_adam40k_5090/best.pt
Saved PyTorch checkpoint to results/checkpoints/strict_grad_norm_uncapped_adam40k_5090/best.pt
Saved PyTorch checkpoint to results/checkpoints/strict_grad_norm_uncapped_adam40k_5090/best.pt
Saved PyTorch checkpoint to results/checkpoints/strict_grad_norm_uncapped_adam40k_5090/best.pt
Saved PyTorch checkpoint to results/checkpoints/strict_grad_norm_uncapped_adam40k_5090/best.pt
Saved PyTorch checkpoint to results/checkpoints/strict_grad_norm_uncapped_adam40k_5090/best.pt
Saved PyTorch checkpoint to results/checkpoints/strict_grad_norm_uncapped_adam40k_5090/best.pt
Adam 9500 | total=2.557e-02 f=2.378e-04 ic=9.875e-07 wall=6.539e-05 inlet=1.883e-01 outlet=9.172e-09 lr=5.000e-04 | λ[f=1.00 ic=553.15 wall=10.39 inlet=0.13 outlet=36486.78]
Saved PyTorch checkpoint to results/checkpoints/strict_grad_norm_uncapped_adam40k_5090/best.pt
Saved PyTorch checkpoint to results/checkpoints/strict_grad_norm_uncapped_adam40k_5090/best.pt
Saved PyTorch checkpoint to results/checkpoints/strict_grad_norm_uncapped_adam40k_5090/best.pt
Saved PyTorch checkpoint to results/checkpoints/strict_grad_norm_uncapped_adam40k_5090/best.pt
Saved PyTorch checkpoint to results/checkpoints/strict_grad_norm_uncapped_adam40k_5090/best.pt
Saved PyTorch checkpoint to results/checkpoints/strict_grad_norm_uncapped_adam40k_5090/best.pt
Saved PyTorch checkpoint to results/checkpoints/strict_grad_norm_uncapped_adam40k_5090/best.pt
Saved PyTorch checkpoint to results/checkpoints/strict_grad_norm_uncapped_adam40k_5090/best.pt
Saved PyTorch checkpoint to results/checkpoints/strict_grad_norm_uncapped_adam40k_5090/best.pt
Saved PyTorch checkpoint to results/checkpoints/strict_grad_norm_uncapped_adam40k_5090/best.pt
Saved PyTorch checkpoint to results/checkpoints/strict_grad_norm_uncapped_adam40k_5090/best.pt
Saved PyTorch checkpoint to results/checkpoints/strict_grad_norm_uncapped_adam40k_5090/best.pt
Saved PyTorch checkpoint to results/checkpoints/strict_grad_norm_uncapped_adam40k_5090/best.pt
Saved PyTorch checkpoint to results/checkpoints/strict_grad_norm_uncapped_adam40k_5090/best.pt
Saved PyTorch checkpoint to results/checkpoints/strict_grad_norm_uncapped_adam40k_5090/best.pt
Saved PyTorch checkpoint to results/checkpoints/strict_grad_norm_uncapped_adam40k_5090/best.pt
Saved PyTorch checkpoint to results/checkpoints/strict_grad_norm_uncapped_adam40k_5090/best.pt
Saved PyTorch checkpoint to results/checkpoints/strict_grad_norm_uncapped_adam40k_5090/best.pt
Saved PyTorch checkpoint to results/checkpoints/strict_grad_norm_uncapped_adam40k_5090/best.pt
Saved PyTorch checkpoint to results/checkpoints/strict_grad_norm_uncapped_adam40k_5090/best.pt
Saved PyTorch checkpoint to results/checkpoints/strict_grad_norm_uncapped_adam40k_5090/best.pt
Saved PyTorch checkpoint to results/checkpoints/strict_grad_norm_uncapped_adam40k_5090/best.pt
Saved PyTorch checkpoint to results/checkpoints/strict_grad_norm_uncapped_adam40k_5090/best.pt
Saved PyTorch checkpoint to results/checkpoints/strict_grad_norm_uncapped_adam40k_5090/best.pt
Saved PyTorch checkpoint to results/checkpoints/strict_grad_norm_uncapped_adam40k_5090/best.pt
Saved PyTorch checkpoint to results/checkpoints/strict_grad_norm_uncapped_adam40k_5090/best.pt
Saved PyTorch checkpoint to results/checkpoints/strict_grad_norm_uncapped_adam40k_5090/best.pt
Saved PyTorch checkpoint to results/checkpoints/strict_grad_norm_uncapped_adam40k_5090/best.pt
Saved PyTorch checkpoint to results/checkpoints/strict_grad_norm_uncapped_adam40k_5090/best.pt
Saved PyTorch checkpoint to results/checkpoints/strict_grad_norm_uncapped_adam40k_5090/best.pt
Saved PyTorch checkpoint to results/checkpoints/strict_grad_norm_uncapped_adam40k_5090/best.pt
Saved PyTorch checkpoint to results/checkpoints/strict_grad_norm_uncapped_adam40k_5090/best.pt
Saved PyTorch checkpoint to results/checkpoints/strict_grad_norm_uncapped_adam40k_5090/best.pt
Saved PyTorch checkpoint to results/checkpoints/strict_grad_norm_uncapped_adam40k_5090/best.pt
Saved PyTorch checkpoint to results/checkpoints/strict_grad_norm_uncapped_adam40k_5090/best.pt
Saved PyTorch checkpoint to results/checkpoints/strict_grad_norm_uncapped_adam40k_5090/best.pt
Saved PyTorch checkpoint to results/checkpoints/strict_grad_norm_uncapped_adam40k_5090/best.pt
Saved PyTorch checkpoint to results/checkpoints/strict_grad_norm_uncapped_adam40k_5090/best.pt
Saved PyTorch checkpoint to results/checkpoints/strict_grad_norm_uncapped_adam40k_5090/best.pt
Saved PyTorch checkpoint to results/checkpoints/strict_grad_norm_uncapped_adam40k_5090/best.pt
Saved PyTorch checkpoint to results/checkpoints/strict_grad_norm_uncapped_adam40k_5090/best.pt
Saved PyTorch checkpoint to results/checkpoints/strict_grad_norm_uncapped_adam40k_5090/best.pt
Saved PyTorch checkpoint to results/checkpoints/strict_grad_norm_uncapped_adam40k_5090/best.pt
Saved PyTorch checkpoint to results/checkpoints/strict_grad_norm_uncapped_adam40k_5090/best.pt
Saved PyTorch checkpoint to results/checkpoints/strict_grad_norm_uncapped_adam40k_5090/best.pt
Saved PyTorch checkpoint to results/checkpoints/strict_grad_norm_uncapped_adam40k_5090/best.pt
Saved PyTorch checkpoint to results/checkpoints/strict_grad_norm_uncapped_adam40k_5090/best.pt
Saved PyTorch checkpoint to results/checkpoints/strict_grad_norm_uncapped_adam40k_5090/best.pt
Saved PyTorch checkpoint to results/checkpoints/strict_grad_norm_uncapped_adam40k_5090/best.pt
Saved PyTorch checkpoint to results/checkpoints/strict_grad_norm_uncapped_adam40k_5090/best.pt
Saved PyTorch checkpoint to results/checkpoints/strict_grad_norm_uncapped_adam40k_5090/best.pt
Saved PyTorch checkpoint to results/checkpoints/strict_grad_norm_uncapped_adam40k_5090/best.pt
Saved PyTorch checkpoint to results/checkpoints/strict_grad_norm_uncapped_adam40k_5090/best.pt
Saved PyTorch checkpoint to results/checkpoints/strict_grad_norm_uncapped_adam40k_5090/best.pt
Saved PyTorch checkpoint to results/checkpoints/strict_grad_norm_uncapped_adam40k_5090/best.pt
Saved PyTorch checkpoint to results/checkpoints/strict_grad_norm_uncapped_adam40k_5090/best.pt
Saved PyTorch checkpoint to results/checkpoints/strict_grad_norm_uncapped_adam40k_5090/best.pt
Saved PyTorch checkpoint to results/checkpoints/strict_grad_norm_uncapped_adam40k_5090/best.pt
Saved PyTorch checkpoint to results/checkpoints/strict_grad_norm_uncapped_adam40k_5090/best.pt
Saved PyTorch checkpoint to results/checkpoints/strict_grad_norm_uncapped_adam40k_5090/best.pt
Saved PyTorch checkpoint to results/checkpoints/strict_grad_norm_uncapped_adam40k_5090/best.pt
Saved PyTorch checkpoint to results/checkpoints/strict_grad_norm_uncapped_adam40k_5090/best.pt
Saved PyTorch checkpoint to results/checkpoints/strict_grad_norm_uncapped_adam40k_5090/best.pt
Saved PyTorch checkpoint to results/checkpoints/strict_grad_norm_uncapped_adam40k_5090/best.pt
Saved PyTorch checkpoint to results/checkpoints/strict_grad_norm_uncapped_adam40k_5090/best.pt
Saved PyTorch checkpoint to results/checkpoints/strict_grad_norm_uncapped_adam40k_5090/best.pt
Saved PyTorch checkpoint to results/checkpoints/strict_grad_norm_uncapped_adam40k_5090/best.pt
Saved PyTorch checkpoint to results/checkpoints/strict_grad_norm_uncapped_adam40k_5090/best.pt
Saved PyTorch checkpoint to results/checkpoints/strict_grad_norm_uncapped_adam40k_5090/best.pt
Saved PyTorch checkpoint to results/checkpoints/strict_grad_norm_uncapped_adam40k_5090/best.pt
Saved PyTorch checkpoint to results/checkpoints/strict_grad_norm_uncapped_adam40k_5090/best.pt
Saved PyTorch checkpoint to results/checkpoints/strict_grad_norm_uncapped_adam40k_5090/best.pt
Saved PyTorch checkpoint to results/checkpoints/strict_grad_norm_uncapped_adam40k_5090/best.pt
Saved PyTorch checkpoint to results/checkpoints/strict_grad_norm_uncapped_adam40k_5090/best.pt
Saved PyTorch checkpoint to results/checkpoints/strict_grad_norm_uncapped_adam40k_5090/best.pt
Saved PyTorch checkpoint to results/checkpoints/strict_grad_norm_uncapped_adam40k_5090/best.pt
Saved PyTorch checkpoint to results/checkpoints/strict_grad_norm_uncapped_adam40k_5090/best.pt
Saved PyTorch checkpoint to results/checkpoints/strict_grad_norm_uncapped_adam40k_5090/best.pt
Saved PyTorch checkpoint to results/checkpoints/strict_grad_norm_uncapped_adam40k_5090/best.pt
Saved PyTorch checkpoint to results/checkpoints/strict_grad_norm_uncapped_adam40k_5090/best.pt
Saved PyTorch checkpoint to results/checkpoints/strict_grad_norm_uncapped_adam40k_5090/best.pt
Saved PyTorch checkpoint to results/checkpoints/strict_grad_norm_uncapped_adam40k_5090/best.pt
Saved PyTorch checkpoint to results/checkpoints/strict_grad_norm_uncapped_adam40k_5090/best.pt
Saved PyTorch checkpoint to results/checkpoints/strict_grad_norm_uncapped_adam40k_5090/best.pt
Saved PyTorch checkpoint to results/checkpoints/strict_grad_norm_uncapped_adam40k_5090/best.pt
Saved PyTorch checkpoint to results/checkpoints/strict_grad_norm_uncapped_adam40k_5090/best.pt
Saved PyTorch checkpoint to results/checkpoints/strict_grad_norm_uncapped_adam40k_5090/best.pt
Saved PyTorch checkpoint to results/checkpoints/strict_grad_norm_uncapped_adam40k_5090/best.pt
Saved PyTorch checkpoint to results/checkpoints/strict_grad_norm_uncapped_adam40k_5090/best.pt
Saved PyTorch checkpoint to results/checkpoints/strict_grad_norm_uncapped_adam40k_5090/best.pt
Saved PyTorch checkpoint to results/checkpoints/strict_grad_norm_uncapped_adam40k_5090/best.pt
Saved PyTorch checkpoint to results/checkpoints/strict_grad_norm_uncapped_adam40k_5090/best.pt
Saved PyTorch checkpoint to results/checkpoints/strict_grad_norm_uncapped_adam40k_5090/best.pt
Saved PyTorch checkpoint to results/checkpoints/strict_grad_norm_uncapped_adam40k_5090/best.pt
Saved PyTorch checkpoint to results/checkpoints/strict_grad_norm_uncapped_adam40k_5090/best.pt
Saved PyTorch checkpoint to results/checkpoints/strict_grad_norm_uncapped_adam40k_5090/best.pt
Saved PyTorch checkpoint to results/checkpoints/strict_grad_norm_uncapped_adam40k_5090/best.pt
Saved PyTorch checkpoint to results/checkpoints/strict_grad_norm_uncapped_adam40k_5090/best.pt
Saved PyTorch checkpoint to results/checkpoints/strict_grad_norm_uncapped_adam40k_5090/best.pt
Saved PyTorch checkpoint to results/checkpoints/strict_grad_norm_uncapped_adam40k_5090/best.pt
Adam 9600 | total=2.505e-02 f=2.305e-04 ic=9.615e-07 wall=6.371e-05 inlet=1.884e-01 outlet=7.741e-09 lr=5.000e-04 | λ[f=1.00 ic=561.30 wall=10.34 inlet=0.12 outlet=40092.52]
Saved PyTorch checkpoint to results/checkpoints/strict_grad_norm_uncapped_adam40k_5090/best.pt
Saved PyTorch checkpoint to results/checkpoints/strict_grad_norm_uncapped_adam40k_5090/best.pt
Saved PyTorch checkpoint to results/checkpoints/strict_grad_norm_uncapped_adam40k_5090/best.pt
Saved PyTorch checkpoint to results/checkpoints/strict_grad_norm_uncapped_adam40k_5090/best.pt
Saved PyTorch checkpoint to results/checkpoints/strict_grad_norm_uncapped_adam40k_5090/best.pt
Saved PyTorch checkpoint to results/checkpoints/strict_grad_norm_uncapped_adam40k_5090/best.pt
Saved PyTorch checkpoint to results/checkpoints/strict_grad_norm_uncapped_adam40k_5090/best.pt
Saved PyTorch checkpoint to results/checkpoints/strict_grad_norm_uncapped_adam40k_5090/best.pt
Saved PyTorch checkpoint to results/checkpoints/strict_grad_norm_uncapped_adam40k_5090/best.pt
Saved PyTorch checkpoint to results/checkpoints/strict_grad_norm_uncapped_adam40k_5090/best.pt
Saved PyTorch checkpoint to results/checkpoints/strict_grad_norm_uncapped_adam40k_5090/best.pt
Saved PyTorch checkpoint to results/checkpoints/strict_grad_norm_uncapped_adam40k_5090/best.pt
Saved PyTorch checkpoint to results/checkpoints/strict_grad_norm_uncapped_adam40k_5090/best.pt
Saved PyTorch checkpoint to results/checkpoints/strict_grad_norm_uncapped_adam40k_5090/best.pt
Saved PyTorch checkpoint to results/checkpoints/strict_grad_norm_uncapped_adam40k_5090/best.pt
Saved PyTorch checkpoint to results/checkpoints/strict_grad_norm_uncapped_adam40k_5090/best.pt
Saved PyTorch checkpoint to results/checkpoints/strict_grad_norm_uncapped_adam40k_5090/best.pt
Saved PyTorch checkpoint to results/checkpoints/strict_grad_norm_uncapped_adam40k_5090/best.pt
Saved PyTorch checkpoint to results/checkpoints/strict_grad_norm_uncapped_adam40k_5090/best.pt
Saved PyTorch checkpoint to results/checkpoints/strict_grad_norm_uncapped_adam40k_5090/best.pt
Saved PyTorch checkpoint to results/checkpoints/strict_grad_norm_uncapped_adam40k_5090/best.pt
Saved PyTorch checkpoint to results/checkpoints/strict_grad_norm_uncapped_adam40k_5090/best.pt
Saved PyTorch checkpoint to results/checkpoints/strict_grad_norm_uncapped_adam40k_5090/best.pt
Saved PyTorch checkpoint to results/checkpoints/strict_grad_norm_uncapped_adam40k_5090/best.pt
Saved PyTorch checkpoint to results/checkpoints/strict_grad_norm_uncapped_adam40k_5090/best.pt
Saved PyTorch checkpoint to results/checkpoints/strict_grad_norm_uncapped_adam40k_5090/best.pt
Saved PyTorch checkpoint to results/checkpoints/strict_grad_norm_uncapped_adam40k_5090/best.pt
Saved PyTorch checkpoint to results/checkpoints/strict_grad_norm_uncapped_adam40k_5090/best.pt
Saved PyTorch checkpoint to results/checkpoints/strict_grad_norm_uncapped_adam40k_5090/best.pt
Saved PyTorch checkpoint to results/checkpoints/strict_grad_norm_uncapped_adam40k_5090/best.pt
Saved PyTorch checkpoint to results/checkpoints/strict_grad_norm_uncapped_adam40k_5090/best.pt
Saved PyTorch checkpoint to results/checkpoints/strict_grad_norm_uncapped_adam40k_5090/best.pt
Saved PyTorch checkpoint to results/checkpoints/strict_grad_norm_uncapped_adam40k_5090/best.pt
Saved PyTorch checkpoint to results/checkpoints/strict_grad_norm_uncapped_adam40k_5090/best.pt
Saved PyTorch checkpoint to results/checkpoints/strict_grad_norm_uncapped_adam40k_5090/best.pt
Saved PyTorch checkpoint to results/checkpoints/strict_grad_norm_uncapped_adam40k_5090/best.pt
Saved PyTorch checkpoint to results/checkpoints/strict_grad_norm_uncapped_adam40k_5090/best.pt
Saved PyTorch checkpoint to results/checkpoints/strict_grad_norm_uncapped_adam40k_5090/best.pt
Saved PyTorch checkpoint to results/checkpoints/strict_grad_norm_uncapped_adam40k_5090/best.pt
Saved PyTorch checkpoint to results/checkpoints/strict_grad_norm_uncapped_adam40k_5090/best.pt
Saved PyTorch checkpoint to results/checkpoints/strict_grad_norm_uncapped_adam40k_5090/best.pt
Saved PyTorch checkpoint to results/checkpoints/strict_grad_norm_uncapped_adam40k_5090/best.pt
Saved PyTorch checkpoint to results/checkpoints/strict_grad_norm_uncapped_adam40k_5090/best.pt
Saved PyTorch checkpoint to results/checkpoints/strict_grad_norm_uncapped_adam40k_5090/best.pt
Saved PyTorch checkpoint to results/checkpoints/strict_grad_norm_uncapped_adam40k_5090/best.pt
Saved PyTorch checkpoint to results/checkpoints/strict_grad_norm_uncapped_adam40k_5090/best.pt
Saved PyTorch checkpoint to results/checkpoints/strict_grad_norm_uncapped_adam40k_5090/best.pt
Saved PyTorch checkpoint to results/checkpoints/strict_grad_norm_uncapped_adam40k_5090/best.pt
Saved PyTorch checkpoint to results/checkpoints/strict_grad_norm_uncapped_adam40k_5090/best.pt
Saved PyTorch checkpoint to results/checkpoints/strict_grad_norm_uncapped_adam40k_5090/best.pt
Saved PyTorch checkpoint to results/checkpoints/strict_grad_norm_uncapped_adam40k_5090/best.pt
Saved PyTorch checkpoint to results/checkpoints/strict_grad_norm_uncapped_adam40k_5090/best.pt
Saved PyTorch checkpoint to results/checkpoints/strict_grad_norm_uncapped_adam40k_5090/best.pt
Saved PyTorch checkpoint to results/checkpoints/strict_grad_norm_uncapped_adam40k_5090/best.pt
Saved PyTorch checkpoint to results/checkpoints/strict_grad_norm_uncapped_adam40k_5090/best.pt
Saved PyTorch checkpoint to results/checkpoints/strict_grad_norm_uncapped_adam40k_5090/best.pt
Saved PyTorch checkpoint to results/checkpoints/strict_grad_norm_uncapped_adam40k_5090/best.pt
Saved PyTorch checkpoint to results/checkpoints/strict_grad_norm_uncapped_adam40k_5090/best.pt
Saved PyTorch checkpoint to results/checkpoints/strict_grad_norm_uncapped_adam40k_5090/best.pt
Saved PyTorch checkpoint to results/checkpoints/strict_grad_norm_uncapped_adam40k_5090/best.pt
Saved PyTorch checkpoint to results/checkpoints/strict_grad_norm_uncapped_adam40k_5090/best.pt
Saved PyTorch checkpoint to results/checkpoints/strict_grad_norm_uncapped_adam40k_5090/best.pt
Saved PyTorch checkpoint to results/checkpoints/strict_grad_norm_uncapped_adam40k_5090/best.pt
Saved PyTorch checkpoint to results/checkpoints/strict_grad_norm_uncapped_adam40k_5090/best.pt
Saved PyTorch checkpoint to results/checkpoints/strict_grad_norm_uncapped_adam40k_5090/best.pt
Saved PyTorch checkpoint to results/checkpoints/strict_grad_norm_uncapped_adam40k_5090/best.pt
Saved PyTorch checkpoint to results/checkpoints/strict_grad_norm_uncapped_adam40k_5090/best.pt
Saved PyTorch checkpoint to results/checkpoints/strict_grad_norm_uncapped_adam40k_5090/best.pt
Saved PyTorch checkpoint to results/checkpoints/strict_grad_norm_uncapped_adam40k_5090/best.pt
Saved PyTorch checkpoint to results/checkpoints/strict_grad_norm_uncapped_adam40k_5090/best.pt
Saved PyTorch checkpoint to results/checkpoints/strict_grad_norm_uncapped_adam40k_5090/best.pt
Saved PyTorch checkpoint to results/checkpoints/strict_grad_norm_uncapped_adam40k_5090/best.pt
Saved PyTorch checkpoint to results/checkpoints/strict_grad_norm_uncapped_adam40k_5090/best.pt
Saved PyTorch checkpoint to results/checkpoints/strict_grad_norm_uncapped_adam40k_5090/best.pt
Saved PyTorch checkpoint to results/checkpoints/strict_grad_norm_uncapped_adam40k_5090/best.pt
Saved PyTorch checkpoint to results/checkpoints/strict_grad_norm_uncapped_adam40k_5090/best.pt
Saved PyTorch checkpoint to results/checkpoints/strict_grad_norm_uncapped_adam40k_5090/best.pt
Saved PyTorch checkpoint to results/checkpoints/strict_grad_norm_uncapped_adam40k_5090/best.pt
Saved PyTorch checkpoint to results/checkpoints/strict_grad_norm_uncapped_adam40k_5090/best.pt
Saved PyTorch checkpoint to results/checkpoints/strict_grad_norm_uncapped_adam40k_5090/best.pt
Saved PyTorch checkpoint to results/checkpoints/strict_grad_norm_uncapped_adam40k_5090/best.pt
Saved PyTorch checkpoint to results/checkpoints/strict_grad_norm_uncapped_adam40k_5090/best.pt
Saved PyTorch checkpoint to results/checkpoints/strict_grad_norm_uncapped_adam40k_5090/best.pt
Saved PyTorch checkpoint to results/checkpoints/strict_grad_norm_uncapped_adam40k_5090/best.pt
Saved PyTorch checkpoint to results/checkpoints/strict_grad_norm_uncapped_adam40k_5090/best.pt
Saved PyTorch checkpoint to results/checkpoints/strict_grad_norm_uncapped_adam40k_5090/best.pt
Saved PyTorch checkpoint to results/checkpoints/strict_grad_norm_uncapped_adam40k_5090/best.pt
Saved PyTorch checkpoint to results/checkpoints/strict_grad_norm_uncapped_adam40k_5090/best.pt
Saved PyTorch checkpoint to results/checkpoints/strict_grad_norm_uncapped_adam40k_5090/best.pt
Saved PyTorch checkpoint to results/checkpoints/strict_grad_norm_uncapped_adam40k_5090/best.pt
Saved PyTorch checkpoint to results/checkpoints/strict_grad_norm_uncapped_adam40k_5090/best.pt
Saved PyTorch checkpoint to results/checkpoints/strict_grad_norm_uncapped_adam40k_5090/best.pt
Saved PyTorch checkpoint to results/checkpoints/strict_grad_norm_uncapped_adam40k_5090/best.pt
Saved PyTorch checkpoint to results/checkpoints/strict_grad_norm_uncapped_adam40k_5090/best.pt
Saved PyTorch checkpoint to results/checkpoints/strict_grad_norm_uncapped_adam40k_5090/best.pt
Saved PyTorch checkpoint to results/checkpoints/strict_grad_norm_uncapped_adam40k_5090/best.pt
Saved PyTorch checkpoint to results/checkpoints/strict_grad_norm_uncapped_adam40k_5090/best.pt
Saved PyTorch checkpoint to results/checkpoints/strict_grad_norm_uncapped_adam40k_5090/best.pt
Saved PyTorch checkpoint to results/checkpoints/strict_grad_norm_uncapped_adam40k_5090/best.pt
Saved PyTorch checkpoint to results/checkpoints/strict_grad_norm_uncapped_adam40k_5090/best.pt
Adam 9700 | total=2.456e-02 f=2.234e-04 ic=9.358e-07 wall=6.203e-05 inlet=1.885e-01 outlet=6.489e-09 lr=5.000e-04 | λ[f=1.00 ic=572.60 wall=10.30 inlet=0.12 outlet=47588.25]
Saved PyTorch checkpoint to results/checkpoints/strict_grad_norm_uncapped_adam40k_5090/best.pt
Saved PyTorch checkpoint to results/checkpoints/strict_grad_norm_uncapped_adam40k_5090/best.pt
Saved PyTorch checkpoint to results/checkpoints/strict_grad_norm_uncapped_adam40k_5090/best.pt
Saved PyTorch checkpoint to results/checkpoints/strict_grad_norm_uncapped_adam40k_5090/best.pt
Saved PyTorch checkpoint to results/checkpoints/strict_grad_norm_uncapped_adam40k_5090/best.pt
Saved PyTorch checkpoint to results/checkpoints/strict_grad_norm_uncapped_adam40k_5090/best.pt
Saved PyTorch checkpoint to results/checkpoints/strict_grad_norm_uncapped_adam40k_5090/best.pt
Saved PyTorch checkpoint to results/checkpoints/strict_grad_norm_uncapped_adam40k_5090/best.pt
Saved PyTorch checkpoint to results/checkpoints/strict_grad_norm_uncapped_adam40k_5090/best.pt
Saved PyTorch checkpoint to results/checkpoints/strict_grad_norm_uncapped_adam40k_5090/best.pt
Saved PyTorch checkpoint to results/checkpoints/strict_grad_norm_uncapped_adam40k_5090/best.pt
Saved PyTorch checkpoint to results/checkpoints/strict_grad_norm_uncapped_adam40k_5090/best.pt
Saved PyTorch checkpoint to results/checkpoints/strict_grad_norm_uncapped_adam40k_5090/best.pt
Saved PyTorch checkpoint to results/checkpoints/strict_grad_norm_uncapped_adam40k_5090/best.pt
Saved PyTorch checkpoint to results/checkpoints/strict_grad_norm_uncapped_adam40k_5090/best.pt
Saved PyTorch checkpoint to results/checkpoints/strict_grad_norm_uncapped_adam40k_5090/best.pt
Saved PyTorch checkpoint to results/checkpoints/strict_grad_norm_uncapped_adam40k_5090/best.pt
Saved PyTorch checkpoint to results/checkpoints/strict_grad_norm_uncapped_adam40k_5090/best.pt
Saved PyTorch checkpoint to results/checkpoints/strict_grad_norm_uncapped_adam40k_5090/best.pt
Saved PyTorch checkpoint to results/checkpoints/strict_grad_norm_uncapped_adam40k_5090/best.pt
Saved PyTorch checkpoint to results/checkpoints/strict_grad_norm_uncapped_adam40k_5090/best.pt
Saved PyTorch checkpoint to results/checkpoints/strict_grad_norm_uncapped_adam40k_5090/best.pt
Saved PyTorch checkpoint to results/checkpoints/strict_grad_norm_uncapped_adam40k_5090/best.pt
Saved PyTorch checkpoint to results/checkpoints/strict_grad_norm_uncapped_adam40k_5090/best.pt
Saved PyTorch checkpoint to results/checkpoints/strict_grad_norm_uncapped_adam40k_5090/best.pt
Saved PyTorch checkpoint to results/checkpoints/strict_grad_norm_uncapped_adam40k_5090/best.pt
Saved PyTorch checkpoint to results/checkpoints/strict_grad_norm_uncapped_adam40k_5090/best.pt
Saved PyTorch checkpoint to results/checkpoints/strict_grad_norm_uncapped_adam40k_5090/best.pt
Saved PyTorch checkpoint to results/checkpoints/strict_grad_norm_uncapped_adam40k_5090/best.pt
Saved PyTorch checkpoint to results/checkpoints/strict_grad_norm_uncapped_adam40k_5090/best.pt
Saved PyTorch checkpoint to results/checkpoints/strict_grad_norm_uncapped_adam40k_5090/best.pt
Saved PyTorch checkpoint to results/checkpoints/strict_grad_norm_uncapped_adam40k_5090/best.pt
Saved PyTorch checkpoint to results/checkpoints/strict_grad_norm_uncapped_adam40k_5090/best.pt
Saved PyTorch checkpoint to results/checkpoints/strict_grad_norm_uncapped_adam40k_5090/best.pt
Saved PyTorch checkpoint to results/checkpoints/strict_grad_norm_uncapped_adam40k_5090/best.pt
Saved PyTorch checkpoint to results/checkpoints/strict_grad_norm_uncapped_adam40k_5090/best.pt
Saved PyTorch checkpoint to results/checkpoints/strict_grad_norm_uncapped_adam40k_5090/best.pt
Saved PyTorch checkpoint to results/checkpoints/strict_grad_norm_uncapped_adam40k_5090/best.pt
Saved PyTorch checkpoint to results/checkpoints/strict_grad_norm_uncapped_adam40k_5090/best.pt
Saved PyTorch checkpoint to results/checkpoints/strict_grad_norm_uncapped_adam40k_5090/best.pt
Saved PyTorch checkpoint to results/checkpoints/strict_grad_norm_uncapped_adam40k_5090/best.pt
Saved PyTorch checkpoint to results/checkpoints/strict_grad_norm_uncapped_adam40k_5090/best.pt
Saved PyTorch checkpoint to results/checkpoints/strict_grad_norm_uncapped_adam40k_5090/best.pt
Saved PyTorch checkpoint to results/checkpoints/strict_grad_norm_uncapped_adam40k_5090/best.pt
Saved PyTorch checkpoint to results/checkpoints/strict_grad_norm_uncapped_adam40k_5090/best.pt
Saved PyTorch checkpoint to results/checkpoints/strict_grad_norm_uncapped_adam40k_5090/best.pt
Saved PyTorch checkpoint to results/checkpoints/strict_grad_norm_uncapped_adam40k_5090/best.pt
Saved PyTorch checkpoint to results/checkpoints/strict_grad_norm_uncapped_adam40k_5090/best.pt
Saved PyTorch checkpoint to results/checkpoints/strict_grad_norm_uncapped_adam40k_5090/best.pt
Saved PyTorch checkpoint to results/checkpoints/strict_grad_norm_uncapped_adam40k_5090/best.pt
Saved PyTorch checkpoint to results/checkpoints/strict_grad_norm_uncapped_adam40k_5090/best.pt
Saved PyTorch checkpoint to results/checkpoints/strict_grad_norm_uncapped_adam40k_5090/best.pt
Saved PyTorch checkpoint to results/checkpoints/strict_grad_norm_uncapped_adam40k_5090/best.pt
Saved PyTorch checkpoint to results/checkpoints/strict_grad_norm_uncapped_adam40k_5090/best.pt
Saved PyTorch checkpoint to results/checkpoints/strict_grad_norm_uncapped_adam40k_5090/best.pt
Saved PyTorch checkpoint to results/checkpoints/strict_grad_norm_uncapped_adam40k_5090/best.pt
Saved PyTorch checkpoint to results/checkpoints/strict_grad_norm_uncapped_adam40k_5090/best.pt
Saved PyTorch checkpoint to results/checkpoints/strict_grad_norm_uncapped_adam40k_5090/best.pt
Saved PyTorch checkpoint to results/checkpoints/strict_grad_norm_uncapped_adam40k_5090/best.pt
Saved PyTorch checkpoint to results/checkpoints/strict_grad_norm_uncapped_adam40k_5090/best.pt
Saved PyTorch checkpoint to results/checkpoints/strict_grad_norm_uncapped_adam40k_5090/best.pt
Saved PyTorch checkpoint to results/checkpoints/strict_grad_norm_uncapped_adam40k_5090/best.pt
Saved PyTorch checkpoint to results/checkpoints/strict_grad_norm_uncapped_adam40k_5090/best.pt
Saved PyTorch checkpoint to results/checkpoints/strict_grad_norm_uncapped_adam40k_5090/best.pt
Saved PyTorch checkpoint to results/checkpoints/strict_grad_norm_uncapped_adam40k_5090/best.pt
Saved PyTorch checkpoint to results/checkpoints/strict_grad_norm_uncapped_adam40k_5090/best.pt
Saved PyTorch checkpoint to results/checkpoints/strict_grad_norm_uncapped_adam40k_5090/best.pt
Saved PyTorch checkpoint to results/checkpoints/strict_grad_norm_uncapped_adam40k_5090/best.pt
Saved PyTorch checkpoint to results/checkpoints/strict_grad_norm_uncapped_adam40k_5090/best.pt
Saved PyTorch checkpoint to results/checkpoints/strict_grad_norm_uncapped_adam40k_5090/best.pt
Saved PyTorch checkpoint to results/checkpoints/strict_grad_norm_uncapped_adam40k_5090/best.pt
Saved PyTorch checkpoint to results/checkpoints/strict_grad_norm_uncapped_adam40k_5090/best.pt
Saved PyTorch checkpoint to results/checkpoints/strict_grad_norm_uncapped_adam40k_5090/best.pt
Saved PyTorch checkpoint to results/checkpoints/strict_grad_norm_uncapped_adam40k_5090/best.pt
Saved PyTorch checkpoint to results/checkpoints/strict_grad_norm_uncapped_adam40k_5090/best.pt
Saved PyTorch checkpoint to results/checkpoints/strict_grad_norm_uncapped_adam40k_5090/best.pt
Saved PyTorch checkpoint to results/checkpoints/strict_grad_norm_uncapped_adam40k_5090/best.pt
Saved PyTorch checkpoint to results/checkpoints/strict_grad_norm_uncapped_adam40k_5090/best.pt
Saved PyTorch checkpoint to results/checkpoints/strict_grad_norm_uncapped_adam40k_5090/best.pt
Saved PyTorch checkpoint to results/checkpoints/strict_grad_norm_uncapped_adam40k_5090/best.pt
Saved PyTorch checkpoint to results/checkpoints/strict_grad_norm_uncapped_adam40k_5090/best.pt
Saved PyTorch checkpoint to results/checkpoints/strict_grad_norm_uncapped_adam40k_5090/best.pt
Saved PyTorch checkpoint to results/checkpoints/strict_grad_norm_uncapped_adam40k_5090/best.pt
Saved PyTorch checkpoint to results/checkpoints/strict_grad_norm_uncapped_adam40k_5090/best.pt
Saved PyTorch checkpoint to results/checkpoints/strict_grad_norm_uncapped_adam40k_5090/best.pt
Saved PyTorch checkpoint to results/checkpoints/strict_grad_norm_uncapped_adam40k_5090/best.pt
Saved PyTorch checkpoint to results/checkpoints/strict_grad_norm_uncapped_adam40k_5090/best.pt
Saved PyTorch checkpoint to results/checkpoints/strict_grad_norm_uncapped_adam40k_5090/best.pt
Saved PyTorch checkpoint to results/checkpoints/strict_grad_norm_uncapped_adam40k_5090/best.pt
Saved PyTorch checkpoint to results/checkpoints/strict_grad_norm_uncapped_adam40k_5090/best.pt
Saved PyTorch checkpoint to results/checkpoints/strict_grad_norm_uncapped_adam40k_5090/best.pt
Saved PyTorch checkpoint to results/checkpoints/strict_grad_norm_uncapped_adam40k_5090/best.pt
Saved PyTorch checkpoint to results/checkpoints/strict_grad_norm_uncapped_adam40k_5090/best.pt
Saved PyTorch checkpoint to results/checkpoints/strict_grad_norm_uncapped_adam40k_5090/best.pt
Saved PyTorch checkpoint to results/checkpoints/strict_grad_norm_uncapped_adam40k_5090/best.pt
Saved PyTorch checkpoint to results/checkpoints/strict_grad_norm_uncapped_adam40k_5090/best.pt
Saved PyTorch checkpoint to results/checkpoints/strict_grad_norm_uncapped_adam40k_5090/best.pt
Saved PyTorch checkpoint to results/checkpoints/strict_grad_norm_uncapped_adam40k_5090/best.pt
Saved PyTorch checkpoint to results/checkpoints/strict_grad_norm_uncapped_adam40k_5090/best.pt
Saved PyTorch checkpoint to results/checkpoints/strict_grad_norm_uncapped_adam40k_5090/best.pt
Adam 9800 | total=2.409e-02 f=2.164e-04 ic=9.097e-07 wall=6.037e-05 inlet=1.886e-01 outlet=5.390e-09 lr=5.000e-04 | λ[f=1.00 ic=587.16 wall=10.27 inlet=0.12 outlet=56589.07]
Saved PyTorch checkpoint to results/checkpoints/strict_grad_norm_uncapped_adam40k_5090/best.pt
Saved PyTorch checkpoint to results/checkpoints/strict_grad_norm_uncapped_adam40k_5090/best.pt
Saved PyTorch checkpoint to results/checkpoints/strict_grad_norm_uncapped_adam40k_5090/best.pt
Saved PyTorch checkpoint to results/checkpoints/strict_grad_norm_uncapped_adam40k_5090/best.pt
Saved PyTorch checkpoint to results/checkpoints/strict_grad_norm_uncapped_adam40k_5090/best.pt
Saved PyTorch checkpoint to results/checkpoints/strict_grad_norm_uncapped_adam40k_5090/best.pt
Saved PyTorch checkpoint to results/checkpoints/strict_grad_norm_uncapped_adam40k_5090/best.pt
Saved PyTorch checkpoint to results/checkpoints/strict_grad_norm_uncapped_adam40k_5090/best.pt
Saved PyTorch checkpoint to results/checkpoints/strict_grad_norm_uncapped_adam40k_5090/best.pt
Saved PyTorch checkpoint to results/checkpoints/strict_grad_norm_uncapped_adam40k_5090/best.pt
Saved PyTorch checkpoint to results/checkpoints/strict_grad_norm_uncapped_adam40k_5090/best.pt
Saved PyTorch checkpoint to results/checkpoints/strict_grad_norm_uncapped_adam40k_5090/best.pt
Saved PyTorch checkpoint to results/checkpoints/strict_grad_norm_uncapped_adam40k_5090/best.pt
Saved PyTorch checkpoint to results/checkpoints/strict_grad_norm_uncapped_adam40k_5090/best.pt
Saved PyTorch checkpoint to results/checkpoints/strict_grad_norm_uncapped_adam40k_5090/best.pt
Saved PyTorch checkpoint to results/checkpoints/strict_grad_norm_uncapped_adam40k_5090/best.pt
Saved PyTorch checkpoint to results/checkpoints/strict_grad_norm_uncapped_adam40k_5090/best.pt
Saved PyTorch checkpoint to results/checkpoints/strict_grad_norm_uncapped_adam40k_5090/best.pt
Saved PyTorch checkpoint to results/checkpoints/strict_grad_norm_uncapped_adam40k_5090/best.pt
Saved PyTorch checkpoint to results/checkpoints/strict_grad_norm_uncapped_adam40k_5090/best.pt
Saved PyTorch checkpoint to results/checkpoints/strict_grad_norm_uncapped_adam40k_5090/best.pt
Saved PyTorch checkpoint to results/checkpoints/strict_grad_norm_uncapped_adam40k_5090/best.pt
Saved PyTorch checkpoint to results/checkpoints/strict_grad_norm_uncapped_adam40k_5090/best.pt
Saved PyTorch checkpoint to results/checkpoints/strict_grad_norm_uncapped_adam40k_5090/best.pt
Saved PyTorch checkpoint to results/checkpoints/strict_grad_norm_uncapped_adam40k_5090/best.pt
Saved PyTorch checkpoint to results/checkpoints/strict_grad_norm_uncapped_adam40k_5090/best.pt
Saved PyTorch checkpoint to results/checkpoints/strict_grad_norm_uncapped_adam40k_5090/best.pt
Saved PyTorch checkpoint to results/checkpoints/strict_grad_norm_uncapped_adam40k_5090/best.pt
Saved PyTorch checkpoint to results/checkpoints/strict_grad_norm_uncapped_adam40k_5090/best.pt
Saved PyTorch checkpoint to results/checkpoints/strict_grad_norm_uncapped_adam40k_5090/best.pt
Saved PyTorch checkpoint to results/checkpoints/strict_grad_norm_uncapped_adam40k_5090/best.pt
Saved PyTorch checkpoint to results/checkpoints/strict_grad_norm_uncapped_adam40k_5090/best.pt
Saved PyTorch checkpoint to results/checkpoints/strict_grad_norm_uncapped_adam40k_5090/best.pt
Saved PyTorch checkpoint to results/checkpoints/strict_grad_norm_uncapped_adam40k_5090/best.pt
Saved PyTorch checkpoint to results/checkpoints/strict_grad_norm_uncapped_adam40k_5090/best.pt
Saved PyTorch checkpoint to results/checkpoints/strict_grad_norm_uncapped_adam40k_5090/best.pt
Saved PyTorch checkpoint to results/checkpoints/strict_grad_norm_uncapped_adam40k_5090/best.pt
Saved PyTorch checkpoint to results/checkpoints/strict_grad_norm_uncapped_adam40k_5090/best.pt
Saved PyTorch checkpoint to results/checkpoints/strict_grad_norm_uncapped_adam40k_5090/best.pt
Saved PyTorch checkpoint to results/checkpoints/strict_grad_norm_uncapped_adam40k_5090/best.pt
Saved PyTorch checkpoint to results/checkpoints/strict_grad_norm_uncapped_adam40k_5090/best.pt
Saved PyTorch checkpoint to results/checkpoints/strict_grad_norm_uncapped_adam40k_5090/best.pt
Saved PyTorch checkpoint to results/checkpoints/strict_grad_norm_uncapped_adam40k_5090/best.pt
Saved PyTorch checkpoint to results/checkpoints/strict_grad_norm_uncapped_adam40k_5090/best.pt
Saved PyTorch checkpoint to results/checkpoints/strict_grad_norm_uncapped_adam40k_5090/best.pt
Saved PyTorch checkpoint to results/checkpoints/strict_grad_norm_uncapped_adam40k_5090/best.pt
Saved PyTorch checkpoint to results/checkpoints/strict_grad_norm_uncapped_adam40k_5090/best.pt
Saved PyTorch checkpoint to results/checkpoints/strict_grad_norm_uncapped_adam40k_5090/best.pt
Saved PyTorch checkpoint to results/checkpoints/strict_grad_norm_uncapped_adam40k_5090/best.pt
Saved PyTorch checkpoint to results/checkpoints/strict_grad_norm_uncapped_adam40k_5090/best.pt
Saved PyTorch checkpoint to results/checkpoints/strict_grad_norm_uncapped_adam40k_5090/best.pt
Saved PyTorch checkpoint to results/checkpoints/strict_grad_norm_uncapped_adam40k_5090/best.pt
Saved PyTorch checkpoint to results/checkpoints/strict_grad_norm_uncapped_adam40k_5090/best.pt
Saved PyTorch checkpoint to results/checkpoints/strict_grad_norm_uncapped_adam40k_5090/best.pt
Saved PyTorch checkpoint to results/checkpoints/strict_grad_norm_uncapped_adam40k_5090/best.pt
Saved PyTorch checkpoint to results/checkpoints/strict_grad_norm_uncapped_adam40k_5090/best.pt
Saved PyTorch checkpoint to results/checkpoints/strict_grad_norm_uncapped_adam40k_5090/best.pt
Saved PyTorch checkpoint to results/checkpoints/strict_grad_norm_uncapped_adam40k_5090/best.pt
Saved PyTorch checkpoint to results/checkpoints/strict_grad_norm_uncapped_adam40k_5090/best.pt
Saved PyTorch checkpoint to results/checkpoints/strict_grad_norm_uncapped_adam40k_5090/best.pt
Saved PyTorch checkpoint to results/checkpoints/strict_grad_norm_uncapped_adam40k_5090/best.pt
Saved PyTorch checkpoint to results/checkpoints/strict_grad_norm_uncapped_adam40k_5090/best.pt
Saved PyTorch checkpoint to results/checkpoints/strict_grad_norm_uncapped_adam40k_5090/best.pt
Saved PyTorch checkpoint to results/checkpoints/strict_grad_norm_uncapped_adam40k_5090/best.pt
Saved PyTorch checkpoint to results/checkpoints/strict_grad_norm_uncapped_adam40k_5090/best.pt
Saved PyTorch checkpoint to results/checkpoints/strict_grad_norm_uncapped_adam40k_5090/best.pt
Saved PyTorch checkpoint to results/checkpoints/strict_grad_norm_uncapped_adam40k_5090/best.pt
Saved PyTorch checkpoint to results/checkpoints/strict_grad_norm_uncapped_adam40k_5090/best.pt
Saved PyTorch checkpoint to results/checkpoints/strict_grad_norm_uncapped_adam40k_5090/best.pt
Saved PyTorch checkpoint to results/checkpoints/strict_grad_norm_uncapped_adam40k_5090/best.pt
Saved PyTorch checkpoint to results/checkpoints/strict_grad_norm_uncapped_adam40k_5090/best.pt
Saved PyTorch checkpoint to results/checkpoints/strict_grad_norm_uncapped_adam40k_5090/best.pt
Saved PyTorch checkpoint to results/checkpoints/strict_grad_norm_uncapped_adam40k_5090/best.pt
Saved PyTorch checkpoint to results/checkpoints/strict_grad_norm_uncapped_adam40k_5090/best.pt
Saved PyTorch checkpoint to results/checkpoints/strict_grad_norm_uncapped_adam40k_5090/best.pt
Saved PyTorch checkpoint to results/checkpoints/strict_grad_norm_uncapped_adam40k_5090/best.pt
Saved PyTorch checkpoint to results/checkpoints/strict_grad_norm_uncapped_adam40k_5090/best.pt
Saved PyTorch checkpoint to results/checkpoints/strict_grad_norm_uncapped_adam40k_5090/best.pt
Saved PyTorch checkpoint to results/checkpoints/strict_grad_norm_uncapped_adam40k_5090/best.pt
Saved PyTorch checkpoint to results/checkpoints/strict_grad_norm_uncapped_adam40k_5090/best.pt
Saved PyTorch checkpoint to results/checkpoints/strict_grad_norm_uncapped_adam40k_5090/best.pt
Saved PyTorch checkpoint to results/checkpoints/strict_grad_norm_uncapped_adam40k_5090/best.pt
Saved PyTorch checkpoint to results/checkpoints/strict_grad_norm_uncapped_adam40k_5090/best.pt
Saved PyTorch checkpoint to results/checkpoints/strict_grad_norm_uncapped_adam40k_5090/best.pt
Saved PyTorch checkpoint to results/checkpoints/strict_grad_norm_uncapped_adam40k_5090/best.pt
Saved PyTorch checkpoint to results/checkpoints/strict_grad_norm_uncapped_adam40k_5090/best.pt
Saved PyTorch checkpoint to results/checkpoints/strict_grad_norm_uncapped_adam40k_5090/best.pt
Saved PyTorch checkpoint to results/checkpoints/strict_grad_norm_uncapped_adam40k_5090/best.pt
Saved PyTorch checkpoint to results/checkpoints/strict_grad_norm_uncapped_adam40k_5090/best.pt
Saved PyTorch checkpoint to results/checkpoints/strict_grad_norm_uncapped_adam40k_5090/best.pt
Saved PyTorch checkpoint to results/checkpoints/strict_grad_norm_uncapped_adam40k_5090/best.pt
Saved PyTorch checkpoint to results/checkpoints/strict_grad_norm_uncapped_adam40k_5090/best.pt
Saved PyTorch checkpoint to results/checkpoints/strict_grad_norm_uncapped_adam40k_5090/best.pt
Saved PyTorch checkpoint to results/checkpoints/strict_grad_norm_uncapped_adam40k_5090/best.pt
Saved PyTorch checkpoint to results/checkpoints/strict_grad_norm_uncapped_adam40k_5090/best.pt
Saved PyTorch checkpoint to results/checkpoints/strict_grad_norm_uncapped_adam40k_5090/best.pt
Saved PyTorch checkpoint to results/checkpoints/strict_grad_norm_uncapped_adam40k_5090/best.pt
Saved PyTorch checkpoint to results/checkpoints/strict_grad_norm_uncapped_adam40k_5090/best.pt
Saved PyTorch checkpoint to results/checkpoints/strict_grad_norm_uncapped_adam40k_5090/best.pt
Saved PyTorch checkpoint to results/checkpoints/strict_grad_norm_uncapped_adam40k_5090/best.pt
Adam 9900 | total=2.376e-02 f=2.096e-04 ic=8.812e-07 wall=5.870e-05 inlet=1.887e-01 outlet=4.501e-09 lr=5.000e-04 | λ[f=1.00 ic=608.09 wall=10.28 inlet=0.12 outlet=67066.65]
Saved PyTorch checkpoint to results/checkpoints/strict_grad_norm_uncapped_adam40k_5090/best.pt
Saved PyTorch checkpoint to results/checkpoints/strict_grad_norm_uncapped_adam40k_5090/best.pt
Saved PyTorch checkpoint to results/checkpoints/strict_grad_norm_uncapped_adam40k_5090/best.pt
Saved PyTorch checkpoint to results/checkpoints/strict_grad_norm_uncapped_adam40k_5090/best.pt
Saved PyTorch checkpoint to results/checkpoints/strict_grad_norm_uncapped_adam40k_5090/best.pt
Saved PyTorch checkpoint to results/checkpoints/strict_grad_norm_uncapped_adam40k_5090/best.pt
Saved PyTorch checkpoint to results/checkpoints/strict_grad_norm_uncapped_adam40k_5090/best.pt
Saved PyTorch checkpoint to results/checkpoints/strict_grad_norm_uncapped_adam40k_5090/best.pt
Saved PyTorch checkpoint to results/checkpoints/strict_grad_norm_uncapped_adam40k_5090/best.pt
Saved PyTorch checkpoint to results/checkpoints/strict_grad_norm_uncapped_adam40k_5090/best.pt
Saved PyTorch checkpoint to results/checkpoints/strict_grad_norm_uncapped_adam40k_5090/best.pt
Saved PyTorch checkpoint to results/checkpoints/strict_grad_norm_uncapped_adam40k_5090/best.pt
Saved PyTorch checkpoint to results/checkpoints/strict_grad_norm_uncapped_adam40k_5090/best.pt
Saved PyTorch checkpoint to results/checkpoints/strict_grad_norm_uncapped_adam40k_5090/best.pt
Saved PyTorch checkpoint to results/checkpoints/strict_grad_norm_uncapped_adam40k_5090/best.pt
Saved PyTorch checkpoint to results/checkpoints/strict_grad_norm_uncapped_adam40k_5090/best.pt
Saved PyTorch checkpoint to results/checkpoints/strict_grad_norm_uncapped_adam40k_5090/best.pt
Saved PyTorch checkpoint to results/checkpoints/strict_grad_norm_uncapped_adam40k_5090/best.pt
Saved PyTorch checkpoint to results/checkpoints/strict_grad_norm_uncapped_adam40k_5090/best.pt
Saved PyTorch checkpoint to results/checkpoints/strict_grad_norm_uncapped_adam40k_5090/best.pt
Saved PyTorch checkpoint to results/checkpoints/strict_grad_norm_uncapped_adam40k_5090/best.pt
Saved PyTorch checkpoint to results/checkpoints/strict_grad_norm_uncapped_adam40k_5090/best.pt
Saved PyTorch checkpoint to results/checkpoints/strict_grad_norm_uncapped_adam40k_5090/best.pt
Saved PyTorch checkpoint to results/checkpoints/strict_grad_norm_uncapped_adam40k_5090/best.pt
Saved PyTorch checkpoint to results/checkpoints/strict_grad_norm_uncapped_adam40k_5090/best.pt
Saved PyTorch checkpoint to results/checkpoints/strict_grad_norm_uncapped_adam40k_5090/best.pt
Saved PyTorch checkpoint to results/checkpoints/strict_grad_norm_uncapped_adam40k_5090/best.pt
Saved PyTorch checkpoint to results/checkpoints/strict_grad_norm_uncapped_adam40k_5090/best.pt
Saved PyTorch checkpoint to results/checkpoints/strict_grad_norm_uncapped_adam40k_5090/best.pt
Saved PyTorch checkpoint to results/checkpoints/strict_grad_norm_uncapped_adam40k_5090/best.pt
Saved PyTorch checkpoint to results/checkpoints/strict_grad_norm_uncapped_adam40k_5090/best.pt
Saved PyTorch checkpoint to results/checkpoints/strict_grad_norm_uncapped_adam40k_5090/best.pt
Saved PyTorch checkpoint to results/checkpoints/strict_grad_norm_uncapped_adam40k_5090/best.pt
Saved PyTorch checkpoint to results/checkpoints/strict_grad_norm_uncapped_adam40k_5090/best.pt
Saved PyTorch checkpoint to results/checkpoints/strict_grad_norm_uncapped_adam40k_5090/best.pt
Saved PyTorch checkpoint to results/checkpoints/strict_grad_norm_uncapped_adam40k_5090/best.pt
Saved PyTorch checkpoint to results/checkpoints/strict_grad_norm_uncapped_adam40k_5090/best.pt
Saved PyTorch checkpoint to results/checkpoints/strict_grad_norm_uncapped_adam40k_5090/best.pt
Saved PyTorch checkpoint to results/checkpoints/strict_grad_norm_uncapped_adam40k_5090/best.pt
Saved PyTorch checkpoint to results/checkpoints/strict_grad_norm_uncapped_adam40k_5090/best.pt
Saved PyTorch checkpoint to results/checkpoints/strict_grad_norm_uncapped_adam40k_5090/best.pt
Saved PyTorch checkpoint to results/checkpoints/strict_grad_norm_uncapped_adam40k_5090/best.pt
Saved PyTorch checkpoint to results/checkpoints/strict_grad_norm_uncapped_adam40k_5090/best.pt
Saved PyTorch checkpoint to results/checkpoints/strict_grad_norm_uncapped_adam40k_5090/best.pt
Saved PyTorch checkpoint to results/checkpoints/strict_grad_norm_uncapped_adam40k_5090/best.pt
Saved PyTorch checkpoint to results/checkpoints/strict_grad_norm_uncapped_adam40k_5090/best.pt
Saved PyTorch checkpoint to results/checkpoints/strict_grad_norm_uncapped_adam40k_5090/best.pt
Saved PyTorch checkpoint to results/checkpoints/strict_grad_norm_uncapped_adam40k_5090/best.pt
Saved PyTorch checkpoint to results/checkpoints/strict_grad_norm_uncapped_adam40k_5090/best.pt
Saved PyTorch checkpoint to results/checkpoints/strict_grad_norm_uncapped_adam40k_5090/best.pt
Saved PyTorch checkpoint to results/checkpoints/strict_grad_norm_uncapped_adam40k_5090/best.pt
Saved PyTorch checkpoint to results/checkpoints/strict_grad_norm_uncapped_adam40k_5090/best.pt
Saved PyTorch checkpoint to results/checkpoints/strict_grad_norm_uncapped_adam40k_5090/best.pt
Saved PyTorch checkpoint to results/checkpoints/strict_grad_norm_uncapped_adam40k_5090/best.pt
Saved PyTorch checkpoint to results/checkpoints/strict_grad_norm_uncapped_adam40k_5090/best.pt
Saved PyTorch checkpoint to results/checkpoints/strict_grad_norm_uncapped_adam40k_5090/best.pt
Saved PyTorch checkpoint to results/checkpoints/strict_grad_norm_uncapped_adam40k_5090/best.pt
Saved PyTorch checkpoint to results/checkpoints/strict_grad_norm_uncapped_adam40k_5090/best.pt
Saved PyTorch checkpoint to results/checkpoints/strict_grad_norm_uncapped_adam40k_5090/best.pt
Saved PyTorch checkpoint to results/checkpoints/strict_grad_norm_uncapped_adam40k_5090/best.pt
Saved PyTorch checkpoint to results/checkpoints/strict_grad_norm_uncapped_adam40k_5090/best.pt
Saved PyTorch checkpoint to results/checkpoints/strict_grad_norm_uncapped_adam40k_5090/best.pt
Saved PyTorch checkpoint to results/checkpoints/strict_grad_norm_uncapped_adam40k_5090/best.pt
Saved PyTorch checkpoint to results/checkpoints/strict_grad_norm_uncapped_adam40k_5090/best.pt
Saved PyTorch checkpoint to results/checkpoints/strict_grad_norm_uncapped_adam40k_5090/best.pt
Saved PyTorch checkpoint to results/checkpoints/strict_grad_norm_uncapped_adam40k_5090/best.pt
Saved PyTorch checkpoint to results/checkpoints/strict_grad_norm_uncapped_adam40k_5090/best.pt
Saved PyTorch checkpoint to results/checkpoints/strict_grad_norm_uncapped_adam40k_5090/best.pt
Saved PyTorch checkpoint to results/checkpoints/strict_grad_norm_uncapped_adam40k_5090/best.pt
Saved PyTorch checkpoint to results/checkpoints/strict_grad_norm_uncapped_adam40k_5090/best.pt
Saved PyTorch checkpoint to results/checkpoints/strict_grad_norm_uncapped_adam40k_5090/best.pt
Saved PyTorch checkpoint to results/checkpoints/strict_grad_norm_uncapped_adam40k_5090/best.pt
Saved PyTorch checkpoint to results/checkpoints/strict_grad_norm_uncapped_adam40k_5090/best.pt
Saved PyTorch checkpoint to results/checkpoints/strict_grad_norm_uncapped_adam40k_5090/best.pt
Saved PyTorch checkpoint to results/checkpoints/strict_grad_norm_uncapped_adam40k_5090/best.pt
Saved PyTorch checkpoint to results/checkpoints/strict_grad_norm_uncapped_adam40k_5090/best.pt
Saved PyTorch checkpoint to results/checkpoints/strict_grad_norm_uncapped_adam40k_5090/best.pt
Saved PyTorch checkpoint to results/checkpoints/strict_grad_norm_uncapped_adam40k_5090/best.pt
Saved PyTorch checkpoint to results/checkpoints/strict_grad_norm_uncapped_adam40k_5090/best.pt
Saved PyTorch checkpoint to results/checkpoints/strict_grad_norm_uncapped_adam40k_5090/best.pt
Saved PyTorch checkpoint to results/checkpoints/strict_grad_norm_uncapped_adam40k_5090/best.pt
Saved PyTorch checkpoint to results/checkpoints/strict_grad_norm_uncapped_adam40k_5090/best.pt
Saved PyTorch checkpoint to results/checkpoints/strict_grad_norm_uncapped_adam40k_5090/best.pt
Saved PyTorch checkpoint to results/checkpoints/strict_grad_norm_uncapped_adam40k_5090/best.pt
Saved PyTorch checkpoint to results/checkpoints/strict_grad_norm_uncapped_adam40k_5090/best.pt
Saved PyTorch checkpoint to results/checkpoints/strict_grad_norm_uncapped_adam40k_5090/best.pt
Saved PyTorch checkpoint to results/checkpoints/strict_grad_norm_uncapped_adam40k_5090/best.pt
Saved PyTorch checkpoint to results/checkpoints/strict_grad_norm_uncapped_adam40k_5090/best.pt
Saved PyTorch checkpoint to results/checkpoints/strict_grad_norm_uncapped_adam40k_5090/best.pt
Saved PyTorch checkpoint to results/checkpoints/strict_grad_norm_uncapped_adam40k_5090/best.pt
Adam 10000 | total=2.322e-02 f=2.029e-04 ic=8.414e-07 wall=5.705e-05 inlet=1.889e-01 outlet=5.582e-09 lr=5.000e-04 | λ[f=1.00 ic=728.11 wall=10.28 inlet=0.12 outlet=12526.67]
Saved PyTorch checkpoint to results/checkpoints/strict_grad_norm_uncapped_adam40k_5090/best.pt
Saved PyTorch checkpoint to results/checkpoints/strict_grad_norm_uncapped_adam40k_5090/snapshot_iter10000.pt
[snapshot] iter 10000 → results/checkpoints/strict_grad_norm_uncapped_adam40k_5090/snapshot_iter10000.pt
Saved PyTorch checkpoint to results/checkpoints/strict_grad_norm_uncapped_adam40k_5090/best.pt
Saved PyTorch checkpoint to results/checkpoints/strict_grad_norm_uncapped_adam40k_5090/best.pt
Saved PyTorch checkpoint to results/checkpoints/strict_grad_norm_uncapped_adam40k_5090/best.pt
Saved PyTorch checkpoint to results/checkpoints/strict_grad_norm_uncapped_adam40k_5090/best.pt
Adam 10100 | total=2.507e-02 f=1.949e-04 ic=7.626e-07 wall=5.488e-05 inlet=1.890e-01 outlet=5.620e-09 lr=5.000e-04 | λ[f=1.00 ic=835.94 wall=11.29 inlet=0.12 outlet=5966.90]
Adam 10200 | total=2.563e-02 f=1.867e-04 ic=7.044e-07 wall=5.243e-05 inlet=1.892e-01 outlet=5.479e-09 lr=5.000e-04 | λ[f=1.00 ic=935.64 wall=11.85 inlet=0.13 outlet=8027.34]
Adam 10300 | total=2.590e-02 f=1.786e-04 ic=6.496e-07 wall=4.992e-05 inlet=1.894e-01 outlet=5.457e-09 lr=5.000e-04 | λ[f=1.00 ic=1026.51 wall=12.33 inlet=0.13 outlet=11972.75]
Adam 10400 | total=2.577e-02 f=1.708e-04 ic=6.005e-07 wall=4.738e-05 inlet=1.896e-01 outlet=5.507e-09 lr=5.000e-04 | λ[f=1.00 ic=1116.18 wall=12.69 inlet=0.13 outlet=17811.61]
Adam 10500 | total=2.534e-02 f=1.634e-04 ic=5.562e-07 wall=4.483e-05 inlet=1.898e-01 outlet=5.552e-09 lr=5.000e-04 | λ[f=1.00 ic=1226.30 wall=12.96 inlet=0.13 outlet=22644.26]
Adam 10600 | total=2.478e-02 f=1.562e-04 ic=5.169e-07 wall=4.230e-05 inlet=1.901e-01 outlet=5.457e-09 lr=5.000e-04 | λ[f=1.00 ic=1355.79 wall=13.19 inlet=0.12 outlet=28134.61]
Adam 10700 | total=2.331e-02 f=1.495e-04 ic=4.988e-07 wall=3.982e-05 inlet=1.903e-01 outlet=4.545e-09 lr=5.000e-04 | λ[f=1.00 ic=1310.29 wall=12.94 inlet=0.11 outlet=80134.96]
Saved PyTorch checkpoint to results/checkpoints/strict_grad_norm_uncapped_adam40k_5090/best.pt
Saved PyTorch checkpoint to results/checkpoints/strict_grad_norm_uncapped_adam40k_5090/best.pt
Saved PyTorch checkpoint to results/checkpoints/strict_grad_norm_uncapped_adam40k_5090/best.pt
Saved PyTorch checkpoint to results/checkpoints/strict_grad_norm_uncapped_adam40k_5090/best.pt
Saved PyTorch checkpoint to results/checkpoints/strict_grad_norm_uncapped_adam40k_5090/best.pt
Saved PyTorch checkpoint to results/checkpoints/strict_grad_norm_uncapped_adam40k_5090/best.pt
Saved PyTorch checkpoint to results/checkpoints/strict_grad_norm_uncapped_adam40k_5090/best.pt
Adam 10800 | total=3.160e-02 f=1.477e-04 ic=4.027e-06 wall=5.118e-05 inlet=1.893e-01 outlet=5.118e-09 lr=5.000e-04 | λ[f=1.00 ic=162.14 wall=11.38 inlet=0.16 outlet=19785.13]
Adam 10900 | total=2.704e-02 f=1.398e-04 ic=1.442e-06 wall=3.128e-05 inlet=1.914e-01 outlet=4.123e-09 lr=5.000e-04 | λ[f=1.00 ic=54.91 wall=29.95 inlet=0.13 outlet=21871.85]
Adam 11000 | total=9.843e-01 f=1.420e-03 ic=5.758e-04 wall=1.406e-04 inlet=1.874e-01 outlet=3.521e-07 lr=5.000e-04 | λ[f=1.00 ic=89.19 wall=150.05 inlet=4.81 outlet=26458.61]
Adam 11100 | total=1.547e-01 f=2.752e-04 ic=9.761e-05 wall=1.012e-05 inlet=1.954e-01 outlet=9.560e-08 lr=5.000e-04 | λ[f=1.00 ic=48.28 wall=711.25 inlet=0.69 outlet=80863.89]
Adam 11200 | total=1.284e-01 f=2.515e-04 ic=3.477e-05 wall=3.831e-06 inlet=1.965e-01 outlet=3.302e-08 lr=5.000e-04 | λ[f=1.00 ic=70.09 wall=1145.79 inlet=0.59 outlet=185998.28]
Adam 11300 | total=1.262e-01 f=2.204e-04 ic=9.307e-06 wall=1.828e-06 inlet=1.971e-01 outlet=3.183e-08 lr=5.000e-04 | λ[f=1.00 ic=131.69 wall=2284.89 inlet=0.60 outlet=87598.27]
Adam 11400 | total=6.303e-01 f=4.170e-04 ic=2.581e-05 wall=6.671e-06 inlet=1.955e-01 outlet=4.399e-05 lr=5.000e-04 | λ[f=1.00 ic=414.92 wall=537.51 inlet=3.02 outlet=573.97]
Adam 11500 | total=2.059e-01 f=2.392e-04 ic=8.089e-07 wall=4.182e-06 inlet=1.959e-01 outlet=4.000e-07 lr=5.000e-04 | λ[f=1.00 ic=3205.15 wall=272.39 inlet=1.02 outlet=6070.21]
Adam 11600 | total=2.297e-01 f=2.017e-04 ic=1.827e-07 wall=4.644e-06 inlet=1.959e-01 outlet=5.570e-08 lr=5.000e-04 | λ[f=1.00 ic=10936.38 wall=230.95 inlet=1.13 outlet=76887.93]
Adam 11700 | total=3.151e+00 f=4.864e-03 ic=2.233e-03 wall=3.498e-05 inlet=1.909e-01 outlet=4.013e-04 lr=5.000e-04 | λ[f=1.00 ic=170.43 wall=918.34 inlet=10.78 outlet=1684.33]
Adam 11800 | total=1.174e-01 f=3.454e-04 ic=1.194e-04 wall=1.066e-05 inlet=1.932e-01 outlet=2.482e-04 lr=5.000e-04 | λ[f=1.00 ic=79.95 wall=230.05 inlet=0.48 outlet=48.95]
Adam 11900 | total=7.649e-02 f=1.742e-04 ic=8.057e-05 wall=8.618e-06 inlet=1.935e-01 outlet=1.827e-04 lr=5.000e-04 | λ[f=1.00 ic=61.92 wall=134.43 inlet=0.33 outlet=36.78]
Adam 12000 | total=6.590e-02 f=1.201e-04 ic=5.679e-05 wall=8.019e-06 inlet=1.936e-01 outlet=1.402e-04 lr=5.000e-04 | λ[f=1.00 ic=64.51 wall=103.45 inlet=0.29 outlet=35.84]
Adam 12100 | total=6.176e-02 f=9.539e-05 ic=3.867e-05 wall=7.871e-06 inlet=1.936e-01 outlet=1.056e-04 lr=5.000e-04 | λ[f=1.00 ic=75.62 wall=88.09 inlet=0.28 outlet=38.32]
Adam 12200 | total=6.102e-02 f=8.194e-05 ic=2.433e-05 wall=7.972e-06 inlet=1.936e-01 outlet=7.570e-05 lr=5.000e-04 | λ[f=1.00 ic=98.88 wall=79.68 inlet=0.28 outlet=43.96]
Adam 12300 | total=6.220e-02 f=7.403e-05 ic=1.326e-05 wall=8.250e-06 inlet=1.935e-01 outlet=4.976e-05 lr=5.000e-04 | λ[f=1.00 ic=148.05 wall=74.88 inlet=0.29 outlet=53.66]
Adam 12400 | total=6.455e-02 f=6.963e-05 ic=5.683e-06 wall=8.657e-06 inlet=1.934e-01 outlet=2.833e-05 lr=5.000e-04 | λ[f=1.00 ic=279.70 wall=71.74 inlet=0.31 outlet=69.74]
Adam 12500 | total=6.657e-02 f=6.729e-05 ic=1.993e-06 wall=9.072e-06 inlet=1.933e-01 outlet=1.269e-05 lr=5.000e-04 | λ[f=1.00 ic=949.22 wall=67.17 inlet=0.32 outlet=96.45]
Adam 12600 | total=6.242e-02 f=6.245e-05 ic=1.212e-06 wall=8.832e-06 inlet=1.935e-01 outlet=2.877e-06 lr=5.000e-04 | λ[f=1.00 ic=4285.72 wall=53.45 inlet=0.29 outlet=183.53]
Adam 12700 | total=5.518e-02 f=5.547e-05 ic=8.629e-07 wall=7.542e-06 inlet=1.939e-01 outlet=3.973e-07 lr=5.000e-04 | λ[f=1.00 ic=2587.59 wall=53.09 inlet=0.27 outlet=2414.87]
Adam 12800 | total=5.395e-02 f=5.156e-05 ic=7.388e-07 wall=7.161e-06 inlet=1.940e-01 outlet=3.106e-07 lr=5.000e-04 | λ[f=1.00 ic=1328.66 wall=55.44 inlet=0.26 outlet=4159.10]
Adam 12900 | total=5.310e-02 f=4.912e-05 ic=6.643e-07 wall=6.978e-06 inlet=1.940e-01 outlet=2.580e-07 lr=5.000e-04 | λ[f=1.00 ic=1053.52 wall=56.24 inlet=0.26 outlet=5464.23]
Adam 13000 | total=5.217e-02 f=4.712e-05 ic=6.149e-07 wall=6.856e-06 inlet=1.940e-01 outlet=2.210e-07 lr=5.000e-04 | λ[f=1.00 ic=934.96 wall=56.33 inlet=0.26 outlet=6637.08]
Adam 13100 | total=5.113e-02 f=4.532e-05 ic=5.822e-07 wall=6.768e-06 inlet=1.940e-01 outlet=1.944e-07 lr=5.000e-04 | λ[f=1.00 ic=880.49 wall=55.81 inlet=0.25 outlet=7846.52]
Adam 13200 | total=4.997e-02 f=4.362e-05 ic=5.584e-07 wall=6.705e-06 inlet=1.940e-01 outlet=1.738e-07 lr=5.000e-04 | λ[f=1.00 ic=864.73 wall=54.82 inlet=0.24 outlet=9065.49]
Adam 13300 | total=4.869e-02 f=4.201e-05 ic=5.383e-07 wall=6.659e-06 inlet=1.940e-01 outlet=1.561e-07 lr=5.000e-04 | λ[f=1.00 ic=875.42 wall=53.45 inlet=0.24 outlet=10188.60]
Adam 13400 | total=4.730e-02 f=4.046e-05 ic=5.192e-07 wall=6.627e-06 inlet=1.940e-01 outlet=1.397e-07 lr=5.000e-04 | λ[f=1.00 ic=904.52 wall=51.84 inlet=0.23 outlet=11140.53]
Adam 13500 | total=4.590e-02 f=3.900e-05 ic=5.004e-07 wall=6.607e-06 inlet=1.940e-01 outlet=1.242e-07 lr=5.000e-04 | λ[f=1.00 ic=946.63 wall=50.11 inlet=0.22 outlet=12041.27]
Adam 13600 | total=4.455e-02 f=3.762e-05 ic=4.816e-07 wall=6.596e-06 inlet=1.940e-01 outlet=1.095e-07 lr=5.000e-04 | λ[f=1.00 ic=1000.55 wall=48.38 inlet=0.22 outlet=13072.30]
Adam 13700 | total=4.331e-02 f=3.633e-05 ic=4.628e-07 wall=6.595e-06 inlet=1.940e-01 outlet=9.561e-08 lr=5.000e-04 | λ[f=1.00 ic=1069.14 wall=46.72 inlet=0.21 outlet=14409.42]
Adam 13800 | total=4.223e-02 f=3.514e-05 ic=4.435e-07 wall=6.604e-06 inlet=1.940e-01 outlet=8.237e-08 lr=5.000e-04 | λ[f=1.00 ic=1158.66 wall=45.19 inlet=0.21 outlet=16152.84]
Adam 13900 | total=4.135e-02 f=3.404e-05 ic=4.235e-07 wall=6.625e-06 inlet=1.940e-01 outlet=6.969e-08 lr=5.000e-04 | λ[f=1.00 ic=1274.78 wall=43.80 inlet=0.20 outlet=18918.66]
Adam 14000 | total=4.067e-02 f=3.303e-05 ic=4.022e-07 wall=6.657e-06 inlet=1.940e-01 outlet=5.735e-08 lr=5.000e-04 | λ[f=1.00 ic=1432.61 wall=42.58 inlet=0.20 outlet=23030.60]
Adam 14100 | total=4.022e-02 f=3.213e-05 ic=3.791e-07 wall=6.701e-06 inlet=1.940e-01 outlet=4.536e-08 lr=5.000e-04 | λ[f=1.00 ic=1643.03 wall=41.57 inlet=0.20 outlet=29437.94]
Adam 14200 | total=4.262e-02 f=3.135e-05 ic=3.533e-07 wall=6.762e-06 inlet=1.940e-01 outlet=3.349e-08 lr=5.000e-04 | λ[f=1.00 ic=2050.41 wall=43.42 inlet=0.21 outlet=42819.28]
Adam 14300 | total=4.599e-02 f=3.077e-05 ic=3.233e-07 wall=6.842e-06 inlet=1.940e-01 outlet=2.162e-08 lr=5.000e-04 | λ[f=1.00 ic=2607.27 wall=46.10 inlet=0.22 outlet=73907.10]
Adam 14400 | total=4.952e-02 f=3.037e-05 ic=2.890e-07 wall=6.910e-06 inlet=1.940e-01 outlet=1.111e-08 lr=5.000e-04 | λ[f=1.00 ic=3134.26 wall=49.60 inlet=0.24 outlet=115877.73]
Adam 14500 | total=5.449e-02 f=3.035e-05 ic=2.308e-07 wall=7.061e-06 inlet=1.939e-01 outlet=9.229e-09 lr=5.000e-04 | λ[f=1.00 ic=5087.06 wall=53.71 inlet=0.27 outlet=25372.63]
Adam 14600 | total=6.751e+00 f=3.709e-03 ic=5.820e-05 wall=1.746e-05 inlet=1.941e-01 outlet=6.478e-04 lr=5.000e-04 | λ[f=1.00 ic=1602.79 wall=6342.75 inlet=23.36 outlet=3102.39]
Adam 14700 | total=1.138e-01 f=1.020e-04 ic=1.071e-06 wall=1.066e-05 inlet=1.936e-01 outlet=4.579e-07 lr=5.000e-04 | λ[f=1.00 ic=3591.86 wall=80.34 inlet=0.54 outlet=10172.32]
Adam 14800 | total=4.213e-02 f=4.995e-05 ic=5.496e-07 wall=8.705e-06 inlet=1.941e-01 outlet=3.550e-07 lr=5.000e-04 | λ[f=1.00 ic=2157.22 wall=28.13 inlet=0.19 outlet=12768.40]
Adam 14900 | total=3.537e-02 f=4.049e-05 ic=4.089e-07 wall=7.816e-06 inlet=1.944e-01 outlet=2.858e-07 lr=5.000e-04 | λ[f=1.00 ic=2377.98 wall=25.28 inlet=0.16 outlet=12347.96]
Adam 15000 | total=3.154e-02 f=3.521e-05 ic=3.385e-07 wall=7.277e-06 inlet=1.945e-01 outlet=2.361e-07 lr=5.000e-04 | λ[f=1.00 ic=2907.01 wall=23.51 inlet=0.14 outlet=12369.75]
Adam 15100 | total=3.001e-02 f=3.154e-05 ic=2.908e-07 wall=6.928e-06 inlet=1.947e-01 outlet=1.953e-07 lr=5.000e-04 | λ[f=1.00 ic=4062.05 wall=22.84 inlet=0.13 outlet=13308.99]
Adam 15200 | total=3.079e-02 f=2.880e-05 ic=2.461e-07 wall=6.702e-06 inlet=1.948e-01 outlet=1.602e-07 lr=5.000e-04 | λ[f=1.00 ic=6620.39 wall=23.59 inlet=0.14 outlet=14919.87]
Adam 15300 | total=2.788e-02 f=2.679e-05 ic=2.113e-07 wall=6.605e-06 inlet=1.948e-01 outlet=1.293e-07 lr=5.000e-04 | λ[f=1.00 ic=1686.69 wall=22.84 inlet=0.13 outlet=14287.26]
Adam 15400 | total=2.891e-02 f=2.591e-05 ic=1.913e-07 wall=6.612e-06 inlet=1.948e-01 outlet=1.074e-07 lr=5.000e-04 | λ[f=1.00 ic=5437.67 wall=23.51 inlet=0.14 outlet=11920.93]
Adam 15500 | total=2.825e-02 f=2.520e-05 ic=1.674e-07 wall=6.589e-06 inlet=1.949e-01 outlet=9.440e-08 lr=5.000e-04 | λ[f=1.00 ic=4841.73 wall=23.45 inlet=0.14 outlet=10107.81]
Adam 15600 | total=2.910e-02 f=2.466e-05 ic=1.511e-07 wall=6.566e-06 inlet=1.949e-01 outlet=8.393e-08 lr=5.000e-04 | λ[f=1.00 ic=4307.56 wall=24.56 inlet=0.14 outlet=9583.35]
Adam 15700 | total=2.893e-02 f=2.417e-05 ic=1.401e-07 wall=6.546e-06 inlet=1.949e-01 outlet=7.466e-08 lr=5.000e-04 | λ[f=1.00 ic=3606.40 wall=24.75 inlet=0.14 outlet=9216.10]
Adam 15800 | total=2.789e-02 f=2.369e-05 ic=1.335e-07 wall=6.531e-06 inlet=1.949e-01 outlet=6.626e-08 lr=5.000e-04 | λ[f=1.00 ic=2903.24 wall=24.15 inlet=0.14 outlet=9038.21]
Adam 15900 | total=2.631e-02 f=2.323e-05 ic=1.300e-07 wall=6.526e-06 inlet=1.949e-01 outlet=5.862e-08 lr=5.000e-04 | λ[f=1.00 ic=2300.10 wall=22.99 inlet=0.13 outlet=9024.39]
Adam 16000 | total=2.516e-02 f=2.283e-05 ic=1.291e-07 wall=6.529e-06 inlet=1.948e-01 outlet=5.155e-08 lr=5.000e-04 | λ[f=1.00 ic=1858.39 wall=22.15 inlet=0.12 outlet=9550.02]
Adam 16100 | total=2.412e-02 f=2.250e-05 ic=1.300e-07 wall=6.543e-06 inlet=1.948e-01 outlet=4.485e-08 lr=5.000e-04 | λ[f=1.00 ic=1539.15 wall=21.36 inlet=0.12 outlet=10317.50]
Adam 16200 | total=2.294e-02 f=2.225e-05 ic=1.320e-07 wall=6.565e-06 inlet=1.948e-01 outlet=3.865e-08 lr=5.000e-04 | λ[f=1.00 ic=1294.64 wall=20.40 inlet=0.11 outlet=11168.86]
Adam 16300 | total=2.172e-02 f=2.207e-05 ic=1.344e-07 wall=6.594e-06 inlet=1.948e-01 outlet=3.303e-08 lr=5.000e-04 | λ[f=1.00 ic=1109.74 wall=19.36 inlet=0.11 outlet=12076.17]
Adam 16400 | total=2.052e-02 f=2.194e-05 ic=1.369e-07 wall=6.627e-06 inlet=1.948e-01 outlet=2.806e-08 lr=5.000e-04 | λ[f=1.00 ic=970.29 wall=18.32 inlet=0.10 outlet=12965.19]
Adam 16500 | total=1.940e-02 f=2.185e-05 ic=1.392e-07 wall=6.663e-06 inlet=1.948e-01 outlet=2.373e-08 lr=5.000e-04 | λ[f=1.00 ic=863.78 wall=17.34 inlet=0.10 outlet=13962.88]
Adam 16600 | total=1.839e-02 f=2.177e-05 ic=1.411e-07 wall=6.700e-06 inlet=1.948e-01 outlet=1.999e-08 lr=5.000e-04 | λ[f=1.00 ic=782.19 wall=16.44 inlet=0.09 outlet=15044.48]
Adam 16700 | total=1.750e-02 f=2.171e-05 ic=1.424e-07 wall=6.738e-06 inlet=1.948e-01 outlet=1.679e-08 lr=5.000e-04 | λ[f=1.00 ic=720.82 wall=15.64 inlet=0.09 outlet=16198.31]
Saved PyTorch checkpoint to results/checkpoints/strict_grad_norm_uncapped_adam40k_5090/best.pt
Saved PyTorch checkpoint to results/checkpoints/strict_grad_norm_uncapped_adam40k_5090/best.pt
Saved PyTorch checkpoint to results/checkpoints/strict_grad_norm_uncapped_adam40k_5090/best.pt
Saved PyTorch checkpoint to results/checkpoints/strict_grad_norm_uncapped_adam40k_5090/best.pt
Saved PyTorch checkpoint to results/checkpoints/strict_grad_norm_uncapped_adam40k_5090/best.pt
Saved PyTorch checkpoint to results/checkpoints/strict_grad_norm_uncapped_adam40k_5090/best.pt
Saved PyTorch checkpoint to results/checkpoints/strict_grad_norm_uncapped_adam40k_5090/best.pt
Saved PyTorch checkpoint to results/checkpoints/strict_grad_norm_uncapped_adam40k_5090/best.pt
Saved PyTorch checkpoint to results/checkpoints/strict_grad_norm_uncapped_adam40k_5090/best.pt
Saved PyTorch checkpoint to results/checkpoints/strict_grad_norm_uncapped_adam40k_5090/best.pt
Saved PyTorch checkpoint to results/checkpoints/strict_grad_norm_uncapped_adam40k_5090/best.pt
Saved PyTorch checkpoint to results/checkpoints/strict_grad_norm_uncapped_adam40k_5090/best.pt
Saved PyTorch checkpoint to results/checkpoints/strict_grad_norm_uncapped_adam40k_5090/best.pt
Saved PyTorch checkpoint to results/checkpoints/strict_grad_norm_uncapped_adam40k_5090/best.pt
Saved PyTorch checkpoint to results/checkpoints/strict_grad_norm_uncapped_adam40k_5090/best.pt
Saved PyTorch checkpoint to results/checkpoints/strict_grad_norm_uncapped_adam40k_5090/best.pt
Saved PyTorch checkpoint to results/checkpoints/strict_grad_norm_uncapped_adam40k_5090/best.pt
Saved PyTorch checkpoint to results/checkpoints/strict_grad_norm_uncapped_adam40k_5090/best.pt
Saved PyTorch checkpoint to results/checkpoints/strict_grad_norm_uncapped_adam40k_5090/best.pt
Saved PyTorch checkpoint to results/checkpoints/strict_grad_norm_uncapped_adam40k_5090/best.pt
Saved PyTorch checkpoint to results/checkpoints/strict_grad_norm_uncapped_adam40k_5090/best.pt
Saved PyTorch checkpoint to results/checkpoints/strict_grad_norm_uncapped_adam40k_5090/best.pt
Saved PyTorch checkpoint to results/checkpoints/strict_grad_norm_uncapped_adam40k_5090/best.pt
Saved PyTorch checkpoint to results/checkpoints/strict_grad_norm_uncapped_adam40k_5090/best.pt
Saved PyTorch checkpoint to results/checkpoints/strict_grad_norm_uncapped_adam40k_5090/best.pt
Saved PyTorch checkpoint to results/checkpoints/strict_grad_norm_uncapped_adam40k_5090/best.pt
Saved PyTorch checkpoint to results/checkpoints/strict_grad_norm_uncapped_adam40k_5090/best.pt
Saved PyTorch checkpoint to results/checkpoints/strict_grad_norm_uncapped_adam40k_5090/best.pt
Saved PyTorch checkpoint to results/checkpoints/strict_grad_norm_uncapped_adam40k_5090/best.pt
Saved PyTorch checkpoint to results/checkpoints/strict_grad_norm_uncapped_adam40k_5090/best.pt
Saved PyTorch checkpoint to results/checkpoints/strict_grad_norm_uncapped_adam40k_5090/best.pt
Saved PyTorch checkpoint to results/checkpoints/strict_grad_norm_uncapped_adam40k_5090/best.pt
Saved PyTorch checkpoint to results/checkpoints/strict_grad_norm_uncapped_adam40k_5090/best.pt
Saved PyTorch checkpoint to results/checkpoints/strict_grad_norm_uncapped_adam40k_5090/best.pt
Saved PyTorch checkpoint to results/checkpoints/strict_grad_norm_uncapped_adam40k_5090/best.pt
Saved PyTorch checkpoint to results/checkpoints/strict_grad_norm_uncapped_adam40k_5090/best.pt
Saved PyTorch checkpoint to results/checkpoints/strict_grad_norm_uncapped_adam40k_5090/best.pt
Saved PyTorch checkpoint to results/checkpoints/strict_grad_norm_uncapped_adam40k_5090/best.pt
Saved PyTorch checkpoint to results/checkpoints/strict_grad_norm_uncapped_adam40k_5090/best.pt
Saved PyTorch checkpoint to results/checkpoints/strict_grad_norm_uncapped_adam40k_5090/best.pt
Saved PyTorch checkpoint to results/checkpoints/strict_grad_norm_uncapped_adam40k_5090/best.pt
Saved PyTorch checkpoint to results/checkpoints/strict_grad_norm_uncapped_adam40k_5090/best.pt
Saved PyTorch checkpoint to results/checkpoints/strict_grad_norm_uncapped_adam40k_5090/best.pt
Saved PyTorch checkpoint to results/checkpoints/strict_grad_norm_uncapped_adam40k_5090/best.pt
Saved PyTorch checkpoint to results/checkpoints/strict_grad_norm_uncapped_adam40k_5090/best.pt
Saved PyTorch checkpoint to results/checkpoints/strict_grad_norm_uncapped_adam40k_5090/best.pt
Saved PyTorch checkpoint to results/checkpoints/strict_grad_norm_uncapped_adam40k_5090/best.pt
Saved PyTorch checkpoint to results/checkpoints/strict_grad_norm_uncapped_adam40k_5090/best.pt
Saved PyTorch checkpoint to results/checkpoints/strict_grad_norm_uncapped_adam40k_5090/best.pt
Saved PyTorch checkpoint to results/checkpoints/strict_grad_norm_uncapped_adam40k_5090/best.pt
Saved PyTorch checkpoint to results/checkpoints/strict_grad_norm_uncapped_adam40k_5090/best.pt
Saved PyTorch checkpoint to results/checkpoints/strict_grad_norm_uncapped_adam40k_5090/best.pt
Saved PyTorch checkpoint to results/checkpoints/strict_grad_norm_uncapped_adam40k_5090/best.pt
Saved PyTorch checkpoint to results/checkpoints/strict_grad_norm_uncapped_adam40k_5090/best.pt
Saved PyTorch checkpoint to results/checkpoints/strict_grad_norm_uncapped_adam40k_5090/best.pt
Saved PyTorch checkpoint to results/checkpoints/strict_grad_norm_uncapped_adam40k_5090/best.pt
Saved PyTorch checkpoint to results/checkpoints/strict_grad_norm_uncapped_adam40k_5090/best.pt
Saved PyTorch checkpoint to results/checkpoints/strict_grad_norm_uncapped_adam40k_5090/best.pt
Saved PyTorch checkpoint to results/checkpoints/strict_grad_norm_uncapped_adam40k_5090/best.pt
Saved PyTorch checkpoint to results/checkpoints/strict_grad_norm_uncapped_adam40k_5090/best.pt
Saved PyTorch checkpoint to results/checkpoints/strict_grad_norm_uncapped_adam40k_5090/best.pt
Saved PyTorch checkpoint to results/checkpoints/strict_grad_norm_uncapped_adam40k_5090/best.pt
Saved PyTorch checkpoint to results/checkpoints/strict_grad_norm_uncapped_adam40k_5090/best.pt
Saved PyTorch checkpoint to results/checkpoints/strict_grad_norm_uncapped_adam40k_5090/best.pt
Saved PyTorch checkpoint to results/checkpoints/strict_grad_norm_uncapped_adam40k_5090/best.pt
Saved PyTorch checkpoint to results/checkpoints/strict_grad_norm_uncapped_adam40k_5090/best.pt
Saved PyTorch checkpoint to results/checkpoints/strict_grad_norm_uncapped_adam40k_5090/best.pt
Saved PyTorch checkpoint to results/checkpoints/strict_grad_norm_uncapped_adam40k_5090/best.pt
Saved PyTorch checkpoint to results/checkpoints/strict_grad_norm_uncapped_adam40k_5090/best.pt
Saved PyTorch checkpoint to results/checkpoints/strict_grad_norm_uncapped_adam40k_5090/best.pt
Saved PyTorch checkpoint to results/checkpoints/strict_grad_norm_uncapped_adam40k_5090/best.pt
Saved PyTorch checkpoint to results/checkpoints/strict_grad_norm_uncapped_adam40k_5090/best.pt
Saved PyTorch checkpoint to results/checkpoints/strict_grad_norm_uncapped_adam40k_5090/best.pt
Saved PyTorch checkpoint to results/checkpoints/strict_grad_norm_uncapped_adam40k_5090/best.pt
Saved PyTorch checkpoint to results/checkpoints/strict_grad_norm_uncapped_adam40k_5090/best.pt
Saved PyTorch checkpoint to results/checkpoints/strict_grad_norm_uncapped_adam40k_5090/best.pt
Saved PyTorch checkpoint to results/checkpoints/strict_grad_norm_uncapped_adam40k_5090/best.pt
Saved PyTorch checkpoint to results/checkpoints/strict_grad_norm_uncapped_adam40k_5090/best.pt
Saved PyTorch checkpoint to results/checkpoints/strict_grad_norm_uncapped_adam40k_5090/best.pt
Saved PyTorch checkpoint to results/checkpoints/strict_grad_norm_uncapped_adam40k_5090/best.pt
Saved PyTorch checkpoint to results/checkpoints/strict_grad_norm_uncapped_adam40k_5090/best.pt
Saved PyTorch checkpoint to results/checkpoints/strict_grad_norm_uncapped_adam40k_5090/best.pt
Saved PyTorch checkpoint to results/checkpoints/strict_grad_norm_uncapped_adam40k_5090/best.pt
Saved PyTorch checkpoint to results/checkpoints/strict_grad_norm_uncapped_adam40k_5090/best.pt
Saved PyTorch checkpoint to results/checkpoints/strict_grad_norm_uncapped_adam40k_5090/best.pt
Saved PyTorch checkpoint to results/checkpoints/strict_grad_norm_uncapped_adam40k_5090/best.pt
Saved PyTorch checkpoint to results/checkpoints/strict_grad_norm_uncapped_adam40k_5090/best.pt
Saved PyTorch checkpoint to results/checkpoints/strict_grad_norm_uncapped_adam40k_5090/best.pt
Saved PyTorch checkpoint to results/checkpoints/strict_grad_norm_uncapped_adam40k_5090/best.pt
Saved PyTorch checkpoint to results/checkpoints/strict_grad_norm_uncapped_adam40k_5090/best.pt
Saved PyTorch checkpoint to results/checkpoints/strict_grad_norm_uncapped_adam40k_5090/best.pt
Saved PyTorch checkpoint to results/checkpoints/strict_grad_norm_uncapped_adam40k_5090/best.pt
Saved PyTorch checkpoint to results/checkpoints/strict_grad_norm_uncapped_adam40k_5090/best.pt
Saved PyTorch checkpoint to results/checkpoints/strict_grad_norm_uncapped_adam40k_5090/best.pt
Saved PyTorch checkpoint to results/checkpoints/strict_grad_norm_uncapped_adam40k_5090/best.pt
Saved PyTorch checkpoint to results/checkpoints/strict_grad_norm_uncapped_adam40k_5090/best.pt
Saved PyTorch checkpoint to results/checkpoints/strict_grad_norm_uncapped_adam40k_5090/best.pt
Saved PyTorch checkpoint to results/checkpoints/strict_grad_norm_uncapped_adam40k_5090/best.pt
Saved PyTorch checkpoint to results/checkpoints/strict_grad_norm_uncapped_adam40k_5090/best.pt
Saved PyTorch checkpoint to results/checkpoints/strict_grad_norm_uncapped_adam40k_5090/best.pt
Adam 16800 | total=1.674e-02 f=2.166e-05 ic=1.428e-07 wall=6.775e-06 inlet=1.947e-01 outlet=1.407e-08 lr=5.000e-04 | λ[f=1.00 ic=675.41 wall=14.95 inlet=0.08 outlet=17397.38]
Saved PyTorch checkpoint to results/checkpoints/strict_grad_norm_uncapped_adam40k_5090/best.pt
Saved PyTorch checkpoint to results/checkpoints/strict_grad_norm_uncapped_adam40k_5090/best.pt
Saved PyTorch checkpoint to results/checkpoints/strict_grad_norm_uncapped_adam40k_5090/best.pt
Saved PyTorch checkpoint to results/checkpoints/strict_grad_norm_uncapped_adam40k_5090/best.pt
Saved PyTorch checkpoint to results/checkpoints/strict_grad_norm_uncapped_adam40k_5090/best.pt
Saved PyTorch checkpoint to results/checkpoints/strict_grad_norm_uncapped_adam40k_5090/best.pt
Saved PyTorch checkpoint to results/checkpoints/strict_grad_norm_uncapped_adam40k_5090/best.pt
Saved PyTorch checkpoint to results/checkpoints/strict_grad_norm_uncapped_adam40k_5090/best.pt
Saved PyTorch checkpoint to results/checkpoints/strict_grad_norm_uncapped_adam40k_5090/best.pt
Saved PyTorch checkpoint to results/checkpoints/strict_grad_norm_uncapped_adam40k_5090/best.pt
Saved PyTorch checkpoint to results/checkpoints/strict_grad_norm_uncapped_adam40k_5090/best.pt
Saved PyTorch checkpoint to results/checkpoints/strict_grad_norm_uncapped_adam40k_5090/best.pt
Saved PyTorch checkpoint to results/checkpoints/strict_grad_norm_uncapped_adam40k_5090/best.pt
Saved PyTorch checkpoint to results/checkpoints/strict_grad_norm_uncapped_adam40k_5090/best.pt
Saved PyTorch checkpoint to results/checkpoints/strict_grad_norm_uncapped_adam40k_5090/best.pt
Saved PyTorch checkpoint to results/checkpoints/strict_grad_norm_uncapped_adam40k_5090/best.pt
Saved PyTorch checkpoint to results/checkpoints/strict_grad_norm_uncapped_adam40k_5090/best.pt
Saved PyTorch checkpoint to results/checkpoints/strict_grad_norm_uncapped_adam40k_5090/best.pt
Saved PyTorch checkpoint to results/checkpoints/strict_grad_norm_uncapped_adam40k_5090/best.pt
Saved PyTorch checkpoint to results/checkpoints/strict_grad_norm_uncapped_adam40k_5090/best.pt
Saved PyTorch checkpoint to results/checkpoints/strict_grad_norm_uncapped_adam40k_5090/best.pt
Saved PyTorch checkpoint to results/checkpoints/strict_grad_norm_uncapped_adam40k_5090/best.pt
Saved PyTorch checkpoint to results/checkpoints/strict_grad_norm_uncapped_adam40k_5090/best.pt
Saved PyTorch checkpoint to results/checkpoints/strict_grad_norm_uncapped_adam40k_5090/best.pt
Saved PyTorch checkpoint to results/checkpoints/strict_grad_norm_uncapped_adam40k_5090/best.pt
Saved PyTorch checkpoint to results/checkpoints/strict_grad_norm_uncapped_adam40k_5090/best.pt
Saved PyTorch checkpoint to results/checkpoints/strict_grad_norm_uncapped_adam40k_5090/best.pt
Saved PyTorch checkpoint to results/checkpoints/strict_grad_norm_uncapped_adam40k_5090/best.pt
Saved PyTorch checkpoint to results/checkpoints/strict_grad_norm_uncapped_adam40k_5090/best.pt
Saved PyTorch checkpoint to results/checkpoints/strict_grad_norm_uncapped_adam40k_5090/best.pt
Saved PyTorch checkpoint to results/checkpoints/strict_grad_norm_uncapped_adam40k_5090/best.pt
Saved PyTorch checkpoint to results/checkpoints/strict_grad_norm_uncapped_adam40k_5090/best.pt
Saved PyTorch checkpoint to results/checkpoints/strict_grad_norm_uncapped_adam40k_5090/best.pt
Saved PyTorch checkpoint to results/checkpoints/strict_grad_norm_uncapped_adam40k_5090/best.pt
Saved PyTorch checkpoint to results/checkpoints/strict_grad_norm_uncapped_adam40k_5090/best.pt
Saved PyTorch checkpoint to results/checkpoints/strict_grad_norm_uncapped_adam40k_5090/best.pt
Saved PyTorch checkpoint to results/checkpoints/strict_grad_norm_uncapped_adam40k_5090/best.pt
Saved PyTorch checkpoint to results/checkpoints/strict_grad_norm_uncapped_adam40k_5090/best.pt
Saved PyTorch checkpoint to results/checkpoints/strict_grad_norm_uncapped_adam40k_5090/best.pt
Saved PyTorch checkpoint to results/checkpoints/strict_grad_norm_uncapped_adam40k_5090/best.pt
Saved PyTorch checkpoint to results/checkpoints/strict_grad_norm_uncapped_adam40k_5090/best.pt
Saved PyTorch checkpoint to results/checkpoints/strict_grad_norm_uncapped_adam40k_5090/best.pt
Saved PyTorch checkpoint to results/checkpoints/strict_grad_norm_uncapped_adam40k_5090/best.pt
Saved PyTorch checkpoint to results/checkpoints/strict_grad_norm_uncapped_adam40k_5090/best.pt
Saved PyTorch checkpoint to results/checkpoints/strict_grad_norm_uncapped_adam40k_5090/best.pt
Saved PyTorch checkpoint to results/checkpoints/strict_grad_norm_uncapped_adam40k_5090/best.pt
Saved PyTorch checkpoint to results/checkpoints/strict_grad_norm_uncapped_adam40k_5090/best.pt
Saved PyTorch checkpoint to results/checkpoints/strict_grad_norm_uncapped_adam40k_5090/best.pt
Saved PyTorch checkpoint to results/checkpoints/strict_grad_norm_uncapped_adam40k_5090/best.pt
Saved PyTorch checkpoint to results/checkpoints/strict_grad_norm_uncapped_adam40k_5090/best.pt
Saved PyTorch checkpoint to results/checkpoints/strict_grad_norm_uncapped_adam40k_5090/best.pt
Saved PyTorch checkpoint to results/checkpoints/strict_grad_norm_uncapped_adam40k_5090/best.pt
Saved PyTorch checkpoint to results/checkpoints/strict_grad_norm_uncapped_adam40k_5090/best.pt
Saved PyTorch checkpoint to results/checkpoints/strict_grad_norm_uncapped_adam40k_5090/best.pt
Saved PyTorch checkpoint to results/checkpoints/strict_grad_norm_uncapped_adam40k_5090/best.pt
Saved PyTorch checkpoint to results/checkpoints/strict_grad_norm_uncapped_adam40k_5090/best.pt
Saved PyTorch checkpoint to results/checkpoints/strict_grad_norm_uncapped_adam40k_5090/best.pt
Saved PyTorch checkpoint to results/checkpoints/strict_grad_norm_uncapped_adam40k_5090/best.pt
Saved PyTorch checkpoint to results/checkpoints/strict_grad_norm_uncapped_adam40k_5090/best.pt
Saved PyTorch checkpoint to results/checkpoints/strict_grad_norm_uncapped_adam40k_5090/best.pt
Saved PyTorch checkpoint to results/checkpoints/strict_grad_norm_uncapped_adam40k_5090/best.pt
Saved PyTorch checkpoint to results/checkpoints/strict_grad_norm_uncapped_adam40k_5090/best.pt
Saved PyTorch checkpoint to results/checkpoints/strict_grad_norm_uncapped_adam40k_5090/best.pt
Saved PyTorch checkpoint to results/checkpoints/strict_grad_norm_uncapped_adam40k_5090/best.pt
Saved PyTorch checkpoint to results/checkpoints/strict_grad_norm_uncapped_adam40k_5090/best.pt
Saved PyTorch checkpoint to results/checkpoints/strict_grad_norm_uncapped_adam40k_5090/best.pt
Saved PyTorch checkpoint to results/checkpoints/strict_grad_norm_uncapped_adam40k_5090/best.pt
Saved PyTorch checkpoint to results/checkpoints/strict_grad_norm_uncapped_adam40k_5090/best.pt
Saved PyTorch checkpoint to results/checkpoints/strict_grad_norm_uncapped_adam40k_5090/best.pt
Saved PyTorch checkpoint to results/checkpoints/strict_grad_norm_uncapped_adam40k_5090/best.pt
Saved PyTorch checkpoint to results/checkpoints/strict_grad_norm_uncapped_adam40k_5090/best.pt
Saved PyTorch checkpoint to results/checkpoints/strict_grad_norm_uncapped_adam40k_5090/best.pt
Saved PyTorch checkpoint to results/checkpoints/strict_grad_norm_uncapped_adam40k_5090/best.pt
Saved PyTorch checkpoint to results/checkpoints/strict_grad_norm_uncapped_adam40k_5090/best.pt
Saved PyTorch checkpoint to results/checkpoints/strict_grad_norm_uncapped_adam40k_5090/best.pt
Saved PyTorch checkpoint to results/checkpoints/strict_grad_norm_uncapped_adam40k_5090/best.pt
Saved PyTorch checkpoint to results/checkpoints/strict_grad_norm_uncapped_adam40k_5090/best.pt
Saved PyTorch checkpoint to results/checkpoints/strict_grad_norm_uncapped_adam40k_5090/best.pt
Saved PyTorch checkpoint to results/checkpoints/strict_grad_norm_uncapped_adam40k_5090/best.pt
Saved PyTorch checkpoint to results/checkpoints/strict_grad_norm_uncapped_adam40k_5090/best.pt
Saved PyTorch checkpoint to results/checkpoints/strict_grad_norm_uncapped_adam40k_5090/best.pt
Saved PyTorch checkpoint to results/checkpoints/strict_grad_norm_uncapped_adam40k_5090/best.pt
Saved PyTorch checkpoint to results/checkpoints/strict_grad_norm_uncapped_adam40k_5090/best.pt
Saved PyTorch checkpoint to results/checkpoints/strict_grad_norm_uncapped_adam40k_5090/best.pt
Saved PyTorch checkpoint to results/checkpoints/strict_grad_norm_uncapped_adam40k_5090/best.pt
Saved PyTorch checkpoint to results/checkpoints/strict_grad_norm_uncapped_adam40k_5090/best.pt
Saved PyTorch checkpoint to results/checkpoints/strict_grad_norm_uncapped_adam40k_5090/best.pt
Saved PyTorch checkpoint to results/checkpoints/strict_grad_norm_uncapped_adam40k_5090/best.pt
Saved PyTorch checkpoint to results/checkpoints/strict_grad_norm_uncapped_adam40k_5090/best.pt
Saved PyTorch checkpoint to results/checkpoints/strict_grad_norm_uncapped_adam40k_5090/best.pt
Saved PyTorch checkpoint to results/checkpoints/strict_grad_norm_uncapped_adam40k_5090/best.pt
Saved PyTorch checkpoint to results/checkpoints/strict_grad_norm_uncapped_adam40k_5090/best.pt
Saved PyTorch checkpoint to results/checkpoints/strict_grad_norm_uncapped_adam40k_5090/best.pt
Saved PyTorch checkpoint to results/checkpoints/strict_grad_norm_uncapped_adam40k_5090/best.pt
Saved PyTorch checkpoint to results/checkpoints/strict_grad_norm_uncapped_adam40k_5090/best.pt
Saved PyTorch checkpoint to results/checkpoints/strict_grad_norm_uncapped_adam40k_5090/best.pt
Saved PyTorch checkpoint to results/checkpoints/strict_grad_norm_uncapped_adam40k_5090/best.pt
Saved PyTorch checkpoint to results/checkpoints/strict_grad_norm_uncapped_adam40k_5090/best.pt
Saved PyTorch checkpoint to results/checkpoints/strict_grad_norm_uncapped_adam40k_5090/best.pt
Saved PyTorch checkpoint to results/checkpoints/strict_grad_norm_uncapped_adam40k_5090/best.pt
Adam 16900 | total=1.612e-02 f=2.161e-05 ic=1.425e-07 wall=6.810e-06 inlet=1.947e-01 outlet=1.174e-08 lr=5.000e-04 | λ[f=1.00 ic=641.96 wall=14.38 inlet=0.08 outlet=19002.44]
Saved PyTorch checkpoint to results/checkpoints/strict_grad_norm_uncapped_adam40k_5090/best.pt
Saved PyTorch checkpoint to results/checkpoints/strict_grad_norm_uncapped_adam40k_5090/best.pt
Saved PyTorch checkpoint to results/checkpoints/strict_grad_norm_uncapped_adam40k_5090/best.pt
Saved PyTorch checkpoint to results/checkpoints/strict_grad_norm_uncapped_adam40k_5090/best.pt
Saved PyTorch checkpoint to results/checkpoints/strict_grad_norm_uncapped_adam40k_5090/best.pt
Saved PyTorch checkpoint to results/checkpoints/strict_grad_norm_uncapped_adam40k_5090/best.pt
Saved PyTorch checkpoint to results/checkpoints/strict_grad_norm_uncapped_adam40k_5090/best.pt
Saved PyTorch checkpoint to results/checkpoints/strict_grad_norm_uncapped_adam40k_5090/best.pt
Saved PyTorch checkpoint to results/checkpoints/strict_grad_norm_uncapped_adam40k_5090/best.pt
Saved PyTorch checkpoint to results/checkpoints/strict_grad_norm_uncapped_adam40k_5090/best.pt
Saved PyTorch checkpoint to results/checkpoints/strict_grad_norm_uncapped_adam40k_5090/best.pt
Saved PyTorch checkpoint to results/checkpoints/strict_grad_norm_uncapped_adam40k_5090/best.pt
Saved PyTorch checkpoint to results/checkpoints/strict_grad_norm_uncapped_adam40k_5090/best.pt
Saved PyTorch checkpoint to results/checkpoints/strict_grad_norm_uncapped_adam40k_5090/best.pt
Saved PyTorch checkpoint to results/checkpoints/strict_grad_norm_uncapped_adam40k_5090/best.pt
Saved PyTorch checkpoint to results/checkpoints/strict_grad_norm_uncapped_adam40k_5090/best.pt
Saved PyTorch checkpoint to results/checkpoints/strict_grad_norm_uncapped_adam40k_5090/best.pt
Saved PyTorch checkpoint to results/checkpoints/strict_grad_norm_uncapped_adam40k_5090/best.pt
Saved PyTorch checkpoint to results/checkpoints/strict_grad_norm_uncapped_adam40k_5090/best.pt
Saved PyTorch checkpoint to results/checkpoints/strict_grad_norm_uncapped_adam40k_5090/best.pt
Saved PyTorch checkpoint to results/checkpoints/strict_grad_norm_uncapped_adam40k_5090/best.pt
Saved PyTorch checkpoint to results/checkpoints/strict_grad_norm_uncapped_adam40k_5090/best.pt
Saved PyTorch checkpoint to results/checkpoints/strict_grad_norm_uncapped_adam40k_5090/best.pt
Saved PyTorch checkpoint to results/checkpoints/strict_grad_norm_uncapped_adam40k_5090/best.pt
Saved PyTorch checkpoint to results/checkpoints/strict_grad_norm_uncapped_adam40k_5090/best.pt
Saved PyTorch checkpoint to results/checkpoints/strict_grad_norm_uncapped_adam40k_5090/best.pt
Saved PyTorch checkpoint to results/checkpoints/strict_grad_norm_uncapped_adam40k_5090/best.pt
Saved PyTorch checkpoint to results/checkpoints/strict_grad_norm_uncapped_adam40k_5090/best.pt
Saved PyTorch checkpoint to results/checkpoints/strict_grad_norm_uncapped_adam40k_5090/best.pt
Saved PyTorch checkpoint to results/checkpoints/strict_grad_norm_uncapped_adam40k_5090/best.pt
Saved PyTorch checkpoint to results/checkpoints/strict_grad_norm_uncapped_adam40k_5090/best.pt
Saved PyTorch checkpoint to results/checkpoints/strict_grad_norm_uncapped_adam40k_5090/best.pt
Saved PyTorch checkpoint to results/checkpoints/strict_grad_norm_uncapped_adam40k_5090/best.pt
Saved PyTorch checkpoint to results/checkpoints/strict_grad_norm_uncapped_adam40k_5090/best.pt
Saved PyTorch checkpoint to results/checkpoints/strict_grad_norm_uncapped_adam40k_5090/best.pt
Saved PyTorch checkpoint to results/checkpoints/strict_grad_norm_uncapped_adam40k_5090/best.pt
Saved PyTorch checkpoint to results/checkpoints/strict_grad_norm_uncapped_adam40k_5090/best.pt
Saved PyTorch checkpoint to results/checkpoints/strict_grad_norm_uncapped_adam40k_5090/best.pt
Saved PyTorch checkpoint to results/checkpoints/strict_grad_norm_uncapped_adam40k_5090/best.pt
Saved PyTorch checkpoint to results/checkpoints/strict_grad_norm_uncapped_adam40k_5090/best.pt
Saved PyTorch checkpoint to results/checkpoints/strict_grad_norm_uncapped_adam40k_5090/best.pt
Saved PyTorch checkpoint to results/checkpoints/strict_grad_norm_uncapped_adam40k_5090/best.pt
Saved PyTorch checkpoint to results/checkpoints/strict_grad_norm_uncapped_adam40k_5090/best.pt
Saved PyTorch checkpoint to results/checkpoints/strict_grad_norm_uncapped_adam40k_5090/best.pt
Saved PyTorch checkpoint to results/checkpoints/strict_grad_norm_uncapped_adam40k_5090/best.pt
Saved PyTorch checkpoint to results/checkpoints/strict_grad_norm_uncapped_adam40k_5090/best.pt
Saved PyTorch checkpoint to results/checkpoints/strict_grad_norm_uncapped_adam40k_5090/best.pt
Saved PyTorch checkpoint to results/checkpoints/strict_grad_norm_uncapped_adam40k_5090/best.pt
Saved PyTorch checkpoint to results/checkpoints/strict_grad_norm_uncapped_adam40k_5090/best.pt
Saved PyTorch checkpoint to results/checkpoints/strict_grad_norm_uncapped_adam40k_5090/best.pt
Saved PyTorch checkpoint to results/checkpoints/strict_grad_norm_uncapped_adam40k_5090/best.pt
Saved PyTorch checkpoint to results/checkpoints/strict_grad_norm_uncapped_adam40k_5090/best.pt
Saved PyTorch checkpoint to results/checkpoints/strict_grad_norm_uncapped_adam40k_5090/best.pt
Saved PyTorch checkpoint to results/checkpoints/strict_grad_norm_uncapped_adam40k_5090/best.pt
Saved PyTorch checkpoint to results/checkpoints/strict_grad_norm_uncapped_adam40k_5090/best.pt
Saved PyTorch checkpoint to results/checkpoints/strict_grad_norm_uncapped_adam40k_5090/best.pt
Saved PyTorch checkpoint to results/checkpoints/strict_grad_norm_uncapped_adam40k_5090/best.pt
Saved PyTorch checkpoint to results/checkpoints/strict_grad_norm_uncapped_adam40k_5090/best.pt
Saved PyTorch checkpoint to results/checkpoints/strict_grad_norm_uncapped_adam40k_5090/best.pt
Saved PyTorch checkpoint to results/checkpoints/strict_grad_norm_uncapped_adam40k_5090/best.pt
Saved PyTorch checkpoint to results/checkpoints/strict_grad_norm_uncapped_adam40k_5090/best.pt
Saved PyTorch checkpoint to results/checkpoints/strict_grad_norm_uncapped_adam40k_5090/best.pt
Saved PyTorch checkpoint to results/checkpoints/strict_grad_norm_uncapped_adam40k_5090/best.pt
Saved PyTorch checkpoint to results/checkpoints/strict_grad_norm_uncapped_adam40k_5090/best.pt
Saved PyTorch checkpoint to results/checkpoints/strict_grad_norm_uncapped_adam40k_5090/best.pt
Saved PyTorch checkpoint to results/checkpoints/strict_grad_norm_uncapped_adam40k_5090/best.pt
Saved PyTorch checkpoint to results/checkpoints/strict_grad_norm_uncapped_adam40k_5090/best.pt
Saved PyTorch checkpoint to results/checkpoints/strict_grad_norm_uncapped_adam40k_5090/best.pt
Saved PyTorch checkpoint to results/checkpoints/strict_grad_norm_uncapped_adam40k_5090/best.pt
Saved PyTorch checkpoint to results/checkpoints/strict_grad_norm_uncapped_adam40k_5090/best.pt
Saved PyTorch checkpoint to results/checkpoints/strict_grad_norm_uncapped_adam40k_5090/best.pt
Saved PyTorch checkpoint to results/checkpoints/strict_grad_norm_uncapped_adam40k_5090/best.pt
Saved PyTorch checkpoint to results/checkpoints/strict_grad_norm_uncapped_adam40k_5090/best.pt
Saved PyTorch checkpoint to results/checkpoints/strict_grad_norm_uncapped_adam40k_5090/best.pt
Saved PyTorch checkpoint to results/checkpoints/strict_grad_norm_uncapped_adam40k_5090/best.pt
Saved PyTorch checkpoint to results/checkpoints/strict_grad_norm_uncapped_adam40k_5090/best.pt
Saved PyTorch checkpoint to results/checkpoints/strict_grad_norm_uncapped_adam40k_5090/best.pt
Saved PyTorch checkpoint to results/checkpoints/strict_grad_norm_uncapped_adam40k_5090/best.pt
Saved PyTorch checkpoint to results/checkpoints/strict_grad_norm_uncapped_adam40k_5090/best.pt
Saved PyTorch checkpoint to results/checkpoints/strict_grad_norm_uncapped_adam40k_5090/best.pt
Saved PyTorch checkpoint to results/checkpoints/strict_grad_norm_uncapped_adam40k_5090/best.pt
Saved PyTorch checkpoint to results/checkpoints/strict_grad_norm_uncapped_adam40k_5090/best.pt
Saved PyTorch checkpoint to results/checkpoints/strict_grad_norm_uncapped_adam40k_5090/best.pt
Saved PyTorch checkpoint to results/checkpoints/strict_grad_norm_uncapped_adam40k_5090/best.pt
Saved PyTorch checkpoint to results/checkpoints/strict_grad_norm_uncapped_adam40k_5090/best.pt
Saved PyTorch checkpoint to results/checkpoints/strict_grad_norm_uncapped_adam40k_5090/best.pt
Saved PyTorch checkpoint to results/checkpoints/strict_grad_norm_uncapped_adam40k_5090/best.pt
Saved PyTorch checkpoint to results/checkpoints/strict_grad_norm_uncapped_adam40k_5090/best.pt
Saved PyTorch checkpoint to results/checkpoints/strict_grad_norm_uncapped_adam40k_5090/best.pt
Saved PyTorch checkpoint to results/checkpoints/strict_grad_norm_uncapped_adam40k_5090/best.pt
Saved PyTorch checkpoint to results/checkpoints/strict_grad_norm_uncapped_adam40k_5090/best.pt
Saved PyTorch checkpoint to results/checkpoints/strict_grad_norm_uncapped_adam40k_5090/best.pt
Saved PyTorch checkpoint to results/checkpoints/strict_grad_norm_uncapped_adam40k_5090/best.pt
Saved PyTorch checkpoint to results/checkpoints/strict_grad_norm_uncapped_adam40k_5090/best.pt
Saved PyTorch checkpoint to results/checkpoints/strict_grad_norm_uncapped_adam40k_5090/best.pt
Saved PyTorch checkpoint to results/checkpoints/strict_grad_norm_uncapped_adam40k_5090/best.pt
Saved PyTorch checkpoint to results/checkpoints/strict_grad_norm_uncapped_adam40k_5090/best.pt
Saved PyTorch checkpoint to results/checkpoints/strict_grad_norm_uncapped_adam40k_5090/best.pt
Saved PyTorch checkpoint to results/checkpoints/strict_grad_norm_uncapped_adam40k_5090/best.pt
Saved PyTorch checkpoint to results/checkpoints/strict_grad_norm_uncapped_adam40k_5090/best.pt
Adam 17000 | total=1.561e-02 f=2.158e-05 ic=1.415e-07 wall=6.844e-06 inlet=1.947e-01 outlet=9.659e-09 lr=5.000e-04 | λ[f=1.00 ic=614.76 wall=13.90 inlet=0.08 outlet=22156.71]
Saved PyTorch checkpoint to results/checkpoints/strict_grad_norm_uncapped_adam40k_5090/best.pt
Saved PyTorch checkpoint to results/checkpoints/strict_grad_norm_uncapped_adam40k_5090/best.pt
Saved PyTorch checkpoint to results/checkpoints/strict_grad_norm_uncapped_adam40k_5090/best.pt
Saved PyTorch checkpoint to results/checkpoints/strict_grad_norm_uncapped_adam40k_5090/best.pt
Saved PyTorch checkpoint to results/checkpoints/strict_grad_norm_uncapped_adam40k_5090/best.pt
Saved PyTorch checkpoint to results/checkpoints/strict_grad_norm_uncapped_adam40k_5090/best.pt
Saved PyTorch checkpoint to results/checkpoints/strict_grad_norm_uncapped_adam40k_5090/best.pt
Saved PyTorch checkpoint to results/checkpoints/strict_grad_norm_uncapped_adam40k_5090/best.pt
Saved PyTorch checkpoint to results/checkpoints/strict_grad_norm_uncapped_adam40k_5090/best.pt
Saved PyTorch checkpoint to results/checkpoints/strict_grad_norm_uncapped_adam40k_5090/best.pt
Saved PyTorch checkpoint to results/checkpoints/strict_grad_norm_uncapped_adam40k_5090/best.pt
Saved PyTorch checkpoint to results/checkpoints/strict_grad_norm_uncapped_adam40k_5090/best.pt
Saved PyTorch checkpoint to results/checkpoints/strict_grad_norm_uncapped_adam40k_5090/best.pt
Saved PyTorch checkpoint to results/checkpoints/strict_grad_norm_uncapped_adam40k_5090/best.pt
Saved PyTorch checkpoint to results/checkpoints/strict_grad_norm_uncapped_adam40k_5090/best.pt
Saved PyTorch checkpoint to results/checkpoints/strict_grad_norm_uncapped_adam40k_5090/best.pt
Saved PyTorch checkpoint to results/checkpoints/strict_grad_norm_uncapped_adam40k_5090/best.pt
Saved PyTorch checkpoint to results/checkpoints/strict_grad_norm_uncapped_adam40k_5090/best.pt
Saved PyTorch checkpoint to results/checkpoints/strict_grad_norm_uncapped_adam40k_5090/best.pt
Saved PyTorch checkpoint to results/checkpoints/strict_grad_norm_uncapped_adam40k_5090/best.pt
Saved PyTorch checkpoint to results/checkpoints/strict_grad_norm_uncapped_adam40k_5090/best.pt
Saved PyTorch checkpoint to results/checkpoints/strict_grad_norm_uncapped_adam40k_5090/best.pt
Saved PyTorch checkpoint to results/checkpoints/strict_grad_norm_uncapped_adam40k_5090/best.pt
Saved PyTorch checkpoint to results/checkpoints/strict_grad_norm_uncapped_adam40k_5090/best.pt
Saved PyTorch checkpoint to results/checkpoints/strict_grad_norm_uncapped_adam40k_5090/best.pt
Saved PyTorch checkpoint to results/checkpoints/strict_grad_norm_uncapped_adam40k_5090/best.pt
Saved PyTorch checkpoint to results/checkpoints/strict_grad_norm_uncapped_adam40k_5090/best.pt
Saved PyTorch checkpoint to results/checkpoints/strict_grad_norm_uncapped_adam40k_5090/best.pt
Saved PyTorch checkpoint to results/checkpoints/strict_grad_norm_uncapped_adam40k_5090/best.pt
Saved PyTorch checkpoint to results/checkpoints/strict_grad_norm_uncapped_adam40k_5090/best.pt
Saved PyTorch checkpoint to results/checkpoints/strict_grad_norm_uncapped_adam40k_5090/best.pt
Saved PyTorch checkpoint to results/checkpoints/strict_grad_norm_uncapped_adam40k_5090/best.pt
Saved PyTorch checkpoint to results/checkpoints/strict_grad_norm_uncapped_adam40k_5090/best.pt
Saved PyTorch checkpoint to results/checkpoints/strict_grad_norm_uncapped_adam40k_5090/best.pt
Saved PyTorch checkpoint to results/checkpoints/strict_grad_norm_uncapped_adam40k_5090/best.pt
Saved PyTorch checkpoint to results/checkpoints/strict_grad_norm_uncapped_adam40k_5090/best.pt
Saved PyTorch checkpoint to results/checkpoints/strict_grad_norm_uncapped_adam40k_5090/best.pt
Saved PyTorch checkpoint to results/checkpoints/strict_grad_norm_uncapped_adam40k_5090/best.pt
Saved PyTorch checkpoint to results/checkpoints/strict_grad_norm_uncapped_adam40k_5090/best.pt
Saved PyTorch checkpoint to results/checkpoints/strict_grad_norm_uncapped_adam40k_5090/best.pt
Saved PyTorch checkpoint to results/checkpoints/strict_grad_norm_uncapped_adam40k_5090/best.pt
Saved PyTorch checkpoint to results/checkpoints/strict_grad_norm_uncapped_adam40k_5090/best.pt
Saved PyTorch checkpoint to results/checkpoints/strict_grad_norm_uncapped_adam40k_5090/best.pt
Saved PyTorch checkpoint to results/checkpoints/strict_grad_norm_uncapped_adam40k_5090/best.pt
Saved PyTorch checkpoint to results/checkpoints/strict_grad_norm_uncapped_adam40k_5090/best.pt
Saved PyTorch checkpoint to results/checkpoints/strict_grad_norm_uncapped_adam40k_5090/best.pt
Saved PyTorch checkpoint to results/checkpoints/strict_grad_norm_uncapped_adam40k_5090/best.pt
Saved PyTorch checkpoint to results/checkpoints/strict_grad_norm_uncapped_adam40k_5090/best.pt
Saved PyTorch checkpoint to results/checkpoints/strict_grad_norm_uncapped_adam40k_5090/best.pt
Saved PyTorch checkpoint to results/checkpoints/strict_grad_norm_uncapped_adam40k_5090/best.pt
Saved PyTorch checkpoint to results/checkpoints/strict_grad_norm_uncapped_adam40k_5090/best.pt
Saved PyTorch checkpoint to results/checkpoints/strict_grad_norm_uncapped_adam40k_5090/best.pt
Saved PyTorch checkpoint to results/checkpoints/strict_grad_norm_uncapped_adam40k_5090/best.pt
Saved PyTorch checkpoint to results/checkpoints/strict_grad_norm_uncapped_adam40k_5090/best.pt
Saved PyTorch checkpoint to results/checkpoints/strict_grad_norm_uncapped_adam40k_5090/best.pt
Saved PyTorch checkpoint to results/checkpoints/strict_grad_norm_uncapped_adam40k_5090/best.pt
Saved PyTorch checkpoint to results/checkpoints/strict_grad_norm_uncapped_adam40k_5090/best.pt
Saved PyTorch checkpoint to results/checkpoints/strict_grad_norm_uncapped_adam40k_5090/best.pt
Saved PyTorch checkpoint to results/checkpoints/strict_grad_norm_uncapped_adam40k_5090/best.pt
Saved PyTorch checkpoint to results/checkpoints/strict_grad_norm_uncapped_adam40k_5090/best.pt
Saved PyTorch checkpoint to results/checkpoints/strict_grad_norm_uncapped_adam40k_5090/best.pt
Saved PyTorch checkpoint to results/checkpoints/strict_grad_norm_uncapped_adam40k_5090/best.pt
Saved PyTorch checkpoint to results/checkpoints/strict_grad_norm_uncapped_adam40k_5090/best.pt
Saved PyTorch checkpoint to results/checkpoints/strict_grad_norm_uncapped_adam40k_5090/best.pt
Saved PyTorch checkpoint to results/checkpoints/strict_grad_norm_uncapped_adam40k_5090/best.pt
Saved PyTorch checkpoint to results/checkpoints/strict_grad_norm_uncapped_adam40k_5090/best.pt
Saved PyTorch checkpoint to results/checkpoints/strict_grad_norm_uncapped_adam40k_5090/best.pt
Saved PyTorch checkpoint to results/checkpoints/strict_grad_norm_uncapped_adam40k_5090/best.pt
Saved PyTorch checkpoint to results/checkpoints/strict_grad_norm_uncapped_adam40k_5090/best.pt
Saved PyTorch checkpoint to results/checkpoints/strict_grad_norm_uncapped_adam40k_5090/best.pt
Saved PyTorch checkpoint to results/checkpoints/strict_grad_norm_uncapped_adam40k_5090/best.pt
Saved PyTorch checkpoint to results/checkpoints/strict_grad_norm_uncapped_adam40k_5090/best.pt
Saved PyTorch checkpoint to results/checkpoints/strict_grad_norm_uncapped_adam40k_5090/best.pt
Saved PyTorch checkpoint to results/checkpoints/strict_grad_norm_uncapped_adam40k_5090/best.pt
Saved PyTorch checkpoint to results/checkpoints/strict_grad_norm_uncapped_adam40k_5090/best.pt
Saved PyTorch checkpoint to results/checkpoints/strict_grad_norm_uncapped_adam40k_5090/best.pt
Saved PyTorch checkpoint to results/checkpoints/strict_grad_norm_uncapped_adam40k_5090/best.pt
Saved PyTorch checkpoint to results/checkpoints/strict_grad_norm_uncapped_adam40k_5090/best.pt
Saved PyTorch checkpoint to results/checkpoints/strict_grad_norm_uncapped_adam40k_5090/best.pt
Saved PyTorch checkpoint to results/checkpoints/strict_grad_norm_uncapped_adam40k_5090/best.pt
Saved PyTorch checkpoint to results/checkpoints/strict_grad_norm_uncapped_adam40k_5090/best.pt
Saved PyTorch checkpoint to results/checkpoints/strict_grad_norm_uncapped_adam40k_5090/best.pt
Saved PyTorch checkpoint to results/checkpoints/strict_grad_norm_uncapped_adam40k_5090/best.pt
Saved PyTorch checkpoint to results/checkpoints/strict_grad_norm_uncapped_adam40k_5090/best.pt
Saved PyTorch checkpoint to results/checkpoints/strict_grad_norm_uncapped_adam40k_5090/best.pt
Saved PyTorch checkpoint to results/checkpoints/strict_grad_norm_uncapped_adam40k_5090/best.pt
Saved PyTorch checkpoint to results/checkpoints/strict_grad_norm_uncapped_adam40k_5090/best.pt
Saved PyTorch checkpoint to results/checkpoints/strict_grad_norm_uncapped_adam40k_5090/best.pt
Saved PyTorch checkpoint to results/checkpoints/strict_grad_norm_uncapped_adam40k_5090/best.pt
Saved PyTorch checkpoint to results/checkpoints/strict_grad_norm_uncapped_adam40k_5090/best.pt
Saved PyTorch checkpoint to results/checkpoints/strict_grad_norm_uncapped_adam40k_5090/best.pt
Saved PyTorch checkpoint to results/checkpoints/strict_grad_norm_uncapped_adam40k_5090/best.pt
Saved PyTorch checkpoint to results/checkpoints/strict_grad_norm_uncapped_adam40k_5090/best.pt
Saved PyTorch checkpoint to results/checkpoints/strict_grad_norm_uncapped_adam40k_5090/best.pt
Saved PyTorch checkpoint to results/checkpoints/strict_grad_norm_uncapped_adam40k_5090/best.pt
Saved PyTorch checkpoint to results/checkpoints/strict_grad_norm_uncapped_adam40k_5090/best.pt
Saved PyTorch checkpoint to results/checkpoints/strict_grad_norm_uncapped_adam40k_5090/best.pt
Saved PyTorch checkpoint to results/checkpoints/strict_grad_norm_uncapped_adam40k_5090/best.pt
Saved PyTorch checkpoint to results/checkpoints/strict_grad_norm_uncapped_adam40k_5090/best.pt
Saved PyTorch checkpoint to results/checkpoints/strict_grad_norm_uncapped_adam40k_5090/best.pt
Adam 17100 | total=1.514e-02 f=2.156e-05 ic=1.399e-07 wall=6.877e-06 inlet=1.947e-01 outlet=7.736e-09 lr=5.000e-04 | λ[f=1.00 ic=594.55 wall=13.47 inlet=0.08 outlet=26506.06]
Saved PyTorch checkpoint to results/checkpoints/strict_grad_norm_uncapped_adam40k_5090/best.pt
Saved PyTorch checkpoint to results/checkpoints/strict_grad_norm_uncapped_adam40k_5090/best.pt
Saved PyTorch checkpoint to results/checkpoints/strict_grad_norm_uncapped_adam40k_5090/best.pt
Saved PyTorch checkpoint to results/checkpoints/strict_grad_norm_uncapped_adam40k_5090/best.pt
Saved PyTorch checkpoint to results/checkpoints/strict_grad_norm_uncapped_adam40k_5090/best.pt
Saved PyTorch checkpoint to results/checkpoints/strict_grad_norm_uncapped_adam40k_5090/best.pt
Saved PyTorch checkpoint to results/checkpoints/strict_grad_norm_uncapped_adam40k_5090/best.pt
Saved PyTorch checkpoint to results/checkpoints/strict_grad_norm_uncapped_adam40k_5090/best.pt
Saved PyTorch checkpoint to results/checkpoints/strict_grad_norm_uncapped_adam40k_5090/best.pt
Saved PyTorch checkpoint to results/checkpoints/strict_grad_norm_uncapped_adam40k_5090/best.pt
Saved PyTorch checkpoint to results/checkpoints/strict_grad_norm_uncapped_adam40k_5090/best.pt
Saved PyTorch checkpoint to results/checkpoints/strict_grad_norm_uncapped_adam40k_5090/best.pt
Saved PyTorch checkpoint to results/checkpoints/strict_grad_norm_uncapped_adam40k_5090/best.pt
Saved PyTorch checkpoint to results/checkpoints/strict_grad_norm_uncapped_adam40k_5090/best.pt
Saved PyTorch checkpoint to results/checkpoints/strict_grad_norm_uncapped_adam40k_5090/best.pt
Saved PyTorch checkpoint to results/checkpoints/strict_grad_norm_uncapped_adam40k_5090/best.pt
Saved PyTorch checkpoint to results/checkpoints/strict_grad_norm_uncapped_adam40k_5090/best.pt
Saved PyTorch checkpoint to results/checkpoints/strict_grad_norm_uncapped_adam40k_5090/best.pt
Saved PyTorch checkpoint to results/checkpoints/strict_grad_norm_uncapped_adam40k_5090/best.pt
Saved PyTorch checkpoint to results/checkpoints/strict_grad_norm_uncapped_adam40k_5090/best.pt
Saved PyTorch checkpoint to results/checkpoints/strict_grad_norm_uncapped_adam40k_5090/best.pt
Saved PyTorch checkpoint to results/checkpoints/strict_grad_norm_uncapped_adam40k_5090/best.pt
Saved PyTorch checkpoint to results/checkpoints/strict_grad_norm_uncapped_adam40k_5090/best.pt
Saved PyTorch checkpoint to results/checkpoints/strict_grad_norm_uncapped_adam40k_5090/best.pt
Saved PyTorch checkpoint to results/checkpoints/strict_grad_norm_uncapped_adam40k_5090/best.pt
Saved PyTorch checkpoint to results/checkpoints/strict_grad_norm_uncapped_adam40k_5090/best.pt
Saved PyTorch checkpoint to results/checkpoints/strict_grad_norm_uncapped_adam40k_5090/best.pt
Saved PyTorch checkpoint to results/checkpoints/strict_grad_norm_uncapped_adam40k_5090/best.pt
Saved PyTorch checkpoint to results/checkpoints/strict_grad_norm_uncapped_adam40k_5090/best.pt
Saved PyTorch checkpoint to results/checkpoints/strict_grad_norm_uncapped_adam40k_5090/best.pt
Saved PyTorch checkpoint to results/checkpoints/strict_grad_norm_uncapped_adam40k_5090/best.pt
Saved PyTorch checkpoint to results/checkpoints/strict_grad_norm_uncapped_adam40k_5090/best.pt
Saved PyTorch checkpoint to results/checkpoints/strict_grad_norm_uncapped_adam40k_5090/best.pt
Saved PyTorch checkpoint to results/checkpoints/strict_grad_norm_uncapped_adam40k_5090/best.pt
Saved PyTorch checkpoint to results/checkpoints/strict_grad_norm_uncapped_adam40k_5090/best.pt
Saved PyTorch checkpoint to results/checkpoints/strict_grad_norm_uncapped_adam40k_5090/best.pt
Saved PyTorch checkpoint to results/checkpoints/strict_grad_norm_uncapped_adam40k_5090/best.pt
Saved PyTorch checkpoint to results/checkpoints/strict_grad_norm_uncapped_adam40k_5090/best.pt
Saved PyTorch checkpoint to results/checkpoints/strict_grad_norm_uncapped_adam40k_5090/best.pt
Saved PyTorch checkpoint to results/checkpoints/strict_grad_norm_uncapped_adam40k_5090/best.pt
Saved PyTorch checkpoint to results/checkpoints/strict_grad_norm_uncapped_adam40k_5090/best.pt
Saved PyTorch checkpoint to results/checkpoints/strict_grad_norm_uncapped_adam40k_5090/best.pt
Saved PyTorch checkpoint to results/checkpoints/strict_grad_norm_uncapped_adam40k_5090/best.pt
Saved PyTorch checkpoint to results/checkpoints/strict_grad_norm_uncapped_adam40k_5090/best.pt
Saved PyTorch checkpoint to results/checkpoints/strict_grad_norm_uncapped_adam40k_5090/best.pt
Saved PyTorch checkpoint to results/checkpoints/strict_grad_norm_uncapped_adam40k_5090/best.pt
Saved PyTorch checkpoint to results/checkpoints/strict_grad_norm_uncapped_adam40k_5090/best.pt
Saved PyTorch checkpoint to results/checkpoints/strict_grad_norm_uncapped_adam40k_5090/best.pt
Saved PyTorch checkpoint to results/checkpoints/strict_grad_norm_uncapped_adam40k_5090/best.pt
Saved PyTorch checkpoint to results/checkpoints/strict_grad_norm_uncapped_adam40k_5090/best.pt
Saved PyTorch checkpoint to results/checkpoints/strict_grad_norm_uncapped_adam40k_5090/best.pt
Saved PyTorch checkpoint to results/checkpoints/strict_grad_norm_uncapped_adam40k_5090/best.pt
Saved PyTorch checkpoint to results/checkpoints/strict_grad_norm_uncapped_adam40k_5090/best.pt
Saved PyTorch checkpoint to results/checkpoints/strict_grad_norm_uncapped_adam40k_5090/best.pt
Saved PyTorch checkpoint to results/checkpoints/strict_grad_norm_uncapped_adam40k_5090/best.pt
Saved PyTorch checkpoint to results/checkpoints/strict_grad_norm_uncapped_adam40k_5090/best.pt
Saved PyTorch checkpoint to results/checkpoints/strict_grad_norm_uncapped_adam40k_5090/best.pt
Saved PyTorch checkpoint to results/checkpoints/strict_grad_norm_uncapped_adam40k_5090/best.pt
Saved PyTorch checkpoint to results/checkpoints/strict_grad_norm_uncapped_adam40k_5090/best.pt
Saved PyTorch checkpoint to results/checkpoints/strict_grad_norm_uncapped_adam40k_5090/best.pt
Saved PyTorch checkpoint to results/checkpoints/strict_grad_norm_uncapped_adam40k_5090/best.pt
Saved PyTorch checkpoint to results/checkpoints/strict_grad_norm_uncapped_adam40k_5090/best.pt
Saved PyTorch checkpoint to results/checkpoints/strict_grad_norm_uncapped_adam40k_5090/best.pt
Saved PyTorch checkpoint to results/checkpoints/strict_grad_norm_uncapped_adam40k_5090/best.pt
Saved PyTorch checkpoint to results/checkpoints/strict_grad_norm_uncapped_adam40k_5090/best.pt
Saved PyTorch checkpoint to results/checkpoints/strict_grad_norm_uncapped_adam40k_5090/best.pt
Saved PyTorch checkpoint to results/checkpoints/strict_grad_norm_uncapped_adam40k_5090/best.pt
Saved PyTorch checkpoint to results/checkpoints/strict_grad_norm_uncapped_adam40k_5090/best.pt
Saved PyTorch checkpoint to results/checkpoints/strict_grad_norm_uncapped_adam40k_5090/best.pt
Saved PyTorch checkpoint to results/checkpoints/strict_grad_norm_uncapped_adam40k_5090/best.pt
Saved PyTorch checkpoint to results/checkpoints/strict_grad_norm_uncapped_adam40k_5090/best.pt
Saved PyTorch checkpoint to results/checkpoints/strict_grad_norm_uncapped_adam40k_5090/best.pt
Saved PyTorch checkpoint to results/checkpoints/strict_grad_norm_uncapped_adam40k_5090/best.pt
Saved PyTorch checkpoint to results/checkpoints/strict_grad_norm_uncapped_adam40k_5090/best.pt
Saved PyTorch checkpoint to results/checkpoints/strict_grad_norm_uncapped_adam40k_5090/best.pt
Saved PyTorch checkpoint to results/checkpoints/strict_grad_norm_uncapped_adam40k_5090/best.pt
Saved PyTorch checkpoint to results/checkpoints/strict_grad_norm_uncapped_adam40k_5090/best.pt
Saved PyTorch checkpoint to results/checkpoints/strict_grad_norm_uncapped_adam40k_5090/best.pt
Saved PyTorch checkpoint to results/checkpoints/strict_grad_norm_uncapped_adam40k_5090/best.pt
Saved PyTorch checkpoint to results/checkpoints/strict_grad_norm_uncapped_adam40k_5090/best.pt
Saved PyTorch checkpoint to results/checkpoints/strict_grad_norm_uncapped_adam40k_5090/best.pt
Saved PyTorch checkpoint to results/checkpoints/strict_grad_norm_uncapped_adam40k_5090/best.pt
Saved PyTorch checkpoint to results/checkpoints/strict_grad_norm_uncapped_adam40k_5090/best.pt
Saved PyTorch checkpoint to results/checkpoints/strict_grad_norm_uncapped_adam40k_5090/best.pt
Saved PyTorch checkpoint to results/checkpoints/strict_grad_norm_uncapped_adam40k_5090/best.pt
Saved PyTorch checkpoint to results/checkpoints/strict_grad_norm_uncapped_adam40k_5090/best.pt
Saved PyTorch checkpoint to results/checkpoints/strict_grad_norm_uncapped_adam40k_5090/best.pt
Saved PyTorch checkpoint to results/checkpoints/strict_grad_norm_uncapped_adam40k_5090/best.pt
Saved PyTorch checkpoint to results/checkpoints/strict_grad_norm_uncapped_adam40k_5090/best.pt
Saved PyTorch checkpoint to results/checkpoints/strict_grad_norm_uncapped_adam40k_5090/best.pt
Saved PyTorch checkpoint to results/checkpoints/strict_grad_norm_uncapped_adam40k_5090/best.pt
Saved PyTorch checkpoint to results/checkpoints/strict_grad_norm_uncapped_adam40k_5090/best.pt
Saved PyTorch checkpoint to results/checkpoints/strict_grad_norm_uncapped_adam40k_5090/best.pt
Saved PyTorch checkpoint to results/checkpoints/strict_grad_norm_uncapped_adam40k_5090/best.pt
Saved PyTorch checkpoint to results/checkpoints/strict_grad_norm_uncapped_adam40k_5090/best.pt
Saved PyTorch checkpoint to results/checkpoints/strict_grad_norm_uncapped_adam40k_5090/best.pt
Saved PyTorch checkpoint to results/checkpoints/strict_grad_norm_uncapped_adam40k_5090/best.pt
Saved PyTorch checkpoint to results/checkpoints/strict_grad_norm_uncapped_adam40k_5090/best.pt
Saved PyTorch checkpoint to results/checkpoints/strict_grad_norm_uncapped_adam40k_5090/best.pt
Saved PyTorch checkpoint to results/checkpoints/strict_grad_norm_uncapped_adam40k_5090/best.pt
Adam 17200 | total=1.474e-02 f=2.157e-05 ic=1.374e-07 wall=6.908e-06 inlet=1.947e-01 outlet=5.976e-09 lr=5.000e-04 | λ[f=1.00 ic=581.55 wall=13.09 inlet=0.07 outlet=32053.91]
Saved PyTorch checkpoint to results/checkpoints/strict_grad_norm_uncapped_adam40k_5090/best.pt
Saved PyTorch checkpoint to results/checkpoints/strict_grad_norm_uncapped_adam40k_5090/best.pt
Saved PyTorch checkpoint to results/checkpoints/strict_grad_norm_uncapped_adam40k_5090/best.pt
Saved PyTorch checkpoint to results/checkpoints/strict_grad_norm_uncapped_adam40k_5090/best.pt
Saved PyTorch checkpoint to results/checkpoints/strict_grad_norm_uncapped_adam40k_5090/best.pt
Saved PyTorch checkpoint to results/checkpoints/strict_grad_norm_uncapped_adam40k_5090/best.pt
Saved PyTorch checkpoint to results/checkpoints/strict_grad_norm_uncapped_adam40k_5090/best.pt
Saved PyTorch checkpoint to results/checkpoints/strict_grad_norm_uncapped_adam40k_5090/best.pt
Saved PyTorch checkpoint to results/checkpoints/strict_grad_norm_uncapped_adam40k_5090/best.pt
Saved PyTorch checkpoint to results/checkpoints/strict_grad_norm_uncapped_adam40k_5090/best.pt
Saved PyTorch checkpoint to results/checkpoints/strict_grad_norm_uncapped_adam40k_5090/best.pt
Saved PyTorch checkpoint to results/checkpoints/strict_grad_norm_uncapped_adam40k_5090/best.pt
Saved PyTorch checkpoint to results/checkpoints/strict_grad_norm_uncapped_adam40k_5090/best.pt
Saved PyTorch checkpoint to results/checkpoints/strict_grad_norm_uncapped_adam40k_5090/best.pt
Saved PyTorch checkpoint to results/checkpoints/strict_grad_norm_uncapped_adam40k_5090/best.pt
Saved PyTorch checkpoint to results/checkpoints/strict_grad_norm_uncapped_adam40k_5090/best.pt
Saved PyTorch checkpoint to results/checkpoints/strict_grad_norm_uncapped_adam40k_5090/best.pt
Saved PyTorch checkpoint to results/checkpoints/strict_grad_norm_uncapped_adam40k_5090/best.pt
Saved PyTorch checkpoint to results/checkpoints/strict_grad_norm_uncapped_adam40k_5090/best.pt
Saved PyTorch checkpoint to results/checkpoints/strict_grad_norm_uncapped_adam40k_5090/best.pt
Saved PyTorch checkpoint to results/checkpoints/strict_grad_norm_uncapped_adam40k_5090/best.pt
Saved PyTorch checkpoint to results/checkpoints/strict_grad_norm_uncapped_adam40k_5090/best.pt
Saved PyTorch checkpoint to results/checkpoints/strict_grad_norm_uncapped_adam40k_5090/best.pt
Saved PyTorch checkpoint to results/checkpoints/strict_grad_norm_uncapped_adam40k_5090/best.pt
Saved PyTorch checkpoint to results/checkpoints/strict_grad_norm_uncapped_adam40k_5090/best.pt
Saved PyTorch checkpoint to results/checkpoints/strict_grad_norm_uncapped_adam40k_5090/best.pt
Saved PyTorch checkpoint to results/checkpoints/strict_grad_norm_uncapped_adam40k_5090/best.pt
Saved PyTorch checkpoint to results/checkpoints/strict_grad_norm_uncapped_adam40k_5090/best.pt
Saved PyTorch checkpoint to results/checkpoints/strict_grad_norm_uncapped_adam40k_5090/best.pt
Saved PyTorch checkpoint to results/checkpoints/strict_grad_norm_uncapped_adam40k_5090/best.pt
Saved PyTorch checkpoint to results/checkpoints/strict_grad_norm_uncapped_adam40k_5090/best.pt
Saved PyTorch checkpoint to results/checkpoints/strict_grad_norm_uncapped_adam40k_5090/best.pt
Saved PyTorch checkpoint to results/checkpoints/strict_grad_norm_uncapped_adam40k_5090/best.pt
Saved PyTorch checkpoint to results/checkpoints/strict_grad_norm_uncapped_adam40k_5090/best.pt
Saved PyTorch checkpoint to results/checkpoints/strict_grad_norm_uncapped_adam40k_5090/best.pt
Saved PyTorch checkpoint to results/checkpoints/strict_grad_norm_uncapped_adam40k_5090/best.pt
Saved PyTorch checkpoint to results/checkpoints/strict_grad_norm_uncapped_adam40k_5090/best.pt
Saved PyTorch checkpoint to results/checkpoints/strict_grad_norm_uncapped_adam40k_5090/best.pt
Saved PyTorch checkpoint to results/checkpoints/strict_grad_norm_uncapped_adam40k_5090/best.pt
Saved PyTorch checkpoint to results/checkpoints/strict_grad_norm_uncapped_adam40k_5090/best.pt
Saved PyTorch checkpoint to results/checkpoints/strict_grad_norm_uncapped_adam40k_5090/best.pt
Saved PyTorch checkpoint to results/checkpoints/strict_grad_norm_uncapped_adam40k_5090/best.pt
Saved PyTorch checkpoint to results/checkpoints/strict_grad_norm_uncapped_adam40k_5090/best.pt
Saved PyTorch checkpoint to results/checkpoints/strict_grad_norm_uncapped_adam40k_5090/best.pt
Saved PyTorch checkpoint to results/checkpoints/strict_grad_norm_uncapped_adam40k_5090/best.pt
Saved PyTorch checkpoint to results/checkpoints/strict_grad_norm_uncapped_adam40k_5090/best.pt
Saved PyTorch checkpoint to results/checkpoints/strict_grad_norm_uncapped_adam40k_5090/best.pt
Saved PyTorch checkpoint to results/checkpoints/strict_grad_norm_uncapped_adam40k_5090/best.pt
Saved PyTorch checkpoint to results/checkpoints/strict_grad_norm_uncapped_adam40k_5090/best.pt
Saved PyTorch checkpoint to results/checkpoints/strict_grad_norm_uncapped_adam40k_5090/best.pt
Saved PyTorch checkpoint to results/checkpoints/strict_grad_norm_uncapped_adam40k_5090/best.pt
Saved PyTorch checkpoint to results/checkpoints/strict_grad_norm_uncapped_adam40k_5090/best.pt
Saved PyTorch checkpoint to results/checkpoints/strict_grad_norm_uncapped_adam40k_5090/best.pt
Saved PyTorch checkpoint to results/checkpoints/strict_grad_norm_uncapped_adam40k_5090/best.pt
Saved PyTorch checkpoint to results/checkpoints/strict_grad_norm_uncapped_adam40k_5090/best.pt
Saved PyTorch checkpoint to results/checkpoints/strict_grad_norm_uncapped_adam40k_5090/best.pt
Saved PyTorch checkpoint to results/checkpoints/strict_grad_norm_uncapped_adam40k_5090/best.pt
Saved PyTorch checkpoint to results/checkpoints/strict_grad_norm_uncapped_adam40k_5090/best.pt
Saved PyTorch checkpoint to results/checkpoints/strict_grad_norm_uncapped_adam40k_5090/best.pt
Saved PyTorch checkpoint to results/checkpoints/strict_grad_norm_uncapped_adam40k_5090/best.pt
Saved PyTorch checkpoint to results/checkpoints/strict_grad_norm_uncapped_adam40k_5090/best.pt
Saved PyTorch checkpoint to results/checkpoints/strict_grad_norm_uncapped_adam40k_5090/best.pt
Saved PyTorch checkpoint to results/checkpoints/strict_grad_norm_uncapped_adam40k_5090/best.pt
Saved PyTorch checkpoint to results/checkpoints/strict_grad_norm_uncapped_adam40k_5090/best.pt
Saved PyTorch checkpoint to results/checkpoints/strict_grad_norm_uncapped_adam40k_5090/best.pt
Saved PyTorch checkpoint to results/checkpoints/strict_grad_norm_uncapped_adam40k_5090/best.pt
Saved PyTorch checkpoint to results/checkpoints/strict_grad_norm_uncapped_adam40k_5090/best.pt
Saved PyTorch checkpoint to results/checkpoints/strict_grad_norm_uncapped_adam40k_5090/best.pt
Saved PyTorch checkpoint to results/checkpoints/strict_grad_norm_uncapped_adam40k_5090/best.pt
Saved PyTorch checkpoint to results/checkpoints/strict_grad_norm_uncapped_adam40k_5090/best.pt
Saved PyTorch checkpoint to results/checkpoints/strict_grad_norm_uncapped_adam40k_5090/best.pt
Saved PyTorch checkpoint to results/checkpoints/strict_grad_norm_uncapped_adam40k_5090/best.pt
Saved PyTorch checkpoint to results/checkpoints/strict_grad_norm_uncapped_adam40k_5090/best.pt
Saved PyTorch checkpoint to results/checkpoints/strict_grad_norm_uncapped_adam40k_5090/best.pt
Saved PyTorch checkpoint to results/checkpoints/strict_grad_norm_uncapped_adam40k_5090/best.pt
Saved PyTorch checkpoint to results/checkpoints/strict_grad_norm_uncapped_adam40k_5090/best.pt
Saved PyTorch checkpoint to results/checkpoints/strict_grad_norm_uncapped_adam40k_5090/best.pt
Saved PyTorch checkpoint to results/checkpoints/strict_grad_norm_uncapped_adam40k_5090/best.pt
Saved PyTorch checkpoint to results/checkpoints/strict_grad_norm_uncapped_adam40k_5090/best.pt
Saved PyTorch checkpoint to results/checkpoints/strict_grad_norm_uncapped_adam40k_5090/best.pt
Saved PyTorch checkpoint to results/checkpoints/strict_grad_norm_uncapped_adam40k_5090/best.pt
Saved PyTorch checkpoint to results/checkpoints/strict_grad_norm_uncapped_adam40k_5090/best.pt
Saved PyTorch checkpoint to results/checkpoints/strict_grad_norm_uncapped_adam40k_5090/best.pt
Saved PyTorch checkpoint to results/checkpoints/strict_grad_norm_uncapped_adam40k_5090/best.pt
Saved PyTorch checkpoint to results/checkpoints/strict_grad_norm_uncapped_adam40k_5090/best.pt
Saved PyTorch checkpoint to results/checkpoints/strict_grad_norm_uncapped_adam40k_5090/best.pt
Saved PyTorch checkpoint to results/checkpoints/strict_grad_norm_uncapped_adam40k_5090/best.pt
Saved PyTorch checkpoint to results/checkpoints/strict_grad_norm_uncapped_adam40k_5090/best.pt
Saved PyTorch checkpoint to results/checkpoints/strict_grad_norm_uncapped_adam40k_5090/best.pt
Saved PyTorch checkpoint to results/checkpoints/strict_grad_norm_uncapped_adam40k_5090/best.pt
Saved PyTorch checkpoint to results/checkpoints/strict_grad_norm_uncapped_adam40k_5090/best.pt
Saved PyTorch checkpoint to results/checkpoints/strict_grad_norm_uncapped_adam40k_5090/best.pt
Saved PyTorch checkpoint to results/checkpoints/strict_grad_norm_uncapped_adam40k_5090/best.pt
Saved PyTorch checkpoint to results/checkpoints/strict_grad_norm_uncapped_adam40k_5090/best.pt
Saved PyTorch checkpoint to results/checkpoints/strict_grad_norm_uncapped_adam40k_5090/best.pt
Saved PyTorch checkpoint to results/checkpoints/strict_grad_norm_uncapped_adam40k_5090/best.pt
Saved PyTorch checkpoint to results/checkpoints/strict_grad_norm_uncapped_adam40k_5090/best.pt
Saved PyTorch checkpoint to results/checkpoints/strict_grad_norm_uncapped_adam40k_5090/best.pt
Saved PyTorch checkpoint to results/checkpoints/strict_grad_norm_uncapped_adam40k_5090/best.pt
Saved PyTorch checkpoint to results/checkpoints/strict_grad_norm_uncapped_adam40k_5090/best.pt
Adam 17300 | total=1.442e-02 f=2.159e-05 ic=1.337e-07 wall=6.939e-06 inlet=1.947e-01 outlet=4.443e-09 lr=5.000e-04 | λ[f=1.00 ic=577.01 wall=12.80 inlet=0.07 outlet=37918.52]
Saved PyTorch checkpoint to results/checkpoints/strict_grad_norm_uncapped_adam40k_5090/best.pt
Saved PyTorch checkpoint to results/checkpoints/strict_grad_norm_uncapped_adam40k_5090/best.pt
Saved PyTorch checkpoint to results/checkpoints/strict_grad_norm_uncapped_adam40k_5090/best.pt
Saved PyTorch checkpoint to results/checkpoints/strict_grad_norm_uncapped_adam40k_5090/best.pt
Saved PyTorch checkpoint to results/checkpoints/strict_grad_norm_uncapped_adam40k_5090/best.pt
Saved PyTorch checkpoint to results/checkpoints/strict_grad_norm_uncapped_adam40k_5090/best.pt
Saved PyTorch checkpoint to results/checkpoints/strict_grad_norm_uncapped_adam40k_5090/best.pt
Saved PyTorch checkpoint to results/checkpoints/strict_grad_norm_uncapped_adam40k_5090/best.pt
Saved PyTorch checkpoint to results/checkpoints/strict_grad_norm_uncapped_adam40k_5090/best.pt
Saved PyTorch checkpoint to results/checkpoints/strict_grad_norm_uncapped_adam40k_5090/best.pt
Saved PyTorch checkpoint to results/checkpoints/strict_grad_norm_uncapped_adam40k_5090/best.pt
Saved PyTorch checkpoint to results/checkpoints/strict_grad_norm_uncapped_adam40k_5090/best.pt
Saved PyTorch checkpoint to results/checkpoints/strict_grad_norm_uncapped_adam40k_5090/best.pt
Saved PyTorch checkpoint to results/checkpoints/strict_grad_norm_uncapped_adam40k_5090/best.pt
Saved PyTorch checkpoint to results/checkpoints/strict_grad_norm_uncapped_adam40k_5090/best.pt
Saved PyTorch checkpoint to results/checkpoints/strict_grad_norm_uncapped_adam40k_5090/best.pt
Saved PyTorch checkpoint to results/checkpoints/strict_grad_norm_uncapped_adam40k_5090/best.pt
Saved PyTorch checkpoint to results/checkpoints/strict_grad_norm_uncapped_adam40k_5090/best.pt
Saved PyTorch checkpoint to results/checkpoints/strict_grad_norm_uncapped_adam40k_5090/best.pt
Saved PyTorch checkpoint to results/checkpoints/strict_grad_norm_uncapped_adam40k_5090/best.pt
Saved PyTorch checkpoint to results/checkpoints/strict_grad_norm_uncapped_adam40k_5090/best.pt
Saved PyTorch checkpoint to results/checkpoints/strict_grad_norm_uncapped_adam40k_5090/best.pt
Saved PyTorch checkpoint to results/checkpoints/strict_grad_norm_uncapped_adam40k_5090/best.pt
Saved PyTorch checkpoint to results/checkpoints/strict_grad_norm_uncapped_adam40k_5090/best.pt
Saved PyTorch checkpoint to results/checkpoints/strict_grad_norm_uncapped_adam40k_5090/best.pt
Saved PyTorch checkpoint to results/checkpoints/strict_grad_norm_uncapped_adam40k_5090/best.pt
Saved PyTorch checkpoint to results/checkpoints/strict_grad_norm_uncapped_adam40k_5090/best.pt
Saved PyTorch checkpoint to results/checkpoints/strict_grad_norm_uncapped_adam40k_5090/best.pt
Saved PyTorch checkpoint to results/checkpoints/strict_grad_norm_uncapped_adam40k_5090/best.pt
Saved PyTorch checkpoint to results/checkpoints/strict_grad_norm_uncapped_adam40k_5090/best.pt
Saved PyTorch checkpoint to results/checkpoints/strict_grad_norm_uncapped_adam40k_5090/best.pt
Saved PyTorch checkpoint to results/checkpoints/strict_grad_norm_uncapped_adam40k_5090/best.pt
Saved PyTorch checkpoint to results/checkpoints/strict_grad_norm_uncapped_adam40k_5090/best.pt
Saved PyTorch checkpoint to results/checkpoints/strict_grad_norm_uncapped_adam40k_5090/best.pt
Saved PyTorch checkpoint to results/checkpoints/strict_grad_norm_uncapped_adam40k_5090/best.pt
Saved PyTorch checkpoint to results/checkpoints/strict_grad_norm_uncapped_adam40k_5090/best.pt
Saved PyTorch checkpoint to results/checkpoints/strict_grad_norm_uncapped_adam40k_5090/best.pt
Saved PyTorch checkpoint to results/checkpoints/strict_grad_norm_uncapped_adam40k_5090/best.pt
Saved PyTorch checkpoint to results/checkpoints/strict_grad_norm_uncapped_adam40k_5090/best.pt
Saved PyTorch checkpoint to results/checkpoints/strict_grad_norm_uncapped_adam40k_5090/best.pt
Saved PyTorch checkpoint to results/checkpoints/strict_grad_norm_uncapped_adam40k_5090/best.pt
Saved PyTorch checkpoint to results/checkpoints/strict_grad_norm_uncapped_adam40k_5090/best.pt
Saved PyTorch checkpoint to results/checkpoints/strict_grad_norm_uncapped_adam40k_5090/best.pt
Saved PyTorch checkpoint to results/checkpoints/strict_grad_norm_uncapped_adam40k_5090/best.pt
Saved PyTorch checkpoint to results/checkpoints/strict_grad_norm_uncapped_adam40k_5090/best.pt
Saved PyTorch checkpoint to results/checkpoints/strict_grad_norm_uncapped_adam40k_5090/best.pt
Saved PyTorch checkpoint to results/checkpoints/strict_grad_norm_uncapped_adam40k_5090/best.pt
Saved PyTorch checkpoint to results/checkpoints/strict_grad_norm_uncapped_adam40k_5090/best.pt
Saved PyTorch checkpoint to results/checkpoints/strict_grad_norm_uncapped_adam40k_5090/best.pt
Saved PyTorch checkpoint to results/checkpoints/strict_grad_norm_uncapped_adam40k_5090/best.pt
Saved PyTorch checkpoint to results/checkpoints/strict_grad_norm_uncapped_adam40k_5090/best.pt
Saved PyTorch checkpoint to results/checkpoints/strict_grad_norm_uncapped_adam40k_5090/best.pt
Saved PyTorch checkpoint to results/checkpoints/strict_grad_norm_uncapped_adam40k_5090/best.pt
Saved PyTorch checkpoint to results/checkpoints/strict_grad_norm_uncapped_adam40k_5090/best.pt
Saved PyTorch checkpoint to results/checkpoints/strict_grad_norm_uncapped_adam40k_5090/best.pt
Saved PyTorch checkpoint to results/checkpoints/strict_grad_norm_uncapped_adam40k_5090/best.pt
Saved PyTorch checkpoint to results/checkpoints/strict_grad_norm_uncapped_adam40k_5090/best.pt
Saved PyTorch checkpoint to results/checkpoints/strict_grad_norm_uncapped_adam40k_5090/best.pt
Saved PyTorch checkpoint to results/checkpoints/strict_grad_norm_uncapped_adam40k_5090/best.pt
Saved PyTorch checkpoint to results/checkpoints/strict_grad_norm_uncapped_adam40k_5090/best.pt
Saved PyTorch checkpoint to results/checkpoints/strict_grad_norm_uncapped_adam40k_5090/best.pt
Saved PyTorch checkpoint to results/checkpoints/strict_grad_norm_uncapped_adam40k_5090/best.pt
Saved PyTorch checkpoint to results/checkpoints/strict_grad_norm_uncapped_adam40k_5090/best.pt
Saved PyTorch checkpoint to results/checkpoints/strict_grad_norm_uncapped_adam40k_5090/best.pt
Saved PyTorch checkpoint to results/checkpoints/strict_grad_norm_uncapped_adam40k_5090/best.pt
Saved PyTorch checkpoint to results/checkpoints/strict_grad_norm_uncapped_adam40k_5090/best.pt
Saved PyTorch checkpoint to results/checkpoints/strict_grad_norm_uncapped_adam40k_5090/best.pt
Saved PyTorch checkpoint to results/checkpoints/strict_grad_norm_uncapped_adam40k_5090/best.pt
Saved PyTorch checkpoint to results/checkpoints/strict_grad_norm_uncapped_adam40k_5090/best.pt
Saved PyTorch checkpoint to results/checkpoints/strict_grad_norm_uncapped_adam40k_5090/best.pt
Saved PyTorch checkpoint to results/checkpoints/strict_grad_norm_uncapped_adam40k_5090/best.pt
Saved PyTorch checkpoint to results/checkpoints/strict_grad_norm_uncapped_adam40k_5090/best.pt
Saved PyTorch checkpoint to results/checkpoints/strict_grad_norm_uncapped_adam40k_5090/best.pt
Saved PyTorch checkpoint to results/checkpoints/strict_grad_norm_uncapped_adam40k_5090/best.pt
Saved PyTorch checkpoint to results/checkpoints/strict_grad_norm_uncapped_adam40k_5090/best.pt
Saved PyTorch checkpoint to results/checkpoints/strict_grad_norm_uncapped_adam40k_5090/best.pt
Saved PyTorch checkpoint to results/checkpoints/strict_grad_norm_uncapped_adam40k_5090/best.pt
Saved PyTorch checkpoint to results/checkpoints/strict_grad_norm_uncapped_adam40k_5090/best.pt
Saved PyTorch checkpoint to results/checkpoints/strict_grad_norm_uncapped_adam40k_5090/best.pt
Saved PyTorch checkpoint to results/checkpoints/strict_grad_norm_uncapped_adam40k_5090/best.pt
Saved PyTorch checkpoint to results/checkpoints/strict_grad_norm_uncapped_adam40k_5090/best.pt
Saved PyTorch checkpoint to results/checkpoints/strict_grad_norm_uncapped_adam40k_5090/best.pt
Saved PyTorch checkpoint to results/checkpoints/strict_grad_norm_uncapped_adam40k_5090/best.pt
Saved PyTorch checkpoint to results/checkpoints/strict_grad_norm_uncapped_adam40k_5090/best.pt
Saved PyTorch checkpoint to results/checkpoints/strict_grad_norm_uncapped_adam40k_5090/best.pt
Saved PyTorch checkpoint to results/checkpoints/strict_grad_norm_uncapped_adam40k_5090/best.pt
Saved PyTorch checkpoint to results/checkpoints/strict_grad_norm_uncapped_adam40k_5090/best.pt
Saved PyTorch checkpoint to results/checkpoints/strict_grad_norm_uncapped_adam40k_5090/best.pt
Saved PyTorch checkpoint to results/checkpoints/strict_grad_norm_uncapped_adam40k_5090/best.pt
Saved PyTorch checkpoint to results/checkpoints/strict_grad_norm_uncapped_adam40k_5090/best.pt
Saved PyTorch checkpoint to results/checkpoints/strict_grad_norm_uncapped_adam40k_5090/best.pt
Saved PyTorch checkpoint to results/checkpoints/strict_grad_norm_uncapped_adam40k_5090/best.pt
Saved PyTorch checkpoint to results/checkpoints/strict_grad_norm_uncapped_adam40k_5090/best.pt
Saved PyTorch checkpoint to results/checkpoints/strict_grad_norm_uncapped_adam40k_5090/best.pt
Saved PyTorch checkpoint to results/checkpoints/strict_grad_norm_uncapped_adam40k_5090/best.pt
Saved PyTorch checkpoint to results/checkpoints/strict_grad_norm_uncapped_adam40k_5090/best.pt
Saved PyTorch checkpoint to results/checkpoints/strict_grad_norm_uncapped_adam40k_5090/best.pt
Saved PyTorch checkpoint to results/checkpoints/strict_grad_norm_uncapped_adam40k_5090/best.pt
Saved PyTorch checkpoint to results/checkpoints/strict_grad_norm_uncapped_adam40k_5090/best.pt
Saved PyTorch checkpoint to results/checkpoints/strict_grad_norm_uncapped_adam40k_5090/best.pt
Adam 17400 | total=1.423e-02 f=2.164e-05 ic=1.292e-07 wall=6.970e-06 inlet=1.947e-01 outlet=3.173e-09 lr=5.000e-04 | λ[f=1.00 ic=580.95 wall=12.63 inlet=0.07 outlet=45119.32]
Saved PyTorch checkpoint to results/checkpoints/strict_grad_norm_uncapped_adam40k_5090/best.pt
Saved PyTorch checkpoint to results/checkpoints/strict_grad_norm_uncapped_adam40k_5090/best.pt
Saved PyTorch checkpoint to results/checkpoints/strict_grad_norm_uncapped_adam40k_5090/best.pt
Saved PyTorch checkpoint to results/checkpoints/strict_grad_norm_uncapped_adam40k_5090/best.pt
Saved PyTorch checkpoint to results/checkpoints/strict_grad_norm_uncapped_adam40k_5090/best.pt
Saved PyTorch checkpoint to results/checkpoints/strict_grad_norm_uncapped_adam40k_5090/best.pt
Saved PyTorch checkpoint to results/checkpoints/strict_grad_norm_uncapped_adam40k_5090/best.pt
Saved PyTorch checkpoint to results/checkpoints/strict_grad_norm_uncapped_adam40k_5090/best.pt
Saved PyTorch checkpoint to results/checkpoints/strict_grad_norm_uncapped_adam40k_5090/best.pt
Saved PyTorch checkpoint to results/checkpoints/strict_grad_norm_uncapped_adam40k_5090/best.pt
Saved PyTorch checkpoint to results/checkpoints/strict_grad_norm_uncapped_adam40k_5090/best.pt
Saved PyTorch checkpoint to results/checkpoints/strict_grad_norm_uncapped_adam40k_5090/best.pt
Saved PyTorch checkpoint to results/checkpoints/strict_grad_norm_uncapped_adam40k_5090/best.pt
Saved PyTorch checkpoint to results/checkpoints/strict_grad_norm_uncapped_adam40k_5090/best.pt
Saved PyTorch checkpoint to results/checkpoints/strict_grad_norm_uncapped_adam40k_5090/best.pt
Saved PyTorch checkpoint to results/checkpoints/strict_grad_norm_uncapped_adam40k_5090/best.pt
Saved PyTorch checkpoint to results/checkpoints/strict_grad_norm_uncapped_adam40k_5090/best.pt
Saved PyTorch checkpoint to results/checkpoints/strict_grad_norm_uncapped_adam40k_5090/best.pt
Saved PyTorch checkpoint to results/checkpoints/strict_grad_norm_uncapped_adam40k_5090/best.pt
Saved PyTorch checkpoint to results/checkpoints/strict_grad_norm_uncapped_adam40k_5090/best.pt
Saved PyTorch checkpoint to results/checkpoints/strict_grad_norm_uncapped_adam40k_5090/best.pt
Saved PyTorch checkpoint to results/checkpoints/strict_grad_norm_uncapped_adam40k_5090/best.pt
Saved PyTorch checkpoint to results/checkpoints/strict_grad_norm_uncapped_adam40k_5090/best.pt
Saved PyTorch checkpoint to results/checkpoints/strict_grad_norm_uncapped_adam40k_5090/best.pt
Saved PyTorch checkpoint to results/checkpoints/strict_grad_norm_uncapped_adam40k_5090/best.pt
Saved PyTorch checkpoint to results/checkpoints/strict_grad_norm_uncapped_adam40k_5090/best.pt
Saved PyTorch checkpoint to results/checkpoints/strict_grad_norm_uncapped_adam40k_5090/best.pt
Saved PyTorch checkpoint to results/checkpoints/strict_grad_norm_uncapped_adam40k_5090/best.pt
Saved PyTorch checkpoint to results/checkpoints/strict_grad_norm_uncapped_adam40k_5090/best.pt
Saved PyTorch checkpoint to results/checkpoints/strict_grad_norm_uncapped_adam40k_5090/best.pt
Saved PyTorch checkpoint to results/checkpoints/strict_grad_norm_uncapped_adam40k_5090/best.pt
Saved PyTorch checkpoint to results/checkpoints/strict_grad_norm_uncapped_adam40k_5090/best.pt
Saved PyTorch checkpoint to results/checkpoints/strict_grad_norm_uncapped_adam40k_5090/best.pt
Saved PyTorch checkpoint to results/checkpoints/strict_grad_norm_uncapped_adam40k_5090/best.pt
Saved PyTorch checkpoint to results/checkpoints/strict_grad_norm_uncapped_adam40k_5090/best.pt
Saved PyTorch checkpoint to results/checkpoints/strict_grad_norm_uncapped_adam40k_5090/best.pt
Saved PyTorch checkpoint to results/checkpoints/strict_grad_norm_uncapped_adam40k_5090/best.pt
Saved PyTorch checkpoint to results/checkpoints/strict_grad_norm_uncapped_adam40k_5090/best.pt
Saved PyTorch checkpoint to results/checkpoints/strict_grad_norm_uncapped_adam40k_5090/best.pt
Saved PyTorch checkpoint to results/checkpoints/strict_grad_norm_uncapped_adam40k_5090/best.pt
Saved PyTorch checkpoint to results/checkpoints/strict_grad_norm_uncapped_adam40k_5090/best.pt
Saved PyTorch checkpoint to results/checkpoints/strict_grad_norm_uncapped_adam40k_5090/best.pt
Saved PyTorch checkpoint to results/checkpoints/strict_grad_norm_uncapped_adam40k_5090/best.pt
Saved PyTorch checkpoint to results/checkpoints/strict_grad_norm_uncapped_adam40k_5090/best.pt
Saved PyTorch checkpoint to results/checkpoints/strict_grad_norm_uncapped_adam40k_5090/best.pt
Saved PyTorch checkpoint to results/checkpoints/strict_grad_norm_uncapped_adam40k_5090/best.pt
Saved PyTorch checkpoint to results/checkpoints/strict_grad_norm_uncapped_adam40k_5090/best.pt
Saved PyTorch checkpoint to results/checkpoints/strict_grad_norm_uncapped_adam40k_5090/best.pt
Saved PyTorch checkpoint to results/checkpoints/strict_grad_norm_uncapped_adam40k_5090/best.pt
Saved PyTorch checkpoint to results/checkpoints/strict_grad_norm_uncapped_adam40k_5090/best.pt
Saved PyTorch checkpoint to results/checkpoints/strict_grad_norm_uncapped_adam40k_5090/best.pt
Saved PyTorch checkpoint to results/checkpoints/strict_grad_norm_uncapped_adam40k_5090/best.pt
Saved PyTorch checkpoint to results/checkpoints/strict_grad_norm_uncapped_adam40k_5090/best.pt
Saved PyTorch checkpoint to results/checkpoints/strict_grad_norm_uncapped_adam40k_5090/best.pt
Saved PyTorch checkpoint to results/checkpoints/strict_grad_norm_uncapped_adam40k_5090/best.pt
Saved PyTorch checkpoint to results/checkpoints/strict_grad_norm_uncapped_adam40k_5090/best.pt
Saved PyTorch checkpoint to results/checkpoints/strict_grad_norm_uncapped_adam40k_5090/best.pt
Saved PyTorch checkpoint to results/checkpoints/strict_grad_norm_uncapped_adam40k_5090/best.pt
Saved PyTorch checkpoint to results/checkpoints/strict_grad_norm_uncapped_adam40k_5090/best.pt
Saved PyTorch checkpoint to results/checkpoints/strict_grad_norm_uncapped_adam40k_5090/best.pt
Saved PyTorch checkpoint to results/checkpoints/strict_grad_norm_uncapped_adam40k_5090/best.pt
Saved PyTorch checkpoint to results/checkpoints/strict_grad_norm_uncapped_adam40k_5090/best.pt
Saved PyTorch checkpoint to results/checkpoints/strict_grad_norm_uncapped_adam40k_5090/best.pt
Saved PyTorch checkpoint to results/checkpoints/strict_grad_norm_uncapped_adam40k_5090/best.pt
Saved PyTorch checkpoint to results/checkpoints/strict_grad_norm_uncapped_adam40k_5090/best.pt
Saved PyTorch checkpoint to results/checkpoints/strict_grad_norm_uncapped_adam40k_5090/best.pt
Saved PyTorch checkpoint to results/checkpoints/strict_grad_norm_uncapped_adam40k_5090/best.pt
Saved PyTorch checkpoint to results/checkpoints/strict_grad_norm_uncapped_adam40k_5090/best.pt
Saved PyTorch checkpoint to results/checkpoints/strict_grad_norm_uncapped_adam40k_5090/best.pt
Saved PyTorch checkpoint to results/checkpoints/strict_grad_norm_uncapped_adam40k_5090/best.pt
Saved PyTorch checkpoint to results/checkpoints/strict_grad_norm_uncapped_adam40k_5090/best.pt
Saved PyTorch checkpoint to results/checkpoints/strict_grad_norm_uncapped_adam40k_5090/best.pt
Saved PyTorch checkpoint to results/checkpoints/strict_grad_norm_uncapped_adam40k_5090/best.pt
Saved PyTorch checkpoint to results/checkpoints/strict_grad_norm_uncapped_adam40k_5090/best.pt
Saved PyTorch checkpoint to results/checkpoints/strict_grad_norm_uncapped_adam40k_5090/best.pt
Saved PyTorch checkpoint to results/checkpoints/strict_grad_norm_uncapped_adam40k_5090/best.pt
Saved PyTorch checkpoint to results/checkpoints/strict_grad_norm_uncapped_adam40k_5090/best.pt
Saved PyTorch checkpoint to results/checkpoints/strict_grad_norm_uncapped_adam40k_5090/best.pt
Saved PyTorch checkpoint to results/checkpoints/strict_grad_norm_uncapped_adam40k_5090/best.pt
Saved PyTorch checkpoint to results/checkpoints/strict_grad_norm_uncapped_adam40k_5090/best.pt
Saved PyTorch checkpoint to results/checkpoints/strict_grad_norm_uncapped_adam40k_5090/best.pt
Saved PyTorch checkpoint to results/checkpoints/strict_grad_norm_uncapped_adam40k_5090/best.pt
Saved PyTorch checkpoint to results/checkpoints/strict_grad_norm_uncapped_adam40k_5090/best.pt
Saved PyTorch checkpoint to results/checkpoints/strict_grad_norm_uncapped_adam40k_5090/best.pt
Saved PyTorch checkpoint to results/checkpoints/strict_grad_norm_uncapped_adam40k_5090/best.pt
Saved PyTorch checkpoint to results/checkpoints/strict_grad_norm_uncapped_adam40k_5090/best.pt
Saved PyTorch checkpoint to results/checkpoints/strict_grad_norm_uncapped_adam40k_5090/best.pt
Saved PyTorch checkpoint to results/checkpoints/strict_grad_norm_uncapped_adam40k_5090/best.pt
Adam 17500 | total=1.417e-02 f=2.172e-05 ic=1.242e-07 wall=7.001e-06 inlet=1.947e-01 outlet=2.186e-09 lr=5.000e-04 | λ[f=1.00 ic=592.07 wall=12.57 inlet=0.07 outlet=53200.23]
Saved PyTorch checkpoint to results/checkpoints/strict_grad_norm_uncapped_adam40k_5090/best.pt
Saved PyTorch checkpoint to results/checkpoints/strict_grad_norm_uncapped_adam40k_5090/best.pt
Saved PyTorch checkpoint to results/checkpoints/strict_grad_norm_uncapped_adam40k_5090/best.pt
Saved PyTorch checkpoint to results/checkpoints/strict_grad_norm_uncapped_adam40k_5090/best.pt
Saved PyTorch checkpoint to results/checkpoints/strict_grad_norm_uncapped_adam40k_5090/best.pt
Saved PyTorch checkpoint to results/checkpoints/strict_grad_norm_uncapped_adam40k_5090/best.pt
Saved PyTorch checkpoint to results/checkpoints/strict_grad_norm_uncapped_adam40k_5090/best.pt
Saved PyTorch checkpoint to results/checkpoints/strict_grad_norm_uncapped_adam40k_5090/best.pt
Saved PyTorch checkpoint to results/checkpoints/strict_grad_norm_uncapped_adam40k_5090/best.pt
Saved PyTorch checkpoint to results/checkpoints/strict_grad_norm_uncapped_adam40k_5090/best.pt
Adam 17600 | total=1.435e-02 f=2.184e-05 ic=9.251e-08 wall=7.009e-06 inlet=1.947e-01 outlet=1.030e-08 lr=5.000e-04 | λ[f=1.00 ic=1246.55 wall=12.74 inlet=0.07 outlet=1322.05]
Adam 17700 | total=1.573e-02 f=2.176e-05 ic=9.177e-08 wall=6.964e-06 inlet=1.947e-01 outlet=3.678e-09 lr=5.000e-04 | λ[f=1.00 ic=1001.96 wall=13.99 inlet=0.08 outlet=3174.71]
Adam 17800 | total=1.634e-02 f=2.176e-05 ic=9.202e-08 wall=6.970e-06 inlet=1.946e-01 outlet=2.333e-09 lr=5.000e-04 | λ[f=1.00 ic=903.82 wall=14.60 inlet=0.08 outlet=7674.93]
Adam 17900 | total=1.692e-02 f=2.186e-05 ic=9.074e-08 wall=6.987e-06 inlet=1.946e-01 outlet=1.864e-09 lr=5.000e-04 | λ[f=1.00 ic=903.05 wall=15.14 inlet=0.09 outlet=12496.37]
Adam 18000 | total=1.723e-02 f=2.203e-05 ic=9.080e-08 wall=7.013e-06 inlet=1.946e-01 outlet=1.422e-09 lr=5.000e-04 | λ[f=1.00 ic=874.75 wall=15.43 inlet=0.09 outlet=28886.68]
Adam 18100 | total=1.795e-02 f=2.229e-05 ic=9.016e-08 wall=7.048e-06 inlet=1.946e-01 outlet=9.866e-10 lr=5.000e-04 | λ[f=1.00 ic=901.67 wall=16.08 inlet=0.09 outlet=50063.44]
Adam 18200 | total=1.842e-02 f=2.237e-05 ic=7.503e-08 wall=7.028e-06 inlet=1.946e-01 outlet=1.799e-09 lr=5.000e-04 | λ[f=1.00 ic=1244.14 wall=16.52 inlet=0.09 outlet=5995.76]
Adam 18300 | total=1.936e-02 f=2.254e-05 ic=7.041e-08 wall=7.006e-06 inlet=1.946e-01 outlet=1.488e-09 lr=5.000e-04 | λ[f=1.00 ic=1277.39 wall=17.44 inlet=0.10 outlet=10652.95]
Adam 18400 | total=2.031e-02 f=2.282e-05 ic=6.976e-08 wall=7.024e-06 inlet=1.946e-01 outlet=1.045e-09 lr=5.000e-04 | λ[f=1.00 ic=1251.99 wall=18.34 inlet=0.10 outlet=26382.98]
Adam 18500 | total=2.117e-02 f=2.316e-05 ic=6.660e-08 wall=7.048e-06 inlet=1.946e-01 outlet=9.194e-10 lr=5.000e-04 | λ[f=1.00 ic=1103.82 wall=19.18 inlet=0.11 outlet=10813.06]
Adam 18600 | total=1.945e+00 f=2.579e-03 ic=4.314e-04 wall=4.816e-04 inlet=1.935e-01 outlet=1.119e-05 lr=5.000e-04 | λ[f=1.00 ic=272.36 wall=238.68 inlet=8.68 outlet=2675.78]
Adam 18700 | total=7.751e-02 f=1.487e-04 ic=1.191e-06 wall=4.888e-06 inlet=1.951e-01 outlet=8.846e-08 lr=5.000e-04 | λ[f=1.00 ic=999.81 wall=148.67 inlet=0.37 outlet=28621.69]
Adam 18800 | total=8.478e-02 f=8.292e-05 ic=4.126e-07 wall=3.355e-06 inlet=1.956e-01 outlet=4.673e-08 lr=5.000e-04 | λ[f=1.00 ic=3593.46 wall=114.61 inlet=0.41 outlet=66866.21]
Adam 18900 | total=9.878e-02 f=5.908e-05 ic=7.988e-08 wall=3.038e-06 inlet=1.959e-01 outlet=1.687e-08 lr=5.000e-04 | λ[f=1.00 ic=4631.49 wall=106.69 inlet=0.49 outlet=80379.32]
Adam 19000 | total=7.940e-02 f=4.119e-05 ic=5.973e-08 wall=2.862e-06 inlet=1.960e-01 outlet=7.924e-09 lr=5.000e-04 | λ[f=1.00 ic=3083.70 wall=88.33 inlet=0.40 outlet=63732.46]
Adam 19100 | total=6.470e-02 f=3.198e-05 ic=6.186e-08 wall=2.748e-06 inlet=1.960e-01 outlet=4.912e-09 lr=5.000e-04 | λ[f=1.00 ic=2273.44 wall=74.74 inlet=0.33 outlet=59411.32]
Adam 19200 | total=5.393e-02 f=2.676e-05 ic=6.519e-08 wall=2.675e-06 inlet=1.960e-01 outlet=3.421e-09 lr=5.000e-04 | λ[f=1.00 ic=1789.43 wall=64.10 inlet=0.27 outlet=60377.03]
Adam 19300 | total=4.559e-02 f=2.333e-05 ic=6.780e-08 wall=2.621e-06 inlet=1.960e-01 outlet=2.541e-09 lr=5.000e-04 | λ[f=1.00 ic=1452.19 wall=55.40 inlet=0.23 outlet=69677.58]
Adam 19400 | total=3.881e-02 f=2.082e-05 ic=6.989e-08 wall=2.577e-06 inlet=1.959e-01 outlet=1.895e-09 lr=5.000e-04 | λ[f=1.00 ic=1207.57 wall=48.07 inlet=0.20 outlet=84878.37]
Adam 19500 | total=3.335e-02 f=1.885e-05 ic=7.026e-08 wall=2.540e-06 inlet=1.959e-01 outlet=1.451e-09 lr=5.000e-04 | λ[f=1.00 ic=1040.43 wall=41.96 inlet=0.17 outlet=90551.86]
Adam 19600 | total=3.057e-02 f=1.722e-05 ic=6.962e-08 wall=2.508e-06 inlet=1.959e-01 outlet=1.125e-09 lr=5.000e-04 | λ[f=1.00 ic=954.28 wall=38.97 inlet=0.15 outlet=119091.79]
Adam 19700 | total=2.844e-02 f=1.581e-05 ic=6.819e-08 wall=2.480e-06 inlet=1.959e-01 outlet=8.374e-10 lr=5.000e-04 | λ[f=1.00 ic=906.83 wall=36.69 inlet=0.14 outlet=133455.07]
Adam 19800 | total=2.657e-02 f=1.457e-05 ic=6.536e-08 wall=2.455e-06 inlet=1.960e-01 outlet=6.772e-10 lr=5.000e-04 | λ[f=1.00 ic=897.89 wall=34.67 inlet=0.13 outlet=68724.48]
Adam 19900 | total=2.484e-02 f=1.343e-05 ic=6.391e-08 wall=2.435e-06 inlet=1.960e-01 outlet=5.781e-10 lr=5.000e-04 | λ[f=1.00 ic=832.66 wall=32.63 inlet=0.13 outlet=107809.64]
Adam 20000 | total=2.323e-02 f=1.241e-05 ic=6.238e-08 wall=2.415e-06 inlet=1.960e-01 outlet=4.693e-10 lr=5.000e-04 | λ[f=1.00 ic=801.97 wall=30.78 inlet=0.12 outlet=78045.57]
Saved PyTorch checkpoint to results/checkpoints/strict_grad_norm_uncapped_adam40k_5090/snapshot_iter20000.pt
[snapshot] iter 20000 → results/checkpoints/strict_grad_norm_uncapped_adam40k_5090/snapshot_iter20000.pt
Adam 20100 | total=2.179e-02 f=1.148e-05 ic=6.060e-08 wall=2.397e-06 inlet=1.960e-01 outlet=4.044e-10 lr=5.000e-04 | λ[f=1.00 ic=765.45 wall=29.02 inlet=0.11 outlet=109578.87]
Adam 20200 | total=2.051e-02 f=1.063e-05 ic=5.677e-08 wall=2.378e-06 inlet=1.960e-01 outlet=4.050e-10 lr=5.000e-04 | λ[f=1.00 ic=779.32 wall=27.48 inlet=0.10 outlet=29713.56]
Adam 20300 | total=1.918e-02 f=9.842e-06 ic=5.620e-08 wall=2.364e-06 inlet=1.960e-01 outlet=3.657e-10 lr=5.000e-04 | λ[f=1.00 ic=713.83 wall=25.81 inlet=0.10 outlet=50658.41]
Adam 20400 | total=1.799e-02 f=9.140e-06 ic=5.572e-08 wall=2.350e-06 inlet=1.960e-01 outlet=3.243e-10 lr=5.000e-04 | λ[f=1.00 ic=674.60 wall=24.33 inlet=0.09 outlet=76424.14]
Adam 20500 | total=1.695e-02 f=8.509e-06 ic=5.329e-08 wall=2.336e-06 inlet=1.960e-01 outlet=3.207e-10 lr=5.000e-04 | λ[f=1.00 ic=714.32 wall=23.04 inlet=0.09 outlet=21763.37]
Adam 20600 | total=1.595e-02 f=7.918e-06 ic=5.213e-08 wall=2.325e-06 inlet=1.960e-01 outlet=2.933e-10 lr=5.000e-04 | λ[f=1.00 ic=633.78 wall=21.73 inlet=0.08 outlet=33478.42]
Adam 20700 | total=1.501e-02 f=7.391e-06 ic=5.180e-08 wall=2.315e-06 inlet=1.960e-01 outlet=2.641e-10 lr=5.000e-04 | λ[f=1.00 ic=598.57 wall=20.52 inlet=0.08 outlet=53317.35]
Adam 20800 | total=1.417e-02 f=6.916e-06 ic=5.141e-08 wall=2.306e-06 inlet=1.960e-01 outlet=2.331e-10 lr=5.000e-04 | λ[f=1.00 ic=567.59 wall=19.42 inlet=0.07 outlet=88066.20]
Saved PyTorch checkpoint to results/checkpoints/strict_grad_norm_uncapped_adam40k_5090/best.pt
Saved PyTorch checkpoint to results/checkpoints/strict_grad_norm_uncapped_adam40k_5090/best.pt
Saved PyTorch checkpoint to results/checkpoints/strict_grad_norm_uncapped_adam40k_5090/best.pt
Saved PyTorch checkpoint to results/checkpoints/strict_grad_norm_uncapped_adam40k_5090/best.pt
Saved PyTorch checkpoint to results/checkpoints/strict_grad_norm_uncapped_adam40k_5090/best.pt
Saved PyTorch checkpoint to results/checkpoints/strict_grad_norm_uncapped_adam40k_5090/best.pt
Saved PyTorch checkpoint to results/checkpoints/strict_grad_norm_uncapped_adam40k_5090/best.pt
Saved PyTorch checkpoint to results/checkpoints/strict_grad_norm_uncapped_adam40k_5090/best.pt
Saved PyTorch checkpoint to results/checkpoints/strict_grad_norm_uncapped_adam40k_5090/best.pt
Saved PyTorch checkpoint to results/checkpoints/strict_grad_norm_uncapped_adam40k_5090/best.pt
Saved PyTorch checkpoint to results/checkpoints/strict_grad_norm_uncapped_adam40k_5090/best.pt
Saved PyTorch checkpoint to results/checkpoints/strict_grad_norm_uncapped_adam40k_5090/best.pt
Saved PyTorch checkpoint to results/checkpoints/strict_grad_norm_uncapped_adam40k_5090/best.pt
Saved PyTorch checkpoint to results/checkpoints/strict_grad_norm_uncapped_adam40k_5090/best.pt
Saved PyTorch checkpoint to results/checkpoints/strict_grad_norm_uncapped_adam40k_5090/best.pt
Saved PyTorch checkpoint to results/checkpoints/strict_grad_norm_uncapped_adam40k_5090/best.pt
Saved PyTorch checkpoint to results/checkpoints/strict_grad_norm_uncapped_adam40k_5090/best.pt
Saved PyTorch checkpoint to results/checkpoints/strict_grad_norm_uncapped_adam40k_5090/best.pt
Saved PyTorch checkpoint to results/checkpoints/strict_grad_norm_uncapped_adam40k_5090/best.pt
Saved PyTorch checkpoint to results/checkpoints/strict_grad_norm_uncapped_adam40k_5090/best.pt
Saved PyTorch checkpoint to results/checkpoints/strict_grad_norm_uncapped_adam40k_5090/best.pt
Saved PyTorch checkpoint to results/checkpoints/strict_grad_norm_uncapped_adam40k_5090/best.pt
Saved PyTorch checkpoint to results/checkpoints/strict_grad_norm_uncapped_adam40k_5090/best.pt
Saved PyTorch checkpoint to results/checkpoints/strict_grad_norm_uncapped_adam40k_5090/best.pt
Saved PyTorch checkpoint to results/checkpoints/strict_grad_norm_uncapped_adam40k_5090/best.pt
Saved PyTorch checkpoint to results/checkpoints/strict_grad_norm_uncapped_adam40k_5090/best.pt
Saved PyTorch checkpoint to results/checkpoints/strict_grad_norm_uncapped_adam40k_5090/best.pt
Saved PyTorch checkpoint to results/checkpoints/strict_grad_norm_uncapped_adam40k_5090/best.pt
Saved PyTorch checkpoint to results/checkpoints/strict_grad_norm_uncapped_adam40k_5090/best.pt
Saved PyTorch checkpoint to results/checkpoints/strict_grad_norm_uncapped_adam40k_5090/best.pt
Saved PyTorch checkpoint to results/checkpoints/strict_grad_norm_uncapped_adam40k_5090/best.pt
Saved PyTorch checkpoint to results/checkpoints/strict_grad_norm_uncapped_adam40k_5090/best.pt
Saved PyTorch checkpoint to results/checkpoints/strict_grad_norm_uncapped_adam40k_5090/best.pt
Saved PyTorch checkpoint to results/checkpoints/strict_grad_norm_uncapped_adam40k_5090/best.pt
Saved PyTorch checkpoint to results/checkpoints/strict_grad_norm_uncapped_adam40k_5090/best.pt
Saved PyTorch checkpoint to results/checkpoints/strict_grad_norm_uncapped_adam40k_5090/best.pt
Saved PyTorch checkpoint to results/checkpoints/strict_grad_norm_uncapped_adam40k_5090/best.pt
Saved PyTorch checkpoint to results/checkpoints/strict_grad_norm_uncapped_adam40k_5090/best.pt
Saved PyTorch checkpoint to results/checkpoints/strict_grad_norm_uncapped_adam40k_5090/best.pt
Saved PyTorch checkpoint to results/checkpoints/strict_grad_norm_uncapped_adam40k_5090/best.pt
Saved PyTorch checkpoint to results/checkpoints/strict_grad_norm_uncapped_adam40k_5090/best.pt
Saved PyTorch checkpoint to results/checkpoints/strict_grad_norm_uncapped_adam40k_5090/best.pt
Saved PyTorch checkpoint to results/checkpoints/strict_grad_norm_uncapped_adam40k_5090/best.pt
Saved PyTorch checkpoint to results/checkpoints/strict_grad_norm_uncapped_adam40k_5090/best.pt
Saved PyTorch checkpoint to results/checkpoints/strict_grad_norm_uncapped_adam40k_5090/best.pt
Saved PyTorch checkpoint to results/checkpoints/strict_grad_norm_uncapped_adam40k_5090/best.pt
Saved PyTorch checkpoint to results/checkpoints/strict_grad_norm_uncapped_adam40k_5090/best.pt
Saved PyTorch checkpoint to results/checkpoints/strict_grad_norm_uncapped_adam40k_5090/best.pt
Saved PyTorch checkpoint to results/checkpoints/strict_grad_norm_uncapped_adam40k_5090/best.pt
Saved PyTorch checkpoint to results/checkpoints/strict_grad_norm_uncapped_adam40k_5090/best.pt
Saved PyTorch checkpoint to results/checkpoints/strict_grad_norm_uncapped_adam40k_5090/best.pt
Saved PyTorch checkpoint to results/checkpoints/strict_grad_norm_uncapped_adam40k_5090/best.pt
Saved PyTorch checkpoint to results/checkpoints/strict_grad_norm_uncapped_adam40k_5090/best.pt
Saved PyTorch checkpoint to results/checkpoints/strict_grad_norm_uncapped_adam40k_5090/best.pt
Saved PyTorch checkpoint to results/checkpoints/strict_grad_norm_uncapped_adam40k_5090/best.pt
Saved PyTorch checkpoint to results/checkpoints/strict_grad_norm_uncapped_adam40k_5090/best.pt
Saved PyTorch checkpoint to results/checkpoints/strict_grad_norm_uncapped_adam40k_5090/best.pt
Saved PyTorch checkpoint to results/checkpoints/strict_grad_norm_uncapped_adam40k_5090/best.pt
Saved PyTorch checkpoint to results/checkpoints/strict_grad_norm_uncapped_adam40k_5090/best.pt
Saved PyTorch checkpoint to results/checkpoints/strict_grad_norm_uncapped_adam40k_5090/best.pt
Adam 20900 | total=1.343e-02 f=6.477e-06 ic=4.821e-08 wall=2.295e-06 inlet=1.960e-01 outlet=2.553e-10 lr=5.000e-04 | λ[f=1.00 ic=572.37 wall=18.45 inlet=0.07 outlet=21233.25]
Saved PyTorch checkpoint to results/checkpoints/strict_grad_norm_uncapped_adam40k_5090/best.pt
Saved PyTorch checkpoint to results/checkpoints/strict_grad_norm_uncapped_adam40k_5090/best.pt
Saved PyTorch checkpoint to results/checkpoints/strict_grad_norm_uncapped_adam40k_5090/best.pt
Saved PyTorch checkpoint to results/checkpoints/strict_grad_norm_uncapped_adam40k_5090/best.pt
Saved PyTorch checkpoint to results/checkpoints/strict_grad_norm_uncapped_adam40k_5090/best.pt
Saved PyTorch checkpoint to results/checkpoints/strict_grad_norm_uncapped_adam40k_5090/best.pt
Saved PyTorch checkpoint to results/checkpoints/strict_grad_norm_uncapped_adam40k_5090/best.pt
Saved PyTorch checkpoint to results/checkpoints/strict_grad_norm_uncapped_adam40k_5090/best.pt
Saved PyTorch checkpoint to results/checkpoints/strict_grad_norm_uncapped_adam40k_5090/best.pt
Saved PyTorch checkpoint to results/checkpoints/strict_grad_norm_uncapped_adam40k_5090/best.pt
Saved PyTorch checkpoint to results/checkpoints/strict_grad_norm_uncapped_adam40k_5090/best.pt
Saved PyTorch checkpoint to results/checkpoints/strict_grad_norm_uncapped_adam40k_5090/best.pt
Saved PyTorch checkpoint to results/checkpoints/strict_grad_norm_uncapped_adam40k_5090/best.pt
Saved PyTorch checkpoint to results/checkpoints/strict_grad_norm_uncapped_adam40k_5090/best.pt
Saved PyTorch checkpoint to results/checkpoints/strict_grad_norm_uncapped_adam40k_5090/best.pt
Saved PyTorch checkpoint to results/checkpoints/strict_grad_norm_uncapped_adam40k_5090/best.pt
Saved PyTorch checkpoint to results/checkpoints/strict_grad_norm_uncapped_adam40k_5090/best.pt
Saved PyTorch checkpoint to results/checkpoints/strict_grad_norm_uncapped_adam40k_5090/best.pt
Saved PyTorch checkpoint to results/checkpoints/strict_grad_norm_uncapped_adam40k_5090/best.pt
Saved PyTorch checkpoint to results/checkpoints/strict_grad_norm_uncapped_adam40k_5090/best.pt
Saved PyTorch checkpoint to results/checkpoints/strict_grad_norm_uncapped_adam40k_5090/best.pt
Saved PyTorch checkpoint to results/checkpoints/strict_grad_norm_uncapped_adam40k_5090/best.pt
Saved PyTorch checkpoint to results/checkpoints/strict_grad_norm_uncapped_adam40k_5090/best.pt
Saved PyTorch checkpoint to results/checkpoints/strict_grad_norm_uncapped_adam40k_5090/best.pt
Saved PyTorch checkpoint to results/checkpoints/strict_grad_norm_uncapped_adam40k_5090/best.pt
Saved PyTorch checkpoint to results/checkpoints/strict_grad_norm_uncapped_adam40k_5090/best.pt
Saved PyTorch checkpoint to results/checkpoints/strict_grad_norm_uncapped_adam40k_5090/best.pt
Saved PyTorch checkpoint to results/checkpoints/strict_grad_norm_uncapped_adam40k_5090/best.pt
Saved PyTorch checkpoint to results/checkpoints/strict_grad_norm_uncapped_adam40k_5090/best.pt
Saved PyTorch checkpoint to results/checkpoints/strict_grad_norm_uncapped_adam40k_5090/best.pt
Saved PyTorch checkpoint to results/checkpoints/strict_grad_norm_uncapped_adam40k_5090/best.pt
Saved PyTorch checkpoint to results/checkpoints/strict_grad_norm_uncapped_adam40k_5090/best.pt
Saved PyTorch checkpoint to results/checkpoints/strict_grad_norm_uncapped_adam40k_5090/best.pt
Saved PyTorch checkpoint to results/checkpoints/strict_grad_norm_uncapped_adam40k_5090/best.pt
Saved PyTorch checkpoint to results/checkpoints/strict_grad_norm_uncapped_adam40k_5090/best.pt
Saved PyTorch checkpoint to results/checkpoints/strict_grad_norm_uncapped_adam40k_5090/best.pt
Saved PyTorch checkpoint to results/checkpoints/strict_grad_norm_uncapped_adam40k_5090/best.pt
Saved PyTorch checkpoint to results/checkpoints/strict_grad_norm_uncapped_adam40k_5090/best.pt
Saved PyTorch checkpoint to results/checkpoints/strict_grad_norm_uncapped_adam40k_5090/best.pt
Saved PyTorch checkpoint to results/checkpoints/strict_grad_norm_uncapped_adam40k_5090/best.pt
Saved PyTorch checkpoint to results/checkpoints/strict_grad_norm_uncapped_adam40k_5090/best.pt
Saved PyTorch checkpoint to results/checkpoints/strict_grad_norm_uncapped_adam40k_5090/best.pt
Saved PyTorch checkpoint to results/checkpoints/strict_grad_norm_uncapped_adam40k_5090/best.pt
Saved PyTorch checkpoint to results/checkpoints/strict_grad_norm_uncapped_adam40k_5090/best.pt
Saved PyTorch checkpoint to results/checkpoints/strict_grad_norm_uncapped_adam40k_5090/best.pt
Saved PyTorch checkpoint to results/checkpoints/strict_grad_norm_uncapped_adam40k_5090/best.pt
Saved PyTorch checkpoint to results/checkpoints/strict_grad_norm_uncapped_adam40k_5090/best.pt
Saved PyTorch checkpoint to results/checkpoints/strict_grad_norm_uncapped_adam40k_5090/best.pt
Saved PyTorch checkpoint to results/checkpoints/strict_grad_norm_uncapped_adam40k_5090/best.pt
Saved PyTorch checkpoint to results/checkpoints/strict_grad_norm_uncapped_adam40k_5090/best.pt
Saved PyTorch checkpoint to results/checkpoints/strict_grad_norm_uncapped_adam40k_5090/best.pt
Saved PyTorch checkpoint to results/checkpoints/strict_grad_norm_uncapped_adam40k_5090/best.pt
Saved PyTorch checkpoint to results/checkpoints/strict_grad_norm_uncapped_adam40k_5090/best.pt
Saved PyTorch checkpoint to results/checkpoints/strict_grad_norm_uncapped_adam40k_5090/best.pt
Saved PyTorch checkpoint to results/checkpoints/strict_grad_norm_uncapped_adam40k_5090/best.pt
Saved PyTorch checkpoint to results/checkpoints/strict_grad_norm_uncapped_adam40k_5090/best.pt
Saved PyTorch checkpoint to results/checkpoints/strict_grad_norm_uncapped_adam40k_5090/best.pt
Saved PyTorch checkpoint to results/checkpoints/strict_grad_norm_uncapped_adam40k_5090/best.pt
Saved PyTorch checkpoint to results/checkpoints/strict_grad_norm_uncapped_adam40k_5090/best.pt
Saved PyTorch checkpoint to results/checkpoints/strict_grad_norm_uncapped_adam40k_5090/best.pt
Saved PyTorch checkpoint to results/checkpoints/strict_grad_norm_uncapped_adam40k_5090/best.pt
Saved PyTorch checkpoint to results/checkpoints/strict_grad_norm_uncapped_adam40k_5090/best.pt
Saved PyTorch checkpoint to results/checkpoints/strict_grad_norm_uncapped_adam40k_5090/best.pt
Saved PyTorch checkpoint to results/checkpoints/strict_grad_norm_uncapped_adam40k_5090/best.pt
Saved PyTorch checkpoint to results/checkpoints/strict_grad_norm_uncapped_adam40k_5090/best.pt
Saved PyTorch checkpoint to results/checkpoints/strict_grad_norm_uncapped_adam40k_5090/best.pt
Saved PyTorch checkpoint to results/checkpoints/strict_grad_norm_uncapped_adam40k_5090/best.pt
Saved PyTorch checkpoint to results/checkpoints/strict_grad_norm_uncapped_adam40k_5090/best.pt
Saved PyTorch checkpoint to results/checkpoints/strict_grad_norm_uncapped_adam40k_5090/best.pt
Saved PyTorch checkpoint to results/checkpoints/strict_grad_norm_uncapped_adam40k_5090/best.pt
Saved PyTorch checkpoint to results/checkpoints/strict_grad_norm_uncapped_adam40k_5090/best.pt
Saved PyTorch checkpoint to results/checkpoints/strict_grad_norm_uncapped_adam40k_5090/best.pt
Saved PyTorch checkpoint to results/checkpoints/strict_grad_norm_uncapped_adam40k_5090/best.pt
Saved PyTorch checkpoint to results/checkpoints/strict_grad_norm_uncapped_adam40k_5090/best.pt
Saved PyTorch checkpoint to results/checkpoints/strict_grad_norm_uncapped_adam40k_5090/best.pt
Saved PyTorch checkpoint to results/checkpoints/strict_grad_norm_uncapped_adam40k_5090/best.pt
Saved PyTorch checkpoint to results/checkpoints/strict_grad_norm_uncapped_adam40k_5090/best.pt
Saved PyTorch checkpoint to results/checkpoints/strict_grad_norm_uncapped_adam40k_5090/best.pt
Saved PyTorch checkpoint to results/checkpoints/strict_grad_norm_uncapped_adam40k_5090/best.pt
Saved PyTorch checkpoint to results/checkpoints/strict_grad_norm_uncapped_adam40k_5090/best.pt
Saved PyTorch checkpoint to results/checkpoints/strict_grad_norm_uncapped_adam40k_5090/best.pt
Saved PyTorch checkpoint to results/checkpoints/strict_grad_norm_uncapped_adam40k_5090/best.pt
Saved PyTorch checkpoint to results/checkpoints/strict_grad_norm_uncapped_adam40k_5090/best.pt
Saved PyTorch checkpoint to results/checkpoints/strict_grad_norm_uncapped_adam40k_5090/best.pt
Saved PyTorch checkpoint to results/checkpoints/strict_grad_norm_uncapped_adam40k_5090/best.pt
Saved PyTorch checkpoint to results/checkpoints/strict_grad_norm_uncapped_adam40k_5090/best.pt
Saved PyTorch checkpoint to results/checkpoints/strict_grad_norm_uncapped_adam40k_5090/best.pt
Saved PyTorch checkpoint to results/checkpoints/strict_grad_norm_uncapped_adam40k_5090/best.pt
Saved PyTorch checkpoint to results/checkpoints/strict_grad_norm_uncapped_adam40k_5090/best.pt
Saved PyTorch checkpoint to results/checkpoints/strict_grad_norm_uncapped_adam40k_5090/best.pt
Saved PyTorch checkpoint to results/checkpoints/strict_grad_norm_uncapped_adam40k_5090/best.pt
Saved PyTorch checkpoint to results/checkpoints/strict_grad_norm_uncapped_adam40k_5090/best.pt
Saved PyTorch checkpoint to results/checkpoints/strict_grad_norm_uncapped_adam40k_5090/best.pt
Saved PyTorch checkpoint to results/checkpoints/strict_grad_norm_uncapped_adam40k_5090/best.pt
Saved PyTorch checkpoint to results/checkpoints/strict_grad_norm_uncapped_adam40k_5090/best.pt
Saved PyTorch checkpoint to results/checkpoints/strict_grad_norm_uncapped_adam40k_5090/best.pt
Saved PyTorch checkpoint to results/checkpoints/strict_grad_norm_uncapped_adam40k_5090/best.pt
Saved PyTorch checkpoint to results/checkpoints/strict_grad_norm_uncapped_adam40k_5090/best.pt
Saved PyTorch checkpoint to results/checkpoints/strict_grad_norm_uncapped_adam40k_5090/best.pt
Saved PyTorch checkpoint to results/checkpoints/strict_grad_norm_uncapped_adam40k_5090/best.pt
Adam 21000 | total=1.265e-02 f=6.080e-06 ic=4.790e-08 wall=2.289e-06 inlet=1.960e-01 outlet=2.300e-10 lr=5.000e-04 | λ[f=1.00 ic=533.72 wall=17.42 inlet=0.06 outlet=34574.58]
Saved PyTorch checkpoint to results/checkpoints/strict_grad_norm_uncapped_adam40k_5090/best.pt
Saved PyTorch checkpoint to results/checkpoints/strict_grad_norm_uncapped_adam40k_5090/best.pt
Saved PyTorch checkpoint to results/checkpoints/strict_grad_norm_uncapped_adam40k_5090/best.pt
Saved PyTorch checkpoint to results/checkpoints/strict_grad_norm_uncapped_adam40k_5090/best.pt
Saved PyTorch checkpoint to results/checkpoints/strict_grad_norm_uncapped_adam40k_5090/best.pt
Saved PyTorch checkpoint to results/checkpoints/strict_grad_norm_uncapped_adam40k_5090/best.pt
Saved PyTorch checkpoint to results/checkpoints/strict_grad_norm_uncapped_adam40k_5090/best.pt
Saved PyTorch checkpoint to results/checkpoints/strict_grad_norm_uncapped_adam40k_5090/best.pt
Saved PyTorch checkpoint to results/checkpoints/strict_grad_norm_uncapped_adam40k_5090/best.pt
Saved PyTorch checkpoint to results/checkpoints/strict_grad_norm_uncapped_adam40k_5090/best.pt
Saved PyTorch checkpoint to results/checkpoints/strict_grad_norm_uncapped_adam40k_5090/best.pt
Saved PyTorch checkpoint to results/checkpoints/strict_grad_norm_uncapped_adam40k_5090/best.pt
Saved PyTorch checkpoint to results/checkpoints/strict_grad_norm_uncapped_adam40k_5090/best.pt
Saved PyTorch checkpoint to results/checkpoints/strict_grad_norm_uncapped_adam40k_5090/best.pt
Saved PyTorch checkpoint to results/checkpoints/strict_grad_norm_uncapped_adam40k_5090/best.pt
Saved PyTorch checkpoint to results/checkpoints/strict_grad_norm_uncapped_adam40k_5090/best.pt
Saved PyTorch checkpoint to results/checkpoints/strict_grad_norm_uncapped_adam40k_5090/best.pt
Saved PyTorch checkpoint to results/checkpoints/strict_grad_norm_uncapped_adam40k_5090/best.pt
Saved PyTorch checkpoint to results/checkpoints/strict_grad_norm_uncapped_adam40k_5090/best.pt
Saved PyTorch checkpoint to results/checkpoints/strict_grad_norm_uncapped_adam40k_5090/best.pt
Saved PyTorch checkpoint to results/checkpoints/strict_grad_norm_uncapped_adam40k_5090/best.pt
Saved PyTorch checkpoint to results/checkpoints/strict_grad_norm_uncapped_adam40k_5090/best.pt
Saved PyTorch checkpoint to results/checkpoints/strict_grad_norm_uncapped_adam40k_5090/best.pt
Saved PyTorch checkpoint to results/checkpoints/strict_grad_norm_uncapped_adam40k_5090/best.pt
Saved PyTorch checkpoint to results/checkpoints/strict_grad_norm_uncapped_adam40k_5090/best.pt
Saved PyTorch checkpoint to results/checkpoints/strict_grad_norm_uncapped_adam40k_5090/best.pt
Saved PyTorch checkpoint to results/checkpoints/strict_grad_norm_uncapped_adam40k_5090/best.pt
Saved PyTorch checkpoint to results/checkpoints/strict_grad_norm_uncapped_adam40k_5090/best.pt
Saved PyTorch checkpoint to results/checkpoints/strict_grad_norm_uncapped_adam40k_5090/best.pt
Saved PyTorch checkpoint to results/checkpoints/strict_grad_norm_uncapped_adam40k_5090/best.pt
Saved PyTorch checkpoint to results/checkpoints/strict_grad_norm_uncapped_adam40k_5090/best.pt
Saved PyTorch checkpoint to results/checkpoints/strict_grad_norm_uncapped_adam40k_5090/best.pt
Saved PyTorch checkpoint to results/checkpoints/strict_grad_norm_uncapped_adam40k_5090/best.pt
Saved PyTorch checkpoint to results/checkpoints/strict_grad_norm_uncapped_adam40k_5090/best.pt
Saved PyTorch checkpoint to results/checkpoints/strict_grad_norm_uncapped_adam40k_5090/best.pt
Saved PyTorch checkpoint to results/checkpoints/strict_grad_norm_uncapped_adam40k_5090/best.pt
Saved PyTorch checkpoint to results/checkpoints/strict_grad_norm_uncapped_adam40k_5090/best.pt
Saved PyTorch checkpoint to results/checkpoints/strict_grad_norm_uncapped_adam40k_5090/best.pt
Saved PyTorch checkpoint to results/checkpoints/strict_grad_norm_uncapped_adam40k_5090/best.pt
Saved PyTorch checkpoint to results/checkpoints/strict_grad_norm_uncapped_adam40k_5090/best.pt
Saved PyTorch checkpoint to results/checkpoints/strict_grad_norm_uncapped_adam40k_5090/best.pt
Saved PyTorch checkpoint to results/checkpoints/strict_grad_norm_uncapped_adam40k_5090/best.pt
Saved PyTorch checkpoint to results/checkpoints/strict_grad_norm_uncapped_adam40k_5090/best.pt
Saved PyTorch checkpoint to results/checkpoints/strict_grad_norm_uncapped_adam40k_5090/best.pt
Saved PyTorch checkpoint to results/checkpoints/strict_grad_norm_uncapped_adam40k_5090/best.pt
Saved PyTorch checkpoint to results/checkpoints/strict_grad_norm_uncapped_adam40k_5090/best.pt
Saved PyTorch checkpoint to results/checkpoints/strict_grad_norm_uncapped_adam40k_5090/best.pt
Saved PyTorch checkpoint to results/checkpoints/strict_grad_norm_uncapped_adam40k_5090/best.pt
Saved PyTorch checkpoint to results/checkpoints/strict_grad_norm_uncapped_adam40k_5090/best.pt
Saved PyTorch checkpoint to results/checkpoints/strict_grad_norm_uncapped_adam40k_5090/best.pt
Saved PyTorch checkpoint to results/checkpoints/strict_grad_norm_uncapped_adam40k_5090/best.pt
Saved PyTorch checkpoint to results/checkpoints/strict_grad_norm_uncapped_adam40k_5090/best.pt
Saved PyTorch checkpoint to results/checkpoints/strict_grad_norm_uncapped_adam40k_5090/best.pt
Saved PyTorch checkpoint to results/checkpoints/strict_grad_norm_uncapped_adam40k_5090/best.pt
Saved PyTorch checkpoint to results/checkpoints/strict_grad_norm_uncapped_adam40k_5090/best.pt
Saved PyTorch checkpoint to results/checkpoints/strict_grad_norm_uncapped_adam40k_5090/best.pt
Saved PyTorch checkpoint to results/checkpoints/strict_grad_norm_uncapped_adam40k_5090/best.pt
Saved PyTorch checkpoint to results/checkpoints/strict_grad_norm_uncapped_adam40k_5090/best.pt
Saved PyTorch checkpoint to results/checkpoints/strict_grad_norm_uncapped_adam40k_5090/best.pt
Saved PyTorch checkpoint to results/checkpoints/strict_grad_norm_uncapped_adam40k_5090/best.pt
Saved PyTorch checkpoint to results/checkpoints/strict_grad_norm_uncapped_adam40k_5090/best.pt
Saved PyTorch checkpoint to results/checkpoints/strict_grad_norm_uncapped_adam40k_5090/best.pt
Saved PyTorch checkpoint to results/checkpoints/strict_grad_norm_uncapped_adam40k_5090/best.pt
Saved PyTorch checkpoint to results/checkpoints/strict_grad_norm_uncapped_adam40k_5090/best.pt
Saved PyTorch checkpoint to results/checkpoints/strict_grad_norm_uncapped_adam40k_5090/best.pt
Saved PyTorch checkpoint to results/checkpoints/strict_grad_norm_uncapped_adam40k_5090/best.pt
Saved PyTorch checkpoint to results/checkpoints/strict_grad_norm_uncapped_adam40k_5090/best.pt
Saved PyTorch checkpoint to results/checkpoints/strict_grad_norm_uncapped_adam40k_5090/best.pt
Saved PyTorch checkpoint to results/checkpoints/strict_grad_norm_uncapped_adam40k_5090/best.pt
Saved PyTorch checkpoint to results/checkpoints/strict_grad_norm_uncapped_adam40k_5090/best.pt
Saved PyTorch checkpoint to results/checkpoints/strict_grad_norm_uncapped_adam40k_5090/best.pt
Saved PyTorch checkpoint to results/checkpoints/strict_grad_norm_uncapped_adam40k_5090/best.pt
Saved PyTorch checkpoint to results/checkpoints/strict_grad_norm_uncapped_adam40k_5090/best.pt
Saved PyTorch checkpoint to results/checkpoints/strict_grad_norm_uncapped_adam40k_5090/best.pt
Saved PyTorch checkpoint to results/checkpoints/strict_grad_norm_uncapped_adam40k_5090/best.pt
Saved PyTorch checkpoint to results/checkpoints/strict_grad_norm_uncapped_adam40k_5090/best.pt
Saved PyTorch checkpoint to results/checkpoints/strict_grad_norm_uncapped_adam40k_5090/best.pt
Saved PyTorch checkpoint to results/checkpoints/strict_grad_norm_uncapped_adam40k_5090/best.pt
Saved PyTorch checkpoint to results/checkpoints/strict_grad_norm_uncapped_adam40k_5090/best.pt
Saved PyTorch checkpoint to results/checkpoints/strict_grad_norm_uncapped_adam40k_5090/best.pt
Saved PyTorch checkpoint to results/checkpoints/strict_grad_norm_uncapped_adam40k_5090/best.pt
Saved PyTorch checkpoint to results/checkpoints/strict_grad_norm_uncapped_adam40k_5090/best.pt
Saved PyTorch checkpoint to results/checkpoints/strict_grad_norm_uncapped_adam40k_5090/best.pt
Saved PyTorch checkpoint to results/checkpoints/strict_grad_norm_uncapped_adam40k_5090/best.pt
Saved PyTorch checkpoint to results/checkpoints/strict_grad_norm_uncapped_adam40k_5090/best.pt
Saved PyTorch checkpoint to results/checkpoints/strict_grad_norm_uncapped_adam40k_5090/best.pt
Saved PyTorch checkpoint to results/checkpoints/strict_grad_norm_uncapped_adam40k_5090/best.pt
Saved PyTorch checkpoint to results/checkpoints/strict_grad_norm_uncapped_adam40k_5090/best.pt
Saved PyTorch checkpoint to results/checkpoints/strict_grad_norm_uncapped_adam40k_5090/best.pt
Saved PyTorch checkpoint to results/checkpoints/strict_grad_norm_uncapped_adam40k_5090/best.pt
Saved PyTorch checkpoint to results/checkpoints/strict_grad_norm_uncapped_adam40k_5090/best.pt
Saved PyTorch checkpoint to results/checkpoints/strict_grad_norm_uncapped_adam40k_5090/best.pt
Saved PyTorch checkpoint to results/checkpoints/strict_grad_norm_uncapped_adam40k_5090/best.pt
Saved PyTorch checkpoint to results/checkpoints/strict_grad_norm_uncapped_adam40k_5090/best.pt
Saved PyTorch checkpoint to results/checkpoints/strict_grad_norm_uncapped_adam40k_5090/best.pt
Saved PyTorch checkpoint to results/checkpoints/strict_grad_norm_uncapped_adam40k_5090/best.pt
Saved PyTorch checkpoint to results/checkpoints/strict_grad_norm_uncapped_adam40k_5090/best.pt
Saved PyTorch checkpoint to results/checkpoints/strict_grad_norm_uncapped_adam40k_5090/best.pt
Saved PyTorch checkpoint to results/checkpoints/strict_grad_norm_uncapped_adam40k_5090/best.pt
Saved PyTorch checkpoint to results/checkpoints/strict_grad_norm_uncapped_adam40k_5090/best.pt
Adam 21100 | total=1.196e-02 f=5.723e-06 ic=4.764e-08 wall=2.283e-06 inlet=1.960e-01 outlet=2.068e-10 lr=5.000e-04 | λ[f=1.00 ic=508.44 wall=16.49 inlet=0.06 outlet=48506.86]
Saved PyTorch checkpoint to results/checkpoints/strict_grad_norm_uncapped_adam40k_5090/best.pt
Saved PyTorch checkpoint to results/checkpoints/strict_grad_norm_uncapped_adam40k_5090/best.pt
Saved PyTorch checkpoint to results/checkpoints/strict_grad_norm_uncapped_adam40k_5090/best.pt
Saved PyTorch checkpoint to results/checkpoints/strict_grad_norm_uncapped_adam40k_5090/best.pt
Saved PyTorch checkpoint to results/checkpoints/strict_grad_norm_uncapped_adam40k_5090/best.pt
Saved PyTorch checkpoint to results/checkpoints/strict_grad_norm_uncapped_adam40k_5090/best.pt
Saved PyTorch checkpoint to results/checkpoints/strict_grad_norm_uncapped_adam40k_5090/best.pt
Saved PyTorch checkpoint to results/checkpoints/strict_grad_norm_uncapped_adam40k_5090/best.pt
Saved PyTorch checkpoint to results/checkpoints/strict_grad_norm_uncapped_adam40k_5090/best.pt
Saved PyTorch checkpoint to results/checkpoints/strict_grad_norm_uncapped_adam40k_5090/best.pt
Saved PyTorch checkpoint to results/checkpoints/strict_grad_norm_uncapped_adam40k_5090/best.pt
Saved PyTorch checkpoint to results/checkpoints/strict_grad_norm_uncapped_adam40k_5090/best.pt
Saved PyTorch checkpoint to results/checkpoints/strict_grad_norm_uncapped_adam40k_5090/best.pt
Saved PyTorch checkpoint to results/checkpoints/strict_grad_norm_uncapped_adam40k_5090/best.pt
Saved PyTorch checkpoint to results/checkpoints/strict_grad_norm_uncapped_adam40k_5090/best.pt
Saved PyTorch checkpoint to results/checkpoints/strict_grad_norm_uncapped_adam40k_5090/best.pt
Saved PyTorch checkpoint to results/checkpoints/strict_grad_norm_uncapped_adam40k_5090/best.pt
Saved PyTorch checkpoint to results/checkpoints/strict_grad_norm_uncapped_adam40k_5090/best.pt
Saved PyTorch checkpoint to results/checkpoints/strict_grad_norm_uncapped_adam40k_5090/best.pt
Saved PyTorch checkpoint to results/checkpoints/strict_grad_norm_uncapped_adam40k_5090/best.pt
Saved PyTorch checkpoint to results/checkpoints/strict_grad_norm_uncapped_adam40k_5090/best.pt
Saved PyTorch checkpoint to results/checkpoints/strict_grad_norm_uncapped_adam40k_5090/best.pt
Saved PyTorch checkpoint to results/checkpoints/strict_grad_norm_uncapped_adam40k_5090/best.pt
Saved PyTorch checkpoint to results/checkpoints/strict_grad_norm_uncapped_adam40k_5090/best.pt
Saved PyTorch checkpoint to results/checkpoints/strict_grad_norm_uncapped_adam40k_5090/best.pt
Saved PyTorch checkpoint to results/checkpoints/strict_grad_norm_uncapped_adam40k_5090/best.pt
Saved PyTorch checkpoint to results/checkpoints/strict_grad_norm_uncapped_adam40k_5090/best.pt
Saved PyTorch checkpoint to results/checkpoints/strict_grad_norm_uncapped_adam40k_5090/best.pt
Saved PyTorch checkpoint to results/checkpoints/strict_grad_norm_uncapped_adam40k_5090/best.pt
Saved PyTorch checkpoint to results/checkpoints/strict_grad_norm_uncapped_adam40k_5090/best.pt
Saved PyTorch checkpoint to results/checkpoints/strict_grad_norm_uncapped_adam40k_5090/best.pt
Saved PyTorch checkpoint to results/checkpoints/strict_grad_norm_uncapped_adam40k_5090/best.pt
Saved PyTorch checkpoint to results/checkpoints/strict_grad_norm_uncapped_adam40k_5090/best.pt
Saved PyTorch checkpoint to results/checkpoints/strict_grad_norm_uncapped_adam40k_5090/best.pt
Saved PyTorch checkpoint to results/checkpoints/strict_grad_norm_uncapped_adam40k_5090/best.pt
Saved PyTorch checkpoint to results/checkpoints/strict_grad_norm_uncapped_adam40k_5090/best.pt
Saved PyTorch checkpoint to results/checkpoints/strict_grad_norm_uncapped_adam40k_5090/best.pt
Saved PyTorch checkpoint to results/checkpoints/strict_grad_norm_uncapped_adam40k_5090/best.pt
Saved PyTorch checkpoint to results/checkpoints/strict_grad_norm_uncapped_adam40k_5090/best.pt
Saved PyTorch checkpoint to results/checkpoints/strict_grad_norm_uncapped_adam40k_5090/best.pt
Saved PyTorch checkpoint to results/checkpoints/strict_grad_norm_uncapped_adam40k_5090/best.pt
Saved PyTorch checkpoint to results/checkpoints/strict_grad_norm_uncapped_adam40k_5090/best.pt
Saved PyTorch checkpoint to results/checkpoints/strict_grad_norm_uncapped_adam40k_5090/best.pt
Saved PyTorch checkpoint to results/checkpoints/strict_grad_norm_uncapped_adam40k_5090/best.pt
Saved PyTorch checkpoint to results/checkpoints/strict_grad_norm_uncapped_adam40k_5090/best.pt
Saved PyTorch checkpoint to results/checkpoints/strict_grad_norm_uncapped_adam40k_5090/best.pt
Saved PyTorch checkpoint to results/checkpoints/strict_grad_norm_uncapped_adam40k_5090/best.pt
Saved PyTorch checkpoint to results/checkpoints/strict_grad_norm_uncapped_adam40k_5090/best.pt
Saved PyTorch checkpoint to results/checkpoints/strict_grad_norm_uncapped_adam40k_5090/best.pt
Saved PyTorch checkpoint to results/checkpoints/strict_grad_norm_uncapped_adam40k_5090/best.pt
Saved PyTorch checkpoint to results/checkpoints/strict_grad_norm_uncapped_adam40k_5090/best.pt
Saved PyTorch checkpoint to results/checkpoints/strict_grad_norm_uncapped_adam40k_5090/best.pt
Saved PyTorch checkpoint to results/checkpoints/strict_grad_norm_uncapped_adam40k_5090/best.pt
Saved PyTorch checkpoint to results/checkpoints/strict_grad_norm_uncapped_adam40k_5090/best.pt
Saved PyTorch checkpoint to results/checkpoints/strict_grad_norm_uncapped_adam40k_5090/best.pt
Saved PyTorch checkpoint to results/checkpoints/strict_grad_norm_uncapped_adam40k_5090/best.pt
Saved PyTorch checkpoint to results/checkpoints/strict_grad_norm_uncapped_adam40k_5090/best.pt
Saved PyTorch checkpoint to results/checkpoints/strict_grad_norm_uncapped_adam40k_5090/best.pt
Saved PyTorch checkpoint to results/checkpoints/strict_grad_norm_uncapped_adam40k_5090/best.pt
Saved PyTorch checkpoint to results/checkpoints/strict_grad_norm_uncapped_adam40k_5090/best.pt
Saved PyTorch checkpoint to results/checkpoints/strict_grad_norm_uncapped_adam40k_5090/best.pt
Saved PyTorch checkpoint to results/checkpoints/strict_grad_norm_uncapped_adam40k_5090/best.pt
Saved PyTorch checkpoint to results/checkpoints/strict_grad_norm_uncapped_adam40k_5090/best.pt
Saved PyTorch checkpoint to results/checkpoints/strict_grad_norm_uncapped_adam40k_5090/best.pt
Saved PyTorch checkpoint to results/checkpoints/strict_grad_norm_uncapped_adam40k_5090/best.pt
Saved PyTorch checkpoint to results/checkpoints/strict_grad_norm_uncapped_adam40k_5090/best.pt
Saved PyTorch checkpoint to results/checkpoints/strict_grad_norm_uncapped_adam40k_5090/best.pt
Saved PyTorch checkpoint to results/checkpoints/strict_grad_norm_uncapped_adam40k_5090/best.pt
Saved PyTorch checkpoint to results/checkpoints/strict_grad_norm_uncapped_adam40k_5090/best.pt
Saved PyTorch checkpoint to results/checkpoints/strict_grad_norm_uncapped_adam40k_5090/best.pt
Saved PyTorch checkpoint to results/checkpoints/strict_grad_norm_uncapped_adam40k_5090/best.pt
Saved PyTorch checkpoint to results/checkpoints/strict_grad_norm_uncapped_adam40k_5090/best.pt
Saved PyTorch checkpoint to results/checkpoints/strict_grad_norm_uncapped_adam40k_5090/best.pt
Saved PyTorch checkpoint to results/checkpoints/strict_grad_norm_uncapped_adam40k_5090/best.pt
Saved PyTorch checkpoint to results/checkpoints/strict_grad_norm_uncapped_adam40k_5090/best.pt
Saved PyTorch checkpoint to results/checkpoints/strict_grad_norm_uncapped_adam40k_5090/best.pt
Saved PyTorch checkpoint to results/checkpoints/strict_grad_norm_uncapped_adam40k_5090/best.pt
Saved PyTorch checkpoint to results/checkpoints/strict_grad_norm_uncapped_adam40k_5090/best.pt
Saved PyTorch checkpoint to results/checkpoints/strict_grad_norm_uncapped_adam40k_5090/best.pt
Saved PyTorch checkpoint to results/checkpoints/strict_grad_norm_uncapped_adam40k_5090/best.pt
Saved PyTorch checkpoint to results/checkpoints/strict_grad_norm_uncapped_adam40k_5090/best.pt
Saved PyTorch checkpoint to results/checkpoints/strict_grad_norm_uncapped_adam40k_5090/best.pt
Saved PyTorch checkpoint to results/checkpoints/strict_grad_norm_uncapped_adam40k_5090/best.pt
Saved PyTorch checkpoint to results/checkpoints/strict_grad_norm_uncapped_adam40k_5090/best.pt
Saved PyTorch checkpoint to results/checkpoints/strict_grad_norm_uncapped_adam40k_5090/best.pt
Saved PyTorch checkpoint to results/checkpoints/strict_grad_norm_uncapped_adam40k_5090/best.pt
Saved PyTorch checkpoint to results/checkpoints/strict_grad_norm_uncapped_adam40k_5090/best.pt
Saved PyTorch checkpoint to results/checkpoints/strict_grad_norm_uncapped_adam40k_5090/best.pt
Saved PyTorch checkpoint to results/checkpoints/strict_grad_norm_uncapped_adam40k_5090/best.pt
Saved PyTorch checkpoint to results/checkpoints/strict_grad_norm_uncapped_adam40k_5090/best.pt
Saved PyTorch checkpoint to results/checkpoints/strict_grad_norm_uncapped_adam40k_5090/best.pt
Saved PyTorch checkpoint to results/checkpoints/strict_grad_norm_uncapped_adam40k_5090/best.pt
Saved PyTorch checkpoint to results/checkpoints/strict_grad_norm_uncapped_adam40k_5090/best.pt
Saved PyTorch checkpoint to results/checkpoints/strict_grad_norm_uncapped_adam40k_5090/best.pt
Saved PyTorch checkpoint to results/checkpoints/strict_grad_norm_uncapped_adam40k_5090/best.pt
Saved PyTorch checkpoint to results/checkpoints/strict_grad_norm_uncapped_adam40k_5090/best.pt
Saved PyTorch checkpoint to results/checkpoints/strict_grad_norm_uncapped_adam40k_5090/best.pt
Saved PyTorch checkpoint to results/checkpoints/strict_grad_norm_uncapped_adam40k_5090/best.pt
Saved PyTorch checkpoint to results/checkpoints/strict_grad_norm_uncapped_adam40k_5090/best.pt
Saved PyTorch checkpoint to results/checkpoints/strict_grad_norm_uncapped_adam40k_5090/best.pt
Adam 21200 | total=1.133e-02 f=5.401e-06 ic=4.706e-08 wall=2.277e-06 inlet=1.960e-01 outlet=1.859e-10 lr=5.000e-04 | λ[f=1.00 ic=497.23 wall=15.64 inlet=0.06 outlet=47721.31]
Saved PyTorch checkpoint to results/checkpoints/strict_grad_norm_uncapped_adam40k_5090/best.pt
Saved PyTorch checkpoint to results/checkpoints/strict_grad_norm_uncapped_adam40k_5090/best.pt
Saved PyTorch checkpoint to results/checkpoints/strict_grad_norm_uncapped_adam40k_5090/best.pt
Saved PyTorch checkpoint to results/checkpoints/strict_grad_norm_uncapped_adam40k_5090/best.pt
Saved PyTorch checkpoint to results/checkpoints/strict_grad_norm_uncapped_adam40k_5090/best.pt
Saved PyTorch checkpoint to results/checkpoints/strict_grad_norm_uncapped_adam40k_5090/best.pt
Saved PyTorch checkpoint to results/checkpoints/strict_grad_norm_uncapped_adam40k_5090/best.pt
Saved PyTorch checkpoint to results/checkpoints/strict_grad_norm_uncapped_adam40k_5090/best.pt
Saved PyTorch checkpoint to results/checkpoints/strict_grad_norm_uncapped_adam40k_5090/best.pt
Saved PyTorch checkpoint to results/checkpoints/strict_grad_norm_uncapped_adam40k_5090/best.pt
Saved PyTorch checkpoint to results/checkpoints/strict_grad_norm_uncapped_adam40k_5090/best.pt
Saved PyTorch checkpoint to results/checkpoints/strict_grad_norm_uncapped_adam40k_5090/best.pt
Saved PyTorch checkpoint to results/checkpoints/strict_grad_norm_uncapped_adam40k_5090/best.pt
Saved PyTorch checkpoint to results/checkpoints/strict_grad_norm_uncapped_adam40k_5090/best.pt
Saved PyTorch checkpoint to results/checkpoints/strict_grad_norm_uncapped_adam40k_5090/best.pt
Saved PyTorch checkpoint to results/checkpoints/strict_grad_norm_uncapped_adam40k_5090/best.pt
Saved PyTorch checkpoint to results/checkpoints/strict_grad_norm_uncapped_adam40k_5090/best.pt
Saved PyTorch checkpoint to results/checkpoints/strict_grad_norm_uncapped_adam40k_5090/best.pt
Saved PyTorch checkpoint to results/checkpoints/strict_grad_norm_uncapped_adam40k_5090/best.pt
Saved PyTorch checkpoint to results/checkpoints/strict_grad_norm_uncapped_adam40k_5090/best.pt
Saved PyTorch checkpoint to results/checkpoints/strict_grad_norm_uncapped_adam40k_5090/best.pt
Saved PyTorch checkpoint to results/checkpoints/strict_grad_norm_uncapped_adam40k_5090/best.pt
Saved PyTorch checkpoint to results/checkpoints/strict_grad_norm_uncapped_adam40k_5090/best.pt
Saved PyTorch checkpoint to results/checkpoints/strict_grad_norm_uncapped_adam40k_5090/best.pt
Saved PyTorch checkpoint to results/checkpoints/strict_grad_norm_uncapped_adam40k_5090/best.pt
Saved PyTorch checkpoint to results/checkpoints/strict_grad_norm_uncapped_adam40k_5090/best.pt
Saved PyTorch checkpoint to results/checkpoints/strict_grad_norm_uncapped_adam40k_5090/best.pt
Saved PyTorch checkpoint to results/checkpoints/strict_grad_norm_uncapped_adam40k_5090/best.pt
Saved PyTorch checkpoint to results/checkpoints/strict_grad_norm_uncapped_adam40k_5090/best.pt
Saved PyTorch checkpoint to results/checkpoints/strict_grad_norm_uncapped_adam40k_5090/best.pt
Saved PyTorch checkpoint to results/checkpoints/strict_grad_norm_uncapped_adam40k_5090/best.pt
Saved PyTorch checkpoint to results/checkpoints/strict_grad_norm_uncapped_adam40k_5090/best.pt
Saved PyTorch checkpoint to results/checkpoints/strict_grad_norm_uncapped_adam40k_5090/best.pt
Saved PyTorch checkpoint to results/checkpoints/strict_grad_norm_uncapped_adam40k_5090/best.pt
Saved PyTorch checkpoint to results/checkpoints/strict_grad_norm_uncapped_adam40k_5090/best.pt
Saved PyTorch checkpoint to results/checkpoints/strict_grad_norm_uncapped_adam40k_5090/best.pt
Saved PyTorch checkpoint to results/checkpoints/strict_grad_norm_uncapped_adam40k_5090/best.pt
Saved PyTorch checkpoint to results/checkpoints/strict_grad_norm_uncapped_adam40k_5090/best.pt
Saved PyTorch checkpoint to results/checkpoints/strict_grad_norm_uncapped_adam40k_5090/best.pt
Saved PyTorch checkpoint to results/checkpoints/strict_grad_norm_uncapped_adam40k_5090/best.pt
Saved PyTorch checkpoint to results/checkpoints/strict_grad_norm_uncapped_adam40k_5090/best.pt
Saved PyTorch checkpoint to results/checkpoints/strict_grad_norm_uncapped_adam40k_5090/best.pt
Saved PyTorch checkpoint to results/checkpoints/strict_grad_norm_uncapped_adam40k_5090/best.pt
Saved PyTorch checkpoint to results/checkpoints/strict_grad_norm_uncapped_adam40k_5090/best.pt
Saved PyTorch checkpoint to results/checkpoints/strict_grad_norm_uncapped_adam40k_5090/best.pt
Saved PyTorch checkpoint to results/checkpoints/strict_grad_norm_uncapped_adam40k_5090/best.pt
Saved PyTorch checkpoint to results/checkpoints/strict_grad_norm_uncapped_adam40k_5090/best.pt
Saved PyTorch checkpoint to results/checkpoints/strict_grad_norm_uncapped_adam40k_5090/best.pt
Saved PyTorch checkpoint to results/checkpoints/strict_grad_norm_uncapped_adam40k_5090/best.pt
Saved PyTorch checkpoint to results/checkpoints/strict_grad_norm_uncapped_adam40k_5090/best.pt
Saved PyTorch checkpoint to results/checkpoints/strict_grad_norm_uncapped_adam40k_5090/best.pt
Saved PyTorch checkpoint to results/checkpoints/strict_grad_norm_uncapped_adam40k_5090/best.pt
Saved PyTorch checkpoint to results/checkpoints/strict_grad_norm_uncapped_adam40k_5090/best.pt
Saved PyTorch checkpoint to results/checkpoints/strict_grad_norm_uncapped_adam40k_5090/best.pt
Saved PyTorch checkpoint to results/checkpoints/strict_grad_norm_uncapped_adam40k_5090/best.pt
Saved PyTorch checkpoint to results/checkpoints/strict_grad_norm_uncapped_adam40k_5090/best.pt
Saved PyTorch checkpoint to results/checkpoints/strict_grad_norm_uncapped_adam40k_5090/best.pt
Saved PyTorch checkpoint to results/checkpoints/strict_grad_norm_uncapped_adam40k_5090/best.pt
Saved PyTorch checkpoint to results/checkpoints/strict_grad_norm_uncapped_adam40k_5090/best.pt
Saved PyTorch checkpoint to results/checkpoints/strict_grad_norm_uncapped_adam40k_5090/best.pt
Saved PyTorch checkpoint to results/checkpoints/strict_grad_norm_uncapped_adam40k_5090/best.pt
Saved PyTorch checkpoint to results/checkpoints/strict_grad_norm_uncapped_adam40k_5090/best.pt
Saved PyTorch checkpoint to results/checkpoints/strict_grad_norm_uncapped_adam40k_5090/best.pt
Saved PyTorch checkpoint to results/checkpoints/strict_grad_norm_uncapped_adam40k_5090/best.pt
Saved PyTorch checkpoint to results/checkpoints/strict_grad_norm_uncapped_adam40k_5090/best.pt
Saved PyTorch checkpoint to results/checkpoints/strict_grad_norm_uncapped_adam40k_5090/best.pt
Saved PyTorch checkpoint to results/checkpoints/strict_grad_norm_uncapped_adam40k_5090/best.pt
Saved PyTorch checkpoint to results/checkpoints/strict_grad_norm_uncapped_adam40k_5090/best.pt
Saved PyTorch checkpoint to results/checkpoints/strict_grad_norm_uncapped_adam40k_5090/best.pt
Saved PyTorch checkpoint to results/checkpoints/strict_grad_norm_uncapped_adam40k_5090/best.pt
Saved PyTorch checkpoint to results/checkpoints/strict_grad_norm_uncapped_adam40k_5090/best.pt
Saved PyTorch checkpoint to results/checkpoints/strict_grad_norm_uncapped_adam40k_5090/best.pt
Saved PyTorch checkpoint to results/checkpoints/strict_grad_norm_uncapped_adam40k_5090/best.pt
Saved PyTorch checkpoint to results/checkpoints/strict_grad_norm_uncapped_adam40k_5090/best.pt
Saved PyTorch checkpoint to results/checkpoints/strict_grad_norm_uncapped_adam40k_5090/best.pt
Saved PyTorch checkpoint to results/checkpoints/strict_grad_norm_uncapped_adam40k_5090/best.pt
Saved PyTorch checkpoint to results/checkpoints/strict_grad_norm_uncapped_adam40k_5090/best.pt
Saved PyTorch checkpoint to results/checkpoints/strict_grad_norm_uncapped_adam40k_5090/best.pt
Saved PyTorch checkpoint to results/checkpoints/strict_grad_norm_uncapped_adam40k_5090/best.pt
Saved PyTorch checkpoint to results/checkpoints/strict_grad_norm_uncapped_adam40k_5090/best.pt
Saved PyTorch checkpoint to results/checkpoints/strict_grad_norm_uncapped_adam40k_5090/best.pt
Saved PyTorch checkpoint to results/checkpoints/strict_grad_norm_uncapped_adam40k_5090/best.pt
Saved PyTorch checkpoint to results/checkpoints/strict_grad_norm_uncapped_adam40k_5090/best.pt
Saved PyTorch checkpoint to results/checkpoints/strict_grad_norm_uncapped_adam40k_5090/best.pt
Saved PyTorch checkpoint to results/checkpoints/strict_grad_norm_uncapped_adam40k_5090/best.pt
Adam 21300 | total=1.076e-02 f=5.109e-06 ic=4.437e-08 wall=2.272e-06 inlet=1.960e-01 outlet=2.318e-10 lr=5.000e-04 | λ[f=1.00 ic=547.25 wall=14.88 inlet=0.05 outlet=8296.33]
Saved PyTorch checkpoint to results/checkpoints/strict_grad_norm_uncapped_adam40k_5090/best.pt
Saved PyTorch checkpoint to results/checkpoints/strict_grad_norm_uncapped_adam40k_5090/best.pt
Saved PyTorch checkpoint to results/checkpoints/strict_grad_norm_uncapped_adam40k_5090/best.pt
Saved PyTorch checkpoint to results/checkpoints/strict_grad_norm_uncapped_adam40k_5090/best.pt
Saved PyTorch checkpoint to results/checkpoints/strict_grad_norm_uncapped_adam40k_5090/best.pt
Saved PyTorch checkpoint to results/checkpoints/strict_grad_norm_uncapped_adam40k_5090/best.pt
Saved PyTorch checkpoint to results/checkpoints/strict_grad_norm_uncapped_adam40k_5090/best.pt
Saved PyTorch checkpoint to results/checkpoints/strict_grad_norm_uncapped_adam40k_5090/best.pt
Saved PyTorch checkpoint to results/checkpoints/strict_grad_norm_uncapped_adam40k_5090/best.pt
Saved PyTorch checkpoint to results/checkpoints/strict_grad_norm_uncapped_adam40k_5090/best.pt
Saved PyTorch checkpoint to results/checkpoints/strict_grad_norm_uncapped_adam40k_5090/best.pt
Saved PyTorch checkpoint to results/checkpoints/strict_grad_norm_uncapped_adam40k_5090/best.pt
Saved PyTorch checkpoint to results/checkpoints/strict_grad_norm_uncapped_adam40k_5090/best.pt
Saved PyTorch checkpoint to results/checkpoints/strict_grad_norm_uncapped_adam40k_5090/best.pt
Saved PyTorch checkpoint to results/checkpoints/strict_grad_norm_uncapped_adam40k_5090/best.pt
Saved PyTorch checkpoint to results/checkpoints/strict_grad_norm_uncapped_adam40k_5090/best.pt
Saved PyTorch checkpoint to results/checkpoints/strict_grad_norm_uncapped_adam40k_5090/best.pt
Saved PyTorch checkpoint to results/checkpoints/strict_grad_norm_uncapped_adam40k_5090/best.pt
Saved PyTorch checkpoint to results/checkpoints/strict_grad_norm_uncapped_adam40k_5090/best.pt
Saved PyTorch checkpoint to results/checkpoints/strict_grad_norm_uncapped_adam40k_5090/best.pt
Saved PyTorch checkpoint to results/checkpoints/strict_grad_norm_uncapped_adam40k_5090/best.pt
Saved PyTorch checkpoint to results/checkpoints/strict_grad_norm_uncapped_adam40k_5090/best.pt
Saved PyTorch checkpoint to results/checkpoints/strict_grad_norm_uncapped_adam40k_5090/best.pt
Saved PyTorch checkpoint to results/checkpoints/strict_grad_norm_uncapped_adam40k_5090/best.pt
Saved PyTorch checkpoint to results/checkpoints/strict_grad_norm_uncapped_adam40k_5090/best.pt
Saved PyTorch checkpoint to results/checkpoints/strict_grad_norm_uncapped_adam40k_5090/best.pt
Saved PyTorch checkpoint to results/checkpoints/strict_grad_norm_uncapped_adam40k_5090/best.pt
Saved PyTorch checkpoint to results/checkpoints/strict_grad_norm_uncapped_adam40k_5090/best.pt
Saved PyTorch checkpoint to results/checkpoints/strict_grad_norm_uncapped_adam40k_5090/best.pt
Saved PyTorch checkpoint to results/checkpoints/strict_grad_norm_uncapped_adam40k_5090/best.pt
Saved PyTorch checkpoint to results/checkpoints/strict_grad_norm_uncapped_adam40k_5090/best.pt
Saved PyTorch checkpoint to results/checkpoints/strict_grad_norm_uncapped_adam40k_5090/best.pt
Saved PyTorch checkpoint to results/checkpoints/strict_grad_norm_uncapped_adam40k_5090/best.pt
Saved PyTorch checkpoint to results/checkpoints/strict_grad_norm_uncapped_adam40k_5090/best.pt
Saved PyTorch checkpoint to results/checkpoints/strict_grad_norm_uncapped_adam40k_5090/best.pt
Saved PyTorch checkpoint to results/checkpoints/strict_grad_norm_uncapped_adam40k_5090/best.pt
Saved PyTorch checkpoint to results/checkpoints/strict_grad_norm_uncapped_adam40k_5090/best.pt
Saved PyTorch checkpoint to results/checkpoints/strict_grad_norm_uncapped_adam40k_5090/best.pt
Saved PyTorch checkpoint to results/checkpoints/strict_grad_norm_uncapped_adam40k_5090/best.pt
Saved PyTorch checkpoint to results/checkpoints/strict_grad_norm_uncapped_adam40k_5090/best.pt
Saved PyTorch checkpoint to results/checkpoints/strict_grad_norm_uncapped_adam40k_5090/best.pt
Saved PyTorch checkpoint to results/checkpoints/strict_grad_norm_uncapped_adam40k_5090/best.pt
Saved PyTorch checkpoint to results/checkpoints/strict_grad_norm_uncapped_adam40k_5090/best.pt
Saved PyTorch checkpoint to results/checkpoints/strict_grad_norm_uncapped_adam40k_5090/best.pt
Saved PyTorch checkpoint to results/checkpoints/strict_grad_norm_uncapped_adam40k_5090/best.pt
Saved PyTorch checkpoint to results/checkpoints/strict_grad_norm_uncapped_adam40k_5090/best.pt
Saved PyTorch checkpoint to results/checkpoints/strict_grad_norm_uncapped_adam40k_5090/best.pt
Saved PyTorch checkpoint to results/checkpoints/strict_grad_norm_uncapped_adam40k_5090/best.pt
Saved PyTorch checkpoint to results/checkpoints/strict_grad_norm_uncapped_adam40k_5090/best.pt
Saved PyTorch checkpoint to results/checkpoints/strict_grad_norm_uncapped_adam40k_5090/best.pt
Saved PyTorch checkpoint to results/checkpoints/strict_grad_norm_uncapped_adam40k_5090/best.pt
Saved PyTorch checkpoint to results/checkpoints/strict_grad_norm_uncapped_adam40k_5090/best.pt
Saved PyTorch checkpoint to results/checkpoints/strict_grad_norm_uncapped_adam40k_5090/best.pt
Saved PyTorch checkpoint to results/checkpoints/strict_grad_norm_uncapped_adam40k_5090/best.pt
Saved PyTorch checkpoint to results/checkpoints/strict_grad_norm_uncapped_adam40k_5090/best.pt
Saved PyTorch checkpoint to results/checkpoints/strict_grad_norm_uncapped_adam40k_5090/best.pt
Saved PyTorch checkpoint to results/checkpoints/strict_grad_norm_uncapped_adam40k_5090/best.pt
Saved PyTorch checkpoint to results/checkpoints/strict_grad_norm_uncapped_adam40k_5090/best.pt
Saved PyTorch checkpoint to results/checkpoints/strict_grad_norm_uncapped_adam40k_5090/best.pt
Saved PyTorch checkpoint to results/checkpoints/strict_grad_norm_uncapped_adam40k_5090/best.pt
Saved PyTorch checkpoint to results/checkpoints/strict_grad_norm_uncapped_adam40k_5090/best.pt
Saved PyTorch checkpoint to results/checkpoints/strict_grad_norm_uncapped_adam40k_5090/best.pt
Saved PyTorch checkpoint to results/checkpoints/strict_grad_norm_uncapped_adam40k_5090/best.pt
Saved PyTorch checkpoint to results/checkpoints/strict_grad_norm_uncapped_adam40k_5090/best.pt
Saved PyTorch checkpoint to results/checkpoints/strict_grad_norm_uncapped_adam40k_5090/best.pt
Saved PyTorch checkpoint to results/checkpoints/strict_grad_norm_uncapped_adam40k_5090/best.pt
Saved PyTorch checkpoint to results/checkpoints/strict_grad_norm_uncapped_adam40k_5090/best.pt
Saved PyTorch checkpoint to results/checkpoints/strict_grad_norm_uncapped_adam40k_5090/best.pt
Saved PyTorch checkpoint to results/checkpoints/strict_grad_norm_uncapped_adam40k_5090/best.pt
Saved PyTorch checkpoint to results/checkpoints/strict_grad_norm_uncapped_adam40k_5090/best.pt
Saved PyTorch checkpoint to results/checkpoints/strict_grad_norm_uncapped_adam40k_5090/best.pt
Saved PyTorch checkpoint to results/checkpoints/strict_grad_norm_uncapped_adam40k_5090/best.pt
Saved PyTorch checkpoint to results/checkpoints/strict_grad_norm_uncapped_adam40k_5090/best.pt
Saved PyTorch checkpoint to results/checkpoints/strict_grad_norm_uncapped_adam40k_5090/best.pt
Saved PyTorch checkpoint to results/checkpoints/strict_grad_norm_uncapped_adam40k_5090/best.pt
Saved PyTorch checkpoint to results/checkpoints/strict_grad_norm_uncapped_adam40k_5090/best.pt
Saved PyTorch checkpoint to results/checkpoints/strict_grad_norm_uncapped_adam40k_5090/best.pt
Saved PyTorch checkpoint to results/checkpoints/strict_grad_norm_uncapped_adam40k_5090/best.pt
Saved PyTorch checkpoint to results/checkpoints/strict_grad_norm_uncapped_adam40k_5090/best.pt
Saved PyTorch checkpoint to results/checkpoints/strict_grad_norm_uncapped_adam40k_5090/best.pt
Saved PyTorch checkpoint to results/checkpoints/strict_grad_norm_uncapped_adam40k_5090/best.pt
Saved PyTorch checkpoint to results/checkpoints/strict_grad_norm_uncapped_adam40k_5090/best.pt
Saved PyTorch checkpoint to results/checkpoints/strict_grad_norm_uncapped_adam40k_5090/best.pt
Saved PyTorch checkpoint to results/checkpoints/strict_grad_norm_uncapped_adam40k_5090/best.pt
Saved PyTorch checkpoint to results/checkpoints/strict_grad_norm_uncapped_adam40k_5090/best.pt
Saved PyTorch checkpoint to results/checkpoints/strict_grad_norm_uncapped_adam40k_5090/best.pt
Saved PyTorch checkpoint to results/checkpoints/strict_grad_norm_uncapped_adam40k_5090/best.pt
Saved PyTorch checkpoint to results/checkpoints/strict_grad_norm_uncapped_adam40k_5090/best.pt
Saved PyTorch checkpoint to results/checkpoints/strict_grad_norm_uncapped_adam40k_5090/best.pt
Saved PyTorch checkpoint to results/checkpoints/strict_grad_norm_uncapped_adam40k_5090/best.pt
Saved PyTorch checkpoint to results/checkpoints/strict_grad_norm_uncapped_adam40k_5090/best.pt
Saved PyTorch checkpoint to results/checkpoints/strict_grad_norm_uncapped_adam40k_5090/best.pt
Saved PyTorch checkpoint to results/checkpoints/strict_grad_norm_uncapped_adam40k_5090/best.pt
Saved PyTorch checkpoint to results/checkpoints/strict_grad_norm_uncapped_adam40k_5090/best.pt
Saved PyTorch checkpoint to results/checkpoints/strict_grad_norm_uncapped_adam40k_5090/best.pt
Saved PyTorch checkpoint to results/checkpoints/strict_grad_norm_uncapped_adam40k_5090/best.pt
Saved PyTorch checkpoint to results/checkpoints/strict_grad_norm_uncapped_adam40k_5090/best.pt
Saved PyTorch checkpoint to results/checkpoints/strict_grad_norm_uncapped_adam40k_5090/best.pt
Saved PyTorch checkpoint to results/checkpoints/strict_grad_norm_uncapped_adam40k_5090/best.pt
Saved PyTorch checkpoint to results/checkpoints/strict_grad_norm_uncapped_adam40k_5090/best.pt
Adam 21400 | total=1.020e-02 f=4.828e-06 ic=4.310e-08 wall=2.266e-06 inlet=1.960e-01 outlet=2.049e-10 lr=5.000e-04 | λ[f=1.00 ic=469.42 wall=14.11 inlet=0.05 outlet=16684.57]
Saved PyTorch checkpoint to results/checkpoints/strict_grad_norm_uncapped_adam40k_5090/best.pt
Saved PyTorch checkpoint to results/checkpoints/strict_grad_norm_uncapped_adam40k_5090/best.pt
Saved PyTorch checkpoint to results/checkpoints/strict_grad_norm_uncapped_adam40k_5090/best.pt
Saved PyTorch checkpoint to results/checkpoints/strict_grad_norm_uncapped_adam40k_5090/best.pt
Saved PyTorch checkpoint to results/checkpoints/strict_grad_norm_uncapped_adam40k_5090/best.pt
Saved PyTorch checkpoint to results/checkpoints/strict_grad_norm_uncapped_adam40k_5090/best.pt
Saved PyTorch checkpoint to results/checkpoints/strict_grad_norm_uncapped_adam40k_5090/best.pt
Saved PyTorch checkpoint to results/checkpoints/strict_grad_norm_uncapped_adam40k_5090/best.pt
Saved PyTorch checkpoint to results/checkpoints/strict_grad_norm_uncapped_adam40k_5090/best.pt
Saved PyTorch checkpoint to results/checkpoints/strict_grad_norm_uncapped_adam40k_5090/best.pt
Saved PyTorch checkpoint to results/checkpoints/strict_grad_norm_uncapped_adam40k_5090/best.pt
Saved PyTorch checkpoint to results/checkpoints/strict_grad_norm_uncapped_adam40k_5090/best.pt
Saved PyTorch checkpoint to results/checkpoints/strict_grad_norm_uncapped_adam40k_5090/best.pt
Saved PyTorch checkpoint to results/checkpoints/strict_grad_norm_uncapped_adam40k_5090/best.pt
Saved PyTorch checkpoint to results/checkpoints/strict_grad_norm_uncapped_adam40k_5090/best.pt
Saved PyTorch checkpoint to results/checkpoints/strict_grad_norm_uncapped_adam40k_5090/best.pt
Saved PyTorch checkpoint to results/checkpoints/strict_grad_norm_uncapped_adam40k_5090/best.pt
Saved PyTorch checkpoint to results/checkpoints/strict_grad_norm_uncapped_adam40k_5090/best.pt
Saved PyTorch checkpoint to results/checkpoints/strict_grad_norm_uncapped_adam40k_5090/best.pt
Saved PyTorch checkpoint to results/checkpoints/strict_grad_norm_uncapped_adam40k_5090/best.pt
Saved PyTorch checkpoint to results/checkpoints/strict_grad_norm_uncapped_adam40k_5090/best.pt
Saved PyTorch checkpoint to results/checkpoints/strict_grad_norm_uncapped_adam40k_5090/best.pt
Saved PyTorch checkpoint to results/checkpoints/strict_grad_norm_uncapped_adam40k_5090/best.pt
Saved PyTorch checkpoint to results/checkpoints/strict_grad_norm_uncapped_adam40k_5090/best.pt
Saved PyTorch checkpoint to results/checkpoints/strict_grad_norm_uncapped_adam40k_5090/best.pt
Saved PyTorch checkpoint to results/checkpoints/strict_grad_norm_uncapped_adam40k_5090/best.pt
Saved PyTorch checkpoint to results/checkpoints/strict_grad_norm_uncapped_adam40k_5090/best.pt
Saved PyTorch checkpoint to results/checkpoints/strict_grad_norm_uncapped_adam40k_5090/best.pt
Saved PyTorch checkpoint to results/checkpoints/strict_grad_norm_uncapped_adam40k_5090/best.pt
Saved PyTorch checkpoint to results/checkpoints/strict_grad_norm_uncapped_adam40k_5090/best.pt
Saved PyTorch checkpoint to results/checkpoints/strict_grad_norm_uncapped_adam40k_5090/best.pt
Saved PyTorch checkpoint to results/checkpoints/strict_grad_norm_uncapped_adam40k_5090/best.pt
Saved PyTorch checkpoint to results/checkpoints/strict_grad_norm_uncapped_adam40k_5090/best.pt
Saved PyTorch checkpoint to results/checkpoints/strict_grad_norm_uncapped_adam40k_5090/best.pt
Saved PyTorch checkpoint to results/checkpoints/strict_grad_norm_uncapped_adam40k_5090/best.pt
Saved PyTorch checkpoint to results/checkpoints/strict_grad_norm_uncapped_adam40k_5090/best.pt
Saved PyTorch checkpoint to results/checkpoints/strict_grad_norm_uncapped_adam40k_5090/best.pt
Saved PyTorch checkpoint to results/checkpoints/strict_grad_norm_uncapped_adam40k_5090/best.pt
Saved PyTorch checkpoint to results/checkpoints/strict_grad_norm_uncapped_adam40k_5090/best.pt
Saved PyTorch checkpoint to results/checkpoints/strict_grad_norm_uncapped_adam40k_5090/best.pt
Saved PyTorch checkpoint to results/checkpoints/strict_grad_norm_uncapped_adam40k_5090/best.pt
Saved PyTorch checkpoint to results/checkpoints/strict_grad_norm_uncapped_adam40k_5090/best.pt
Saved PyTorch checkpoint to results/checkpoints/strict_grad_norm_uncapped_adam40k_5090/best.pt
Saved PyTorch checkpoint to results/checkpoints/strict_grad_norm_uncapped_adam40k_5090/best.pt
Saved PyTorch checkpoint to results/checkpoints/strict_grad_norm_uncapped_adam40k_5090/best.pt
Saved PyTorch checkpoint to results/checkpoints/strict_grad_norm_uncapped_adam40k_5090/best.pt
Saved PyTorch checkpoint to results/checkpoints/strict_grad_norm_uncapped_adam40k_5090/best.pt
Saved PyTorch checkpoint to results/checkpoints/strict_grad_norm_uncapped_adam40k_5090/best.pt
Saved PyTorch checkpoint to results/checkpoints/strict_grad_norm_uncapped_adam40k_5090/best.pt
Saved PyTorch checkpoint to results/checkpoints/strict_grad_norm_uncapped_adam40k_5090/best.pt
Saved PyTorch checkpoint to results/checkpoints/strict_grad_norm_uncapped_adam40k_5090/best.pt
Saved PyTorch checkpoint to results/checkpoints/strict_grad_norm_uncapped_adam40k_5090/best.pt
Saved PyTorch checkpoint to results/checkpoints/strict_grad_norm_uncapped_adam40k_5090/best.pt
Saved PyTorch checkpoint to results/checkpoints/strict_grad_norm_uncapped_adam40k_5090/best.pt
Saved PyTorch checkpoint to results/checkpoints/strict_grad_norm_uncapped_adam40k_5090/best.pt
Saved PyTorch checkpoint to results/checkpoints/strict_grad_norm_uncapped_adam40k_5090/best.pt
Saved PyTorch checkpoint to results/checkpoints/strict_grad_norm_uncapped_adam40k_5090/best.pt
Saved PyTorch checkpoint to results/checkpoints/strict_grad_norm_uncapped_adam40k_5090/best.pt
Saved PyTorch checkpoint to results/checkpoints/strict_grad_norm_uncapped_adam40k_5090/best.pt
Saved PyTorch checkpoint to results/checkpoints/strict_grad_norm_uncapped_adam40k_5090/best.pt
Saved PyTorch checkpoint to results/checkpoints/strict_grad_norm_uncapped_adam40k_5090/best.pt
Saved PyTorch checkpoint to results/checkpoints/strict_grad_norm_uncapped_adam40k_5090/best.pt
Saved PyTorch checkpoint to results/checkpoints/strict_grad_norm_uncapped_adam40k_5090/best.pt
Saved PyTorch checkpoint to results/checkpoints/strict_grad_norm_uncapped_adam40k_5090/best.pt
Saved PyTorch checkpoint to results/checkpoints/strict_grad_norm_uncapped_adam40k_5090/best.pt
Saved PyTorch checkpoint to results/checkpoints/strict_grad_norm_uncapped_adam40k_5090/best.pt
Saved PyTorch checkpoint to results/checkpoints/strict_grad_norm_uncapped_adam40k_5090/best.pt
Saved PyTorch checkpoint to results/checkpoints/strict_grad_norm_uncapped_adam40k_5090/best.pt
Saved PyTorch checkpoint to results/checkpoints/strict_grad_norm_uncapped_adam40k_5090/best.pt
Saved PyTorch checkpoint to results/checkpoints/strict_grad_norm_uncapped_adam40k_5090/best.pt
Saved PyTorch checkpoint to results/checkpoints/strict_grad_norm_uncapped_adam40k_5090/best.pt
Saved PyTorch checkpoint to results/checkpoints/strict_grad_norm_uncapped_adam40k_5090/best.pt
Saved PyTorch checkpoint to results/checkpoints/strict_grad_norm_uncapped_adam40k_5090/best.pt
Saved PyTorch checkpoint to results/checkpoints/strict_grad_norm_uncapped_adam40k_5090/best.pt
Saved PyTorch checkpoint to results/checkpoints/strict_grad_norm_uncapped_adam40k_5090/best.pt
Saved PyTorch checkpoint to results/checkpoints/strict_grad_norm_uncapped_adam40k_5090/best.pt
Saved PyTorch checkpoint to results/checkpoints/strict_grad_norm_uncapped_adam40k_5090/best.pt
Saved PyTorch checkpoint to results/checkpoints/strict_grad_norm_uncapped_adam40k_5090/best.pt
Saved PyTorch checkpoint to results/checkpoints/strict_grad_norm_uncapped_adam40k_5090/best.pt
Saved PyTorch checkpoint to results/checkpoints/strict_grad_norm_uncapped_adam40k_5090/best.pt
Saved PyTorch checkpoint to results/checkpoints/strict_grad_norm_uncapped_adam40k_5090/best.pt
Saved PyTorch checkpoint to results/checkpoints/strict_grad_norm_uncapped_adam40k_5090/best.pt
Saved PyTorch checkpoint to results/checkpoints/strict_grad_norm_uncapped_adam40k_5090/best.pt
Saved PyTorch checkpoint to results/checkpoints/strict_grad_norm_uncapped_adam40k_5090/best.pt
Saved PyTorch checkpoint to results/checkpoints/strict_grad_norm_uncapped_adam40k_5090/best.pt
Saved PyTorch checkpoint to results/checkpoints/strict_grad_norm_uncapped_adam40k_5090/best.pt
Saved PyTorch checkpoint to results/checkpoints/strict_grad_norm_uncapped_adam40k_5090/best.pt
Saved PyTorch checkpoint to results/checkpoints/strict_grad_norm_uncapped_adam40k_5090/best.pt
Saved PyTorch checkpoint to results/checkpoints/strict_grad_norm_uncapped_adam40k_5090/best.pt
Saved PyTorch checkpoint to results/checkpoints/strict_grad_norm_uncapped_adam40k_5090/best.pt
Saved PyTorch checkpoint to results/checkpoints/strict_grad_norm_uncapped_adam40k_5090/best.pt
Saved PyTorch checkpoint to results/checkpoints/strict_grad_norm_uncapped_adam40k_5090/best.pt
Saved PyTorch checkpoint to results/checkpoints/strict_grad_norm_uncapped_adam40k_5090/best.pt
Saved PyTorch checkpoint to results/checkpoints/strict_grad_norm_uncapped_adam40k_5090/best.pt
Saved PyTorch checkpoint to results/checkpoints/strict_grad_norm_uncapped_adam40k_5090/best.pt
Saved PyTorch checkpoint to results/checkpoints/strict_grad_norm_uncapped_adam40k_5090/best.pt
Saved PyTorch checkpoint to results/checkpoints/strict_grad_norm_uncapped_adam40k_5090/best.pt
Saved PyTorch checkpoint to results/checkpoints/strict_grad_norm_uncapped_adam40k_5090/best.pt
Saved PyTorch checkpoint to results/checkpoints/strict_grad_norm_uncapped_adam40k_5090/best.pt
Saved PyTorch checkpoint to results/checkpoints/strict_grad_norm_uncapped_adam40k_5090/best.pt
Adam 21500 | total=9.619e-03 f=4.582e-06 ic=4.297e-08 wall=2.263e-06 inlet=1.960e-01 outlet=1.810e-10 lr=5.000e-04 | λ[f=1.00 ic=441.51 wall=13.31 inlet=0.05 outlet=26519.29]
Saved PyTorch checkpoint to results/checkpoints/strict_grad_norm_uncapped_adam40k_5090/best.pt
Saved PyTorch checkpoint to results/checkpoints/strict_grad_norm_uncapped_adam40k_5090/best.pt
Saved PyTorch checkpoint to results/checkpoints/strict_grad_norm_uncapped_adam40k_5090/best.pt
Saved PyTorch checkpoint to results/checkpoints/strict_grad_norm_uncapped_adam40k_5090/best.pt
Saved PyTorch checkpoint to results/checkpoints/strict_grad_norm_uncapped_adam40k_5090/best.pt
Saved PyTorch checkpoint to results/checkpoints/strict_grad_norm_uncapped_adam40k_5090/best.pt
Saved PyTorch checkpoint to results/checkpoints/strict_grad_norm_uncapped_adam40k_5090/best.pt
Saved PyTorch checkpoint to results/checkpoints/strict_grad_norm_uncapped_adam40k_5090/best.pt
Saved PyTorch checkpoint to results/checkpoints/strict_grad_norm_uncapped_adam40k_5090/best.pt
Saved PyTorch checkpoint to results/checkpoints/strict_grad_norm_uncapped_adam40k_5090/best.pt
Saved PyTorch checkpoint to results/checkpoints/strict_grad_norm_uncapped_adam40k_5090/best.pt
Saved PyTorch checkpoint to results/checkpoints/strict_grad_norm_uncapped_adam40k_5090/best.pt
Saved PyTorch checkpoint to results/checkpoints/strict_grad_norm_uncapped_adam40k_5090/best.pt
Saved PyTorch checkpoint to results/checkpoints/strict_grad_norm_uncapped_adam40k_5090/best.pt
Saved PyTorch checkpoint to results/checkpoints/strict_grad_norm_uncapped_adam40k_5090/best.pt
Saved PyTorch checkpoint to results/checkpoints/strict_grad_norm_uncapped_adam40k_5090/best.pt
Saved PyTorch checkpoint to results/checkpoints/strict_grad_norm_uncapped_adam40k_5090/best.pt
Saved PyTorch checkpoint to results/checkpoints/strict_grad_norm_uncapped_adam40k_5090/best.pt
Saved PyTorch checkpoint to results/checkpoints/strict_grad_norm_uncapped_adam40k_5090/best.pt
Saved PyTorch checkpoint to results/checkpoints/strict_grad_norm_uncapped_adam40k_5090/best.pt
Saved PyTorch checkpoint to results/checkpoints/strict_grad_norm_uncapped_adam40k_5090/best.pt
Saved PyTorch checkpoint to results/checkpoints/strict_grad_norm_uncapped_adam40k_5090/best.pt
Saved PyTorch checkpoint to results/checkpoints/strict_grad_norm_uncapped_adam40k_5090/best.pt
Saved PyTorch checkpoint to results/checkpoints/strict_grad_norm_uncapped_adam40k_5090/best.pt
Saved PyTorch checkpoint to results/checkpoints/strict_grad_norm_uncapped_adam40k_5090/best.pt
Saved PyTorch checkpoint to results/checkpoints/strict_grad_norm_uncapped_adam40k_5090/best.pt
Saved PyTorch checkpoint to results/checkpoints/strict_grad_norm_uncapped_adam40k_5090/best.pt
Saved PyTorch checkpoint to results/checkpoints/strict_grad_norm_uncapped_adam40k_5090/best.pt
Saved PyTorch checkpoint to results/checkpoints/strict_grad_norm_uncapped_adam40k_5090/best.pt
Saved PyTorch checkpoint to results/checkpoints/strict_grad_norm_uncapped_adam40k_5090/best.pt
Saved PyTorch checkpoint to results/checkpoints/strict_grad_norm_uncapped_adam40k_5090/best.pt
Saved PyTorch checkpoint to results/checkpoints/strict_grad_norm_uncapped_adam40k_5090/best.pt
Saved PyTorch checkpoint to results/checkpoints/strict_grad_norm_uncapped_adam40k_5090/best.pt
Saved PyTorch checkpoint to results/checkpoints/strict_grad_norm_uncapped_adam40k_5090/best.pt
Saved PyTorch checkpoint to results/checkpoints/strict_grad_norm_uncapped_adam40k_5090/best.pt
Saved PyTorch checkpoint to results/checkpoints/strict_grad_norm_uncapped_adam40k_5090/best.pt
Saved PyTorch checkpoint to results/checkpoints/strict_grad_norm_uncapped_adam40k_5090/best.pt
Saved PyTorch checkpoint to results/checkpoints/strict_grad_norm_uncapped_adam40k_5090/best.pt
Saved PyTorch checkpoint to results/checkpoints/strict_grad_norm_uncapped_adam40k_5090/best.pt
Saved PyTorch checkpoint to results/checkpoints/strict_grad_norm_uncapped_adam40k_5090/best.pt
Saved PyTorch checkpoint to results/checkpoints/strict_grad_norm_uncapped_adam40k_5090/best.pt
Saved PyTorch checkpoint to results/checkpoints/strict_grad_norm_uncapped_adam40k_5090/best.pt
Saved PyTorch checkpoint to results/checkpoints/strict_grad_norm_uncapped_adam40k_5090/best.pt
Saved PyTorch checkpoint to results/checkpoints/strict_grad_norm_uncapped_adam40k_5090/best.pt
Saved PyTorch checkpoint to results/checkpoints/strict_grad_norm_uncapped_adam40k_5090/best.pt
Saved PyTorch checkpoint to results/checkpoints/strict_grad_norm_uncapped_adam40k_5090/best.pt
Saved PyTorch checkpoint to results/checkpoints/strict_grad_norm_uncapped_adam40k_5090/best.pt
Saved PyTorch checkpoint to results/checkpoints/strict_grad_norm_uncapped_adam40k_5090/best.pt
Saved PyTorch checkpoint to results/checkpoints/strict_grad_norm_uncapped_adam40k_5090/best.pt
Saved PyTorch checkpoint to results/checkpoints/strict_grad_norm_uncapped_adam40k_5090/best.pt
Saved PyTorch checkpoint to results/checkpoints/strict_grad_norm_uncapped_adam40k_5090/best.pt
Saved PyTorch checkpoint to results/checkpoints/strict_grad_norm_uncapped_adam40k_5090/best.pt
Saved PyTorch checkpoint to results/checkpoints/strict_grad_norm_uncapped_adam40k_5090/best.pt
Saved PyTorch checkpoint to results/checkpoints/strict_grad_norm_uncapped_adam40k_5090/best.pt
Saved PyTorch checkpoint to results/checkpoints/strict_grad_norm_uncapped_adam40k_5090/best.pt
Saved PyTorch checkpoint to results/checkpoints/strict_grad_norm_uncapped_adam40k_5090/best.pt
Saved PyTorch checkpoint to results/checkpoints/strict_grad_norm_uncapped_adam40k_5090/best.pt
Saved PyTorch checkpoint to results/checkpoints/strict_grad_norm_uncapped_adam40k_5090/best.pt
Saved PyTorch checkpoint to results/checkpoints/strict_grad_norm_uncapped_adam40k_5090/best.pt
Saved PyTorch checkpoint to results/checkpoints/strict_grad_norm_uncapped_adam40k_5090/best.pt
Saved PyTorch checkpoint to results/checkpoints/strict_grad_norm_uncapped_adam40k_5090/best.pt
Saved PyTorch checkpoint to results/checkpoints/strict_grad_norm_uncapped_adam40k_5090/best.pt
Saved PyTorch checkpoint to results/checkpoints/strict_grad_norm_uncapped_adam40k_5090/best.pt
Saved PyTorch checkpoint to results/checkpoints/strict_grad_norm_uncapped_adam40k_5090/best.pt
Saved PyTorch checkpoint to results/checkpoints/strict_grad_norm_uncapped_adam40k_5090/best.pt
Saved PyTorch checkpoint to results/checkpoints/strict_grad_norm_uncapped_adam40k_5090/best.pt
Saved PyTorch checkpoint to results/checkpoints/strict_grad_norm_uncapped_adam40k_5090/best.pt
Saved PyTorch checkpoint to results/checkpoints/strict_grad_norm_uncapped_adam40k_5090/best.pt
Saved PyTorch checkpoint to results/checkpoints/strict_grad_norm_uncapped_adam40k_5090/best.pt
Saved PyTorch checkpoint to results/checkpoints/strict_grad_norm_uncapped_adam40k_5090/best.pt
Saved PyTorch checkpoint to results/checkpoints/strict_grad_norm_uncapped_adam40k_5090/best.pt
Saved PyTorch checkpoint to results/checkpoints/strict_grad_norm_uncapped_adam40k_5090/best.pt
Saved PyTorch checkpoint to results/checkpoints/strict_grad_norm_uncapped_adam40k_5090/best.pt
Saved PyTorch checkpoint to results/checkpoints/strict_grad_norm_uncapped_adam40k_5090/best.pt
Saved PyTorch checkpoint to results/checkpoints/strict_grad_norm_uncapped_adam40k_5090/best.pt
Saved PyTorch checkpoint to results/checkpoints/strict_grad_norm_uncapped_adam40k_5090/best.pt
Saved PyTorch checkpoint to results/checkpoints/strict_grad_norm_uncapped_adam40k_5090/best.pt
Saved PyTorch checkpoint to results/checkpoints/strict_grad_norm_uncapped_adam40k_5090/best.pt
Saved PyTorch checkpoint to results/checkpoints/strict_grad_norm_uncapped_adam40k_5090/best.pt
Saved PyTorch checkpoint to results/checkpoints/strict_grad_norm_uncapped_adam40k_5090/best.pt
Saved PyTorch checkpoint to results/checkpoints/strict_grad_norm_uncapped_adam40k_5090/best.pt
Saved PyTorch checkpoint to results/checkpoints/strict_grad_norm_uncapped_adam40k_5090/best.pt
Saved PyTorch checkpoint to results/checkpoints/strict_grad_norm_uncapped_adam40k_5090/best.pt
Saved PyTorch checkpoint to results/checkpoints/strict_grad_norm_uncapped_adam40k_5090/best.pt
Saved PyTorch checkpoint to results/checkpoints/strict_grad_norm_uncapped_adam40k_5090/best.pt
Saved PyTorch checkpoint to results/checkpoints/strict_grad_norm_uncapped_adam40k_5090/best.pt
Saved PyTorch checkpoint to results/checkpoints/strict_grad_norm_uncapped_adam40k_5090/best.pt
Saved PyTorch checkpoint to results/checkpoints/strict_grad_norm_uncapped_adam40k_5090/best.pt
Saved PyTorch checkpoint to results/checkpoints/strict_grad_norm_uncapped_adam40k_5090/best.pt
Saved PyTorch checkpoint to results/checkpoints/strict_grad_norm_uncapped_adam40k_5090/best.pt
Saved PyTorch checkpoint to results/checkpoints/strict_grad_norm_uncapped_adam40k_5090/best.pt
Saved PyTorch checkpoint to results/checkpoints/strict_grad_norm_uncapped_adam40k_5090/best.pt
Saved PyTorch checkpoint to results/checkpoints/strict_grad_norm_uncapped_adam40k_5090/best.pt
Saved PyTorch checkpoint to results/checkpoints/strict_grad_norm_uncapped_adam40k_5090/best.pt
Saved PyTorch checkpoint to results/checkpoints/strict_grad_norm_uncapped_adam40k_5090/best.pt
Saved PyTorch checkpoint to results/checkpoints/strict_grad_norm_uncapped_adam40k_5090/best.pt
Saved PyTorch checkpoint to results/checkpoints/strict_grad_norm_uncapped_adam40k_5090/best.pt
Saved PyTorch checkpoint to results/checkpoints/strict_grad_norm_uncapped_adam40k_5090/best.pt
Saved PyTorch checkpoint to results/checkpoints/strict_grad_norm_uncapped_adam40k_5090/best.pt
Saved PyTorch checkpoint to results/checkpoints/strict_grad_norm_uncapped_adam40k_5090/best.pt
Adam 21600 | total=9.084e-03 f=4.360e-06 ic=4.284e-08 wall=2.260e-06 inlet=1.960e-01 outlet=1.618e-10 lr=5.000e-04 | λ[f=1.00 ic=420.20 wall=12.58 inlet=0.05 outlet=36158.46]
Saved PyTorch checkpoint to results/checkpoints/strict_grad_norm_uncapped_adam40k_5090/best.pt
Saved PyTorch checkpoint to results/checkpoints/strict_grad_norm_uncapped_adam40k_5090/best.pt
Saved PyTorch checkpoint to results/checkpoints/strict_grad_norm_uncapped_adam40k_5090/best.pt
Saved PyTorch checkpoint to results/checkpoints/strict_grad_norm_uncapped_adam40k_5090/best.pt
Saved PyTorch checkpoint to results/checkpoints/strict_grad_norm_uncapped_adam40k_5090/best.pt
Saved PyTorch checkpoint to results/checkpoints/strict_grad_norm_uncapped_adam40k_5090/best.pt
Saved PyTorch checkpoint to results/checkpoints/strict_grad_norm_uncapped_adam40k_5090/best.pt
Saved PyTorch checkpoint to results/checkpoints/strict_grad_norm_uncapped_adam40k_5090/best.pt
Saved PyTorch checkpoint to results/checkpoints/strict_grad_norm_uncapped_adam40k_5090/best.pt
Saved PyTorch checkpoint to results/checkpoints/strict_grad_norm_uncapped_adam40k_5090/best.pt
Saved PyTorch checkpoint to results/checkpoints/strict_grad_norm_uncapped_adam40k_5090/best.pt
Saved PyTorch checkpoint to results/checkpoints/strict_grad_norm_uncapped_adam40k_5090/best.pt
Saved PyTorch checkpoint to results/checkpoints/strict_grad_norm_uncapped_adam40k_5090/best.pt
Saved PyTorch checkpoint to results/checkpoints/strict_grad_norm_uncapped_adam40k_5090/best.pt
Saved PyTorch checkpoint to results/checkpoints/strict_grad_norm_uncapped_adam40k_5090/best.pt
Saved PyTorch checkpoint to results/checkpoints/strict_grad_norm_uncapped_adam40k_5090/best.pt
Saved PyTorch checkpoint to results/checkpoints/strict_grad_norm_uncapped_adam40k_5090/best.pt
Saved PyTorch checkpoint to results/checkpoints/strict_grad_norm_uncapped_adam40k_5090/best.pt
Saved PyTorch checkpoint to results/checkpoints/strict_grad_norm_uncapped_adam40k_5090/best.pt
Saved PyTorch checkpoint to results/checkpoints/strict_grad_norm_uncapped_adam40k_5090/best.pt
Saved PyTorch checkpoint to results/checkpoints/strict_grad_norm_uncapped_adam40k_5090/best.pt
Saved PyTorch checkpoint to results/checkpoints/strict_grad_norm_uncapped_adam40k_5090/best.pt
Saved PyTorch checkpoint to results/checkpoints/strict_grad_norm_uncapped_adam40k_5090/best.pt
Saved PyTorch checkpoint to results/checkpoints/strict_grad_norm_uncapped_adam40k_5090/best.pt
Saved PyTorch checkpoint to results/checkpoints/strict_grad_norm_uncapped_adam40k_5090/best.pt
Saved PyTorch checkpoint to results/checkpoints/strict_grad_norm_uncapped_adam40k_5090/best.pt
Saved PyTorch checkpoint to results/checkpoints/strict_grad_norm_uncapped_adam40k_5090/best.pt
Saved PyTorch checkpoint to results/checkpoints/strict_grad_norm_uncapped_adam40k_5090/best.pt
Saved PyTorch checkpoint to results/checkpoints/strict_grad_norm_uncapped_adam40k_5090/best.pt
Saved PyTorch checkpoint to results/checkpoints/strict_grad_norm_uncapped_adam40k_5090/best.pt
Saved PyTorch checkpoint to results/checkpoints/strict_grad_norm_uncapped_adam40k_5090/best.pt
Saved PyTorch checkpoint to results/checkpoints/strict_grad_norm_uncapped_adam40k_5090/best.pt
Saved PyTorch checkpoint to results/checkpoints/strict_grad_norm_uncapped_adam40k_5090/best.pt
Saved PyTorch checkpoint to results/checkpoints/strict_grad_norm_uncapped_adam40k_5090/best.pt
Saved PyTorch checkpoint to results/checkpoints/strict_grad_norm_uncapped_adam40k_5090/best.pt
Saved PyTorch checkpoint to results/checkpoints/strict_grad_norm_uncapped_adam40k_5090/best.pt
Saved PyTorch checkpoint to results/checkpoints/strict_grad_norm_uncapped_adam40k_5090/best.pt
Saved PyTorch checkpoint to results/checkpoints/strict_grad_norm_uncapped_adam40k_5090/best.pt
Saved PyTorch checkpoint to results/checkpoints/strict_grad_norm_uncapped_adam40k_5090/best.pt
Saved PyTorch checkpoint to results/checkpoints/strict_grad_norm_uncapped_adam40k_5090/best.pt
Saved PyTorch checkpoint to results/checkpoints/strict_grad_norm_uncapped_adam40k_5090/best.pt
Saved PyTorch checkpoint to results/checkpoints/strict_grad_norm_uncapped_adam40k_5090/best.pt
Saved PyTorch checkpoint to results/checkpoints/strict_grad_norm_uncapped_adam40k_5090/best.pt
Saved PyTorch checkpoint to results/checkpoints/strict_grad_norm_uncapped_adam40k_5090/best.pt
Saved PyTorch checkpoint to results/checkpoints/strict_grad_norm_uncapped_adam40k_5090/best.pt
Saved PyTorch checkpoint to results/checkpoints/strict_grad_norm_uncapped_adam40k_5090/best.pt
Saved PyTorch checkpoint to results/checkpoints/strict_grad_norm_uncapped_adam40k_5090/best.pt
Saved PyTorch checkpoint to results/checkpoints/strict_grad_norm_uncapped_adam40k_5090/best.pt
Saved PyTorch checkpoint to results/checkpoints/strict_grad_norm_uncapped_adam40k_5090/best.pt
Saved PyTorch checkpoint to results/checkpoints/strict_grad_norm_uncapped_adam40k_5090/best.pt
Saved PyTorch checkpoint to results/checkpoints/strict_grad_norm_uncapped_adam40k_5090/best.pt
Saved PyTorch checkpoint to results/checkpoints/strict_grad_norm_uncapped_adam40k_5090/best.pt
Saved PyTorch checkpoint to results/checkpoints/strict_grad_norm_uncapped_adam40k_5090/best.pt
Saved PyTorch checkpoint to results/checkpoints/strict_grad_norm_uncapped_adam40k_5090/best.pt
Saved PyTorch checkpoint to results/checkpoints/strict_grad_norm_uncapped_adam40k_5090/best.pt
Saved PyTorch checkpoint to results/checkpoints/strict_grad_norm_uncapped_adam40k_5090/best.pt
Saved PyTorch checkpoint to results/checkpoints/strict_grad_norm_uncapped_adam40k_5090/best.pt
Saved PyTorch checkpoint to results/checkpoints/strict_grad_norm_uncapped_adam40k_5090/best.pt
Saved PyTorch checkpoint to results/checkpoints/strict_grad_norm_uncapped_adam40k_5090/best.pt
Saved PyTorch checkpoint to results/checkpoints/strict_grad_norm_uncapped_adam40k_5090/best.pt
Saved PyTorch checkpoint to results/checkpoints/strict_grad_norm_uncapped_adam40k_5090/best.pt
Saved PyTorch checkpoint to results/checkpoints/strict_grad_norm_uncapped_adam40k_5090/best.pt
Saved PyTorch checkpoint to results/checkpoints/strict_grad_norm_uncapped_adam40k_5090/best.pt
Saved PyTorch checkpoint to results/checkpoints/strict_grad_norm_uncapped_adam40k_5090/best.pt
Saved PyTorch checkpoint to results/checkpoints/strict_grad_norm_uncapped_adam40k_5090/best.pt
Saved PyTorch checkpoint to results/checkpoints/strict_grad_norm_uncapped_adam40k_5090/best.pt
Saved PyTorch checkpoint to results/checkpoints/strict_grad_norm_uncapped_adam40k_5090/best.pt
Saved PyTorch checkpoint to results/checkpoints/strict_grad_norm_uncapped_adam40k_5090/best.pt
Saved PyTorch checkpoint to results/checkpoints/strict_grad_norm_uncapped_adam40k_5090/best.pt
Saved PyTorch checkpoint to results/checkpoints/strict_grad_norm_uncapped_adam40k_5090/best.pt
Saved PyTorch checkpoint to results/checkpoints/strict_grad_norm_uncapped_adam40k_5090/best.pt
Saved PyTorch checkpoint to results/checkpoints/strict_grad_norm_uncapped_adam40k_5090/best.pt
Saved PyTorch checkpoint to results/checkpoints/strict_grad_norm_uncapped_adam40k_5090/best.pt
Saved PyTorch checkpoint to results/checkpoints/strict_grad_norm_uncapped_adam40k_5090/best.pt
Saved PyTorch checkpoint to results/checkpoints/strict_grad_norm_uncapped_adam40k_5090/best.pt
Saved PyTorch checkpoint to results/checkpoints/strict_grad_norm_uncapped_adam40k_5090/best.pt
Saved PyTorch checkpoint to results/checkpoints/strict_grad_norm_uncapped_adam40k_5090/best.pt
Saved PyTorch checkpoint to results/checkpoints/strict_grad_norm_uncapped_adam40k_5090/best.pt
Saved PyTorch checkpoint to results/checkpoints/strict_grad_norm_uncapped_adam40k_5090/best.pt
Saved PyTorch checkpoint to results/checkpoints/strict_grad_norm_uncapped_adam40k_5090/best.pt
Saved PyTorch checkpoint to results/checkpoints/strict_grad_norm_uncapped_adam40k_5090/best.pt
Saved PyTorch checkpoint to results/checkpoints/strict_grad_norm_uncapped_adam40k_5090/best.pt
Saved PyTorch checkpoint to results/checkpoints/strict_grad_norm_uncapped_adam40k_5090/best.pt
Saved PyTorch checkpoint to results/checkpoints/strict_grad_norm_uncapped_adam40k_5090/best.pt
Saved PyTorch checkpoint to results/checkpoints/strict_grad_norm_uncapped_adam40k_5090/best.pt
Saved PyTorch checkpoint to results/checkpoints/strict_grad_norm_uncapped_adam40k_5090/best.pt
Saved PyTorch checkpoint to results/checkpoints/strict_grad_norm_uncapped_adam40k_5090/best.pt
Saved PyTorch checkpoint to results/checkpoints/strict_grad_norm_uncapped_adam40k_5090/best.pt
Saved PyTorch checkpoint to results/checkpoints/strict_grad_norm_uncapped_adam40k_5090/best.pt
Saved PyTorch checkpoint to results/checkpoints/strict_grad_norm_uncapped_adam40k_5090/best.pt
Saved PyTorch checkpoint to results/checkpoints/strict_grad_norm_uncapped_adam40k_5090/best.pt
Saved PyTorch checkpoint to results/checkpoints/strict_grad_norm_uncapped_adam40k_5090/best.pt
Saved PyTorch checkpoint to results/checkpoints/strict_grad_norm_uncapped_adam40k_5090/best.pt
Saved PyTorch checkpoint to results/checkpoints/strict_grad_norm_uncapped_adam40k_5090/best.pt
Saved PyTorch checkpoint to results/checkpoints/strict_grad_norm_uncapped_adam40k_5090/best.pt
Saved PyTorch checkpoint to results/checkpoints/strict_grad_norm_uncapped_adam40k_5090/best.pt
Saved PyTorch checkpoint to results/checkpoints/strict_grad_norm_uncapped_adam40k_5090/best.pt
Saved PyTorch checkpoint to results/checkpoints/strict_grad_norm_uncapped_adam40k_5090/best.pt
Saved PyTorch checkpoint to results/checkpoints/strict_grad_norm_uncapped_adam40k_5090/best.pt
Saved PyTorch checkpoint to results/checkpoints/strict_grad_norm_uncapped_adam40k_5090/best.pt
Adam 21700 | total=8.595e-03 f=4.158e-06 ic=4.268e-08 wall=2.259e-06 inlet=1.960e-01 outlet=1.431e-10 lr=5.000e-04 | λ[f=1.00 ic=401.44 wall=11.90 inlet=0.04 outlet=49126.31]
Saved PyTorch checkpoint to results/checkpoints/strict_grad_norm_uncapped_adam40k_5090/best.pt
Saved PyTorch checkpoint to results/checkpoints/strict_grad_norm_uncapped_adam40k_5090/best.pt
Saved PyTorch checkpoint to results/checkpoints/strict_grad_norm_uncapped_adam40k_5090/best.pt
Saved PyTorch checkpoint to results/checkpoints/strict_grad_norm_uncapped_adam40k_5090/best.pt
Saved PyTorch checkpoint to results/checkpoints/strict_grad_norm_uncapped_adam40k_5090/best.pt
Saved PyTorch checkpoint to results/checkpoints/strict_grad_norm_uncapped_adam40k_5090/best.pt
Saved PyTorch checkpoint to results/checkpoints/strict_grad_norm_uncapped_adam40k_5090/best.pt
Saved PyTorch checkpoint to results/checkpoints/strict_grad_norm_uncapped_adam40k_5090/best.pt
Saved PyTorch checkpoint to results/checkpoints/strict_grad_norm_uncapped_adam40k_5090/best.pt
Saved PyTorch checkpoint to results/checkpoints/strict_grad_norm_uncapped_adam40k_5090/best.pt
Saved PyTorch checkpoint to results/checkpoints/strict_grad_norm_uncapped_adam40k_5090/best.pt
Saved PyTorch checkpoint to results/checkpoints/strict_grad_norm_uncapped_adam40k_5090/best.pt
Saved PyTorch checkpoint to results/checkpoints/strict_grad_norm_uncapped_adam40k_5090/best.pt
Saved PyTorch checkpoint to results/checkpoints/strict_grad_norm_uncapped_adam40k_5090/best.pt
Saved PyTorch checkpoint to results/checkpoints/strict_grad_norm_uncapped_adam40k_5090/best.pt
Saved PyTorch checkpoint to results/checkpoints/strict_grad_norm_uncapped_adam40k_5090/best.pt
Saved PyTorch checkpoint to results/checkpoints/strict_grad_norm_uncapped_adam40k_5090/best.pt
Saved PyTorch checkpoint to results/checkpoints/strict_grad_norm_uncapped_adam40k_5090/best.pt
Saved PyTorch checkpoint to results/checkpoints/strict_grad_norm_uncapped_adam40k_5090/best.pt
Saved PyTorch checkpoint to results/checkpoints/strict_grad_norm_uncapped_adam40k_5090/best.pt
Saved PyTorch checkpoint to results/checkpoints/strict_grad_norm_uncapped_adam40k_5090/best.pt
Saved PyTorch checkpoint to results/checkpoints/strict_grad_norm_uncapped_adam40k_5090/best.pt
Saved PyTorch checkpoint to results/checkpoints/strict_grad_norm_uncapped_adam40k_5090/best.pt
Saved PyTorch checkpoint to results/checkpoints/strict_grad_norm_uncapped_adam40k_5090/best.pt
Saved PyTorch checkpoint to results/checkpoints/strict_grad_norm_uncapped_adam40k_5090/best.pt
Saved PyTorch checkpoint to results/checkpoints/strict_grad_norm_uncapped_adam40k_5090/best.pt
Saved PyTorch checkpoint to results/checkpoints/strict_grad_norm_uncapped_adam40k_5090/best.pt
Saved PyTorch checkpoint to results/checkpoints/strict_grad_norm_uncapped_adam40k_5090/best.pt
Saved PyTorch checkpoint to results/checkpoints/strict_grad_norm_uncapped_adam40k_5090/best.pt
Saved PyTorch checkpoint to results/checkpoints/strict_grad_norm_uncapped_adam40k_5090/best.pt
Saved PyTorch checkpoint to results/checkpoints/strict_grad_norm_uncapped_adam40k_5090/best.pt
Saved PyTorch checkpoint to results/checkpoints/strict_grad_norm_uncapped_adam40k_5090/best.pt
Saved PyTorch checkpoint to results/checkpoints/strict_grad_norm_uncapped_adam40k_5090/best.pt
Saved PyTorch checkpoint to results/checkpoints/strict_grad_norm_uncapped_adam40k_5090/best.pt
Saved PyTorch checkpoint to results/checkpoints/strict_grad_norm_uncapped_adam40k_5090/best.pt
Saved PyTorch checkpoint to results/checkpoints/strict_grad_norm_uncapped_adam40k_5090/best.pt
Saved PyTorch checkpoint to results/checkpoints/strict_grad_norm_uncapped_adam40k_5090/best.pt
Saved PyTorch checkpoint to results/checkpoints/strict_grad_norm_uncapped_adam40k_5090/best.pt
Saved PyTorch checkpoint to results/checkpoints/strict_grad_norm_uncapped_adam40k_5090/best.pt
Saved PyTorch checkpoint to results/checkpoints/strict_grad_norm_uncapped_adam40k_5090/best.pt
Saved PyTorch checkpoint to results/checkpoints/strict_grad_norm_uncapped_adam40k_5090/best.pt
Saved PyTorch checkpoint to results/checkpoints/strict_grad_norm_uncapped_adam40k_5090/best.pt
Saved PyTorch checkpoint to results/checkpoints/strict_grad_norm_uncapped_adam40k_5090/best.pt
Saved PyTorch checkpoint to results/checkpoints/strict_grad_norm_uncapped_adam40k_5090/best.pt
Saved PyTorch checkpoint to results/checkpoints/strict_grad_norm_uncapped_adam40k_5090/best.pt
Saved PyTorch checkpoint to results/checkpoints/strict_grad_norm_uncapped_adam40k_5090/best.pt
Saved PyTorch checkpoint to results/checkpoints/strict_grad_norm_uncapped_adam40k_5090/best.pt
Saved PyTorch checkpoint to results/checkpoints/strict_grad_norm_uncapped_adam40k_5090/best.pt
Saved PyTorch checkpoint to results/checkpoints/strict_grad_norm_uncapped_adam40k_5090/best.pt
Saved PyTorch checkpoint to results/checkpoints/strict_grad_norm_uncapped_adam40k_5090/best.pt
Saved PyTorch checkpoint to results/checkpoints/strict_grad_norm_uncapped_adam40k_5090/best.pt
Saved PyTorch checkpoint to results/checkpoints/strict_grad_norm_uncapped_adam40k_5090/best.pt
Saved PyTorch checkpoint to results/checkpoints/strict_grad_norm_uncapped_adam40k_5090/best.pt
Saved PyTorch checkpoint to results/checkpoints/strict_grad_norm_uncapped_adam40k_5090/best.pt
Saved PyTorch checkpoint to results/checkpoints/strict_grad_norm_uncapped_adam40k_5090/best.pt
Saved PyTorch checkpoint to results/checkpoints/strict_grad_norm_uncapped_adam40k_5090/best.pt
Saved PyTorch checkpoint to results/checkpoints/strict_grad_norm_uncapped_adam40k_5090/best.pt
Saved PyTorch checkpoint to results/checkpoints/strict_grad_norm_uncapped_adam40k_5090/best.pt
Saved PyTorch checkpoint to results/checkpoints/strict_grad_norm_uncapped_adam40k_5090/best.pt
Saved PyTorch checkpoint to results/checkpoints/strict_grad_norm_uncapped_adam40k_5090/best.pt
Saved PyTorch checkpoint to results/checkpoints/strict_grad_norm_uncapped_adam40k_5090/best.pt
Saved PyTorch checkpoint to results/checkpoints/strict_grad_norm_uncapped_adam40k_5090/best.pt
Saved PyTorch checkpoint to results/checkpoints/strict_grad_norm_uncapped_adam40k_5090/best.pt
Saved PyTorch checkpoint to results/checkpoints/strict_grad_norm_uncapped_adam40k_5090/best.pt
Saved PyTorch checkpoint to results/checkpoints/strict_grad_norm_uncapped_adam40k_5090/best.pt
Saved PyTorch checkpoint to results/checkpoints/strict_grad_norm_uncapped_adam40k_5090/best.pt
Saved PyTorch checkpoint to results/checkpoints/strict_grad_norm_uncapped_adam40k_5090/best.pt
Saved PyTorch checkpoint to results/checkpoints/strict_grad_norm_uncapped_adam40k_5090/best.pt
Saved PyTorch checkpoint to results/checkpoints/strict_grad_norm_uncapped_adam40k_5090/best.pt
Saved PyTorch checkpoint to results/checkpoints/strict_grad_norm_uncapped_adam40k_5090/best.pt
Saved PyTorch checkpoint to results/checkpoints/strict_grad_norm_uncapped_adam40k_5090/best.pt
Saved PyTorch checkpoint to results/checkpoints/strict_grad_norm_uncapped_adam40k_5090/best.pt
Saved PyTorch checkpoint to results/checkpoints/strict_grad_norm_uncapped_adam40k_5090/best.pt
Saved PyTorch checkpoint to results/checkpoints/strict_grad_norm_uncapped_adam40k_5090/best.pt
Saved PyTorch checkpoint to results/checkpoints/strict_grad_norm_uncapped_adam40k_5090/best.pt
Saved PyTorch checkpoint to results/checkpoints/strict_grad_norm_uncapped_adam40k_5090/best.pt
Saved PyTorch checkpoint to results/checkpoints/strict_grad_norm_uncapped_adam40k_5090/best.pt
Saved PyTorch checkpoint to results/checkpoints/strict_grad_norm_uncapped_adam40k_5090/best.pt
Saved PyTorch checkpoint to results/checkpoints/strict_grad_norm_uncapped_adam40k_5090/best.pt
Saved PyTorch checkpoint to results/checkpoints/strict_grad_norm_uncapped_adam40k_5090/best.pt
Saved PyTorch checkpoint to results/checkpoints/strict_grad_norm_uncapped_adam40k_5090/best.pt
Saved PyTorch checkpoint to results/checkpoints/strict_grad_norm_uncapped_adam40k_5090/best.pt
Saved PyTorch checkpoint to results/checkpoints/strict_grad_norm_uncapped_adam40k_5090/best.pt
Saved PyTorch checkpoint to results/checkpoints/strict_grad_norm_uncapped_adam40k_5090/best.pt
Saved PyTorch checkpoint to results/checkpoints/strict_grad_norm_uncapped_adam40k_5090/best.pt
Saved PyTorch checkpoint to results/checkpoints/strict_grad_norm_uncapped_adam40k_5090/best.pt
Saved PyTorch checkpoint to results/checkpoints/strict_grad_norm_uncapped_adam40k_5090/best.pt
Saved PyTorch checkpoint to results/checkpoints/strict_grad_norm_uncapped_adam40k_5090/best.pt
Saved PyTorch checkpoint to results/checkpoints/strict_grad_norm_uncapped_adam40k_5090/best.pt
Saved PyTorch checkpoint to results/checkpoints/strict_grad_norm_uncapped_adam40k_5090/best.pt
Saved PyTorch checkpoint to results/checkpoints/strict_grad_norm_uncapped_adam40k_5090/best.pt
Adam 21800 | total=8.132e-03 f=3.971e-06 ic=4.122e-08 wall=2.257e-06 inlet=1.960e-01 outlet=1.434e-10 lr=5.000e-04 | λ[f=1.00 ic=386.45 wall=11.26 inlet=0.04 outlet=26109.16]
Saved PyTorch checkpoint to results/checkpoints/strict_grad_norm_uncapped_adam40k_5090/best.pt
Saved PyTorch checkpoint to results/checkpoints/strict_grad_norm_uncapped_adam40k_5090/best.pt
Saved PyTorch checkpoint to results/checkpoints/strict_grad_norm_uncapped_adam40k_5090/best.pt
Saved PyTorch checkpoint to results/checkpoints/strict_grad_norm_uncapped_adam40k_5090/best.pt
Saved PyTorch checkpoint to results/checkpoints/strict_grad_norm_uncapped_adam40k_5090/best.pt
Saved PyTorch checkpoint to results/checkpoints/strict_grad_norm_uncapped_adam40k_5090/best.pt
Saved PyTorch checkpoint to results/checkpoints/strict_grad_norm_uncapped_adam40k_5090/best.pt
Saved PyTorch checkpoint to results/checkpoints/strict_grad_norm_uncapped_adam40k_5090/best.pt
Saved PyTorch checkpoint to results/checkpoints/strict_grad_norm_uncapped_adam40k_5090/best.pt
Saved PyTorch checkpoint to results/checkpoints/strict_grad_norm_uncapped_adam40k_5090/best.pt
Saved PyTorch checkpoint to results/checkpoints/strict_grad_norm_uncapped_adam40k_5090/best.pt
Saved PyTorch checkpoint to results/checkpoints/strict_grad_norm_uncapped_adam40k_5090/best.pt
Saved PyTorch checkpoint to results/checkpoints/strict_grad_norm_uncapped_adam40k_5090/best.pt
Saved PyTorch checkpoint to results/checkpoints/strict_grad_norm_uncapped_adam40k_5090/best.pt
Saved PyTorch checkpoint to results/checkpoints/strict_grad_norm_uncapped_adam40k_5090/best.pt
Saved PyTorch checkpoint to results/checkpoints/strict_grad_norm_uncapped_adam40k_5090/best.pt
Saved PyTorch checkpoint to results/checkpoints/strict_grad_norm_uncapped_adam40k_5090/best.pt
Saved PyTorch checkpoint to results/checkpoints/strict_grad_norm_uncapped_adam40k_5090/best.pt
Saved PyTorch checkpoint to results/checkpoints/strict_grad_norm_uncapped_adam40k_5090/best.pt
Saved PyTorch checkpoint to results/checkpoints/strict_grad_norm_uncapped_adam40k_5090/best.pt
Saved PyTorch checkpoint to results/checkpoints/strict_grad_norm_uncapped_adam40k_5090/best.pt
Saved PyTorch checkpoint to results/checkpoints/strict_grad_norm_uncapped_adam40k_5090/best.pt
Saved PyTorch checkpoint to results/checkpoints/strict_grad_norm_uncapped_adam40k_5090/best.pt
Saved PyTorch checkpoint to results/checkpoints/strict_grad_norm_uncapped_adam40k_5090/best.pt
Saved PyTorch checkpoint to results/checkpoints/strict_grad_norm_uncapped_adam40k_5090/best.pt
Saved PyTorch checkpoint to results/checkpoints/strict_grad_norm_uncapped_adam40k_5090/best.pt
Saved PyTorch checkpoint to results/checkpoints/strict_grad_norm_uncapped_adam40k_5090/best.pt
Saved PyTorch checkpoint to results/checkpoints/strict_grad_norm_uncapped_adam40k_5090/best.pt
Saved PyTorch checkpoint to results/checkpoints/strict_grad_norm_uncapped_adam40k_5090/best.pt
Saved PyTorch checkpoint to results/checkpoints/strict_grad_norm_uncapped_adam40k_5090/best.pt
Saved PyTorch checkpoint to results/checkpoints/strict_grad_norm_uncapped_adam40k_5090/best.pt
Saved PyTorch checkpoint to results/checkpoints/strict_grad_norm_uncapped_adam40k_5090/best.pt
Saved PyTorch checkpoint to results/checkpoints/strict_grad_norm_uncapped_adam40k_5090/best.pt
Saved PyTorch checkpoint to results/checkpoints/strict_grad_norm_uncapped_adam40k_5090/best.pt
Saved PyTorch checkpoint to results/checkpoints/strict_grad_norm_uncapped_adam40k_5090/best.pt
Saved PyTorch checkpoint to results/checkpoints/strict_grad_norm_uncapped_adam40k_5090/best.pt
Saved PyTorch checkpoint to results/checkpoints/strict_grad_norm_uncapped_adam40k_5090/best.pt
Saved PyTorch checkpoint to results/checkpoints/strict_grad_norm_uncapped_adam40k_5090/best.pt
Saved PyTorch checkpoint to results/checkpoints/strict_grad_norm_uncapped_adam40k_5090/best.pt
Saved PyTorch checkpoint to results/checkpoints/strict_grad_norm_uncapped_adam40k_5090/best.pt
Saved PyTorch checkpoint to results/checkpoints/strict_grad_norm_uncapped_adam40k_5090/best.pt
Saved PyTorch checkpoint to results/checkpoints/strict_grad_norm_uncapped_adam40k_5090/best.pt
Saved PyTorch checkpoint to results/checkpoints/strict_grad_norm_uncapped_adam40k_5090/best.pt
Saved PyTorch checkpoint to results/checkpoints/strict_grad_norm_uncapped_adam40k_5090/best.pt
Saved PyTorch checkpoint to results/checkpoints/strict_grad_norm_uncapped_adam40k_5090/best.pt
Saved PyTorch checkpoint to results/checkpoints/strict_grad_norm_uncapped_adam40k_5090/best.pt
Saved PyTorch checkpoint to results/checkpoints/strict_grad_norm_uncapped_adam40k_5090/best.pt
Saved PyTorch checkpoint to results/checkpoints/strict_grad_norm_uncapped_adam40k_5090/best.pt
Saved PyTorch checkpoint to results/checkpoints/strict_grad_norm_uncapped_adam40k_5090/best.pt
Saved PyTorch checkpoint to results/checkpoints/strict_grad_norm_uncapped_adam40k_5090/best.pt
Saved PyTorch checkpoint to results/checkpoints/strict_grad_norm_uncapped_adam40k_5090/best.pt
Saved PyTorch checkpoint to results/checkpoints/strict_grad_norm_uncapped_adam40k_5090/best.pt
Saved PyTorch checkpoint to results/checkpoints/strict_grad_norm_uncapped_adam40k_5090/best.pt
Saved PyTorch checkpoint to results/checkpoints/strict_grad_norm_uncapped_adam40k_5090/best.pt
Saved PyTorch checkpoint to results/checkpoints/strict_grad_norm_uncapped_adam40k_5090/best.pt
Saved PyTorch checkpoint to results/checkpoints/strict_grad_norm_uncapped_adam40k_5090/best.pt
Saved PyTorch checkpoint to results/checkpoints/strict_grad_norm_uncapped_adam40k_5090/best.pt
Saved PyTorch checkpoint to results/checkpoints/strict_grad_norm_uncapped_adam40k_5090/best.pt
Saved PyTorch checkpoint to results/checkpoints/strict_grad_norm_uncapped_adam40k_5090/best.pt
Saved PyTorch checkpoint to results/checkpoints/strict_grad_norm_uncapped_adam40k_5090/best.pt
Saved PyTorch checkpoint to results/checkpoints/strict_grad_norm_uncapped_adam40k_5090/best.pt
Saved PyTorch checkpoint to results/checkpoints/strict_grad_norm_uncapped_adam40k_5090/best.pt
Saved PyTorch checkpoint to results/checkpoints/strict_grad_norm_uncapped_adam40k_5090/best.pt
Saved PyTorch checkpoint to results/checkpoints/strict_grad_norm_uncapped_adam40k_5090/best.pt
Saved PyTorch checkpoint to results/checkpoints/strict_grad_norm_uncapped_adam40k_5090/best.pt
Saved PyTorch checkpoint to results/checkpoints/strict_grad_norm_uncapped_adam40k_5090/best.pt
Saved PyTorch checkpoint to results/checkpoints/strict_grad_norm_uncapped_adam40k_5090/best.pt
Saved PyTorch checkpoint to results/checkpoints/strict_grad_norm_uncapped_adam40k_5090/best.pt
Saved PyTorch checkpoint to results/checkpoints/strict_grad_norm_uncapped_adam40k_5090/best.pt
Saved PyTorch checkpoint to results/checkpoints/strict_grad_norm_uncapped_adam40k_5090/best.pt
Saved PyTorch checkpoint to results/checkpoints/strict_grad_norm_uncapped_adam40k_5090/best.pt
Saved PyTorch checkpoint to results/checkpoints/strict_grad_norm_uncapped_adam40k_5090/best.pt
Saved PyTorch checkpoint to results/checkpoints/strict_grad_norm_uncapped_adam40k_5090/best.pt
Saved PyTorch checkpoint to results/checkpoints/strict_grad_norm_uncapped_adam40k_5090/best.pt
Saved PyTorch checkpoint to results/checkpoints/strict_grad_norm_uncapped_adam40k_5090/best.pt
Saved PyTorch checkpoint to results/checkpoints/strict_grad_norm_uncapped_adam40k_5090/best.pt
Saved PyTorch checkpoint to results/checkpoints/strict_grad_norm_uncapped_adam40k_5090/best.pt
Saved PyTorch checkpoint to results/checkpoints/strict_grad_norm_uncapped_adam40k_5090/best.pt
Saved PyTorch checkpoint to results/checkpoints/strict_grad_norm_uncapped_adam40k_5090/best.pt
Saved PyTorch checkpoint to results/checkpoints/strict_grad_norm_uncapped_adam40k_5090/best.pt
Saved PyTorch checkpoint to results/checkpoints/strict_grad_norm_uncapped_adam40k_5090/best.pt
Saved PyTorch checkpoint to results/checkpoints/strict_grad_norm_uncapped_adam40k_5090/best.pt
Saved PyTorch checkpoint to results/checkpoints/strict_grad_norm_uncapped_adam40k_5090/best.pt
Saved PyTorch checkpoint to results/checkpoints/strict_grad_norm_uncapped_adam40k_5090/best.pt
Saved PyTorch checkpoint to results/checkpoints/strict_grad_norm_uncapped_adam40k_5090/best.pt
Saved PyTorch checkpoint to results/checkpoints/strict_grad_norm_uncapped_adam40k_5090/best.pt
Saved PyTorch checkpoint to results/checkpoints/strict_grad_norm_uncapped_adam40k_5090/best.pt
Saved PyTorch checkpoint to results/checkpoints/strict_grad_norm_uncapped_adam40k_5090/best.pt
Saved PyTorch checkpoint to results/checkpoints/strict_grad_norm_uncapped_adam40k_5090/best.pt
Saved PyTorch checkpoint to results/checkpoints/strict_grad_norm_uncapped_adam40k_5090/best.pt
Saved PyTorch checkpoint to results/checkpoints/strict_grad_norm_uncapped_adam40k_5090/best.pt
Saved PyTorch checkpoint to results/checkpoints/strict_grad_norm_uncapped_adam40k_5090/best.pt
Saved PyTorch checkpoint to results/checkpoints/strict_grad_norm_uncapped_adam40k_5090/best.pt
Saved PyTorch checkpoint to results/checkpoints/strict_grad_norm_uncapped_adam40k_5090/best.pt
Saved PyTorch checkpoint to results/checkpoints/strict_grad_norm_uncapped_adam40k_5090/best.pt
Saved PyTorch checkpoint to results/checkpoints/strict_grad_norm_uncapped_adam40k_5090/best.pt
Saved PyTorch checkpoint to results/checkpoints/strict_grad_norm_uncapped_adam40k_5090/best.pt
Saved PyTorch checkpoint to results/checkpoints/strict_grad_norm_uncapped_adam40k_5090/best.pt
Saved PyTorch checkpoint to results/checkpoints/strict_grad_norm_uncapped_adam40k_5090/best.pt
Saved PyTorch checkpoint to results/checkpoints/strict_grad_norm_uncapped_adam40k_5090/best.pt
Adam 21900 | total=7.676e-03 f=3.801e-06 ic=4.079e-08 wall=2.255e-06 inlet=1.960e-01 outlet=1.324e-10 lr=5.000e-04 | λ[f=1.00 ic=368.46 wall=10.63 inlet=0.04 outlet=38114.86]
Saved PyTorch checkpoint to results/checkpoints/strict_grad_norm_uncapped_adam40k_5090/best.pt
Saved PyTorch checkpoint to results/checkpoints/strict_grad_norm_uncapped_adam40k_5090/best.pt
Saved PyTorch checkpoint to results/checkpoints/strict_grad_norm_uncapped_adam40k_5090/best.pt
Saved PyTorch checkpoint to results/checkpoints/strict_grad_norm_uncapped_adam40k_5090/best.pt
Saved PyTorch checkpoint to results/checkpoints/strict_grad_norm_uncapped_adam40k_5090/best.pt
Saved PyTorch checkpoint to results/checkpoints/strict_grad_norm_uncapped_adam40k_5090/best.pt
Saved PyTorch checkpoint to results/checkpoints/strict_grad_norm_uncapped_adam40k_5090/best.pt
Saved PyTorch checkpoint to results/checkpoints/strict_grad_norm_uncapped_adam40k_5090/best.pt
Saved PyTorch checkpoint to results/checkpoints/strict_grad_norm_uncapped_adam40k_5090/best.pt
Saved PyTorch checkpoint to results/checkpoints/strict_grad_norm_uncapped_adam40k_5090/best.pt
Saved PyTorch checkpoint to results/checkpoints/strict_grad_norm_uncapped_adam40k_5090/best.pt
Saved PyTorch checkpoint to results/checkpoints/strict_grad_norm_uncapped_adam40k_5090/best.pt
Saved PyTorch checkpoint to results/checkpoints/strict_grad_norm_uncapped_adam40k_5090/best.pt
Saved PyTorch checkpoint to results/checkpoints/strict_grad_norm_uncapped_adam40k_5090/best.pt
Saved PyTorch checkpoint to results/checkpoints/strict_grad_norm_uncapped_adam40k_5090/best.pt
Saved PyTorch checkpoint to results/checkpoints/strict_grad_norm_uncapped_adam40k_5090/best.pt
Saved PyTorch checkpoint to results/checkpoints/strict_grad_norm_uncapped_adam40k_5090/best.pt
Saved PyTorch checkpoint to results/checkpoints/strict_grad_norm_uncapped_adam40k_5090/best.pt
Saved PyTorch checkpoint to results/checkpoints/strict_grad_norm_uncapped_adam40k_5090/best.pt
Saved PyTorch checkpoint to results/checkpoints/strict_grad_norm_uncapped_adam40k_5090/best.pt
Saved PyTorch checkpoint to results/checkpoints/strict_grad_norm_uncapped_adam40k_5090/best.pt
Saved PyTorch checkpoint to results/checkpoints/strict_grad_norm_uncapped_adam40k_5090/best.pt
Saved PyTorch checkpoint to results/checkpoints/strict_grad_norm_uncapped_adam40k_5090/best.pt
Saved PyTorch checkpoint to results/checkpoints/strict_grad_norm_uncapped_adam40k_5090/best.pt
Saved PyTorch checkpoint to results/checkpoints/strict_grad_norm_uncapped_adam40k_5090/best.pt
Saved PyTorch checkpoint to results/checkpoints/strict_grad_norm_uncapped_adam40k_5090/best.pt
Saved PyTorch checkpoint to results/checkpoints/strict_grad_norm_uncapped_adam40k_5090/best.pt
Saved PyTorch checkpoint to results/checkpoints/strict_grad_norm_uncapped_adam40k_5090/best.pt
Saved PyTorch checkpoint to results/checkpoints/strict_grad_norm_uncapped_adam40k_5090/best.pt
Saved PyTorch checkpoint to results/checkpoints/strict_grad_norm_uncapped_adam40k_5090/best.pt
Saved PyTorch checkpoint to results/checkpoints/strict_grad_norm_uncapped_adam40k_5090/best.pt
Saved PyTorch checkpoint to results/checkpoints/strict_grad_norm_uncapped_adam40k_5090/best.pt
Saved PyTorch checkpoint to results/checkpoints/strict_grad_norm_uncapped_adam40k_5090/best.pt
Saved PyTorch checkpoint to results/checkpoints/strict_grad_norm_uncapped_adam40k_5090/best.pt
Saved PyTorch checkpoint to results/checkpoints/strict_grad_norm_uncapped_adam40k_5090/best.pt
Saved PyTorch checkpoint to results/checkpoints/strict_grad_norm_uncapped_adam40k_5090/best.pt
Saved PyTorch checkpoint to results/checkpoints/strict_grad_norm_uncapped_adam40k_5090/best.pt
Saved PyTorch checkpoint to results/checkpoints/strict_grad_norm_uncapped_adam40k_5090/best.pt
Saved PyTorch checkpoint to results/checkpoints/strict_grad_norm_uncapped_adam40k_5090/best.pt
Saved PyTorch checkpoint to results/checkpoints/strict_grad_norm_uncapped_adam40k_5090/best.pt
Saved PyTorch checkpoint to results/checkpoints/strict_grad_norm_uncapped_adam40k_5090/best.pt
Saved PyTorch checkpoint to results/checkpoints/strict_grad_norm_uncapped_adam40k_5090/best.pt
Saved PyTorch checkpoint to results/checkpoints/strict_grad_norm_uncapped_adam40k_5090/best.pt
Saved PyTorch checkpoint to results/checkpoints/strict_grad_norm_uncapped_adam40k_5090/best.pt
Saved PyTorch checkpoint to results/checkpoints/strict_grad_norm_uncapped_adam40k_5090/best.pt
Saved PyTorch checkpoint to results/checkpoints/strict_grad_norm_uncapped_adam40k_5090/best.pt
Saved PyTorch checkpoint to results/checkpoints/strict_grad_norm_uncapped_adam40k_5090/best.pt
Saved PyTorch checkpoint to results/checkpoints/strict_grad_norm_uncapped_adam40k_5090/best.pt
Saved PyTorch checkpoint to results/checkpoints/strict_grad_norm_uncapped_adam40k_5090/best.pt
Saved PyTorch checkpoint to results/checkpoints/strict_grad_norm_uncapped_adam40k_5090/best.pt
Saved PyTorch checkpoint to results/checkpoints/strict_grad_norm_uncapped_adam40k_5090/best.pt
Saved PyTorch checkpoint to results/checkpoints/strict_grad_norm_uncapped_adam40k_5090/best.pt
Saved PyTorch checkpoint to results/checkpoints/strict_grad_norm_uncapped_adam40k_5090/best.pt
Saved PyTorch checkpoint to results/checkpoints/strict_grad_norm_uncapped_adam40k_5090/best.pt
Saved PyTorch checkpoint to results/checkpoints/strict_grad_norm_uncapped_adam40k_5090/best.pt
Saved PyTorch checkpoint to results/checkpoints/strict_grad_norm_uncapped_adam40k_5090/best.pt
Saved PyTorch checkpoint to results/checkpoints/strict_grad_norm_uncapped_adam40k_5090/best.pt
Saved PyTorch checkpoint to results/checkpoints/strict_grad_norm_uncapped_adam40k_5090/best.pt
Saved PyTorch checkpoint to results/checkpoints/strict_grad_norm_uncapped_adam40k_5090/best.pt
Saved PyTorch checkpoint to results/checkpoints/strict_grad_norm_uncapped_adam40k_5090/best.pt
Saved PyTorch checkpoint to results/checkpoints/strict_grad_norm_uncapped_adam40k_5090/best.pt
Saved PyTorch checkpoint to results/checkpoints/strict_grad_norm_uncapped_adam40k_5090/best.pt
Saved PyTorch checkpoint to results/checkpoints/strict_grad_norm_uncapped_adam40k_5090/best.pt
Saved PyTorch checkpoint to results/checkpoints/strict_grad_norm_uncapped_adam40k_5090/best.pt
Saved PyTorch checkpoint to results/checkpoints/strict_grad_norm_uncapped_adam40k_5090/best.pt
Saved PyTorch checkpoint to results/checkpoints/strict_grad_norm_uncapped_adam40k_5090/best.pt
Saved PyTorch checkpoint to results/checkpoints/strict_grad_norm_uncapped_adam40k_5090/best.pt
Saved PyTorch checkpoint to results/checkpoints/strict_grad_norm_uncapped_adam40k_5090/best.pt
Saved PyTorch checkpoint to results/checkpoints/strict_grad_norm_uncapped_adam40k_5090/best.pt
Saved PyTorch checkpoint to results/checkpoints/strict_grad_norm_uncapped_adam40k_5090/best.pt
Saved PyTorch checkpoint to results/checkpoints/strict_grad_norm_uncapped_adam40k_5090/best.pt
Saved PyTorch checkpoint to results/checkpoints/strict_grad_norm_uncapped_adam40k_5090/best.pt
Saved PyTorch checkpoint to results/checkpoints/strict_grad_norm_uncapped_adam40k_5090/best.pt
Saved PyTorch checkpoint to results/checkpoints/strict_grad_norm_uncapped_adam40k_5090/best.pt
Saved PyTorch checkpoint to results/checkpoints/strict_grad_norm_uncapped_adam40k_5090/best.pt
Saved PyTorch checkpoint to results/checkpoints/strict_grad_norm_uncapped_adam40k_5090/best.pt
Saved PyTorch checkpoint to results/checkpoints/strict_grad_norm_uncapped_adam40k_5090/best.pt
Saved PyTorch checkpoint to results/checkpoints/strict_grad_norm_uncapped_adam40k_5090/best.pt
Saved PyTorch checkpoint to results/checkpoints/strict_grad_norm_uncapped_adam40k_5090/best.pt
Saved PyTorch checkpoint to results/checkpoints/strict_grad_norm_uncapped_adam40k_5090/best.pt
Saved PyTorch checkpoint to results/checkpoints/strict_grad_norm_uncapped_adam40k_5090/best.pt
Saved PyTorch checkpoint to results/checkpoints/strict_grad_norm_uncapped_adam40k_5090/best.pt
Saved PyTorch checkpoint to results/checkpoints/strict_grad_norm_uncapped_adam40k_5090/best.pt
Saved PyTorch checkpoint to results/checkpoints/strict_grad_norm_uncapped_adam40k_5090/best.pt
Saved PyTorch checkpoint to results/checkpoints/strict_grad_norm_uncapped_adam40k_5090/best.pt
Saved PyTorch checkpoint to results/checkpoints/strict_grad_norm_uncapped_adam40k_5090/best.pt
Saved PyTorch checkpoint to results/checkpoints/strict_grad_norm_uncapped_adam40k_5090/best.pt
Saved PyTorch checkpoint to results/checkpoints/strict_grad_norm_uncapped_adam40k_5090/best.pt
Saved PyTorch checkpoint to results/checkpoints/strict_grad_norm_uncapped_adam40k_5090/best.pt
Saved PyTorch checkpoint to results/checkpoints/strict_grad_norm_uncapped_adam40k_5090/best.pt
Saved PyTorch checkpoint to results/checkpoints/strict_grad_norm_uncapped_adam40k_5090/best.pt
Saved PyTorch checkpoint to results/checkpoints/strict_grad_norm_uncapped_adam40k_5090/best.pt
Saved PyTorch checkpoint to results/checkpoints/strict_grad_norm_uncapped_adam40k_5090/best.pt
Saved PyTorch checkpoint to results/checkpoints/strict_grad_norm_uncapped_adam40k_5090/best.pt
Saved PyTorch checkpoint to results/checkpoints/strict_grad_norm_uncapped_adam40k_5090/best.pt
Saved PyTorch checkpoint to results/checkpoints/strict_grad_norm_uncapped_adam40k_5090/best.pt
Saved PyTorch checkpoint to results/checkpoints/strict_grad_norm_uncapped_adam40k_5090/best.pt
Saved PyTorch checkpoint to results/checkpoints/strict_grad_norm_uncapped_adam40k_5090/best.pt
Saved PyTorch checkpoint to results/checkpoints/strict_grad_norm_uncapped_adam40k_5090/best.pt
Saved PyTorch checkpoint to results/checkpoints/strict_grad_norm_uncapped_adam40k_5090/best.pt
Adam 22000 | total=7.238e-03 f=3.646e-06 ic=4.040e-08 wall=2.254e-06 inlet=1.960e-01 outlet=1.197e-10 lr=5.000e-04 | λ[f=1.00 ic=353.14 wall=10.02 inlet=0.04 outlet=43005.97]
Saved PyTorch checkpoint to results/checkpoints/strict_grad_norm_uncapped_adam40k_5090/best.pt
Saved PyTorch checkpoint to results/checkpoints/strict_grad_norm_uncapped_adam40k_5090/best.pt
Saved PyTorch checkpoint to results/checkpoints/strict_grad_norm_uncapped_adam40k_5090/best.pt
Saved PyTorch checkpoint to results/checkpoints/strict_grad_norm_uncapped_adam40k_5090/best.pt
Saved PyTorch checkpoint to results/checkpoints/strict_grad_norm_uncapped_adam40k_5090/best.pt
Saved PyTorch checkpoint to results/checkpoints/strict_grad_norm_uncapped_adam40k_5090/best.pt
Saved PyTorch checkpoint to results/checkpoints/strict_grad_norm_uncapped_adam40k_5090/best.pt
Saved PyTorch checkpoint to results/checkpoints/strict_grad_norm_uncapped_adam40k_5090/best.pt
Saved PyTorch checkpoint to results/checkpoints/strict_grad_norm_uncapped_adam40k_5090/best.pt
Saved PyTorch checkpoint to results/checkpoints/strict_grad_norm_uncapped_adam40k_5090/best.pt
Saved PyTorch checkpoint to results/checkpoints/strict_grad_norm_uncapped_adam40k_5090/best.pt
Saved PyTorch checkpoint to results/checkpoints/strict_grad_norm_uncapped_adam40k_5090/best.pt
Saved PyTorch checkpoint to results/checkpoints/strict_grad_norm_uncapped_adam40k_5090/best.pt
Saved PyTorch checkpoint to results/checkpoints/strict_grad_norm_uncapped_adam40k_5090/best.pt
Saved PyTorch checkpoint to results/checkpoints/strict_grad_norm_uncapped_adam40k_5090/best.pt
Saved PyTorch checkpoint to results/checkpoints/strict_grad_norm_uncapped_adam40k_5090/best.pt
Saved PyTorch checkpoint to results/checkpoints/strict_grad_norm_uncapped_adam40k_5090/best.pt
Saved PyTorch checkpoint to results/checkpoints/strict_grad_norm_uncapped_adam40k_5090/best.pt
Saved PyTorch checkpoint to results/checkpoints/strict_grad_norm_uncapped_adam40k_5090/best.pt
Saved PyTorch checkpoint to results/checkpoints/strict_grad_norm_uncapped_adam40k_5090/best.pt
Saved PyTorch checkpoint to results/checkpoints/strict_grad_norm_uncapped_adam40k_5090/best.pt
Saved PyTorch checkpoint to results/checkpoints/strict_grad_norm_uncapped_adam40k_5090/best.pt
Saved PyTorch checkpoint to results/checkpoints/strict_grad_norm_uncapped_adam40k_5090/best.pt
Saved PyTorch checkpoint to results/checkpoints/strict_grad_norm_uncapped_adam40k_5090/best.pt
Saved PyTorch checkpoint to results/checkpoints/strict_grad_norm_uncapped_adam40k_5090/best.pt
Saved PyTorch checkpoint to results/checkpoints/strict_grad_norm_uncapped_adam40k_5090/best.pt
Saved PyTorch checkpoint to results/checkpoints/strict_grad_norm_uncapped_adam40k_5090/best.pt
Saved PyTorch checkpoint to results/checkpoints/strict_grad_norm_uncapped_adam40k_5090/best.pt
Saved PyTorch checkpoint to results/checkpoints/strict_grad_norm_uncapped_adam40k_5090/best.pt
Saved PyTorch checkpoint to results/checkpoints/strict_grad_norm_uncapped_adam40k_5090/best.pt
Saved PyTorch checkpoint to results/checkpoints/strict_grad_norm_uncapped_adam40k_5090/best.pt
Saved PyTorch checkpoint to results/checkpoints/strict_grad_norm_uncapped_adam40k_5090/best.pt
Saved PyTorch checkpoint to results/checkpoints/strict_grad_norm_uncapped_adam40k_5090/best.pt
Saved PyTorch checkpoint to results/checkpoints/strict_grad_norm_uncapped_adam40k_5090/best.pt
Saved PyTorch checkpoint to results/checkpoints/strict_grad_norm_uncapped_adam40k_5090/best.pt
Saved PyTorch checkpoint to results/checkpoints/strict_grad_norm_uncapped_adam40k_5090/best.pt
Saved PyTorch checkpoint to results/checkpoints/strict_grad_norm_uncapped_adam40k_5090/best.pt
Saved PyTorch checkpoint to results/checkpoints/strict_grad_norm_uncapped_adam40k_5090/best.pt
Saved PyTorch checkpoint to results/checkpoints/strict_grad_norm_uncapped_adam40k_5090/best.pt
Saved PyTorch checkpoint to results/checkpoints/strict_grad_norm_uncapped_adam40k_5090/best.pt
Saved PyTorch checkpoint to results/checkpoints/strict_grad_norm_uncapped_adam40k_5090/best.pt
Saved PyTorch checkpoint to results/checkpoints/strict_grad_norm_uncapped_adam40k_5090/best.pt
Saved PyTorch checkpoint to results/checkpoints/strict_grad_norm_uncapped_adam40k_5090/best.pt
Saved PyTorch checkpoint to results/checkpoints/strict_grad_norm_uncapped_adam40k_5090/best.pt
Saved PyTorch checkpoint to results/checkpoints/strict_grad_norm_uncapped_adam40k_5090/best.pt
Saved PyTorch checkpoint to results/checkpoints/strict_grad_norm_uncapped_adam40k_5090/best.pt
Saved PyTorch checkpoint to results/checkpoints/strict_grad_norm_uncapped_adam40k_5090/best.pt
Saved PyTorch checkpoint to results/checkpoints/strict_grad_norm_uncapped_adam40k_5090/best.pt
Saved PyTorch checkpoint to results/checkpoints/strict_grad_norm_uncapped_adam40k_5090/best.pt
Saved PyTorch checkpoint to results/checkpoints/strict_grad_norm_uncapped_adam40k_5090/best.pt
Saved PyTorch checkpoint to results/checkpoints/strict_grad_norm_uncapped_adam40k_5090/best.pt
Saved PyTorch checkpoint to results/checkpoints/strict_grad_norm_uncapped_adam40k_5090/best.pt
Saved PyTorch checkpoint to results/checkpoints/strict_grad_norm_uncapped_adam40k_5090/best.pt
Saved PyTorch checkpoint to results/checkpoints/strict_grad_norm_uncapped_adam40k_5090/best.pt
Saved PyTorch checkpoint to results/checkpoints/strict_grad_norm_uncapped_adam40k_5090/best.pt
Saved PyTorch checkpoint to results/checkpoints/strict_grad_norm_uncapped_adam40k_5090/best.pt
Saved PyTorch checkpoint to results/checkpoints/strict_grad_norm_uncapped_adam40k_5090/best.pt
Saved PyTorch checkpoint to results/checkpoints/strict_grad_norm_uncapped_adam40k_5090/best.pt
Saved PyTorch checkpoint to results/checkpoints/strict_grad_norm_uncapped_adam40k_5090/best.pt
Saved PyTorch checkpoint to results/checkpoints/strict_grad_norm_uncapped_adam40k_5090/best.pt
Saved PyTorch checkpoint to results/checkpoints/strict_grad_norm_uncapped_adam40k_5090/best.pt
Saved PyTorch checkpoint to results/checkpoints/strict_grad_norm_uncapped_adam40k_5090/best.pt
Saved PyTorch checkpoint to results/checkpoints/strict_grad_norm_uncapped_adam40k_5090/best.pt
Saved PyTorch checkpoint to results/checkpoints/strict_grad_norm_uncapped_adam40k_5090/best.pt
Saved PyTorch checkpoint to results/checkpoints/strict_grad_norm_uncapped_adam40k_5090/best.pt
Saved PyTorch checkpoint to results/checkpoints/strict_grad_norm_uncapped_adam40k_5090/best.pt
Saved PyTorch checkpoint to results/checkpoints/strict_grad_norm_uncapped_adam40k_5090/best.pt
Saved PyTorch checkpoint to results/checkpoints/strict_grad_norm_uncapped_adam40k_5090/best.pt
Saved PyTorch checkpoint to results/checkpoints/strict_grad_norm_uncapped_adam40k_5090/best.pt
Saved PyTorch checkpoint to results/checkpoints/strict_grad_norm_uncapped_adam40k_5090/best.pt
Saved PyTorch checkpoint to results/checkpoints/strict_grad_norm_uncapped_adam40k_5090/best.pt
Saved PyTorch checkpoint to results/checkpoints/strict_grad_norm_uncapped_adam40k_5090/best.pt
Saved PyTorch checkpoint to results/checkpoints/strict_grad_norm_uncapped_adam40k_5090/best.pt
Saved PyTorch checkpoint to results/checkpoints/strict_grad_norm_uncapped_adam40k_5090/best.pt
Saved PyTorch checkpoint to results/checkpoints/strict_grad_norm_uncapped_adam40k_5090/best.pt
Saved PyTorch checkpoint to results/checkpoints/strict_grad_norm_uncapped_adam40k_5090/best.pt
Saved PyTorch checkpoint to results/checkpoints/strict_grad_norm_uncapped_adam40k_5090/best.pt
Saved PyTorch checkpoint to results/checkpoints/strict_grad_norm_uncapped_adam40k_5090/best.pt
Saved PyTorch checkpoint to results/checkpoints/strict_grad_norm_uncapped_adam40k_5090/best.pt
Saved PyTorch checkpoint to results/checkpoints/strict_grad_norm_uncapped_adam40k_5090/best.pt
Saved PyTorch checkpoint to results/checkpoints/strict_grad_norm_uncapped_adam40k_5090/best.pt
Saved PyTorch checkpoint to results/checkpoints/strict_grad_norm_uncapped_adam40k_5090/best.pt
Saved PyTorch checkpoint to results/checkpoints/strict_grad_norm_uncapped_adam40k_5090/best.pt
Saved PyTorch checkpoint to results/checkpoints/strict_grad_norm_uncapped_adam40k_5090/best.pt
Saved PyTorch checkpoint to results/checkpoints/strict_grad_norm_uncapped_adam40k_5090/best.pt
Saved PyTorch checkpoint to results/checkpoints/strict_grad_norm_uncapped_adam40k_5090/best.pt
Saved PyTorch checkpoint to results/checkpoints/strict_grad_norm_uncapped_adam40k_5090/best.pt
Saved PyTorch checkpoint to results/checkpoints/strict_grad_norm_uncapped_adam40k_5090/best.pt
Saved PyTorch checkpoint to results/checkpoints/strict_grad_norm_uncapped_adam40k_5090/best.pt
Saved PyTorch checkpoint to results/checkpoints/strict_grad_norm_uncapped_adam40k_5090/best.pt
Saved PyTorch checkpoint to results/checkpoints/strict_grad_norm_uncapped_adam40k_5090/best.pt
Saved PyTorch checkpoint to results/checkpoints/strict_grad_norm_uncapped_adam40k_5090/best.pt
Saved PyTorch checkpoint to results/checkpoints/strict_grad_norm_uncapped_adam40k_5090/best.pt
Saved PyTorch checkpoint to results/checkpoints/strict_grad_norm_uncapped_adam40k_5090/best.pt
Saved PyTorch checkpoint to results/checkpoints/strict_grad_norm_uncapped_adam40k_5090/best.pt
Saved PyTorch checkpoint to results/checkpoints/strict_grad_norm_uncapped_adam40k_5090/best.pt
Saved PyTorch checkpoint to results/checkpoints/strict_grad_norm_uncapped_adam40k_5090/best.pt
Saved PyTorch checkpoint to results/checkpoints/strict_grad_norm_uncapped_adam40k_5090/best.pt
Saved PyTorch checkpoint to results/checkpoints/strict_grad_norm_uncapped_adam40k_5090/best.pt
Adam 22100 | total=6.815e-03 f=3.503e-06 ic=3.945e-08 wall=2.254e-06 inlet=1.960e-01 outlet=1.148e-10 lr=5.000e-04 | λ[f=1.00 ic=338.13 wall=9.43 inlet=0.03 outlet=33274.35]
Saved PyTorch checkpoint to results/checkpoints/strict_grad_norm_uncapped_adam40k_5090/best.pt
Saved PyTorch checkpoint to results/checkpoints/strict_grad_norm_uncapped_adam40k_5090/best.pt
Saved PyTorch checkpoint to results/checkpoints/strict_grad_norm_uncapped_adam40k_5090/best.pt
Saved PyTorch checkpoint to results/checkpoints/strict_grad_norm_uncapped_adam40k_5090/best.pt
Saved PyTorch checkpoint to results/checkpoints/strict_grad_norm_uncapped_adam40k_5090/best.pt
Saved PyTorch checkpoint to results/checkpoints/strict_grad_norm_uncapped_adam40k_5090/best.pt
Saved PyTorch checkpoint to results/checkpoints/strict_grad_norm_uncapped_adam40k_5090/best.pt
Saved PyTorch checkpoint to results/checkpoints/strict_grad_norm_uncapped_adam40k_5090/best.pt
Saved PyTorch checkpoint to results/checkpoints/strict_grad_norm_uncapped_adam40k_5090/best.pt
Saved PyTorch checkpoint to results/checkpoints/strict_grad_norm_uncapped_adam40k_5090/best.pt
Saved PyTorch checkpoint to results/checkpoints/strict_grad_norm_uncapped_adam40k_5090/best.pt
Saved PyTorch checkpoint to results/checkpoints/strict_grad_norm_uncapped_adam40k_5090/best.pt
Saved PyTorch checkpoint to results/checkpoints/strict_grad_norm_uncapped_adam40k_5090/best.pt
Saved PyTorch checkpoint to results/checkpoints/strict_grad_norm_uncapped_adam40k_5090/best.pt
Saved PyTorch checkpoint to results/checkpoints/strict_grad_norm_uncapped_adam40k_5090/best.pt
Saved PyTorch checkpoint to results/checkpoints/strict_grad_norm_uncapped_adam40k_5090/best.pt
Saved PyTorch checkpoint to results/checkpoints/strict_grad_norm_uncapped_adam40k_5090/best.pt
Saved PyTorch checkpoint to results/checkpoints/strict_grad_norm_uncapped_adam40k_5090/best.pt
Saved PyTorch checkpoint to results/checkpoints/strict_grad_norm_uncapped_adam40k_5090/best.pt
Saved PyTorch checkpoint to results/checkpoints/strict_grad_norm_uncapped_adam40k_5090/best.pt
Saved PyTorch checkpoint to results/checkpoints/strict_grad_norm_uncapped_adam40k_5090/best.pt
Saved PyTorch checkpoint to results/checkpoints/strict_grad_norm_uncapped_adam40k_5090/best.pt
Saved PyTorch checkpoint to results/checkpoints/strict_grad_norm_uncapped_adam40k_5090/best.pt
Saved PyTorch checkpoint to results/checkpoints/strict_grad_norm_uncapped_adam40k_5090/best.pt
Saved PyTorch checkpoint to results/checkpoints/strict_grad_norm_uncapped_adam40k_5090/best.pt
Saved PyTorch checkpoint to results/checkpoints/strict_grad_norm_uncapped_adam40k_5090/best.pt
Saved PyTorch checkpoint to results/checkpoints/strict_grad_norm_uncapped_adam40k_5090/best.pt
Saved PyTorch checkpoint to results/checkpoints/strict_grad_norm_uncapped_adam40k_5090/best.pt
Saved PyTorch checkpoint to results/checkpoints/strict_grad_norm_uncapped_adam40k_5090/best.pt
Saved PyTorch checkpoint to results/checkpoints/strict_grad_norm_uncapped_adam40k_5090/best.pt
Saved PyTorch checkpoint to results/checkpoints/strict_grad_norm_uncapped_adam40k_5090/best.pt
Saved PyTorch checkpoint to results/checkpoints/strict_grad_norm_uncapped_adam40k_5090/best.pt
Saved PyTorch checkpoint to results/checkpoints/strict_grad_norm_uncapped_adam40k_5090/best.pt
Saved PyTorch checkpoint to results/checkpoints/strict_grad_norm_uncapped_adam40k_5090/best.pt
Saved PyTorch checkpoint to results/checkpoints/strict_grad_norm_uncapped_adam40k_5090/best.pt
Saved PyTorch checkpoint to results/checkpoints/strict_grad_norm_uncapped_adam40k_5090/best.pt
Saved PyTorch checkpoint to results/checkpoints/strict_grad_norm_uncapped_adam40k_5090/best.pt
Saved PyTorch checkpoint to results/checkpoints/strict_grad_norm_uncapped_adam40k_5090/best.pt
Saved PyTorch checkpoint to results/checkpoints/strict_grad_norm_uncapped_adam40k_5090/best.pt
Saved PyTorch checkpoint to results/checkpoints/strict_grad_norm_uncapped_adam40k_5090/best.pt
Saved PyTorch checkpoint to results/checkpoints/strict_grad_norm_uncapped_adam40k_5090/best.pt
Saved PyTorch checkpoint to results/checkpoints/strict_grad_norm_uncapped_adam40k_5090/best.pt
Saved PyTorch checkpoint to results/checkpoints/strict_grad_norm_uncapped_adam40k_5090/best.pt
Saved PyTorch checkpoint to results/checkpoints/strict_grad_norm_uncapped_adam40k_5090/best.pt
Saved PyTorch checkpoint to results/checkpoints/strict_grad_norm_uncapped_adam40k_5090/best.pt
Saved PyTorch checkpoint to results/checkpoints/strict_grad_norm_uncapped_adam40k_5090/best.pt
Saved PyTorch checkpoint to results/checkpoints/strict_grad_norm_uncapped_adam40k_5090/best.pt
Saved PyTorch checkpoint to results/checkpoints/strict_grad_norm_uncapped_adam40k_5090/best.pt
Saved PyTorch checkpoint to results/checkpoints/strict_grad_norm_uncapped_adam40k_5090/best.pt
Saved PyTorch checkpoint to results/checkpoints/strict_grad_norm_uncapped_adam40k_5090/best.pt
Saved PyTorch checkpoint to results/checkpoints/strict_grad_norm_uncapped_adam40k_5090/best.pt
Saved PyTorch checkpoint to results/checkpoints/strict_grad_norm_uncapped_adam40k_5090/best.pt
Saved PyTorch checkpoint to results/checkpoints/strict_grad_norm_uncapped_adam40k_5090/best.pt
Saved PyTorch checkpoint to results/checkpoints/strict_grad_norm_uncapped_adam40k_5090/best.pt
Saved PyTorch checkpoint to results/checkpoints/strict_grad_norm_uncapped_adam40k_5090/best.pt
Saved PyTorch checkpoint to results/checkpoints/strict_grad_norm_uncapped_adam40k_5090/best.pt
Saved PyTorch checkpoint to results/checkpoints/strict_grad_norm_uncapped_adam40k_5090/best.pt
Saved PyTorch checkpoint to results/checkpoints/strict_grad_norm_uncapped_adam40k_5090/best.pt
Saved PyTorch checkpoint to results/checkpoints/strict_grad_norm_uncapped_adam40k_5090/best.pt
Saved PyTorch checkpoint to results/checkpoints/strict_grad_norm_uncapped_adam40k_5090/best.pt
Saved PyTorch checkpoint to results/checkpoints/strict_grad_norm_uncapped_adam40k_5090/best.pt
Saved PyTorch checkpoint to results/checkpoints/strict_grad_norm_uncapped_adam40k_5090/best.pt
Saved PyTorch checkpoint to results/checkpoints/strict_grad_norm_uncapped_adam40k_5090/best.pt
Saved PyTorch checkpoint to results/checkpoints/strict_grad_norm_uncapped_adam40k_5090/best.pt
Saved PyTorch checkpoint to results/checkpoints/strict_grad_norm_uncapped_adam40k_5090/best.pt
Saved PyTorch checkpoint to results/checkpoints/strict_grad_norm_uncapped_adam40k_5090/best.pt
Saved PyTorch checkpoint to results/checkpoints/strict_grad_norm_uncapped_adam40k_5090/best.pt
Saved PyTorch checkpoint to results/checkpoints/strict_grad_norm_uncapped_adam40k_5090/best.pt
Saved PyTorch checkpoint to results/checkpoints/strict_grad_norm_uncapped_adam40k_5090/best.pt
Saved PyTorch checkpoint to results/checkpoints/strict_grad_norm_uncapped_adam40k_5090/best.pt
Saved PyTorch checkpoint to results/checkpoints/strict_grad_norm_uncapped_adam40k_5090/best.pt
Saved PyTorch checkpoint to results/checkpoints/strict_grad_norm_uncapped_adam40k_5090/best.pt
Saved PyTorch checkpoint to results/checkpoints/strict_grad_norm_uncapped_adam40k_5090/best.pt
Saved PyTorch checkpoint to results/checkpoints/strict_grad_norm_uncapped_adam40k_5090/best.pt
Saved PyTorch checkpoint to results/checkpoints/strict_grad_norm_uncapped_adam40k_5090/best.pt
Saved PyTorch checkpoint to results/checkpoints/strict_grad_norm_uncapped_adam40k_5090/best.pt
Saved PyTorch checkpoint to results/checkpoints/strict_grad_norm_uncapped_adam40k_5090/best.pt
Saved PyTorch checkpoint to results/checkpoints/strict_grad_norm_uncapped_adam40k_5090/best.pt
Saved PyTorch checkpoint to results/checkpoints/strict_grad_norm_uncapped_adam40k_5090/best.pt
Saved PyTorch checkpoint to results/checkpoints/strict_grad_norm_uncapped_adam40k_5090/best.pt
Saved PyTorch checkpoint to results/checkpoints/strict_grad_norm_uncapped_adam40k_5090/best.pt
Saved PyTorch checkpoint to results/checkpoints/strict_grad_norm_uncapped_adam40k_5090/best.pt
Saved PyTorch checkpoint to results/checkpoints/strict_grad_norm_uncapped_adam40k_5090/best.pt
Saved PyTorch checkpoint to results/checkpoints/strict_grad_norm_uncapped_adam40k_5090/best.pt
Saved PyTorch checkpoint to results/checkpoints/strict_grad_norm_uncapped_adam40k_5090/best.pt
Saved PyTorch checkpoint to results/checkpoints/strict_grad_norm_uncapped_adam40k_5090/best.pt
Saved PyTorch checkpoint to results/checkpoints/strict_grad_norm_uncapped_adam40k_5090/best.pt
Saved PyTorch checkpoint to results/checkpoints/strict_grad_norm_uncapped_adam40k_5090/best.pt
Saved PyTorch checkpoint to results/checkpoints/strict_grad_norm_uncapped_adam40k_5090/best.pt
Saved PyTorch checkpoint to results/checkpoints/strict_grad_norm_uncapped_adam40k_5090/best.pt
Saved PyTorch checkpoint to results/checkpoints/strict_grad_norm_uncapped_adam40k_5090/best.pt
Saved PyTorch checkpoint to results/checkpoints/strict_grad_norm_uncapped_adam40k_5090/best.pt
Adam 22200 | total=6.407e-03 f=3.373e-06 ic=3.846e-08 wall=2.251e-06 inlet=1.960e-01 outlet=1.122e-10 lr=5.000e-04 | λ[f=1.00 ic=339.80 wall=8.87 inlet=0.03 outlet=16910.77]
Saved PyTorch checkpoint to results/checkpoints/strict_grad_norm_uncapped_adam40k_5090/best.pt
Saved PyTorch checkpoint to results/checkpoints/strict_grad_norm_uncapped_adam40k_5090/best.pt
Saved PyTorch checkpoint to results/checkpoints/strict_grad_norm_uncapped_adam40k_5090/best.pt
Saved PyTorch checkpoint to results/checkpoints/strict_grad_norm_uncapped_adam40k_5090/best.pt
Saved PyTorch checkpoint to results/checkpoints/strict_grad_norm_uncapped_adam40k_5090/best.pt
Saved PyTorch checkpoint to results/checkpoints/strict_grad_norm_uncapped_adam40k_5090/best.pt
Saved PyTorch checkpoint to results/checkpoints/strict_grad_norm_uncapped_adam40k_5090/best.pt
Saved PyTorch checkpoint to results/checkpoints/strict_grad_norm_uncapped_adam40k_5090/best.pt
Saved PyTorch checkpoint to results/checkpoints/strict_grad_norm_uncapped_adam40k_5090/best.pt
Saved PyTorch checkpoint to results/checkpoints/strict_grad_norm_uncapped_adam40k_5090/best.pt
Saved PyTorch checkpoint to results/checkpoints/strict_grad_norm_uncapped_adam40k_5090/best.pt
Saved PyTorch checkpoint to results/checkpoints/strict_grad_norm_uncapped_adam40k_5090/best.pt
Saved PyTorch checkpoint to results/checkpoints/strict_grad_norm_uncapped_adam40k_5090/best.pt
Saved PyTorch checkpoint to results/checkpoints/strict_grad_norm_uncapped_adam40k_5090/best.pt
Saved PyTorch checkpoint to results/checkpoints/strict_grad_norm_uncapped_adam40k_5090/best.pt
Saved PyTorch checkpoint to results/checkpoints/strict_grad_norm_uncapped_adam40k_5090/best.pt
Saved PyTorch checkpoint to results/checkpoints/strict_grad_norm_uncapped_adam40k_5090/best.pt
Saved PyTorch checkpoint to results/checkpoints/strict_grad_norm_uncapped_adam40k_5090/best.pt
Saved PyTorch checkpoint to results/checkpoints/strict_grad_norm_uncapped_adam40k_5090/best.pt
Saved PyTorch checkpoint to results/checkpoints/strict_grad_norm_uncapped_adam40k_5090/best.pt
Saved PyTorch checkpoint to results/checkpoints/strict_grad_norm_uncapped_adam40k_5090/best.pt
Saved PyTorch checkpoint to results/checkpoints/strict_grad_norm_uncapped_adam40k_5090/best.pt
Saved PyTorch checkpoint to results/checkpoints/strict_grad_norm_uncapped_adam40k_5090/best.pt
Saved PyTorch checkpoint to results/checkpoints/strict_grad_norm_uncapped_adam40k_5090/best.pt
Saved PyTorch checkpoint to results/checkpoints/strict_grad_norm_uncapped_adam40k_5090/best.pt
Saved PyTorch checkpoint to results/checkpoints/strict_grad_norm_uncapped_adam40k_5090/best.pt
Saved PyTorch checkpoint to results/checkpoints/strict_grad_norm_uncapped_adam40k_5090/best.pt
Saved PyTorch checkpoint to results/checkpoints/strict_grad_norm_uncapped_adam40k_5090/best.pt
Saved PyTorch checkpoint to results/checkpoints/strict_grad_norm_uncapped_adam40k_5090/best.pt
Saved PyTorch checkpoint to results/checkpoints/strict_grad_norm_uncapped_adam40k_5090/best.pt
Saved PyTorch checkpoint to results/checkpoints/strict_grad_norm_uncapped_adam40k_5090/best.pt
Saved PyTorch checkpoint to results/checkpoints/strict_grad_norm_uncapped_adam40k_5090/best.pt
Saved PyTorch checkpoint to results/checkpoints/strict_grad_norm_uncapped_adam40k_5090/best.pt
Saved PyTorch checkpoint to results/checkpoints/strict_grad_norm_uncapped_adam40k_5090/best.pt
Saved PyTorch checkpoint to results/checkpoints/strict_grad_norm_uncapped_adam40k_5090/best.pt
Saved PyTorch checkpoint to results/checkpoints/strict_grad_norm_uncapped_adam40k_5090/best.pt
Saved PyTorch checkpoint to results/checkpoints/strict_grad_norm_uncapped_adam40k_5090/best.pt
Saved PyTorch checkpoint to results/checkpoints/strict_grad_norm_uncapped_adam40k_5090/best.pt
Saved PyTorch checkpoint to results/checkpoints/strict_grad_norm_uncapped_adam40k_5090/best.pt
Saved PyTorch checkpoint to results/checkpoints/strict_grad_norm_uncapped_adam40k_5090/best.pt
Saved PyTorch checkpoint to results/checkpoints/strict_grad_norm_uncapped_adam40k_5090/best.pt
Saved PyTorch checkpoint to results/checkpoints/strict_grad_norm_uncapped_adam40k_5090/best.pt
Saved PyTorch checkpoint to results/checkpoints/strict_grad_norm_uncapped_adam40k_5090/best.pt
Saved PyTorch checkpoint to results/checkpoints/strict_grad_norm_uncapped_adam40k_5090/best.pt
Saved PyTorch checkpoint to results/checkpoints/strict_grad_norm_uncapped_adam40k_5090/best.pt
Saved PyTorch checkpoint to results/checkpoints/strict_grad_norm_uncapped_adam40k_5090/best.pt
Saved PyTorch checkpoint to results/checkpoints/strict_grad_norm_uncapped_adam40k_5090/best.pt
Saved PyTorch checkpoint to results/checkpoints/strict_grad_norm_uncapped_adam40k_5090/best.pt
Saved PyTorch checkpoint to results/checkpoints/strict_grad_norm_uncapped_adam40k_5090/best.pt
Saved PyTorch checkpoint to results/checkpoints/strict_grad_norm_uncapped_adam40k_5090/best.pt
Saved PyTorch checkpoint to results/checkpoints/strict_grad_norm_uncapped_adam40k_5090/best.pt
Saved PyTorch checkpoint to results/checkpoints/strict_grad_norm_uncapped_adam40k_5090/best.pt
Saved PyTorch checkpoint to results/checkpoints/strict_grad_norm_uncapped_adam40k_5090/best.pt
Saved PyTorch checkpoint to results/checkpoints/strict_grad_norm_uncapped_adam40k_5090/best.pt
Saved PyTorch checkpoint to results/checkpoints/strict_grad_norm_uncapped_adam40k_5090/best.pt
Saved PyTorch checkpoint to results/checkpoints/strict_grad_norm_uncapped_adam40k_5090/best.pt
Saved PyTorch checkpoint to results/checkpoints/strict_grad_norm_uncapped_adam40k_5090/best.pt
Saved PyTorch checkpoint to results/checkpoints/strict_grad_norm_uncapped_adam40k_5090/best.pt
Saved PyTorch checkpoint to results/checkpoints/strict_grad_norm_uncapped_adam40k_5090/best.pt
Saved PyTorch checkpoint to results/checkpoints/strict_grad_norm_uncapped_adam40k_5090/best.pt
Saved PyTorch checkpoint to results/checkpoints/strict_grad_norm_uncapped_adam40k_5090/best.pt
Saved PyTorch checkpoint to results/checkpoints/strict_grad_norm_uncapped_adam40k_5090/best.pt
Saved PyTorch checkpoint to results/checkpoints/strict_grad_norm_uncapped_adam40k_5090/best.pt
Saved PyTorch checkpoint to results/checkpoints/strict_grad_norm_uncapped_adam40k_5090/best.pt
Saved PyTorch checkpoint to results/checkpoints/strict_grad_norm_uncapped_adam40k_5090/best.pt
Saved PyTorch checkpoint to results/checkpoints/strict_grad_norm_uncapped_adam40k_5090/best.pt
Saved PyTorch checkpoint to results/checkpoints/strict_grad_norm_uncapped_adam40k_5090/best.pt
Saved PyTorch checkpoint to results/checkpoints/strict_grad_norm_uncapped_adam40k_5090/best.pt
Saved PyTorch checkpoint to results/checkpoints/strict_grad_norm_uncapped_adam40k_5090/best.pt
Saved PyTorch checkpoint to results/checkpoints/strict_grad_norm_uncapped_adam40k_5090/best.pt
Saved PyTorch checkpoint to results/checkpoints/strict_grad_norm_uncapped_adam40k_5090/best.pt
Saved PyTorch checkpoint to results/checkpoints/strict_grad_norm_uncapped_adam40k_5090/best.pt
Saved PyTorch checkpoint to results/checkpoints/strict_grad_norm_uncapped_adam40k_5090/best.pt
Saved PyTorch checkpoint to results/checkpoints/strict_grad_norm_uncapped_adam40k_5090/best.pt
Saved PyTorch checkpoint to results/checkpoints/strict_grad_norm_uncapped_adam40k_5090/best.pt
Saved PyTorch checkpoint to results/checkpoints/strict_grad_norm_uncapped_adam40k_5090/best.pt
Saved PyTorch checkpoint to results/checkpoints/strict_grad_norm_uncapped_adam40k_5090/best.pt
Saved PyTorch checkpoint to results/checkpoints/strict_grad_norm_uncapped_adam40k_5090/best.pt
Saved PyTorch checkpoint to results/checkpoints/strict_grad_norm_uncapped_adam40k_5090/best.pt
Saved PyTorch checkpoint to results/checkpoints/strict_grad_norm_uncapped_adam40k_5090/best.pt
Saved PyTorch checkpoint to results/checkpoints/strict_grad_norm_uncapped_adam40k_5090/best.pt
Saved PyTorch checkpoint to results/checkpoints/strict_grad_norm_uncapped_adam40k_5090/best.pt
Saved PyTorch checkpoint to results/checkpoints/strict_grad_norm_uncapped_adam40k_5090/best.pt
Saved PyTorch checkpoint to results/checkpoints/strict_grad_norm_uncapped_adam40k_5090/best.pt
Saved PyTorch checkpoint to results/checkpoints/strict_grad_norm_uncapped_adam40k_5090/best.pt
Saved PyTorch checkpoint to results/checkpoints/strict_grad_norm_uncapped_adam40k_5090/best.pt
Saved PyTorch checkpoint to results/checkpoints/strict_grad_norm_uncapped_adam40k_5090/best.pt
Saved PyTorch checkpoint to results/checkpoints/strict_grad_norm_uncapped_adam40k_5090/best.pt
Saved PyTorch checkpoint to results/checkpoints/strict_grad_norm_uncapped_adam40k_5090/best.pt
Saved PyTorch checkpoint to results/checkpoints/strict_grad_norm_uncapped_adam40k_5090/best.pt
Saved PyTorch checkpoint to results/checkpoints/strict_grad_norm_uncapped_adam40k_5090/best.pt
Saved PyTorch checkpoint to results/checkpoints/strict_grad_norm_uncapped_adam40k_5090/best.pt
Saved PyTorch checkpoint to results/checkpoints/strict_grad_norm_uncapped_adam40k_5090/best.pt
Saved PyTorch checkpoint to results/checkpoints/strict_grad_norm_uncapped_adam40k_5090/best.pt
Saved PyTorch checkpoint to results/checkpoints/strict_grad_norm_uncapped_adam40k_5090/best.pt
Saved PyTorch checkpoint to results/checkpoints/strict_grad_norm_uncapped_adam40k_5090/best.pt
Saved PyTorch checkpoint to results/checkpoints/strict_grad_norm_uncapped_adam40k_5090/best.pt
Saved PyTorch checkpoint to results/checkpoints/strict_grad_norm_uncapped_adam40k_5090/best.pt
Saved PyTorch checkpoint to results/checkpoints/strict_grad_norm_uncapped_adam40k_5090/best.pt
Saved PyTorch checkpoint to results/checkpoints/strict_grad_norm_uncapped_adam40k_5090/best.pt
Adam 22300 | total=5.999e-03 f=3.252e-06 ic=3.773e-08 wall=2.251e-06 inlet=1.960e-01 outlet=1.072e-10 lr=5.000e-04 | λ[f=1.00 ic=310.36 wall=8.29 inlet=0.03 outlet=23964.44]
Saved PyTorch checkpoint to results/checkpoints/strict_grad_norm_uncapped_adam40k_5090/best.pt
Saved PyTorch checkpoint to results/checkpoints/strict_grad_norm_uncapped_adam40k_5090/best.pt
Saved PyTorch checkpoint to results/checkpoints/strict_grad_norm_uncapped_adam40k_5090/best.pt
Saved PyTorch checkpoint to results/checkpoints/strict_grad_norm_uncapped_adam40k_5090/best.pt
Saved PyTorch checkpoint to results/checkpoints/strict_grad_norm_uncapped_adam40k_5090/best.pt
Saved PyTorch checkpoint to results/checkpoints/strict_grad_norm_uncapped_adam40k_5090/best.pt
Saved PyTorch checkpoint to results/checkpoints/strict_grad_norm_uncapped_adam40k_5090/best.pt
Saved PyTorch checkpoint to results/checkpoints/strict_grad_norm_uncapped_adam40k_5090/best.pt
Saved PyTorch checkpoint to results/checkpoints/strict_grad_norm_uncapped_adam40k_5090/best.pt
Saved PyTorch checkpoint to results/checkpoints/strict_grad_norm_uncapped_adam40k_5090/best.pt
Saved PyTorch checkpoint to results/checkpoints/strict_grad_norm_uncapped_adam40k_5090/best.pt
Saved PyTorch checkpoint to results/checkpoints/strict_grad_norm_uncapped_adam40k_5090/best.pt
Saved PyTorch checkpoint to results/checkpoints/strict_grad_norm_uncapped_adam40k_5090/best.pt
Saved PyTorch checkpoint to results/checkpoints/strict_grad_norm_uncapped_adam40k_5090/best.pt
Saved PyTorch checkpoint to results/checkpoints/strict_grad_norm_uncapped_adam40k_5090/best.pt
Saved PyTorch checkpoint to results/checkpoints/strict_grad_norm_uncapped_adam40k_5090/best.pt
Saved PyTorch checkpoint to results/checkpoints/strict_grad_norm_uncapped_adam40k_5090/best.pt
Saved PyTorch checkpoint to results/checkpoints/strict_grad_norm_uncapped_adam40k_5090/best.pt
Saved PyTorch checkpoint to results/checkpoints/strict_grad_norm_uncapped_adam40k_5090/best.pt
Saved PyTorch checkpoint to results/checkpoints/strict_grad_norm_uncapped_adam40k_5090/best.pt
Saved PyTorch checkpoint to results/checkpoints/strict_grad_norm_uncapped_adam40k_5090/best.pt
Saved PyTorch checkpoint to results/checkpoints/strict_grad_norm_uncapped_adam40k_5090/best.pt
Saved PyTorch checkpoint to results/checkpoints/strict_grad_norm_uncapped_adam40k_5090/best.pt
Saved PyTorch checkpoint to results/checkpoints/strict_grad_norm_uncapped_adam40k_5090/best.pt
Saved PyTorch checkpoint to results/checkpoints/strict_grad_norm_uncapped_adam40k_5090/best.pt
Saved PyTorch checkpoint to results/checkpoints/strict_grad_norm_uncapped_adam40k_5090/best.pt
Saved PyTorch checkpoint to results/checkpoints/strict_grad_norm_uncapped_adam40k_5090/best.pt
Saved PyTorch checkpoint to results/checkpoints/strict_grad_norm_uncapped_adam40k_5090/best.pt
Saved PyTorch checkpoint to results/checkpoints/strict_grad_norm_uncapped_adam40k_5090/best.pt
Saved PyTorch checkpoint to results/checkpoints/strict_grad_norm_uncapped_adam40k_5090/best.pt
Saved PyTorch checkpoint to results/checkpoints/strict_grad_norm_uncapped_adam40k_5090/best.pt
Saved PyTorch checkpoint to results/checkpoints/strict_grad_norm_uncapped_adam40k_5090/best.pt
Saved PyTorch checkpoint to results/checkpoints/strict_grad_norm_uncapped_adam40k_5090/best.pt
Saved PyTorch checkpoint to results/checkpoints/strict_grad_norm_uncapped_adam40k_5090/best.pt
Saved PyTorch checkpoint to results/checkpoints/strict_grad_norm_uncapped_adam40k_5090/best.pt
Saved PyTorch checkpoint to results/checkpoints/strict_grad_norm_uncapped_adam40k_5090/best.pt
Saved PyTorch checkpoint to results/checkpoints/strict_grad_norm_uncapped_adam40k_5090/best.pt
Saved PyTorch checkpoint to results/checkpoints/strict_grad_norm_uncapped_adam40k_5090/best.pt
Saved PyTorch checkpoint to results/checkpoints/strict_grad_norm_uncapped_adam40k_5090/best.pt
Saved PyTorch checkpoint to results/checkpoints/strict_grad_norm_uncapped_adam40k_5090/best.pt
Saved PyTorch checkpoint to results/checkpoints/strict_grad_norm_uncapped_adam40k_5090/best.pt
Saved PyTorch checkpoint to results/checkpoints/strict_grad_norm_uncapped_adam40k_5090/best.pt
Saved PyTorch checkpoint to results/checkpoints/strict_grad_norm_uncapped_adam40k_5090/best.pt
Saved PyTorch checkpoint to results/checkpoints/strict_grad_norm_uncapped_adam40k_5090/best.pt
Saved PyTorch checkpoint to results/checkpoints/strict_grad_norm_uncapped_adam40k_5090/best.pt
Saved PyTorch checkpoint to results/checkpoints/strict_grad_norm_uncapped_adam40k_5090/best.pt
Saved PyTorch checkpoint to results/checkpoints/strict_grad_norm_uncapped_adam40k_5090/best.pt
Saved PyTorch checkpoint to results/checkpoints/strict_grad_norm_uncapped_adam40k_5090/best.pt
Saved PyTorch checkpoint to results/checkpoints/strict_grad_norm_uncapped_adam40k_5090/best.pt
Saved PyTorch checkpoint to results/checkpoints/strict_grad_norm_uncapped_adam40k_5090/best.pt
Saved PyTorch checkpoint to results/checkpoints/strict_grad_norm_uncapped_adam40k_5090/best.pt
Saved PyTorch checkpoint to results/checkpoints/strict_grad_norm_uncapped_adam40k_5090/best.pt
Saved PyTorch checkpoint to results/checkpoints/strict_grad_norm_uncapped_adam40k_5090/best.pt
Saved PyTorch checkpoint to results/checkpoints/strict_grad_norm_uncapped_adam40k_5090/best.pt
Saved PyTorch checkpoint to results/checkpoints/strict_grad_norm_uncapped_adam40k_5090/best.pt
Saved PyTorch checkpoint to results/checkpoints/strict_grad_norm_uncapped_adam40k_5090/best.pt
Saved PyTorch checkpoint to results/checkpoints/strict_grad_norm_uncapped_adam40k_5090/best.pt
Saved PyTorch checkpoint to results/checkpoints/strict_grad_norm_uncapped_adam40k_5090/best.pt
Saved PyTorch checkpoint to results/checkpoints/strict_grad_norm_uncapped_adam40k_5090/best.pt
Saved PyTorch checkpoint to results/checkpoints/strict_grad_norm_uncapped_adam40k_5090/best.pt
Saved PyTorch checkpoint to results/checkpoints/strict_grad_norm_uncapped_adam40k_5090/best.pt
Saved PyTorch checkpoint to results/checkpoints/strict_grad_norm_uncapped_adam40k_5090/best.pt
Saved PyTorch checkpoint to results/checkpoints/strict_grad_norm_uncapped_adam40k_5090/best.pt
Saved PyTorch checkpoint to results/checkpoints/strict_grad_norm_uncapped_adam40k_5090/best.pt
Saved PyTorch checkpoint to results/checkpoints/strict_grad_norm_uncapped_adam40k_5090/best.pt
Saved PyTorch checkpoint to results/checkpoints/strict_grad_norm_uncapped_adam40k_5090/best.pt
Saved PyTorch checkpoint to results/checkpoints/strict_grad_norm_uncapped_adam40k_5090/best.pt
Saved PyTorch checkpoint to results/checkpoints/strict_grad_norm_uncapped_adam40k_5090/best.pt
Saved PyTorch checkpoint to results/checkpoints/strict_grad_norm_uncapped_adam40k_5090/best.pt
Saved PyTorch checkpoint to results/checkpoints/strict_grad_norm_uncapped_adam40k_5090/best.pt
Saved PyTorch checkpoint to results/checkpoints/strict_grad_norm_uncapped_adam40k_5090/best.pt
Saved PyTorch checkpoint to results/checkpoints/strict_grad_norm_uncapped_adam40k_5090/best.pt
Saved PyTorch checkpoint to results/checkpoints/strict_grad_norm_uncapped_adam40k_5090/best.pt
Saved PyTorch checkpoint to results/checkpoints/strict_grad_norm_uncapped_adam40k_5090/best.pt
Saved PyTorch checkpoint to results/checkpoints/strict_grad_norm_uncapped_adam40k_5090/best.pt
Saved PyTorch checkpoint to results/checkpoints/strict_grad_norm_uncapped_adam40k_5090/best.pt
Saved PyTorch checkpoint to results/checkpoints/strict_grad_norm_uncapped_adam40k_5090/best.pt
Saved PyTorch checkpoint to results/checkpoints/strict_grad_norm_uncapped_adam40k_5090/best.pt
Saved PyTorch checkpoint to results/checkpoints/strict_grad_norm_uncapped_adam40k_5090/best.pt
Saved PyTorch checkpoint to results/checkpoints/strict_grad_norm_uncapped_adam40k_5090/best.pt
Saved PyTorch checkpoint to results/checkpoints/strict_grad_norm_uncapped_adam40k_5090/best.pt
Saved PyTorch checkpoint to results/checkpoints/strict_grad_norm_uncapped_adam40k_5090/best.pt
Saved PyTorch checkpoint to results/checkpoints/strict_grad_norm_uncapped_adam40k_5090/best.pt
Saved PyTorch checkpoint to results/checkpoints/strict_grad_norm_uncapped_adam40k_5090/best.pt
Saved PyTorch checkpoint to results/checkpoints/strict_grad_norm_uncapped_adam40k_5090/best.pt
Saved PyTorch checkpoint to results/checkpoints/strict_grad_norm_uncapped_adam40k_5090/best.pt
Saved PyTorch checkpoint to results/checkpoints/strict_grad_norm_uncapped_adam40k_5090/best.pt
Saved PyTorch checkpoint to results/checkpoints/strict_grad_norm_uncapped_adam40k_5090/best.pt
Saved PyTorch checkpoint to results/checkpoints/strict_grad_norm_uncapped_adam40k_5090/best.pt
Saved PyTorch checkpoint to results/checkpoints/strict_grad_norm_uncapped_adam40k_5090/best.pt
Saved PyTorch checkpoint to results/checkpoints/strict_grad_norm_uncapped_adam40k_5090/best.pt
Saved PyTorch checkpoint to results/checkpoints/strict_grad_norm_uncapped_adam40k_5090/best.pt
Saved PyTorch checkpoint to results/checkpoints/strict_grad_norm_uncapped_adam40k_5090/best.pt
Saved PyTorch checkpoint to results/checkpoints/strict_grad_norm_uncapped_adam40k_5090/best.pt
Saved PyTorch checkpoint to results/checkpoints/strict_grad_norm_uncapped_adam40k_5090/best.pt
Saved PyTorch checkpoint to results/checkpoints/strict_grad_norm_uncapped_adam40k_5090/best.pt
Saved PyTorch checkpoint to results/checkpoints/strict_grad_norm_uncapped_adam40k_5090/best.pt
Saved PyTorch checkpoint to results/checkpoints/strict_grad_norm_uncapped_adam40k_5090/best.pt
Saved PyTorch checkpoint to results/checkpoints/strict_grad_norm_uncapped_adam40k_5090/best.pt
Saved PyTorch checkpoint to results/checkpoints/strict_grad_norm_uncapped_adam40k_5090/best.pt
Adam 22400 | total=5.598e-03 f=3.143e-06 ic=3.739e-08 wall=2.250e-06 inlet=1.960e-01 outlet=9.823e-11 lr=5.000e-04 | λ[f=1.00 ic=291.37 wall=7.74 inlet=0.03 outlet=32872.64]
Saved PyTorch checkpoint to results/checkpoints/strict_grad_norm_uncapped_adam40k_5090/best.pt
Saved PyTorch checkpoint to results/checkpoints/strict_grad_norm_uncapped_adam40k_5090/best.pt
Saved PyTorch checkpoint to results/checkpoints/strict_grad_norm_uncapped_adam40k_5090/best.pt
Saved PyTorch checkpoint to results/checkpoints/strict_grad_norm_uncapped_adam40k_5090/best.pt
Saved PyTorch checkpoint to results/checkpoints/strict_grad_norm_uncapped_adam40k_5090/best.pt
Saved PyTorch checkpoint to results/checkpoints/strict_grad_norm_uncapped_adam40k_5090/best.pt
Saved PyTorch checkpoint to results/checkpoints/strict_grad_norm_uncapped_adam40k_5090/best.pt
Saved PyTorch checkpoint to results/checkpoints/strict_grad_norm_uncapped_adam40k_5090/best.pt
Saved PyTorch checkpoint to results/checkpoints/strict_grad_norm_uncapped_adam40k_5090/best.pt
Saved PyTorch checkpoint to results/checkpoints/strict_grad_norm_uncapped_adam40k_5090/best.pt
Saved PyTorch checkpoint to results/checkpoints/strict_grad_norm_uncapped_adam40k_5090/best.pt
Saved PyTorch checkpoint to results/checkpoints/strict_grad_norm_uncapped_adam40k_5090/best.pt
Saved PyTorch checkpoint to results/checkpoints/strict_grad_norm_uncapped_adam40k_5090/best.pt
Saved PyTorch checkpoint to results/checkpoints/strict_grad_norm_uncapped_adam40k_5090/best.pt
Saved PyTorch checkpoint to results/checkpoints/strict_grad_norm_uncapped_adam40k_5090/best.pt
Saved PyTorch checkpoint to results/checkpoints/strict_grad_norm_uncapped_adam40k_5090/best.pt
Saved PyTorch checkpoint to results/checkpoints/strict_grad_norm_uncapped_adam40k_5090/best.pt
Saved PyTorch checkpoint to results/checkpoints/strict_grad_norm_uncapped_adam40k_5090/best.pt
Saved PyTorch checkpoint to results/checkpoints/strict_grad_norm_uncapped_adam40k_5090/best.pt
Saved PyTorch checkpoint to results/checkpoints/strict_grad_norm_uncapped_adam40k_5090/best.pt
Saved PyTorch checkpoint to results/checkpoints/strict_grad_norm_uncapped_adam40k_5090/best.pt
Saved PyTorch checkpoint to results/checkpoints/strict_grad_norm_uncapped_adam40k_5090/best.pt
Saved PyTorch checkpoint to results/checkpoints/strict_grad_norm_uncapped_adam40k_5090/best.pt
Saved PyTorch checkpoint to results/checkpoints/strict_grad_norm_uncapped_adam40k_5090/best.pt
Saved PyTorch checkpoint to results/checkpoints/strict_grad_norm_uncapped_adam40k_5090/best.pt
Saved PyTorch checkpoint to results/checkpoints/strict_grad_norm_uncapped_adam40k_5090/best.pt
Saved PyTorch checkpoint to results/checkpoints/strict_grad_norm_uncapped_adam40k_5090/best.pt
Saved PyTorch checkpoint to results/checkpoints/strict_grad_norm_uncapped_adam40k_5090/best.pt
Saved PyTorch checkpoint to results/checkpoints/strict_grad_norm_uncapped_adam40k_5090/best.pt
Saved PyTorch checkpoint to results/checkpoints/strict_grad_norm_uncapped_adam40k_5090/best.pt
Saved PyTorch checkpoint to results/checkpoints/strict_grad_norm_uncapped_adam40k_5090/best.pt
Saved PyTorch checkpoint to results/checkpoints/strict_grad_norm_uncapped_adam40k_5090/best.pt
Saved PyTorch checkpoint to results/checkpoints/strict_grad_norm_uncapped_adam40k_5090/best.pt
Saved PyTorch checkpoint to results/checkpoints/strict_grad_norm_uncapped_adam40k_5090/best.pt
Saved PyTorch checkpoint to results/checkpoints/strict_grad_norm_uncapped_adam40k_5090/best.pt
Saved PyTorch checkpoint to results/checkpoints/strict_grad_norm_uncapped_adam40k_5090/best.pt
Saved PyTorch checkpoint to results/checkpoints/strict_grad_norm_uncapped_adam40k_5090/best.pt
Saved PyTorch checkpoint to results/checkpoints/strict_grad_norm_uncapped_adam40k_5090/best.pt
Saved PyTorch checkpoint to results/checkpoints/strict_grad_norm_uncapped_adam40k_5090/best.pt
Saved PyTorch checkpoint to results/checkpoints/strict_grad_norm_uncapped_adam40k_5090/best.pt
Saved PyTorch checkpoint to results/checkpoints/strict_grad_norm_uncapped_adam40k_5090/best.pt
Saved PyTorch checkpoint to results/checkpoints/strict_grad_norm_uncapped_adam40k_5090/best.pt
Saved PyTorch checkpoint to results/checkpoints/strict_grad_norm_uncapped_adam40k_5090/best.pt
Saved PyTorch checkpoint to results/checkpoints/strict_grad_norm_uncapped_adam40k_5090/best.pt
Saved PyTorch checkpoint to results/checkpoints/strict_grad_norm_uncapped_adam40k_5090/best.pt
Saved PyTorch checkpoint to results/checkpoints/strict_grad_norm_uncapped_adam40k_5090/best.pt
Saved PyTorch checkpoint to results/checkpoints/strict_grad_norm_uncapped_adam40k_5090/best.pt
Saved PyTorch checkpoint to results/checkpoints/strict_grad_norm_uncapped_adam40k_5090/best.pt
Saved PyTorch checkpoint to results/checkpoints/strict_grad_norm_uncapped_adam40k_5090/best.pt
Saved PyTorch checkpoint to results/checkpoints/strict_grad_norm_uncapped_adam40k_5090/best.pt
Saved PyTorch checkpoint to results/checkpoints/strict_grad_norm_uncapped_adam40k_5090/best.pt
Saved PyTorch checkpoint to results/checkpoints/strict_grad_norm_uncapped_adam40k_5090/best.pt
Saved PyTorch checkpoint to results/checkpoints/strict_grad_norm_uncapped_adam40k_5090/best.pt
Saved PyTorch checkpoint to results/checkpoints/strict_grad_norm_uncapped_adam40k_5090/best.pt
Saved PyTorch checkpoint to results/checkpoints/strict_grad_norm_uncapped_adam40k_5090/best.pt
Saved PyTorch checkpoint to results/checkpoints/strict_grad_norm_uncapped_adam40k_5090/best.pt
Saved PyTorch checkpoint to results/checkpoints/strict_grad_norm_uncapped_adam40k_5090/best.pt
Saved PyTorch checkpoint to results/checkpoints/strict_grad_norm_uncapped_adam40k_5090/best.pt
Saved PyTorch checkpoint to results/checkpoints/strict_grad_norm_uncapped_adam40k_5090/best.pt
Saved PyTorch checkpoint to results/checkpoints/strict_grad_norm_uncapped_adam40k_5090/best.pt
Saved PyTorch checkpoint to results/checkpoints/strict_grad_norm_uncapped_adam40k_5090/best.pt
Saved PyTorch checkpoint to results/checkpoints/strict_grad_norm_uncapped_adam40k_5090/best.pt
Saved PyTorch checkpoint to results/checkpoints/strict_grad_norm_uncapped_adam40k_5090/best.pt
Saved PyTorch checkpoint to results/checkpoints/strict_grad_norm_uncapped_adam40k_5090/best.pt
Saved PyTorch checkpoint to results/checkpoints/strict_grad_norm_uncapped_adam40k_5090/best.pt
Saved PyTorch checkpoint to results/checkpoints/strict_grad_norm_uncapped_adam40k_5090/best.pt
Saved PyTorch checkpoint to results/checkpoints/strict_grad_norm_uncapped_adam40k_5090/best.pt
Saved PyTorch checkpoint to results/checkpoints/strict_grad_norm_uncapped_adam40k_5090/best.pt
Saved PyTorch checkpoint to results/checkpoints/strict_grad_norm_uncapped_adam40k_5090/best.pt
Saved PyTorch checkpoint to results/checkpoints/strict_grad_norm_uncapped_adam40k_5090/best.pt
Saved PyTorch checkpoint to results/checkpoints/strict_grad_norm_uncapped_adam40k_5090/best.pt
Saved PyTorch checkpoint to results/checkpoints/strict_grad_norm_uncapped_adam40k_5090/best.pt
Saved PyTorch checkpoint to results/checkpoints/strict_grad_norm_uncapped_adam40k_5090/best.pt
Saved PyTorch checkpoint to results/checkpoints/strict_grad_norm_uncapped_adam40k_5090/best.pt
Saved PyTorch checkpoint to results/checkpoints/strict_grad_norm_uncapped_adam40k_5090/best.pt
Saved PyTorch checkpoint to results/checkpoints/strict_grad_norm_uncapped_adam40k_5090/best.pt
Saved PyTorch checkpoint to results/checkpoints/strict_grad_norm_uncapped_adam40k_5090/best.pt
Saved PyTorch checkpoint to results/checkpoints/strict_grad_norm_uncapped_adam40k_5090/best.pt
Saved PyTorch checkpoint to results/checkpoints/strict_grad_norm_uncapped_adam40k_5090/best.pt
Adam 22500 | total=5.227e-03 f=3.041e-06 ic=3.626e-08 wall=2.248e-06 inlet=1.960e-01 outlet=9.907e-11 lr=5.000e-04 | λ[f=1.00 ic=278.88 wall=7.23 inlet=0.03 outlet=18034.25]
Saved PyTorch checkpoint to results/checkpoints/strict_grad_norm_uncapped_adam40k_5090/best.pt
Saved PyTorch checkpoint to results/checkpoints/strict_grad_norm_uncapped_adam40k_5090/best.pt
Saved PyTorch checkpoint to results/checkpoints/strict_grad_norm_uncapped_adam40k_5090/best.pt
Saved PyTorch checkpoint to results/checkpoints/strict_grad_norm_uncapped_adam40k_5090/best.pt
Saved PyTorch checkpoint to results/checkpoints/strict_grad_norm_uncapped_adam40k_5090/best.pt
Saved PyTorch checkpoint to results/checkpoints/strict_grad_norm_uncapped_adam40k_5090/best.pt
Saved PyTorch checkpoint to results/checkpoints/strict_grad_norm_uncapped_adam40k_5090/best.pt
Saved PyTorch checkpoint to results/checkpoints/strict_grad_norm_uncapped_adam40k_5090/best.pt
Saved PyTorch checkpoint to results/checkpoints/strict_grad_norm_uncapped_adam40k_5090/best.pt
Saved PyTorch checkpoint to results/checkpoints/strict_grad_norm_uncapped_adam40k_5090/best.pt
Saved PyTorch checkpoint to results/checkpoints/strict_grad_norm_uncapped_adam40k_5090/best.pt
Saved PyTorch checkpoint to results/checkpoints/strict_grad_norm_uncapped_adam40k_5090/best.pt
Saved PyTorch checkpoint to results/checkpoints/strict_grad_norm_uncapped_adam40k_5090/best.pt
Saved PyTorch checkpoint to results/checkpoints/strict_grad_norm_uncapped_adam40k_5090/best.pt
Saved PyTorch checkpoint to results/checkpoints/strict_grad_norm_uncapped_adam40k_5090/best.pt
Saved PyTorch checkpoint to results/checkpoints/strict_grad_norm_uncapped_adam40k_5090/best.pt
Saved PyTorch checkpoint to results/checkpoints/strict_grad_norm_uncapped_adam40k_5090/best.pt
Saved PyTorch checkpoint to results/checkpoints/strict_grad_norm_uncapped_adam40k_5090/best.pt
Saved PyTorch checkpoint to results/checkpoints/strict_grad_norm_uncapped_adam40k_5090/best.pt
Saved PyTorch checkpoint to results/checkpoints/strict_grad_norm_uncapped_adam40k_5090/best.pt
Saved PyTorch checkpoint to results/checkpoints/strict_grad_norm_uncapped_adam40k_5090/best.pt
Saved PyTorch checkpoint to results/checkpoints/strict_grad_norm_uncapped_adam40k_5090/best.pt
Saved PyTorch checkpoint to results/checkpoints/strict_grad_norm_uncapped_adam40k_5090/best.pt
Saved PyTorch checkpoint to results/checkpoints/strict_grad_norm_uncapped_adam40k_5090/best.pt
Saved PyTorch checkpoint to results/checkpoints/strict_grad_norm_uncapped_adam40k_5090/best.pt
Saved PyTorch checkpoint to results/checkpoints/strict_grad_norm_uncapped_adam40k_5090/best.pt
Saved PyTorch checkpoint to results/checkpoints/strict_grad_norm_uncapped_adam40k_5090/best.pt
Saved PyTorch checkpoint to results/checkpoints/strict_grad_norm_uncapped_adam40k_5090/best.pt
Saved PyTorch checkpoint to results/checkpoints/strict_grad_norm_uncapped_adam40k_5090/best.pt
Saved PyTorch checkpoint to results/checkpoints/strict_grad_norm_uncapped_adam40k_5090/best.pt
Saved PyTorch checkpoint to results/checkpoints/strict_grad_norm_uncapped_adam40k_5090/best.pt
Saved PyTorch checkpoint to results/checkpoints/strict_grad_norm_uncapped_adam40k_5090/best.pt
Saved PyTorch checkpoint to results/checkpoints/strict_grad_norm_uncapped_adam40k_5090/best.pt
Saved PyTorch checkpoint to results/checkpoints/strict_grad_norm_uncapped_adam40k_5090/best.pt
Saved PyTorch checkpoint to results/checkpoints/strict_grad_norm_uncapped_adam40k_5090/best.pt
Saved PyTorch checkpoint to results/checkpoints/strict_grad_norm_uncapped_adam40k_5090/best.pt
Saved PyTorch checkpoint to results/checkpoints/strict_grad_norm_uncapped_adam40k_5090/best.pt
Saved PyTorch checkpoint to results/checkpoints/strict_grad_norm_uncapped_adam40k_5090/best.pt
Saved PyTorch checkpoint to results/checkpoints/strict_grad_norm_uncapped_adam40k_5090/best.pt
Saved PyTorch checkpoint to results/checkpoints/strict_grad_norm_uncapped_adam40k_5090/best.pt
Saved PyTorch checkpoint to results/checkpoints/strict_grad_norm_uncapped_adam40k_5090/best.pt
Saved PyTorch checkpoint to results/checkpoints/strict_grad_norm_uncapped_adam40k_5090/best.pt
Saved PyTorch checkpoint to results/checkpoints/strict_grad_norm_uncapped_adam40k_5090/best.pt
Saved PyTorch checkpoint to results/checkpoints/strict_grad_norm_uncapped_adam40k_5090/best.pt
Saved PyTorch checkpoint to results/checkpoints/strict_grad_norm_uncapped_adam40k_5090/best.pt
Saved PyTorch checkpoint to results/checkpoints/strict_grad_norm_uncapped_adam40k_5090/best.pt
Saved PyTorch checkpoint to results/checkpoints/strict_grad_norm_uncapped_adam40k_5090/best.pt
Saved PyTorch checkpoint to results/checkpoints/strict_grad_norm_uncapped_adam40k_5090/best.pt
Saved PyTorch checkpoint to results/checkpoints/strict_grad_norm_uncapped_adam40k_5090/best.pt
Saved PyTorch checkpoint to results/checkpoints/strict_grad_norm_uncapped_adam40k_5090/best.pt
Saved PyTorch checkpoint to results/checkpoints/strict_grad_norm_uncapped_adam40k_5090/best.pt
Saved PyTorch checkpoint to results/checkpoints/strict_grad_norm_uncapped_adam40k_5090/best.pt
Saved PyTorch checkpoint to results/checkpoints/strict_grad_norm_uncapped_adam40k_5090/best.pt
Saved PyTorch checkpoint to results/checkpoints/strict_grad_norm_uncapped_adam40k_5090/best.pt
Saved PyTorch checkpoint to results/checkpoints/strict_grad_norm_uncapped_adam40k_5090/best.pt
Saved PyTorch checkpoint to results/checkpoints/strict_grad_norm_uncapped_adam40k_5090/best.pt
Saved PyTorch checkpoint to results/checkpoints/strict_grad_norm_uncapped_adam40k_5090/best.pt
Saved PyTorch checkpoint to results/checkpoints/strict_grad_norm_uncapped_adam40k_5090/best.pt
Saved PyTorch checkpoint to results/checkpoints/strict_grad_norm_uncapped_adam40k_5090/best.pt
Saved PyTorch checkpoint to results/checkpoints/strict_grad_norm_uncapped_adam40k_5090/best.pt
Saved PyTorch checkpoint to results/checkpoints/strict_grad_norm_uncapped_adam40k_5090/best.pt
Saved PyTorch checkpoint to results/checkpoints/strict_grad_norm_uncapped_adam40k_5090/best.pt
Saved PyTorch checkpoint to results/checkpoints/strict_grad_norm_uncapped_adam40k_5090/best.pt
Saved PyTorch checkpoint to results/checkpoints/strict_grad_norm_uncapped_adam40k_5090/best.pt
Saved PyTorch checkpoint to results/checkpoints/strict_grad_norm_uncapped_adam40k_5090/best.pt
Saved PyTorch checkpoint to results/checkpoints/strict_grad_norm_uncapped_adam40k_5090/best.pt
Saved PyTorch checkpoint to results/checkpoints/strict_grad_norm_uncapped_adam40k_5090/best.pt
Saved PyTorch checkpoint to results/checkpoints/strict_grad_norm_uncapped_adam40k_5090/best.pt
Saved PyTorch checkpoint to results/checkpoints/strict_grad_norm_uncapped_adam40k_5090/best.pt
Saved PyTorch checkpoint to results/checkpoints/strict_grad_norm_uncapped_adam40k_5090/best.pt
Saved PyTorch checkpoint to results/checkpoints/strict_grad_norm_uncapped_adam40k_5090/best.pt
Saved PyTorch checkpoint to results/checkpoints/strict_grad_norm_uncapped_adam40k_5090/best.pt
Saved PyTorch checkpoint to results/checkpoints/strict_grad_norm_uncapped_adam40k_5090/best.pt
Saved PyTorch checkpoint to results/checkpoints/strict_grad_norm_uncapped_adam40k_5090/best.pt
Saved PyTorch checkpoint to results/checkpoints/strict_grad_norm_uncapped_adam40k_5090/best.pt
Saved PyTorch checkpoint to results/checkpoints/strict_grad_norm_uncapped_adam40k_5090/best.pt
Saved PyTorch checkpoint to results/checkpoints/strict_grad_norm_uncapped_adam40k_5090/best.pt
Saved PyTorch checkpoint to results/checkpoints/strict_grad_norm_uncapped_adam40k_5090/best.pt
Saved PyTorch checkpoint to results/checkpoints/strict_grad_norm_uncapped_adam40k_5090/best.pt
Saved PyTorch checkpoint to results/checkpoints/strict_grad_norm_uncapped_adam40k_5090/best.pt
Saved PyTorch checkpoint to results/checkpoints/strict_grad_norm_uncapped_adam40k_5090/best.pt
Saved PyTorch checkpoint to results/checkpoints/strict_grad_norm_uncapped_adam40k_5090/best.pt
Saved PyTorch checkpoint to results/checkpoints/strict_grad_norm_uncapped_adam40k_5090/best.pt
Saved PyTorch checkpoint to results/checkpoints/strict_grad_norm_uncapped_adam40k_5090/best.pt
Saved PyTorch checkpoint to results/checkpoints/strict_grad_norm_uncapped_adam40k_5090/best.pt
Saved PyTorch checkpoint to results/checkpoints/strict_grad_norm_uncapped_adam40k_5090/best.pt
Saved PyTorch checkpoint to results/checkpoints/strict_grad_norm_uncapped_adam40k_5090/best.pt
Saved PyTorch checkpoint to results/checkpoints/strict_grad_norm_uncapped_adam40k_5090/best.pt
Saved PyTorch checkpoint to results/checkpoints/strict_grad_norm_uncapped_adam40k_5090/best.pt
Saved PyTorch checkpoint to results/checkpoints/strict_grad_norm_uncapped_adam40k_5090/best.pt
Saved PyTorch checkpoint to results/checkpoints/strict_grad_norm_uncapped_adam40k_5090/best.pt
Saved PyTorch checkpoint to results/checkpoints/strict_grad_norm_uncapped_adam40k_5090/best.pt
Saved PyTorch checkpoint to results/checkpoints/strict_grad_norm_uncapped_adam40k_5090/best.pt
Saved PyTorch checkpoint to results/checkpoints/strict_grad_norm_uncapped_adam40k_5090/best.pt
Saved PyTorch checkpoint to results/checkpoints/strict_grad_norm_uncapped_adam40k_5090/best.pt
Saved PyTorch checkpoint to results/checkpoints/strict_grad_norm_uncapped_adam40k_5090/best.pt
Saved PyTorch checkpoint to results/checkpoints/strict_grad_norm_uncapped_adam40k_5090/best.pt
Saved PyTorch checkpoint to results/checkpoints/strict_grad_norm_uncapped_adam40k_5090/best.pt
Saved PyTorch checkpoint to results/checkpoints/strict_grad_norm_uncapped_adam40k_5090/best.pt
Saved PyTorch checkpoint to results/checkpoints/strict_grad_norm_uncapped_adam40k_5090/best.pt
Adam 22600 | total=4.855e-03 f=2.949e-06 ic=3.578e-08 wall=2.246e-06 inlet=1.960e-01 outlet=9.314e-11 lr=5.000e-04 | λ[f=1.00 ic=262.49 wall=6.71 inlet=0.02 outlet=21813.62]
Saved PyTorch checkpoint to results/checkpoints/strict_grad_norm_uncapped_adam40k_5090/best.pt
Saved PyTorch checkpoint to results/checkpoints/strict_grad_norm_uncapped_adam40k_5090/best.pt
Saved PyTorch checkpoint to results/checkpoints/strict_grad_norm_uncapped_adam40k_5090/best.pt
Saved PyTorch checkpoint to results/checkpoints/strict_grad_norm_uncapped_adam40k_5090/best.pt
Saved PyTorch checkpoint to results/checkpoints/strict_grad_norm_uncapped_adam40k_5090/best.pt
Saved PyTorch checkpoint to results/checkpoints/strict_grad_norm_uncapped_adam40k_5090/best.pt
Saved PyTorch checkpoint to results/checkpoints/strict_grad_norm_uncapped_adam40k_5090/best.pt
Saved PyTorch checkpoint to results/checkpoints/strict_grad_norm_uncapped_adam40k_5090/best.pt
Saved PyTorch checkpoint to results/checkpoints/strict_grad_norm_uncapped_adam40k_5090/best.pt
Saved PyTorch checkpoint to results/checkpoints/strict_grad_norm_uncapped_adam40k_5090/best.pt
Saved PyTorch checkpoint to results/checkpoints/strict_grad_norm_uncapped_adam40k_5090/best.pt
Saved PyTorch checkpoint to results/checkpoints/strict_grad_norm_uncapped_adam40k_5090/best.pt
Saved PyTorch checkpoint to results/checkpoints/strict_grad_norm_uncapped_adam40k_5090/best.pt
Saved PyTorch checkpoint to results/checkpoints/strict_grad_norm_uncapped_adam40k_5090/best.pt
Saved PyTorch checkpoint to results/checkpoints/strict_grad_norm_uncapped_adam40k_5090/best.pt
Saved PyTorch checkpoint to results/checkpoints/strict_grad_norm_uncapped_adam40k_5090/best.pt
Saved PyTorch checkpoint to results/checkpoints/strict_grad_norm_uncapped_adam40k_5090/best.pt
Saved PyTorch checkpoint to results/checkpoints/strict_grad_norm_uncapped_adam40k_5090/best.pt
Saved PyTorch checkpoint to results/checkpoints/strict_grad_norm_uncapped_adam40k_5090/best.pt
Saved PyTorch checkpoint to results/checkpoints/strict_grad_norm_uncapped_adam40k_5090/best.pt
Saved PyTorch checkpoint to results/checkpoints/strict_grad_norm_uncapped_adam40k_5090/best.pt
Saved PyTorch checkpoint to results/checkpoints/strict_grad_norm_uncapped_adam40k_5090/best.pt
Saved PyTorch checkpoint to results/checkpoints/strict_grad_norm_uncapped_adam40k_5090/best.pt
Saved PyTorch checkpoint to results/checkpoints/strict_grad_norm_uncapped_adam40k_5090/best.pt
Saved PyTorch checkpoint to results/checkpoints/strict_grad_norm_uncapped_adam40k_5090/best.pt
Saved PyTorch checkpoint to results/checkpoints/strict_grad_norm_uncapped_adam40k_5090/best.pt
Saved PyTorch checkpoint to results/checkpoints/strict_grad_norm_uncapped_adam40k_5090/best.pt
Saved PyTorch checkpoint to results/checkpoints/strict_grad_norm_uncapped_adam40k_5090/best.pt
Saved PyTorch checkpoint to results/checkpoints/strict_grad_norm_uncapped_adam40k_5090/best.pt
Saved PyTorch checkpoint to results/checkpoints/strict_grad_norm_uncapped_adam40k_5090/best.pt
Saved PyTorch checkpoint to results/checkpoints/strict_grad_norm_uncapped_adam40k_5090/best.pt
Saved PyTorch checkpoint to results/checkpoints/strict_grad_norm_uncapped_adam40k_5090/best.pt
Saved PyTorch checkpoint to results/checkpoints/strict_grad_norm_uncapped_adam40k_5090/best.pt
Saved PyTorch checkpoint to results/checkpoints/strict_grad_norm_uncapped_adam40k_5090/best.pt
Saved PyTorch checkpoint to results/checkpoints/strict_grad_norm_uncapped_adam40k_5090/best.pt
Saved PyTorch checkpoint to results/checkpoints/strict_grad_norm_uncapped_adam40k_5090/best.pt
Saved PyTorch checkpoint to results/checkpoints/strict_grad_norm_uncapped_adam40k_5090/best.pt
Saved PyTorch checkpoint to results/checkpoints/strict_grad_norm_uncapped_adam40k_5090/best.pt
Saved PyTorch checkpoint to results/checkpoints/strict_grad_norm_uncapped_adam40k_5090/best.pt
Saved PyTorch checkpoint to results/checkpoints/strict_grad_norm_uncapped_adam40k_5090/best.pt
Saved PyTorch checkpoint to results/checkpoints/strict_grad_norm_uncapped_adam40k_5090/best.pt
Saved PyTorch checkpoint to results/checkpoints/strict_grad_norm_uncapped_adam40k_5090/best.pt
Saved PyTorch checkpoint to results/checkpoints/strict_grad_norm_uncapped_adam40k_5090/best.pt
Saved PyTorch checkpoint to results/checkpoints/strict_grad_norm_uncapped_adam40k_5090/best.pt
Saved PyTorch checkpoint to results/checkpoints/strict_grad_norm_uncapped_adam40k_5090/best.pt
Saved PyTorch checkpoint to results/checkpoints/strict_grad_norm_uncapped_adam40k_5090/best.pt
Saved PyTorch checkpoint to results/checkpoints/strict_grad_norm_uncapped_adam40k_5090/best.pt
Saved PyTorch checkpoint to results/checkpoints/strict_grad_norm_uncapped_adam40k_5090/best.pt
Saved PyTorch checkpoint to results/checkpoints/strict_grad_norm_uncapped_adam40k_5090/best.pt
Saved PyTorch checkpoint to results/checkpoints/strict_grad_norm_uncapped_adam40k_5090/best.pt
Saved PyTorch checkpoint to results/checkpoints/strict_grad_norm_uncapped_adam40k_5090/best.pt
Saved PyTorch checkpoint to results/checkpoints/strict_grad_norm_uncapped_adam40k_5090/best.pt
Saved PyTorch checkpoint to results/checkpoints/strict_grad_norm_uncapped_adam40k_5090/best.pt
Saved PyTorch checkpoint to results/checkpoints/strict_grad_norm_uncapped_adam40k_5090/best.pt
Saved PyTorch checkpoint to results/checkpoints/strict_grad_norm_uncapped_adam40k_5090/best.pt
Saved PyTorch checkpoint to results/checkpoints/strict_grad_norm_uncapped_adam40k_5090/best.pt
Saved PyTorch checkpoint to results/checkpoints/strict_grad_norm_uncapped_adam40k_5090/best.pt
Saved PyTorch checkpoint to results/checkpoints/strict_grad_norm_uncapped_adam40k_5090/best.pt
Saved PyTorch checkpoint to results/checkpoints/strict_grad_norm_uncapped_adam40k_5090/best.pt
Saved PyTorch checkpoint to results/checkpoints/strict_grad_norm_uncapped_adam40k_5090/best.pt
Saved PyTorch checkpoint to results/checkpoints/strict_grad_norm_uncapped_adam40k_5090/best.pt
Saved PyTorch checkpoint to results/checkpoints/strict_grad_norm_uncapped_adam40k_5090/best.pt
Saved PyTorch checkpoint to results/checkpoints/strict_grad_norm_uncapped_adam40k_5090/best.pt
Saved PyTorch checkpoint to results/checkpoints/strict_grad_norm_uncapped_adam40k_5090/best.pt
Saved PyTorch checkpoint to results/checkpoints/strict_grad_norm_uncapped_adam40k_5090/best.pt
Saved PyTorch checkpoint to results/checkpoints/strict_grad_norm_uncapped_adam40k_5090/best.pt
Saved PyTorch checkpoint to results/checkpoints/strict_grad_norm_uncapped_adam40k_5090/best.pt
Saved PyTorch checkpoint to results/checkpoints/strict_grad_norm_uncapped_adam40k_5090/best.pt
Saved PyTorch checkpoint to results/checkpoints/strict_grad_norm_uncapped_adam40k_5090/best.pt
Saved PyTorch checkpoint to results/checkpoints/strict_grad_norm_uncapped_adam40k_5090/best.pt
Saved PyTorch checkpoint to results/checkpoints/strict_grad_norm_uncapped_adam40k_5090/best.pt
Saved PyTorch checkpoint to results/checkpoints/strict_grad_norm_uncapped_adam40k_5090/best.pt
Saved PyTorch checkpoint to results/checkpoints/strict_grad_norm_uncapped_adam40k_5090/best.pt
Saved PyTorch checkpoint to results/checkpoints/strict_grad_norm_uncapped_adam40k_5090/best.pt
Saved PyTorch checkpoint to results/checkpoints/strict_grad_norm_uncapped_adam40k_5090/best.pt
Saved PyTorch checkpoint to results/checkpoints/strict_grad_norm_uncapped_adam40k_5090/best.pt
Saved PyTorch checkpoint to results/checkpoints/strict_grad_norm_uncapped_adam40k_5090/best.pt
Saved PyTorch checkpoint to results/checkpoints/strict_grad_norm_uncapped_adam40k_5090/best.pt
Saved PyTorch checkpoint to results/checkpoints/strict_grad_norm_uncapped_adam40k_5090/best.pt
Saved PyTorch checkpoint to results/checkpoints/strict_grad_norm_uncapped_adam40k_5090/best.pt
Saved PyTorch checkpoint to results/checkpoints/strict_grad_norm_uncapped_adam40k_5090/best.pt
Saved PyTorch checkpoint to results/checkpoints/strict_grad_norm_uncapped_adam40k_5090/best.pt
Saved PyTorch checkpoint to results/checkpoints/strict_grad_norm_uncapped_adam40k_5090/best.pt
Saved PyTorch checkpoint to results/checkpoints/strict_grad_norm_uncapped_adam40k_5090/best.pt
Saved PyTorch checkpoint to results/checkpoints/strict_grad_norm_uncapped_adam40k_5090/best.pt
Saved PyTorch checkpoint to results/checkpoints/strict_grad_norm_uncapped_adam40k_5090/best.pt
Saved PyTorch checkpoint to results/checkpoints/strict_grad_norm_uncapped_adam40k_5090/best.pt
Saved PyTorch checkpoint to results/checkpoints/strict_grad_norm_uncapped_adam40k_5090/best.pt
Saved PyTorch checkpoint to results/checkpoints/strict_grad_norm_uncapped_adam40k_5090/best.pt
Saved PyTorch checkpoint to results/checkpoints/strict_grad_norm_uncapped_adam40k_5090/best.pt
Saved PyTorch checkpoint to results/checkpoints/strict_grad_norm_uncapped_adam40k_5090/best.pt
Saved PyTorch checkpoint to results/checkpoints/strict_grad_norm_uncapped_adam40k_5090/best.pt
Saved PyTorch checkpoint to results/checkpoints/strict_grad_norm_uncapped_adam40k_5090/best.pt
Saved PyTorch checkpoint to results/checkpoints/strict_grad_norm_uncapped_adam40k_5090/best.pt
Saved PyTorch checkpoint to results/checkpoints/strict_grad_norm_uncapped_adam40k_5090/best.pt
Saved PyTorch checkpoint to results/checkpoints/strict_grad_norm_uncapped_adam40k_5090/best.pt
Saved PyTorch checkpoint to results/checkpoints/strict_grad_norm_uncapped_adam40k_5090/best.pt
Saved PyTorch checkpoint to results/checkpoints/strict_grad_norm_uncapped_adam40k_5090/best.pt
Saved PyTorch checkpoint to results/checkpoints/strict_grad_norm_uncapped_adam40k_5090/best.pt
Saved PyTorch checkpoint to results/checkpoints/strict_grad_norm_uncapped_adam40k_5090/best.pt
Adam 22700 | total=4.495e-03 f=2.865e-06 ic=3.553e-08 wall=2.244e-06 inlet=1.960e-01 outlet=8.502e-11 lr=5.000e-04 | λ[f=1.00 ic=243.43 wall=6.21 inlet=0.02 outlet=32663.35]
Saved PyTorch checkpoint to results/checkpoints/strict_grad_norm_uncapped_adam40k_5090/best.pt
Saved PyTorch checkpoint to results/checkpoints/strict_grad_norm_uncapped_adam40k_5090/best.pt
Saved PyTorch checkpoint to results/checkpoints/strict_grad_norm_uncapped_adam40k_5090/best.pt
Saved PyTorch checkpoint to results/checkpoints/strict_grad_norm_uncapped_adam40k_5090/best.pt
Saved PyTorch checkpoint to results/checkpoints/strict_grad_norm_uncapped_adam40k_5090/best.pt
Saved PyTorch checkpoint to results/checkpoints/strict_grad_norm_uncapped_adam40k_5090/best.pt
Saved PyTorch checkpoint to results/checkpoints/strict_grad_norm_uncapped_adam40k_5090/best.pt
Saved PyTorch checkpoint to results/checkpoints/strict_grad_norm_uncapped_adam40k_5090/best.pt
Saved PyTorch checkpoint to results/checkpoints/strict_grad_norm_uncapped_adam40k_5090/best.pt
Saved PyTorch checkpoint to results/checkpoints/strict_grad_norm_uncapped_adam40k_5090/best.pt
Saved PyTorch checkpoint to results/checkpoints/strict_grad_norm_uncapped_adam40k_5090/best.pt
Saved PyTorch checkpoint to results/checkpoints/strict_grad_norm_uncapped_adam40k_5090/best.pt
Saved PyTorch checkpoint to results/checkpoints/strict_grad_norm_uncapped_adam40k_5090/best.pt
Saved PyTorch checkpoint to results/checkpoints/strict_grad_norm_uncapped_adam40k_5090/best.pt
Saved PyTorch checkpoint to results/checkpoints/strict_grad_norm_uncapped_adam40k_5090/best.pt
Saved PyTorch checkpoint to results/checkpoints/strict_grad_norm_uncapped_adam40k_5090/best.pt
Saved PyTorch checkpoint to results/checkpoints/strict_grad_norm_uncapped_adam40k_5090/best.pt
Saved PyTorch checkpoint to results/checkpoints/strict_grad_norm_uncapped_adam40k_5090/best.pt
Saved PyTorch checkpoint to results/checkpoints/strict_grad_norm_uncapped_adam40k_5090/best.pt
Saved PyTorch checkpoint to results/checkpoints/strict_grad_norm_uncapped_adam40k_5090/best.pt
Saved PyTorch checkpoint to results/checkpoints/strict_grad_norm_uncapped_adam40k_5090/best.pt
Saved PyTorch checkpoint to results/checkpoints/strict_grad_norm_uncapped_adam40k_5090/best.pt
Saved PyTorch checkpoint to results/checkpoints/strict_grad_norm_uncapped_adam40k_5090/best.pt
Saved PyTorch checkpoint to results/checkpoints/strict_grad_norm_uncapped_adam40k_5090/best.pt
Saved PyTorch checkpoint to results/checkpoints/strict_grad_norm_uncapped_adam40k_5090/best.pt
Saved PyTorch checkpoint to results/checkpoints/strict_grad_norm_uncapped_adam40k_5090/best.pt
Saved PyTorch checkpoint to results/checkpoints/strict_grad_norm_uncapped_adam40k_5090/best.pt
Saved PyTorch checkpoint to results/checkpoints/strict_grad_norm_uncapped_adam40k_5090/best.pt
Saved PyTorch checkpoint to results/checkpoints/strict_grad_norm_uncapped_adam40k_5090/best.pt
Saved PyTorch checkpoint to results/checkpoints/strict_grad_norm_uncapped_adam40k_5090/best.pt
Saved PyTorch checkpoint to results/checkpoints/strict_grad_norm_uncapped_adam40k_5090/best.pt
Saved PyTorch checkpoint to results/checkpoints/strict_grad_norm_uncapped_adam40k_5090/best.pt
Saved PyTorch checkpoint to results/checkpoints/strict_grad_norm_uncapped_adam40k_5090/best.pt
Saved PyTorch checkpoint to results/checkpoints/strict_grad_norm_uncapped_adam40k_5090/best.pt
Saved PyTorch checkpoint to results/checkpoints/strict_grad_norm_uncapped_adam40k_5090/best.pt
Saved PyTorch checkpoint to results/checkpoints/strict_grad_norm_uncapped_adam40k_5090/best.pt
Saved PyTorch checkpoint to results/checkpoints/strict_grad_norm_uncapped_adam40k_5090/best.pt
Saved PyTorch checkpoint to results/checkpoints/strict_grad_norm_uncapped_adam40k_5090/best.pt
Saved PyTorch checkpoint to results/checkpoints/strict_grad_norm_uncapped_adam40k_5090/best.pt
Saved PyTorch checkpoint to results/checkpoints/strict_grad_norm_uncapped_adam40k_5090/best.pt
Saved PyTorch checkpoint to results/checkpoints/strict_grad_norm_uncapped_adam40k_5090/best.pt
Saved PyTorch checkpoint to results/checkpoints/strict_grad_norm_uncapped_adam40k_5090/best.pt
Saved PyTorch checkpoint to results/checkpoints/strict_grad_norm_uncapped_adam40k_5090/best.pt
Saved PyTorch checkpoint to results/checkpoints/strict_grad_norm_uncapped_adam40k_5090/best.pt
Saved PyTorch checkpoint to results/checkpoints/strict_grad_norm_uncapped_adam40k_5090/best.pt
Saved PyTorch checkpoint to results/checkpoints/strict_grad_norm_uncapped_adam40k_5090/best.pt
Saved PyTorch checkpoint to results/checkpoints/strict_grad_norm_uncapped_adam40k_5090/best.pt
Saved PyTorch checkpoint to results/checkpoints/strict_grad_norm_uncapped_adam40k_5090/best.pt
Saved PyTorch checkpoint to results/checkpoints/strict_grad_norm_uncapped_adam40k_5090/best.pt
Saved PyTorch checkpoint to results/checkpoints/strict_grad_norm_uncapped_adam40k_5090/best.pt
Saved PyTorch checkpoint to results/checkpoints/strict_grad_norm_uncapped_adam40k_5090/best.pt
Saved PyTorch checkpoint to results/checkpoints/strict_grad_norm_uncapped_adam40k_5090/best.pt
Saved PyTorch checkpoint to results/checkpoints/strict_grad_norm_uncapped_adam40k_5090/best.pt
Saved PyTorch checkpoint to results/checkpoints/strict_grad_norm_uncapped_adam40k_5090/best.pt
Saved PyTorch checkpoint to results/checkpoints/strict_grad_norm_uncapped_adam40k_5090/best.pt
Saved PyTorch checkpoint to results/checkpoints/strict_grad_norm_uncapped_adam40k_5090/best.pt
Saved PyTorch checkpoint to results/checkpoints/strict_grad_norm_uncapped_adam40k_5090/best.pt
Saved PyTorch checkpoint to results/checkpoints/strict_grad_norm_uncapped_adam40k_5090/best.pt
Saved PyTorch checkpoint to results/checkpoints/strict_grad_norm_uncapped_adam40k_5090/best.pt
Saved PyTorch checkpoint to results/checkpoints/strict_grad_norm_uncapped_adam40k_5090/best.pt
Saved PyTorch checkpoint to results/checkpoints/strict_grad_norm_uncapped_adam40k_5090/best.pt
Saved PyTorch checkpoint to results/checkpoints/strict_grad_norm_uncapped_adam40k_5090/best.pt
Saved PyTorch checkpoint to results/checkpoints/strict_grad_norm_uncapped_adam40k_5090/best.pt
Saved PyTorch checkpoint to results/checkpoints/strict_grad_norm_uncapped_adam40k_5090/best.pt
Saved PyTorch checkpoint to results/checkpoints/strict_grad_norm_uncapped_adam40k_5090/best.pt
Saved PyTorch checkpoint to results/checkpoints/strict_grad_norm_uncapped_adam40k_5090/best.pt
Saved PyTorch checkpoint to results/checkpoints/strict_grad_norm_uncapped_adam40k_5090/best.pt
Saved PyTorch checkpoint to results/checkpoints/strict_grad_norm_uncapped_adam40k_5090/best.pt
Saved PyTorch checkpoint to results/checkpoints/strict_grad_norm_uncapped_adam40k_5090/best.pt
Saved PyTorch checkpoint to results/checkpoints/strict_grad_norm_uncapped_adam40k_5090/best.pt
Saved PyTorch checkpoint to results/checkpoints/strict_grad_norm_uncapped_adam40k_5090/best.pt
Saved PyTorch checkpoint to results/checkpoints/strict_grad_norm_uncapped_adam40k_5090/best.pt
Saved PyTorch checkpoint to results/checkpoints/strict_grad_norm_uncapped_adam40k_5090/best.pt
Saved PyTorch checkpoint to results/checkpoints/strict_grad_norm_uncapped_adam40k_5090/best.pt
Saved PyTorch checkpoint to results/checkpoints/strict_grad_norm_uncapped_adam40k_5090/best.pt
Saved PyTorch checkpoint to results/checkpoints/strict_grad_norm_uncapped_adam40k_5090/best.pt
Saved PyTorch checkpoint to results/checkpoints/strict_grad_norm_uncapped_adam40k_5090/best.pt
Saved PyTorch checkpoint to results/checkpoints/strict_grad_norm_uncapped_adam40k_5090/best.pt
Saved PyTorch checkpoint to results/checkpoints/strict_grad_norm_uncapped_adam40k_5090/best.pt
Saved PyTorch checkpoint to results/checkpoints/strict_grad_norm_uncapped_adam40k_5090/best.pt
Saved PyTorch checkpoint to results/checkpoints/strict_grad_norm_uncapped_adam40k_5090/best.pt
Saved PyTorch checkpoint to results/checkpoints/strict_grad_norm_uncapped_adam40k_5090/best.pt
Saved PyTorch checkpoint to results/checkpoints/strict_grad_norm_uncapped_adam40k_5090/best.pt
Saved PyTorch checkpoint to results/checkpoints/strict_grad_norm_uncapped_adam40k_5090/best.pt
Adam 22800 | total=4.152e-03 f=2.787e-06 ic=3.461e-08 wall=2.242e-06 inlet=1.960e-01 outlet=8.514e-11 lr=5.000e-04 | λ[f=1.00 ic=230.51 wall=5.74 inlet=0.02 outlet=19181.18]
Saved PyTorch checkpoint to results/checkpoints/strict_grad_norm_uncapped_adam40k_5090/best.pt
Saved PyTorch checkpoint to results/checkpoints/strict_grad_norm_uncapped_adam40k_5090/best.pt
Saved PyTorch checkpoint to results/checkpoints/strict_grad_norm_uncapped_adam40k_5090/best.pt
Saved PyTorch checkpoint to results/checkpoints/strict_grad_norm_uncapped_adam40k_5090/best.pt
Saved PyTorch checkpoint to results/checkpoints/strict_grad_norm_uncapped_adam40k_5090/best.pt
Saved PyTorch checkpoint to results/checkpoints/strict_grad_norm_uncapped_adam40k_5090/best.pt
Saved PyTorch checkpoint to results/checkpoints/strict_grad_norm_uncapped_adam40k_5090/best.pt
Saved PyTorch checkpoint to results/checkpoints/strict_grad_norm_uncapped_adam40k_5090/best.pt
Saved PyTorch checkpoint to results/checkpoints/strict_grad_norm_uncapped_adam40k_5090/best.pt
Saved PyTorch checkpoint to results/checkpoints/strict_grad_norm_uncapped_adam40k_5090/best.pt
Saved PyTorch checkpoint to results/checkpoints/strict_grad_norm_uncapped_adam40k_5090/best.pt
Saved PyTorch checkpoint to results/checkpoints/strict_grad_norm_uncapped_adam40k_5090/best.pt
Saved PyTorch checkpoint to results/checkpoints/strict_grad_norm_uncapped_adam40k_5090/best.pt
Saved PyTorch checkpoint to results/checkpoints/strict_grad_norm_uncapped_adam40k_5090/best.pt
Saved PyTorch checkpoint to results/checkpoints/strict_grad_norm_uncapped_adam40k_5090/best.pt
Saved PyTorch checkpoint to results/checkpoints/strict_grad_norm_uncapped_adam40k_5090/best.pt
Saved PyTorch checkpoint to results/checkpoints/strict_grad_norm_uncapped_adam40k_5090/best.pt
Saved PyTorch checkpoint to results/checkpoints/strict_grad_norm_uncapped_adam40k_5090/best.pt
Saved PyTorch checkpoint to results/checkpoints/strict_grad_norm_uncapped_adam40k_5090/best.pt
Saved PyTorch checkpoint to results/checkpoints/strict_grad_norm_uncapped_adam40k_5090/best.pt
Saved PyTorch checkpoint to results/checkpoints/strict_grad_norm_uncapped_adam40k_5090/best.pt
Saved PyTorch checkpoint to results/checkpoints/strict_grad_norm_uncapped_adam40k_5090/best.pt
Saved PyTorch checkpoint to results/checkpoints/strict_grad_norm_uncapped_adam40k_5090/best.pt
Saved PyTorch checkpoint to results/checkpoints/strict_grad_norm_uncapped_adam40k_5090/best.pt
Saved PyTorch checkpoint to results/checkpoints/strict_grad_norm_uncapped_adam40k_5090/best.pt
Saved PyTorch checkpoint to results/checkpoints/strict_grad_norm_uncapped_adam40k_5090/best.pt
Saved PyTorch checkpoint to results/checkpoints/strict_grad_norm_uncapped_adam40k_5090/best.pt
Saved PyTorch checkpoint to results/checkpoints/strict_grad_norm_uncapped_adam40k_5090/best.pt
Saved PyTorch checkpoint to results/checkpoints/strict_grad_norm_uncapped_adam40k_5090/best.pt
Saved PyTorch checkpoint to results/checkpoints/strict_grad_norm_uncapped_adam40k_5090/best.pt
Saved PyTorch checkpoint to results/checkpoints/strict_grad_norm_uncapped_adam40k_5090/best.pt
Saved PyTorch checkpoint to results/checkpoints/strict_grad_norm_uncapped_adam40k_5090/best.pt
Saved PyTorch checkpoint to results/checkpoints/strict_grad_norm_uncapped_adam40k_5090/best.pt
Saved PyTorch checkpoint to results/checkpoints/strict_grad_norm_uncapped_adam40k_5090/best.pt
Saved PyTorch checkpoint to results/checkpoints/strict_grad_norm_uncapped_adam40k_5090/best.pt
Saved PyTorch checkpoint to results/checkpoints/strict_grad_norm_uncapped_adam40k_5090/best.pt
Saved PyTorch checkpoint to results/checkpoints/strict_grad_norm_uncapped_adam40k_5090/best.pt
Saved PyTorch checkpoint to results/checkpoints/strict_grad_norm_uncapped_adam40k_5090/best.pt
Saved PyTorch checkpoint to results/checkpoints/strict_grad_norm_uncapped_adam40k_5090/best.pt
Saved PyTorch checkpoint to results/checkpoints/strict_grad_norm_uncapped_adam40k_5090/best.pt
Saved PyTorch checkpoint to results/checkpoints/strict_grad_norm_uncapped_adam40k_5090/best.pt
Saved PyTorch checkpoint to results/checkpoints/strict_grad_norm_uncapped_adam40k_5090/best.pt
Saved PyTorch checkpoint to results/checkpoints/strict_grad_norm_uncapped_adam40k_5090/best.pt
Saved PyTorch checkpoint to results/checkpoints/strict_grad_norm_uncapped_adam40k_5090/best.pt
Saved PyTorch checkpoint to results/checkpoints/strict_grad_norm_uncapped_adam40k_5090/best.pt
Saved PyTorch checkpoint to results/checkpoints/strict_grad_norm_uncapped_adam40k_5090/best.pt
Saved PyTorch checkpoint to results/checkpoints/strict_grad_norm_uncapped_adam40k_5090/best.pt
Saved PyTorch checkpoint to results/checkpoints/strict_grad_norm_uncapped_adam40k_5090/best.pt
Saved PyTorch checkpoint to results/checkpoints/strict_grad_norm_uncapped_adam40k_5090/best.pt
Saved PyTorch checkpoint to results/checkpoints/strict_grad_norm_uncapped_adam40k_5090/best.pt
Saved PyTorch checkpoint to results/checkpoints/strict_grad_norm_uncapped_adam40k_5090/best.pt
Saved PyTorch checkpoint to results/checkpoints/strict_grad_norm_uncapped_adam40k_5090/best.pt
Saved PyTorch checkpoint to results/checkpoints/strict_grad_norm_uncapped_adam40k_5090/best.pt
Saved PyTorch checkpoint to results/checkpoints/strict_grad_norm_uncapped_adam40k_5090/best.pt
Saved PyTorch checkpoint to results/checkpoints/strict_grad_norm_uncapped_adam40k_5090/best.pt
Saved PyTorch checkpoint to results/checkpoints/strict_grad_norm_uncapped_adam40k_5090/best.pt
Saved PyTorch checkpoint to results/checkpoints/strict_grad_norm_uncapped_adam40k_5090/best.pt
Saved PyTorch checkpoint to results/checkpoints/strict_grad_norm_uncapped_adam40k_5090/best.pt
Saved PyTorch checkpoint to results/checkpoints/strict_grad_norm_uncapped_adam40k_5090/best.pt
Saved PyTorch checkpoint to results/checkpoints/strict_grad_norm_uncapped_adam40k_5090/best.pt
Saved PyTorch checkpoint to results/checkpoints/strict_grad_norm_uncapped_adam40k_5090/best.pt
Saved PyTorch checkpoint to results/checkpoints/strict_grad_norm_uncapped_adam40k_5090/best.pt
Saved PyTorch checkpoint to results/checkpoints/strict_grad_norm_uncapped_adam40k_5090/best.pt
Saved PyTorch checkpoint to results/checkpoints/strict_grad_norm_uncapped_adam40k_5090/best.pt
Saved PyTorch checkpoint to results/checkpoints/strict_grad_norm_uncapped_adam40k_5090/best.pt
Saved PyTorch checkpoint to results/checkpoints/strict_grad_norm_uncapped_adam40k_5090/best.pt
Saved PyTorch checkpoint to results/checkpoints/strict_grad_norm_uncapped_adam40k_5090/best.pt
Saved PyTorch checkpoint to results/checkpoints/strict_grad_norm_uncapped_adam40k_5090/best.pt
Saved PyTorch checkpoint to results/checkpoints/strict_grad_norm_uncapped_adam40k_5090/best.pt
Saved PyTorch checkpoint to results/checkpoints/strict_grad_norm_uncapped_adam40k_5090/best.pt
Saved PyTorch checkpoint to results/checkpoints/strict_grad_norm_uncapped_adam40k_5090/best.pt
Saved PyTorch checkpoint to results/checkpoints/strict_grad_norm_uncapped_adam40k_5090/best.pt
Saved PyTorch checkpoint to results/checkpoints/strict_grad_norm_uncapped_adam40k_5090/best.pt
Saved PyTorch checkpoint to results/checkpoints/strict_grad_norm_uncapped_adam40k_5090/best.pt
Saved PyTorch checkpoint to results/checkpoints/strict_grad_norm_uncapped_adam40k_5090/best.pt
Saved PyTorch checkpoint to results/checkpoints/strict_grad_norm_uncapped_adam40k_5090/best.pt
Saved PyTorch checkpoint to results/checkpoints/strict_grad_norm_uncapped_adam40k_5090/best.pt
Saved PyTorch checkpoint to results/checkpoints/strict_grad_norm_uncapped_adam40k_5090/best.pt
Saved PyTorch checkpoint to results/checkpoints/strict_grad_norm_uncapped_adam40k_5090/best.pt
Saved PyTorch checkpoint to results/checkpoints/strict_grad_norm_uncapped_adam40k_5090/best.pt
Saved PyTorch checkpoint to results/checkpoints/strict_grad_norm_uncapped_adam40k_5090/best.pt
Saved PyTorch checkpoint to results/checkpoints/strict_grad_norm_uncapped_adam40k_5090/best.pt
Saved PyTorch checkpoint to results/checkpoints/strict_grad_norm_uncapped_adam40k_5090/best.pt
Saved PyTorch checkpoint to results/checkpoints/strict_grad_norm_uncapped_adam40k_5090/best.pt
Saved PyTorch checkpoint to results/checkpoints/strict_grad_norm_uncapped_adam40k_5090/best.pt
Saved PyTorch checkpoint to results/checkpoints/strict_grad_norm_uncapped_adam40k_5090/best.pt
Saved PyTorch checkpoint to results/checkpoints/strict_grad_norm_uncapped_adam40k_5090/best.pt
Saved PyTorch checkpoint to results/checkpoints/strict_grad_norm_uncapped_adam40k_5090/best.pt
Saved PyTorch checkpoint to results/checkpoints/strict_grad_norm_uncapped_adam40k_5090/best.pt
Saved PyTorch checkpoint to results/checkpoints/strict_grad_norm_uncapped_adam40k_5090/best.pt
Saved PyTorch checkpoint to results/checkpoints/strict_grad_norm_uncapped_adam40k_5090/best.pt
Saved PyTorch checkpoint to results/checkpoints/strict_grad_norm_uncapped_adam40k_5090/best.pt
Saved PyTorch checkpoint to results/checkpoints/strict_grad_norm_uncapped_adam40k_5090/best.pt
Saved PyTorch checkpoint to results/checkpoints/strict_grad_norm_uncapped_adam40k_5090/best.pt
Saved PyTorch checkpoint to results/checkpoints/strict_grad_norm_uncapped_adam40k_5090/best.pt
Saved PyTorch checkpoint to results/checkpoints/strict_grad_norm_uncapped_adam40k_5090/best.pt
Saved PyTorch checkpoint to results/checkpoints/strict_grad_norm_uncapped_adam40k_5090/best.pt
Saved PyTorch checkpoint to results/checkpoints/strict_grad_norm_uncapped_adam40k_5090/best.pt
Saved PyTorch checkpoint to results/checkpoints/strict_grad_norm_uncapped_adam40k_5090/best.pt
Saved PyTorch checkpoint to results/checkpoints/strict_grad_norm_uncapped_adam40k_5090/best.pt
Adam 22900 | total=3.817e-03 f=2.715e-06 ic=3.433e-08 wall=2.239e-06 inlet=1.960e-01 outlet=7.859e-11 lr=5.000e-04 | λ[f=1.00 ic=213.52 wall=5.28 inlet=0.02 outlet=25561.07]
Saved PyTorch checkpoint to results/checkpoints/strict_grad_norm_uncapped_adam40k_5090/best.pt
Saved PyTorch checkpoint to results/checkpoints/strict_grad_norm_uncapped_adam40k_5090/best.pt
Saved PyTorch checkpoint to results/checkpoints/strict_grad_norm_uncapped_adam40k_5090/best.pt
Saved PyTorch checkpoint to results/checkpoints/strict_grad_norm_uncapped_adam40k_5090/best.pt
Saved PyTorch checkpoint to results/checkpoints/strict_grad_norm_uncapped_adam40k_5090/best.pt
Saved PyTorch checkpoint to results/checkpoints/strict_grad_norm_uncapped_adam40k_5090/best.pt
Saved PyTorch checkpoint to results/checkpoints/strict_grad_norm_uncapped_adam40k_5090/best.pt
Saved PyTorch checkpoint to results/checkpoints/strict_grad_norm_uncapped_adam40k_5090/best.pt
Saved PyTorch checkpoint to results/checkpoints/strict_grad_norm_uncapped_adam40k_5090/best.pt
Saved PyTorch checkpoint to results/checkpoints/strict_grad_norm_uncapped_adam40k_5090/best.pt
Saved PyTorch checkpoint to results/checkpoints/strict_grad_norm_uncapped_adam40k_5090/best.pt
Saved PyTorch checkpoint to results/checkpoints/strict_grad_norm_uncapped_adam40k_5090/best.pt
Saved PyTorch checkpoint to results/checkpoints/strict_grad_norm_uncapped_adam40k_5090/best.pt
Saved PyTorch checkpoint to results/checkpoints/strict_grad_norm_uncapped_adam40k_5090/best.pt
Saved PyTorch checkpoint to results/checkpoints/strict_grad_norm_uncapped_adam40k_5090/best.pt
Saved PyTorch checkpoint to results/checkpoints/strict_grad_norm_uncapped_adam40k_5090/best.pt
Saved PyTorch checkpoint to results/checkpoints/strict_grad_norm_uncapped_adam40k_5090/best.pt
Saved PyTorch checkpoint to results/checkpoints/strict_grad_norm_uncapped_adam40k_5090/best.pt
Saved PyTorch checkpoint to results/checkpoints/strict_grad_norm_uncapped_adam40k_5090/best.pt
Saved PyTorch checkpoint to results/checkpoints/strict_grad_norm_uncapped_adam40k_5090/best.pt
Saved PyTorch checkpoint to results/checkpoints/strict_grad_norm_uncapped_adam40k_5090/best.pt
Saved PyTorch checkpoint to results/checkpoints/strict_grad_norm_uncapped_adam40k_5090/best.pt
Saved PyTorch checkpoint to results/checkpoints/strict_grad_norm_uncapped_adam40k_5090/best.pt
Saved PyTorch checkpoint to results/checkpoints/strict_grad_norm_uncapped_adam40k_5090/best.pt
Saved PyTorch checkpoint to results/checkpoints/strict_grad_norm_uncapped_adam40k_5090/best.pt
Saved PyTorch checkpoint to results/checkpoints/strict_grad_norm_uncapped_adam40k_5090/best.pt
Saved PyTorch checkpoint to results/checkpoints/strict_grad_norm_uncapped_adam40k_5090/best.pt
Saved PyTorch checkpoint to results/checkpoints/strict_grad_norm_uncapped_adam40k_5090/best.pt
Saved PyTorch checkpoint to results/checkpoints/strict_grad_norm_uncapped_adam40k_5090/best.pt
Saved PyTorch checkpoint to results/checkpoints/strict_grad_norm_uncapped_adam40k_5090/best.pt
Saved PyTorch checkpoint to results/checkpoints/strict_grad_norm_uncapped_adam40k_5090/best.pt
Saved PyTorch checkpoint to results/checkpoints/strict_grad_norm_uncapped_adam40k_5090/best.pt
Saved PyTorch checkpoint to results/checkpoints/strict_grad_norm_uncapped_adam40k_5090/best.pt
Saved PyTorch checkpoint to results/checkpoints/strict_grad_norm_uncapped_adam40k_5090/best.pt
Saved PyTorch checkpoint to results/checkpoints/strict_grad_norm_uncapped_adam40k_5090/best.pt
Saved PyTorch checkpoint to results/checkpoints/strict_grad_norm_uncapped_adam40k_5090/best.pt
Saved PyTorch checkpoint to results/checkpoints/strict_grad_norm_uncapped_adam40k_5090/best.pt
Saved PyTorch checkpoint to results/checkpoints/strict_grad_norm_uncapped_adam40k_5090/best.pt
Saved PyTorch checkpoint to results/checkpoints/strict_grad_norm_uncapped_adam40k_5090/best.pt
Saved PyTorch checkpoint to results/checkpoints/strict_grad_norm_uncapped_adam40k_5090/best.pt
Saved PyTorch checkpoint to results/checkpoints/strict_grad_norm_uncapped_adam40k_5090/best.pt
Saved PyTorch checkpoint to results/checkpoints/strict_grad_norm_uncapped_adam40k_5090/best.pt
Saved PyTorch checkpoint to results/checkpoints/strict_grad_norm_uncapped_adam40k_5090/best.pt
Saved PyTorch checkpoint to results/checkpoints/strict_grad_norm_uncapped_adam40k_5090/best.pt
Saved PyTorch checkpoint to results/checkpoints/strict_grad_norm_uncapped_adam40k_5090/best.pt
Saved PyTorch checkpoint to results/checkpoints/strict_grad_norm_uncapped_adam40k_5090/best.pt
Saved PyTorch checkpoint to results/checkpoints/strict_grad_norm_uncapped_adam40k_5090/best.pt
Saved PyTorch checkpoint to results/checkpoints/strict_grad_norm_uncapped_adam40k_5090/best.pt
Saved PyTorch checkpoint to results/checkpoints/strict_grad_norm_uncapped_adam40k_5090/best.pt
Saved PyTorch checkpoint to results/checkpoints/strict_grad_norm_uncapped_adam40k_5090/best.pt
Saved PyTorch checkpoint to results/checkpoints/strict_grad_norm_uncapped_adam40k_5090/best.pt
Saved PyTorch checkpoint to results/checkpoints/strict_grad_norm_uncapped_adam40k_5090/best.pt
Saved PyTorch checkpoint to results/checkpoints/strict_grad_norm_uncapped_adam40k_5090/best.pt
Saved PyTorch checkpoint to results/checkpoints/strict_grad_norm_uncapped_adam40k_5090/best.pt
Saved PyTorch checkpoint to results/checkpoints/strict_grad_norm_uncapped_adam40k_5090/best.pt
Saved PyTorch checkpoint to results/checkpoints/strict_grad_norm_uncapped_adam40k_5090/best.pt
Saved PyTorch checkpoint to results/checkpoints/strict_grad_norm_uncapped_adam40k_5090/best.pt
Saved PyTorch checkpoint to results/checkpoints/strict_grad_norm_uncapped_adam40k_5090/best.pt
Saved PyTorch checkpoint to results/checkpoints/strict_grad_norm_uncapped_adam40k_5090/best.pt
Saved PyTorch checkpoint to results/checkpoints/strict_grad_norm_uncapped_adam40k_5090/best.pt
Saved PyTorch checkpoint to results/checkpoints/strict_grad_norm_uncapped_adam40k_5090/best.pt
Saved PyTorch checkpoint to results/checkpoints/strict_grad_norm_uncapped_adam40k_5090/best.pt
Saved PyTorch checkpoint to results/checkpoints/strict_grad_norm_uncapped_adam40k_5090/best.pt
Saved PyTorch checkpoint to results/checkpoints/strict_grad_norm_uncapped_adam40k_5090/best.pt
Saved PyTorch checkpoint to results/checkpoints/strict_grad_norm_uncapped_adam40k_5090/best.pt
Saved PyTorch checkpoint to results/checkpoints/strict_grad_norm_uncapped_adam40k_5090/best.pt
Saved PyTorch checkpoint to results/checkpoints/strict_grad_norm_uncapped_adam40k_5090/best.pt
Saved PyTorch checkpoint to results/checkpoints/strict_grad_norm_uncapped_adam40k_5090/best.pt
Saved PyTorch checkpoint to results/checkpoints/strict_grad_norm_uncapped_adam40k_5090/best.pt
Saved PyTorch checkpoint to results/checkpoints/strict_grad_norm_uncapped_adam40k_5090/best.pt
Saved PyTorch checkpoint to results/checkpoints/strict_grad_norm_uncapped_adam40k_5090/best.pt
Saved PyTorch checkpoint to results/checkpoints/strict_grad_norm_uncapped_adam40k_5090/best.pt
Saved PyTorch checkpoint to results/checkpoints/strict_grad_norm_uncapped_adam40k_5090/best.pt
Saved PyTorch checkpoint to results/checkpoints/strict_grad_norm_uncapped_adam40k_5090/best.pt
Saved PyTorch checkpoint to results/checkpoints/strict_grad_norm_uncapped_adam40k_5090/best.pt
Saved PyTorch checkpoint to results/checkpoints/strict_grad_norm_uncapped_adam40k_5090/best.pt
Saved PyTorch checkpoint to results/checkpoints/strict_grad_norm_uncapped_adam40k_5090/best.pt
Saved PyTorch checkpoint to results/checkpoints/strict_grad_norm_uncapped_adam40k_5090/best.pt
Saved PyTorch checkpoint to results/checkpoints/strict_grad_norm_uncapped_adam40k_5090/best.pt
Saved PyTorch checkpoint to results/checkpoints/strict_grad_norm_uncapped_adam40k_5090/best.pt
Saved PyTorch checkpoint to results/checkpoints/strict_grad_norm_uncapped_adam40k_5090/best.pt
Saved PyTorch checkpoint to results/checkpoints/strict_grad_norm_uncapped_adam40k_5090/best.pt
Adam 23000 | total=3.511e-03 f=2.650e-06 ic=3.330e-08 wall=2.235e-06 inlet=1.960e-01 outlet=8.135e-11 lr=5.000e-04 | λ[f=1.00 ic=201.81 wall=4.86 inlet=0.02 outlet=12841.08]
Saved PyTorch checkpoint to results/checkpoints/strict_grad_norm_uncapped_adam40k_5090/best.pt
Saved PyTorch checkpoint to results/checkpoints/strict_grad_norm_uncapped_adam40k_5090/best.pt
Saved PyTorch checkpoint to results/checkpoints/strict_grad_norm_uncapped_adam40k_5090/best.pt
Saved PyTorch checkpoint to results/checkpoints/strict_grad_norm_uncapped_adam40k_5090/best.pt
Saved PyTorch checkpoint to results/checkpoints/strict_grad_norm_uncapped_adam40k_5090/best.pt
Saved PyTorch checkpoint to results/checkpoints/strict_grad_norm_uncapped_adam40k_5090/best.pt
Saved PyTorch checkpoint to results/checkpoints/strict_grad_norm_uncapped_adam40k_5090/best.pt
Saved PyTorch checkpoint to results/checkpoints/strict_grad_norm_uncapped_adam40k_5090/best.pt
Saved PyTorch checkpoint to results/checkpoints/strict_grad_norm_uncapped_adam40k_5090/best.pt
Saved PyTorch checkpoint to results/checkpoints/strict_grad_norm_uncapped_adam40k_5090/best.pt
Saved PyTorch checkpoint to results/checkpoints/strict_grad_norm_uncapped_adam40k_5090/best.pt
Saved PyTorch checkpoint to results/checkpoints/strict_grad_norm_uncapped_adam40k_5090/best.pt
Saved PyTorch checkpoint to results/checkpoints/strict_grad_norm_uncapped_adam40k_5090/best.pt
Saved PyTorch checkpoint to results/checkpoints/strict_grad_norm_uncapped_adam40k_5090/best.pt
Saved PyTorch checkpoint to results/checkpoints/strict_grad_norm_uncapped_adam40k_5090/best.pt
Saved PyTorch checkpoint to results/checkpoints/strict_grad_norm_uncapped_adam40k_5090/best.pt
Saved PyTorch checkpoint to results/checkpoints/strict_grad_norm_uncapped_adam40k_5090/best.pt
Saved PyTorch checkpoint to results/checkpoints/strict_grad_norm_uncapped_adam40k_5090/best.pt
Saved PyTorch checkpoint to results/checkpoints/strict_grad_norm_uncapped_adam40k_5090/best.pt
Saved PyTorch checkpoint to results/checkpoints/strict_grad_norm_uncapped_adam40k_5090/best.pt
Saved PyTorch checkpoint to results/checkpoints/strict_grad_norm_uncapped_adam40k_5090/best.pt
Saved PyTorch checkpoint to results/checkpoints/strict_grad_norm_uncapped_adam40k_5090/best.pt
Saved PyTorch checkpoint to results/checkpoints/strict_grad_norm_uncapped_adam40k_5090/best.pt
Saved PyTorch checkpoint to results/checkpoints/strict_grad_norm_uncapped_adam40k_5090/best.pt
Saved PyTorch checkpoint to results/checkpoints/strict_grad_norm_uncapped_adam40k_5090/best.pt
Saved PyTorch checkpoint to results/checkpoints/strict_grad_norm_uncapped_adam40k_5090/best.pt
Saved PyTorch checkpoint to results/checkpoints/strict_grad_norm_uncapped_adam40k_5090/best.pt
Saved PyTorch checkpoint to results/checkpoints/strict_grad_norm_uncapped_adam40k_5090/best.pt
Saved PyTorch checkpoint to results/checkpoints/strict_grad_norm_uncapped_adam40k_5090/best.pt
Saved PyTorch checkpoint to results/checkpoints/strict_grad_norm_uncapped_adam40k_5090/best.pt
Saved PyTorch checkpoint to results/checkpoints/strict_grad_norm_uncapped_adam40k_5090/best.pt
Saved PyTorch checkpoint to results/checkpoints/strict_grad_norm_uncapped_adam40k_5090/best.pt
Saved PyTorch checkpoint to results/checkpoints/strict_grad_norm_uncapped_adam40k_5090/best.pt
Saved PyTorch checkpoint to results/checkpoints/strict_grad_norm_uncapped_adam40k_5090/best.pt
Saved PyTorch checkpoint to results/checkpoints/strict_grad_norm_uncapped_adam40k_5090/best.pt
Saved PyTorch checkpoint to results/checkpoints/strict_grad_norm_uncapped_adam40k_5090/best.pt
Saved PyTorch checkpoint to results/checkpoints/strict_grad_norm_uncapped_adam40k_5090/best.pt
Saved PyTorch checkpoint to results/checkpoints/strict_grad_norm_uncapped_adam40k_5090/best.pt
Saved PyTorch checkpoint to results/checkpoints/strict_grad_norm_uncapped_adam40k_5090/best.pt
Saved PyTorch checkpoint to results/checkpoints/strict_grad_norm_uncapped_adam40k_5090/best.pt
Saved PyTorch checkpoint to results/checkpoints/strict_grad_norm_uncapped_adam40k_5090/best.pt
Saved PyTorch checkpoint to results/checkpoints/strict_grad_norm_uncapped_adam40k_5090/best.pt
Saved PyTorch checkpoint to results/checkpoints/strict_grad_norm_uncapped_adam40k_5090/best.pt
Saved PyTorch checkpoint to results/checkpoints/strict_grad_norm_uncapped_adam40k_5090/best.pt
Saved PyTorch checkpoint to results/checkpoints/strict_grad_norm_uncapped_adam40k_5090/best.pt
Saved PyTorch checkpoint to results/checkpoints/strict_grad_norm_uncapped_adam40k_5090/best.pt
Saved PyTorch checkpoint to results/checkpoints/strict_grad_norm_uncapped_adam40k_5090/best.pt
Saved PyTorch checkpoint to results/checkpoints/strict_grad_norm_uncapped_adam40k_5090/best.pt
Saved PyTorch checkpoint to results/checkpoints/strict_grad_norm_uncapped_adam40k_5090/best.pt
Saved PyTorch checkpoint to results/checkpoints/strict_grad_norm_uncapped_adam40k_5090/best.pt
Saved PyTorch checkpoint to results/checkpoints/strict_grad_norm_uncapped_adam40k_5090/best.pt
Saved PyTorch checkpoint to results/checkpoints/strict_grad_norm_uncapped_adam40k_5090/best.pt
Saved PyTorch checkpoint to results/checkpoints/strict_grad_norm_uncapped_adam40k_5090/best.pt
Saved PyTorch checkpoint to results/checkpoints/strict_grad_norm_uncapped_adam40k_5090/best.pt
Saved PyTorch checkpoint to results/checkpoints/strict_grad_norm_uncapped_adam40k_5090/best.pt
Saved PyTorch checkpoint to results/checkpoints/strict_grad_norm_uncapped_adam40k_5090/best.pt
Saved PyTorch checkpoint to results/checkpoints/strict_grad_norm_uncapped_adam40k_5090/best.pt
Saved PyTorch checkpoint to results/checkpoints/strict_grad_norm_uncapped_adam40k_5090/best.pt
Saved PyTorch checkpoint to results/checkpoints/strict_grad_norm_uncapped_adam40k_5090/best.pt
Saved PyTorch checkpoint to results/checkpoints/strict_grad_norm_uncapped_adam40k_5090/best.pt
Saved PyTorch checkpoint to results/checkpoints/strict_grad_norm_uncapped_adam40k_5090/best.pt
Saved PyTorch checkpoint to results/checkpoints/strict_grad_norm_uncapped_adam40k_5090/best.pt
Saved PyTorch checkpoint to results/checkpoints/strict_grad_norm_uncapped_adam40k_5090/best.pt
Saved PyTorch checkpoint to results/checkpoints/strict_grad_norm_uncapped_adam40k_5090/best.pt
Saved PyTorch checkpoint to results/checkpoints/strict_grad_norm_uncapped_adam40k_5090/best.pt
Saved PyTorch checkpoint to results/checkpoints/strict_grad_norm_uncapped_adam40k_5090/best.pt
Saved PyTorch checkpoint to results/checkpoints/strict_grad_norm_uncapped_adam40k_5090/best.pt
Saved PyTorch checkpoint to results/checkpoints/strict_grad_norm_uncapped_adam40k_5090/best.pt
Saved PyTorch checkpoint to results/checkpoints/strict_grad_norm_uncapped_adam40k_5090/best.pt
Saved PyTorch checkpoint to results/checkpoints/strict_grad_norm_uncapped_adam40k_5090/best.pt
Saved PyTorch checkpoint to results/checkpoints/strict_grad_norm_uncapped_adam40k_5090/best.pt
Saved PyTorch checkpoint to results/checkpoints/strict_grad_norm_uncapped_adam40k_5090/best.pt
Saved PyTorch checkpoint to results/checkpoints/strict_grad_norm_uncapped_adam40k_5090/best.pt
Saved PyTorch checkpoint to results/checkpoints/strict_grad_norm_uncapped_adam40k_5090/best.pt
Saved PyTorch checkpoint to results/checkpoints/strict_grad_norm_uncapped_adam40k_5090/best.pt
Saved PyTorch checkpoint to results/checkpoints/strict_grad_norm_uncapped_adam40k_5090/best.pt
Saved PyTorch checkpoint to results/checkpoints/strict_grad_norm_uncapped_adam40k_5090/best.pt
Saved PyTorch checkpoint to results/checkpoints/strict_grad_norm_uncapped_adam40k_5090/best.pt
Saved PyTorch checkpoint to results/checkpoints/strict_grad_norm_uncapped_adam40k_5090/best.pt
Saved PyTorch checkpoint to results/checkpoints/strict_grad_norm_uncapped_adam40k_5090/best.pt
Saved PyTorch checkpoint to results/checkpoints/strict_grad_norm_uncapped_adam40k_5090/best.pt
Saved PyTorch checkpoint to results/checkpoints/strict_grad_norm_uncapped_adam40k_5090/best.pt
Saved PyTorch checkpoint to results/checkpoints/strict_grad_norm_uncapped_adam40k_5090/best.pt
Saved PyTorch checkpoint to results/checkpoints/strict_grad_norm_uncapped_adam40k_5090/best.pt
Saved PyTorch checkpoint to results/checkpoints/strict_grad_norm_uncapped_adam40k_5090/best.pt
Saved PyTorch checkpoint to results/checkpoints/strict_grad_norm_uncapped_adam40k_5090/best.pt
Saved PyTorch checkpoint to results/checkpoints/strict_grad_norm_uncapped_adam40k_5090/best.pt
Saved PyTorch checkpoint to results/checkpoints/strict_grad_norm_uncapped_adam40k_5090/best.pt
Saved PyTorch checkpoint to results/checkpoints/strict_grad_norm_uncapped_adam40k_5090/best.pt
Saved PyTorch checkpoint to results/checkpoints/strict_grad_norm_uncapped_adam40k_5090/best.pt
Saved PyTorch checkpoint to results/checkpoints/strict_grad_norm_uncapped_adam40k_5090/best.pt
Saved PyTorch checkpoint to results/checkpoints/strict_grad_norm_uncapped_adam40k_5090/best.pt
Saved PyTorch checkpoint to results/checkpoints/strict_grad_norm_uncapped_adam40k_5090/best.pt
Saved PyTorch checkpoint to results/checkpoints/strict_grad_norm_uncapped_adam40k_5090/best.pt
Saved PyTorch checkpoint to results/checkpoints/strict_grad_norm_uncapped_adam40k_5090/best.pt
Saved PyTorch checkpoint to results/checkpoints/strict_grad_norm_uncapped_adam40k_5090/best.pt
Saved PyTorch checkpoint to results/checkpoints/strict_grad_norm_uncapped_adam40k_5090/best.pt
Saved PyTorch checkpoint to results/checkpoints/strict_grad_norm_uncapped_adam40k_5090/best.pt
Saved PyTorch checkpoint to results/checkpoints/strict_grad_norm_uncapped_adam40k_5090/best.pt
Saved PyTorch checkpoint to results/checkpoints/strict_grad_norm_uncapped_adam40k_5090/best.pt
Adam 23100 | total=3.370e-03 f=2.589e-06 ic=3.297e-08 wall=2.232e-06 inlet=1.960e-01 outlet=7.623e-11 lr=5.000e-04 | λ[f=1.00 ic=195.35 wall=4.66 inlet=0.02 outlet=16945.04]
Saved PyTorch checkpoint to results/checkpoints/strict_grad_norm_uncapped_adam40k_5090/best.pt
Saved PyTorch checkpoint to results/checkpoints/strict_grad_norm_uncapped_adam40k_5090/best.pt
Saved PyTorch checkpoint to results/checkpoints/strict_grad_norm_uncapped_adam40k_5090/best.pt
Saved PyTorch checkpoint to results/checkpoints/strict_grad_norm_uncapped_adam40k_5090/best.pt
Saved PyTorch checkpoint to results/checkpoints/strict_grad_norm_uncapped_adam40k_5090/best.pt
Saved PyTorch checkpoint to results/checkpoints/strict_grad_norm_uncapped_adam40k_5090/best.pt
Saved PyTorch checkpoint to results/checkpoints/strict_grad_norm_uncapped_adam40k_5090/best.pt
Saved PyTorch checkpoint to results/checkpoints/strict_grad_norm_uncapped_adam40k_5090/best.pt
Saved PyTorch checkpoint to results/checkpoints/strict_grad_norm_uncapped_adam40k_5090/best.pt
Saved PyTorch checkpoint to results/checkpoints/strict_grad_norm_uncapped_adam40k_5090/best.pt
Saved PyTorch checkpoint to results/checkpoints/strict_grad_norm_uncapped_adam40k_5090/best.pt
Saved PyTorch checkpoint to results/checkpoints/strict_grad_norm_uncapped_adam40k_5090/best.pt
Saved PyTorch checkpoint to results/checkpoints/strict_grad_norm_uncapped_adam40k_5090/best.pt
Saved PyTorch checkpoint to results/checkpoints/strict_grad_norm_uncapped_adam40k_5090/best.pt
Saved PyTorch checkpoint to results/checkpoints/strict_grad_norm_uncapped_adam40k_5090/best.pt
Saved PyTorch checkpoint to results/checkpoints/strict_grad_norm_uncapped_adam40k_5090/best.pt
Saved PyTorch checkpoint to results/checkpoints/strict_grad_norm_uncapped_adam40k_5090/best.pt
Saved PyTorch checkpoint to results/checkpoints/strict_grad_norm_uncapped_adam40k_5090/best.pt
Saved PyTorch checkpoint to results/checkpoints/strict_grad_norm_uncapped_adam40k_5090/best.pt
Saved PyTorch checkpoint to results/checkpoints/strict_grad_norm_uncapped_adam40k_5090/best.pt
Saved PyTorch checkpoint to results/checkpoints/strict_grad_norm_uncapped_adam40k_5090/best.pt
Saved PyTorch checkpoint to results/checkpoints/strict_grad_norm_uncapped_adam40k_5090/best.pt
Saved PyTorch checkpoint to results/checkpoints/strict_grad_norm_uncapped_adam40k_5090/best.pt
Saved PyTorch checkpoint to results/checkpoints/strict_grad_norm_uncapped_adam40k_5090/best.pt
Saved PyTorch checkpoint to results/checkpoints/strict_grad_norm_uncapped_adam40k_5090/best.pt
Saved PyTorch checkpoint to results/checkpoints/strict_grad_norm_uncapped_adam40k_5090/best.pt
Saved PyTorch checkpoint to results/checkpoints/strict_grad_norm_uncapped_adam40k_5090/best.pt
Saved PyTorch checkpoint to results/checkpoints/strict_grad_norm_uncapped_adam40k_5090/best.pt
Saved PyTorch checkpoint to results/checkpoints/strict_grad_norm_uncapped_adam40k_5090/best.pt
Saved PyTorch checkpoint to results/checkpoints/strict_grad_norm_uncapped_adam40k_5090/best.pt
Saved PyTorch checkpoint to results/checkpoints/strict_grad_norm_uncapped_adam40k_5090/best.pt
Saved PyTorch checkpoint to results/checkpoints/strict_grad_norm_uncapped_adam40k_5090/best.pt
Saved PyTorch checkpoint to results/checkpoints/strict_grad_norm_uncapped_adam40k_5090/best.pt
Saved PyTorch checkpoint to results/checkpoints/strict_grad_norm_uncapped_adam40k_5090/best.pt
Saved PyTorch checkpoint to results/checkpoints/strict_grad_norm_uncapped_adam40k_5090/best.pt
Saved PyTorch checkpoint to results/checkpoints/strict_grad_norm_uncapped_adam40k_5090/best.pt
Saved PyTorch checkpoint to results/checkpoints/strict_grad_norm_uncapped_adam40k_5090/best.pt
Saved PyTorch checkpoint to results/checkpoints/strict_grad_norm_uncapped_adam40k_5090/best.pt
Saved PyTorch checkpoint to results/checkpoints/strict_grad_norm_uncapped_adam40k_5090/best.pt
Saved PyTorch checkpoint to results/checkpoints/strict_grad_norm_uncapped_adam40k_5090/best.pt
Saved PyTorch checkpoint to results/checkpoints/strict_grad_norm_uncapped_adam40k_5090/best.pt
Saved PyTorch checkpoint to results/checkpoints/strict_grad_norm_uncapped_adam40k_5090/best.pt
Saved PyTorch checkpoint to results/checkpoints/strict_grad_norm_uncapped_adam40k_5090/best.pt
Saved PyTorch checkpoint to results/checkpoints/strict_grad_norm_uncapped_adam40k_5090/best.pt
Saved PyTorch checkpoint to results/checkpoints/strict_grad_norm_uncapped_adam40k_5090/best.pt
Saved PyTorch checkpoint to results/checkpoints/strict_grad_norm_uncapped_adam40k_5090/best.pt
Saved PyTorch checkpoint to results/checkpoints/strict_grad_norm_uncapped_adam40k_5090/best.pt
Saved PyTorch checkpoint to results/checkpoints/strict_grad_norm_uncapped_adam40k_5090/best.pt
Saved PyTorch checkpoint to results/checkpoints/strict_grad_norm_uncapped_adam40k_5090/best.pt
Saved PyTorch checkpoint to results/checkpoints/strict_grad_norm_uncapped_adam40k_5090/best.pt
Adam 23200 | total=3.369e-03 f=2.534e-06 ic=3.271e-08 wall=2.228e-06 inlet=1.960e-01 outlet=7.025e-11 lr=5.000e-04 | λ[f=1.00 ic=197.92 wall=4.67 inlet=0.02 outlet=20989.99]
Saved PyTorch checkpoint to results/checkpoints/strict_grad_norm_uncapped_adam40k_5090/best.pt
Saved PyTorch checkpoint to results/checkpoints/strict_grad_norm_uncapped_adam40k_5090/best.pt
Saved PyTorch checkpoint to results/checkpoints/strict_grad_norm_uncapped_adam40k_5090/best.pt
Saved PyTorch checkpoint to results/checkpoints/strict_grad_norm_uncapped_adam40k_5090/best.pt
Saved PyTorch checkpoint to results/checkpoints/strict_grad_norm_uncapped_adam40k_5090/best.pt
Saved PyTorch checkpoint to results/checkpoints/strict_grad_norm_uncapped_adam40k_5090/best.pt
Saved PyTorch checkpoint to results/checkpoints/strict_grad_norm_uncapped_adam40k_5090/best.pt
Saved PyTorch checkpoint to results/checkpoints/strict_grad_norm_uncapped_adam40k_5090/best.pt
Saved PyTorch checkpoint to results/checkpoints/strict_grad_norm_uncapped_adam40k_5090/best.pt
Saved PyTorch checkpoint to results/checkpoints/strict_grad_norm_uncapped_adam40k_5090/best.pt
Saved PyTorch checkpoint to results/checkpoints/strict_grad_norm_uncapped_adam40k_5090/best.pt
Saved PyTorch checkpoint to results/checkpoints/strict_grad_norm_uncapped_adam40k_5090/best.pt
Saved PyTorch checkpoint to results/checkpoints/strict_grad_norm_uncapped_adam40k_5090/best.pt
Saved PyTorch checkpoint to results/checkpoints/strict_grad_norm_uncapped_adam40k_5090/best.pt
Saved PyTorch checkpoint to results/checkpoints/strict_grad_norm_uncapped_adam40k_5090/best.pt
Saved PyTorch checkpoint to results/checkpoints/strict_grad_norm_uncapped_adam40k_5090/best.pt
Saved PyTorch checkpoint to results/checkpoints/strict_grad_norm_uncapped_adam40k_5090/best.pt
Saved PyTorch checkpoint to results/checkpoints/strict_grad_norm_uncapped_adam40k_5090/best.pt
Saved PyTorch checkpoint to results/checkpoints/strict_grad_norm_uncapped_adam40k_5090/best.pt
Saved PyTorch checkpoint to results/checkpoints/strict_grad_norm_uncapped_adam40k_5090/best.pt
Saved PyTorch checkpoint to results/checkpoints/strict_grad_norm_uncapped_adam40k_5090/best.pt
Saved PyTorch checkpoint to results/checkpoints/strict_grad_norm_uncapped_adam40k_5090/best.pt
Saved PyTorch checkpoint to results/checkpoints/strict_grad_norm_uncapped_adam40k_5090/best.pt
Saved PyTorch checkpoint to results/checkpoints/strict_grad_norm_uncapped_adam40k_5090/best.pt
Saved PyTorch checkpoint to results/checkpoints/strict_grad_norm_uncapped_adam40k_5090/best.pt
Saved PyTorch checkpoint to results/checkpoints/strict_grad_norm_uncapped_adam40k_5090/best.pt
Saved PyTorch checkpoint to results/checkpoints/strict_grad_norm_uncapped_adam40k_5090/best.pt
Saved PyTorch checkpoint to results/checkpoints/strict_grad_norm_uncapped_adam40k_5090/best.pt
Saved PyTorch checkpoint to results/checkpoints/strict_grad_norm_uncapped_adam40k_5090/best.pt
Saved PyTorch checkpoint to results/checkpoints/strict_grad_norm_uncapped_adam40k_5090/best.pt
Saved PyTorch checkpoint to results/checkpoints/strict_grad_norm_uncapped_adam40k_5090/best.pt
Saved PyTorch checkpoint to results/checkpoints/strict_grad_norm_uncapped_adam40k_5090/best.pt
Saved PyTorch checkpoint to results/checkpoints/strict_grad_norm_uncapped_adam40k_5090/best.pt
Saved PyTorch checkpoint to results/checkpoints/strict_grad_norm_uncapped_adam40k_5090/best.pt
Saved PyTorch checkpoint to results/checkpoints/strict_grad_norm_uncapped_adam40k_5090/best.pt
Saved PyTorch checkpoint to results/checkpoints/strict_grad_norm_uncapped_adam40k_5090/best.pt
Saved PyTorch checkpoint to results/checkpoints/strict_grad_norm_uncapped_adam40k_5090/best.pt
Saved PyTorch checkpoint to results/checkpoints/strict_grad_norm_uncapped_adam40k_5090/best.pt
Saved PyTorch checkpoint to results/checkpoints/strict_grad_norm_uncapped_adam40k_5090/best.pt
Saved PyTorch checkpoint to results/checkpoints/strict_grad_norm_uncapped_adam40k_5090/best.pt
Saved PyTorch checkpoint to results/checkpoints/strict_grad_norm_uncapped_adam40k_5090/best.pt
Saved PyTorch checkpoint to results/checkpoints/strict_grad_norm_uncapped_adam40k_5090/best.pt
Saved PyTorch checkpoint to results/checkpoints/strict_grad_norm_uncapped_adam40k_5090/best.pt
Saved PyTorch checkpoint to results/checkpoints/strict_grad_norm_uncapped_adam40k_5090/best.pt
Saved PyTorch checkpoint to results/checkpoints/strict_grad_norm_uncapped_adam40k_5090/best.pt
Saved PyTorch checkpoint to results/checkpoints/strict_grad_norm_uncapped_adam40k_5090/best.pt
Saved PyTorch checkpoint to results/checkpoints/strict_grad_norm_uncapped_adam40k_5090/best.pt
Saved PyTorch checkpoint to results/checkpoints/strict_grad_norm_uncapped_adam40k_5090/best.pt
Saved PyTorch checkpoint to results/checkpoints/strict_grad_norm_uncapped_adam40k_5090/best.pt
Saved PyTorch checkpoint to results/checkpoints/strict_grad_norm_uncapped_adam40k_5090/best.pt
Saved PyTorch checkpoint to results/checkpoints/strict_grad_norm_uncapped_adam40k_5090/best.pt
Saved PyTorch checkpoint to results/checkpoints/strict_grad_norm_uncapped_adam40k_5090/best.pt
Saved PyTorch checkpoint to results/checkpoints/strict_grad_norm_uncapped_adam40k_5090/best.pt
Saved PyTorch checkpoint to results/checkpoints/strict_grad_norm_uncapped_adam40k_5090/best.pt
Saved PyTorch checkpoint to results/checkpoints/strict_grad_norm_uncapped_adam40k_5090/best.pt
Saved PyTorch checkpoint to results/checkpoints/strict_grad_norm_uncapped_adam40k_5090/best.pt
Saved PyTorch checkpoint to results/checkpoints/strict_grad_norm_uncapped_adam40k_5090/best.pt
Saved PyTorch checkpoint to results/checkpoints/strict_grad_norm_uncapped_adam40k_5090/best.pt
Saved PyTorch checkpoint to results/checkpoints/strict_grad_norm_uncapped_adam40k_5090/best.pt
Adam 23300 | total=3.323e-03 f=2.483e-06 ic=3.168e-08 wall=2.224e-06 inlet=1.960e-01 outlet=7.346e-11 lr=5.000e-04 | λ[f=1.00 ic=197.31 wall=4.60 inlet=0.02 outlet=12432.23]
Adam 23400 | total=3.342e-03 f=2.436e-06 ic=3.124e-08 wall=2.219e-06 inlet=1.960e-01 outlet=6.937e-11 lr=5.000e-04 | λ[f=1.00 ic=203.07 wall=4.63 inlet=0.02 outlet=15880.81]
Adam 23500 | total=3.363e-03 f=2.392e-06 ic=3.087e-08 wall=2.214e-06 inlet=1.960e-01 outlet=6.444e-11 lr=5.000e-04 | λ[f=1.00 ic=207.76 wall=4.67 inlet=0.02 outlet=20847.50]
Adam 23600 | total=3.399e-03 f=2.356e-06 ic=2.818e-08 wall=2.220e-06 inlet=1.960e-01 outlet=1.084e-10 lr=5.000e-04 | λ[f=1.00 ic=223.85 wall=4.71 inlet=0.02 outlet=7141.20]
Adam 23700 | total=3.342e-03 f=2.314e-06 ic=2.822e-08 wall=2.213e-06 inlet=1.960e-01 outlet=8.077e-11 lr=5.000e-04 | λ[f=1.00 ic=221.74 wall=4.63 inlet=0.02 outlet=10953.93]
Adam 23800 | total=3.346e-03 f=2.277e-06 ic=2.790e-08 wall=2.207e-06 inlet=1.960e-01 outlet=7.102e-11 lr=5.000e-04 | λ[f=1.00 ic=223.10 wall=4.64 inlet=0.02 outlet=13804.96]
Adam 23900 | total=3.377e-03 f=2.243e-06 ic=2.757e-08 wall=2.202e-06 inlet=1.960e-01 outlet=6.313e-11 lr=5.000e-04 | λ[f=1.00 ic=229.28 wall=4.69 inlet=0.02 outlet=17642.05]
Adam 24000 | total=3.364e-03 f=2.210e-06 ic=2.630e-08 wall=2.196e-06 inlet=1.960e-01 outlet=7.292e-11 lr=5.000e-04 | λ[f=1.00 ic=237.89 wall=4.67 inlet=0.02 outlet=9288.00]
Adam 24100 | total=3.390e-03 f=2.179e-06 ic=2.575e-08 wall=2.190e-06 inlet=1.960e-01 outlet=6.837e-11 lr=5.000e-04 | λ[f=1.00 ic=241.44 wall=4.71 inlet=0.02 outlet=12386.09]
Adam 24200 | total=3.432e-03 f=2.149e-06 ic=2.538e-08 wall=2.185e-06 inlet=1.960e-01 outlet=6.055e-11 lr=5.000e-04 | λ[f=1.00 ic=250.86 wall=4.77 inlet=0.02 outlet=12053.97]
Saved PyTorch checkpoint to results/checkpoints/strict_grad_norm_uncapped_adam40k_5090/best.pt
Saved PyTorch checkpoint to results/checkpoints/strict_grad_norm_uncapped_adam40k_5090/best.pt
Saved PyTorch checkpoint to results/checkpoints/strict_grad_norm_uncapped_adam40k_5090/best.pt
Saved PyTorch checkpoint to results/checkpoints/strict_grad_norm_uncapped_adam40k_5090/best.pt
Saved PyTorch checkpoint to results/checkpoints/strict_grad_norm_uncapped_adam40k_5090/best.pt
Saved PyTorch checkpoint to results/checkpoints/strict_grad_norm_uncapped_adam40k_5090/best.pt
Saved PyTorch checkpoint to results/checkpoints/strict_grad_norm_uncapped_adam40k_5090/best.pt
Saved PyTorch checkpoint to results/checkpoints/strict_grad_norm_uncapped_adam40k_5090/best.pt
Saved PyTorch checkpoint to results/checkpoints/strict_grad_norm_uncapped_adam40k_5090/best.pt
Saved PyTorch checkpoint to results/checkpoints/strict_grad_norm_uncapped_adam40k_5090/best.pt
Adam 24300 | total=3.363e-03 f=2.123e-06 ic=2.035e-08 wall=2.182e-06 inlet=1.960e-01 outlet=3.175e-10 lr=5.000e-04 | λ[f=1.00 ic=361.06 wall=4.66 inlet=0.02 outlet=1895.82]
Adam 24400 | total=3.654e-03 f=2.091e-06 ic=1.904e-08 wall=2.162e-06 inlet=1.960e-01 outlet=2.675e-10 lr=5.000e-04 | λ[f=1.00 ic=354.98 wall=5.07 inlet=0.02 outlet=2829.25]
Adam 24500 | total=3.887e-03 f=2.063e-06 ic=1.850e-08 wall=2.153e-06 inlet=1.960e-01 outlet=2.264e-10 lr=5.000e-04 | λ[f=1.00 ic=374.54 wall=5.41 inlet=0.02 outlet=4004.80]
Adam 24600 | total=4.243e-03 f=2.037e-06 ic=1.811e-08 wall=2.149e-06 inlet=1.960e-01 outlet=1.940e-10 lr=5.000e-04 | λ[f=1.00 ic=405.54 wall=5.91 inlet=0.02 outlet=5945.80]
Adam 24700 | total=4.654e-03 f=2.014e-06 ic=1.785e-08 wall=2.151e-06 inlet=1.960e-01 outlet=1.550e-10 lr=5.000e-04 | λ[f=1.00 ic=448.13 wall=6.48 inlet=0.02 outlet=7885.73]
Adam 24800 | total=5.130e-03 f=1.993e-06 ic=1.762e-08 wall=2.158e-06 inlet=1.960e-01 outlet=1.152e-10 lr=5.000e-04 | λ[f=1.00 ic=501.27 wall=7.13 inlet=0.03 outlet=10512.71]
Adam 24900 | total=5.859e-03 f=1.976e-06 ic=1.602e-08 wall=2.166e-06 inlet=1.960e-01 outlet=1.416e-10 lr=5.000e-04 | λ[f=1.00 ic=635.39 wall=8.11 inlet=0.03 outlet=8530.57]
Adam 25000 | total=6.185e-01 f=1.806e-03 ic=4.429e-04 wall=4.637e-04 inlet=1.836e-01 outlet=1.401e-05 lr=5.000e-04 | λ[f=1.00 ic=82.05 wall=88.78 inlet=2.78 outlet=2043.81]
Adam 25100 | total=1.794e-02 f=5.478e-05 ic=1.867e-06 wall=1.646e-06 inlet=1.968e-01 outlet=1.769e-08 lr=5.000e-04 | λ[f=1.00 ic=292.01 wall=113.45 inlet=0.09 outlet=6469.31]
Adam 25200 | total=3.250e-02 f=4.539e-05 ic=1.026e-06 wall=3.653e-06 inlet=1.952e-01 outlet=7.968e-08 lr=5.000e-04 | λ[f=1.00 ic=159.48 wall=54.29 inlet=0.16 outlet=1387.79]
Adam 25300 | total=3.868e-01 f=4.217e-05 ic=7.756e-07 wall=2.919e-06 inlet=1.958e-01 outlet=5.929e-06 lr=5.000e-04 | λ[f=1.00 ic=3121.55 wall=557.11 inlet=1.53 outlet=13883.63]
Adam 25400 | total=1.656e-02 f=2.381e-05 ic=1.088e-07 wall=2.199e-06 inlet=1.959e-01 outlet=1.025e-09 lr=5.000e-04 | λ[f=1.00 ic=2538.04 wall=35.78 inlet=0.08 outlet=14261.94]
Adam 25500 | total=2.018e-02 f=2.113e-05 ic=7.176e-08 wall=1.817e-06 inlet=1.961e-01 outlet=1.213e-08 lr=5.000e-04 | λ[f=1.00 ic=622.47 wall=46.63 inlet=0.10 outlet=2172.87]
Adam 25600 | total=5.333e-02 f=1.949e-05 ic=6.750e-08 wall=2.020e-06 inlet=1.960e-01 outlet=1.048e-09 lr=5.000e-04 | λ[f=1.00 ic=1410.78 wall=104.31 inlet=0.27 outlet=20674.36]
Adam 25700 | total=2.082e-01 f=4.323e-04 ic=5.078e-05 wall=3.030e-05 inlet=1.917e-01 outlet=1.815e-05 lr=5.000e-04 | λ[f=1.00 ic=104.30 wall=76.41 inlet=0.98 outlet=628.77]
Adam 25800 | total=4.426e-02 f=5.081e-05 ic=4.436e-07 wall=7.459e-06 inlet=1.945e-01 outlet=1.032e-07 lr=5.000e-04 | λ[f=1.00 ic=2387.71 wall=40.13 inlet=0.22 outlet=8432.83]
Adam 25900 | total=3.633e-02 f=3.546e-05 ic=1.579e-07 wall=6.767e-06 inlet=1.948e-01 outlet=1.452e-08 lr=5.000e-04 | λ[f=1.00 ic=4870.38 wall=33.51 inlet=0.18 outlet=21954.46]
Adam 26000 | total=3.288e-02 f=2.919e-05 ic=9.609e-08 wall=6.615e-06 inlet=1.948e-01 outlet=3.430e-09 lr=5.000e-04 | λ[f=1.00 ic=3141.21 wall=31.66 inlet=0.17 outlet=14011.17]
Adam 26100 | total=3.406e-01 f=1.115e-04 ic=6.103e-07 wall=3.269e-06 inlet=1.968e-01 outlet=8.267e-08 lr=5.000e-04 | λ[f=1.00 ic=1582.59 wall=464.62 inlet=1.72 outlet=5733.50]
Adam 26200 | total=6.623e-02 f=4.400e-05 ic=7.010e-08 wall=1.623e-06 inlet=1.968e-01 outlet=1.983e-09 lr=5.000e-04 | λ[f=1.00 ic=12158.29 wall=139.39 inlet=0.33 outlet=229259.33]
Adam 26300 | total=6.043e-02 f=2.966e-05 ic=2.192e-08 wall=1.325e-06 inlet=1.970e-01 outlet=1.140e-09 lr=5.000e-04 | λ[f=1.00 ic=22274.32 wall=135.67 inlet=0.30 outlet=263841.31]
Adam 26400 | total=5.178e-02 f=2.187e-05 ic=1.981e-08 wall=1.179e-06 inlet=1.969e-01 outlet=9.098e-10 lr=5.000e-04 | λ[f=1.00 ic=9712.77 wall=122.41 inlet=0.26 outlet=239859.44]
Adam 26500 | total=1.460e-01 f=1.928e-05 ic=4.282e-08 wall=1.125e-06 inlet=1.969e-01 outlet=3.092e-09 lr=5.000e-04 | λ[f=1.00 ic=2249.97 wall=328.90 inlet=0.74 outlet=18300.27]
Adam 26600 | total=6.137e+00 f=8.037e-04 ic=1.891e-04 wall=1.697e-05 inlet=1.955e-01 outlet=7.941e-05 lr=5.000e-04 | λ[f=1.00 ic=1345.25 wall=3384.81 inlet=27.31 outlet=6125.09]
Adam 26700 | total=4.123e-02 f=3.342e-05 ic=6.037e-07 wall=2.112e-06 inlet=1.957e-01 outlet=4.089e-08 lr=5.000e-04 | λ[f=1.00 ic=916.29 wall=162.17 inlet=0.20 outlet=9922.17]
Adam 26800 | total=4.084e-02 f=2.595e-05 ic=3.053e-07 wall=1.623e-06 inlet=1.961e-01 outlet=2.912e-08 lr=5.000e-04 | λ[f=1.00 ic=2133.62 wall=113.46 inlet=0.19 outlet=61069.22]
Adam 26900 | total=5.653e-02 f=2.531e-05 ic=1.209e-07 wall=1.365e-06 inlet=1.964e-01 outlet=1.677e-08 lr=5.000e-04 | λ[f=1.00 ic=6520.63 wall=126.13 inlet=0.27 outlet=124531.90]
Adam 27000 | total=5.542e-02 f=2.236e-05 ic=3.422e-08 wall=1.073e-06 inlet=1.967e-01 outlet=9.096e-09 lr=5.000e-04 | λ[f=1.00 ic=6629.65 wall=125.60 inlet=0.28 outlet=12268.92]
Adam 27100 | total=4.760e-02 f=1.737e-05 ic=2.217e-08 wall=8.465e-07 inlet=1.969e-01 outlet=7.072e-09 lr=5.000e-04 | λ[f=1.00 ic=15188.88 wall=121.78 inlet=0.24 outlet=62320.11]
Adam 27200 | total=4.041e-02 f=1.420e-05 ic=1.974e-08 wall=7.439e-07 inlet=1.969e-01 outlet=5.163e-09 lr=5.000e-04 | λ[f=1.00 ic=7318.71 wall=113.75 inlet=0.20 outlet=73510.42]
Adam 27300 | total=3.510e-02 f=1.206e-05 ic=1.918e-08 wall=6.827e-07 inlet=1.969e-01 outlet=3.730e-09 lr=5.000e-04 | λ[f=1.00 ic=4453.25 wall=105.69 inlet=0.18 outlet=79192.45]
Adam 27400 | total=3.076e-02 f=1.046e-05 ic=1.931e-08 wall=6.390e-07 inlet=1.969e-01 outlet=2.719e-09 lr=5.000e-04 | λ[f=1.00 ic=3030.02 wall=97.83 inlet=0.15 outlet=85901.34]
Adam 27500 | total=2.713e-02 f=9.217e-06 ic=1.983e-08 wall=6.059e-07 inlet=1.969e-01 outlet=1.933e-09 lr=5.000e-04 | λ[f=1.00 ic=2178.55 wall=90.30 inlet=0.14 outlet=110343.17]
Adam 27600 | total=6.638e-02 f=8.156e-06 ic=7.462e-08 wall=5.578e-07 inlet=1.968e-01 outlet=3.340e-08 lr=5.000e-04 | λ[f=1.00 ic=651.60 wall=239.18 inlet=0.34 outlet=1135.79]
Adam 27700 | total=1.721e-02 f=7.014e-06 ic=2.442e-08 wall=5.470e-07 inlet=1.969e-01 outlet=1.399e-09 lr=5.000e-04 | λ[f=1.00 ic=1218.35 wall=65.97 inlet=0.09 outlet=39332.14]
Adam 27800 | total=1.781e-02 f=6.646e-06 ic=2.186e-08 wall=5.417e-07 inlet=1.969e-01 outlet=1.182e-09 lr=5.000e-04 | λ[f=1.00 ic=1169.27 wall=67.15 inlet=0.09 outlet=123824.14]
Adam 27900 | total=1.647e-02 f=6.178e-06 ic=2.000e-08 wall=5.314e-07 inlet=1.969e-01 outlet=1.173e-09 lr=5.000e-04 | λ[f=1.00 ic=1258.81 wall=63.05 inlet=0.08 outlet=10465.74]
Adam 28000 | total=1.516e-02 f=5.743e-06 ic=2.021e-08 wall=5.189e-07 inlet=1.969e-01 outlet=1.060e-09 lr=5.000e-04 | λ[f=1.00 ic=1028.27 wall=58.69 inlet=0.08 outlet=49543.49]
Adam 28100 | total=1.364e-02 f=5.330e-06 ic=1.991e-08 wall=5.070e-07 inlet=1.969e-01 outlet=9.568e-10 lr=5.000e-04 | λ[f=1.00 ic=923.93 wall=53.87 inlet=0.07 outlet=25999.94]
Adam 28200 | total=1.224e-02 f=4.959e-06 ic=2.003e-08 wall=4.955e-07 inlet=1.969e-01 outlet=8.703e-10 lr=5.000e-04 | λ[f=1.00 ic=771.71 wall=49.15 inlet=0.06 outlet=69028.59]
Adam 28300 | total=1.402e-01 f=4.927e-06 ic=9.410e-08 wall=4.727e-07 inlet=1.969e-01 outlet=2.449e-08 lr=5.000e-04 | λ[f=1.00 ic=1282.20 wall=600.41 inlet=0.71 outlet=3120.65]
Adam 28400 | total=9.030e-03 f=4.208e-06 ic=2.142e-08 wall=4.708e-07 inlet=1.969e-01 outlet=7.866e-10 lr=5.000e-04 | λ[f=1.00 ic=594.32 wall=40.24 inlet=0.05 outlet=8200.10]
Adam 28500 | total=9.125e-03 f=3.982e-06 ic=2.045e-08 wall=4.656e-07 inlet=1.969e-01 outlet=7.414e-10 lr=5.000e-04 | λ[f=1.00 ic=574.34 wall=40.01 inlet=0.05 outlet=40617.20]
Adam 28600 | total=8.892e-03 f=3.760e-06 ic=1.765e-08 wall=4.587e-07 inlet=1.969e-01 outlet=9.462e-10 lr=5.000e-04 | λ[f=1.00 ic=643.74 wall=39.04 inlet=0.04 outlet=3627.22]
Adam 28700 | total=8.654e-03 f=3.550e-06 ic=1.875e-08 wall=4.514e-07 inlet=1.969e-01 outlet=6.814e-10 lr=5.000e-04 | λ[f=1.00 ic=554.85 wall=38.09 inlet=0.04 outlet=16349.87]
Adam 28800 | total=8.366e-03 f=3.354e-06 ic=1.890e-08 wall=4.439e-07 inlet=1.969e-01 outlet=6.382e-10 lr=5.000e-04 | λ[f=1.00 ic=509.66 wall=36.92 inlet=0.04 outlet=130197.07]
Adam 28900 | total=1.810e-01 f=8.508e-05 ic=4.821e-06 wall=1.020e-05 inlet=1.933e-01 outlet=9.350e-08 lr=5.000e-04 | λ[f=1.00 ic=472.30 wall=341.86 inlet=0.90 outlet=4515.30]
Adam 29000 | total=9.460e-02 f=3.936e-05 ic=1.499e-06 wall=4.516e-06 inlet=1.947e-01 outlet=2.968e-08 lr=5.000e-04 | λ[f=1.00 ic=857.68 wall=143.74 inlet=0.47 outlet=26352.25]
Adam 29100 | total=9.751e-02 f=3.112e-05 ic=7.723e-07 wall=3.359e-06 inlet=1.952e-01 outlet=6.152e-09 lr=5.000e-04 | λ[f=1.00 ic=1560.22 wall=130.04 inlet=0.49 outlet=126580.87]
Adam 29200 | total=7.956e-02 f=2.147e-05 ic=4.043e-07 wall=2.424e-06 inlet=1.957e-01 outlet=3.201e-09 lr=5.000e-04 | λ[f=1.00 ic=2511.17 wall=112.19 inlet=0.40 outlet=50534.64]
Adam 29300 | total=1.199e+00 f=5.185e-05 ic=1.270e-06 wall=4.314e-06 inlet=1.946e-01 outlet=6.363e-07 lr=5.000e-04 | λ[f=1.00 ic=9040.98 wall=1833.31 inlet=6.04 outlet=7409.79]
Adam 29400 | total=4.603e-02 f=1.041e-05 ic=2.857e-07 wall=2.178e-06 inlet=1.957e-01 outlet=1.789e-09 lr=5.000e-04 | λ[f=1.00 ic=2282.43 wall=72.13 inlet=0.23 outlet=84912.45]
Adam 29500 | total=3.848e-02 f=6.781e-06 ic=9.845e-08 wall=1.645e-06 inlet=1.961e-01 outlet=2.002e-10 lr=5.000e-04 | λ[f=1.00 ic=3653.47 wall=63.28 inlet=0.19 outlet=48879.30]
Adam 29600 | total=2.389e-01 f=1.064e-05 ic=3.972e-07 wall=1.719e-06 inlet=1.958e-01 outlet=7.223e-08 lr=5.000e-04 | λ[f=1.00 ic=1640.18 wall=595.10 inlet=1.21 outlet=4705.27]
Adam 29700 | total=3.146e-02 f=5.020e-06 ic=8.126e-08 wall=1.280e-06 inlet=1.963e-01 outlet=1.151e-08 lr=5.000e-04 | λ[f=1.00 ic=2518.43 wall=59.47 inlet=0.16 outlet=38034.87]
Adam 29800 | total=2.840e-02 f=3.572e-06 ic=1.935e-08 wall=1.036e-06 inlet=1.965e-01 outlet=6.790e-09 lr=5.000e-04 | λ[f=1.00 ic=5343.43 wall=55.34 inlet=0.14 outlet=74988.53]
Adam 29900 | total=2.684e-02 f=2.954e-06 ic=4.349e-09 wall=9.127e-07 inlet=1.967e-01 outlet=3.969e-09 lr=5.000e-04 | λ[f=1.00 ic=21634.65 wall=54.11 inlet=0.13 outlet=91696.36]
Adam 30000 | total=2.969e-02 f=2.587e-06 ic=6.843e-09 wall=8.959e-07 inlet=1.967e-01 outlet=2.562e-09 lr=5.000e-04 | λ[f=1.00 ic=1292.96 wall=62.77 inlet=0.15 outlet=89686.94]
Saved PyTorch checkpoint to results/checkpoints/strict_grad_norm_uncapped_adam40k_5090/snapshot_iter30000.pt
[snapshot] iter 30000 → results/checkpoints/strict_grad_norm_uncapped_adam40k_5090/snapshot_iter30000.pt
Adam 30100 | total=3.177e-02 f=2.586e-06 ic=3.364e-09 wall=9.070e-07 inlet=1.967e-01 outlet=1.269e-09 lr=5.000e-04 | λ[f=1.00 ic=22744.68 wall=64.80 inlet=0.16 outlet=97535.16]
Adam 30200 | total=3.407e-02 f=2.495e-06 ic=3.295e-09 wall=9.117e-07 inlet=1.967e-01 outlet=8.500e-10 lr=5.000e-04 | λ[f=1.00 ic=18690.89 wall=69.52 inlet=0.17 outlet=86749.99]
Adam 30300 | total=3.567e-02 f=2.402e-06 ic=3.305e-09 wall=9.125e-07 inlet=1.967e-01 outlet=6.036e-10 lr=5.000e-04 | λ[f=1.00 ic=17356.75 wall=72.96 inlet=0.18 outlet=98913.68]
Adam 30400 | total=3.686e-02 f=2.316e-06 ic=3.387e-09 wall=9.122e-07 inlet=1.967e-01 outlet=4.133e-10 lr=5.000e-04 | λ[f=1.00 ic=16711.36 wall=75.56 inlet=0.19 outlet=157385.58]
Adam 30500 | total=3.768e-02 f=2.241e-06 ic=3.491e-09 wall=9.115e-07 inlet=1.967e-01 outlet=2.577e-10 lr=5.000e-04 | λ[f=1.00 ic=17184.77 wall=77.44 inlet=0.19 outlet=236746.92]
Adam 30600 | total=3.841e-02 f=2.174e-06 ic=3.205e-09 wall=9.112e-07 inlet=1.967e-01 outlet=2.259e-10 lr=5.000e-04 | λ[f=1.00 ic=17566.55 wall=79.16 inlet=0.19 outlet=85326.87]
Adam 30700 | total=3.914e-02 f=2.119e-06 ic=3.164e-09 wall=9.113e-07 inlet=1.967e-01 outlet=1.780e-10 lr=5.000e-04 | λ[f=1.00 ic=18348.87 wall=80.76 inlet=0.20 outlet=178745.89]
Adam 30800 | total=3.984e-02 f=2.059e-06 ic=3.017e-09 wall=9.098e-07 inlet=1.967e-01 outlet=1.564e-10 lr=5.000e-04 | λ[f=1.00 ic=15449.00 wall=82.67 inlet=0.20 outlet=216635.26]
Adam 30900 | total=4.210e-02 f=2.016e-06 ic=4.686e-09 wall=9.389e-07 inlet=1.966e-01 outlet=1.270e-10 lr=5.000e-04 | λ[f=1.00 ic=10947.97 wall=88.10 inlet=0.21 outlet=118735.67]
Adam 31000 | total=2.653e-01 f=1.810e-04 ic=1.045e-05 wall=1.136e-05 inlet=1.955e-01 outlet=2.101e-07 lr=5.000e-04 | λ[f=1.00 ic=389.86 wall=366.54 inlet=1.31 outlet=6104.07]
Adam 31100 | total=1.077e-01 f=3.761e-05 ic=4.654e-07 wall=2.531e-07 inlet=1.975e-01 outlet=1.053e-08 lr=5.000e-04 | λ[f=1.00 ic=287.91 wall=4127.52 inlet=0.53 outlet=127028.15]
Adam 31200 | total=3.900e-02 f=1.053e-05 ic=6.492e-08 wall=4.075e-08 inlet=1.978e-01 outlet=7.875e-10 lr=5.000e-04 | λ[f=1.00 ic=342.71 wall=9767.94 inlet=0.19 outlet=496649.45]
Adam 31300 | total=2.115e-02 f=5.284e-06 ic=2.563e-08 wall=1.490e-08 inlet=1.978e-01 outlet=4.021e-10 lr=5.000e-04 | λ[f=1.00 ic=417.27 wall=7457.65 inlet=0.11 outlet=508573.94]
Adam 31400 | total=2.425e-02 f=3.774e-06 ic=1.168e-08 wall=9.944e-09 inlet=1.978e-01 outlet=1.387e-09 lr=5.000e-04 | λ[f=1.00 ic=1281.16 wall=4876.88 inlet=0.12 outlet=64968.83]
Adam 31500 | total=1.064e-02 f=3.165e-06 ic=6.745e-09 wall=1.263e-08 inlet=1.977e-01 outlet=2.865e-10 lr=5.000e-04 | λ[f=1.00 ic=1103.03 wall=609.76 inlet=0.05 outlet=284467.56]
Adam 31600 | total=1.048e-02 f=2.809e-06 ic=6.514e-09 wall=1.188e-08 inlet=1.977e-01 outlet=2.566e-10 lr=5.000e-04 | λ[f=1.00 ic=979.29 wall=717.13 inlet=0.05 outlet=619117.31]
Adam 31700 | total=8.962e-03 f=2.445e-06 ic=6.205e-09 wall=1.230e-08 inlet=1.977e-01 outlet=2.512e-10 lr=5.000e-04 | λ[f=1.00 ic=1087.69 wall=413.36 inlet=0.05 outlet=28373.93]
Adam 31800 | total=8.065e-03 f=2.243e-06 ic=5.850e-09 wall=1.234e-08 inlet=1.977e-01 outlet=2.393e-10 lr=5.000e-04 | λ[f=1.00 ic=977.21 wall=405.26 inlet=0.04 outlet=442286.20]
Adam 31900 | total=7.449e-03 f=2.072e-06 ic=5.426e-09 wall=1.222e-08 inlet=1.977e-01 outlet=2.641e-10 lr=5.000e-04 | λ[f=1.00 ic=1129.71 wall=396.00 inlet=0.04 outlet=50614.25]
Adam 32000 | total=7.384e-03 f=1.916e-06 ic=5.225e-09 wall=1.207e-08 inlet=1.977e-01 outlet=2.184e-10 lr=5.000e-04 | λ[f=1.00 ic=960.60 wall=390.61 inlet=0.04 outlet=155700.78]
Adam 32100 | total=7.688e-03 f=1.782e-06 ic=4.902e-09 wall=1.212e-08 inlet=1.977e-01 outlet=2.137e-10 lr=5.000e-04 | λ[f=1.00 ic=972.45 wall=394.78 inlet=0.04 outlet=37101.70]
Adam 32200 | total=7.815e-03 f=1.671e-06 ic=4.741e-09 wall=1.219e-08 inlet=1.977e-01 outlet=2.033e-10 lr=5.000e-04 | λ[f=1.00 ic=1090.44 wall=388.45 inlet=0.04 outlet=193112.83]
Adam 32300 | total=8.378e-03 f=1.568e-06 ic=4.178e-09 wall=1.212e-08 inlet=1.977e-01 outlet=2.354e-10 lr=5.000e-04 | λ[f=1.00 ic=1152.65 wall=409.07 inlet=0.04 outlet=13667.48]
Adam 32400 | total=8.191e-03 f=1.483e-06 ic=4.307e-09 wall=1.233e-08 inlet=1.977e-01 outlet=1.890e-10 lr=5.000e-04 | λ[f=1.00 ic=1230.43 wall=378.78 inlet=0.04 outlet=538612.44]
Adam 32500 | total=8.525e-02 f=5.819e-06 ic=5.812e-07 wall=1.162e-06 inlet=1.963e-01 outlet=4.476e-08 lr=5.000e-04 | λ[f=1.00 ic=871.81 wall=546.65 inlet=0.43 outlet=6275.81]
Adam 32600 | total=3.268e-02 f=4.179e-06 ic=2.489e-07 wall=6.768e-07 inlet=1.966e-01 outlet=1.537e-08 lr=5.000e-04 | λ[f=1.00 ic=2049.80 wall=128.65 inlet=0.16 outlet=29911.71]
Adam 32700 | total=4.091e-02 f=4.649e-06 ic=1.161e-07 wall=4.724e-07 inlet=1.969e-01 outlet=6.946e-09 lr=5.000e-04 | λ[f=1.00 ic=3163.85 wall=131.92 inlet=0.20 outlet=54079.08]
Adam 32800 | total=4.160e-02 f=4.614e-06 ic=5.691e-08 wall=3.677e-07 inlet=1.971e-01 outlet=4.094e-09 lr=5.000e-04 | λ[f=1.00 ic=3414.26 wall=133.47 inlet=0.21 outlet=91287.19]
Adam 32900 | total=3.962e-02 f=4.214e-06 ic=3.004e-08 wall=3.071e-07 inlet=1.972e-01 outlet=2.789e-09 lr=5.000e-04 | λ[f=1.00 ic=3585.51 wall=133.99 inlet=0.20 outlet=126377.28]
Adam 33000 | total=3.757e-02 f=3.802e-06 ic=1.646e-08 wall=2.712e-07 inlet=1.973e-01 outlet=1.892e-09 lr=5.000e-04 | λ[f=1.00 ic=3864.80 wall=133.94 inlet=0.19 outlet=151715.73]
Adam 33100 | total=3.574e-02 f=3.413e-06 ic=9.575e-09 wall=2.494e-07 inlet=1.974e-01 outlet=1.271e-09 lr=5.000e-04 | λ[f=1.00 ic=4244.70 wall=132.79 inlet=0.18 outlet=185712.47]
Adam 33200 | total=3.407e-02 f=3.048e-06 ic=5.874e-09 wall=2.354e-07 inlet=1.974e-01 outlet=8.156e-10 lr=5.000e-04 | λ[f=1.00 ic=4878.69 wall=130.62 inlet=0.17 outlet=232157.26]
Adam 33300 | total=3.259e-02 f=2.726e-06 ic=3.669e-09 wall=2.257e-07 inlet=1.974e-01 outlet=4.842e-10 lr=5.000e-04 | λ[f=1.00 ic=6134.91 wall=127.84 inlet=0.16 outlet=299519.81]
Adam 33400 | total=3.119e-02 f=2.441e-06 ic=2.349e-09 wall=2.183e-07 inlet=1.974e-01 outlet=2.577e-10 lr=5.000e-04 | λ[f=1.00 ic=8560.34 wall=124.56 inlet=0.16 outlet=434101.79]
Adam 33500 | total=4.081e+00 f=1.832e-04 ic=4.385e-05 wall=9.013e-06 inlet=1.968e-01 outlet=3.451e-06 lr=5.000e-04 | λ[f=1.00 ic=1479.80 wall=4416.10 inlet=19.82 outlet=21785.80]
Adam 33600 | total=6.014e-02 f=5.779e-06 ic=1.948e-07 wall=1.024e-06 inlet=1.963e-01 outlet=9.417e-10 lr=5.000e-04 | λ[f=1.00 ic=7804.20 wall=142.85 inlet=0.30 outlet=99667.79]
Adam 33700 | total=2.607e-02 f=2.082e-06 ic=5.514e-08 wall=5.086e-07 inlet=1.968e-01 outlet=3.665e-10 lr=5.000e-04 | λ[f=1.00 ic=6183.76 wall=80.05 inlet=0.13 outlet=714311.36]
Adam 33800 | total=1.578e-02 f=1.244e-06 ic=2.049e-08 wall=3.416e-07 inlet=1.970e-01 outlet=2.228e-10 lr=5.000e-04 | λ[f=1.00 ic=5389.33 wall=58.61 inlet=0.08 outlet=451343.39]
Adam 33900 | total=1.132e-02 f=9.833e-07 ic=7.347e-09 wall=2.673e-07 inlet=1.972e-01 outlet=1.472e-10 lr=5.000e-04 | λ[f=1.00 ic=6434.77 wall=46.76 inlet=0.06 outlet=411007.83]
Adam 34000 | total=9.847e-03 f=9.185e-07 ic=5.775e-09 wall=2.423e-07 inlet=1.972e-01 outlet=1.881e-10 lr=5.000e-04 | λ[f=1.00 ic=5391.93 wall=45.29 inlet=0.05 outlet=11055.40]
Adam 34100 | total=8.629e-03 f=8.488e-07 ic=2.480e-09 wall=2.281e-07 inlet=1.972e-01 outlet=1.203e-10 lr=5.000e-04 | λ[f=1.00 ic=5944.62 wall=38.72 inlet=0.04 outlet=118582.03]
Adam 34200 | total=7.901e-03 f=8.098e-07 ic=1.497e-09 wall=2.177e-07 inlet=1.973e-01 outlet=1.054e-10 lr=5.000e-04 | λ[f=1.00 ic=6160.97 wall=35.96 inlet=0.04 outlet=283052.50]
Adam 34300 | total=7.572e-03 f=7.775e-07 ic=1.125e-09 wall=2.135e-07 inlet=1.973e-01 outlet=8.563e-11 lr=5.000e-04 | λ[f=1.00 ic=6818.27 wall=34.60 inlet=0.04 outlet=347997.58]
Adam 34400 | total=7.570e-03 f=7.496e-07 ic=9.587e-10 wall=2.124e-07 inlet=1.973e-01 outlet=6.825e-11 lr=5.000e-04 | λ[f=1.00 ic=7505.07 wall=34.55 inlet=0.04 outlet=355380.22]
Adam 34500 | total=7.909e-03 f=7.249e-07 ic=8.566e-10 wall=2.132e-07 inlet=1.973e-01 outlet=5.413e-11 lr=5.000e-04 | λ[f=1.00 ic=8595.84 wall=35.90 inlet=0.04 outlet=392318.89]
Adam 34600 | total=8.349e-03 f=7.032e-07 ic=7.719e-10 wall=2.150e-07 inlet=1.973e-01 outlet=4.161e-11 lr=5.000e-04 | λ[f=1.00 ic=10198.89 wall=37.60 inlet=0.04 outlet=389722.00]
Adam 34700 | total=1.080e-01 f=2.782e-05 ic=7.518e-07 wall=1.582e-06 inlet=1.966e-01 outlet=1.461e-09 lr=5.000e-04 | λ[f=1.00 ic=369.09 wall=361.66 inlet=0.54 outlet=55087.42]
Adam 34800 | total=3.131e+00 f=1.457e-04 ic=9.162e-06 wall=4.993e-06 inlet=1.992e-01 outlet=1.832e-06 lr=5.000e-04 | λ[f=1.00 ic=1532.35 wall=2974.08 inlet=15.47 outlet=10417.14]
Adam 34900 | total=4.966e-02 f=7.129e-06 ic=8.616e-08 wall=4.297e-07 inlet=1.969e-01 outlet=1.352e-09 lr=5.000e-04 | λ[f=1.00 ic=2640.44 wall=282.51 inlet=0.25 outlet=24971.31]
Adam 35000 | total=2.783e-02 f=4.090e-06 ic=4.108e-08 wall=2.722e-07 inlet=1.971e-01 outlet=2.316e-10 lr=5.000e-04 | λ[f=1.00 ic=1983.02 wall=161.18 inlet=0.14 outlet=99177.11]
Adam 35100 | total=2.383e-02 f=2.882e-06 ic=2.936e-08 wall=2.268e-07 inlet=1.971e-01 outlet=5.366e-11 lr=5.000e-04 | λ[f=1.00 ic=2914.81 wall=143.03 inlet=0.12 outlet=833864.81]
Adam 35200 | total=2.036e-01 f=4.364e-06 ic=4.080e-08 wall=1.673e-07 inlet=1.972e-01 outlet=7.353e-10 lr=5.000e-04 | λ[f=1.00 ic=8015.77 wall=1600.41 inlet=1.03 outlet=24575.79]
Adam 35300 | total=5.167e-02 f=3.229e-06 ic=6.417e-09 wall=5.330e-08 inlet=1.975e-01 outlet=9.887e-11 lr=5.000e-04 | λ[f=1.00 ic=12174.96 wall=927.51 inlet=0.26 outlet=63761.36]
Adam 35400 | total=5.346e-02 f=2.750e-06 ic=1.228e-09 wall=2.818e-08 inlet=1.976e-01 outlet=4.581e-11 lr=5.000e-04 | λ[f=1.00 ic=21187.10 wall=1546.93 inlet=0.27 outlet=160936.50]
Adam 35500 | total=1.132e+00 f=3.969e-06 ic=2.770e-08 wall=5.793e-08 inlet=1.974e-01 outlet=1.940e-08 lr=5.000e-04 | λ[f=1.00 ic=13786.87 wall=15671.29 inlet=5.73 outlet=24765.99]
Adam 35600 | total=3.683e-02 f=1.510e-06 ic=1.329e-09 wall=2.654e-08 inlet=1.976e-01 outlet=8.114e-12 lr=5.000e-04 | λ[f=1.00 ic=18798.63 wall=790.20 inlet=0.19 outlet=828652.55]
Adam 35700 | total=3.786e-02 f=1.326e-06 ic=7.721e-10 wall=2.143e-08 inlet=1.976e-01 outlet=6.478e-12 lr=5.000e-04 | λ[f=1.00 ic=20589.78 wall=945.69 inlet=0.19 outlet=449038.93]
Adam 35800 | total=3.647e-02 f=1.198e-06 ic=6.562e-10 wall=1.972e-08 inlet=1.976e-01 outlet=4.696e-12 lr=5.000e-04 | λ[f=1.00 ic=21078.02 wall=940.96 inlet=0.18 outlet=392047.66]
Adam 35900 | total=3.479e-01 f=2.188e-06 ic=1.501e-08 wall=4.498e-08 inlet=1.975e-01 outlet=4.534e-09 lr=5.000e-04 | λ[f=1.00 ic=17356.27 wall=5831.54 inlet=1.76 outlet=45404.83]
Adam 36000 | total=2.933e-02 f=1.181e-06 ic=4.342e-09 wall=2.230e-08 inlet=1.976e-01 outlet=2.023e-10 lr=5.000e-04 | λ[f=1.00 ic=2209.38 wall=732.48 inlet=0.15 outlet=68799.26]
Adam 36100 | total=2.634e-02 f=1.009e-06 ic=3.451e-09 wall=2.092e-08 inlet=1.976e-01 outlet=1.098e-10 lr=5.000e-04 | λ[f=1.00 ic=2593.66 wall=661.17 inlet=0.13 outlet=132212.78]
Adam 36200 | total=2.420e-02 f=9.117e-07 ic=3.041e-09 wall=1.974e-08 inlet=1.976e-01 outlet=7.409e-11 lr=5.000e-04 | λ[f=1.00 ic=2616.47 wall=615.07 inlet=0.12 outlet=179318.30]
Adam 36300 | total=2.251e-02 f=8.367e-07 ic=2.762e-09 wall=1.904e-08 inlet=1.976e-01 outlet=4.847e-11 lr=5.000e-04 | λ[f=1.00 ic=2551.54 wall=572.82 inlet=0.11 outlet=216569.80]
Adam 36400 | total=2.100e-02 f=7.731e-07 ic=2.559e-09 wall=1.866e-08 inlet=1.976e-01 outlet=3.151e-11 lr=5.000e-04 | λ[f=1.00 ic=2476.05 wall=530.75 inlet=0.11 outlet=348018.14]
Adam 36500 | total=1.967e-02 f=7.169e-07 ic=2.360e-09 wall=1.848e-08 inlet=1.976e-01 outlet=2.385e-11 lr=5.000e-04 | λ[f=1.00 ic=2722.01 wall=490.44 inlet=0.10 outlet=87141.28]
Adam 36600 | total=1.877e-02 f=6.702e-07 ic=2.170e-09 wall=1.832e-08 inlet=1.976e-01 outlet=2.373e-11 lr=5.000e-04 | λ[f=1.00 ic=2656.63 wall=464.24 inlet=0.09 outlet=42744.29]
Adam 36700 | total=1.783e-02 f=6.297e-07 ic=2.135e-09 wall=1.837e-08 inlet=1.976e-01 outlet=2.072e-11 lr=5.000e-04 | λ[f=1.00 ic=2513.32 wall=435.86 inlet=0.09 outlet=87069.71]
Adam 36800 | total=1.685e-02 f=5.921e-07 ic=2.101e-09 wall=1.853e-08 inlet=1.976e-01 outlet=1.870e-11 lr=5.000e-04 | λ[f=1.00 ic=2407.85 wall=404.57 inlet=0.09 outlet=176390.11]
Adam 36900 | total=1.590e-02 f=5.559e-07 ic=1.952e-09 wall=1.877e-08 inlet=1.976e-01 outlet=2.477e-10 lr=5.000e-04 | λ[f=1.00 ic=3784.31 wall=373.39 inlet=0.08 outlet=54154.68]
Adam 37000 | total=1.527e-02 f=5.270e-07 ic=1.774e-09 wall=1.879e-08 inlet=1.976e-01 outlet=3.375e-11 lr=5.000e-04 | λ[f=1.00 ic=2495.32 wall=355.39 inlet=0.08 outlet=16493.18]
Adam 37100 | total=1.464e-02 f=5.010e-07 ic=1.839e-09 wall=1.902e-08 inlet=1.976e-01 outlet=1.883e-11 lr=5.000e-04 | λ[f=1.00 ic=2324.65 wall=336.11 inlet=0.07 outlet=37429.75]
Adam 37200 | total=1.394e-02 f=4.755e-07 ic=1.840e-09 wall=1.929e-08 inlet=1.976e-01 outlet=1.635e-11 lr=5.000e-04 | λ[f=1.00 ic=2213.66 wall=315.06 inlet=0.07 outlet=94727.65]
Adam 37300 | total=1.318e-02 f=4.496e-07 ic=1.836e-09 wall=1.961e-08 inlet=1.976e-01 outlet=1.474e-11 lr=5.000e-04 | λ[f=1.00 ic=2090.38 wall=292.13 inlet=0.07 outlet=211260.23]
Adam 37400 | total=1.255e-02 f=4.233e-07 ic=1.662e-09 wall=1.985e-08 inlet=1.976e-01 outlet=2.697e-11 lr=5.000e-04 | λ[f=1.00 ic=2771.63 wall=272.82 inlet=0.06 outlet=13879.76]
Adam 37500 | total=1.193e-02 f=4.034e-07 ic=1.689e-09 wall=2.009e-08 inlet=1.976e-01 outlet=1.568e-11 lr=5.000e-04 | λ[f=1.00 ic=2009.84 wall=256.67 inlet=0.06 outlet=30090.56]
Adam 37600 | total=1.136e-02 f=3.839e-07 ic=1.692e-09 wall=2.037e-08 inlet=1.976e-01 outlet=1.328e-11 lr=5.000e-04 | λ[f=1.00 ic=1920.61 wall=241.36 inlet=0.06 outlet=77268.26]
Adam 37700 | total=1.068e-02 f=3.634e-07 ic=1.689e-09 wall=2.069e-08 inlet=1.976e-01 outlet=1.204e-11 lr=5.000e-04 | λ[f=1.00 ic=1811.45 wall=223.36 inlet=0.05 outlet=173920.86]
Adam 37800 | total=1.231e-01 f=4.153e-07 ic=3.771e-09 wall=2.706e-08 inlet=1.975e-01 outlet=3.723e-10 lr=5.000e-04 | λ[f=1.00 ic=6072.45 wall=2633.11 inlet=0.62 outlet=16850.27]
Adam 37900 | total=1.132e-02 f=3.445e-07 ic=1.047e-09 wall=1.945e-08 inlet=1.976e-01 outlet=1.298e-10 lr=5.000e-04 | λ[f=1.00 ic=3470.54 wall=243.02 inlet=0.06 outlet=4811.19]
Adam 38000 | total=1.032e-02 f=3.260e-07 ic=1.171e-09 wall=1.988e-08 inlet=1.976e-01 outlet=3.911e-11 lr=5.000e-04 | λ[f=1.00 ic=2354.07 wall=219.57 inlet=0.05 outlet=9416.96]
Adam 38100 | total=9.330e-03 f=3.069e-07 ic=1.248e-09 wall=2.049e-08 inlet=1.976e-01 outlet=1.856e-11 lr=5.000e-04 | λ[f=1.00 ic=2000.10 wall=194.23 inlet=0.05 outlet=19819.98]
Adam 38200 | total=8.432e-03 f=2.883e-07 ic=1.258e-09 wall=2.097e-08 inlet=1.976e-01 outlet=1.526e-11 lr=5.000e-04 | λ[f=1.00 ic=1787.57 wall=171.89 inlet=0.04 outlet=35097.93]
Adam 38300 | total=7.523e-03 f=2.702e-07 ic=1.286e-09 wall=2.145e-08 inlet=1.976e-01 outlet=1.275e-11 lr=5.000e-04 | λ[f=1.00 ic=1588.69 wall=150.01 inlet=0.04 outlet=76005.21]
Adam 38400 | total=6.604e-03 f=2.526e-07 ic=1.326e-09 wall=2.198e-08 inlet=1.976e-01 outlet=1.020e-11 lr=5.000e-04 | λ[f=1.00 ic=1372.55 wall=128.69 inlet=0.03 outlet=145475.62]
Adam 38500 | total=7.948e-03 f=2.510e-07 ic=1.002e-09 wall=2.300e-08 inlet=1.976e-01 outlet=1.527e-10 lr=5.000e-04 | λ[f=1.00 ic=2724.98 wall=155.02 inlet=0.04 outlet=2757.42]
Adam 38600 | total=6.092e-03 f=2.308e-07 ic=1.001e-09 wall=2.221e-08 inlet=1.976e-01 outlet=4.305e-11 lr=5.000e-04 | λ[f=1.00 ic=1585.05 wall=116.51 inlet=0.03 outlet=5148.82]
Adam 38700 | total=5.669e-03 f=2.190e-07 ic=1.093e-09 wall=2.269e-08 inlet=1.976e-01 outlet=1.585e-11 lr=5.000e-04 | λ[f=1.00 ic=1325.47 wall=107.21 inlet=0.03 outlet=12421.49]
Adam 38800 | total=5.245e-03 f=2.071e-07 ic=1.107e-09 wall=2.312e-08 inlet=1.976e-01 outlet=1.241e-11 lr=5.000e-04 | λ[f=1.00 ic=1228.57 wall=97.72 inlet=0.03 outlet=21116.74]
Adam 38900 | total=4.807e-03 f=1.958e-07 ic=1.130e-09 wall=2.352e-08 inlet=1.976e-01 outlet=1.041e-11 lr=5.000e-04 | λ[f=1.00 ic=1126.35 wall=88.16 inlet=0.02 outlet=54103.79]
Adam 39000 | total=4.355e-03 f=1.849e-07 ic=1.158e-09 wall=2.397e-08 inlet=1.976e-01 outlet=8.684e-12 lr=5.000e-04 | λ[f=1.00 ic=1010.86 wall=78.55 inlet=0.02 outlet=105372.94]
Adam 39100 | total=1.771e-02 f=1.923e-07 ic=1.087e-09 wall=2.662e-08 inlet=1.976e-01 outlet=1.047e-10 lr=5.000e-04 | λ[f=1.00 ic=4984.36 wall=318.79 inlet=0.09 outlet=6355.24]
Adam 39200 | total=4.495e-03 f=1.736e-07 ic=6.268e-10 wall=2.266e-08 inlet=1.976e-01 outlet=1.378e-10 lr=5.000e-04 | λ[f=1.00 ic=2468.27 wall=81.86 inlet=0.02 outlet=1846.85]
Adam 39300 | total=4.132e-03 f=1.648e-07 ic=7.036e-10 wall=2.381e-08 inlet=1.976e-01 outlet=5.458e-11 lr=5.000e-04 | λ[f=1.00 ic=1466.71 wall=73.45 inlet=0.02 outlet=3072.00]
Adam 39400 | total=3.777e-03 f=1.571e-07 ic=7.899e-10 wall=2.466e-08 inlet=1.976e-01 outlet=2.094e-11 lr=5.000e-04 | λ[f=1.00 ic=1130.63 wall=66.00 inlet=0.02 outlet=6706.75]
Adam 39500 | total=3.426e-03 f=1.497e-07 ic=8.222e-10 wall=2.525e-08 inlet=1.976e-01 outlet=1.411e-11 lr=5.000e-04 | λ[f=1.00 ic=1026.83 wall=58.95 inlet=0.02 outlet=11863.66]
Saved PyTorch checkpoint to results/checkpoints/strict_grad_norm_uncapped_adam40k_5090/best.pt
Saved PyTorch checkpoint to results/checkpoints/strict_grad_norm_uncapped_adam40k_5090/best.pt
Saved PyTorch checkpoint to results/checkpoints/strict_grad_norm_uncapped_adam40k_5090/best.pt
Saved PyTorch checkpoint to results/checkpoints/strict_grad_norm_uncapped_adam40k_5090/best.pt
Saved PyTorch checkpoint to results/checkpoints/strict_grad_norm_uncapped_adam40k_5090/best.pt
Saved PyTorch checkpoint to results/checkpoints/strict_grad_norm_uncapped_adam40k_5090/best.pt
Saved PyTorch checkpoint to results/checkpoints/strict_grad_norm_uncapped_adam40k_5090/best.pt
Saved PyTorch checkpoint to results/checkpoints/strict_grad_norm_uncapped_adam40k_5090/best.pt
Saved PyTorch checkpoint to results/checkpoints/strict_grad_norm_uncapped_adam40k_5090/best.pt
Saved PyTorch checkpoint to results/checkpoints/strict_grad_norm_uncapped_adam40k_5090/best.pt
Saved PyTorch checkpoint to results/checkpoints/strict_grad_norm_uncapped_adam40k_5090/best.pt
Saved PyTorch checkpoint to results/checkpoints/strict_grad_norm_uncapped_adam40k_5090/best.pt
Saved PyTorch checkpoint to results/checkpoints/strict_grad_norm_uncapped_adam40k_5090/best.pt
Saved PyTorch checkpoint to results/checkpoints/strict_grad_norm_uncapped_adam40k_5090/best.pt
Saved PyTorch checkpoint to results/checkpoints/strict_grad_norm_uncapped_adam40k_5090/best.pt
Saved PyTorch checkpoint to results/checkpoints/strict_grad_norm_uncapped_adam40k_5090/best.pt
Saved PyTorch checkpoint to results/checkpoints/strict_grad_norm_uncapped_adam40k_5090/best.pt
Saved PyTorch checkpoint to results/checkpoints/strict_grad_norm_uncapped_adam40k_5090/best.pt
Saved PyTorch checkpoint to results/checkpoints/strict_grad_norm_uncapped_adam40k_5090/best.pt
Saved PyTorch checkpoint to results/checkpoints/strict_grad_norm_uncapped_adam40k_5090/best.pt
Saved PyTorch checkpoint to results/checkpoints/strict_grad_norm_uncapped_adam40k_5090/best.pt
Saved PyTorch checkpoint to results/checkpoints/strict_grad_norm_uncapped_adam40k_5090/best.pt
Saved PyTorch checkpoint to results/checkpoints/strict_grad_norm_uncapped_adam40k_5090/best.pt
Saved PyTorch checkpoint to results/checkpoints/strict_grad_norm_uncapped_adam40k_5090/best.pt
Saved PyTorch checkpoint to results/checkpoints/strict_grad_norm_uncapped_adam40k_5090/best.pt
Saved PyTorch checkpoint to results/checkpoints/strict_grad_norm_uncapped_adam40k_5090/best.pt
Saved PyTorch checkpoint to results/checkpoints/strict_grad_norm_uncapped_adam40k_5090/best.pt
Saved PyTorch checkpoint to results/checkpoints/strict_grad_norm_uncapped_adam40k_5090/best.pt
Saved PyTorch checkpoint to results/checkpoints/strict_grad_norm_uncapped_adam40k_5090/best.pt
Saved PyTorch checkpoint to results/checkpoints/strict_grad_norm_uncapped_adam40k_5090/best.pt
Saved PyTorch checkpoint to results/checkpoints/strict_grad_norm_uncapped_adam40k_5090/best.pt
Saved PyTorch checkpoint to results/checkpoints/strict_grad_norm_uncapped_adam40k_5090/best.pt
Saved PyTorch checkpoint to results/checkpoints/strict_grad_norm_uncapped_adam40k_5090/best.pt
Saved PyTorch checkpoint to results/checkpoints/strict_grad_norm_uncapped_adam40k_5090/best.pt
Saved PyTorch checkpoint to results/checkpoints/strict_grad_norm_uncapped_adam40k_5090/best.pt
Saved PyTorch checkpoint to results/checkpoints/strict_grad_norm_uncapped_adam40k_5090/best.pt
Saved PyTorch checkpoint to results/checkpoints/strict_grad_norm_uncapped_adam40k_5090/best.pt
Saved PyTorch checkpoint to results/checkpoints/strict_grad_norm_uncapped_adam40k_5090/best.pt
Saved PyTorch checkpoint to results/checkpoints/strict_grad_norm_uncapped_adam40k_5090/best.pt
Saved PyTorch checkpoint to results/checkpoints/strict_grad_norm_uncapped_adam40k_5090/best.pt
Adam 39600 | total=3.090e-03 f=1.429e-07 ic=8.448e-10 wall=2.570e-08 inlet=1.976e-01 outlet=1.157e-11 lr=5.000e-04 | λ[f=1.00 ic=924.04 wall=52.43 inlet=0.02 outlet=28460.73]
Saved PyTorch checkpoint to results/checkpoints/strict_grad_norm_uncapped_adam40k_5090/best.pt
Saved PyTorch checkpoint to results/checkpoints/strict_grad_norm_uncapped_adam40k_5090/best.pt
Saved PyTorch checkpoint to results/checkpoints/strict_grad_norm_uncapped_adam40k_5090/best.pt
Saved PyTorch checkpoint to results/checkpoints/strict_grad_norm_uncapped_adam40k_5090/best.pt
Saved PyTorch checkpoint to results/checkpoints/strict_grad_norm_uncapped_adam40k_5090/best.pt
Saved PyTorch checkpoint to results/checkpoints/strict_grad_norm_uncapped_adam40k_5090/best.pt
Saved PyTorch checkpoint to results/checkpoints/strict_grad_norm_uncapped_adam40k_5090/best.pt
Saved PyTorch checkpoint to results/checkpoints/strict_grad_norm_uncapped_adam40k_5090/best.pt
Saved PyTorch checkpoint to results/checkpoints/strict_grad_norm_uncapped_adam40k_5090/best.pt
Saved PyTorch checkpoint to results/checkpoints/strict_grad_norm_uncapped_adam40k_5090/best.pt
Saved PyTorch checkpoint to results/checkpoints/strict_grad_norm_uncapped_adam40k_5090/best.pt
Saved PyTorch checkpoint to results/checkpoints/strict_grad_norm_uncapped_adam40k_5090/best.pt
Saved PyTorch checkpoint to results/checkpoints/strict_grad_norm_uncapped_adam40k_5090/best.pt
Saved PyTorch checkpoint to results/checkpoints/strict_grad_norm_uncapped_adam40k_5090/best.pt
Saved PyTorch checkpoint to results/checkpoints/strict_grad_norm_uncapped_adam40k_5090/best.pt
Saved PyTorch checkpoint to results/checkpoints/strict_grad_norm_uncapped_adam40k_5090/best.pt
Saved PyTorch checkpoint to results/checkpoints/strict_grad_norm_uncapped_adam40k_5090/best.pt
Saved PyTorch checkpoint to results/checkpoints/strict_grad_norm_uncapped_adam40k_5090/best.pt
Saved PyTorch checkpoint to results/checkpoints/strict_grad_norm_uncapped_adam40k_5090/best.pt
Saved PyTorch checkpoint to results/checkpoints/strict_grad_norm_uncapped_adam40k_5090/best.pt
Saved PyTorch checkpoint to results/checkpoints/strict_grad_norm_uncapped_adam40k_5090/best.pt
Saved PyTorch checkpoint to results/checkpoints/strict_grad_norm_uncapped_adam40k_5090/best.pt
Saved PyTorch checkpoint to results/checkpoints/strict_grad_norm_uncapped_adam40k_5090/best.pt
Saved PyTorch checkpoint to results/checkpoints/strict_grad_norm_uncapped_adam40k_5090/best.pt
Saved PyTorch checkpoint to results/checkpoints/strict_grad_norm_uncapped_adam40k_5090/best.pt
Saved PyTorch checkpoint to results/checkpoints/strict_grad_norm_uncapped_adam40k_5090/best.pt
Saved PyTorch checkpoint to results/checkpoints/strict_grad_norm_uncapped_adam40k_5090/best.pt
Saved PyTorch checkpoint to results/checkpoints/strict_grad_norm_uncapped_adam40k_5090/best.pt
Saved PyTorch checkpoint to results/checkpoints/strict_grad_norm_uncapped_adam40k_5090/best.pt
Saved PyTorch checkpoint to results/checkpoints/strict_grad_norm_uncapped_adam40k_5090/best.pt
Saved PyTorch checkpoint to results/checkpoints/strict_grad_norm_uncapped_adam40k_5090/best.pt
Saved PyTorch checkpoint to results/checkpoints/strict_grad_norm_uncapped_adam40k_5090/best.pt
Saved PyTorch checkpoint to results/checkpoints/strict_grad_norm_uncapped_adam40k_5090/best.pt
Saved PyTorch checkpoint to results/checkpoints/strict_grad_norm_uncapped_adam40k_5090/best.pt
Saved PyTorch checkpoint to results/checkpoints/strict_grad_norm_uncapped_adam40k_5090/best.pt
Saved PyTorch checkpoint to results/checkpoints/strict_grad_norm_uncapped_adam40k_5090/best.pt
Saved PyTorch checkpoint to results/checkpoints/strict_grad_norm_uncapped_adam40k_5090/best.pt
Saved PyTorch checkpoint to results/checkpoints/strict_grad_norm_uncapped_adam40k_5090/best.pt
Saved PyTorch checkpoint to results/checkpoints/strict_grad_norm_uncapped_adam40k_5090/best.pt
Saved PyTorch checkpoint to results/checkpoints/strict_grad_norm_uncapped_adam40k_5090/best.pt
Saved PyTorch checkpoint to results/checkpoints/strict_grad_norm_uncapped_adam40k_5090/best.pt
Saved PyTorch checkpoint to results/checkpoints/strict_grad_norm_uncapped_adam40k_5090/best.pt
Saved PyTorch checkpoint to results/checkpoints/strict_grad_norm_uncapped_adam40k_5090/best.pt
Saved PyTorch checkpoint to results/checkpoints/strict_grad_norm_uncapped_adam40k_5090/best.pt
Saved PyTorch checkpoint to results/checkpoints/strict_grad_norm_uncapped_adam40k_5090/best.pt
Saved PyTorch checkpoint to results/checkpoints/strict_grad_norm_uncapped_adam40k_5090/best.pt
Saved PyTorch checkpoint to results/checkpoints/strict_grad_norm_uncapped_adam40k_5090/best.pt
Saved PyTorch checkpoint to results/checkpoints/strict_grad_norm_uncapped_adam40k_5090/best.pt
Saved PyTorch checkpoint to results/checkpoints/strict_grad_norm_uncapped_adam40k_5090/best.pt
Saved PyTorch checkpoint to results/checkpoints/strict_grad_norm_uncapped_adam40k_5090/best.pt
Saved PyTorch checkpoint to results/checkpoints/strict_grad_norm_uncapped_adam40k_5090/best.pt
Saved PyTorch checkpoint to results/checkpoints/strict_grad_norm_uncapped_adam40k_5090/best.pt
Saved PyTorch checkpoint to results/checkpoints/strict_grad_norm_uncapped_adam40k_5090/best.pt
Saved PyTorch checkpoint to results/checkpoints/strict_grad_norm_uncapped_adam40k_5090/best.pt
Saved PyTorch checkpoint to results/checkpoints/strict_grad_norm_uncapped_adam40k_5090/best.pt
Saved PyTorch checkpoint to results/checkpoints/strict_grad_norm_uncapped_adam40k_5090/best.pt
Saved PyTorch checkpoint to results/checkpoints/strict_grad_norm_uncapped_adam40k_5090/best.pt
Saved PyTorch checkpoint to results/checkpoints/strict_grad_norm_uncapped_adam40k_5090/best.pt
Saved PyTorch checkpoint to results/checkpoints/strict_grad_norm_uncapped_adam40k_5090/best.pt
Saved PyTorch checkpoint to results/checkpoints/strict_grad_norm_uncapped_adam40k_5090/best.pt
Saved PyTorch checkpoint to results/checkpoints/strict_grad_norm_uncapped_adam40k_5090/best.pt
Saved PyTorch checkpoint to results/checkpoints/strict_grad_norm_uncapped_adam40k_5090/best.pt
Saved PyTorch checkpoint to results/checkpoints/strict_grad_norm_uncapped_adam40k_5090/best.pt
Saved PyTorch checkpoint to results/checkpoints/strict_grad_norm_uncapped_adam40k_5090/best.pt
Saved PyTorch checkpoint to results/checkpoints/strict_grad_norm_uncapped_adam40k_5090/best.pt
Saved PyTorch checkpoint to results/checkpoints/strict_grad_norm_uncapped_adam40k_5090/best.pt
Saved PyTorch checkpoint to results/checkpoints/strict_grad_norm_uncapped_adam40k_5090/best.pt
Saved PyTorch checkpoint to results/checkpoints/strict_grad_norm_uncapped_adam40k_5090/best.pt
Saved PyTorch checkpoint to results/checkpoints/strict_grad_norm_uncapped_adam40k_5090/best.pt
Saved PyTorch checkpoint to results/checkpoints/strict_grad_norm_uncapped_adam40k_5090/best.pt
Saved PyTorch checkpoint to results/checkpoints/strict_grad_norm_uncapped_adam40k_5090/best.pt
Saved PyTorch checkpoint to results/checkpoints/strict_grad_norm_uncapped_adam40k_5090/best.pt
Saved PyTorch checkpoint to results/checkpoints/strict_grad_norm_uncapped_adam40k_5090/best.pt
Saved PyTorch checkpoint to results/checkpoints/strict_grad_norm_uncapped_adam40k_5090/best.pt
Saved PyTorch checkpoint to results/checkpoints/strict_grad_norm_uncapped_adam40k_5090/best.pt
Saved PyTorch checkpoint to results/checkpoints/strict_grad_norm_uncapped_adam40k_5090/best.pt
Saved PyTorch checkpoint to results/checkpoints/strict_grad_norm_uncapped_adam40k_5090/best.pt
Saved PyTorch checkpoint to results/checkpoints/strict_grad_norm_uncapped_adam40k_5090/best.pt
Saved PyTorch checkpoint to results/checkpoints/strict_grad_norm_uncapped_adam40k_5090/best.pt
Saved PyTorch checkpoint to results/checkpoints/strict_grad_norm_uncapped_adam40k_5090/best.pt
Saved PyTorch checkpoint to results/checkpoints/strict_grad_norm_uncapped_adam40k_5090/best.pt
Saved PyTorch checkpoint to results/checkpoints/strict_grad_norm_uncapped_adam40k_5090/best.pt
Saved PyTorch checkpoint to results/checkpoints/strict_grad_norm_uncapped_adam40k_5090/best.pt
Saved PyTorch checkpoint to results/checkpoints/strict_grad_norm_uncapped_adam40k_5090/best.pt
Saved PyTorch checkpoint to results/checkpoints/strict_grad_norm_uncapped_adam40k_5090/best.pt
Saved PyTorch checkpoint to results/checkpoints/strict_grad_norm_uncapped_adam40k_5090/best.pt
Saved PyTorch checkpoint to results/checkpoints/strict_grad_norm_uncapped_adam40k_5090/best.pt
Saved PyTorch checkpoint to results/checkpoints/strict_grad_norm_uncapped_adam40k_5090/best.pt
Saved PyTorch checkpoint to results/checkpoints/strict_grad_norm_uncapped_adam40k_5090/best.pt
Saved PyTorch checkpoint to results/checkpoints/strict_grad_norm_uncapped_adam40k_5090/best.pt
Saved PyTorch checkpoint to results/checkpoints/strict_grad_norm_uncapped_adam40k_5090/best.pt
Saved PyTorch checkpoint to results/checkpoints/strict_grad_norm_uncapped_adam40k_5090/best.pt
Saved PyTorch checkpoint to results/checkpoints/strict_grad_norm_uncapped_adam40k_5090/best.pt
Saved PyTorch checkpoint to results/checkpoints/strict_grad_norm_uncapped_adam40k_5090/best.pt
Saved PyTorch checkpoint to results/checkpoints/strict_grad_norm_uncapped_adam40k_5090/best.pt
Saved PyTorch checkpoint to results/checkpoints/strict_grad_norm_uncapped_adam40k_5090/best.pt
Saved PyTorch checkpoint to results/checkpoints/strict_grad_norm_uncapped_adam40k_5090/best.pt
Adam 39700 | total=2.736e-03 f=1.363e-07 ic=8.694e-10 wall=2.614e-08 inlet=1.976e-01 outlet=9.454e-12 lr=5.000e-04 | λ[f=1.00 ic=796.27 wall=45.77 inlet=0.01 outlet=41922.46]
Saved PyTorch checkpoint to results/checkpoints/strict_grad_norm_uncapped_adam40k_5090/best.pt
Saved PyTorch checkpoint to results/checkpoints/strict_grad_norm_uncapped_adam40k_5090/best.pt
Saved PyTorch checkpoint to results/checkpoints/strict_grad_norm_uncapped_adam40k_5090/best.pt
Saved PyTorch checkpoint to results/checkpoints/strict_grad_norm_uncapped_adam40k_5090/best.pt
Saved PyTorch checkpoint to results/checkpoints/strict_grad_norm_uncapped_adam40k_5090/best.pt
Saved PyTorch checkpoint to results/checkpoints/strict_grad_norm_uncapped_adam40k_5090/best.pt
Saved PyTorch checkpoint to results/checkpoints/strict_grad_norm_uncapped_adam40k_5090/best.pt
Saved PyTorch checkpoint to results/checkpoints/strict_grad_norm_uncapped_adam40k_5090/best.pt
Saved PyTorch checkpoint to results/checkpoints/strict_grad_norm_uncapped_adam40k_5090/best.pt
Saved PyTorch checkpoint to results/checkpoints/strict_grad_norm_uncapped_adam40k_5090/best.pt
Saved PyTorch checkpoint to results/checkpoints/strict_grad_norm_uncapped_adam40k_5090/best.pt
Saved PyTorch checkpoint to results/checkpoints/strict_grad_norm_uncapped_adam40k_5090/best.pt
Saved PyTorch checkpoint to results/checkpoints/strict_grad_norm_uncapped_adam40k_5090/best.pt
Saved PyTorch checkpoint to results/checkpoints/strict_grad_norm_uncapped_adam40k_5090/best.pt
Saved PyTorch checkpoint to results/checkpoints/strict_grad_norm_uncapped_adam40k_5090/best.pt
Saved PyTorch checkpoint to results/checkpoints/strict_grad_norm_uncapped_adam40k_5090/best.pt
Saved PyTorch checkpoint to results/checkpoints/strict_grad_norm_uncapped_adam40k_5090/best.pt
Saved PyTorch checkpoint to results/checkpoints/strict_grad_norm_uncapped_adam40k_5090/best.pt
Saved PyTorch checkpoint to results/checkpoints/strict_grad_norm_uncapped_adam40k_5090/best.pt
Saved PyTorch checkpoint to results/checkpoints/strict_grad_norm_uncapped_adam40k_5090/best.pt
Saved PyTorch checkpoint to results/checkpoints/strict_grad_norm_uncapped_adam40k_5090/best.pt
Saved PyTorch checkpoint to results/checkpoints/strict_grad_norm_uncapped_adam40k_5090/best.pt
Saved PyTorch checkpoint to results/checkpoints/strict_grad_norm_uncapped_adam40k_5090/best.pt
Saved PyTorch checkpoint to results/checkpoints/strict_grad_norm_uncapped_adam40k_5090/best.pt
Saved PyTorch checkpoint to results/checkpoints/strict_grad_norm_uncapped_adam40k_5090/best.pt
Saved PyTorch checkpoint to results/checkpoints/strict_grad_norm_uncapped_adam40k_5090/best.pt
Saved PyTorch checkpoint to results/checkpoints/strict_grad_norm_uncapped_adam40k_5090/best.pt
Saved PyTorch checkpoint to results/checkpoints/strict_grad_norm_uncapped_adam40k_5090/best.pt
Saved PyTorch checkpoint to results/checkpoints/strict_grad_norm_uncapped_adam40k_5090/best.pt
Saved PyTorch checkpoint to results/checkpoints/strict_grad_norm_uncapped_adam40k_5090/best.pt
Saved PyTorch checkpoint to results/checkpoints/strict_grad_norm_uncapped_adam40k_5090/best.pt
Saved PyTorch checkpoint to results/checkpoints/strict_grad_norm_uncapped_adam40k_5090/best.pt
Saved PyTorch checkpoint to results/checkpoints/strict_grad_norm_uncapped_adam40k_5090/best.pt
Saved PyTorch checkpoint to results/checkpoints/strict_grad_norm_uncapped_adam40k_5090/best.pt
Saved PyTorch checkpoint to results/checkpoints/strict_grad_norm_uncapped_adam40k_5090/best.pt
Saved PyTorch checkpoint to results/checkpoints/strict_grad_norm_uncapped_adam40k_5090/best.pt
Saved PyTorch checkpoint to results/checkpoints/strict_grad_norm_uncapped_adam40k_5090/best.pt
Saved PyTorch checkpoint to results/checkpoints/strict_grad_norm_uncapped_adam40k_5090/best.pt
Saved PyTorch checkpoint to results/checkpoints/strict_grad_norm_uncapped_adam40k_5090/best.pt
Saved PyTorch checkpoint to results/checkpoints/strict_grad_norm_uncapped_adam40k_5090/best.pt
Saved PyTorch checkpoint to results/checkpoints/strict_grad_norm_uncapped_adam40k_5090/best.pt
Saved PyTorch checkpoint to results/checkpoints/strict_grad_norm_uncapped_adam40k_5090/best.pt
Saved PyTorch checkpoint to results/checkpoints/strict_grad_norm_uncapped_adam40k_5090/best.pt
Saved PyTorch checkpoint to results/checkpoints/strict_grad_norm_uncapped_adam40k_5090/best.pt
Saved PyTorch checkpoint to results/checkpoints/strict_grad_norm_uncapped_adam40k_5090/best.pt
Saved PyTorch checkpoint to results/checkpoints/strict_grad_norm_uncapped_adam40k_5090/best.pt
Saved PyTorch checkpoint to results/checkpoints/strict_grad_norm_uncapped_adam40k_5090/best.pt
Saved PyTorch checkpoint to results/checkpoints/strict_grad_norm_uncapped_adam40k_5090/best.pt
Saved PyTorch checkpoint to results/checkpoints/strict_grad_norm_uncapped_adam40k_5090/best.pt
Saved PyTorch checkpoint to results/checkpoints/strict_grad_norm_uncapped_adam40k_5090/best.pt
Saved PyTorch checkpoint to results/checkpoints/strict_grad_norm_uncapped_adam40k_5090/best.pt
Saved PyTorch checkpoint to results/checkpoints/strict_grad_norm_uncapped_adam40k_5090/best.pt
Saved PyTorch checkpoint to results/checkpoints/strict_grad_norm_uncapped_adam40k_5090/best.pt
Saved PyTorch checkpoint to results/checkpoints/strict_grad_norm_uncapped_adam40k_5090/best.pt
Saved PyTorch checkpoint to results/checkpoints/strict_grad_norm_uncapped_adam40k_5090/best.pt
Saved PyTorch checkpoint to results/checkpoints/strict_grad_norm_uncapped_adam40k_5090/best.pt
Saved PyTorch checkpoint to results/checkpoints/strict_grad_norm_uncapped_adam40k_5090/best.pt
Saved PyTorch checkpoint to results/checkpoints/strict_grad_norm_uncapped_adam40k_5090/best.pt
Saved PyTorch checkpoint to results/checkpoints/strict_grad_norm_uncapped_adam40k_5090/best.pt
Saved PyTorch checkpoint to results/checkpoints/strict_grad_norm_uncapped_adam40k_5090/best.pt
Saved PyTorch checkpoint to results/checkpoints/strict_grad_norm_uncapped_adam40k_5090/best.pt
Saved PyTorch checkpoint to results/checkpoints/strict_grad_norm_uncapped_adam40k_5090/best.pt
Saved PyTorch checkpoint to results/checkpoints/strict_grad_norm_uncapped_adam40k_5090/best.pt
Saved PyTorch checkpoint to results/checkpoints/strict_grad_norm_uncapped_adam40k_5090/best.pt
Saved PyTorch checkpoint to results/checkpoints/strict_grad_norm_uncapped_adam40k_5090/best.pt
Saved PyTorch checkpoint to results/checkpoints/strict_grad_norm_uncapped_adam40k_5090/best.pt
Saved PyTorch checkpoint to results/checkpoints/strict_grad_norm_uncapped_adam40k_5090/best.pt
Saved PyTorch checkpoint to results/checkpoints/strict_grad_norm_uncapped_adam40k_5090/best.pt
Saved PyTorch checkpoint to results/checkpoints/strict_grad_norm_uncapped_adam40k_5090/best.pt
Saved PyTorch checkpoint to results/checkpoints/strict_grad_norm_uncapped_adam40k_5090/best.pt
Saved PyTorch checkpoint to results/checkpoints/strict_grad_norm_uncapped_adam40k_5090/best.pt
Saved PyTorch checkpoint to results/checkpoints/strict_grad_norm_uncapped_adam40k_5090/best.pt
Saved PyTorch checkpoint to results/checkpoints/strict_grad_norm_uncapped_adam40k_5090/best.pt
Saved PyTorch checkpoint to results/checkpoints/strict_grad_norm_uncapped_adam40k_5090/best.pt
Saved PyTorch checkpoint to results/checkpoints/strict_grad_norm_uncapped_adam40k_5090/best.pt
Saved PyTorch checkpoint to results/checkpoints/strict_grad_norm_uncapped_adam40k_5090/best.pt
Saved PyTorch checkpoint to results/checkpoints/strict_grad_norm_uncapped_adam40k_5090/best.pt
Saved PyTorch checkpoint to results/checkpoints/strict_grad_norm_uncapped_adam40k_5090/best.pt
Saved PyTorch checkpoint to results/checkpoints/strict_grad_norm_uncapped_adam40k_5090/best.pt
Saved PyTorch checkpoint to results/checkpoints/strict_grad_norm_uncapped_adam40k_5090/best.pt
Saved PyTorch checkpoint to results/checkpoints/strict_grad_norm_uncapped_adam40k_5090/best.pt
Saved PyTorch checkpoint to results/checkpoints/strict_grad_norm_uncapped_adam40k_5090/best.pt
Saved PyTorch checkpoint to results/checkpoints/strict_grad_norm_uncapped_adam40k_5090/best.pt
Saved PyTorch checkpoint to results/checkpoints/strict_grad_norm_uncapped_adam40k_5090/best.pt
Saved PyTorch checkpoint to results/checkpoints/strict_grad_norm_uncapped_adam40k_5090/best.pt
Saved PyTorch checkpoint to results/checkpoints/strict_grad_norm_uncapped_adam40k_5090/best.pt
Saved PyTorch checkpoint to results/checkpoints/strict_grad_norm_uncapped_adam40k_5090/best.pt
Saved PyTorch checkpoint to results/checkpoints/strict_grad_norm_uncapped_adam40k_5090/best.pt
Saved PyTorch checkpoint to results/checkpoints/strict_grad_norm_uncapped_adam40k_5090/best.pt
Saved PyTorch checkpoint to results/checkpoints/strict_grad_norm_uncapped_adam40k_5090/best.pt
Saved PyTorch checkpoint to results/checkpoints/strict_grad_norm_uncapped_adam40k_5090/best.pt
Saved PyTorch checkpoint to results/checkpoints/strict_grad_norm_uncapped_adam40k_5090/best.pt
Saved PyTorch checkpoint to results/checkpoints/strict_grad_norm_uncapped_adam40k_5090/best.pt
Saved PyTorch checkpoint to results/checkpoints/strict_grad_norm_uncapped_adam40k_5090/best.pt
Saved PyTorch checkpoint to results/checkpoints/strict_grad_norm_uncapped_adam40k_5090/best.pt
Saved PyTorch checkpoint to results/checkpoints/strict_grad_norm_uncapped_adam40k_5090/best.pt
Saved PyTorch checkpoint to results/checkpoints/strict_grad_norm_uncapped_adam40k_5090/best.pt
Saved PyTorch checkpoint to results/checkpoints/strict_grad_norm_uncapped_adam40k_5090/best.pt
Saved PyTorch checkpoint to results/checkpoints/strict_grad_norm_uncapped_adam40k_5090/best.pt
Saved PyTorch checkpoint to results/checkpoints/strict_grad_norm_uncapped_adam40k_5090/best.pt
Adam 39800 | total=2.580e-03 f=1.303e-07 ic=9.087e-10 wall=2.659e-08 inlet=1.976e-01 outlet=7.275e-12 lr=5.000e-04 | λ[f=1.00 ic=729.27 wall=42.58 inlet=0.01 outlet=85739.17]
Saved PyTorch checkpoint to results/checkpoints/strict_grad_norm_uncapped_adam40k_5090/best.pt
Saved PyTorch checkpoint to results/checkpoints/strict_grad_norm_uncapped_adam40k_5090/best.pt
Saved PyTorch checkpoint to results/checkpoints/strict_grad_norm_uncapped_adam40k_5090/best.pt
Saved PyTorch checkpoint to results/checkpoints/strict_grad_norm_uncapped_adam40k_5090/best.pt
Saved PyTorch checkpoint to results/checkpoints/strict_grad_norm_uncapped_adam40k_5090/best.pt
Saved PyTorch checkpoint to results/checkpoints/strict_grad_norm_uncapped_adam40k_5090/best.pt
Saved PyTorch checkpoint to results/checkpoints/strict_grad_norm_uncapped_adam40k_5090/best.pt
Saved PyTorch checkpoint to results/checkpoints/strict_grad_norm_uncapped_adam40k_5090/best.pt
Saved PyTorch checkpoint to results/checkpoints/strict_grad_norm_uncapped_adam40k_5090/best.pt
Saved PyTorch checkpoint to results/checkpoints/strict_grad_norm_uncapped_adam40k_5090/best.pt
Saved PyTorch checkpoint to results/checkpoints/strict_grad_norm_uncapped_adam40k_5090/best.pt
Saved PyTorch checkpoint to results/checkpoints/strict_grad_norm_uncapped_adam40k_5090/best.pt
Saved PyTorch checkpoint to results/checkpoints/strict_grad_norm_uncapped_adam40k_5090/best.pt
Saved PyTorch checkpoint to results/checkpoints/strict_grad_norm_uncapped_adam40k_5090/best.pt
Saved PyTorch checkpoint to results/checkpoints/strict_grad_norm_uncapped_adam40k_5090/best.pt
Saved PyTorch checkpoint to results/checkpoints/strict_grad_norm_uncapped_adam40k_5090/best.pt
Saved PyTorch checkpoint to results/checkpoints/strict_grad_norm_uncapped_adam40k_5090/best.pt
Saved PyTorch checkpoint to results/checkpoints/strict_grad_norm_uncapped_adam40k_5090/best.pt
Saved PyTorch checkpoint to results/checkpoints/strict_grad_norm_uncapped_adam40k_5090/best.pt
Saved PyTorch checkpoint to results/checkpoints/strict_grad_norm_uncapped_adam40k_5090/best.pt
Saved PyTorch checkpoint to results/checkpoints/strict_grad_norm_uncapped_adam40k_5090/best.pt
Saved PyTorch checkpoint to results/checkpoints/strict_grad_norm_uncapped_adam40k_5090/best.pt
Saved PyTorch checkpoint to results/checkpoints/strict_grad_norm_uncapped_adam40k_5090/best.pt
Saved PyTorch checkpoint to results/checkpoints/strict_grad_norm_uncapped_adam40k_5090/best.pt
Saved PyTorch checkpoint to results/checkpoints/strict_grad_norm_uncapped_adam40k_5090/best.pt
Saved PyTorch checkpoint to results/checkpoints/strict_grad_norm_uncapped_adam40k_5090/best.pt
Saved PyTorch checkpoint to results/checkpoints/strict_grad_norm_uncapped_adam40k_5090/best.pt
Saved PyTorch checkpoint to results/checkpoints/strict_grad_norm_uncapped_adam40k_5090/best.pt
Saved PyTorch checkpoint to results/checkpoints/strict_grad_norm_uncapped_adam40k_5090/best.pt
Saved PyTorch checkpoint to results/checkpoints/strict_grad_norm_uncapped_adam40k_5090/best.pt
Saved PyTorch checkpoint to results/checkpoints/strict_grad_norm_uncapped_adam40k_5090/best.pt
Saved PyTorch checkpoint to results/checkpoints/strict_grad_norm_uncapped_adam40k_5090/best.pt
Saved PyTorch checkpoint to results/checkpoints/strict_grad_norm_uncapped_adam40k_5090/best.pt
Saved PyTorch checkpoint to results/checkpoints/strict_grad_norm_uncapped_adam40k_5090/best.pt
Saved PyTorch checkpoint to results/checkpoints/strict_grad_norm_uncapped_adam40k_5090/best.pt
Saved PyTorch checkpoint to results/checkpoints/strict_grad_norm_uncapped_adam40k_5090/best.pt
Saved PyTorch checkpoint to results/checkpoints/strict_grad_norm_uncapped_adam40k_5090/best.pt
Saved PyTorch checkpoint to results/checkpoints/strict_grad_norm_uncapped_adam40k_5090/best.pt
Saved PyTorch checkpoint to results/checkpoints/strict_grad_norm_uncapped_adam40k_5090/best.pt
Saved PyTorch checkpoint to results/checkpoints/strict_grad_norm_uncapped_adam40k_5090/best.pt
Saved PyTorch checkpoint to results/checkpoints/strict_grad_norm_uncapped_adam40k_5090/best.pt
Saved PyTorch checkpoint to results/checkpoints/strict_grad_norm_uncapped_adam40k_5090/best.pt
Saved PyTorch checkpoint to results/checkpoints/strict_grad_norm_uncapped_adam40k_5090/best.pt
Adam 39900 | total=2.551e-03 f=1.255e-07 ic=8.835e-10 wall=2.694e-08 inlet=1.976e-01 outlet=7.641e-12 lr=5.000e-04 | λ[f=1.00 ic=702.42 wall=41.79 inlet=0.01 outlet=12050.11]
Saved PyTorch checkpoint to results/checkpoints/strict_grad_norm_uncapped_adam40k_5090/best.pt
Saved PyTorch checkpoint to results/checkpoints/strict_grad_norm_uncapped_adam40k_5090/best.pt
Saved PyTorch checkpoint to results/checkpoints/strict_grad_norm_uncapped_adam40k_5090/best.pt
Saved PyTorch checkpoint to results/checkpoints/strict_grad_norm_uncapped_adam40k_5090/best.pt
Saved PyTorch checkpoint to results/checkpoints/strict_grad_norm_uncapped_adam40k_5090/best.pt
Saved PyTorch checkpoint to results/checkpoints/strict_grad_norm_uncapped_adam40k_5090/best.pt
Saved PyTorch checkpoint to results/checkpoints/strict_grad_norm_uncapped_adam40k_5090/best.pt
Saved PyTorch checkpoint to results/checkpoints/strict_grad_norm_uncapped_adam40k_5090/best.pt
Saved PyTorch checkpoint to results/checkpoints/strict_grad_norm_uncapped_adam40k_5090/best.pt
Saved PyTorch checkpoint to results/checkpoints/strict_grad_norm_uncapped_adam40k_5090/best.pt
Saved PyTorch checkpoint to results/checkpoints/strict_grad_norm_uncapped_adam40k_5090/best.pt
Saved PyTorch checkpoint to results/checkpoints/strict_grad_norm_uncapped_adam40k_5090/best.pt
Saved PyTorch checkpoint to results/checkpoints/strict_grad_norm_uncapped_adam40k_5090/best.pt
Saved PyTorch checkpoint to results/checkpoints/strict_grad_norm_uncapped_adam40k_5090/best.pt
Saved PyTorch checkpoint to results/checkpoints/strict_grad_norm_uncapped_adam40k_5090/best.pt
Saved PyTorch checkpoint to results/checkpoints/strict_grad_norm_uncapped_adam40k_5090/best.pt
Saved PyTorch checkpoint to results/checkpoints/strict_grad_norm_uncapped_adam40k_5090/best.pt
Saved PyTorch checkpoint to results/checkpoints/strict_grad_norm_uncapped_adam40k_5090/best.pt
Saved PyTorch checkpoint to results/checkpoints/strict_grad_norm_uncapped_adam40k_5090/best.pt
Saved PyTorch checkpoint to results/checkpoints/strict_grad_norm_uncapped_adam40k_5090/best.pt
Saved PyTorch checkpoint to results/checkpoints/strict_grad_norm_uncapped_adam40k_5090/best.pt
Saved PyTorch checkpoint to results/checkpoints/strict_grad_norm_uncapped_adam40k_5090/best.pt
Saved PyTorch checkpoint to results/checkpoints/strict_grad_norm_uncapped_adam40k_5090/best.pt
Saved PyTorch checkpoint to results/checkpoints/strict_grad_norm_uncapped_adam40k_5090/best.pt
Saved PyTorch checkpoint to results/checkpoints/strict_grad_norm_uncapped_adam40k_5090/best.pt
Saved PyTorch checkpoint to results/checkpoints/strict_grad_norm_uncapped_adam40k_5090/best.pt
Saved PyTorch checkpoint to results/checkpoints/strict_grad_norm_uncapped_adam40k_5090/best.pt
Saved PyTorch checkpoint to results/checkpoints/strict_grad_norm_uncapped_adam40k_5090/best.pt
Saved PyTorch checkpoint to results/checkpoints/strict_grad_norm_uncapped_adam40k_5090/best.pt
Saved PyTorch checkpoint to results/checkpoints/strict_grad_norm_uncapped_adam40k_5090/best.pt
Saved PyTorch checkpoint to results/checkpoints/strict_grad_norm_uncapped_adam40k_5090/best.pt
Saved PyTorch checkpoint to results/checkpoints/strict_grad_norm_uncapped_adam40k_5090/best.pt
Saved PyTorch checkpoint to results/checkpoints/strict_grad_norm_uncapped_adam40k_5090/best.pt
Saved PyTorch checkpoint to results/checkpoints/strict_grad_norm_uncapped_adam40k_5090/best.pt
Saved PyTorch checkpoint to results/checkpoints/strict_grad_norm_uncapped_adam40k_5090/best.pt
Saved PyTorch checkpoint to results/checkpoints/strict_grad_norm_uncapped_adam40k_5090/best.pt
Saved PyTorch checkpoint to results/checkpoints/strict_grad_norm_uncapped_adam40k_5090/best.pt
Adam 40000 | total=2.514e-03 f=1.214e-07 ic=8.888e-10 wall=2.721e-08 inlet=1.976e-01 outlet=6.700e-12 lr=5.000e-04 | λ[f=1.00 ic=706.99 wall=40.94 inlet=0.01 outlet=32448.92]
Saved PyTorch checkpoint to results/checkpoints/strict_grad_norm_uncapped_adam40k_5090/best.pt
Saved PyTorch checkpoint to results/checkpoints/strict_grad_norm_uncapped_adam40k_5090/snapshot_iter40000.pt
[snapshot] iter 40000 → results/checkpoints/strict_grad_norm_uncapped_adam40k_5090/snapshot_iter40000.pt
--- 4394.29 seconds ---
Saved PyTorch checkpoint to results/checkpoints/strict_grad_norm_uncapped_adam40k_5090/latest.pt
[saturation] λ̂ clip-hit fractions over Adam phase:
  loss_ic       min_hit=  0.0%  max_hit=  0.0%
  loss_wall     min_hit=  0.0%  max_hit=  0.0%
  loss_inlet    min_hit=  0.0%  max_hit=  0.0%
  loss_outlet   min_hit=  0.0%  max_hit=  0.0%
Lambda curve saved to results/figures/strict_grad_norm_uncapped_adam40k_5090/lambda_curve.png

=== Training complete. Run bench: bash scripts/bench_balanced.sh --exp-name strict_grad_norm_uncapped_adam40k_5090 ===
