Using device: cuda
Adam 1 | total=1.042e+01 f=5.599e+00 ic=6.128e-01 wall=5.611e-01 inlet=2.458e-01 outlet=1.713e-01 lr=5.000e-04
Saved PyTorch checkpoint to results/unsteady/checkpoints/best.pt
Saved PyTorch checkpoint to results/unsteady/checkpoints/best.pt
Saved PyTorch checkpoint to results/unsteady/checkpoints/best.pt
Saved PyTorch checkpoint to results/unsteady/checkpoints/best.pt
Saved PyTorch checkpoint to results/unsteady/checkpoints/best.pt
Saved PyTorch checkpoint to results/unsteady/checkpoints/best.pt
Saved PyTorch checkpoint to results/unsteady/checkpoints/best.pt
Saved PyTorch checkpoint to results/unsteady/checkpoints/best.pt
Saved PyTorch checkpoint to results/unsteady/checkpoints/best.pt
Saved PyTorch checkpoint to results/unsteady/checkpoints/best.pt
Saved PyTorch checkpoint to results/unsteady/checkpoints/best.pt
Saved PyTorch checkpoint to results/unsteady/checkpoints/best.pt
Saved PyTorch checkpoint to results/unsteady/checkpoints/best.pt
Saved PyTorch checkpoint to results/unsteady/checkpoints/best.pt
Saved PyTorch checkpoint to results/unsteady/checkpoints/best.pt
Saved PyTorch checkpoint to results/unsteady/checkpoints/best.pt
Saved PyTorch checkpoint to results/unsteady/checkpoints/best.pt
Saved PyTorch checkpoint to results/unsteady/checkpoints/best.pt
Saved PyTorch checkpoint to results/unsteady/checkpoints/best.pt
Saved PyTorch checkpoint to results/unsteady/checkpoints/best.pt
Saved PyTorch checkpoint to results/unsteady/checkpoints/best.pt
Saved PyTorch checkpoint to results/unsteady/checkpoints/best.pt
Saved PyTorch checkpoint to results/unsteady/checkpoints/best.pt
Saved PyTorch checkpoint to results/unsteady/checkpoints/best.pt
Saved PyTorch checkpoint to results/unsteady/checkpoints/best.pt
Saved PyTorch checkpoint to results/unsteady/checkpoints/best.pt
Saved PyTorch checkpoint to results/unsteady/checkpoints/best.pt
Saved PyTorch checkpoint to results/unsteady/checkpoints/best.pt
Saved PyTorch checkpoint to results/unsteady/checkpoints/best.pt
Saved PyTorch checkpoint to results/unsteady/checkpoints/best.pt
Saved PyTorch checkpoint to results/unsteady/checkpoints/best.pt
Saved PyTorch checkpoint to results/unsteady/checkpoints/best.pt
Saved PyTorch checkpoint to results/unsteady/checkpoints/best.pt
Saved PyTorch checkpoint to results/unsteady/checkpoints/best.pt
Saved PyTorch checkpoint to results/unsteady/checkpoints/best.pt
Saved PyTorch checkpoint to results/unsteady/checkpoints/best.pt
Saved PyTorch checkpoint to results/unsteady/checkpoints/best.pt
Saved PyTorch checkpoint to results/unsteady/checkpoints/best.pt
Saved PyTorch checkpoint to results/unsteady/checkpoints/best.pt
Saved PyTorch checkpoint to results/unsteady/checkpoints/best.pt
Saved PyTorch checkpoint to results/unsteady/checkpoints/best.pt
Saved PyTorch checkpoint to results/unsteady/checkpoints/best.pt
Saved PyTorch checkpoint to results/unsteady/checkpoints/best.pt
Saved PyTorch checkpoint to results/unsteady/checkpoints/best.pt
Saved PyTorch checkpoint to results/unsteady/checkpoints/best.pt
Saved PyTorch checkpoint to results/unsteady/checkpoints/best.pt
Saved PyTorch checkpoint to results/unsteady/checkpoints/best.pt
Saved PyTorch checkpoint to results/unsteady/checkpoints/best.pt
Saved PyTorch checkpoint to results/unsteady/checkpoints/best.pt
Saved PyTorch checkpoint to results/unsteady/checkpoints/best.pt
Saved PyTorch checkpoint to results/unsteady/checkpoints/best.pt
Saved PyTorch checkpoint to results/unsteady/checkpoints/best.pt
Saved PyTorch checkpoint to results/unsteady/checkpoints/best.pt
Saved PyTorch checkpoint to results/unsteady/checkpoints/best.pt
Saved PyTorch checkpoint to results/unsteady/checkpoints/best.pt
Saved PyTorch checkpoint to results/unsteady/checkpoints/best.pt
Saved PyTorch checkpoint to results/unsteady/checkpoints/best.pt
Saved PyTorch checkpoint to results/unsteady/checkpoints/best.pt
Saved PyTorch checkpoint to results/unsteady/checkpoints/best.pt
Saved PyTorch checkpoint to results/unsteady/checkpoints/best.pt
Saved PyTorch checkpoint to results/unsteady/checkpoints/best.pt
Saved PyTorch checkpoint to results/unsteady/checkpoints/best.pt
Saved PyTorch checkpoint to results/unsteady/checkpoints/best.pt
Saved PyTorch checkpoint to results/unsteady/checkpoints/best.pt
Saved PyTorch checkpoint to results/unsteady/checkpoints/best.pt
Saved PyTorch checkpoint to results/unsteady/checkpoints/best.pt
Saved PyTorch checkpoint to results/unsteady/checkpoints/best.pt
Saved PyTorch checkpoint to results/unsteady/checkpoints/best.pt
Saved PyTorch checkpoint to results/unsteady/checkpoints/best.pt
Saved PyTorch checkpoint to results/unsteady/checkpoints/best.pt
Saved PyTorch checkpoint to results/unsteady/checkpoints/best.pt
Saved PyTorch checkpoint to results/unsteady/checkpoints/best.pt
Saved PyTorch checkpoint to results/unsteady/checkpoints/best.pt
Saved PyTorch checkpoint to results/unsteady/checkpoints/best.pt
Saved PyTorch checkpoint to results/unsteady/checkpoints/best.pt
Saved PyTorch checkpoint to results/unsteady/checkpoints/best.pt
Saved PyTorch checkpoint to results/unsteady/checkpoints/best.pt
Saved PyTorch checkpoint to results/unsteady/checkpoints/best.pt
Saved PyTorch checkpoint to results/unsteady/checkpoints/best.pt
Saved PyTorch checkpoint to results/unsteady/checkpoints/best.pt
Saved PyTorch checkpoint to results/unsteady/checkpoints/best.pt
Saved PyTorch checkpoint to results/unsteady/checkpoints/best.pt
Saved PyTorch checkpoint to results/unsteady/checkpoints/best.pt
Saved PyTorch checkpoint to results/unsteady/checkpoints/best.pt
Saved PyTorch checkpoint to results/unsteady/checkpoints/best.pt
Saved PyTorch checkpoint to results/unsteady/checkpoints/best.pt
Saved PyTorch checkpoint to results/unsteady/checkpoints/best.pt
Saved PyTorch checkpoint to results/unsteady/checkpoints/best.pt
Saved PyTorch checkpoint to results/unsteady/checkpoints/best.pt
Saved PyTorch checkpoint to results/unsteady/checkpoints/best.pt
Saved PyTorch checkpoint to results/unsteady/checkpoints/best.pt
Saved PyTorch checkpoint to results/unsteady/checkpoints/best.pt
Saved PyTorch checkpoint to results/unsteady/checkpoints/best.pt
Saved PyTorch checkpoint to results/unsteady/checkpoints/best.pt
Saved PyTorch checkpoint to results/unsteady/checkpoints/best.pt
Saved PyTorch checkpoint to results/unsteady/checkpoints/best.pt
Saved PyTorch checkpoint to results/unsteady/checkpoints/best.pt
Saved PyTorch checkpoint to results/unsteady/checkpoints/best.pt
Saved PyTorch checkpoint to results/unsteady/checkpoints/best.pt
Saved PyTorch checkpoint to results/unsteady/checkpoints/best.pt
Saved PyTorch checkpoint to results/unsteady/checkpoints/best.pt
Saved PyTorch checkpoint to results/unsteady/checkpoints/best.pt
Saved PyTorch checkpoint to results/unsteady/checkpoints/best.pt
Saved PyTorch checkpoint to results/unsteady/checkpoints/best.pt
Saved PyTorch checkpoint to results/unsteady/checkpoints/best.pt
Saved PyTorch checkpoint to results/unsteady/checkpoints/best.pt
Saved PyTorch checkpoint to results/unsteady/checkpoints/best.pt
Saved PyTorch checkpoint to results/unsteady/checkpoints/best.pt
Saved PyTorch checkpoint to results/unsteady/checkpoints/best.pt
Saved PyTorch checkpoint to results/unsteady/checkpoints/best.pt
Saved PyTorch checkpoint to results/unsteady/checkpoints/best.pt
Saved PyTorch checkpoint to results/unsteady/checkpoints/best.pt
Saved PyTorch checkpoint to results/unsteady/checkpoints/best.pt
Saved PyTorch checkpoint to results/unsteady/checkpoints/best.pt
Saved PyTorch checkpoint to results/unsteady/checkpoints/best.pt
Saved PyTorch checkpoint to results/unsteady/checkpoints/best.pt
Saved PyTorch checkpoint to results/unsteady/checkpoints/best.pt
Saved PyTorch checkpoint to results/unsteady/checkpoints/best.pt
Saved PyTorch checkpoint to results/unsteady/checkpoints/best.pt
Saved PyTorch checkpoint to results/unsteady/checkpoints/best.pt
Saved PyTorch checkpoint to results/unsteady/checkpoints/best.pt
Saved PyTorch checkpoint to results/unsteady/checkpoints/best.pt
Saved PyTorch checkpoint to results/unsteady/checkpoints/best.pt
Saved PyTorch checkpoint to results/unsteady/checkpoints/best.pt
Saved PyTorch checkpoint to results/unsteady/checkpoints/best.pt
Saved PyTorch checkpoint to results/unsteady/checkpoints/best.pt
Saved PyTorch checkpoint to results/unsteady/checkpoints/best.pt
Saved PyTorch checkpoint to results/unsteady/checkpoints/best.pt
Saved PyTorch checkpoint to results/unsteady/checkpoints/best.pt
Saved PyTorch checkpoint to results/unsteady/checkpoints/best.pt
Saved PyTorch checkpoint to results/unsteady/checkpoints/best.pt
Saved PyTorch checkpoint to results/unsteady/checkpoints/best.pt
Saved PyTorch checkpoint to results/unsteady/checkpoints/best.pt
Saved PyTorch checkpoint to results/unsteady/checkpoints/best.pt
Saved PyTorch checkpoint to results/unsteady/checkpoints/best.pt
Saved PyTorch checkpoint to results/unsteady/checkpoints/best.pt
Saved PyTorch checkpoint to results/unsteady/checkpoints/best.pt
Saved PyTorch checkpoint to results/unsteady/checkpoints/best.pt
Saved PyTorch checkpoint to results/unsteady/checkpoints/best.pt
Saved PyTorch checkpoint to results/unsteady/checkpoints/best.pt
Saved PyTorch checkpoint to results/unsteady/checkpoints/best.pt
Saved PyTorch checkpoint to results/unsteady/checkpoints/best.pt
Saved PyTorch checkpoint to results/unsteady/checkpoints/best.pt
Saved PyTorch checkpoint to results/unsteady/checkpoints/best.pt
Saved PyTorch checkpoint to results/unsteady/checkpoints/best.pt
Saved PyTorch checkpoint to results/unsteady/checkpoints/best.pt
Saved PyTorch checkpoint to results/unsteady/checkpoints/best.pt
Saved PyTorch checkpoint to results/unsteady/checkpoints/best.pt
Saved PyTorch checkpoint to results/unsteady/checkpoints/best.pt
Saved PyTorch checkpoint to results/unsteady/checkpoints/best.pt
Saved PyTorch checkpoint to results/unsteady/checkpoints/best.pt
Saved PyTorch checkpoint to results/unsteady/checkpoints/best.pt
Saved PyTorch checkpoint to results/unsteady/checkpoints/best.pt
Saved PyTorch checkpoint to results/unsteady/checkpoints/best.pt
Saved PyTorch checkpoint to results/unsteady/checkpoints/best.pt
Saved PyTorch checkpoint to results/unsteady/checkpoints/best.pt
Saved PyTorch checkpoint to results/unsteady/checkpoints/best.pt
Saved PyTorch checkpoint to results/unsteady/checkpoints/best.pt
Saved PyTorch checkpoint to results/unsteady/checkpoints/best.pt
Saved PyTorch checkpoint to results/unsteady/checkpoints/best.pt
Saved PyTorch checkpoint to results/unsteady/checkpoints/best.pt
Saved PyTorch checkpoint to results/unsteady/checkpoints/best.pt
Saved PyTorch checkpoint to results/unsteady/checkpoints/best.pt
Saved PyTorch checkpoint to results/unsteady/checkpoints/best.pt
Saved PyTorch checkpoint to results/unsteady/checkpoints/best.pt
Saved PyTorch checkpoint to results/unsteady/checkpoints/best.pt
Saved PyTorch checkpoint to results/unsteady/checkpoints/best.pt
Saved PyTorch checkpoint to results/unsteady/checkpoints/best.pt
Saved PyTorch checkpoint to results/unsteady/checkpoints/best.pt
Saved PyTorch checkpoint to results/unsteady/checkpoints/best.pt
Saved PyTorch checkpoint to results/unsteady/checkpoints/best.pt
Saved PyTorch checkpoint to results/unsteady/checkpoints/best.pt
Saved PyTorch checkpoint to results/unsteady/checkpoints/best.pt
Saved PyTorch checkpoint to results/unsteady/checkpoints/best.pt
Saved PyTorch checkpoint to results/unsteady/checkpoints/best.pt
Saved PyTorch checkpoint to results/unsteady/checkpoints/best.pt
Saved PyTorch checkpoint to results/unsteady/checkpoints/best.pt
Saved PyTorch checkpoint to results/unsteady/checkpoints/best.pt
Saved PyTorch checkpoint to results/unsteady/checkpoints/best.pt
Saved PyTorch checkpoint to results/unsteady/checkpoints/best.pt
Saved PyTorch checkpoint to results/unsteady/checkpoints/best.pt
Saved PyTorch checkpoint to results/unsteady/checkpoints/best.pt
Adam 200 | total=3.862e-01 f=2.857e-02 ic=4.633e-03 wall=3.097e-02 inlet=3.961e-02 outlet=6.587e-05 lr=5.000e-04
Saved PyTorch checkpoint to results/unsteady/checkpoints/best.pt
Saved PyTorch checkpoint to results/unsteady/checkpoints/best.pt
Saved PyTorch checkpoint to results/unsteady/checkpoints/best.pt
Saved PyTorch checkpoint to results/unsteady/checkpoints/best.pt
Saved PyTorch checkpoint to results/unsteady/checkpoints/best.pt
Saved PyTorch checkpoint to results/unsteady/checkpoints/best.pt
Saved PyTorch checkpoint to results/unsteady/checkpoints/best.pt
Saved PyTorch checkpoint to results/unsteady/checkpoints/best.pt
Saved PyTorch checkpoint to results/unsteady/checkpoints/best.pt
Saved PyTorch checkpoint to results/unsteady/checkpoints/best.pt
Saved PyTorch checkpoint to results/unsteady/checkpoints/best.pt
Saved PyTorch checkpoint to results/unsteady/checkpoints/best.pt
Saved PyTorch checkpoint to results/unsteady/checkpoints/best.pt
Saved PyTorch checkpoint to results/unsteady/checkpoints/best.pt
Saved PyTorch checkpoint to results/unsteady/checkpoints/best.pt
Saved PyTorch checkpoint to results/unsteady/checkpoints/best.pt
Saved PyTorch checkpoint to results/unsteady/checkpoints/best.pt
Saved PyTorch checkpoint to results/unsteady/checkpoints/best.pt
Saved PyTorch checkpoint to results/unsteady/checkpoints/best.pt
Saved PyTorch checkpoint to results/unsteady/checkpoints/best.pt
Saved PyTorch checkpoint to results/unsteady/checkpoints/best.pt
Saved PyTorch checkpoint to results/unsteady/checkpoints/best.pt
Saved PyTorch checkpoint to results/unsteady/checkpoints/best.pt
Saved PyTorch checkpoint to results/unsteady/checkpoints/best.pt
Saved PyTorch checkpoint to results/unsteady/checkpoints/best.pt
Saved PyTorch checkpoint to results/unsteady/checkpoints/best.pt
Saved PyTorch checkpoint to results/unsteady/checkpoints/best.pt
Saved PyTorch checkpoint to results/unsteady/checkpoints/best.pt
Saved PyTorch checkpoint to results/unsteady/checkpoints/best.pt
Saved PyTorch checkpoint to results/unsteady/checkpoints/best.pt
Saved PyTorch checkpoint to results/unsteady/checkpoints/best.pt
Saved PyTorch checkpoint to results/unsteady/checkpoints/best.pt
Saved PyTorch checkpoint to results/unsteady/checkpoints/best.pt
Saved PyTorch checkpoint to results/unsteady/checkpoints/best.pt
Saved PyTorch checkpoint to results/unsteady/checkpoints/best.pt
Saved PyTorch checkpoint to results/unsteady/checkpoints/best.pt
Saved PyTorch checkpoint to results/unsteady/checkpoints/best.pt
Saved PyTorch checkpoint to results/unsteady/checkpoints/best.pt
Saved PyTorch checkpoint to results/unsteady/checkpoints/best.pt
Saved PyTorch checkpoint to results/unsteady/checkpoints/best.pt
Saved PyTorch checkpoint to results/unsteady/checkpoints/best.pt
Saved PyTorch checkpoint to results/unsteady/checkpoints/best.pt
Saved PyTorch checkpoint to results/unsteady/checkpoints/best.pt
Saved PyTorch checkpoint to results/unsteady/checkpoints/best.pt
Saved PyTorch checkpoint to results/unsteady/checkpoints/best.pt
Saved PyTorch checkpoint to results/unsteady/checkpoints/best.pt
Saved PyTorch checkpoint to results/unsteady/checkpoints/best.pt
Saved PyTorch checkpoint to results/unsteady/checkpoints/best.pt
Saved PyTorch checkpoint to results/unsteady/checkpoints/best.pt
Saved PyTorch checkpoint to results/unsteady/checkpoints/best.pt
Saved PyTorch checkpoint to results/unsteady/checkpoints/best.pt
Saved PyTorch checkpoint to results/unsteady/checkpoints/best.pt
Saved PyTorch checkpoint to results/unsteady/checkpoints/best.pt
Saved PyTorch checkpoint to results/unsteady/checkpoints/best.pt
Saved PyTorch checkpoint to results/unsteady/checkpoints/best.pt
Saved PyTorch checkpoint to results/unsteady/checkpoints/best.pt
Saved PyTorch checkpoint to results/unsteady/checkpoints/best.pt
Saved PyTorch checkpoint to results/unsteady/checkpoints/best.pt
Saved PyTorch checkpoint to results/unsteady/checkpoints/best.pt
Saved PyTorch checkpoint to results/unsteady/checkpoints/best.pt
Saved PyTorch checkpoint to results/unsteady/checkpoints/best.pt
Saved PyTorch checkpoint to results/unsteady/checkpoints/best.pt
Saved PyTorch checkpoint to results/unsteady/checkpoints/best.pt
Saved PyTorch checkpoint to results/unsteady/checkpoints/best.pt
Saved PyTorch checkpoint to results/unsteady/checkpoints/best.pt
Saved PyTorch checkpoint to results/unsteady/checkpoints/best.pt
Saved PyTorch checkpoint to results/unsteady/checkpoints/best.pt
Saved PyTorch checkpoint to results/unsteady/checkpoints/best.pt
Saved PyTorch checkpoint to results/unsteady/checkpoints/best.pt
Saved PyTorch checkpoint to results/unsteady/checkpoints/best.pt
Saved PyTorch checkpoint to results/unsteady/checkpoints/best.pt
Saved PyTorch checkpoint to results/unsteady/checkpoints/best.pt
Saved PyTorch checkpoint to results/unsteady/checkpoints/best.pt
Saved PyTorch checkpoint to results/unsteady/checkpoints/best.pt
Saved PyTorch checkpoint to results/unsteady/checkpoints/best.pt
Saved PyTorch checkpoint to results/unsteady/checkpoints/best.pt
Saved PyTorch checkpoint to results/unsteady/checkpoints/best.pt
Saved PyTorch checkpoint to results/unsteady/checkpoints/best.pt
Saved PyTorch checkpoint to results/unsteady/checkpoints/best.pt
Saved PyTorch checkpoint to results/unsteady/checkpoints/best.pt
Saved PyTorch checkpoint to results/unsteady/checkpoints/best.pt
Saved PyTorch checkpoint to results/unsteady/checkpoints/best.pt
Saved PyTorch checkpoint to results/unsteady/checkpoints/best.pt
Saved PyTorch checkpoint to results/unsteady/checkpoints/best.pt
Saved PyTorch checkpoint to results/unsteady/checkpoints/best.pt
Saved PyTorch checkpoint to results/unsteady/checkpoints/best.pt
Saved PyTorch checkpoint to results/unsteady/checkpoints/best.pt
Saved PyTorch checkpoint to results/unsteady/checkpoints/best.pt
Saved PyTorch checkpoint to results/unsteady/checkpoints/best.pt
Saved PyTorch checkpoint to results/unsteady/checkpoints/best.pt
Saved PyTorch checkpoint to results/unsteady/checkpoints/best.pt
Saved PyTorch checkpoint to results/unsteady/checkpoints/best.pt
Saved PyTorch checkpoint to results/unsteady/checkpoints/best.pt
Saved PyTorch checkpoint to results/unsteady/checkpoints/best.pt
Saved PyTorch checkpoint to results/unsteady/checkpoints/best.pt
Saved PyTorch checkpoint to results/unsteady/checkpoints/best.pt
Saved PyTorch checkpoint to results/unsteady/checkpoints/best.pt
Saved PyTorch checkpoint to results/unsteady/checkpoints/best.pt
Saved PyTorch checkpoint to results/unsteady/checkpoints/best.pt
Saved PyTorch checkpoint to results/unsteady/checkpoints/best.pt
Saved PyTorch checkpoint to results/unsteady/checkpoints/best.pt
Saved PyTorch checkpoint to results/unsteady/checkpoints/best.pt
Saved PyTorch checkpoint to results/unsteady/checkpoints/best.pt
Saved PyTorch checkpoint to results/unsteady/checkpoints/best.pt
Saved PyTorch checkpoint to results/unsteady/checkpoints/best.pt
Saved PyTorch checkpoint to results/unsteady/checkpoints/best.pt
Saved PyTorch checkpoint to results/unsteady/checkpoints/best.pt
Saved PyTorch checkpoint to results/unsteady/checkpoints/best.pt
Saved PyTorch checkpoint to results/unsteady/checkpoints/best.pt
Saved PyTorch checkpoint to results/unsteady/checkpoints/best.pt
Saved PyTorch checkpoint to results/unsteady/checkpoints/best.pt
Saved PyTorch checkpoint to results/unsteady/checkpoints/best.pt
Saved PyTorch checkpoint to results/unsteady/checkpoints/best.pt
Saved PyTorch checkpoint to results/unsteady/checkpoints/best.pt
Saved PyTorch checkpoint to results/unsteady/checkpoints/best.pt
Saved PyTorch checkpoint to results/unsteady/checkpoints/best.pt
Saved PyTorch checkpoint to results/unsteady/checkpoints/best.pt
Saved PyTorch checkpoint to results/unsteady/checkpoints/best.pt
Saved PyTorch checkpoint to results/unsteady/checkpoints/best.pt
Saved PyTorch checkpoint to results/unsteady/checkpoints/best.pt
Saved PyTorch checkpoint to results/unsteady/checkpoints/best.pt
Saved PyTorch checkpoint to results/unsteady/checkpoints/best.pt
Saved PyTorch checkpoint to results/unsteady/checkpoints/best.pt
Saved PyTorch checkpoint to results/unsteady/checkpoints/best.pt
Saved PyTorch checkpoint to results/unsteady/checkpoints/best.pt
Saved PyTorch checkpoint to results/unsteady/checkpoints/best.pt
Saved PyTorch checkpoint to results/unsteady/checkpoints/best.pt
Saved PyTorch checkpoint to results/unsteady/checkpoints/best.pt
Saved PyTorch checkpoint to results/unsteady/checkpoints/best.pt
Saved PyTorch checkpoint to results/unsteady/checkpoints/best.pt
Saved PyTorch checkpoint to results/unsteady/checkpoints/best.pt
Saved PyTorch checkpoint to results/unsteady/checkpoints/best.pt
Saved PyTorch checkpoint to results/unsteady/checkpoints/best.pt
Saved PyTorch checkpoint to results/unsteady/checkpoints/best.pt
Saved PyTorch checkpoint to results/unsteady/checkpoints/best.pt
Saved PyTorch checkpoint to results/unsteady/checkpoints/best.pt
Saved PyTorch checkpoint to results/unsteady/checkpoints/best.pt
Saved PyTorch checkpoint to results/unsteady/checkpoints/best.pt
Saved PyTorch checkpoint to results/unsteady/checkpoints/best.pt
Saved PyTorch checkpoint to results/unsteady/checkpoints/best.pt
Saved PyTorch checkpoint to results/unsteady/checkpoints/best.pt
Saved PyTorch checkpoint to results/unsteady/checkpoints/best.pt
Saved PyTorch checkpoint to results/unsteady/checkpoints/best.pt
Saved PyTorch checkpoint to results/unsteady/checkpoints/best.pt
Saved PyTorch checkpoint to results/unsteady/checkpoints/best.pt
Saved PyTorch checkpoint to results/unsteady/checkpoints/best.pt
Saved PyTorch checkpoint to results/unsteady/checkpoints/best.pt
Saved PyTorch checkpoint to results/unsteady/checkpoints/best.pt
Saved PyTorch checkpoint to results/unsteady/checkpoints/best.pt
Saved PyTorch checkpoint to results/unsteady/checkpoints/best.pt
Saved PyTorch checkpoint to results/unsteady/checkpoints/best.pt
Saved PyTorch checkpoint to results/unsteady/checkpoints/best.pt
Saved PyTorch checkpoint to results/unsteady/checkpoints/best.pt
Saved PyTorch checkpoint to results/unsteady/checkpoints/best.pt
Saved PyTorch checkpoint to results/unsteady/checkpoints/best.pt
Saved PyTorch checkpoint to results/unsteady/checkpoints/best.pt
Saved PyTorch checkpoint to results/unsteady/checkpoints/best.pt
Saved PyTorch checkpoint to results/unsteady/checkpoints/best.pt
Saved PyTorch checkpoint to results/unsteady/checkpoints/best.pt
Saved PyTorch checkpoint to results/unsteady/checkpoints/best.pt
Saved PyTorch checkpoint to results/unsteady/checkpoints/best.pt
Saved PyTorch checkpoint to results/unsteady/checkpoints/best.pt
Saved PyTorch checkpoint to results/unsteady/checkpoints/best.pt
Saved PyTorch checkpoint to results/unsteady/checkpoints/best.pt
Saved PyTorch checkpoint to results/unsteady/checkpoints/best.pt
Saved PyTorch checkpoint to results/unsteady/checkpoints/best.pt
Saved PyTorch checkpoint to results/unsteady/checkpoints/best.pt
Saved PyTorch checkpoint to results/unsteady/checkpoints/best.pt
Saved PyTorch checkpoint to results/unsteady/checkpoints/best.pt
Saved PyTorch checkpoint to results/unsteady/checkpoints/best.pt
Saved PyTorch checkpoint to results/unsteady/checkpoints/best.pt
Saved PyTorch checkpoint to results/unsteady/checkpoints/best.pt
Saved PyTorch checkpoint to results/unsteady/checkpoints/best.pt
Saved PyTorch checkpoint to results/unsteady/checkpoints/best.pt
Saved PyTorch checkpoint to results/unsteady/checkpoints/best.pt
Saved PyTorch checkpoint to results/unsteady/checkpoints/best.pt
Saved PyTorch checkpoint to results/unsteady/checkpoints/best.pt
Saved PyTorch checkpoint to results/unsteady/checkpoints/best.pt
Saved PyTorch checkpoint to results/unsteady/checkpoints/best.pt
Saved PyTorch checkpoint to results/unsteady/checkpoints/best.pt
Saved PyTorch checkpoint to results/unsteady/checkpoints/best.pt
Saved PyTorch checkpoint to results/unsteady/checkpoints/best.pt
Saved PyTorch checkpoint to results/unsteady/checkpoints/best.pt
Saved PyTorch checkpoint to results/unsteady/checkpoints/best.pt
Saved PyTorch checkpoint to results/unsteady/checkpoints/best.pt
Saved PyTorch checkpoint to results/unsteady/checkpoints/best.pt
Saved PyTorch checkpoint to results/unsteady/checkpoints/best.pt
Saved PyTorch checkpoint to results/unsteady/checkpoints/best.pt
Saved PyTorch checkpoint to results/unsteady/checkpoints/best.pt
Saved PyTorch checkpoint to results/unsteady/checkpoints/best.pt
Saved PyTorch checkpoint to results/unsteady/checkpoints/best.pt
Saved PyTorch checkpoint to results/unsteady/checkpoints/best.pt
Saved PyTorch checkpoint to results/unsteady/checkpoints/best.pt
Saved PyTorch checkpoint to results/unsteady/checkpoints/best.pt
Saved PyTorch checkpoint to results/unsteady/checkpoints/best.pt
Saved PyTorch checkpoint to results/unsteady/checkpoints/best.pt
Saved PyTorch checkpoint to results/unsteady/checkpoints/best.pt
Saved PyTorch checkpoint to results/unsteady/checkpoints/best.pt
Saved PyTorch checkpoint to results/unsteady/checkpoints/best.pt
Saved PyTorch checkpoint to results/unsteady/checkpoints/best.pt
Adam 400 | total=3.284e-01 f=1.568e-02 ic=3.053e-03 wall=2.885e-02 inlet=3.305e-02 outlet=1.510e-04 lr=5.000e-04
Saved PyTorch checkpoint to results/unsteady/checkpoints/best.pt
Saved PyTorch checkpoint to results/unsteady/checkpoints/best.pt
Saved PyTorch checkpoint to results/unsteady/checkpoints/best.pt
Saved PyTorch checkpoint to results/unsteady/checkpoints/best.pt
Saved PyTorch checkpoint to results/unsteady/checkpoints/best.pt
Saved PyTorch checkpoint to results/unsteady/checkpoints/best.pt
Saved PyTorch checkpoint to results/unsteady/checkpoints/best.pt
Saved PyTorch checkpoint to results/unsteady/checkpoints/best.pt
Saved PyTorch checkpoint to results/unsteady/checkpoints/best.pt
Saved PyTorch checkpoint to results/unsteady/checkpoints/best.pt
Saved PyTorch checkpoint to results/unsteady/checkpoints/best.pt
Saved PyTorch checkpoint to results/unsteady/checkpoints/best.pt
Saved PyTorch checkpoint to results/unsteady/checkpoints/best.pt
Saved PyTorch checkpoint to results/unsteady/checkpoints/best.pt
Saved PyTorch checkpoint to results/unsteady/checkpoints/best.pt
Saved PyTorch checkpoint to results/unsteady/checkpoints/best.pt
Saved PyTorch checkpoint to results/unsteady/checkpoints/best.pt
Saved PyTorch checkpoint to results/unsteady/checkpoints/best.pt
Saved PyTorch checkpoint to results/unsteady/checkpoints/best.pt
Saved PyTorch checkpoint to results/unsteady/checkpoints/best.pt
Saved PyTorch checkpoint to results/unsteady/checkpoints/best.pt
Saved PyTorch checkpoint to results/unsteady/checkpoints/best.pt
Saved PyTorch checkpoint to results/unsteady/checkpoints/best.pt
Saved PyTorch checkpoint to results/unsteady/checkpoints/best.pt
Saved PyTorch checkpoint to results/unsteady/checkpoints/best.pt
Saved PyTorch checkpoint to results/unsteady/checkpoints/best.pt
Saved PyTorch checkpoint to results/unsteady/checkpoints/best.pt
Saved PyTorch checkpoint to results/unsteady/checkpoints/best.pt
Saved PyTorch checkpoint to results/unsteady/checkpoints/best.pt
Saved PyTorch checkpoint to results/unsteady/checkpoints/best.pt
Saved PyTorch checkpoint to results/unsteady/checkpoints/best.pt
Saved PyTorch checkpoint to results/unsteady/checkpoints/best.pt
Saved PyTorch checkpoint to results/unsteady/checkpoints/best.pt
Saved PyTorch checkpoint to results/unsteady/checkpoints/best.pt
Saved PyTorch checkpoint to results/unsteady/checkpoints/best.pt
Saved PyTorch checkpoint to results/unsteady/checkpoints/best.pt
Saved PyTorch checkpoint to results/unsteady/checkpoints/best.pt
Saved PyTorch checkpoint to results/unsteady/checkpoints/best.pt
Saved PyTorch checkpoint to results/unsteady/checkpoints/best.pt
Saved PyTorch checkpoint to results/unsteady/checkpoints/best.pt
Saved PyTorch checkpoint to results/unsteady/checkpoints/best.pt
Saved PyTorch checkpoint to results/unsteady/checkpoints/best.pt
Saved PyTorch checkpoint to results/unsteady/checkpoints/best.pt
Saved PyTorch checkpoint to results/unsteady/checkpoints/best.pt
Saved PyTorch checkpoint to results/unsteady/checkpoints/best.pt
Saved PyTorch checkpoint to results/unsteady/checkpoints/best.pt
Saved PyTorch checkpoint to results/unsteady/checkpoints/best.pt
Saved PyTorch checkpoint to results/unsteady/checkpoints/best.pt
Saved PyTorch checkpoint to results/unsteady/checkpoints/best.pt
Saved PyTorch checkpoint to results/unsteady/checkpoints/best.pt
Saved PyTorch checkpoint to results/unsteady/checkpoints/best.pt
Saved PyTorch checkpoint to results/unsteady/checkpoints/best.pt
Saved PyTorch checkpoint to results/unsteady/checkpoints/best.pt
Saved PyTorch checkpoint to results/unsteady/checkpoints/best.pt
Saved PyTorch checkpoint to results/unsteady/checkpoints/best.pt
Saved PyTorch checkpoint to results/unsteady/checkpoints/best.pt
Saved PyTorch checkpoint to results/unsteady/checkpoints/best.pt
Saved PyTorch checkpoint to results/unsteady/checkpoints/best.pt
Saved PyTorch checkpoint to results/unsteady/checkpoints/best.pt
Saved PyTorch checkpoint to results/unsteady/checkpoints/best.pt
Saved PyTorch checkpoint to results/unsteady/checkpoints/best.pt
Saved PyTorch checkpoint to results/unsteady/checkpoints/best.pt
Saved PyTorch checkpoint to results/unsteady/checkpoints/best.pt
Saved PyTorch checkpoint to results/unsteady/checkpoints/best.pt
Saved PyTorch checkpoint to results/unsteady/checkpoints/best.pt
Saved PyTorch checkpoint to results/unsteady/checkpoints/best.pt
Saved PyTorch checkpoint to results/unsteady/checkpoints/best.pt
Saved PyTorch checkpoint to results/unsteady/checkpoints/best.pt
Saved PyTorch checkpoint to results/unsteady/checkpoints/best.pt
Saved PyTorch checkpoint to results/unsteady/checkpoints/best.pt
Saved PyTorch checkpoint to results/unsteady/checkpoints/best.pt
Saved PyTorch checkpoint to results/unsteady/checkpoints/best.pt
Saved PyTorch checkpoint to results/unsteady/checkpoints/best.pt
Saved PyTorch checkpoint to results/unsteady/checkpoints/best.pt
Saved PyTorch checkpoint to results/unsteady/checkpoints/best.pt
Saved PyTorch checkpoint to results/unsteady/checkpoints/best.pt
Saved PyTorch checkpoint to results/unsteady/checkpoints/best.pt
Saved PyTorch checkpoint to results/unsteady/checkpoints/best.pt
Saved PyTorch checkpoint to results/unsteady/checkpoints/best.pt
Saved PyTorch checkpoint to results/unsteady/checkpoints/best.pt
Saved PyTorch checkpoint to results/unsteady/checkpoints/best.pt
Saved PyTorch checkpoint to results/unsteady/checkpoints/best.pt
Saved PyTorch checkpoint to results/unsteady/checkpoints/best.pt
Saved PyTorch checkpoint to results/unsteady/checkpoints/best.pt
Saved PyTorch checkpoint to results/unsteady/checkpoints/best.pt
Saved PyTorch checkpoint to results/unsteady/checkpoints/best.pt
Saved PyTorch checkpoint to results/unsteady/checkpoints/best.pt
Saved PyTorch checkpoint to results/unsteady/checkpoints/best.pt
Saved PyTorch checkpoint to results/unsteady/checkpoints/best.pt
Saved PyTorch checkpoint to results/unsteady/checkpoints/best.pt
Saved PyTorch checkpoint to results/unsteady/checkpoints/best.pt
Saved PyTorch checkpoint to results/unsteady/checkpoints/best.pt
Saved PyTorch checkpoint to results/unsteady/checkpoints/best.pt
Saved PyTorch checkpoint to results/unsteady/checkpoints/best.pt
Saved PyTorch checkpoint to results/unsteady/checkpoints/best.pt
Saved PyTorch checkpoint to results/unsteady/checkpoints/best.pt
Saved PyTorch checkpoint to results/unsteady/checkpoints/best.pt
Saved PyTorch checkpoint to results/unsteady/checkpoints/best.pt
Saved PyTorch checkpoint to results/unsteady/checkpoints/best.pt
Saved PyTorch checkpoint to results/unsteady/checkpoints/best.pt
Saved PyTorch checkpoint to results/unsteady/checkpoints/best.pt
Saved PyTorch checkpoint to results/unsteady/checkpoints/best.pt
Saved PyTorch checkpoint to results/unsteady/checkpoints/best.pt
Saved PyTorch checkpoint to results/unsteady/checkpoints/best.pt
Saved PyTorch checkpoint to results/unsteady/checkpoints/best.pt
Saved PyTorch checkpoint to results/unsteady/checkpoints/best.pt
Saved PyTorch checkpoint to results/unsteady/checkpoints/best.pt
Saved PyTorch checkpoint to results/unsteady/checkpoints/best.pt
Saved PyTorch checkpoint to results/unsteady/checkpoints/best.pt
Saved PyTorch checkpoint to results/unsteady/checkpoints/best.pt
Saved PyTorch checkpoint to results/unsteady/checkpoints/best.pt
Saved PyTorch checkpoint to results/unsteady/checkpoints/best.pt
Saved PyTorch checkpoint to results/unsteady/checkpoints/best.pt
Saved PyTorch checkpoint to results/unsteady/checkpoints/best.pt
Saved PyTorch checkpoint to results/unsteady/checkpoints/best.pt
Saved PyTorch checkpoint to results/unsteady/checkpoints/best.pt
Saved PyTorch checkpoint to results/unsteady/checkpoints/best.pt
Saved PyTorch checkpoint to results/unsteady/checkpoints/best.pt
Saved PyTorch checkpoint to results/unsteady/checkpoints/best.pt
Saved PyTorch checkpoint to results/unsteady/checkpoints/best.pt
Saved PyTorch checkpoint to results/unsteady/checkpoints/best.pt
Saved PyTorch checkpoint to results/unsteady/checkpoints/best.pt
Saved PyTorch checkpoint to results/unsteady/checkpoints/best.pt
Saved PyTorch checkpoint to results/unsteady/checkpoints/best.pt
Saved PyTorch checkpoint to results/unsteady/checkpoints/best.pt
Saved PyTorch checkpoint to results/unsteady/checkpoints/best.pt
Saved PyTorch checkpoint to results/unsteady/checkpoints/best.pt
Saved PyTorch checkpoint to results/unsteady/checkpoints/best.pt
Saved PyTorch checkpoint to results/unsteady/checkpoints/best.pt
Saved PyTorch checkpoint to results/unsteady/checkpoints/best.pt
Saved PyTorch checkpoint to results/unsteady/checkpoints/best.pt
Saved PyTorch checkpoint to results/unsteady/checkpoints/best.pt
Saved PyTorch checkpoint to results/unsteady/checkpoints/best.pt
Saved PyTorch checkpoint to results/unsteady/checkpoints/best.pt
Saved PyTorch checkpoint to results/unsteady/checkpoints/best.pt
Saved PyTorch checkpoint to results/unsteady/checkpoints/best.pt
Saved PyTorch checkpoint to results/unsteady/checkpoints/best.pt
Saved PyTorch checkpoint to results/unsteady/checkpoints/best.pt
Saved PyTorch checkpoint to results/unsteady/checkpoints/best.pt
Saved PyTorch checkpoint to results/unsteady/checkpoints/best.pt
Saved PyTorch checkpoint to results/unsteady/checkpoints/best.pt
Saved PyTorch checkpoint to results/unsteady/checkpoints/best.pt
Saved PyTorch checkpoint to results/unsteady/checkpoints/best.pt
Saved PyTorch checkpoint to results/unsteady/checkpoints/best.pt
Saved PyTorch checkpoint to results/unsteady/checkpoints/best.pt
Saved PyTorch checkpoint to results/unsteady/checkpoints/best.pt
Saved PyTorch checkpoint to results/unsteady/checkpoints/best.pt
Saved PyTorch checkpoint to results/unsteady/checkpoints/best.pt
Saved PyTorch checkpoint to results/unsteady/checkpoints/best.pt
Saved PyTorch checkpoint to results/unsteady/checkpoints/best.pt
Saved PyTorch checkpoint to results/unsteady/checkpoints/best.pt
Saved PyTorch checkpoint to results/unsteady/checkpoints/best.pt
Saved PyTorch checkpoint to results/unsteady/checkpoints/best.pt
Saved PyTorch checkpoint to results/unsteady/checkpoints/best.pt
Saved PyTorch checkpoint to results/unsteady/checkpoints/best.pt
Saved PyTorch checkpoint to results/unsteady/checkpoints/best.pt
Saved PyTorch checkpoint to results/unsteady/checkpoints/best.pt
Saved PyTorch checkpoint to results/unsteady/checkpoints/best.pt
Saved PyTorch checkpoint to results/unsteady/checkpoints/best.pt
Saved PyTorch checkpoint to results/unsteady/checkpoints/best.pt
Saved PyTorch checkpoint to results/unsteady/checkpoints/best.pt
Saved PyTorch checkpoint to results/unsteady/checkpoints/best.pt
Saved PyTorch checkpoint to results/unsteady/checkpoints/best.pt
Saved PyTorch checkpoint to results/unsteady/checkpoints/best.pt
Saved PyTorch checkpoint to results/unsteady/checkpoints/best.pt
Saved PyTorch checkpoint to results/unsteady/checkpoints/best.pt
Saved PyTorch checkpoint to results/unsteady/checkpoints/best.pt
Saved PyTorch checkpoint to results/unsteady/checkpoints/best.pt
Saved PyTorch checkpoint to results/unsteady/checkpoints/best.pt
Saved PyTorch checkpoint to results/unsteady/checkpoints/best.pt
Saved PyTorch checkpoint to results/unsteady/checkpoints/best.pt
Saved PyTorch checkpoint to results/unsteady/checkpoints/best.pt
Saved PyTorch checkpoint to results/unsteady/checkpoints/best.pt
Saved PyTorch checkpoint to results/unsteady/checkpoints/best.pt
Saved PyTorch checkpoint to results/unsteady/checkpoints/best.pt
Saved PyTorch checkpoint to results/unsteady/checkpoints/best.pt
Saved PyTorch checkpoint to results/unsteady/checkpoints/best.pt
Saved PyTorch checkpoint to results/unsteady/checkpoints/best.pt
Saved PyTorch checkpoint to results/unsteady/checkpoints/best.pt
Saved PyTorch checkpoint to results/unsteady/checkpoints/best.pt
Saved PyTorch checkpoint to results/unsteady/checkpoints/best.pt
Saved PyTorch checkpoint to results/unsteady/checkpoints/best.pt
Saved PyTorch checkpoint to results/unsteady/checkpoints/best.pt
Saved PyTorch checkpoint to results/unsteady/checkpoints/best.pt
Saved PyTorch checkpoint to results/unsteady/checkpoints/best.pt
Saved PyTorch checkpoint to results/unsteady/checkpoints/best.pt
Saved PyTorch checkpoint to results/unsteady/checkpoints/best.pt
Saved PyTorch checkpoint to results/unsteady/checkpoints/best.pt
Saved PyTorch checkpoint to results/unsteady/checkpoints/best.pt
Saved PyTorch checkpoint to results/unsteady/checkpoints/best.pt
Saved PyTorch checkpoint to results/unsteady/checkpoints/best.pt
Saved PyTorch checkpoint to results/unsteady/checkpoints/best.pt
Saved PyTorch checkpoint to results/unsteady/checkpoints/best.pt
Saved PyTorch checkpoint to results/unsteady/checkpoints/best.pt
Saved PyTorch checkpoint to results/unsteady/checkpoints/best.pt
Saved PyTorch checkpoint to results/unsteady/checkpoints/best.pt
Saved PyTorch checkpoint to results/unsteady/checkpoints/best.pt
Saved PyTorch checkpoint to results/unsteady/checkpoints/best.pt
Saved PyTorch checkpoint to results/unsteady/checkpoints/best.pt
Saved PyTorch checkpoint to results/unsteady/checkpoints/best.pt
Adam 600 | total=2.883e-01 f=1.357e-02 ic=1.473e-03 wall=2.582e-02 inlet=2.879e-02 outlet=2.234e-04 lr=5.000e-04
Saved PyTorch checkpoint to results/unsteady/checkpoints/best.pt
Saved PyTorch checkpoint to results/unsteady/checkpoints/best.pt
Saved PyTorch checkpoint to results/unsteady/checkpoints/best.pt
Saved PyTorch checkpoint to results/unsteady/checkpoints/best.pt
Saved PyTorch checkpoint to results/unsteady/checkpoints/best.pt
Saved PyTorch checkpoint to results/unsteady/checkpoints/best.pt
Saved PyTorch checkpoint to results/unsteady/checkpoints/best.pt
Saved PyTorch checkpoint to results/unsteady/checkpoints/best.pt
Saved PyTorch checkpoint to results/unsteady/checkpoints/best.pt
Saved PyTorch checkpoint to results/unsteady/checkpoints/best.pt
Saved PyTorch checkpoint to results/unsteady/checkpoints/best.pt
Saved PyTorch checkpoint to results/unsteady/checkpoints/best.pt
Saved PyTorch checkpoint to results/unsteady/checkpoints/best.pt
Saved PyTorch checkpoint to results/unsteady/checkpoints/best.pt
Saved PyTorch checkpoint to results/unsteady/checkpoints/best.pt
Saved PyTorch checkpoint to results/unsteady/checkpoints/best.pt
Saved PyTorch checkpoint to results/unsteady/checkpoints/best.pt
Saved PyTorch checkpoint to results/unsteady/checkpoints/best.pt
Saved PyTorch checkpoint to results/unsteady/checkpoints/best.pt
Saved PyTorch checkpoint to results/unsteady/checkpoints/best.pt
Saved PyTorch checkpoint to results/unsteady/checkpoints/best.pt
Saved PyTorch checkpoint to results/unsteady/checkpoints/best.pt
Saved PyTorch checkpoint to results/unsteady/checkpoints/best.pt
Saved PyTorch checkpoint to results/unsteady/checkpoints/best.pt
Saved PyTorch checkpoint to results/unsteady/checkpoints/best.pt
Saved PyTorch checkpoint to results/unsteady/checkpoints/best.pt
Saved PyTorch checkpoint to results/unsteady/checkpoints/best.pt
Saved PyTorch checkpoint to results/unsteady/checkpoints/best.pt
Saved PyTorch checkpoint to results/unsteady/checkpoints/best.pt
Saved PyTorch checkpoint to results/unsteady/checkpoints/best.pt
Saved PyTorch checkpoint to results/unsteady/checkpoints/best.pt
Saved PyTorch checkpoint to results/unsteady/checkpoints/best.pt
Saved PyTorch checkpoint to results/unsteady/checkpoints/best.pt
Saved PyTorch checkpoint to results/unsteady/checkpoints/best.pt
Saved PyTorch checkpoint to results/unsteady/checkpoints/best.pt
Saved PyTorch checkpoint to results/unsteady/checkpoints/best.pt
Saved PyTorch checkpoint to results/unsteady/checkpoints/best.pt
Saved PyTorch checkpoint to results/unsteady/checkpoints/best.pt
Saved PyTorch checkpoint to results/unsteady/checkpoints/best.pt
Saved PyTorch checkpoint to results/unsteady/checkpoints/best.pt
Saved PyTorch checkpoint to results/unsteady/checkpoints/best.pt
Saved PyTorch checkpoint to results/unsteady/checkpoints/best.pt
Saved PyTorch checkpoint to results/unsteady/checkpoints/best.pt
Saved PyTorch checkpoint to results/unsteady/checkpoints/best.pt
Saved PyTorch checkpoint to results/unsteady/checkpoints/best.pt
Saved PyTorch checkpoint to results/unsteady/checkpoints/best.pt
Saved PyTorch checkpoint to results/unsteady/checkpoints/best.pt
Saved PyTorch checkpoint to results/unsteady/checkpoints/best.pt
Saved PyTorch checkpoint to results/unsteady/checkpoints/best.pt
Saved PyTorch checkpoint to results/unsteady/checkpoints/best.pt
Saved PyTorch checkpoint to results/unsteady/checkpoints/best.pt
Saved PyTorch checkpoint to results/unsteady/checkpoints/best.pt
Saved PyTorch checkpoint to results/unsteady/checkpoints/best.pt
Saved PyTorch checkpoint to results/unsteady/checkpoints/best.pt
Saved PyTorch checkpoint to results/unsteady/checkpoints/best.pt
Saved PyTorch checkpoint to results/unsteady/checkpoints/best.pt
Saved PyTorch checkpoint to results/unsteady/checkpoints/best.pt
Saved PyTorch checkpoint to results/unsteady/checkpoints/best.pt
Saved PyTorch checkpoint to results/unsteady/checkpoints/best.pt
Saved PyTorch checkpoint to results/unsteady/checkpoints/best.pt
Saved PyTorch checkpoint to results/unsteady/checkpoints/best.pt
Saved PyTorch checkpoint to results/unsteady/checkpoints/best.pt
Saved PyTorch checkpoint to results/unsteady/checkpoints/best.pt
Saved PyTorch checkpoint to results/unsteady/checkpoints/best.pt
Saved PyTorch checkpoint to results/unsteady/checkpoints/best.pt
Saved PyTorch checkpoint to results/unsteady/checkpoints/best.pt
Saved PyTorch checkpoint to results/unsteady/checkpoints/best.pt
Saved PyTorch checkpoint to results/unsteady/checkpoints/best.pt
Saved PyTorch checkpoint to results/unsteady/checkpoints/best.pt
Saved PyTorch checkpoint to results/unsteady/checkpoints/best.pt
Saved PyTorch checkpoint to results/unsteady/checkpoints/best.pt
Saved PyTorch checkpoint to results/unsteady/checkpoints/best.pt
Saved PyTorch checkpoint to results/unsteady/checkpoints/best.pt
Saved PyTorch checkpoint to results/unsteady/checkpoints/best.pt
Saved PyTorch checkpoint to results/unsteady/checkpoints/best.pt
Saved PyTorch checkpoint to results/unsteady/checkpoints/best.pt
Saved PyTorch checkpoint to results/unsteady/checkpoints/best.pt
Saved PyTorch checkpoint to results/unsteady/checkpoints/best.pt
Saved PyTorch checkpoint to results/unsteady/checkpoints/best.pt
Saved PyTorch checkpoint to results/unsteady/checkpoints/best.pt
Saved PyTorch checkpoint to results/unsteady/checkpoints/best.pt
Saved PyTorch checkpoint to results/unsteady/checkpoints/best.pt
Saved PyTorch checkpoint to results/unsteady/checkpoints/best.pt
Saved PyTorch checkpoint to results/unsteady/checkpoints/best.pt
Saved PyTorch checkpoint to results/unsteady/checkpoints/best.pt
Saved PyTorch checkpoint to results/unsteady/checkpoints/best.pt
Saved PyTorch checkpoint to results/unsteady/checkpoints/best.pt
Saved PyTorch checkpoint to results/unsteady/checkpoints/best.pt
Saved PyTorch checkpoint to results/unsteady/checkpoints/best.pt
Saved PyTorch checkpoint to results/unsteady/checkpoints/best.pt
Saved PyTorch checkpoint to results/unsteady/checkpoints/best.pt
Saved PyTorch checkpoint to results/unsteady/checkpoints/best.pt
Saved PyTorch checkpoint to results/unsteady/checkpoints/best.pt
Saved PyTorch checkpoint to results/unsteady/checkpoints/best.pt
Saved PyTorch checkpoint to results/unsteady/checkpoints/best.pt
Saved PyTorch checkpoint to results/unsteady/checkpoints/best.pt
Saved PyTorch checkpoint to results/unsteady/checkpoints/best.pt
Saved PyTorch checkpoint to results/unsteady/checkpoints/best.pt
Saved PyTorch checkpoint to results/unsteady/checkpoints/best.pt
Saved PyTorch checkpoint to results/unsteady/checkpoints/best.pt
Saved PyTorch checkpoint to results/unsteady/checkpoints/best.pt
Saved PyTorch checkpoint to results/unsteady/checkpoints/best.pt
Saved PyTorch checkpoint to results/unsteady/checkpoints/best.pt
Saved PyTorch checkpoint to results/unsteady/checkpoints/best.pt
Saved PyTorch checkpoint to results/unsteady/checkpoints/best.pt
Saved PyTorch checkpoint to results/unsteady/checkpoints/best.pt
Saved PyTorch checkpoint to results/unsteady/checkpoints/best.pt
Saved PyTorch checkpoint to results/unsteady/checkpoints/best.pt
Saved PyTorch checkpoint to results/unsteady/checkpoints/best.pt
Saved PyTorch checkpoint to results/unsteady/checkpoints/best.pt
Saved PyTorch checkpoint to results/unsteady/checkpoints/best.pt
Saved PyTorch checkpoint to results/unsteady/checkpoints/best.pt
Saved PyTorch checkpoint to results/unsteady/checkpoints/best.pt
Saved PyTorch checkpoint to results/unsteady/checkpoints/best.pt
Saved PyTorch checkpoint to results/unsteady/checkpoints/best.pt
Saved PyTorch checkpoint to results/unsteady/checkpoints/best.pt
Saved PyTorch checkpoint to results/unsteady/checkpoints/best.pt
Saved PyTorch checkpoint to results/unsteady/checkpoints/best.pt
Saved PyTorch checkpoint to results/unsteady/checkpoints/best.pt
Saved PyTorch checkpoint to results/unsteady/checkpoints/best.pt
Saved PyTorch checkpoint to results/unsteady/checkpoints/best.pt
Saved PyTorch checkpoint to results/unsteady/checkpoints/best.pt
Saved PyTorch checkpoint to results/unsteady/checkpoints/best.pt
Saved PyTorch checkpoint to results/unsteady/checkpoints/best.pt
Saved PyTorch checkpoint to results/unsteady/checkpoints/best.pt
Saved PyTorch checkpoint to results/unsteady/checkpoints/best.pt
Saved PyTorch checkpoint to results/unsteady/checkpoints/best.pt
Saved PyTorch checkpoint to results/unsteady/checkpoints/best.pt
Saved PyTorch checkpoint to results/unsteady/checkpoints/best.pt
Saved PyTorch checkpoint to results/unsteady/checkpoints/best.pt
Saved PyTorch checkpoint to results/unsteady/checkpoints/best.pt
Saved PyTorch checkpoint to results/unsteady/checkpoints/best.pt
Saved PyTorch checkpoint to results/unsteady/checkpoints/best.pt
Saved PyTorch checkpoint to results/unsteady/checkpoints/best.pt
Saved PyTorch checkpoint to results/unsteady/checkpoints/best.pt
Saved PyTorch checkpoint to results/unsteady/checkpoints/best.pt
Saved PyTorch checkpoint to results/unsteady/checkpoints/best.pt
Saved PyTorch checkpoint to results/unsteady/checkpoints/best.pt
Saved PyTorch checkpoint to results/unsteady/checkpoints/best.pt
Saved PyTorch checkpoint to results/unsteady/checkpoints/best.pt
Saved PyTorch checkpoint to results/unsteady/checkpoints/best.pt
Saved PyTorch checkpoint to results/unsteady/checkpoints/best.pt
Saved PyTorch checkpoint to results/unsteady/checkpoints/best.pt
Saved PyTorch checkpoint to results/unsteady/checkpoints/best.pt
Saved PyTorch checkpoint to results/unsteady/checkpoints/best.pt
Saved PyTorch checkpoint to results/unsteady/checkpoints/best.pt
Saved PyTorch checkpoint to results/unsteady/checkpoints/best.pt
Saved PyTorch checkpoint to results/unsteady/checkpoints/best.pt
Saved PyTorch checkpoint to results/unsteady/checkpoints/best.pt
Saved PyTorch checkpoint to results/unsteady/checkpoints/best.pt
Saved PyTorch checkpoint to results/unsteady/checkpoints/best.pt
Saved PyTorch checkpoint to results/unsteady/checkpoints/best.pt
Saved PyTorch checkpoint to results/unsteady/checkpoints/best.pt
Saved PyTorch checkpoint to results/unsteady/checkpoints/best.pt
Saved PyTorch checkpoint to results/unsteady/checkpoints/best.pt
Saved PyTorch checkpoint to results/unsteady/checkpoints/best.pt
Saved PyTorch checkpoint to results/unsteady/checkpoints/best.pt
Saved PyTorch checkpoint to results/unsteady/checkpoints/best.pt
Saved PyTorch checkpoint to results/unsteady/checkpoints/best.pt
Saved PyTorch checkpoint to results/unsteady/checkpoints/best.pt
Saved PyTorch checkpoint to results/unsteady/checkpoints/best.pt
Saved PyTorch checkpoint to results/unsteady/checkpoints/best.pt
Saved PyTorch checkpoint to results/unsteady/checkpoints/best.pt
Saved PyTorch checkpoint to results/unsteady/checkpoints/best.pt
Saved PyTorch checkpoint to results/unsteady/checkpoints/best.pt
Saved PyTorch checkpoint to results/unsteady/checkpoints/best.pt
Saved PyTorch checkpoint to results/unsteady/checkpoints/best.pt
Saved PyTorch checkpoint to results/unsteady/checkpoints/best.pt
Saved PyTorch checkpoint to results/unsteady/checkpoints/best.pt
Saved PyTorch checkpoint to results/unsteady/checkpoints/best.pt
Saved PyTorch checkpoint to results/unsteady/checkpoints/best.pt
Saved PyTorch checkpoint to results/unsteady/checkpoints/best.pt
Saved PyTorch checkpoint to results/unsteady/checkpoints/best.pt
Saved PyTorch checkpoint to results/unsteady/checkpoints/best.pt
Saved PyTorch checkpoint to results/unsteady/checkpoints/best.pt
Saved PyTorch checkpoint to results/unsteady/checkpoints/best.pt
Saved PyTorch checkpoint to results/unsteady/checkpoints/best.pt
Saved PyTorch checkpoint to results/unsteady/checkpoints/best.pt
Saved PyTorch checkpoint to results/unsteady/checkpoints/best.pt
Saved PyTorch checkpoint to results/unsteady/checkpoints/best.pt
Saved PyTorch checkpoint to results/unsteady/checkpoints/best.pt
Saved PyTorch checkpoint to results/unsteady/checkpoints/best.pt
Saved PyTorch checkpoint to results/unsteady/checkpoints/best.pt
Saved PyTorch checkpoint to results/unsteady/checkpoints/best.pt
Saved PyTorch checkpoint to results/unsteady/checkpoints/best.pt
Saved PyTorch checkpoint to results/unsteady/checkpoints/best.pt
Saved PyTorch checkpoint to results/unsteady/checkpoints/best.pt
Saved PyTorch checkpoint to results/unsteady/checkpoints/best.pt
Saved PyTorch checkpoint to results/unsteady/checkpoints/best.pt
Saved PyTorch checkpoint to results/unsteady/checkpoints/best.pt
Saved PyTorch checkpoint to results/unsteady/checkpoints/best.pt
Saved PyTorch checkpoint to results/unsteady/checkpoints/best.pt
Saved PyTorch checkpoint to results/unsteady/checkpoints/best.pt
Saved PyTorch checkpoint to results/unsteady/checkpoints/best.pt
Saved PyTorch checkpoint to results/unsteady/checkpoints/best.pt
Saved PyTorch checkpoint to results/unsteady/checkpoints/best.pt
Saved PyTorch checkpoint to results/unsteady/checkpoints/best.pt
Saved PyTorch checkpoint to results/unsteady/checkpoints/best.pt
Saved PyTorch checkpoint to results/unsteady/checkpoints/best.pt
Saved PyTorch checkpoint to results/unsteady/checkpoints/best.pt
Adam 800 | total=2.658e-01 f=1.382e-02 ic=1.221e-03 wall=2.376e-02 inlet=2.635e-02 outlet=2.258e-04 lr=5.000e-04
Saved PyTorch checkpoint to results/unsteady/checkpoints/best.pt
Saved PyTorch checkpoint to results/unsteady/checkpoints/best.pt
Saved PyTorch checkpoint to results/unsteady/checkpoints/best.pt
Saved PyTorch checkpoint to results/unsteady/checkpoints/best.pt
Saved PyTorch checkpoint to results/unsteady/checkpoints/best.pt
Saved PyTorch checkpoint to results/unsteady/checkpoints/best.pt
Saved PyTorch checkpoint to results/unsteady/checkpoints/best.pt
Saved PyTorch checkpoint to results/unsteady/checkpoints/best.pt
Saved PyTorch checkpoint to results/unsteady/checkpoints/best.pt
Saved PyTorch checkpoint to results/unsteady/checkpoints/best.pt
Saved PyTorch checkpoint to results/unsteady/checkpoints/best.pt
Saved PyTorch checkpoint to results/unsteady/checkpoints/best.pt
Saved PyTorch checkpoint to results/unsteady/checkpoints/best.pt
Saved PyTorch checkpoint to results/unsteady/checkpoints/best.pt
Saved PyTorch checkpoint to results/unsteady/checkpoints/best.pt
Saved PyTorch checkpoint to results/unsteady/checkpoints/best.pt
Saved PyTorch checkpoint to results/unsteady/checkpoints/best.pt
Saved PyTorch checkpoint to results/unsteady/checkpoints/best.pt
Saved PyTorch checkpoint to results/unsteady/checkpoints/best.pt
Saved PyTorch checkpoint to results/unsteady/checkpoints/best.pt
Saved PyTorch checkpoint to results/unsteady/checkpoints/best.pt
Saved PyTorch checkpoint to results/unsteady/checkpoints/best.pt
Saved PyTorch checkpoint to results/unsteady/checkpoints/best.pt
Saved PyTorch checkpoint to results/unsteady/checkpoints/best.pt
Saved PyTorch checkpoint to results/unsteady/checkpoints/best.pt
Saved PyTorch checkpoint to results/unsteady/checkpoints/best.pt
Saved PyTorch checkpoint to results/unsteady/checkpoints/best.pt
Saved PyTorch checkpoint to results/unsteady/checkpoints/best.pt
Saved PyTorch checkpoint to results/unsteady/checkpoints/best.pt
Saved PyTorch checkpoint to results/unsteady/checkpoints/best.pt
Saved PyTorch checkpoint to results/unsteady/checkpoints/best.pt
Saved PyTorch checkpoint to results/unsteady/checkpoints/best.pt
Saved PyTorch checkpoint to results/unsteady/checkpoints/best.pt
Saved PyTorch checkpoint to results/unsteady/checkpoints/best.pt
Saved PyTorch checkpoint to results/unsteady/checkpoints/best.pt
Saved PyTorch checkpoint to results/unsteady/checkpoints/best.pt
Saved PyTorch checkpoint to results/unsteady/checkpoints/best.pt
Saved PyTorch checkpoint to results/unsteady/checkpoints/best.pt
Saved PyTorch checkpoint to results/unsteady/checkpoints/best.pt
Saved PyTorch checkpoint to results/unsteady/checkpoints/best.pt
Saved PyTorch checkpoint to results/unsteady/checkpoints/best.pt
Saved PyTorch checkpoint to results/unsteady/checkpoints/best.pt
Saved PyTorch checkpoint to results/unsteady/checkpoints/best.pt
Saved PyTorch checkpoint to results/unsteady/checkpoints/best.pt
Saved PyTorch checkpoint to results/unsteady/checkpoints/best.pt
Saved PyTorch checkpoint to results/unsteady/checkpoints/best.pt
Saved PyTorch checkpoint to results/unsteady/checkpoints/best.pt
Saved PyTorch checkpoint to results/unsteady/checkpoints/best.pt
Saved PyTorch checkpoint to results/unsteady/checkpoints/best.pt
Saved PyTorch checkpoint to results/unsteady/checkpoints/best.pt
Saved PyTorch checkpoint to results/unsteady/checkpoints/best.pt
Saved PyTorch checkpoint to results/unsteady/checkpoints/best.pt
Saved PyTorch checkpoint to results/unsteady/checkpoints/best.pt
Saved PyTorch checkpoint to results/unsteady/checkpoints/best.pt
Saved PyTorch checkpoint to results/unsteady/checkpoints/best.pt
Saved PyTorch checkpoint to results/unsteady/checkpoints/best.pt
Saved PyTorch checkpoint to results/unsteady/checkpoints/best.pt
Saved PyTorch checkpoint to results/unsteady/checkpoints/best.pt
Saved PyTorch checkpoint to results/unsteady/checkpoints/best.pt
Saved PyTorch checkpoint to results/unsteady/checkpoints/best.pt
Saved PyTorch checkpoint to results/unsteady/checkpoints/best.pt
Saved PyTorch checkpoint to results/unsteady/checkpoints/best.pt
Saved PyTorch checkpoint to results/unsteady/checkpoints/best.pt
Saved PyTorch checkpoint to results/unsteady/checkpoints/best.pt
Saved PyTorch checkpoint to results/unsteady/checkpoints/best.pt
Saved PyTorch checkpoint to results/unsteady/checkpoints/best.pt
Saved PyTorch checkpoint to results/unsteady/checkpoints/best.pt
Saved PyTorch checkpoint to results/unsteady/checkpoints/best.pt
Saved PyTorch checkpoint to results/unsteady/checkpoints/best.pt
Saved PyTorch checkpoint to results/unsteady/checkpoints/best.pt
Saved PyTorch checkpoint to results/unsteady/checkpoints/best.pt
Saved PyTorch checkpoint to results/unsteady/checkpoints/best.pt
Saved PyTorch checkpoint to results/unsteady/checkpoints/best.pt
Saved PyTorch checkpoint to results/unsteady/checkpoints/best.pt
Saved PyTorch checkpoint to results/unsteady/checkpoints/best.pt
Saved PyTorch checkpoint to results/unsteady/checkpoints/best.pt
Saved PyTorch checkpoint to results/unsteady/checkpoints/best.pt
Saved PyTorch checkpoint to results/unsteady/checkpoints/best.pt
Saved PyTorch checkpoint to results/unsteady/checkpoints/best.pt
Saved PyTorch checkpoint to results/unsteady/checkpoints/best.pt
Saved PyTorch checkpoint to results/unsteady/checkpoints/best.pt
Saved PyTorch checkpoint to results/unsteady/checkpoints/best.pt
Saved PyTorch checkpoint to results/unsteady/checkpoints/best.pt
Saved PyTorch checkpoint to results/unsteady/checkpoints/best.pt
Saved PyTorch checkpoint to results/unsteady/checkpoints/best.pt
Saved PyTorch checkpoint to results/unsteady/checkpoints/best.pt
Saved PyTorch checkpoint to results/unsteady/checkpoints/best.pt
Saved PyTorch checkpoint to results/unsteady/checkpoints/best.pt
Saved PyTorch checkpoint to results/unsteady/checkpoints/best.pt
Saved PyTorch checkpoint to results/unsteady/checkpoints/best.pt
Saved PyTorch checkpoint to results/unsteady/checkpoints/best.pt
Saved PyTorch checkpoint to results/unsteady/checkpoints/best.pt
Saved PyTorch checkpoint to results/unsteady/checkpoints/best.pt
Saved PyTorch checkpoint to results/unsteady/checkpoints/best.pt
Saved PyTorch checkpoint to results/unsteady/checkpoints/best.pt
Saved PyTorch checkpoint to results/unsteady/checkpoints/best.pt
Saved PyTorch checkpoint to results/unsteady/checkpoints/best.pt
Saved PyTorch checkpoint to results/unsteady/checkpoints/best.pt
Saved PyTorch checkpoint to results/unsteady/checkpoints/best.pt
Saved PyTorch checkpoint to results/unsteady/checkpoints/best.pt
Saved PyTorch checkpoint to results/unsteady/checkpoints/best.pt
Saved PyTorch checkpoint to results/unsteady/checkpoints/best.pt
Saved PyTorch checkpoint to results/unsteady/checkpoints/best.pt
Saved PyTorch checkpoint to results/unsteady/checkpoints/best.pt
Saved PyTorch checkpoint to results/unsteady/checkpoints/best.pt
Saved PyTorch checkpoint to results/unsteady/checkpoints/best.pt
Saved PyTorch checkpoint to results/unsteady/checkpoints/best.pt
Saved PyTorch checkpoint to results/unsteady/checkpoints/best.pt
Saved PyTorch checkpoint to results/unsteady/checkpoints/best.pt
Saved PyTorch checkpoint to results/unsteady/checkpoints/best.pt
Saved PyTorch checkpoint to results/unsteady/checkpoints/best.pt
Saved PyTorch checkpoint to results/unsteady/checkpoints/best.pt
Saved PyTorch checkpoint to results/unsteady/checkpoints/best.pt
Saved PyTorch checkpoint to results/unsteady/checkpoints/best.pt
Saved PyTorch checkpoint to results/unsteady/checkpoints/best.pt
Saved PyTorch checkpoint to results/unsteady/checkpoints/best.pt
Saved PyTorch checkpoint to results/unsteady/checkpoints/best.pt
Saved PyTorch checkpoint to results/unsteady/checkpoints/best.pt
Saved PyTorch checkpoint to results/unsteady/checkpoints/best.pt
Saved PyTorch checkpoint to results/unsteady/checkpoints/best.pt
Saved PyTorch checkpoint to results/unsteady/checkpoints/best.pt
Saved PyTorch checkpoint to results/unsteady/checkpoints/best.pt
Saved PyTorch checkpoint to results/unsteady/checkpoints/best.pt
Saved PyTorch checkpoint to results/unsteady/checkpoints/best.pt
Saved PyTorch checkpoint to results/unsteady/checkpoints/best.pt
Saved PyTorch checkpoint to results/unsteady/checkpoints/best.pt
Saved PyTorch checkpoint to results/unsteady/checkpoints/best.pt
Saved PyTorch checkpoint to results/unsteady/checkpoints/best.pt
Saved PyTorch checkpoint to results/unsteady/checkpoints/best.pt
Saved PyTorch checkpoint to results/unsteady/checkpoints/best.pt
Saved PyTorch checkpoint to results/unsteady/checkpoints/best.pt
Saved PyTorch checkpoint to results/unsteady/checkpoints/best.pt
Saved PyTorch checkpoint to results/unsteady/checkpoints/best.pt
Saved PyTorch checkpoint to results/unsteady/checkpoints/best.pt
Saved PyTorch checkpoint to results/unsteady/checkpoints/best.pt
Saved PyTorch checkpoint to results/unsteady/checkpoints/best.pt
Saved PyTorch checkpoint to results/unsteady/checkpoints/best.pt
Saved PyTorch checkpoint to results/unsteady/checkpoints/best.pt
Saved PyTorch checkpoint to results/unsteady/checkpoints/best.pt
Saved PyTorch checkpoint to results/unsteady/checkpoints/best.pt
Saved PyTorch checkpoint to results/unsteady/checkpoints/best.pt
Saved PyTorch checkpoint to results/unsteady/checkpoints/best.pt
Saved PyTorch checkpoint to results/unsteady/checkpoints/best.pt
Saved PyTorch checkpoint to results/unsteady/checkpoints/best.pt
Saved PyTorch checkpoint to results/unsteady/checkpoints/best.pt
Saved PyTorch checkpoint to results/unsteady/checkpoints/best.pt
Saved PyTorch checkpoint to results/unsteady/checkpoints/best.pt
Saved PyTorch checkpoint to results/unsteady/checkpoints/best.pt
Saved PyTorch checkpoint to results/unsteady/checkpoints/best.pt
Saved PyTorch checkpoint to results/unsteady/checkpoints/best.pt
Saved PyTorch checkpoint to results/unsteady/checkpoints/best.pt
Saved PyTorch checkpoint to results/unsteady/checkpoints/best.pt
Saved PyTorch checkpoint to results/unsteady/checkpoints/best.pt
Saved PyTorch checkpoint to results/unsteady/checkpoints/best.pt
Saved PyTorch checkpoint to results/unsteady/checkpoints/best.pt
Saved PyTorch checkpoint to results/unsteady/checkpoints/best.pt
Saved PyTorch checkpoint to results/unsteady/checkpoints/best.pt
Saved PyTorch checkpoint to results/unsteady/checkpoints/best.pt
Adam 1000 | total=2.347e-01 f=1.822e-02 ic=2.037e-03 wall=2.044e-02 inlet=2.240e-02 outlet=2.942e-04 lr=5.000e-04
Saved PyTorch checkpoint to results/unsteady/checkpoints/best.pt
Saved PyTorch checkpoint to results/unsteady/checkpoints/best.pt
Saved PyTorch checkpoint to results/unsteady/checkpoints/best.pt
Saved PyTorch checkpoint to results/unsteady/checkpoints/best.pt
Saved PyTorch checkpoint to results/unsteady/checkpoints/best.pt
Saved PyTorch checkpoint to results/unsteady/checkpoints/best.pt
Saved PyTorch checkpoint to results/unsteady/checkpoints/best.pt
Saved PyTorch checkpoint to results/unsteady/checkpoints/best.pt
Saved PyTorch checkpoint to results/unsteady/checkpoints/best.pt
Saved PyTorch checkpoint to results/unsteady/checkpoints/best.pt
Saved PyTorch checkpoint to results/unsteady/checkpoints/best.pt
Saved PyTorch checkpoint to results/unsteady/checkpoints/best.pt
Saved PyTorch checkpoint to results/unsteady/checkpoints/best.pt
Saved PyTorch checkpoint to results/unsteady/checkpoints/best.pt
Saved PyTorch checkpoint to results/unsteady/checkpoints/best.pt
Saved PyTorch checkpoint to results/unsteady/checkpoints/best.pt
Saved PyTorch checkpoint to results/unsteady/checkpoints/best.pt
Saved PyTorch checkpoint to results/unsteady/checkpoints/best.pt
Saved PyTorch checkpoint to results/unsteady/checkpoints/best.pt
Saved PyTorch checkpoint to results/unsteady/checkpoints/best.pt
Saved PyTorch checkpoint to results/unsteady/checkpoints/best.pt
Saved PyTorch checkpoint to results/unsteady/checkpoints/best.pt
Saved PyTorch checkpoint to results/unsteady/checkpoints/best.pt
Saved PyTorch checkpoint to results/unsteady/checkpoints/best.pt
Saved PyTorch checkpoint to results/unsteady/checkpoints/best.pt
Saved PyTorch checkpoint to results/unsteady/checkpoints/best.pt
Saved PyTorch checkpoint to results/unsteady/checkpoints/best.pt
Saved PyTorch checkpoint to results/unsteady/checkpoints/best.pt
Saved PyTorch checkpoint to results/unsteady/checkpoints/best.pt
Saved PyTorch checkpoint to results/unsteady/checkpoints/best.pt
Saved PyTorch checkpoint to results/unsteady/checkpoints/best.pt
Saved PyTorch checkpoint to results/unsteady/checkpoints/best.pt
Saved PyTorch checkpoint to results/unsteady/checkpoints/best.pt
Saved PyTorch checkpoint to results/unsteady/checkpoints/best.pt
Saved PyTorch checkpoint to results/unsteady/checkpoints/best.pt
Saved PyTorch checkpoint to results/unsteady/checkpoints/best.pt
Saved PyTorch checkpoint to results/unsteady/checkpoints/best.pt
Saved PyTorch checkpoint to results/unsteady/checkpoints/best.pt
Saved PyTorch checkpoint to results/unsteady/checkpoints/best.pt
Saved PyTorch checkpoint to results/unsteady/checkpoints/best.pt
Saved PyTorch checkpoint to results/unsteady/checkpoints/best.pt
Saved PyTorch checkpoint to results/unsteady/checkpoints/best.pt
Saved PyTorch checkpoint to results/unsteady/checkpoints/best.pt
Saved PyTorch checkpoint to results/unsteady/checkpoints/best.pt
Saved PyTorch checkpoint to results/unsteady/checkpoints/best.pt
Saved PyTorch checkpoint to results/unsteady/checkpoints/best.pt
Saved PyTorch checkpoint to results/unsteady/checkpoints/best.pt
Saved PyTorch checkpoint to results/unsteady/checkpoints/best.pt
Saved PyTorch checkpoint to results/unsteady/checkpoints/best.pt
Saved PyTorch checkpoint to results/unsteady/checkpoints/best.pt
Saved PyTorch checkpoint to results/unsteady/checkpoints/best.pt
Saved PyTorch checkpoint to results/unsteady/checkpoints/best.pt
Saved PyTorch checkpoint to results/unsteady/checkpoints/best.pt
Saved PyTorch checkpoint to results/unsteady/checkpoints/best.pt
Saved PyTorch checkpoint to results/unsteady/checkpoints/best.pt
Saved PyTorch checkpoint to results/unsteady/checkpoints/best.pt
Saved PyTorch checkpoint to results/unsteady/checkpoints/best.pt
Saved PyTorch checkpoint to results/unsteady/checkpoints/best.pt
Saved PyTorch checkpoint to results/unsteady/checkpoints/best.pt
Saved PyTorch checkpoint to results/unsteady/checkpoints/best.pt
Saved PyTorch checkpoint to results/unsteady/checkpoints/best.pt
Saved PyTorch checkpoint to results/unsteady/checkpoints/best.pt
Saved PyTorch checkpoint to results/unsteady/checkpoints/best.pt
Saved PyTorch checkpoint to results/unsteady/checkpoints/best.pt
Saved PyTorch checkpoint to results/unsteady/checkpoints/best.pt
Saved PyTorch checkpoint to results/unsteady/checkpoints/best.pt
Saved PyTorch checkpoint to results/unsteady/checkpoints/best.pt
Saved PyTorch checkpoint to results/unsteady/checkpoints/best.pt
Saved PyTorch checkpoint to results/unsteady/checkpoints/best.pt
Saved PyTorch checkpoint to results/unsteady/checkpoints/best.pt
Saved PyTorch checkpoint to results/unsteady/checkpoints/best.pt
Saved PyTorch checkpoint to results/unsteady/checkpoints/best.pt
Saved PyTorch checkpoint to results/unsteady/checkpoints/best.pt
Saved PyTorch checkpoint to results/unsteady/checkpoints/best.pt
Saved PyTorch checkpoint to results/unsteady/checkpoints/best.pt
Saved PyTorch checkpoint to results/unsteady/checkpoints/best.pt
Saved PyTorch checkpoint to results/unsteady/checkpoints/best.pt
Saved PyTorch checkpoint to results/unsteady/checkpoints/best.pt
Saved PyTorch checkpoint to results/unsteady/checkpoints/best.pt
Saved PyTorch checkpoint to results/unsteady/checkpoints/best.pt
Saved PyTorch checkpoint to results/unsteady/checkpoints/best.pt
Saved PyTorch checkpoint to results/unsteady/checkpoints/best.pt
Saved PyTorch checkpoint to results/unsteady/checkpoints/best.pt
Saved PyTorch checkpoint to results/unsteady/checkpoints/best.pt
Saved PyTorch checkpoint to results/unsteady/checkpoints/best.pt
Saved PyTorch checkpoint to results/unsteady/checkpoints/best.pt
Saved PyTorch checkpoint to results/unsteady/checkpoints/best.pt
Saved PyTorch checkpoint to results/unsteady/checkpoints/best.pt
Saved PyTorch checkpoint to results/unsteady/checkpoints/best.pt
Saved PyTorch checkpoint to results/unsteady/checkpoints/best.pt
Saved PyTorch checkpoint to results/unsteady/checkpoints/best.pt
Saved PyTorch checkpoint to results/unsteady/checkpoints/best.pt
Saved PyTorch checkpoint to results/unsteady/checkpoints/best.pt
Saved PyTorch checkpoint to results/unsteady/checkpoints/best.pt
Saved PyTorch checkpoint to results/unsteady/checkpoints/best.pt
Saved PyTorch checkpoint to results/unsteady/checkpoints/best.pt
Saved PyTorch checkpoint to results/unsteady/checkpoints/best.pt
Saved PyTorch checkpoint to results/unsteady/checkpoints/best.pt
Saved PyTorch checkpoint to results/unsteady/checkpoints/best.pt
Saved PyTorch checkpoint to results/unsteady/checkpoints/best.pt
Saved PyTorch checkpoint to results/unsteady/checkpoints/best.pt
Saved PyTorch checkpoint to results/unsteady/checkpoints/best.pt
Saved PyTorch checkpoint to results/unsteady/checkpoints/best.pt
Saved PyTorch checkpoint to results/unsteady/checkpoints/best.pt
Saved PyTorch checkpoint to results/unsteady/checkpoints/best.pt
Saved PyTorch checkpoint to results/unsteady/checkpoints/best.pt
Saved PyTorch checkpoint to results/unsteady/checkpoints/best.pt
Saved PyTorch checkpoint to results/unsteady/checkpoints/best.pt
Saved PyTorch checkpoint to results/unsteady/checkpoints/best.pt
Saved PyTorch checkpoint to results/unsteady/checkpoints/best.pt
Saved PyTorch checkpoint to results/unsteady/checkpoints/best.pt
Saved PyTorch checkpoint to results/unsteady/checkpoints/best.pt
Saved PyTorch checkpoint to results/unsteady/checkpoints/best.pt
Saved PyTorch checkpoint to results/unsteady/checkpoints/best.pt
Saved PyTorch checkpoint to results/unsteady/checkpoints/best.pt
Saved PyTorch checkpoint to results/unsteady/checkpoints/best.pt
Saved PyTorch checkpoint to results/unsteady/checkpoints/best.pt
Saved PyTorch checkpoint to results/unsteady/checkpoints/best.pt
Saved PyTorch checkpoint to results/unsteady/checkpoints/best.pt
Saved PyTorch checkpoint to results/unsteady/checkpoints/best.pt
Saved PyTorch checkpoint to results/unsteady/checkpoints/best.pt
Saved PyTorch checkpoint to results/unsteady/checkpoints/best.pt
Saved PyTorch checkpoint to results/unsteady/checkpoints/best.pt
Saved PyTorch checkpoint to results/unsteady/checkpoints/best.pt
Saved PyTorch checkpoint to results/unsteady/checkpoints/best.pt
Saved PyTorch checkpoint to results/unsteady/checkpoints/best.pt
Saved PyTorch checkpoint to results/unsteady/checkpoints/best.pt
Saved PyTorch checkpoint to results/unsteady/checkpoints/best.pt
Saved PyTorch checkpoint to results/unsteady/checkpoints/best.pt
Saved PyTorch checkpoint to results/unsteady/checkpoints/best.pt
Saved PyTorch checkpoint to results/unsteady/checkpoints/best.pt
Saved PyTorch checkpoint to results/unsteady/checkpoints/best.pt
Saved PyTorch checkpoint to results/unsteady/checkpoints/best.pt
Saved PyTorch checkpoint to results/unsteady/checkpoints/best.pt
Saved PyTorch checkpoint to results/unsteady/checkpoints/best.pt
Saved PyTorch checkpoint to results/unsteady/checkpoints/best.pt
Saved PyTorch checkpoint to results/unsteady/checkpoints/best.pt
Saved PyTorch checkpoint to results/unsteady/checkpoints/best.pt
Saved PyTorch checkpoint to results/unsteady/checkpoints/best.pt
Saved PyTorch checkpoint to results/unsteady/checkpoints/best.pt
Saved PyTorch checkpoint to results/unsteady/checkpoints/best.pt
Saved PyTorch checkpoint to results/unsteady/checkpoints/best.pt
Saved PyTorch checkpoint to results/unsteady/checkpoints/best.pt
Saved PyTorch checkpoint to results/unsteady/checkpoints/best.pt
Saved PyTorch checkpoint to results/unsteady/checkpoints/best.pt
Saved PyTorch checkpoint to results/unsteady/checkpoints/best.pt
Saved PyTorch checkpoint to results/unsteady/checkpoints/best.pt
Saved PyTorch checkpoint to results/unsteady/checkpoints/best.pt
Saved PyTorch checkpoint to results/unsteady/checkpoints/best.pt
Saved PyTorch checkpoint to results/unsteady/checkpoints/best.pt
Saved PyTorch checkpoint to results/unsteady/checkpoints/best.pt
Saved PyTorch checkpoint to results/unsteady/checkpoints/best.pt
Saved PyTorch checkpoint to results/unsteady/checkpoints/best.pt
Saved PyTorch checkpoint to results/unsteady/checkpoints/best.pt
Saved PyTorch checkpoint to results/unsteady/checkpoints/best.pt
Adam 1200 | total=1.925e-01 f=2.327e-02 ic=3.445e-03 wall=1.670e-02 inlet=1.642e-02 outlet=1.268e-04 lr=5.000e-04
Saved PyTorch checkpoint to results/unsteady/checkpoints/best.pt
Saved PyTorch checkpoint to results/unsteady/checkpoints/best.pt
Saved PyTorch checkpoint to results/unsteady/checkpoints/best.pt
Saved PyTorch checkpoint to results/unsteady/checkpoints/best.pt
Saved PyTorch checkpoint to results/unsteady/checkpoints/best.pt
Saved PyTorch checkpoint to results/unsteady/checkpoints/best.pt
Saved PyTorch checkpoint to results/unsteady/checkpoints/best.pt
Saved PyTorch checkpoint to results/unsteady/checkpoints/best.pt
Saved PyTorch checkpoint to results/unsteady/checkpoints/best.pt
Saved PyTorch checkpoint to results/unsteady/checkpoints/best.pt
Saved PyTorch checkpoint to results/unsteady/checkpoints/best.pt
Saved PyTorch checkpoint to results/unsteady/checkpoints/best.pt
Saved PyTorch checkpoint to results/unsteady/checkpoints/best.pt
Saved PyTorch checkpoint to results/unsteady/checkpoints/best.pt
Saved PyTorch checkpoint to results/unsteady/checkpoints/best.pt
Saved PyTorch checkpoint to results/unsteady/checkpoints/best.pt
Saved PyTorch checkpoint to results/unsteady/checkpoints/best.pt
Saved PyTorch checkpoint to results/unsteady/checkpoints/best.pt
Saved PyTorch checkpoint to results/unsteady/checkpoints/best.pt
Saved PyTorch checkpoint to results/unsteady/checkpoints/best.pt
Saved PyTorch checkpoint to results/unsteady/checkpoints/best.pt
Saved PyTorch checkpoint to results/unsteady/checkpoints/best.pt
Saved PyTorch checkpoint to results/unsteady/checkpoints/best.pt
Saved PyTorch checkpoint to results/unsteady/checkpoints/best.pt
Saved PyTorch checkpoint to results/unsteady/checkpoints/best.pt
Saved PyTorch checkpoint to results/unsteady/checkpoints/best.pt
Saved PyTorch checkpoint to results/unsteady/checkpoints/best.pt
Saved PyTorch checkpoint to results/unsteady/checkpoints/best.pt
Saved PyTorch checkpoint to results/unsteady/checkpoints/best.pt
Saved PyTorch checkpoint to results/unsteady/checkpoints/best.pt
Saved PyTorch checkpoint to results/unsteady/checkpoints/best.pt
Saved PyTorch checkpoint to results/unsteady/checkpoints/best.pt
Saved PyTorch checkpoint to results/unsteady/checkpoints/best.pt
Saved PyTorch checkpoint to results/unsteady/checkpoints/best.pt
Saved PyTorch checkpoint to results/unsteady/checkpoints/best.pt
Saved PyTorch checkpoint to results/unsteady/checkpoints/best.pt
Saved PyTorch checkpoint to results/unsteady/checkpoints/best.pt
Saved PyTorch checkpoint to results/unsteady/checkpoints/best.pt
Saved PyTorch checkpoint to results/unsteady/checkpoints/best.pt
Saved PyTorch checkpoint to results/unsteady/checkpoints/best.pt
Saved PyTorch checkpoint to results/unsteady/checkpoints/best.pt
Saved PyTorch checkpoint to results/unsteady/checkpoints/best.pt
Saved PyTorch checkpoint to results/unsteady/checkpoints/best.pt
Saved PyTorch checkpoint to results/unsteady/checkpoints/best.pt
Saved PyTorch checkpoint to results/unsteady/checkpoints/best.pt
Saved PyTorch checkpoint to results/unsteady/checkpoints/best.pt
Saved PyTorch checkpoint to results/unsteady/checkpoints/best.pt
Saved PyTorch checkpoint to results/unsteady/checkpoints/best.pt
Saved PyTorch checkpoint to results/unsteady/checkpoints/best.pt
Saved PyTorch checkpoint to results/unsteady/checkpoints/best.pt
Saved PyTorch checkpoint to results/unsteady/checkpoints/best.pt
Saved PyTorch checkpoint to results/unsteady/checkpoints/best.pt
Saved PyTorch checkpoint to results/unsteady/checkpoints/best.pt
Saved PyTorch checkpoint to results/unsteady/checkpoints/best.pt
Saved PyTorch checkpoint to results/unsteady/checkpoints/best.pt
Saved PyTorch checkpoint to results/unsteady/checkpoints/best.pt
Saved PyTorch checkpoint to results/unsteady/checkpoints/best.pt
Saved PyTorch checkpoint to results/unsteady/checkpoints/best.pt
Saved PyTorch checkpoint to results/unsteady/checkpoints/best.pt
Saved PyTorch checkpoint to results/unsteady/checkpoints/best.pt
Saved PyTorch checkpoint to results/unsteady/checkpoints/best.pt
Saved PyTorch checkpoint to results/unsteady/checkpoints/best.pt
Saved PyTorch checkpoint to results/unsteady/checkpoints/best.pt
Saved PyTorch checkpoint to results/unsteady/checkpoints/best.pt
Saved PyTorch checkpoint to results/unsteady/checkpoints/best.pt
Saved PyTorch checkpoint to results/unsteady/checkpoints/best.pt
Saved PyTorch checkpoint to results/unsteady/checkpoints/best.pt
Saved PyTorch checkpoint to results/unsteady/checkpoints/best.pt
Saved PyTorch checkpoint to results/unsteady/checkpoints/best.pt
Saved PyTorch checkpoint to results/unsteady/checkpoints/best.pt
Saved PyTorch checkpoint to results/unsteady/checkpoints/best.pt
Saved PyTorch checkpoint to results/unsteady/checkpoints/best.pt
Saved PyTorch checkpoint to results/unsteady/checkpoints/best.pt
Saved PyTorch checkpoint to results/unsteady/checkpoints/best.pt
Saved PyTorch checkpoint to results/unsteady/checkpoints/best.pt
Saved PyTorch checkpoint to results/unsteady/checkpoints/best.pt
Saved PyTorch checkpoint to results/unsteady/checkpoints/best.pt
Saved PyTorch checkpoint to results/unsteady/checkpoints/best.pt
Saved PyTorch checkpoint to results/unsteady/checkpoints/best.pt
Saved PyTorch checkpoint to results/unsteady/checkpoints/best.pt
Saved PyTorch checkpoint to results/unsteady/checkpoints/best.pt
Saved PyTorch checkpoint to results/unsteady/checkpoints/best.pt
Saved PyTorch checkpoint to results/unsteady/checkpoints/best.pt
Saved PyTorch checkpoint to results/unsteady/checkpoints/best.pt
Saved PyTorch checkpoint to results/unsteady/checkpoints/best.pt
Saved PyTorch checkpoint to results/unsteady/checkpoints/best.pt
Saved PyTorch checkpoint to results/unsteady/checkpoints/best.pt
Saved PyTorch checkpoint to results/unsteady/checkpoints/best.pt
Saved PyTorch checkpoint to results/unsteady/checkpoints/best.pt
Saved PyTorch checkpoint to results/unsteady/checkpoints/best.pt
Saved PyTorch checkpoint to results/unsteady/checkpoints/best.pt
Saved PyTorch checkpoint to results/unsteady/checkpoints/best.pt
Saved PyTorch checkpoint to results/unsteady/checkpoints/best.pt
Saved PyTorch checkpoint to results/unsteady/checkpoints/best.pt
Saved PyTorch checkpoint to results/unsteady/checkpoints/best.pt
Saved PyTorch checkpoint to results/unsteady/checkpoints/best.pt
Saved PyTorch checkpoint to results/unsteady/checkpoints/best.pt
Saved PyTorch checkpoint to results/unsteady/checkpoints/best.pt
Saved PyTorch checkpoint to results/unsteady/checkpoints/best.pt
Saved PyTorch checkpoint to results/unsteady/checkpoints/best.pt
Saved PyTorch checkpoint to results/unsteady/checkpoints/best.pt
Saved PyTorch checkpoint to results/unsteady/checkpoints/best.pt
Saved PyTorch checkpoint to results/unsteady/checkpoints/best.pt
Saved PyTorch checkpoint to results/unsteady/checkpoints/best.pt
Saved PyTorch checkpoint to results/unsteady/checkpoints/best.pt
Saved PyTorch checkpoint to results/unsteady/checkpoints/best.pt
Saved PyTorch checkpoint to results/unsteady/checkpoints/best.pt
Saved PyTorch checkpoint to results/unsteady/checkpoints/best.pt
Saved PyTorch checkpoint to results/unsteady/checkpoints/best.pt
Saved PyTorch checkpoint to results/unsteady/checkpoints/best.pt
Saved PyTorch checkpoint to results/unsteady/checkpoints/best.pt
Saved PyTorch checkpoint to results/unsteady/checkpoints/best.pt
Saved PyTorch checkpoint to results/unsteady/checkpoints/best.pt
Saved PyTorch checkpoint to results/unsteady/checkpoints/best.pt
Saved PyTorch checkpoint to results/unsteady/checkpoints/best.pt
Saved PyTorch checkpoint to results/unsteady/checkpoints/best.pt
Saved PyTorch checkpoint to results/unsteady/checkpoints/best.pt
Saved PyTorch checkpoint to results/unsteady/checkpoints/best.pt
Saved PyTorch checkpoint to results/unsteady/checkpoints/best.pt
Saved PyTorch checkpoint to results/unsteady/checkpoints/best.pt
Saved PyTorch checkpoint to results/unsteady/checkpoints/best.pt
Saved PyTorch checkpoint to results/unsteady/checkpoints/best.pt
Saved PyTorch checkpoint to results/unsteady/checkpoints/best.pt
Saved PyTorch checkpoint to results/unsteady/checkpoints/best.pt
Saved PyTorch checkpoint to results/unsteady/checkpoints/best.pt
Saved PyTorch checkpoint to results/unsteady/checkpoints/best.pt
Saved PyTorch checkpoint to results/unsteady/checkpoints/best.pt
Saved PyTorch checkpoint to results/unsteady/checkpoints/best.pt
Saved PyTorch checkpoint to results/unsteady/checkpoints/best.pt
Saved PyTorch checkpoint to results/unsteady/checkpoints/best.pt
Saved PyTorch checkpoint to results/unsteady/checkpoints/best.pt
Saved PyTorch checkpoint to results/unsteady/checkpoints/best.pt
Saved PyTorch checkpoint to results/unsteady/checkpoints/best.pt
Saved PyTorch checkpoint to results/unsteady/checkpoints/best.pt
Saved PyTorch checkpoint to results/unsteady/checkpoints/best.pt
Saved PyTorch checkpoint to results/unsteady/checkpoints/best.pt
Saved PyTorch checkpoint to results/unsteady/checkpoints/best.pt
Saved PyTorch checkpoint to results/unsteady/checkpoints/best.pt
Saved PyTorch checkpoint to results/unsteady/checkpoints/best.pt
Saved PyTorch checkpoint to results/unsteady/checkpoints/best.pt
Saved PyTorch checkpoint to results/unsteady/checkpoints/best.pt
Saved PyTorch checkpoint to results/unsteady/checkpoints/best.pt
Saved PyTorch checkpoint to results/unsteady/checkpoints/best.pt
Saved PyTorch checkpoint to results/unsteady/checkpoints/best.pt
Saved PyTorch checkpoint to results/unsteady/checkpoints/best.pt
Saved PyTorch checkpoint to results/unsteady/checkpoints/best.pt
Saved PyTorch checkpoint to results/unsteady/checkpoints/best.pt
Saved PyTorch checkpoint to results/unsteady/checkpoints/best.pt
Saved PyTorch checkpoint to results/unsteady/checkpoints/best.pt
Saved PyTorch checkpoint to results/unsteady/checkpoints/best.pt
Saved PyTorch checkpoint to results/unsteady/checkpoints/best.pt
Saved PyTorch checkpoint to results/unsteady/checkpoints/best.pt
Saved PyTorch checkpoint to results/unsteady/checkpoints/best.pt
Adam 1400 | total=1.529e-01 f=3.043e-02 ic=2.228e-03 wall=1.280e-02 inlet=1.124e-02 outlet=1.881e-05 lr=5.000e-04
Saved PyTorch checkpoint to results/unsteady/checkpoints/best.pt
Saved PyTorch checkpoint to results/unsteady/checkpoints/best.pt
Saved PyTorch checkpoint to results/unsteady/checkpoints/best.pt
Saved PyTorch checkpoint to results/unsteady/checkpoints/best.pt
Saved PyTorch checkpoint to results/unsteady/checkpoints/best.pt
Saved PyTorch checkpoint to results/unsteady/checkpoints/best.pt
Saved PyTorch checkpoint to results/unsteady/checkpoints/best.pt
Saved PyTorch checkpoint to results/unsteady/checkpoints/best.pt
Saved PyTorch checkpoint to results/unsteady/checkpoints/best.pt
Saved PyTorch checkpoint to results/unsteady/checkpoints/best.pt
Saved PyTorch checkpoint to results/unsteady/checkpoints/best.pt
Saved PyTorch checkpoint to results/unsteady/checkpoints/best.pt
Saved PyTorch checkpoint to results/unsteady/checkpoints/best.pt
Saved PyTorch checkpoint to results/unsteady/checkpoints/best.pt
Saved PyTorch checkpoint to results/unsteady/checkpoints/best.pt
Saved PyTorch checkpoint to results/unsteady/checkpoints/best.pt
Saved PyTorch checkpoint to results/unsteady/checkpoints/best.pt
Saved PyTorch checkpoint to results/unsteady/checkpoints/best.pt
Saved PyTorch checkpoint to results/unsteady/checkpoints/best.pt
Saved PyTorch checkpoint to results/unsteady/checkpoints/best.pt
Saved PyTorch checkpoint to results/unsteady/checkpoints/best.pt
Saved PyTorch checkpoint to results/unsteady/checkpoints/best.pt
Saved PyTorch checkpoint to results/unsteady/checkpoints/best.pt
Saved PyTorch checkpoint to results/unsteady/checkpoints/best.pt
Saved PyTorch checkpoint to results/unsteady/checkpoints/best.pt
Saved PyTorch checkpoint to results/unsteady/checkpoints/best.pt
Saved PyTorch checkpoint to results/unsteady/checkpoints/best.pt
Saved PyTorch checkpoint to results/unsteady/checkpoints/best.pt
Saved PyTorch checkpoint to results/unsteady/checkpoints/best.pt
Saved PyTorch checkpoint to results/unsteady/checkpoints/best.pt
Saved PyTorch checkpoint to results/unsteady/checkpoints/best.pt
Saved PyTorch checkpoint to results/unsteady/checkpoints/best.pt
Saved PyTorch checkpoint to results/unsteady/checkpoints/best.pt
Saved PyTorch checkpoint to results/unsteady/checkpoints/best.pt
Saved PyTorch checkpoint to results/unsteady/checkpoints/best.pt
Saved PyTorch checkpoint to results/unsteady/checkpoints/best.pt
Saved PyTorch checkpoint to results/unsteady/checkpoints/best.pt
Saved PyTorch checkpoint to results/unsteady/checkpoints/best.pt
Saved PyTorch checkpoint to results/unsteady/checkpoints/best.pt
Saved PyTorch checkpoint to results/unsteady/checkpoints/best.pt
Saved PyTorch checkpoint to results/unsteady/checkpoints/best.pt
Saved PyTorch checkpoint to results/unsteady/checkpoints/best.pt
Saved PyTorch checkpoint to results/unsteady/checkpoints/best.pt
Saved PyTorch checkpoint to results/unsteady/checkpoints/best.pt
Saved PyTorch checkpoint to results/unsteady/checkpoints/best.pt
Saved PyTorch checkpoint to results/unsteady/checkpoints/best.pt
Saved PyTorch checkpoint to results/unsteady/checkpoints/best.pt
Saved PyTorch checkpoint to results/unsteady/checkpoints/best.pt
Saved PyTorch checkpoint to results/unsteady/checkpoints/best.pt
Saved PyTorch checkpoint to results/unsteady/checkpoints/best.pt
Saved PyTorch checkpoint to results/unsteady/checkpoints/best.pt
Saved PyTorch checkpoint to results/unsteady/checkpoints/best.pt
Saved PyTorch checkpoint to results/unsteady/checkpoints/best.pt
Saved PyTorch checkpoint to results/unsteady/checkpoints/best.pt
Saved PyTorch checkpoint to results/unsteady/checkpoints/best.pt
Saved PyTorch checkpoint to results/unsteady/checkpoints/best.pt
Saved PyTorch checkpoint to results/unsteady/checkpoints/best.pt
Saved PyTorch checkpoint to results/unsteady/checkpoints/best.pt
Saved PyTorch checkpoint to results/unsteady/checkpoints/best.pt
Saved PyTorch checkpoint to results/unsteady/checkpoints/best.pt
Saved PyTorch checkpoint to results/unsteady/checkpoints/best.pt
Saved PyTorch checkpoint to results/unsteady/checkpoints/best.pt
Saved PyTorch checkpoint to results/unsteady/checkpoints/best.pt
Saved PyTorch checkpoint to results/unsteady/checkpoints/best.pt
Saved PyTorch checkpoint to results/unsteady/checkpoints/best.pt
Saved PyTorch checkpoint to results/unsteady/checkpoints/best.pt
Saved PyTorch checkpoint to results/unsteady/checkpoints/best.pt
Saved PyTorch checkpoint to results/unsteady/checkpoints/best.pt
Saved PyTorch checkpoint to results/unsteady/checkpoints/best.pt
Saved PyTorch checkpoint to results/unsteady/checkpoints/best.pt
Saved PyTorch checkpoint to results/unsteady/checkpoints/best.pt
Saved PyTorch checkpoint to results/unsteady/checkpoints/best.pt
Saved PyTorch checkpoint to results/unsteady/checkpoints/best.pt
Saved PyTorch checkpoint to results/unsteady/checkpoints/best.pt
Saved PyTorch checkpoint to results/unsteady/checkpoints/best.pt
Saved PyTorch checkpoint to results/unsteady/checkpoints/best.pt
Saved PyTorch checkpoint to results/unsteady/checkpoints/best.pt
Saved PyTorch checkpoint to results/unsteady/checkpoints/best.pt
Saved PyTorch checkpoint to results/unsteady/checkpoints/best.pt
Saved PyTorch checkpoint to results/unsteady/checkpoints/best.pt
Saved PyTorch checkpoint to results/unsteady/checkpoints/best.pt
Saved PyTorch checkpoint to results/unsteady/checkpoints/best.pt
Saved PyTorch checkpoint to results/unsteady/checkpoints/best.pt
Saved PyTorch checkpoint to results/unsteady/checkpoints/best.pt
Saved PyTorch checkpoint to results/unsteady/checkpoints/best.pt
Saved PyTorch checkpoint to results/unsteady/checkpoints/best.pt
Saved PyTorch checkpoint to results/unsteady/checkpoints/best.pt
Saved PyTorch checkpoint to results/unsteady/checkpoints/best.pt
Saved PyTorch checkpoint to results/unsteady/checkpoints/best.pt
Saved PyTorch checkpoint to results/unsteady/checkpoints/best.pt
Saved PyTorch checkpoint to results/unsteady/checkpoints/best.pt
Saved PyTorch checkpoint to results/unsteady/checkpoints/best.pt
Saved PyTorch checkpoint to results/unsteady/checkpoints/best.pt
Saved PyTorch checkpoint to results/unsteady/checkpoints/best.pt
Saved PyTorch checkpoint to results/unsteady/checkpoints/best.pt
Saved PyTorch checkpoint to results/unsteady/checkpoints/best.pt
Saved PyTorch checkpoint to results/unsteady/checkpoints/best.pt
Saved PyTorch checkpoint to results/unsteady/checkpoints/best.pt
Saved PyTorch checkpoint to results/unsteady/checkpoints/best.pt
Saved PyTorch checkpoint to results/unsteady/checkpoints/best.pt
Saved PyTorch checkpoint to results/unsteady/checkpoints/best.pt
Saved PyTorch checkpoint to results/unsteady/checkpoints/best.pt
Saved PyTorch checkpoint to results/unsteady/checkpoints/best.pt
Saved PyTorch checkpoint to results/unsteady/checkpoints/best.pt
Saved PyTorch checkpoint to results/unsteady/checkpoints/best.pt
Saved PyTorch checkpoint to results/unsteady/checkpoints/best.pt
Saved PyTorch checkpoint to results/unsteady/checkpoints/best.pt
Saved PyTorch checkpoint to results/unsteady/checkpoints/best.pt
Saved PyTorch checkpoint to results/unsteady/checkpoints/best.pt
Saved PyTorch checkpoint to results/unsteady/checkpoints/best.pt
Saved PyTorch checkpoint to results/unsteady/checkpoints/best.pt
Saved PyTorch checkpoint to results/unsteady/checkpoints/best.pt
Saved PyTorch checkpoint to results/unsteady/checkpoints/best.pt
Saved PyTorch checkpoint to results/unsteady/checkpoints/best.pt
Saved PyTorch checkpoint to results/unsteady/checkpoints/best.pt
Saved PyTorch checkpoint to results/unsteady/checkpoints/best.pt
Saved PyTorch checkpoint to results/unsteady/checkpoints/best.pt
Saved PyTorch checkpoint to results/unsteady/checkpoints/best.pt
Saved PyTorch checkpoint to results/unsteady/checkpoints/best.pt
Saved PyTorch checkpoint to results/unsteady/checkpoints/best.pt
Saved PyTorch checkpoint to results/unsteady/checkpoints/best.pt
Saved PyTorch checkpoint to results/unsteady/checkpoints/best.pt
Saved PyTorch checkpoint to results/unsteady/checkpoints/best.pt
Saved PyTorch checkpoint to results/unsteady/checkpoints/best.pt
Saved PyTorch checkpoint to results/unsteady/checkpoints/best.pt
Saved PyTorch checkpoint to results/unsteady/checkpoints/best.pt
Saved PyTorch checkpoint to results/unsteady/checkpoints/best.pt
Saved PyTorch checkpoint to results/unsteady/checkpoints/best.pt
Adam 1600 | total=1.498e-01 f=3.159e-02 ic=1.872e-03 wall=1.375e-02 inlet=9.510e-03 outlet=1.740e-05 lr=5.000e-04
Saved PyTorch checkpoint to results/unsteady/checkpoints/best.pt
Saved PyTorch checkpoint to results/unsteady/checkpoints/best.pt
Saved PyTorch checkpoint to results/unsteady/checkpoints/best.pt
Saved PyTorch checkpoint to results/unsteady/checkpoints/best.pt
Saved PyTorch checkpoint to results/unsteady/checkpoints/best.pt
Saved PyTorch checkpoint to results/unsteady/checkpoints/best.pt
Saved PyTorch checkpoint to results/unsteady/checkpoints/best.pt
Saved PyTorch checkpoint to results/unsteady/checkpoints/best.pt
Saved PyTorch checkpoint to results/unsteady/checkpoints/best.pt
Saved PyTorch checkpoint to results/unsteady/checkpoints/best.pt
Saved PyTorch checkpoint to results/unsteady/checkpoints/best.pt
Saved PyTorch checkpoint to results/unsteady/checkpoints/best.pt
Saved PyTorch checkpoint to results/unsteady/checkpoints/best.pt
Saved PyTorch checkpoint to results/unsteady/checkpoints/best.pt
Saved PyTorch checkpoint to results/unsteady/checkpoints/best.pt
Saved PyTorch checkpoint to results/unsteady/checkpoints/best.pt
Saved PyTorch checkpoint to results/unsteady/checkpoints/best.pt
Saved PyTorch checkpoint to results/unsteady/checkpoints/best.pt
Saved PyTorch checkpoint to results/unsteady/checkpoints/best.pt
Saved PyTorch checkpoint to results/unsteady/checkpoints/best.pt
Saved PyTorch checkpoint to results/unsteady/checkpoints/best.pt
Saved PyTorch checkpoint to results/unsteady/checkpoints/best.pt
Saved PyTorch checkpoint to results/unsteady/checkpoints/best.pt
Saved PyTorch checkpoint to results/unsteady/checkpoints/best.pt
Saved PyTorch checkpoint to results/unsteady/checkpoints/best.pt
Saved PyTorch checkpoint to results/unsteady/checkpoints/best.pt
Saved PyTorch checkpoint to results/unsteady/checkpoints/best.pt
Saved PyTorch checkpoint to results/unsteady/checkpoints/best.pt
Saved PyTorch checkpoint to results/unsteady/checkpoints/best.pt
Saved PyTorch checkpoint to results/unsteady/checkpoints/best.pt
Saved PyTorch checkpoint to results/unsteady/checkpoints/best.pt
Saved PyTorch checkpoint to results/unsteady/checkpoints/best.pt
Saved PyTorch checkpoint to results/unsteady/checkpoints/best.pt
Saved PyTorch checkpoint to results/unsteady/checkpoints/best.pt
Saved PyTorch checkpoint to results/unsteady/checkpoints/best.pt
Saved PyTorch checkpoint to results/unsteady/checkpoints/best.pt
Saved PyTorch checkpoint to results/unsteady/checkpoints/best.pt
Saved PyTorch checkpoint to results/unsteady/checkpoints/best.pt
Saved PyTorch checkpoint to results/unsteady/checkpoints/best.pt
Saved PyTorch checkpoint to results/unsteady/checkpoints/best.pt
Saved PyTorch checkpoint to results/unsteady/checkpoints/best.pt
Saved PyTorch checkpoint to results/unsteady/checkpoints/best.pt
Saved PyTorch checkpoint to results/unsteady/checkpoints/best.pt
Saved PyTorch checkpoint to results/unsteady/checkpoints/best.pt
Saved PyTorch checkpoint to results/unsteady/checkpoints/best.pt
Saved PyTorch checkpoint to results/unsteady/checkpoints/best.pt
Saved PyTorch checkpoint to results/unsteady/checkpoints/best.pt
Saved PyTorch checkpoint to results/unsteady/checkpoints/best.pt
Saved PyTorch checkpoint to results/unsteady/checkpoints/best.pt
Saved PyTorch checkpoint to results/unsteady/checkpoints/best.pt
Saved PyTorch checkpoint to results/unsteady/checkpoints/best.pt
Saved PyTorch checkpoint to results/unsteady/checkpoints/best.pt
Saved PyTorch checkpoint to results/unsteady/checkpoints/best.pt
Saved PyTorch checkpoint to results/unsteady/checkpoints/best.pt
Saved PyTorch checkpoint to results/unsteady/checkpoints/best.pt
Saved PyTorch checkpoint to results/unsteady/checkpoints/best.pt
Saved PyTorch checkpoint to results/unsteady/checkpoints/best.pt
Saved PyTorch checkpoint to results/unsteady/checkpoints/best.pt
Saved PyTorch checkpoint to results/unsteady/checkpoints/best.pt
Saved PyTorch checkpoint to results/unsteady/checkpoints/best.pt
Saved PyTorch checkpoint to results/unsteady/checkpoints/best.pt
Saved PyTorch checkpoint to results/unsteady/checkpoints/best.pt
Saved PyTorch checkpoint to results/unsteady/checkpoints/best.pt
Saved PyTorch checkpoint to results/unsteady/checkpoints/best.pt
Saved PyTorch checkpoint to results/unsteady/checkpoints/best.pt
Saved PyTorch checkpoint to results/unsteady/checkpoints/best.pt
Saved PyTorch checkpoint to results/unsteady/checkpoints/best.pt
Saved PyTorch checkpoint to results/unsteady/checkpoints/best.pt
Saved PyTorch checkpoint to results/unsteady/checkpoints/best.pt
Saved PyTorch checkpoint to results/unsteady/checkpoints/best.pt
Saved PyTorch checkpoint to results/unsteady/checkpoints/best.pt
Saved PyTorch checkpoint to results/unsteady/checkpoints/best.pt
Saved PyTorch checkpoint to results/unsteady/checkpoints/best.pt
Saved PyTorch checkpoint to results/unsteady/checkpoints/best.pt
Saved PyTorch checkpoint to results/unsteady/checkpoints/best.pt
Saved PyTorch checkpoint to results/unsteady/checkpoints/best.pt
Saved PyTorch checkpoint to results/unsteady/checkpoints/best.pt
Saved PyTorch checkpoint to results/unsteady/checkpoints/best.pt
Saved PyTorch checkpoint to results/unsteady/checkpoints/best.pt
Saved PyTorch checkpoint to results/unsteady/checkpoints/best.pt
Saved PyTorch checkpoint to results/unsteady/checkpoints/best.pt
Saved PyTorch checkpoint to results/unsteady/checkpoints/best.pt
Saved PyTorch checkpoint to results/unsteady/checkpoints/best.pt
Saved PyTorch checkpoint to results/unsteady/checkpoints/best.pt
Saved PyTorch checkpoint to results/unsteady/checkpoints/best.pt
Saved PyTorch checkpoint to results/unsteady/checkpoints/best.pt
Saved PyTorch checkpoint to results/unsteady/checkpoints/best.pt
Saved PyTorch checkpoint to results/unsteady/checkpoints/best.pt
Saved PyTorch checkpoint to results/unsteady/checkpoints/best.pt
Saved PyTorch checkpoint to results/unsteady/checkpoints/best.pt
Saved PyTorch checkpoint to results/unsteady/checkpoints/best.pt
Saved PyTorch checkpoint to results/unsteady/checkpoints/best.pt
Saved PyTorch checkpoint to results/unsteady/checkpoints/best.pt
Saved PyTorch checkpoint to results/unsteady/checkpoints/best.pt
Saved PyTorch checkpoint to results/unsteady/checkpoints/best.pt
Saved PyTorch checkpoint to results/unsteady/checkpoints/best.pt
Saved PyTorch checkpoint to results/unsteady/checkpoints/best.pt
Saved PyTorch checkpoint to results/unsteady/checkpoints/best.pt
Saved PyTorch checkpoint to results/unsteady/checkpoints/best.pt
Saved PyTorch checkpoint to results/unsteady/checkpoints/best.pt
Saved PyTorch checkpoint to results/unsteady/checkpoints/best.pt
Saved PyTorch checkpoint to results/unsteady/checkpoints/best.pt
Saved PyTorch checkpoint to results/unsteady/checkpoints/best.pt
Saved PyTorch checkpoint to results/unsteady/checkpoints/best.pt
Saved PyTorch checkpoint to results/unsteady/checkpoints/best.pt
Saved PyTorch checkpoint to results/unsteady/checkpoints/best.pt
Saved PyTorch checkpoint to results/unsteady/checkpoints/best.pt
Adam 1800 | total=1.283e-01 f=2.771e-02 ic=1.289e-03 wall=1.162e-02 inlet=8.245e-03 outlet=1.749e-05 lr=5.000e-04
Saved PyTorch checkpoint to results/unsteady/checkpoints/best.pt
Saved PyTorch checkpoint to results/unsteady/checkpoints/best.pt
Saved PyTorch checkpoint to results/unsteady/checkpoints/best.pt
Saved PyTorch checkpoint to results/unsteady/checkpoints/best.pt
Saved PyTorch checkpoint to results/unsteady/checkpoints/best.pt
Saved PyTorch checkpoint to results/unsteady/checkpoints/best.pt
Saved PyTorch checkpoint to results/unsteady/checkpoints/best.pt
Saved PyTorch checkpoint to results/unsteady/checkpoints/best.pt
Saved PyTorch checkpoint to results/unsteady/checkpoints/best.pt
Saved PyTorch checkpoint to results/unsteady/checkpoints/best.pt
Saved PyTorch checkpoint to results/unsteady/checkpoints/best.pt
Saved PyTorch checkpoint to results/unsteady/checkpoints/best.pt
Saved PyTorch checkpoint to results/unsteady/checkpoints/best.pt
Saved PyTorch checkpoint to results/unsteady/checkpoints/best.pt
Saved PyTorch checkpoint to results/unsteady/checkpoints/best.pt
Saved PyTorch checkpoint to results/unsteady/checkpoints/best.pt
Saved PyTorch checkpoint to results/unsteady/checkpoints/best.pt
Saved PyTorch checkpoint to results/unsteady/checkpoints/best.pt
Saved PyTorch checkpoint to results/unsteady/checkpoints/best.pt
Saved PyTorch checkpoint to results/unsteady/checkpoints/best.pt
Saved PyTorch checkpoint to results/unsteady/checkpoints/best.pt
Saved PyTorch checkpoint to results/unsteady/checkpoints/best.pt
Saved PyTorch checkpoint to results/unsteady/checkpoints/best.pt
Saved PyTorch checkpoint to results/unsteady/checkpoints/best.pt
Saved PyTorch checkpoint to results/unsteady/checkpoints/best.pt
Saved PyTorch checkpoint to results/unsteady/checkpoints/best.pt
Saved PyTorch checkpoint to results/unsteady/checkpoints/best.pt
Saved PyTorch checkpoint to results/unsteady/checkpoints/best.pt
Saved PyTorch checkpoint to results/unsteady/checkpoints/best.pt
Saved PyTorch checkpoint to results/unsteady/checkpoints/best.pt
Saved PyTorch checkpoint to results/unsteady/checkpoints/best.pt
Saved PyTorch checkpoint to results/unsteady/checkpoints/best.pt
Saved PyTorch checkpoint to results/unsteady/checkpoints/best.pt
Saved PyTorch checkpoint to results/unsteady/checkpoints/best.pt
Saved PyTorch checkpoint to results/unsteady/checkpoints/best.pt
Saved PyTorch checkpoint to results/unsteady/checkpoints/best.pt
Saved PyTorch checkpoint to results/unsteady/checkpoints/best.pt
Saved PyTorch checkpoint to results/unsteady/checkpoints/best.pt
Saved PyTorch checkpoint to results/unsteady/checkpoints/best.pt
Saved PyTorch checkpoint to results/unsteady/checkpoints/best.pt
Saved PyTorch checkpoint to results/unsteady/checkpoints/best.pt
Saved PyTorch checkpoint to results/unsteady/checkpoints/best.pt
Saved PyTorch checkpoint to results/unsteady/checkpoints/best.pt
Saved PyTorch checkpoint to results/unsteady/checkpoints/best.pt
Saved PyTorch checkpoint to results/unsteady/checkpoints/best.pt
Saved PyTorch checkpoint to results/unsteady/checkpoints/best.pt
Saved PyTorch checkpoint to results/unsteady/checkpoints/best.pt
Saved PyTorch checkpoint to results/unsteady/checkpoints/best.pt
Saved PyTorch checkpoint to results/unsteady/checkpoints/best.pt
Saved PyTorch checkpoint to results/unsteady/checkpoints/best.pt
Saved PyTorch checkpoint to results/unsteady/checkpoints/best.pt
Saved PyTorch checkpoint to results/unsteady/checkpoints/best.pt
Saved PyTorch checkpoint to results/unsteady/checkpoints/best.pt
Saved PyTorch checkpoint to results/unsteady/checkpoints/best.pt
Saved PyTorch checkpoint to results/unsteady/checkpoints/best.pt
Saved PyTorch checkpoint to results/unsteady/checkpoints/best.pt
Saved PyTorch checkpoint to results/unsteady/checkpoints/best.pt
Saved PyTorch checkpoint to results/unsteady/checkpoints/best.pt
Saved PyTorch checkpoint to results/unsteady/checkpoints/best.pt
Saved PyTorch checkpoint to results/unsteady/checkpoints/best.pt
Saved PyTorch checkpoint to results/unsteady/checkpoints/best.pt
Saved PyTorch checkpoint to results/unsteady/checkpoints/best.pt
Saved PyTorch checkpoint to results/unsteady/checkpoints/best.pt
Saved PyTorch checkpoint to results/unsteady/checkpoints/best.pt
Saved PyTorch checkpoint to results/unsteady/checkpoints/best.pt
Saved PyTorch checkpoint to results/unsteady/checkpoints/best.pt
Saved PyTorch checkpoint to results/unsteady/checkpoints/best.pt
Saved PyTorch checkpoint to results/unsteady/checkpoints/best.pt
Saved PyTorch checkpoint to results/unsteady/checkpoints/best.pt
Saved PyTorch checkpoint to results/unsteady/checkpoints/best.pt
Saved PyTorch checkpoint to results/unsteady/checkpoints/best.pt
Saved PyTorch checkpoint to results/unsteady/checkpoints/best.pt
Saved PyTorch checkpoint to results/unsteady/checkpoints/best.pt
Saved PyTorch checkpoint to results/unsteady/checkpoints/best.pt
Saved PyTorch checkpoint to results/unsteady/checkpoints/best.pt
Saved PyTorch checkpoint to results/unsteady/checkpoints/best.pt
Saved PyTorch checkpoint to results/unsteady/checkpoints/best.pt
Saved PyTorch checkpoint to results/unsteady/checkpoints/best.pt
Saved PyTorch checkpoint to results/unsteady/checkpoints/best.pt
Saved PyTorch checkpoint to results/unsteady/checkpoints/best.pt
Saved PyTorch checkpoint to results/unsteady/checkpoints/best.pt
Saved PyTorch checkpoint to results/unsteady/checkpoints/best.pt
Adam 2000 | total=1.198e-01 f=2.565e-02 ic=1.087e-03 wall=1.110e-02 inlet=7.507e-03 outlet=2.274e-05 lr=5.000e-04
Saved PyTorch checkpoint to results/unsteady/checkpoints/best.pt
Saved PyTorch checkpoint to results/unsteady/checkpoints/best.pt
Saved PyTorch checkpoint to results/unsteady/checkpoints/best.pt
Saved PyTorch checkpoint to results/unsteady/checkpoints/best.pt
Saved PyTorch checkpoint to results/unsteady/checkpoints/best.pt
Saved PyTorch checkpoint to results/unsteady/checkpoints/best.pt
Saved PyTorch checkpoint to results/unsteady/checkpoints/best.pt
Saved PyTorch checkpoint to results/unsteady/checkpoints/best.pt
Saved PyTorch checkpoint to results/unsteady/checkpoints/best.pt
Saved PyTorch checkpoint to results/unsteady/checkpoints/best.pt
Saved PyTorch checkpoint to results/unsteady/checkpoints/best.pt
Saved PyTorch checkpoint to results/unsteady/checkpoints/best.pt
Saved PyTorch checkpoint to results/unsteady/checkpoints/best.pt
Saved PyTorch checkpoint to results/unsteady/checkpoints/best.pt
Saved PyTorch checkpoint to results/unsteady/checkpoints/best.pt
Saved PyTorch checkpoint to results/unsteady/checkpoints/best.pt
Saved PyTorch checkpoint to results/unsteady/checkpoints/best.pt
Saved PyTorch checkpoint to results/unsteady/checkpoints/best.pt
Saved PyTorch checkpoint to results/unsteady/checkpoints/best.pt
Saved PyTorch checkpoint to results/unsteady/checkpoints/best.pt
Saved PyTorch checkpoint to results/unsteady/checkpoints/best.pt
Saved PyTorch checkpoint to results/unsteady/checkpoints/best.pt
Saved PyTorch checkpoint to results/unsteady/checkpoints/best.pt
Saved PyTorch checkpoint to results/unsteady/checkpoints/best.pt
Saved PyTorch checkpoint to results/unsteady/checkpoints/best.pt
Saved PyTorch checkpoint to results/unsteady/checkpoints/best.pt
Saved PyTorch checkpoint to results/unsteady/checkpoints/best.pt
Saved PyTorch checkpoint to results/unsteady/checkpoints/best.pt
Saved PyTorch checkpoint to results/unsteady/checkpoints/best.pt
Saved PyTorch checkpoint to results/unsteady/checkpoints/best.pt
Saved PyTorch checkpoint to results/unsteady/checkpoints/best.pt
Saved PyTorch checkpoint to results/unsteady/checkpoints/best.pt
Saved PyTorch checkpoint to results/unsteady/checkpoints/best.pt
Saved PyTorch checkpoint to results/unsteady/checkpoints/best.pt
Saved PyTorch checkpoint to results/unsteady/checkpoints/best.pt
Saved PyTorch checkpoint to results/unsteady/checkpoints/best.pt
Saved PyTorch checkpoint to results/unsteady/checkpoints/best.pt
Saved PyTorch checkpoint to results/unsteady/checkpoints/best.pt
Saved PyTorch checkpoint to results/unsteady/checkpoints/best.pt
Saved PyTorch checkpoint to results/unsteady/checkpoints/best.pt
Saved PyTorch checkpoint to results/unsteady/checkpoints/best.pt
Saved PyTorch checkpoint to results/unsteady/checkpoints/best.pt
Saved PyTorch checkpoint to results/unsteady/checkpoints/best.pt
Saved PyTorch checkpoint to results/unsteady/checkpoints/best.pt
Saved PyTorch checkpoint to results/unsteady/checkpoints/best.pt
Saved PyTorch checkpoint to results/unsteady/checkpoints/best.pt
Saved PyTorch checkpoint to results/unsteady/checkpoints/best.pt
Saved PyTorch checkpoint to results/unsteady/checkpoints/best.pt
Saved PyTorch checkpoint to results/unsteady/checkpoints/best.pt
Saved PyTorch checkpoint to results/unsteady/checkpoints/best.pt
Saved PyTorch checkpoint to results/unsteady/checkpoints/best.pt
Saved PyTorch checkpoint to results/unsteady/checkpoints/best.pt
Saved PyTorch checkpoint to results/unsteady/checkpoints/best.pt
Saved PyTorch checkpoint to results/unsteady/checkpoints/best.pt
Saved PyTorch checkpoint to results/unsteady/checkpoints/best.pt
Saved PyTorch checkpoint to results/unsteady/checkpoints/best.pt
Saved PyTorch checkpoint to results/unsteady/checkpoints/best.pt
Saved PyTorch checkpoint to results/unsteady/checkpoints/best.pt
Saved PyTorch checkpoint to results/unsteady/checkpoints/best.pt
Saved PyTorch checkpoint to results/unsteady/checkpoints/best.pt
Saved PyTorch checkpoint to results/unsteady/checkpoints/best.pt
Saved PyTorch checkpoint to results/unsteady/checkpoints/best.pt
Saved PyTorch checkpoint to results/unsteady/checkpoints/best.pt
Saved PyTorch checkpoint to results/unsteady/checkpoints/best.pt
Saved PyTorch checkpoint to results/unsteady/checkpoints/best.pt
Saved PyTorch checkpoint to results/unsteady/checkpoints/best.pt
Saved PyTorch checkpoint to results/unsteady/checkpoints/best.pt
Saved PyTorch checkpoint to results/unsteady/checkpoints/best.pt
Saved PyTorch checkpoint to results/unsteady/checkpoints/best.pt
Saved PyTorch checkpoint to results/unsteady/checkpoints/best.pt
Saved PyTorch checkpoint to results/unsteady/checkpoints/best.pt
Saved PyTorch checkpoint to results/unsteady/checkpoints/best.pt
Saved PyTorch checkpoint to results/unsteady/checkpoints/best.pt
Saved PyTorch checkpoint to results/unsteady/checkpoints/best.pt
Saved PyTorch checkpoint to results/unsteady/checkpoints/best.pt
Saved PyTorch checkpoint to results/unsteady/checkpoints/best.pt
Saved PyTorch checkpoint to results/unsteady/checkpoints/best.pt
Adam 2200 | total=1.118e-01 f=2.377e-02 ic=9.943e-04 wall=1.084e-02 inlet=6.557e-03 outlet=2.337e-05 lr=5.000e-04
Saved PyTorch checkpoint to results/unsteady/checkpoints/best.pt
Saved PyTorch checkpoint to results/unsteady/checkpoints/best.pt
Saved PyTorch checkpoint to results/unsteady/checkpoints/best.pt
Saved PyTorch checkpoint to results/unsteady/checkpoints/best.pt
Saved PyTorch checkpoint to results/unsteady/checkpoints/best.pt
Saved PyTorch checkpoint to results/unsteady/checkpoints/best.pt
Saved PyTorch checkpoint to results/unsteady/checkpoints/best.pt
Saved PyTorch checkpoint to results/unsteady/checkpoints/best.pt
Saved PyTorch checkpoint to results/unsteady/checkpoints/best.pt
Saved PyTorch checkpoint to results/unsteady/checkpoints/best.pt
Saved PyTorch checkpoint to results/unsteady/checkpoints/best.pt
Saved PyTorch checkpoint to results/unsteady/checkpoints/best.pt
Saved PyTorch checkpoint to results/unsteady/checkpoints/best.pt
Saved PyTorch checkpoint to results/unsteady/checkpoints/best.pt
Saved PyTorch checkpoint to results/unsteady/checkpoints/best.pt
Saved PyTorch checkpoint to results/unsteady/checkpoints/best.pt
Saved PyTorch checkpoint to results/unsteady/checkpoints/best.pt
Saved PyTorch checkpoint to results/unsteady/checkpoints/best.pt
Saved PyTorch checkpoint to results/unsteady/checkpoints/best.pt
Saved PyTorch checkpoint to results/unsteady/checkpoints/best.pt
Saved PyTorch checkpoint to results/unsteady/checkpoints/best.pt
Saved PyTorch checkpoint to results/unsteady/checkpoints/best.pt
Saved PyTorch checkpoint to results/unsteady/checkpoints/best.pt
Saved PyTorch checkpoint to results/unsteady/checkpoints/best.pt
Saved PyTorch checkpoint to results/unsteady/checkpoints/best.pt
Saved PyTorch checkpoint to results/unsteady/checkpoints/best.pt
Saved PyTorch checkpoint to results/unsteady/checkpoints/best.pt
Saved PyTorch checkpoint to results/unsteady/checkpoints/best.pt
Saved PyTorch checkpoint to results/unsteady/checkpoints/best.pt
Saved PyTorch checkpoint to results/unsteady/checkpoints/best.pt
Saved PyTorch checkpoint to results/unsteady/checkpoints/best.pt
Saved PyTorch checkpoint to results/unsteady/checkpoints/best.pt
Saved PyTorch checkpoint to results/unsteady/checkpoints/best.pt
Saved PyTorch checkpoint to results/unsteady/checkpoints/best.pt
Saved PyTorch checkpoint to results/unsteady/checkpoints/best.pt
Saved PyTorch checkpoint to results/unsteady/checkpoints/best.pt
Saved PyTorch checkpoint to results/unsteady/checkpoints/best.pt
Saved PyTorch checkpoint to results/unsteady/checkpoints/best.pt
Saved PyTorch checkpoint to results/unsteady/checkpoints/best.pt
Saved PyTorch checkpoint to results/unsteady/checkpoints/best.pt
Saved PyTorch checkpoint to results/unsteady/checkpoints/best.pt
Saved PyTorch checkpoint to results/unsteady/checkpoints/best.pt
Saved PyTorch checkpoint to results/unsteady/checkpoints/best.pt
Saved PyTorch checkpoint to results/unsteady/checkpoints/best.pt
Saved PyTorch checkpoint to results/unsteady/checkpoints/best.pt
Saved PyTorch checkpoint to results/unsteady/checkpoints/best.pt
Saved PyTorch checkpoint to results/unsteady/checkpoints/best.pt
Saved PyTorch checkpoint to results/unsteady/checkpoints/best.pt
Saved PyTorch checkpoint to results/unsteady/checkpoints/best.pt
Saved PyTorch checkpoint to results/unsteady/checkpoints/best.pt
Saved PyTorch checkpoint to results/unsteady/checkpoints/best.pt
Saved PyTorch checkpoint to results/unsteady/checkpoints/best.pt
Saved PyTorch checkpoint to results/unsteady/checkpoints/best.pt
Saved PyTorch checkpoint to results/unsteady/checkpoints/best.pt
Saved PyTorch checkpoint to results/unsteady/checkpoints/best.pt
Saved PyTorch checkpoint to results/unsteady/checkpoints/best.pt
Saved PyTorch checkpoint to results/unsteady/checkpoints/best.pt
Saved PyTorch checkpoint to results/unsteady/checkpoints/best.pt
Saved PyTorch checkpoint to results/unsteady/checkpoints/best.pt
Saved PyTorch checkpoint to results/unsteady/checkpoints/best.pt
Saved PyTorch checkpoint to results/unsteady/checkpoints/best.pt
Saved PyTorch checkpoint to results/unsteady/checkpoints/best.pt
Saved PyTorch checkpoint to results/unsteady/checkpoints/best.pt
Saved PyTorch checkpoint to results/unsteady/checkpoints/best.pt
Saved PyTorch checkpoint to results/unsteady/checkpoints/best.pt
Saved PyTorch checkpoint to results/unsteady/checkpoints/best.pt
Saved PyTorch checkpoint to results/unsteady/checkpoints/best.pt
Saved PyTorch checkpoint to results/unsteady/checkpoints/best.pt
Saved PyTorch checkpoint to results/unsteady/checkpoints/best.pt
Saved PyTorch checkpoint to results/unsteady/checkpoints/best.pt
Saved PyTorch checkpoint to results/unsteady/checkpoints/best.pt
Saved PyTorch checkpoint to results/unsteady/checkpoints/best.pt
Saved PyTorch checkpoint to results/unsteady/checkpoints/best.pt
Saved PyTorch checkpoint to results/unsteady/checkpoints/best.pt
Saved PyTorch checkpoint to results/unsteady/checkpoints/best.pt
Saved PyTorch checkpoint to results/unsteady/checkpoints/best.pt
Saved PyTorch checkpoint to results/unsteady/checkpoints/best.pt
Saved PyTorch checkpoint to results/unsteady/checkpoints/best.pt
Saved PyTorch checkpoint to results/unsteady/checkpoints/best.pt
Saved PyTorch checkpoint to results/unsteady/checkpoints/best.pt
Saved PyTorch checkpoint to results/unsteady/checkpoints/best.pt
Saved PyTorch checkpoint to results/unsteady/checkpoints/best.pt
Saved PyTorch checkpoint to results/unsteady/checkpoints/best.pt
Saved PyTorch checkpoint to results/unsteady/checkpoints/best.pt
Saved PyTorch checkpoint to results/unsteady/checkpoints/best.pt
Saved PyTorch checkpoint to results/unsteady/checkpoints/best.pt
Saved PyTorch checkpoint to results/unsteady/checkpoints/best.pt
Saved PyTorch checkpoint to results/unsteady/checkpoints/best.pt
Saved PyTorch checkpoint to results/unsteady/checkpoints/best.pt
Saved PyTorch checkpoint to results/unsteady/checkpoints/best.pt
Saved PyTorch checkpoint to results/unsteady/checkpoints/best.pt
Saved PyTorch checkpoint to results/unsteady/checkpoints/best.pt
Saved PyTorch checkpoint to results/unsteady/checkpoints/best.pt
Saved PyTorch checkpoint to results/unsteady/checkpoints/best.pt
Saved PyTorch checkpoint to results/unsteady/checkpoints/best.pt
Saved PyTorch checkpoint to results/unsteady/checkpoints/best.pt
Saved PyTorch checkpoint to results/unsteady/checkpoints/best.pt
Saved PyTorch checkpoint to results/unsteady/checkpoints/best.pt
Saved PyTorch checkpoint to results/unsteady/checkpoints/best.pt
Saved PyTorch checkpoint to results/unsteady/checkpoints/best.pt
Saved PyTorch checkpoint to results/unsteady/checkpoints/best.pt
Saved PyTorch checkpoint to results/unsteady/checkpoints/best.pt
Saved PyTorch checkpoint to results/unsteady/checkpoints/best.pt
Saved PyTorch checkpoint to results/unsteady/checkpoints/best.pt
Adam 2400 | total=1.054e-01 f=2.119e-02 ic=9.279e-04 wall=1.101e-02 inlet=5.647e-03 outlet=2.001e-05 lr=5.000e-04
Saved PyTorch checkpoint to results/unsteady/checkpoints/best.pt
Saved PyTorch checkpoint to results/unsteady/checkpoints/best.pt
Saved PyTorch checkpoint to results/unsteady/checkpoints/best.pt
Saved PyTorch checkpoint to results/unsteady/checkpoints/best.pt
Saved PyTorch checkpoint to results/unsteady/checkpoints/best.pt
Saved PyTorch checkpoint to results/unsteady/checkpoints/best.pt
Saved PyTorch checkpoint to results/unsteady/checkpoints/best.pt
Saved PyTorch checkpoint to results/unsteady/checkpoints/best.pt
Saved PyTorch checkpoint to results/unsteady/checkpoints/best.pt
Saved PyTorch checkpoint to results/unsteady/checkpoints/best.pt
Saved PyTorch checkpoint to results/unsteady/checkpoints/best.pt
Saved PyTorch checkpoint to results/unsteady/checkpoints/best.pt
Saved PyTorch checkpoint to results/unsteady/checkpoints/best.pt
Saved PyTorch checkpoint to results/unsteady/checkpoints/best.pt
Saved PyTorch checkpoint to results/unsteady/checkpoints/best.pt
Saved PyTorch checkpoint to results/unsteady/checkpoints/best.pt
Saved PyTorch checkpoint to results/unsteady/checkpoints/best.pt
Saved PyTorch checkpoint to results/unsteady/checkpoints/best.pt
Saved PyTorch checkpoint to results/unsteady/checkpoints/best.pt
Saved PyTorch checkpoint to results/unsteady/checkpoints/best.pt
Saved PyTorch checkpoint to results/unsteady/checkpoints/best.pt
Saved PyTorch checkpoint to results/unsteady/checkpoints/best.pt
Saved PyTorch checkpoint to results/unsteady/checkpoints/best.pt
Saved PyTorch checkpoint to results/unsteady/checkpoints/best.pt
Saved PyTorch checkpoint to results/unsteady/checkpoints/best.pt
Saved PyTorch checkpoint to results/unsteady/checkpoints/best.pt
Saved PyTorch checkpoint to results/unsteady/checkpoints/best.pt
Saved PyTorch checkpoint to results/unsteady/checkpoints/best.pt
Saved PyTorch checkpoint to results/unsteady/checkpoints/best.pt
Saved PyTorch checkpoint to results/unsteady/checkpoints/best.pt
Saved PyTorch checkpoint to results/unsteady/checkpoints/best.pt
Saved PyTorch checkpoint to results/unsteady/checkpoints/best.pt
Saved PyTorch checkpoint to results/unsteady/checkpoints/best.pt
Saved PyTorch checkpoint to results/unsteady/checkpoints/best.pt
Saved PyTorch checkpoint to results/unsteady/checkpoints/best.pt
Saved PyTorch checkpoint to results/unsteady/checkpoints/best.pt
Saved PyTorch checkpoint to results/unsteady/checkpoints/best.pt
Saved PyTorch checkpoint to results/unsteady/checkpoints/best.pt
Saved PyTorch checkpoint to results/unsteady/checkpoints/best.pt
Saved PyTorch checkpoint to results/unsteady/checkpoints/best.pt
Saved PyTorch checkpoint to results/unsteady/checkpoints/best.pt
Saved PyTorch checkpoint to results/unsteady/checkpoints/best.pt
Saved PyTorch checkpoint to results/unsteady/checkpoints/best.pt
Saved PyTorch checkpoint to results/unsteady/checkpoints/best.pt
Saved PyTorch checkpoint to results/unsteady/checkpoints/best.pt
Saved PyTorch checkpoint to results/unsteady/checkpoints/best.pt
Saved PyTorch checkpoint to results/unsteady/checkpoints/best.pt
Saved PyTorch checkpoint to results/unsteady/checkpoints/best.pt
Saved PyTorch checkpoint to results/unsteady/checkpoints/best.pt
Saved PyTorch checkpoint to results/unsteady/checkpoints/best.pt
Saved PyTorch checkpoint to results/unsteady/checkpoints/best.pt
Saved PyTorch checkpoint to results/unsteady/checkpoints/best.pt
Saved PyTorch checkpoint to results/unsteady/checkpoints/best.pt
Saved PyTorch checkpoint to results/unsteady/checkpoints/best.pt
Saved PyTorch checkpoint to results/unsteady/checkpoints/best.pt
Saved PyTorch checkpoint to results/unsteady/checkpoints/best.pt
Saved PyTorch checkpoint to results/unsteady/checkpoints/best.pt
Saved PyTorch checkpoint to results/unsteady/checkpoints/best.pt
Saved PyTorch checkpoint to results/unsteady/checkpoints/best.pt
Saved PyTorch checkpoint to results/unsteady/checkpoints/best.pt
Saved PyTorch checkpoint to results/unsteady/checkpoints/best.pt
Saved PyTorch checkpoint to results/unsteady/checkpoints/best.pt
Saved PyTorch checkpoint to results/unsteady/checkpoints/best.pt
Saved PyTorch checkpoint to results/unsteady/checkpoints/best.pt
Saved PyTorch checkpoint to results/unsteady/checkpoints/best.pt
Saved PyTorch checkpoint to results/unsteady/checkpoints/best.pt
Saved PyTorch checkpoint to results/unsteady/checkpoints/best.pt
Saved PyTorch checkpoint to results/unsteady/checkpoints/best.pt
Saved PyTorch checkpoint to results/unsteady/checkpoints/best.pt
Saved PyTorch checkpoint to results/unsteady/checkpoints/best.pt
Saved PyTorch checkpoint to results/unsteady/checkpoints/best.pt
Saved PyTorch checkpoint to results/unsteady/checkpoints/best.pt
Saved PyTorch checkpoint to results/unsteady/checkpoints/best.pt
Saved PyTorch checkpoint to results/unsteady/checkpoints/best.pt
Saved PyTorch checkpoint to results/unsteady/checkpoints/best.pt
Saved PyTorch checkpoint to results/unsteady/checkpoints/best.pt
Saved PyTorch checkpoint to results/unsteady/checkpoints/best.pt
Saved PyTorch checkpoint to results/unsteady/checkpoints/best.pt
Saved PyTorch checkpoint to results/unsteady/checkpoints/best.pt
Saved PyTorch checkpoint to results/unsteady/checkpoints/best.pt
Saved PyTorch checkpoint to results/unsteady/checkpoints/best.pt
Saved PyTorch checkpoint to results/unsteady/checkpoints/best.pt
Saved PyTorch checkpoint to results/unsteady/checkpoints/best.pt
Saved PyTorch checkpoint to results/unsteady/checkpoints/best.pt
Saved PyTorch checkpoint to results/unsteady/checkpoints/best.pt
Saved PyTorch checkpoint to results/unsteady/checkpoints/best.pt
Saved PyTorch checkpoint to results/unsteady/checkpoints/best.pt
Saved PyTorch checkpoint to results/unsteady/checkpoints/best.pt
Saved PyTorch checkpoint to results/unsteady/checkpoints/best.pt
Saved PyTorch checkpoint to results/unsteady/checkpoints/best.pt
Saved PyTorch checkpoint to results/unsteady/checkpoints/best.pt
Saved PyTorch checkpoint to results/unsteady/checkpoints/best.pt
Saved PyTorch checkpoint to results/unsteady/checkpoints/best.pt
Saved PyTorch checkpoint to results/unsteady/checkpoints/best.pt
Saved PyTorch checkpoint to results/unsteady/checkpoints/best.pt
Saved PyTorch checkpoint to results/unsteady/checkpoints/best.pt
Saved PyTorch checkpoint to results/unsteady/checkpoints/best.pt
Saved PyTorch checkpoint to results/unsteady/checkpoints/best.pt
Saved PyTorch checkpoint to results/unsteady/checkpoints/best.pt
Saved PyTorch checkpoint to results/unsteady/checkpoints/best.pt
Saved PyTorch checkpoint to results/unsteady/checkpoints/best.pt
Saved PyTorch checkpoint to results/unsteady/checkpoints/best.pt
Saved PyTorch checkpoint to results/unsteady/checkpoints/best.pt
Saved PyTorch checkpoint to results/unsteady/checkpoints/best.pt
Adam 2600 | total=9.672e-02 f=1.967e-02 ic=8.771e-04 wall=1.016e-02 inlet=5.071e-03 outlet=2.050e-05 lr=5.000e-04
Saved PyTorch checkpoint to results/unsteady/checkpoints/best.pt
Saved PyTorch checkpoint to results/unsteady/checkpoints/best.pt
Saved PyTorch checkpoint to results/unsteady/checkpoints/best.pt
Saved PyTorch checkpoint to results/unsteady/checkpoints/best.pt
Saved PyTorch checkpoint to results/unsteady/checkpoints/best.pt
Saved PyTorch checkpoint to results/unsteady/checkpoints/best.pt
Saved PyTorch checkpoint to results/unsteady/checkpoints/best.pt
Saved PyTorch checkpoint to results/unsteady/checkpoints/best.pt
Saved PyTorch checkpoint to results/unsteady/checkpoints/best.pt
Saved PyTorch checkpoint to results/unsteady/checkpoints/best.pt
Saved PyTorch checkpoint to results/unsteady/checkpoints/best.pt
Saved PyTorch checkpoint to results/unsteady/checkpoints/best.pt
Saved PyTorch checkpoint to results/unsteady/checkpoints/best.pt
Saved PyTorch checkpoint to results/unsteady/checkpoints/best.pt
Saved PyTorch checkpoint to results/unsteady/checkpoints/best.pt
Saved PyTorch checkpoint to results/unsteady/checkpoints/best.pt
Saved PyTorch checkpoint to results/unsteady/checkpoints/best.pt
Saved PyTorch checkpoint to results/unsteady/checkpoints/best.pt
Saved PyTorch checkpoint to results/unsteady/checkpoints/best.pt
Saved PyTorch checkpoint to results/unsteady/checkpoints/best.pt
Saved PyTorch checkpoint to results/unsteady/checkpoints/best.pt
Saved PyTorch checkpoint to results/unsteady/checkpoints/best.pt
Saved PyTorch checkpoint to results/unsteady/checkpoints/best.pt
Saved PyTorch checkpoint to results/unsteady/checkpoints/best.pt
Saved PyTorch checkpoint to results/unsteady/checkpoints/best.pt
Saved PyTorch checkpoint to results/unsteady/checkpoints/best.pt
Saved PyTorch checkpoint to results/unsteady/checkpoints/best.pt
Saved PyTorch checkpoint to results/unsteady/checkpoints/best.pt
Saved PyTorch checkpoint to results/unsteady/checkpoints/best.pt
Saved PyTorch checkpoint to results/unsteady/checkpoints/best.pt
Saved PyTorch checkpoint to results/unsteady/checkpoints/best.pt
Saved PyTorch checkpoint to results/unsteady/checkpoints/best.pt
Saved PyTorch checkpoint to results/unsteady/checkpoints/best.pt
Saved PyTorch checkpoint to results/unsteady/checkpoints/best.pt
Saved PyTorch checkpoint to results/unsteady/checkpoints/best.pt
Saved PyTorch checkpoint to results/unsteady/checkpoints/best.pt
Saved PyTorch checkpoint to results/unsteady/checkpoints/best.pt
Saved PyTorch checkpoint to results/unsteady/checkpoints/best.pt
Saved PyTorch checkpoint to results/unsteady/checkpoints/best.pt
Saved PyTorch checkpoint to results/unsteady/checkpoints/best.pt
Saved PyTorch checkpoint to results/unsteady/checkpoints/best.pt
Saved PyTorch checkpoint to results/unsteady/checkpoints/best.pt
Saved PyTorch checkpoint to results/unsteady/checkpoints/best.pt
Saved PyTorch checkpoint to results/unsteady/checkpoints/best.pt
Saved PyTorch checkpoint to results/unsteady/checkpoints/best.pt
Saved PyTorch checkpoint to results/unsteady/checkpoints/best.pt
Saved PyTorch checkpoint to results/unsteady/checkpoints/best.pt
Saved PyTorch checkpoint to results/unsteady/checkpoints/best.pt
Saved PyTorch checkpoint to results/unsteady/checkpoints/best.pt
Saved PyTorch checkpoint to results/unsteady/checkpoints/best.pt
Saved PyTorch checkpoint to results/unsteady/checkpoints/best.pt
Saved PyTorch checkpoint to results/unsteady/checkpoints/best.pt
Saved PyTorch checkpoint to results/unsteady/checkpoints/best.pt
Saved PyTorch checkpoint to results/unsteady/checkpoints/best.pt
Saved PyTorch checkpoint to results/unsteady/checkpoints/best.pt
Saved PyTorch checkpoint to results/unsteady/checkpoints/best.pt
Saved PyTorch checkpoint to results/unsteady/checkpoints/best.pt
Saved PyTorch checkpoint to results/unsteady/checkpoints/best.pt
Saved PyTorch checkpoint to results/unsteady/checkpoints/best.pt
Saved PyTorch checkpoint to results/unsteady/checkpoints/best.pt
Saved PyTorch checkpoint to results/unsteady/checkpoints/best.pt
Saved PyTorch checkpoint to results/unsteady/checkpoints/best.pt
Saved PyTorch checkpoint to results/unsteady/checkpoints/best.pt
Saved PyTorch checkpoint to results/unsteady/checkpoints/best.pt
Saved PyTorch checkpoint to results/unsteady/checkpoints/best.pt
Saved PyTorch checkpoint to results/unsteady/checkpoints/best.pt
Saved PyTorch checkpoint to results/unsteady/checkpoints/best.pt
Saved PyTorch checkpoint to results/unsteady/checkpoints/best.pt
Saved PyTorch checkpoint to results/unsteady/checkpoints/best.pt
Saved PyTorch checkpoint to results/unsteady/checkpoints/best.pt
Saved PyTorch checkpoint to results/unsteady/checkpoints/best.pt
Saved PyTorch checkpoint to results/unsteady/checkpoints/best.pt
Saved PyTorch checkpoint to results/unsteady/checkpoints/best.pt
Saved PyTorch checkpoint to results/unsteady/checkpoints/best.pt
Saved PyTorch checkpoint to results/unsteady/checkpoints/best.pt
Saved PyTorch checkpoint to results/unsteady/checkpoints/best.pt
Saved PyTorch checkpoint to results/unsteady/checkpoints/best.pt
Saved PyTorch checkpoint to results/unsteady/checkpoints/best.pt
Saved PyTorch checkpoint to results/unsteady/checkpoints/best.pt
Saved PyTorch checkpoint to results/unsteady/checkpoints/best.pt
Saved PyTorch checkpoint to results/unsteady/checkpoints/best.pt
Saved PyTorch checkpoint to results/unsteady/checkpoints/best.pt
Saved PyTorch checkpoint to results/unsteady/checkpoints/best.pt
Saved PyTorch checkpoint to results/unsteady/checkpoints/best.pt
Saved PyTorch checkpoint to results/unsteady/checkpoints/best.pt
Saved PyTorch checkpoint to results/unsteady/checkpoints/best.pt
Saved PyTorch checkpoint to results/unsteady/checkpoints/best.pt
Saved PyTorch checkpoint to results/unsteady/checkpoints/best.pt
Saved PyTorch checkpoint to results/unsteady/checkpoints/best.pt
Saved PyTorch checkpoint to results/unsteady/checkpoints/best.pt
Saved PyTorch checkpoint to results/unsteady/checkpoints/best.pt
Saved PyTorch checkpoint to results/unsteady/checkpoints/best.pt
Saved PyTorch checkpoint to results/unsteady/checkpoints/best.pt
Saved PyTorch checkpoint to results/unsteady/checkpoints/best.pt
Saved PyTorch checkpoint to results/unsteady/checkpoints/best.pt
Saved PyTorch checkpoint to results/unsteady/checkpoints/best.pt
Saved PyTorch checkpoint to results/unsteady/checkpoints/best.pt
Saved PyTorch checkpoint to results/unsteady/checkpoints/best.pt
Saved PyTorch checkpoint to results/unsteady/checkpoints/best.pt
Saved PyTorch checkpoint to results/unsteady/checkpoints/best.pt
Saved PyTorch checkpoint to results/unsteady/checkpoints/best.pt
Saved PyTorch checkpoint to results/unsteady/checkpoints/best.pt
Saved PyTorch checkpoint to results/unsteady/checkpoints/best.pt
Saved PyTorch checkpoint to results/unsteady/checkpoints/best.pt
Saved PyTorch checkpoint to results/unsteady/checkpoints/best.pt
Saved PyTorch checkpoint to results/unsteady/checkpoints/best.pt
Saved PyTorch checkpoint to results/unsteady/checkpoints/best.pt
Saved PyTorch checkpoint to results/unsteady/checkpoints/best.pt
Saved PyTorch checkpoint to results/unsteady/checkpoints/best.pt
Saved PyTorch checkpoint to results/unsteady/checkpoints/best.pt
Saved PyTorch checkpoint to results/unsteady/checkpoints/best.pt
Saved PyTorch checkpoint to results/unsteady/checkpoints/best.pt
Saved PyTorch checkpoint to results/unsteady/checkpoints/best.pt
Saved PyTorch checkpoint to results/unsteady/checkpoints/best.pt
Saved PyTorch checkpoint to results/unsteady/checkpoints/best.pt
Saved PyTorch checkpoint to results/unsteady/checkpoints/best.pt
Adam 2800 | total=1.353e-01 f=2.888e-02 ic=1.950e-03 wall=1.714e-02 inlet=3.751e-03 outlet=3.557e-05 lr=5.000e-04
Saved PyTorch checkpoint to results/unsteady/checkpoints/best.pt
Saved PyTorch checkpoint to results/unsteady/checkpoints/best.pt
Saved PyTorch checkpoint to results/unsteady/checkpoints/best.pt
Saved PyTorch checkpoint to results/unsteady/checkpoints/best.pt
Saved PyTorch checkpoint to results/unsteady/checkpoints/best.pt
Saved PyTorch checkpoint to results/unsteady/checkpoints/best.pt
Saved PyTorch checkpoint to results/unsteady/checkpoints/best.pt
Saved PyTorch checkpoint to results/unsteady/checkpoints/best.pt
Saved PyTorch checkpoint to results/unsteady/checkpoints/best.pt
Saved PyTorch checkpoint to results/unsteady/checkpoints/best.pt
Saved PyTorch checkpoint to results/unsteady/checkpoints/best.pt
Saved PyTorch checkpoint to results/unsteady/checkpoints/best.pt
Saved PyTorch checkpoint to results/unsteady/checkpoints/best.pt
Saved PyTorch checkpoint to results/unsteady/checkpoints/best.pt
Saved PyTorch checkpoint to results/unsteady/checkpoints/best.pt
Saved PyTorch checkpoint to results/unsteady/checkpoints/best.pt
Saved PyTorch checkpoint to results/unsteady/checkpoints/best.pt
Saved PyTorch checkpoint to results/unsteady/checkpoints/best.pt
Saved PyTorch checkpoint to results/unsteady/checkpoints/best.pt
Saved PyTorch checkpoint to results/unsteady/checkpoints/best.pt
Saved PyTorch checkpoint to results/unsteady/checkpoints/best.pt
Saved PyTorch checkpoint to results/unsteady/checkpoints/best.pt
Saved PyTorch checkpoint to results/unsteady/checkpoints/best.pt
Saved PyTorch checkpoint to results/unsteady/checkpoints/best.pt
Saved PyTorch checkpoint to results/unsteady/checkpoints/best.pt
Saved PyTorch checkpoint to results/unsteady/checkpoints/best.pt
Saved PyTorch checkpoint to results/unsteady/checkpoints/best.pt
Saved PyTorch checkpoint to results/unsteady/checkpoints/best.pt
Saved PyTorch checkpoint to results/unsteady/checkpoints/best.pt
Saved PyTorch checkpoint to results/unsteady/checkpoints/best.pt
Saved PyTorch checkpoint to results/unsteady/checkpoints/best.pt
Saved PyTorch checkpoint to results/unsteady/checkpoints/best.pt
Saved PyTorch checkpoint to results/unsteady/checkpoints/best.pt
Saved PyTorch checkpoint to results/unsteady/checkpoints/best.pt
Saved PyTorch checkpoint to results/unsteady/checkpoints/best.pt
Saved PyTorch checkpoint to results/unsteady/checkpoints/best.pt
Saved PyTorch checkpoint to results/unsteady/checkpoints/best.pt
Saved PyTorch checkpoint to results/unsteady/checkpoints/best.pt
Saved PyTorch checkpoint to results/unsteady/checkpoints/best.pt
Saved PyTorch checkpoint to results/unsteady/checkpoints/best.pt
Saved PyTorch checkpoint to results/unsteady/checkpoints/best.pt
Saved PyTorch checkpoint to results/unsteady/checkpoints/best.pt
Saved PyTorch checkpoint to results/unsteady/checkpoints/best.pt
Saved PyTorch checkpoint to results/unsteady/checkpoints/best.pt
Saved PyTorch checkpoint to results/unsteady/checkpoints/best.pt
Saved PyTorch checkpoint to results/unsteady/checkpoints/best.pt
Saved PyTorch checkpoint to results/unsteady/checkpoints/best.pt
Saved PyTorch checkpoint to results/unsteady/checkpoints/best.pt
Saved PyTorch checkpoint to results/unsteady/checkpoints/best.pt
Saved PyTorch checkpoint to results/unsteady/checkpoints/best.pt
Saved PyTorch checkpoint to results/unsteady/checkpoints/best.pt
Saved PyTorch checkpoint to results/unsteady/checkpoints/best.pt
Saved PyTorch checkpoint to results/unsteady/checkpoints/best.pt
Saved PyTorch checkpoint to results/unsteady/checkpoints/best.pt
Saved PyTorch checkpoint to results/unsteady/checkpoints/best.pt
Saved PyTorch checkpoint to results/unsteady/checkpoints/best.pt
Saved PyTorch checkpoint to results/unsteady/checkpoints/best.pt
Saved PyTorch checkpoint to results/unsteady/checkpoints/best.pt
Saved PyTorch checkpoint to results/unsteady/checkpoints/best.pt
Saved PyTorch checkpoint to results/unsteady/checkpoints/best.pt
Saved PyTorch checkpoint to results/unsteady/checkpoints/best.pt
Saved PyTorch checkpoint to results/unsteady/checkpoints/best.pt
Saved PyTorch checkpoint to results/unsteady/checkpoints/best.pt
Saved PyTorch checkpoint to results/unsteady/checkpoints/best.pt
Saved PyTorch checkpoint to results/unsteady/checkpoints/best.pt
Saved PyTorch checkpoint to results/unsteady/checkpoints/best.pt
Saved PyTorch checkpoint to results/unsteady/checkpoints/best.pt
Saved PyTorch checkpoint to results/unsteady/checkpoints/best.pt
Saved PyTorch checkpoint to results/unsteady/checkpoints/best.pt
Saved PyTorch checkpoint to results/unsteady/checkpoints/best.pt
Saved PyTorch checkpoint to results/unsteady/checkpoints/best.pt
Saved PyTorch checkpoint to results/unsteady/checkpoints/best.pt
Saved PyTorch checkpoint to results/unsteady/checkpoints/best.pt
Saved PyTorch checkpoint to results/unsteady/checkpoints/best.pt
Saved PyTorch checkpoint to results/unsteady/checkpoints/best.pt
Saved PyTorch checkpoint to results/unsteady/checkpoints/best.pt
Saved PyTorch checkpoint to results/unsteady/checkpoints/best.pt
Saved PyTorch checkpoint to results/unsteady/checkpoints/best.pt
Saved PyTorch checkpoint to results/unsteady/checkpoints/best.pt
Saved PyTorch checkpoint to results/unsteady/checkpoints/best.pt
Saved PyTorch checkpoint to results/unsteady/checkpoints/best.pt
Saved PyTorch checkpoint to results/unsteady/checkpoints/best.pt
Saved PyTorch checkpoint to results/unsteady/checkpoints/best.pt
Adam 3000 | total=8.580e-02 f=1.719e-02 ic=7.659e-04 wall=9.684e-03 inlet=3.880e-03 outlet=2.314e-05 lr=5.000e-04
Saved PyTorch checkpoint to results/unsteady/checkpoints/best.pt
Saved PyTorch checkpoint to results/unsteady/checkpoints/best.pt
Saved PyTorch checkpoint to results/unsteady/checkpoints/best.pt
Saved PyTorch checkpoint to results/unsteady/checkpoints/best.pt
Saved PyTorch checkpoint to results/unsteady/checkpoints/best.pt
Saved PyTorch checkpoint to results/unsteady/checkpoints/best.pt
Saved PyTorch checkpoint to results/unsteady/checkpoints/best.pt
Saved PyTorch checkpoint to results/unsteady/checkpoints/best.pt
Saved PyTorch checkpoint to results/unsteady/checkpoints/best.pt
Saved PyTorch checkpoint to results/unsteady/checkpoints/best.pt
Saved PyTorch checkpoint to results/unsteady/checkpoints/best.pt
Saved PyTorch checkpoint to results/unsteady/checkpoints/best.pt
Saved PyTorch checkpoint to results/unsteady/checkpoints/best.pt
Saved PyTorch checkpoint to results/unsteady/checkpoints/best.pt
Saved PyTorch checkpoint to results/unsteady/checkpoints/best.pt
Saved PyTorch checkpoint to results/unsteady/checkpoints/best.pt
Saved PyTorch checkpoint to results/unsteady/checkpoints/best.pt
Saved PyTorch checkpoint to results/unsteady/checkpoints/best.pt
Saved PyTorch checkpoint to results/unsteady/checkpoints/best.pt
Saved PyTorch checkpoint to results/unsteady/checkpoints/best.pt
Saved PyTorch checkpoint to results/unsteady/checkpoints/best.pt
Saved PyTorch checkpoint to results/unsteady/checkpoints/best.pt
Saved PyTorch checkpoint to results/unsteady/checkpoints/best.pt
Saved PyTorch checkpoint to results/unsteady/checkpoints/best.pt
Saved PyTorch checkpoint to results/unsteady/checkpoints/best.pt
Saved PyTorch checkpoint to results/unsteady/checkpoints/best.pt
Saved PyTorch checkpoint to results/unsteady/checkpoints/best.pt
Saved PyTorch checkpoint to results/unsteady/checkpoints/best.pt
Saved PyTorch checkpoint to results/unsteady/checkpoints/best.pt
Saved PyTorch checkpoint to results/unsteady/checkpoints/best.pt
Saved PyTorch checkpoint to results/unsteady/checkpoints/best.pt
Saved PyTorch checkpoint to results/unsteady/checkpoints/best.pt
Saved PyTorch checkpoint to results/unsteady/checkpoints/best.pt
Saved PyTorch checkpoint to results/unsteady/checkpoints/best.pt
Saved PyTorch checkpoint to results/unsteady/checkpoints/best.pt
Saved PyTorch checkpoint to results/unsteady/checkpoints/best.pt
Saved PyTorch checkpoint to results/unsteady/checkpoints/best.pt
Saved PyTorch checkpoint to results/unsteady/checkpoints/best.pt
Saved PyTorch checkpoint to results/unsteady/checkpoints/best.pt
Saved PyTorch checkpoint to results/unsteady/checkpoints/best.pt
Saved PyTorch checkpoint to results/unsteady/checkpoints/best.pt
Saved PyTorch checkpoint to results/unsteady/checkpoints/best.pt
Saved PyTorch checkpoint to results/unsteady/checkpoints/best.pt
Saved PyTorch checkpoint to results/unsteady/checkpoints/best.pt
Saved PyTorch checkpoint to results/unsteady/checkpoints/best.pt
Saved PyTorch checkpoint to results/unsteady/checkpoints/best.pt
Saved PyTorch checkpoint to results/unsteady/checkpoints/best.pt
Saved PyTorch checkpoint to results/unsteady/checkpoints/best.pt
Saved PyTorch checkpoint to results/unsteady/checkpoints/best.pt
Saved PyTorch checkpoint to results/unsteady/checkpoints/best.pt
Saved PyTorch checkpoint to results/unsteady/checkpoints/best.pt
Saved PyTorch checkpoint to results/unsteady/checkpoints/best.pt
Saved PyTorch checkpoint to results/unsteady/checkpoints/best.pt
Saved PyTorch checkpoint to results/unsteady/checkpoints/best.pt
Saved PyTorch checkpoint to results/unsteady/checkpoints/best.pt
Saved PyTorch checkpoint to results/unsteady/checkpoints/best.pt
Saved PyTorch checkpoint to results/unsteady/checkpoints/best.pt
Saved PyTorch checkpoint to results/unsteady/checkpoints/best.pt
Saved PyTorch checkpoint to results/unsteady/checkpoints/best.pt
Saved PyTorch checkpoint to results/unsteady/checkpoints/best.pt
Saved PyTorch checkpoint to results/unsteady/checkpoints/best.pt
Saved PyTorch checkpoint to results/unsteady/checkpoints/best.pt
Saved PyTorch checkpoint to results/unsteady/checkpoints/best.pt
Saved PyTorch checkpoint to results/unsteady/checkpoints/best.pt
Saved PyTorch checkpoint to results/unsteady/checkpoints/best.pt
Saved PyTorch checkpoint to results/unsteady/checkpoints/best.pt
Saved PyTorch checkpoint to results/unsteady/checkpoints/best.pt
Saved PyTorch checkpoint to results/unsteady/checkpoints/best.pt
Saved PyTorch checkpoint to results/unsteady/checkpoints/best.pt
Saved PyTorch checkpoint to results/unsteady/checkpoints/best.pt
Saved PyTorch checkpoint to results/unsteady/checkpoints/best.pt
Saved PyTorch checkpoint to results/unsteady/checkpoints/best.pt
Saved PyTorch checkpoint to results/unsteady/checkpoints/best.pt
Saved PyTorch checkpoint to results/unsteady/checkpoints/best.pt
Saved PyTorch checkpoint to results/unsteady/checkpoints/best.pt
Saved PyTorch checkpoint to results/unsteady/checkpoints/best.pt
Saved PyTorch checkpoint to results/unsteady/checkpoints/best.pt
Saved PyTorch checkpoint to results/unsteady/checkpoints/best.pt
Saved PyTorch checkpoint to results/unsteady/checkpoints/best.pt
Saved PyTorch checkpoint to results/unsteady/checkpoints/best.pt
Saved PyTorch checkpoint to results/unsteady/checkpoints/best.pt
Saved PyTorch checkpoint to results/unsteady/checkpoints/best.pt
Saved PyTorch checkpoint to results/unsteady/checkpoints/best.pt
Saved PyTorch checkpoint to results/unsteady/checkpoints/best.pt
Saved PyTorch checkpoint to results/unsteady/checkpoints/best.pt
Saved PyTorch checkpoint to results/unsteady/checkpoints/best.pt
Saved PyTorch checkpoint to results/unsteady/checkpoints/best.pt
Saved PyTorch checkpoint to results/unsteady/checkpoints/best.pt
Saved PyTorch checkpoint to results/unsteady/checkpoints/best.pt
Saved PyTorch checkpoint to results/unsteady/checkpoints/best.pt
Saved PyTorch checkpoint to results/unsteady/checkpoints/best.pt
Saved PyTorch checkpoint to results/unsteady/checkpoints/best.pt
Saved PyTorch checkpoint to results/unsteady/checkpoints/best.pt
Saved PyTorch checkpoint to results/unsteady/checkpoints/best.pt
Saved PyTorch checkpoint to results/unsteady/checkpoints/best.pt
Saved PyTorch checkpoint to results/unsteady/checkpoints/best.pt
Saved PyTorch checkpoint to results/unsteady/checkpoints/best.pt
Saved PyTorch checkpoint to results/unsteady/checkpoints/best.pt
Saved PyTorch checkpoint to results/unsteady/checkpoints/best.pt
Saved PyTorch checkpoint to results/unsteady/checkpoints/best.pt
Saved PyTorch checkpoint to results/unsteady/checkpoints/best.pt
Adam 3200 | total=8.765e-02 f=1.680e-02 ic=8.710e-04 wall=1.133e-02 inlet=2.658e-03 outlet=2.797e-05 lr=5.000e-04
Saved PyTorch checkpoint to results/unsteady/checkpoints/best.pt
Saved PyTorch checkpoint to results/unsteady/checkpoints/best.pt
Saved PyTorch checkpoint to results/unsteady/checkpoints/best.pt
Saved PyTorch checkpoint to results/unsteady/checkpoints/best.pt
Saved PyTorch checkpoint to results/unsteady/checkpoints/best.pt
Saved PyTorch checkpoint to results/unsteady/checkpoints/best.pt
Saved PyTorch checkpoint to results/unsteady/checkpoints/best.pt
Saved PyTorch checkpoint to results/unsteady/checkpoints/best.pt
Saved PyTorch checkpoint to results/unsteady/checkpoints/best.pt
Saved PyTorch checkpoint to results/unsteady/checkpoints/best.pt
Saved PyTorch checkpoint to results/unsteady/checkpoints/best.pt
Saved PyTorch checkpoint to results/unsteady/checkpoints/best.pt
Saved PyTorch checkpoint to results/unsteady/checkpoints/best.pt
Saved PyTorch checkpoint to results/unsteady/checkpoints/best.pt
Saved PyTorch checkpoint to results/unsteady/checkpoints/best.pt
Saved PyTorch checkpoint to results/unsteady/checkpoints/best.pt
Saved PyTorch checkpoint to results/unsteady/checkpoints/best.pt
Saved PyTorch checkpoint to results/unsteady/checkpoints/best.pt
Saved PyTorch checkpoint to results/unsteady/checkpoints/best.pt
Saved PyTorch checkpoint to results/unsteady/checkpoints/best.pt
Saved PyTorch checkpoint to results/unsteady/checkpoints/best.pt
Saved PyTorch checkpoint to results/unsteady/checkpoints/best.pt
Saved PyTorch checkpoint to results/unsteady/checkpoints/best.pt
Saved PyTorch checkpoint to results/unsteady/checkpoints/best.pt
Saved PyTorch checkpoint to results/unsteady/checkpoints/best.pt
Saved PyTorch checkpoint to results/unsteady/checkpoints/best.pt
Saved PyTorch checkpoint to results/unsteady/checkpoints/best.pt
Saved PyTorch checkpoint to results/unsteady/checkpoints/best.pt
Saved PyTorch checkpoint to results/unsteady/checkpoints/best.pt
Saved PyTorch checkpoint to results/unsteady/checkpoints/best.pt
Saved PyTorch checkpoint to results/unsteady/checkpoints/best.pt
Saved PyTorch checkpoint to results/unsteady/checkpoints/best.pt
Saved PyTorch checkpoint to results/unsteady/checkpoints/best.pt
Saved PyTorch checkpoint to results/unsteady/checkpoints/best.pt
Saved PyTorch checkpoint to results/unsteady/checkpoints/best.pt
Saved PyTorch checkpoint to results/unsteady/checkpoints/best.pt
Saved PyTorch checkpoint to results/unsteady/checkpoints/best.pt
Saved PyTorch checkpoint to results/unsteady/checkpoints/best.pt
Saved PyTorch checkpoint to results/unsteady/checkpoints/best.pt
Saved PyTorch checkpoint to results/unsteady/checkpoints/best.pt
Saved PyTorch checkpoint to results/unsteady/checkpoints/best.pt
Saved PyTorch checkpoint to results/unsteady/checkpoints/best.pt
Saved PyTorch checkpoint to results/unsteady/checkpoints/best.pt
Saved PyTorch checkpoint to results/unsteady/checkpoints/best.pt
Saved PyTorch checkpoint to results/unsteady/checkpoints/best.pt
Saved PyTorch checkpoint to results/unsteady/checkpoints/best.pt
Saved PyTorch checkpoint to results/unsteady/checkpoints/best.pt
Saved PyTorch checkpoint to results/unsteady/checkpoints/best.pt
Saved PyTorch checkpoint to results/unsteady/checkpoints/best.pt
Saved PyTorch checkpoint to results/unsteady/checkpoints/best.pt
Saved PyTorch checkpoint to results/unsteady/checkpoints/best.pt
Saved PyTorch checkpoint to results/unsteady/checkpoints/best.pt
Saved PyTorch checkpoint to results/unsteady/checkpoints/best.pt
Saved PyTorch checkpoint to results/unsteady/checkpoints/best.pt
Saved PyTorch checkpoint to results/unsteady/checkpoints/best.pt
Saved PyTorch checkpoint to results/unsteady/checkpoints/best.pt
Saved PyTorch checkpoint to results/unsteady/checkpoints/best.pt
Saved PyTorch checkpoint to results/unsteady/checkpoints/best.pt
Saved PyTorch checkpoint to results/unsteady/checkpoints/best.pt
Saved PyTorch checkpoint to results/unsteady/checkpoints/best.pt
Saved PyTorch checkpoint to results/unsteady/checkpoints/best.pt
Saved PyTorch checkpoint to results/unsteady/checkpoints/best.pt
Saved PyTorch checkpoint to results/unsteady/checkpoints/best.pt
Saved PyTorch checkpoint to results/unsteady/checkpoints/best.pt
Saved PyTorch checkpoint to results/unsteady/checkpoints/best.pt
Saved PyTorch checkpoint to results/unsteady/checkpoints/best.pt
Saved PyTorch checkpoint to results/unsteady/checkpoints/best.pt
Saved PyTorch checkpoint to results/unsteady/checkpoints/best.pt
Saved PyTorch checkpoint to results/unsteady/checkpoints/best.pt
Saved PyTorch checkpoint to results/unsteady/checkpoints/best.pt
Saved PyTorch checkpoint to results/unsteady/checkpoints/best.pt
Saved PyTorch checkpoint to results/unsteady/checkpoints/best.pt
Saved PyTorch checkpoint to results/unsteady/checkpoints/best.pt
Saved PyTorch checkpoint to results/unsteady/checkpoints/best.pt
Saved PyTorch checkpoint to results/unsteady/checkpoints/best.pt
Saved PyTorch checkpoint to results/unsteady/checkpoints/best.pt
Saved PyTorch checkpoint to results/unsteady/checkpoints/best.pt
Saved PyTorch checkpoint to results/unsteady/checkpoints/best.pt
Saved PyTorch checkpoint to results/unsteady/checkpoints/best.pt
Saved PyTorch checkpoint to results/unsteady/checkpoints/best.pt
Saved PyTorch checkpoint to results/unsteady/checkpoints/best.pt
Saved PyTorch checkpoint to results/unsteady/checkpoints/best.pt
Saved PyTorch checkpoint to results/unsteady/checkpoints/best.pt
Saved PyTorch checkpoint to results/unsteady/checkpoints/best.pt
Saved PyTorch checkpoint to results/unsteady/checkpoints/best.pt
Saved PyTorch checkpoint to results/unsteady/checkpoints/best.pt
Saved PyTorch checkpoint to results/unsteady/checkpoints/best.pt
Saved PyTorch checkpoint to results/unsteady/checkpoints/best.pt
Saved PyTorch checkpoint to results/unsteady/checkpoints/best.pt
Saved PyTorch checkpoint to results/unsteady/checkpoints/best.pt
Saved PyTorch checkpoint to results/unsteady/checkpoints/best.pt
Saved PyTorch checkpoint to results/unsteady/checkpoints/best.pt
Saved PyTorch checkpoint to results/unsteady/checkpoints/best.pt
Saved PyTorch checkpoint to results/unsteady/checkpoints/best.pt
Saved PyTorch checkpoint to results/unsteady/checkpoints/best.pt
Saved PyTorch checkpoint to results/unsteady/checkpoints/best.pt
Saved PyTorch checkpoint to results/unsteady/checkpoints/best.pt
Saved PyTorch checkpoint to results/unsteady/checkpoints/best.pt
Saved PyTorch checkpoint to results/unsteady/checkpoints/best.pt
Saved PyTorch checkpoint to results/unsteady/checkpoints/best.pt
Saved PyTorch checkpoint to results/unsteady/checkpoints/best.pt
Saved PyTorch checkpoint to results/unsteady/checkpoints/best.pt
Saved PyTorch checkpoint to results/unsteady/checkpoints/best.pt
Saved PyTorch checkpoint to results/unsteady/checkpoints/best.pt
Saved PyTorch checkpoint to results/unsteady/checkpoints/best.pt
Saved PyTorch checkpoint to results/unsteady/checkpoints/best.pt
Saved PyTorch checkpoint to results/unsteady/checkpoints/best.pt
Saved PyTorch checkpoint to results/unsteady/checkpoints/best.pt
Adam 3400 | total=7.857e-02 f=1.529e-02 ic=7.249e-04 wall=9.084e-03 inlet=3.424e-03 outlet=2.245e-05 lr=5.000e-04
Saved PyTorch checkpoint to results/unsteady/checkpoints/best.pt
Saved PyTorch checkpoint to results/unsteady/checkpoints/best.pt
Saved PyTorch checkpoint to results/unsteady/checkpoints/best.pt
Saved PyTorch checkpoint to results/unsteady/checkpoints/best.pt
Saved PyTorch checkpoint to results/unsteady/checkpoints/best.pt
Saved PyTorch checkpoint to results/unsteady/checkpoints/best.pt
Saved PyTorch checkpoint to results/unsteady/checkpoints/best.pt
Saved PyTorch checkpoint to results/unsteady/checkpoints/best.pt
Saved PyTorch checkpoint to results/unsteady/checkpoints/best.pt
Saved PyTorch checkpoint to results/unsteady/checkpoints/best.pt
Saved PyTorch checkpoint to results/unsteady/checkpoints/best.pt
Saved PyTorch checkpoint to results/unsteady/checkpoints/best.pt
Saved PyTorch checkpoint to results/unsteady/checkpoints/best.pt
Saved PyTorch checkpoint to results/unsteady/checkpoints/best.pt
Saved PyTorch checkpoint to results/unsteady/checkpoints/best.pt
Saved PyTorch checkpoint to results/unsteady/checkpoints/best.pt
Saved PyTorch checkpoint to results/unsteady/checkpoints/best.pt
Saved PyTorch checkpoint to results/unsteady/checkpoints/best.pt
Saved PyTorch checkpoint to results/unsteady/checkpoints/best.pt
Saved PyTorch checkpoint to results/unsteady/checkpoints/best.pt
Saved PyTorch checkpoint to results/unsteady/checkpoints/best.pt
Saved PyTorch checkpoint to results/unsteady/checkpoints/best.pt
Saved PyTorch checkpoint to results/unsteady/checkpoints/best.pt
Saved PyTorch checkpoint to results/unsteady/checkpoints/best.pt
Saved PyTorch checkpoint to results/unsteady/checkpoints/best.pt
Saved PyTorch checkpoint to results/unsteady/checkpoints/best.pt
Saved PyTorch checkpoint to results/unsteady/checkpoints/best.pt
Saved PyTorch checkpoint to results/unsteady/checkpoints/best.pt
Saved PyTorch checkpoint to results/unsteady/checkpoints/best.pt
Saved PyTorch checkpoint to results/unsteady/checkpoints/best.pt
Saved PyTorch checkpoint to results/unsteady/checkpoints/best.pt
Saved PyTorch checkpoint to results/unsteady/checkpoints/best.pt
Saved PyTorch checkpoint to results/unsteady/checkpoints/best.pt
Saved PyTorch checkpoint to results/unsteady/checkpoints/best.pt
Saved PyTorch checkpoint to results/unsteady/checkpoints/best.pt
Saved PyTorch checkpoint to results/unsteady/checkpoints/best.pt
Saved PyTorch checkpoint to results/unsteady/checkpoints/best.pt
Saved PyTorch checkpoint to results/unsteady/checkpoints/best.pt
Saved PyTorch checkpoint to results/unsteady/checkpoints/best.pt
Saved PyTorch checkpoint to results/unsteady/checkpoints/best.pt
Saved PyTorch checkpoint to results/unsteady/checkpoints/best.pt
Saved PyTorch checkpoint to results/unsteady/checkpoints/best.pt
Saved PyTorch checkpoint to results/unsteady/checkpoints/best.pt
Saved PyTorch checkpoint to results/unsteady/checkpoints/best.pt
Saved PyTorch checkpoint to results/unsteady/checkpoints/best.pt
Saved PyTorch checkpoint to results/unsteady/checkpoints/best.pt
Saved PyTorch checkpoint to results/unsteady/checkpoints/best.pt
Saved PyTorch checkpoint to results/unsteady/checkpoints/best.pt
Saved PyTorch checkpoint to results/unsteady/checkpoints/best.pt
Saved PyTorch checkpoint to results/unsteady/checkpoints/best.pt
Saved PyTorch checkpoint to results/unsteady/checkpoints/best.pt
Saved PyTorch checkpoint to results/unsteady/checkpoints/best.pt
Saved PyTorch checkpoint to results/unsteady/checkpoints/best.pt
Saved PyTorch checkpoint to results/unsteady/checkpoints/best.pt
Saved PyTorch checkpoint to results/unsteady/checkpoints/best.pt
Saved PyTorch checkpoint to results/unsteady/checkpoints/best.pt
Saved PyTorch checkpoint to results/unsteady/checkpoints/best.pt
Saved PyTorch checkpoint to results/unsteady/checkpoints/best.pt
Saved PyTorch checkpoint to results/unsteady/checkpoints/best.pt
Saved PyTorch checkpoint to results/unsteady/checkpoints/best.pt
Saved PyTorch checkpoint to results/unsteady/checkpoints/best.pt
Saved PyTorch checkpoint to results/unsteady/checkpoints/best.pt
Saved PyTorch checkpoint to results/unsteady/checkpoints/best.pt
Saved PyTorch checkpoint to results/unsteady/checkpoints/best.pt
Saved PyTorch checkpoint to results/unsteady/checkpoints/best.pt
Saved PyTorch checkpoint to results/unsteady/checkpoints/best.pt
Saved PyTorch checkpoint to results/unsteady/checkpoints/best.pt
Saved PyTorch checkpoint to results/unsteady/checkpoints/best.pt
Saved PyTorch checkpoint to results/unsteady/checkpoints/best.pt
Saved PyTorch checkpoint to results/unsteady/checkpoints/best.pt
Saved PyTorch checkpoint to results/unsteady/checkpoints/best.pt
Saved PyTorch checkpoint to results/unsteady/checkpoints/best.pt
Saved PyTorch checkpoint to results/unsteady/checkpoints/best.pt
Saved PyTorch checkpoint to results/unsteady/checkpoints/best.pt
Saved PyTorch checkpoint to results/unsteady/checkpoints/best.pt
Saved PyTorch checkpoint to results/unsteady/checkpoints/best.pt
Saved PyTorch checkpoint to results/unsteady/checkpoints/best.pt
Saved PyTorch checkpoint to results/unsteady/checkpoints/best.pt
Saved PyTorch checkpoint to results/unsteady/checkpoints/best.pt
Saved PyTorch checkpoint to results/unsteady/checkpoints/best.pt
Saved PyTorch checkpoint to results/unsteady/checkpoints/best.pt
Saved PyTorch checkpoint to results/unsteady/checkpoints/best.pt
Saved PyTorch checkpoint to results/unsteady/checkpoints/best.pt
Saved PyTorch checkpoint to results/unsteady/checkpoints/best.pt
Saved PyTorch checkpoint to results/unsteady/checkpoints/best.pt
Saved PyTorch checkpoint to results/unsteady/checkpoints/best.pt
Saved PyTorch checkpoint to results/unsteady/checkpoints/best.pt
Saved PyTorch checkpoint to results/unsteady/checkpoints/best.pt
Saved PyTorch checkpoint to results/unsteady/checkpoints/best.pt
Saved PyTorch checkpoint to results/unsteady/checkpoints/best.pt
Saved PyTorch checkpoint to results/unsteady/checkpoints/best.pt
Saved PyTorch checkpoint to results/unsteady/checkpoints/best.pt
Saved PyTorch checkpoint to results/unsteady/checkpoints/best.pt
Saved PyTorch checkpoint to results/unsteady/checkpoints/best.pt
Saved PyTorch checkpoint to results/unsteady/checkpoints/best.pt
Saved PyTorch checkpoint to results/unsteady/checkpoints/best.pt
Saved PyTorch checkpoint to results/unsteady/checkpoints/best.pt
Saved PyTorch checkpoint to results/unsteady/checkpoints/best.pt
Saved PyTorch checkpoint to results/unsteady/checkpoints/best.pt
Saved PyTorch checkpoint to results/unsteady/checkpoints/best.pt
Saved PyTorch checkpoint to results/unsteady/checkpoints/best.pt
Saved PyTorch checkpoint to results/unsteady/checkpoints/best.pt
Saved PyTorch checkpoint to results/unsteady/checkpoints/best.pt
Saved PyTorch checkpoint to results/unsteady/checkpoints/best.pt
Saved PyTorch checkpoint to results/unsteady/checkpoints/best.pt
Adam 3600 | total=7.583e-02 f=1.514e-02 ic=7.768e-04 wall=9.062e-03 inlet=2.916e-03 outlet=2.311e-05 lr=5.000e-04
Saved PyTorch checkpoint to results/unsteady/checkpoints/best.pt
Saved PyTorch checkpoint to results/unsteady/checkpoints/best.pt
Saved PyTorch checkpoint to results/unsteady/checkpoints/best.pt
Saved PyTorch checkpoint to results/unsteady/checkpoints/best.pt
Saved PyTorch checkpoint to results/unsteady/checkpoints/best.pt
Saved PyTorch checkpoint to results/unsteady/checkpoints/best.pt
Saved PyTorch checkpoint to results/unsteady/checkpoints/best.pt
Saved PyTorch checkpoint to results/unsteady/checkpoints/best.pt
Saved PyTorch checkpoint to results/unsteady/checkpoints/best.pt
Saved PyTorch checkpoint to results/unsteady/checkpoints/best.pt
Saved PyTorch checkpoint to results/unsteady/checkpoints/best.pt
Saved PyTorch checkpoint to results/unsteady/checkpoints/best.pt
Saved PyTorch checkpoint to results/unsteady/checkpoints/best.pt
Saved PyTorch checkpoint to results/unsteady/checkpoints/best.pt
Saved PyTorch checkpoint to results/unsteady/checkpoints/best.pt
Saved PyTorch checkpoint to results/unsteady/checkpoints/best.pt
Saved PyTorch checkpoint to results/unsteady/checkpoints/best.pt
Saved PyTorch checkpoint to results/unsteady/checkpoints/best.pt
Saved PyTorch checkpoint to results/unsteady/checkpoints/best.pt
Saved PyTorch checkpoint to results/unsteady/checkpoints/best.pt
Saved PyTorch checkpoint to results/unsteady/checkpoints/best.pt
Saved PyTorch checkpoint to results/unsteady/checkpoints/best.pt
Saved PyTorch checkpoint to results/unsteady/checkpoints/best.pt
Saved PyTorch checkpoint to results/unsteady/checkpoints/best.pt
Saved PyTorch checkpoint to results/unsteady/checkpoints/best.pt
Saved PyTorch checkpoint to results/unsteady/checkpoints/best.pt
Saved PyTorch checkpoint to results/unsteady/checkpoints/best.pt
Adam 3800 | total=7.342e-02 f=1.408e-02 ic=7.510e-04 wall=8.345e-03 inlet=3.369e-03 outlet=1.850e-05 lr=5.000e-04
Saved PyTorch checkpoint to results/unsteady/checkpoints/best.pt
Saved PyTorch checkpoint to results/unsteady/checkpoints/best.pt
Saved PyTorch checkpoint to results/unsteady/checkpoints/best.pt
Saved PyTorch checkpoint to results/unsteady/checkpoints/best.pt
Saved PyTorch checkpoint to results/unsteady/checkpoints/best.pt
Saved PyTorch checkpoint to results/unsteady/checkpoints/best.pt
Saved PyTorch checkpoint to results/unsteady/checkpoints/best.pt
Saved PyTorch checkpoint to results/unsteady/checkpoints/best.pt
Saved PyTorch checkpoint to results/unsteady/checkpoints/best.pt
Saved PyTorch checkpoint to results/unsteady/checkpoints/best.pt
Saved PyTorch checkpoint to results/unsteady/checkpoints/best.pt
Saved PyTorch checkpoint to results/unsteady/checkpoints/best.pt
Saved PyTorch checkpoint to results/unsteady/checkpoints/best.pt
Saved PyTorch checkpoint to results/unsteady/checkpoints/best.pt
Saved PyTorch checkpoint to results/unsteady/checkpoints/best.pt
Saved PyTorch checkpoint to results/unsteady/checkpoints/best.pt
Saved PyTorch checkpoint to results/unsteady/checkpoints/best.pt
Saved PyTorch checkpoint to results/unsteady/checkpoints/best.pt
Saved PyTorch checkpoint to results/unsteady/checkpoints/best.pt
Saved PyTorch checkpoint to results/unsteady/checkpoints/best.pt
Saved PyTorch checkpoint to results/unsteady/checkpoints/best.pt
Saved PyTorch checkpoint to results/unsteady/checkpoints/best.pt
Saved PyTorch checkpoint to results/unsteady/checkpoints/best.pt
Saved PyTorch checkpoint to results/unsteady/checkpoints/best.pt
Saved PyTorch checkpoint to results/unsteady/checkpoints/best.pt
Saved PyTorch checkpoint to results/unsteady/checkpoints/best.pt
Saved PyTorch checkpoint to results/unsteady/checkpoints/best.pt
Saved PyTorch checkpoint to results/unsteady/checkpoints/best.pt
Saved PyTorch checkpoint to results/unsteady/checkpoints/best.pt
Saved PyTorch checkpoint to results/unsteady/checkpoints/best.pt
Saved PyTorch checkpoint to results/unsteady/checkpoints/best.pt
Saved PyTorch checkpoint to results/unsteady/checkpoints/best.pt
Saved PyTorch checkpoint to results/unsteady/checkpoints/best.pt
Saved PyTorch checkpoint to results/unsteady/checkpoints/best.pt
Saved PyTorch checkpoint to results/unsteady/checkpoints/best.pt
Saved PyTorch checkpoint to results/unsteady/checkpoints/best.pt
Saved PyTorch checkpoint to results/unsteady/checkpoints/best.pt
Adam 4000 | total=7.008e-02 f=1.333e-02 ic=7.842e-04 wall=8.418e-03 inlet=2.771e-03 outlet=1.576e-05 lr=5.000e-04
Saved PyTorch checkpoint to results/unsteady/checkpoints/best.pt
Saved PyTorch checkpoint to results/unsteady/checkpoints/best.pt
Saved PyTorch checkpoint to results/unsteady/checkpoints/best.pt
Saved PyTorch checkpoint to results/unsteady/checkpoints/best.pt
Saved PyTorch checkpoint to results/unsteady/checkpoints/best.pt
Saved PyTorch checkpoint to results/unsteady/checkpoints/best.pt
Saved PyTorch checkpoint to results/unsteady/checkpoints/best.pt
Saved PyTorch checkpoint to results/unsteady/checkpoints/best.pt
Saved PyTorch checkpoint to results/unsteady/checkpoints/best.pt
Saved PyTorch checkpoint to results/unsteady/checkpoints/best.pt
Saved PyTorch checkpoint to results/unsteady/checkpoints/best.pt
Saved PyTorch checkpoint to results/unsteady/checkpoints/best.pt
Saved PyTorch checkpoint to results/unsteady/checkpoints/best.pt
Saved PyTorch checkpoint to results/unsteady/checkpoints/best.pt
Saved PyTorch checkpoint to results/unsteady/checkpoints/best.pt
Saved PyTorch checkpoint to results/unsteady/checkpoints/best.pt
Saved PyTorch checkpoint to results/unsteady/checkpoints/best.pt
Saved PyTorch checkpoint to results/unsteady/checkpoints/best.pt
Saved PyTorch checkpoint to results/unsteady/checkpoints/best.pt
Saved PyTorch checkpoint to results/unsteady/checkpoints/best.pt
Saved PyTorch checkpoint to results/unsteady/checkpoints/best.pt
Saved PyTorch checkpoint to results/unsteady/checkpoints/best.pt
Saved PyTorch checkpoint to results/unsteady/checkpoints/best.pt
Saved PyTorch checkpoint to results/unsteady/checkpoints/best.pt
Saved PyTorch checkpoint to results/unsteady/checkpoints/best.pt
Saved PyTorch checkpoint to results/unsteady/checkpoints/best.pt
Saved PyTorch checkpoint to results/unsteady/checkpoints/best.pt
Saved PyTorch checkpoint to results/unsteady/checkpoints/best.pt
Saved PyTorch checkpoint to results/unsteady/checkpoints/best.pt
Saved PyTorch checkpoint to results/unsteady/checkpoints/best.pt
Saved PyTorch checkpoint to results/unsteady/checkpoints/best.pt
Saved PyTorch checkpoint to results/unsteady/checkpoints/best.pt
Saved PyTorch checkpoint to results/unsteady/checkpoints/best.pt
Saved PyTorch checkpoint to results/unsteady/checkpoints/best.pt
Saved PyTorch checkpoint to results/unsteady/checkpoints/best.pt
Saved PyTorch checkpoint to results/unsteady/checkpoints/best.pt
Saved PyTorch checkpoint to results/unsteady/checkpoints/best.pt
Saved PyTorch checkpoint to results/unsteady/checkpoints/best.pt
Saved PyTorch checkpoint to results/unsteady/checkpoints/best.pt
Saved PyTorch checkpoint to results/unsteady/checkpoints/best.pt
Saved PyTorch checkpoint to results/unsteady/checkpoints/best.pt
Saved PyTorch checkpoint to results/unsteady/checkpoints/best.pt
Saved PyTorch checkpoint to results/unsteady/checkpoints/best.pt
Saved PyTorch checkpoint to results/unsteady/checkpoints/best.pt
Saved PyTorch checkpoint to results/unsteady/checkpoints/best.pt
Saved PyTorch checkpoint to results/unsteady/checkpoints/best.pt
Saved PyTorch checkpoint to results/unsteady/checkpoints/best.pt
Saved PyTorch checkpoint to results/unsteady/checkpoints/best.pt
Saved PyTorch checkpoint to results/unsteady/checkpoints/best.pt
Saved PyTorch checkpoint to results/unsteady/checkpoints/best.pt
Saved PyTorch checkpoint to results/unsteady/checkpoints/best.pt
Saved PyTorch checkpoint to results/unsteady/checkpoints/best.pt
Saved PyTorch checkpoint to results/unsteady/checkpoints/best.pt
Saved PyTorch checkpoint to results/unsteady/checkpoints/best.pt
Saved PyTorch checkpoint to results/unsteady/checkpoints/best.pt
Saved PyTorch checkpoint to results/unsteady/checkpoints/best.pt
Saved PyTorch checkpoint to results/unsteady/checkpoints/best.pt
Saved PyTorch checkpoint to results/unsteady/checkpoints/best.pt
Saved PyTorch checkpoint to results/unsteady/checkpoints/best.pt
Saved PyTorch checkpoint to results/unsteady/checkpoints/best.pt
Saved PyTorch checkpoint to results/unsteady/checkpoints/best.pt
Saved PyTorch checkpoint to results/unsteady/checkpoints/best.pt
Saved PyTorch checkpoint to results/unsteady/checkpoints/best.pt
Saved PyTorch checkpoint to results/unsteady/checkpoints/best.pt
Saved PyTorch checkpoint to results/unsteady/checkpoints/best.pt
Saved PyTorch checkpoint to results/unsteady/checkpoints/best.pt
Saved PyTorch checkpoint to results/unsteady/checkpoints/best.pt
Saved PyTorch checkpoint to results/unsteady/checkpoints/best.pt
Saved PyTorch checkpoint to results/unsteady/checkpoints/best.pt
Saved PyTorch checkpoint to results/unsteady/checkpoints/best.pt
Saved PyTorch checkpoint to results/unsteady/checkpoints/best.pt
Saved PyTorch checkpoint to results/unsteady/checkpoints/best.pt
Saved PyTorch checkpoint to results/unsteady/checkpoints/best.pt
Saved PyTorch checkpoint to results/unsteady/checkpoints/best.pt
Saved PyTorch checkpoint to results/unsteady/checkpoints/best.pt
Saved PyTorch checkpoint to results/unsteady/checkpoints/best.pt
Saved PyTorch checkpoint to results/unsteady/checkpoints/best.pt
Saved PyTorch checkpoint to results/unsteady/checkpoints/best.pt
Saved PyTorch checkpoint to results/unsteady/checkpoints/best.pt
Adam 4200 | total=6.821e-02 f=1.268e-02 ic=8.379e-04 wall=8.556e-03 inlet=2.379e-03 outlet=1.112e-05 lr=5.000e-04
Saved PyTorch checkpoint to results/unsteady/checkpoints/best.pt
Saved PyTorch checkpoint to results/unsteady/checkpoints/best.pt
Saved PyTorch checkpoint to results/unsteady/checkpoints/best.pt
Saved PyTorch checkpoint to results/unsteady/checkpoints/best.pt
Saved PyTorch checkpoint to results/unsteady/checkpoints/best.pt
Saved PyTorch checkpoint to results/unsteady/checkpoints/best.pt
Saved PyTorch checkpoint to results/unsteady/checkpoints/best.pt
Saved PyTorch checkpoint to results/unsteady/checkpoints/best.pt
Saved PyTorch checkpoint to results/unsteady/checkpoints/best.pt
Saved PyTorch checkpoint to results/unsteady/checkpoints/best.pt
Saved PyTorch checkpoint to results/unsteady/checkpoints/best.pt
Saved PyTorch checkpoint to results/unsteady/checkpoints/best.pt
Saved PyTorch checkpoint to results/unsteady/checkpoints/best.pt
Saved PyTorch checkpoint to results/unsteady/checkpoints/best.pt
Saved PyTorch checkpoint to results/unsteady/checkpoints/best.pt
Saved PyTorch checkpoint to results/unsteady/checkpoints/best.pt
Saved PyTorch checkpoint to results/unsteady/checkpoints/best.pt
Saved PyTorch checkpoint to results/unsteady/checkpoints/best.pt
Saved PyTorch checkpoint to results/unsteady/checkpoints/best.pt
Saved PyTorch checkpoint to results/unsteady/checkpoints/best.pt
Saved PyTorch checkpoint to results/unsteady/checkpoints/best.pt
Saved PyTorch checkpoint to results/unsteady/checkpoints/best.pt
Saved PyTorch checkpoint to results/unsteady/checkpoints/best.pt
Saved PyTorch checkpoint to results/unsteady/checkpoints/best.pt
Saved PyTorch checkpoint to results/unsteady/checkpoints/best.pt
Saved PyTorch checkpoint to results/unsteady/checkpoints/best.pt
Saved PyTorch checkpoint to results/unsteady/checkpoints/best.pt
Saved PyTorch checkpoint to results/unsteady/checkpoints/best.pt
Saved PyTorch checkpoint to results/unsteady/checkpoints/best.pt
Saved PyTorch checkpoint to results/unsteady/checkpoints/best.pt
Saved PyTorch checkpoint to results/unsteady/checkpoints/best.pt
Saved PyTorch checkpoint to results/unsteady/checkpoints/best.pt
Saved PyTorch checkpoint to results/unsteady/checkpoints/best.pt
Saved PyTorch checkpoint to results/unsteady/checkpoints/best.pt
Saved PyTorch checkpoint to results/unsteady/checkpoints/best.pt
Saved PyTorch checkpoint to results/unsteady/checkpoints/best.pt
Saved PyTorch checkpoint to results/unsteady/checkpoints/best.pt
Saved PyTorch checkpoint to results/unsteady/checkpoints/best.pt
Saved PyTorch checkpoint to results/unsteady/checkpoints/best.pt
Saved PyTorch checkpoint to results/unsteady/checkpoints/best.pt
Saved PyTorch checkpoint to results/unsteady/checkpoints/best.pt
Saved PyTorch checkpoint to results/unsteady/checkpoints/best.pt
Saved PyTorch checkpoint to results/unsteady/checkpoints/best.pt
Saved PyTorch checkpoint to results/unsteady/checkpoints/best.pt
Saved PyTorch checkpoint to results/unsteady/checkpoints/best.pt
Saved PyTorch checkpoint to results/unsteady/checkpoints/best.pt
Saved PyTorch checkpoint to results/unsteady/checkpoints/best.pt
Saved PyTorch checkpoint to results/unsteady/checkpoints/best.pt
Saved PyTorch checkpoint to results/unsteady/checkpoints/best.pt
Saved PyTorch checkpoint to results/unsteady/checkpoints/best.pt
Saved PyTorch checkpoint to results/unsteady/checkpoints/best.pt
Saved PyTorch checkpoint to results/unsteady/checkpoints/best.pt
Saved PyTorch checkpoint to results/unsteady/checkpoints/best.pt
Saved PyTorch checkpoint to results/unsteady/checkpoints/best.pt
Saved PyTorch checkpoint to results/unsteady/checkpoints/best.pt
Saved PyTorch checkpoint to results/unsteady/checkpoints/best.pt
Saved PyTorch checkpoint to results/unsteady/checkpoints/best.pt
Saved PyTorch checkpoint to results/unsteady/checkpoints/best.pt
Saved PyTorch checkpoint to results/unsteady/checkpoints/best.pt
Saved PyTorch checkpoint to results/unsteady/checkpoints/best.pt
Saved PyTorch checkpoint to results/unsteady/checkpoints/best.pt
Saved PyTorch checkpoint to results/unsteady/checkpoints/best.pt
Saved PyTorch checkpoint to results/unsteady/checkpoints/best.pt
Saved PyTorch checkpoint to results/unsteady/checkpoints/best.pt
Saved PyTorch checkpoint to results/unsteady/checkpoints/best.pt
Saved PyTorch checkpoint to results/unsteady/checkpoints/best.pt
Saved PyTorch checkpoint to results/unsteady/checkpoints/best.pt
Adam 4400 | total=6.702e-02 f=1.130e-02 ic=7.735e-04 wall=8.458e-03 inlet=2.529e-03 outlet=1.145e-05 lr=5.000e-04
Saved PyTorch checkpoint to results/unsteady/checkpoints/best.pt
Saved PyTorch checkpoint to results/unsteady/checkpoints/best.pt
Saved PyTorch checkpoint to results/unsteady/checkpoints/best.pt
Saved PyTorch checkpoint to results/unsteady/checkpoints/best.pt
Saved PyTorch checkpoint to results/unsteady/checkpoints/best.pt
Saved PyTorch checkpoint to results/unsteady/checkpoints/best.pt
Saved PyTorch checkpoint to results/unsteady/checkpoints/best.pt
Saved PyTorch checkpoint to results/unsteady/checkpoints/best.pt
Saved PyTorch checkpoint to results/unsteady/checkpoints/best.pt
Saved PyTorch checkpoint to results/unsteady/checkpoints/best.pt
Saved PyTorch checkpoint to results/unsteady/checkpoints/best.pt
Saved PyTorch checkpoint to results/unsteady/checkpoints/best.pt
Saved PyTorch checkpoint to results/unsteady/checkpoints/best.pt
Saved PyTorch checkpoint to results/unsteady/checkpoints/best.pt
Saved PyTorch checkpoint to results/unsteady/checkpoints/best.pt
Saved PyTorch checkpoint to results/unsteady/checkpoints/best.pt
Saved PyTorch checkpoint to results/unsteady/checkpoints/best.pt
Saved PyTorch checkpoint to results/unsteady/checkpoints/best.pt
Saved PyTorch checkpoint to results/unsteady/checkpoints/best.pt
Saved PyTorch checkpoint to results/unsteady/checkpoints/best.pt
Saved PyTorch checkpoint to results/unsteady/checkpoints/best.pt
Saved PyTorch checkpoint to results/unsteady/checkpoints/best.pt
Saved PyTorch checkpoint to results/unsteady/checkpoints/best.pt
Saved PyTorch checkpoint to results/unsteady/checkpoints/best.pt
Saved PyTorch checkpoint to results/unsteady/checkpoints/best.pt
Saved PyTorch checkpoint to results/unsteady/checkpoints/best.pt
Saved PyTorch checkpoint to results/unsteady/checkpoints/best.pt
Saved PyTorch checkpoint to results/unsteady/checkpoints/best.pt
Saved PyTorch checkpoint to results/unsteady/checkpoints/best.pt
Saved PyTorch checkpoint to results/unsteady/checkpoints/best.pt
Saved PyTorch checkpoint to results/unsteady/checkpoints/best.pt
Saved PyTorch checkpoint to results/unsteady/checkpoints/best.pt
Saved PyTorch checkpoint to results/unsteady/checkpoints/best.pt
Saved PyTorch checkpoint to results/unsteady/checkpoints/best.pt
Saved PyTorch checkpoint to results/unsteady/checkpoints/best.pt
Saved PyTorch checkpoint to results/unsteady/checkpoints/best.pt
Saved PyTorch checkpoint to results/unsteady/checkpoints/best.pt
Saved PyTorch checkpoint to results/unsteady/checkpoints/best.pt
Saved PyTorch checkpoint to results/unsteady/checkpoints/best.pt
Saved PyTorch checkpoint to results/unsteady/checkpoints/best.pt
Saved PyTorch checkpoint to results/unsteady/checkpoints/best.pt
Saved PyTorch checkpoint to results/unsteady/checkpoints/best.pt
Saved PyTorch checkpoint to results/unsteady/checkpoints/best.pt
Saved PyTorch checkpoint to results/unsteady/checkpoints/best.pt
Saved PyTorch checkpoint to results/unsteady/checkpoints/best.pt
Saved PyTorch checkpoint to results/unsteady/checkpoints/best.pt
Saved PyTorch checkpoint to results/unsteady/checkpoints/best.pt
Saved PyTorch checkpoint to results/unsteady/checkpoints/best.pt
Saved PyTorch checkpoint to results/unsteady/checkpoints/best.pt
Saved PyTorch checkpoint to results/unsteady/checkpoints/best.pt
Saved PyTorch checkpoint to results/unsteady/checkpoints/best.pt
Saved PyTorch checkpoint to results/unsteady/checkpoints/best.pt
Saved PyTorch checkpoint to results/unsteady/checkpoints/best.pt
Saved PyTorch checkpoint to results/unsteady/checkpoints/best.pt
Saved PyTorch checkpoint to results/unsteady/checkpoints/best.pt
Saved PyTorch checkpoint to results/unsteady/checkpoints/best.pt
Saved PyTorch checkpoint to results/unsteady/checkpoints/best.pt
Adam 4600 | total=6.438e-02 f=1.117e-02 ic=6.882e-04 wall=7.463e-03 inlet=3.038e-03 outlet=9.331e-06 lr=5.000e-04
Saved PyTorch checkpoint to results/unsteady/checkpoints/best.pt
Saved PyTorch checkpoint to results/unsteady/checkpoints/best.pt
Saved PyTorch checkpoint to results/unsteady/checkpoints/best.pt
Saved PyTorch checkpoint to results/unsteady/checkpoints/best.pt
Saved PyTorch checkpoint to results/unsteady/checkpoints/best.pt
Saved PyTorch checkpoint to results/unsteady/checkpoints/best.pt
Saved PyTorch checkpoint to results/unsteady/checkpoints/best.pt
Saved PyTorch checkpoint to results/unsteady/checkpoints/best.pt
Saved PyTorch checkpoint to results/unsteady/checkpoints/best.pt
Saved PyTorch checkpoint to results/unsteady/checkpoints/best.pt
Saved PyTorch checkpoint to results/unsteady/checkpoints/best.pt
Saved PyTorch checkpoint to results/unsteady/checkpoints/best.pt
Saved PyTorch checkpoint to results/unsteady/checkpoints/best.pt
Saved PyTorch checkpoint to results/unsteady/checkpoints/best.pt
Saved PyTorch checkpoint to results/unsteady/checkpoints/best.pt
Saved PyTorch checkpoint to results/unsteady/checkpoints/best.pt
Saved PyTorch checkpoint to results/unsteady/checkpoints/best.pt
Saved PyTorch checkpoint to results/unsteady/checkpoints/best.pt
Saved PyTorch checkpoint to results/unsteady/checkpoints/best.pt
Saved PyTorch checkpoint to results/unsteady/checkpoints/best.pt
Saved PyTorch checkpoint to results/unsteady/checkpoints/best.pt
Saved PyTorch checkpoint to results/unsteady/checkpoints/best.pt
Saved PyTorch checkpoint to results/unsteady/checkpoints/best.pt
Saved PyTorch checkpoint to results/unsteady/checkpoints/best.pt
Saved PyTorch checkpoint to results/unsteady/checkpoints/best.pt
Saved PyTorch checkpoint to results/unsteady/checkpoints/best.pt
Saved PyTorch checkpoint to results/unsteady/checkpoints/best.pt
Saved PyTorch checkpoint to results/unsteady/checkpoints/best.pt
Saved PyTorch checkpoint to results/unsteady/checkpoints/best.pt
Saved PyTorch checkpoint to results/unsteady/checkpoints/best.pt
Saved PyTorch checkpoint to results/unsteady/checkpoints/best.pt
Saved PyTorch checkpoint to results/unsteady/checkpoints/best.pt
Saved PyTorch checkpoint to results/unsteady/checkpoints/best.pt
Saved PyTorch checkpoint to results/unsteady/checkpoints/best.pt
Saved PyTorch checkpoint to results/unsteady/checkpoints/best.pt
Saved PyTorch checkpoint to results/unsteady/checkpoints/best.pt
Saved PyTorch checkpoint to results/unsteady/checkpoints/best.pt
Saved PyTorch checkpoint to results/unsteady/checkpoints/best.pt
Saved PyTorch checkpoint to results/unsteady/checkpoints/best.pt
Saved PyTorch checkpoint to results/unsteady/checkpoints/best.pt
Saved PyTorch checkpoint to results/unsteady/checkpoints/best.pt
Adam 4800 | total=6.233e-02 f=1.225e-02 ic=8.127e-04 wall=7.328e-03 inlet=2.523e-03 outlet=1.043e-05 lr=5.000e-04
Saved PyTorch checkpoint to results/unsteady/checkpoints/best.pt
Saved PyTorch checkpoint to results/unsteady/checkpoints/best.pt
Saved PyTorch checkpoint to results/unsteady/checkpoints/best.pt
Saved PyTorch checkpoint to results/unsteady/checkpoints/best.pt
Saved PyTorch checkpoint to results/unsteady/checkpoints/best.pt
Saved PyTorch checkpoint to results/unsteady/checkpoints/best.pt
Saved PyTorch checkpoint to results/unsteady/checkpoints/best.pt
Saved PyTorch checkpoint to results/unsteady/checkpoints/best.pt
Saved PyTorch checkpoint to results/unsteady/checkpoints/best.pt
Saved PyTorch checkpoint to results/unsteady/checkpoints/best.pt
Saved PyTorch checkpoint to results/unsteady/checkpoints/best.pt
Saved PyTorch checkpoint to results/unsteady/checkpoints/best.pt
Saved PyTorch checkpoint to results/unsteady/checkpoints/best.pt
Saved PyTorch checkpoint to results/unsteady/checkpoints/best.pt
Adam 5000 | total=7.002e-02 f=1.456e-02 ic=8.457e-04 wall=6.286e-03 inlet=4.634e-03 outlet=1.147e-05 lr=5.000e-04
Saved PyTorch checkpoint to results/unsteady/checkpoints/latest.pt
Saved PyTorch checkpoint to results/unsteady/checkpoints/best.pt
Saved PyTorch checkpoint to results/unsteady/checkpoints/best.pt
Saved PyTorch checkpoint to results/unsteady/checkpoints/best.pt
Saved PyTorch checkpoint to results/unsteady/checkpoints/best.pt
Saved PyTorch checkpoint to results/unsteady/checkpoints/best.pt
Saved PyTorch checkpoint to results/unsteady/checkpoints/best.pt
Saved PyTorch checkpoint to results/unsteady/checkpoints/best.pt
Saved PyTorch checkpoint to results/unsteady/checkpoints/best.pt
Saved PyTorch checkpoint to results/unsteady/checkpoints/best.pt
Saved PyTorch checkpoint to results/unsteady/checkpoints/best.pt
Saved PyTorch checkpoint to results/unsteady/checkpoints/best.pt
Saved PyTorch checkpoint to results/unsteady/checkpoints/best.pt
Saved PyTorch checkpoint to results/unsteady/checkpoints/best.pt
Saved PyTorch checkpoint to results/unsteady/checkpoints/best.pt
Saved PyTorch checkpoint to results/unsteady/checkpoints/best.pt
Saved PyTorch checkpoint to results/unsteady/checkpoints/best.pt
Saved PyTorch checkpoint to results/unsteady/checkpoints/best.pt
Saved PyTorch checkpoint to results/unsteady/checkpoints/best.pt
Saved PyTorch checkpoint to results/unsteady/checkpoints/best.pt
Adam 5200 | total=5.824e-02 f=1.164e-02 ic=7.849e-04 wall=6.558e-03 inlet=2.604e-03 outlet=1.231e-05 lr=5.000e-04
Saved PyTorch checkpoint to results/unsteady/checkpoints/best.pt
Saved PyTorch checkpoint to results/unsteady/checkpoints/best.pt
Saved PyTorch checkpoint to results/unsteady/checkpoints/best.pt
Saved PyTorch checkpoint to results/unsteady/checkpoints/best.pt
Saved PyTorch checkpoint to results/unsteady/checkpoints/best.pt
Saved PyTorch checkpoint to results/unsteady/checkpoints/best.pt
Saved PyTorch checkpoint to results/unsteady/checkpoints/best.pt
Saved PyTorch checkpoint to results/unsteady/checkpoints/best.pt
Saved PyTorch checkpoint to results/unsteady/checkpoints/best.pt
Saved PyTorch checkpoint to results/unsteady/checkpoints/best.pt
Saved PyTorch checkpoint to results/unsteady/checkpoints/best.pt
Saved PyTorch checkpoint to results/unsteady/checkpoints/best.pt
Saved PyTorch checkpoint to results/unsteady/checkpoints/best.pt
Saved PyTorch checkpoint to results/unsteady/checkpoints/best.pt
Saved PyTorch checkpoint to results/unsteady/checkpoints/best.pt
Saved PyTorch checkpoint to results/unsteady/checkpoints/best.pt
Saved PyTorch checkpoint to results/unsteady/checkpoints/best.pt
Saved PyTorch checkpoint to results/unsteady/checkpoints/best.pt
Saved PyTorch checkpoint to results/unsteady/checkpoints/best.pt
Saved PyTorch checkpoint to results/unsteady/checkpoints/best.pt
Saved PyTorch checkpoint to results/unsteady/checkpoints/best.pt
Saved PyTorch checkpoint to results/unsteady/checkpoints/best.pt
Saved PyTorch checkpoint to results/unsteady/checkpoints/best.pt
Saved PyTorch checkpoint to results/unsteady/checkpoints/best.pt
Saved PyTorch checkpoint to results/unsteady/checkpoints/best.pt
Saved PyTorch checkpoint to results/unsteady/checkpoints/best.pt
Saved PyTorch checkpoint to results/unsteady/checkpoints/best.pt
Saved PyTorch checkpoint to results/unsteady/checkpoints/best.pt
Saved PyTorch checkpoint to results/unsteady/checkpoints/best.pt
Saved PyTorch checkpoint to results/unsteady/checkpoints/best.pt
Adam 5400 | total=5.621e-02 f=1.215e-02 ic=8.711e-04 wall=6.738e-03 inlet=1.897e-03 outlet=1.261e-05 lr=5.000e-04
Saved PyTorch checkpoint to results/unsteady/checkpoints/best.pt
Saved PyTorch checkpoint to results/unsteady/checkpoints/best.pt
Saved PyTorch checkpoint to results/unsteady/checkpoints/best.pt
Saved PyTorch checkpoint to results/unsteady/checkpoints/best.pt
Saved PyTorch checkpoint to results/unsteady/checkpoints/best.pt
Saved PyTorch checkpoint to results/unsteady/checkpoints/best.pt
Saved PyTorch checkpoint to results/unsteady/checkpoints/best.pt
Saved PyTorch checkpoint to results/unsteady/checkpoints/best.pt
Saved PyTorch checkpoint to results/unsteady/checkpoints/best.pt
Saved PyTorch checkpoint to results/unsteady/checkpoints/best.pt
Saved PyTorch checkpoint to results/unsteady/checkpoints/best.pt
Saved PyTorch checkpoint to results/unsteady/checkpoints/best.pt
Saved PyTorch checkpoint to results/unsteady/checkpoints/best.pt
Adam 5600 | total=5.624e-02 f=1.211e-02 ic=7.435e-04 wall=5.816e-03 inlet=2.859e-03 outlet=1.784e-05 lr=5.000e-04
Saved PyTorch checkpoint to results/unsteady/checkpoints/best.pt
Saved PyTorch checkpoint to results/unsteady/checkpoints/best.pt
Saved PyTorch checkpoint to results/unsteady/checkpoints/best.pt
Saved PyTorch checkpoint to results/unsteady/checkpoints/best.pt
Saved PyTorch checkpoint to results/unsteady/checkpoints/best.pt
Saved PyTorch checkpoint to results/unsteady/checkpoints/best.pt
Saved PyTorch checkpoint to results/unsteady/checkpoints/best.pt
Saved PyTorch checkpoint to results/unsteady/checkpoints/best.pt
Saved PyTorch checkpoint to results/unsteady/checkpoints/best.pt
Saved PyTorch checkpoint to results/unsteady/checkpoints/best.pt
Saved PyTorch checkpoint to results/unsteady/checkpoints/best.pt
Saved PyTorch checkpoint to results/unsteady/checkpoints/best.pt
Saved PyTorch checkpoint to results/unsteady/checkpoints/best.pt
Saved PyTorch checkpoint to results/unsteady/checkpoints/best.pt
Saved PyTorch checkpoint to results/unsteady/checkpoints/best.pt
Saved PyTorch checkpoint to results/unsteady/checkpoints/best.pt
Saved PyTorch checkpoint to results/unsteady/checkpoints/best.pt
Saved PyTorch checkpoint to results/unsteady/checkpoints/best.pt
Adam 5800 | total=5.131e-02 f=1.168e-02 ic=7.977e-04 wall=6.013e-03 inlet=1.750e-03 outlet=1.724e-05 lr=5.000e-04
Saved PyTorch checkpoint to results/unsteady/checkpoints/best.pt
Saved PyTorch checkpoint to results/unsteady/checkpoints/best.pt
Saved PyTorch checkpoint to results/unsteady/checkpoints/best.pt
Saved PyTorch checkpoint to results/unsteady/checkpoints/best.pt
Saved PyTorch checkpoint to results/unsteady/checkpoints/best.pt
Saved PyTorch checkpoint to results/unsteady/checkpoints/best.pt
Saved PyTorch checkpoint to results/unsteady/checkpoints/best.pt
Saved PyTorch checkpoint to results/unsteady/checkpoints/best.pt
Saved PyTorch checkpoint to results/unsteady/checkpoints/best.pt
Saved PyTorch checkpoint to results/unsteady/checkpoints/best.pt
Saved PyTorch checkpoint to results/unsteady/checkpoints/best.pt
Saved PyTorch checkpoint to results/unsteady/checkpoints/best.pt
Saved PyTorch checkpoint to results/unsteady/checkpoints/best.pt
Saved PyTorch checkpoint to results/unsteady/checkpoints/best.pt
Saved PyTorch checkpoint to results/unsteady/checkpoints/best.pt
Saved PyTorch checkpoint to results/unsteady/checkpoints/best.pt
Adam 6000 | total=5.041e-02 f=1.238e-02 ic=8.645e-04 wall=5.942e-03 inlet=1.486e-03 outlet=1.899e-05 lr=5.000e-04
Saved PyTorch checkpoint to results/unsteady/checkpoints/best.pt
Saved PyTorch checkpoint to results/unsteady/checkpoints/best.pt
Saved PyTorch checkpoint to results/unsteady/checkpoints/best.pt
Saved PyTorch checkpoint to results/unsteady/checkpoints/best.pt
Saved PyTorch checkpoint to results/unsteady/checkpoints/best.pt
Saved PyTorch checkpoint to results/unsteady/checkpoints/best.pt
Saved PyTorch checkpoint to results/unsteady/checkpoints/best.pt
Saved PyTorch checkpoint to results/unsteady/checkpoints/best.pt
Saved PyTorch checkpoint to results/unsteady/checkpoints/best.pt
Saved PyTorch checkpoint to results/unsteady/checkpoints/best.pt
Saved PyTorch checkpoint to results/unsteady/checkpoints/best.pt
Saved PyTorch checkpoint to results/unsteady/checkpoints/best.pt
Saved PyTorch checkpoint to results/unsteady/checkpoints/best.pt
Saved PyTorch checkpoint to results/unsteady/checkpoints/best.pt
Saved PyTorch checkpoint to results/unsteady/checkpoints/best.pt
Saved PyTorch checkpoint to results/unsteady/checkpoints/best.pt
Saved PyTorch checkpoint to results/unsteady/checkpoints/best.pt
Adam 6200 | total=5.108e-02 f=1.343e-02 ic=1.002e-03 wall=6.107e-03 inlet=1.217e-03 outlet=2.256e-05 lr=5.000e-04
Saved PyTorch checkpoint to results/unsteady/checkpoints/best.pt
Saved PyTorch checkpoint to results/unsteady/checkpoints/best.pt
Saved PyTorch checkpoint to results/unsteady/checkpoints/best.pt
Saved PyTorch checkpoint to results/unsteady/checkpoints/best.pt
Saved PyTorch checkpoint to results/unsteady/checkpoints/best.pt
Saved PyTorch checkpoint to results/unsteady/checkpoints/best.pt
Saved PyTorch checkpoint to results/unsteady/checkpoints/best.pt
Saved PyTorch checkpoint to results/unsteady/checkpoints/best.pt
Saved PyTorch checkpoint to results/unsteady/checkpoints/best.pt
Saved PyTorch checkpoint to results/unsteady/checkpoints/best.pt
Saved PyTorch checkpoint to results/unsteady/checkpoints/best.pt
Saved PyTorch checkpoint to results/unsteady/checkpoints/best.pt
Saved PyTorch checkpoint to results/unsteady/checkpoints/best.pt
Saved PyTorch checkpoint to results/unsteady/checkpoints/best.pt
Saved PyTorch checkpoint to results/unsteady/checkpoints/best.pt
Saved PyTorch checkpoint to results/unsteady/checkpoints/best.pt
Saved PyTorch checkpoint to results/unsteady/checkpoints/best.pt
Saved PyTorch checkpoint to results/unsteady/checkpoints/best.pt
Saved PyTorch checkpoint to results/unsteady/checkpoints/best.pt
Saved PyTorch checkpoint to results/unsteady/checkpoints/best.pt
Saved PyTorch checkpoint to results/unsteady/checkpoints/best.pt
Saved PyTorch checkpoint to results/unsteady/checkpoints/best.pt
Adam 6400 | total=4.672e-02 f=1.215e-02 ic=7.045e-04 wall=4.844e-03 inlet=1.922e-03 outlet=2.668e-05 lr=5.000e-04
Saved PyTorch checkpoint to results/unsteady/checkpoints/best.pt
Saved PyTorch checkpoint to results/unsteady/checkpoints/best.pt
Saved PyTorch checkpoint to results/unsteady/checkpoints/best.pt
Saved PyTorch checkpoint to results/unsteady/checkpoints/best.pt
Saved PyTorch checkpoint to results/unsteady/checkpoints/best.pt
Saved PyTorch checkpoint to results/unsteady/checkpoints/best.pt
Saved PyTorch checkpoint to results/unsteady/checkpoints/best.pt
Saved PyTorch checkpoint to results/unsteady/checkpoints/best.pt
Saved PyTorch checkpoint to results/unsteady/checkpoints/best.pt
Saved PyTorch checkpoint to results/unsteady/checkpoints/best.pt
Saved PyTorch checkpoint to results/unsteady/checkpoints/best.pt
Saved PyTorch checkpoint to results/unsteady/checkpoints/best.pt
Saved PyTorch checkpoint to results/unsteady/checkpoints/best.pt
Saved PyTorch checkpoint to results/unsteady/checkpoints/best.pt
Saved PyTorch checkpoint to results/unsteady/checkpoints/best.pt
Saved PyTorch checkpoint to results/unsteady/checkpoints/best.pt
Saved PyTorch checkpoint to results/unsteady/checkpoints/best.pt
Saved PyTorch checkpoint to results/unsteady/checkpoints/best.pt
Saved PyTorch checkpoint to results/unsteady/checkpoints/best.pt
Saved PyTorch checkpoint to results/unsteady/checkpoints/best.pt
Saved PyTorch checkpoint to results/unsteady/checkpoints/best.pt
Saved PyTorch checkpoint to results/unsteady/checkpoints/best.pt
Saved PyTorch checkpoint to results/unsteady/checkpoints/best.pt
Saved PyTorch checkpoint to results/unsteady/checkpoints/best.pt
Saved PyTorch checkpoint to results/unsteady/checkpoints/best.pt
Saved PyTorch checkpoint to results/unsteady/checkpoints/best.pt
Adam 6600 | total=4.680e-02 f=1.356e-02 ic=8.691e-04 wall=5.232e-03 inlet=1.238e-03 outlet=2.557e-05 lr=5.000e-04
Saved PyTorch checkpoint to results/unsteady/checkpoints/best.pt
Saved PyTorch checkpoint to results/unsteady/checkpoints/best.pt
Saved PyTorch checkpoint to results/unsteady/checkpoints/best.pt
Saved PyTorch checkpoint to results/unsteady/checkpoints/best.pt
Saved PyTorch checkpoint to results/unsteady/checkpoints/best.pt
Saved PyTorch checkpoint to results/unsteady/checkpoints/best.pt
Saved PyTorch checkpoint to results/unsteady/checkpoints/best.pt
Saved PyTorch checkpoint to results/unsteady/checkpoints/best.pt
Saved PyTorch checkpoint to results/unsteady/checkpoints/best.pt
Saved PyTorch checkpoint to results/unsteady/checkpoints/best.pt
Saved PyTorch checkpoint to results/unsteady/checkpoints/best.pt
Saved PyTorch checkpoint to results/unsteady/checkpoints/best.pt
Saved PyTorch checkpoint to results/unsteady/checkpoints/best.pt
Saved PyTorch checkpoint to results/unsteady/checkpoints/best.pt
Saved PyTorch checkpoint to results/unsteady/checkpoints/best.pt
Saved PyTorch checkpoint to results/unsteady/checkpoints/best.pt
Saved PyTorch checkpoint to results/unsteady/checkpoints/best.pt
Saved PyTorch checkpoint to results/unsteady/checkpoints/best.pt
Saved PyTorch checkpoint to results/unsteady/checkpoints/best.pt
Saved PyTorch checkpoint to results/unsteady/checkpoints/best.pt
Saved PyTorch checkpoint to results/unsteady/checkpoints/best.pt
Saved PyTorch checkpoint to results/unsteady/checkpoints/best.pt
Saved PyTorch checkpoint to results/unsteady/checkpoints/best.pt
Adam 6800 | total=4.294e-02 f=1.222e-02 ic=7.195e-04 wall=4.418e-03 inlet=1.575e-03 outlet=3.268e-05 lr=5.000e-04
Saved PyTorch checkpoint to results/unsteady/checkpoints/best.pt
Saved PyTorch checkpoint to results/unsteady/checkpoints/best.pt
Saved PyTorch checkpoint to results/unsteady/checkpoints/best.pt
Saved PyTorch checkpoint to results/unsteady/checkpoints/best.pt
Saved PyTorch checkpoint to results/unsteady/checkpoints/best.pt
Saved PyTorch checkpoint to results/unsteady/checkpoints/best.pt
Saved PyTorch checkpoint to results/unsteady/checkpoints/best.pt
Saved PyTorch checkpoint to results/unsteady/checkpoints/best.pt
Saved PyTorch checkpoint to results/unsteady/checkpoints/best.pt
Saved PyTorch checkpoint to results/unsteady/checkpoints/best.pt
Saved PyTorch checkpoint to results/unsteady/checkpoints/best.pt
Saved PyTorch checkpoint to results/unsteady/checkpoints/best.pt
Adam 7000 | total=4.271e-02 f=1.271e-02 ic=7.030e-04 wall=4.167e-03 inlet=1.685e-03 outlet=3.565e-05 lr=5.000e-04
Saved PyTorch checkpoint to results/unsteady/checkpoints/best.pt
Saved PyTorch checkpoint to results/unsteady/checkpoints/best.pt
Saved PyTorch checkpoint to results/unsteady/checkpoints/best.pt
Saved PyTorch checkpoint to results/unsteady/checkpoints/best.pt
Saved PyTorch checkpoint to results/unsteady/checkpoints/best.pt
Saved PyTorch checkpoint to results/unsteady/checkpoints/best.pt
Saved PyTorch checkpoint to results/unsteady/checkpoints/best.pt
Saved PyTorch checkpoint to results/unsteady/checkpoints/best.pt
Saved PyTorch checkpoint to results/unsteady/checkpoints/best.pt
Saved PyTorch checkpoint to results/unsteady/checkpoints/best.pt
Saved PyTorch checkpoint to results/unsteady/checkpoints/best.pt
Saved PyTorch checkpoint to results/unsteady/checkpoints/best.pt
Saved PyTorch checkpoint to results/unsteady/checkpoints/best.pt
Saved PyTorch checkpoint to results/unsteady/checkpoints/best.pt
Saved PyTorch checkpoint to results/unsteady/checkpoints/best.pt
Adam 7200 | total=3.957e-02 f=1.194e-02 ic=7.470e-04 wall=4.167e-03 inlet=1.202e-03 outlet=3.591e-05 lr=5.000e-04
Saved PyTorch checkpoint to results/unsteady/checkpoints/best.pt
Saved PyTorch checkpoint to results/unsteady/checkpoints/best.pt
Saved PyTorch checkpoint to results/unsteady/checkpoints/best.pt
Saved PyTorch checkpoint to results/unsteady/checkpoints/best.pt
Saved PyTorch checkpoint to results/unsteady/checkpoints/best.pt
Saved PyTorch checkpoint to results/unsteady/checkpoints/best.pt
Saved PyTorch checkpoint to results/unsteady/checkpoints/best.pt
Saved PyTorch checkpoint to results/unsteady/checkpoints/best.pt
Saved PyTorch checkpoint to results/unsteady/checkpoints/best.pt
Saved PyTorch checkpoint to results/unsteady/checkpoints/best.pt
Saved PyTorch checkpoint to results/unsteady/checkpoints/best.pt
Saved PyTorch checkpoint to results/unsteady/checkpoints/best.pt
Saved PyTorch checkpoint to results/unsteady/checkpoints/best.pt
Saved PyTorch checkpoint to results/unsteady/checkpoints/best.pt
Saved PyTorch checkpoint to results/unsteady/checkpoints/best.pt
Saved PyTorch checkpoint to results/unsteady/checkpoints/best.pt
Saved PyTorch checkpoint to results/unsteady/checkpoints/best.pt
Saved PyTorch checkpoint to results/unsteady/checkpoints/best.pt
Saved PyTorch checkpoint to results/unsteady/checkpoints/best.pt
Saved PyTorch checkpoint to results/unsteady/checkpoints/best.pt
Saved PyTorch checkpoint to results/unsteady/checkpoints/best.pt
Saved PyTorch checkpoint to results/unsteady/checkpoints/best.pt
Saved PyTorch checkpoint to results/unsteady/checkpoints/best.pt
Saved PyTorch checkpoint to results/unsteady/checkpoints/best.pt
Saved PyTorch checkpoint to results/unsteady/checkpoints/best.pt
Saved PyTorch checkpoint to results/unsteady/checkpoints/best.pt
Saved PyTorch checkpoint to results/unsteady/checkpoints/best.pt
Adam 7400 | total=3.825e-02 f=1.231e-02 ic=7.813e-04 wall=3.940e-03 inlet=1.083e-03 outlet=4.297e-05 lr=5.000e-04
Saved PyTorch checkpoint to results/unsteady/checkpoints/best.pt
Saved PyTorch checkpoint to results/unsteady/checkpoints/best.pt
Saved PyTorch checkpoint to results/unsteady/checkpoints/best.pt
Saved PyTorch checkpoint to results/unsteady/checkpoints/best.pt
Saved PyTorch checkpoint to results/unsteady/checkpoints/best.pt
Saved PyTorch checkpoint to results/unsteady/checkpoints/best.pt
Saved PyTorch checkpoint to results/unsteady/checkpoints/best.pt
Saved PyTorch checkpoint to results/unsteady/checkpoints/best.pt
Saved PyTorch checkpoint to results/unsteady/checkpoints/best.pt
Saved PyTorch checkpoint to results/unsteady/checkpoints/best.pt
Saved PyTorch checkpoint to results/unsteady/checkpoints/best.pt
Saved PyTorch checkpoint to results/unsteady/checkpoints/best.pt
Saved PyTorch checkpoint to results/unsteady/checkpoints/best.pt
Saved PyTorch checkpoint to results/unsteady/checkpoints/best.pt
Saved PyTorch checkpoint to results/unsteady/checkpoints/best.pt
Saved PyTorch checkpoint to results/unsteady/checkpoints/best.pt
Saved PyTorch checkpoint to results/unsteady/checkpoints/best.pt
Saved PyTorch checkpoint to results/unsteady/checkpoints/best.pt
Saved PyTorch checkpoint to results/unsteady/checkpoints/best.pt
Saved PyTorch checkpoint to results/unsteady/checkpoints/best.pt
Saved PyTorch checkpoint to results/unsteady/checkpoints/best.pt
Saved PyTorch checkpoint to results/unsteady/checkpoints/best.pt
Saved PyTorch checkpoint to results/unsteady/checkpoints/best.pt
Saved PyTorch checkpoint to results/unsteady/checkpoints/best.pt
Saved PyTorch checkpoint to results/unsteady/checkpoints/best.pt
Saved PyTorch checkpoint to results/unsteady/checkpoints/best.pt
Saved PyTorch checkpoint to results/unsteady/checkpoints/best.pt
Saved PyTorch checkpoint to results/unsteady/checkpoints/best.pt
Saved PyTorch checkpoint to results/unsteady/checkpoints/best.pt
Saved PyTorch checkpoint to results/unsteady/checkpoints/best.pt
Saved PyTorch checkpoint to results/unsteady/checkpoints/best.pt
Saved PyTorch checkpoint to results/unsteady/checkpoints/best.pt
Saved PyTorch checkpoint to results/unsteady/checkpoints/best.pt
Saved PyTorch checkpoint to results/unsteady/checkpoints/best.pt
Adam 7600 | total=4.154e-02 f=1.524e-02 ic=8.429e-04 wall=3.847e-03 inlet=1.234e-03 outlet=5.269e-05 lr=5.000e-04
Saved PyTorch checkpoint to results/unsteady/checkpoints/best.pt
Saved PyTorch checkpoint to results/unsteady/checkpoints/best.pt
Saved PyTorch checkpoint to results/unsteady/checkpoints/best.pt
Saved PyTorch checkpoint to results/unsteady/checkpoints/best.pt
Saved PyTorch checkpoint to results/unsteady/checkpoints/best.pt
Saved PyTorch checkpoint to results/unsteady/checkpoints/best.pt
Adam 7800 | total=3.955e-02 f=1.392e-02 ic=7.665e-04 wall=3.351e-03 inlet=1.610e-03 outlet=5.394e-05 lr=5.000e-04
Saved PyTorch checkpoint to results/unsteady/checkpoints/best.pt
Saved PyTorch checkpoint to results/unsteady/checkpoints/best.pt
Saved PyTorch checkpoint to results/unsteady/checkpoints/best.pt
Saved PyTorch checkpoint to results/unsteady/checkpoints/best.pt
Saved PyTorch checkpoint to results/unsteady/checkpoints/best.pt
Saved PyTorch checkpoint to results/unsteady/checkpoints/best.pt
Saved PyTorch checkpoint to results/unsteady/checkpoints/best.pt
Saved PyTorch checkpoint to results/unsteady/checkpoints/best.pt
Saved PyTorch checkpoint to results/unsteady/checkpoints/best.pt
Saved PyTorch checkpoint to results/unsteady/checkpoints/best.pt
Saved PyTorch checkpoint to results/unsteady/checkpoints/best.pt
Adam 8000 | total=3.790e-02 f=1.414e-02 ic=8.090e-04 wall=3.496e-03 inlet=1.082e-03 outlet=6.023e-05 lr=5.000e-04
Saved PyTorch checkpoint to results/unsteady/checkpoints/best.pt
Saved PyTorch checkpoint to results/unsteady/checkpoints/best.pt
Saved PyTorch checkpoint to results/unsteady/checkpoints/best.pt
Saved PyTorch checkpoint to results/unsteady/checkpoints/best.pt
Saved PyTorch checkpoint to results/unsteady/checkpoints/best.pt
Saved PyTorch checkpoint to results/unsteady/checkpoints/best.pt
Saved PyTorch checkpoint to results/unsteady/checkpoints/best.pt
Saved PyTorch checkpoint to results/unsteady/checkpoints/best.pt
Saved PyTorch checkpoint to results/unsteady/checkpoints/best.pt
Saved PyTorch checkpoint to results/unsteady/checkpoints/best.pt
Saved PyTorch checkpoint to results/unsteady/checkpoints/best.pt
Saved PyTorch checkpoint to results/unsteady/checkpoints/best.pt
Saved PyTorch checkpoint to results/unsteady/checkpoints/best.pt
Saved PyTorch checkpoint to results/unsteady/checkpoints/best.pt
Saved PyTorch checkpoint to results/unsteady/checkpoints/best.pt
Saved PyTorch checkpoint to results/unsteady/checkpoints/best.pt
Saved PyTorch checkpoint to results/unsteady/checkpoints/best.pt
Saved PyTorch checkpoint to results/unsteady/checkpoints/best.pt
Saved PyTorch checkpoint to results/unsteady/checkpoints/best.pt
Saved PyTorch checkpoint to results/unsteady/checkpoints/best.pt
Saved PyTorch checkpoint to results/unsteady/checkpoints/best.pt
Saved PyTorch checkpoint to results/unsteady/checkpoints/best.pt
Adam 8200 | total=3.314e-02 f=1.205e-02 ic=8.234e-04 wall=3.225e-03 inlet=8.170e-04 outlet=5.037e-05 lr=5.000e-04
Saved PyTorch checkpoint to results/unsteady/checkpoints/best.pt
Saved PyTorch checkpoint to results/unsteady/checkpoints/best.pt
Saved PyTorch checkpoint to results/unsteady/checkpoints/best.pt
Saved PyTorch checkpoint to results/unsteady/checkpoints/best.pt
Saved PyTorch checkpoint to results/unsteady/checkpoints/best.pt
Saved PyTorch checkpoint to results/unsteady/checkpoints/best.pt
Saved PyTorch checkpoint to results/unsteady/checkpoints/best.pt
Saved PyTorch checkpoint to results/unsteady/checkpoints/best.pt
Saved PyTorch checkpoint to results/unsteady/checkpoints/best.pt
Saved PyTorch checkpoint to results/unsteady/checkpoints/best.pt
Saved PyTorch checkpoint to results/unsteady/checkpoints/best.pt
Saved PyTorch checkpoint to results/unsteady/checkpoints/best.pt
Saved PyTorch checkpoint to results/unsteady/checkpoints/best.pt
Saved PyTorch checkpoint to results/unsteady/checkpoints/best.pt
Saved PyTorch checkpoint to results/unsteady/checkpoints/best.pt
Saved PyTorch checkpoint to results/unsteady/checkpoints/best.pt
Saved PyTorch checkpoint to results/unsteady/checkpoints/best.pt
Saved PyTorch checkpoint to results/unsteady/checkpoints/best.pt
Saved PyTorch checkpoint to results/unsteady/checkpoints/best.pt
Saved PyTorch checkpoint to results/unsteady/checkpoints/best.pt
Saved PyTorch checkpoint to results/unsteady/checkpoints/best.pt
Saved PyTorch checkpoint to results/unsteady/checkpoints/best.pt
Saved PyTorch checkpoint to results/unsteady/checkpoints/best.pt
Saved PyTorch checkpoint to results/unsteady/checkpoints/best.pt
Adam 8400 | total=3.503e-02 f=1.265e-02 ic=7.096e-04 wall=2.885e-03 inlet=1.438e-03 outlet=5.585e-05 lr=5.000e-04
Saved PyTorch checkpoint to results/unsteady/checkpoints/best.pt
Saved PyTorch checkpoint to results/unsteady/checkpoints/best.pt
Saved PyTorch checkpoint to results/unsteady/checkpoints/best.pt
Saved PyTorch checkpoint to results/unsteady/checkpoints/best.pt
Saved PyTorch checkpoint to results/unsteady/checkpoints/best.pt
Saved PyTorch checkpoint to results/unsteady/checkpoints/best.pt
Saved PyTorch checkpoint to results/unsteady/checkpoints/best.pt
Saved PyTorch checkpoint to results/unsteady/checkpoints/best.pt
Saved PyTorch checkpoint to results/unsteady/checkpoints/best.pt
Saved PyTorch checkpoint to results/unsteady/checkpoints/best.pt
Saved PyTorch checkpoint to results/unsteady/checkpoints/best.pt
Saved PyTorch checkpoint to results/unsteady/checkpoints/best.pt
Saved PyTorch checkpoint to results/unsteady/checkpoints/best.pt
Saved PyTorch checkpoint to results/unsteady/checkpoints/best.pt
Adam 8600 | total=3.788e-02 f=1.603e-02 ic=7.980e-04 wall=2.864e-03 inlet=1.331e-03 outlet=6.963e-05 lr=5.000e-04
Saved PyTorch checkpoint to results/unsteady/checkpoints/best.pt
Saved PyTorch checkpoint to results/unsteady/checkpoints/best.pt
Saved PyTorch checkpoint to results/unsteady/checkpoints/best.pt
Saved PyTorch checkpoint to results/unsteady/checkpoints/best.pt
Saved PyTorch checkpoint to results/unsteady/checkpoints/best.pt
Saved PyTorch checkpoint to results/unsteady/checkpoints/best.pt
Saved PyTorch checkpoint to results/unsteady/checkpoints/best.pt
Saved PyTorch checkpoint to results/unsteady/checkpoints/best.pt
Saved PyTorch checkpoint to results/unsteady/checkpoints/best.pt
Saved PyTorch checkpoint to results/unsteady/checkpoints/best.pt
Saved PyTorch checkpoint to results/unsteady/checkpoints/best.pt
Saved PyTorch checkpoint to results/unsteady/checkpoints/best.pt
Saved PyTorch checkpoint to results/unsteady/checkpoints/best.pt
Saved PyTorch checkpoint to results/unsteady/checkpoints/best.pt
Saved PyTorch checkpoint to results/unsteady/checkpoints/best.pt
Saved PyTorch checkpoint to results/unsteady/checkpoints/best.pt
Saved PyTorch checkpoint to results/unsteady/checkpoints/best.pt
Adam 8800 | total=3.013e-02 f=1.181e-02 ic=8.018e-04 wall=2.768e-03 inlet=7.230e-04 outlet=5.951e-05 lr=5.000e-04
Saved PyTorch checkpoint to results/unsteady/checkpoints/best.pt
Saved PyTorch checkpoint to results/unsteady/checkpoints/best.pt
Saved PyTorch checkpoint to results/unsteady/checkpoints/best.pt
Saved PyTorch checkpoint to results/unsteady/checkpoints/best.pt
Saved PyTorch checkpoint to results/unsteady/checkpoints/best.pt
Saved PyTorch checkpoint to results/unsteady/checkpoints/best.pt
Saved PyTorch checkpoint to results/unsteady/checkpoints/best.pt
Saved PyTorch checkpoint to results/unsteady/checkpoints/best.pt
Saved PyTorch checkpoint to results/unsteady/checkpoints/best.pt
Saved PyTorch checkpoint to results/unsteady/checkpoints/best.pt
Saved PyTorch checkpoint to results/unsteady/checkpoints/best.pt
Saved PyTorch checkpoint to results/unsteady/checkpoints/best.pt
Saved PyTorch checkpoint to results/unsteady/checkpoints/best.pt
Saved PyTorch checkpoint to results/unsteady/checkpoints/best.pt
Saved PyTorch checkpoint to results/unsteady/checkpoints/best.pt
Saved PyTorch checkpoint to results/unsteady/checkpoints/best.pt
Saved PyTorch checkpoint to results/unsteady/checkpoints/best.pt
Saved PyTorch checkpoint to results/unsteady/checkpoints/best.pt
Saved PyTorch checkpoint to results/unsteady/checkpoints/best.pt
Saved PyTorch checkpoint to results/unsteady/checkpoints/best.pt
Saved PyTorch checkpoint to results/unsteady/checkpoints/best.pt
Saved PyTorch checkpoint to results/unsteady/checkpoints/best.pt
Saved PyTorch checkpoint to results/unsteady/checkpoints/best.pt
Saved PyTorch checkpoint to results/unsteady/checkpoints/best.pt
Saved PyTorch checkpoint to results/unsteady/checkpoints/best.pt
Saved PyTorch checkpoint to results/unsteady/checkpoints/best.pt
Saved PyTorch checkpoint to results/unsteady/checkpoints/best.pt
Adam 9000 | total=4.176e-02 f=1.608e-02 ic=8.399e-04 wall=2.573e-03 inlet=2.383e-03 outlet=6.021e-05 lr=5.000e-04
Saved PyTorch checkpoint to results/unsteady/checkpoints/best.pt
Saved PyTorch checkpoint to results/unsteady/checkpoints/best.pt
Saved PyTorch checkpoint to results/unsteady/checkpoints/best.pt
Saved PyTorch checkpoint to results/unsteady/checkpoints/best.pt
Saved PyTorch checkpoint to results/unsteady/checkpoints/best.pt
Saved PyTorch checkpoint to results/unsteady/checkpoints/best.pt
Saved PyTorch checkpoint to results/unsteady/checkpoints/best.pt
Saved PyTorch checkpoint to results/unsteady/checkpoints/best.pt
Saved PyTorch checkpoint to results/unsteady/checkpoints/best.pt
Saved PyTorch checkpoint to results/unsteady/checkpoints/best.pt
Saved PyTorch checkpoint to results/unsteady/checkpoints/best.pt
Saved PyTorch checkpoint to results/unsteady/checkpoints/best.pt
Saved PyTorch checkpoint to results/unsteady/checkpoints/best.pt
Saved PyTorch checkpoint to results/unsteady/checkpoints/best.pt
Saved PyTorch checkpoint to results/unsteady/checkpoints/best.pt
Saved PyTorch checkpoint to results/unsteady/checkpoints/best.pt
Saved PyTorch checkpoint to results/unsteady/checkpoints/best.pt
Saved PyTorch checkpoint to results/unsteady/checkpoints/best.pt
Saved PyTorch checkpoint to results/unsteady/checkpoints/best.pt
Saved PyTorch checkpoint to results/unsteady/checkpoints/best.pt
Adam 9200 | total=2.909e-02 f=1.201e-02 ic=8.323e-04 wall=2.719e-03 inlet=5.172e-04 outlet=5.966e-05 lr=5.000e-04
Saved PyTorch checkpoint to results/unsteady/checkpoints/best.pt
Saved PyTorch checkpoint to results/unsteady/checkpoints/best.pt
Saved PyTorch checkpoint to results/unsteady/checkpoints/best.pt
Saved PyTorch checkpoint to results/unsteady/checkpoints/best.pt
Saved PyTorch checkpoint to results/unsteady/checkpoints/best.pt
Saved PyTorch checkpoint to results/unsteady/checkpoints/best.pt
Saved PyTorch checkpoint to results/unsteady/checkpoints/best.pt
Saved PyTorch checkpoint to results/unsteady/checkpoints/best.pt
Saved PyTorch checkpoint to results/unsteady/checkpoints/best.pt
Saved PyTorch checkpoint to results/unsteady/checkpoints/best.pt
Adam 9400 | total=2.807e-02 f=1.196e-02 ic=8.170e-04 wall=2.459e-03 inlet=5.903e-04 outlet=5.412e-05 lr=5.000e-04
Saved PyTorch checkpoint to results/unsteady/checkpoints/best.pt
Saved PyTorch checkpoint to results/unsteady/checkpoints/best.pt
Saved PyTorch checkpoint to results/unsteady/checkpoints/best.pt
Saved PyTorch checkpoint to results/unsteady/checkpoints/best.pt
Saved PyTorch checkpoint to results/unsteady/checkpoints/best.pt
Saved PyTorch checkpoint to results/unsteady/checkpoints/best.pt
Saved PyTorch checkpoint to results/unsteady/checkpoints/best.pt
Saved PyTorch checkpoint to results/unsteady/checkpoints/best.pt
Saved PyTorch checkpoint to results/unsteady/checkpoints/best.pt
Saved PyTorch checkpoint to results/unsteady/checkpoints/best.pt
Saved PyTorch checkpoint to results/unsteady/checkpoints/best.pt
Saved PyTorch checkpoint to results/unsteady/checkpoints/best.pt
Saved PyTorch checkpoint to results/unsteady/checkpoints/best.pt
Saved PyTorch checkpoint to results/unsteady/checkpoints/best.pt
Saved PyTorch checkpoint to results/unsteady/checkpoints/best.pt
Saved PyTorch checkpoint to results/unsteady/checkpoints/best.pt
Saved PyTorch checkpoint to results/unsteady/checkpoints/best.pt
Adam 9600 | total=2.768e-02 f=1.180e-02 ic=8.720e-04 wall=2.513e-03 inlet=4.780e-04 outlet=5.662e-05 lr=5.000e-04
Saved PyTorch checkpoint to results/unsteady/checkpoints/best.pt
Saved PyTorch checkpoint to results/unsteady/checkpoints/best.pt
Saved PyTorch checkpoint to results/unsteady/checkpoints/best.pt
Saved PyTorch checkpoint to results/unsteady/checkpoints/best.pt
Saved PyTorch checkpoint to results/unsteady/checkpoints/best.pt
Saved PyTorch checkpoint to results/unsteady/checkpoints/best.pt
Saved PyTorch checkpoint to results/unsteady/checkpoints/best.pt
Saved PyTorch checkpoint to results/unsteady/checkpoints/best.pt
Saved PyTorch checkpoint to results/unsteady/checkpoints/best.pt
Saved PyTorch checkpoint to results/unsteady/checkpoints/best.pt
Saved PyTorch checkpoint to results/unsteady/checkpoints/best.pt
Saved PyTorch checkpoint to results/unsteady/checkpoints/best.pt
Saved PyTorch checkpoint to results/unsteady/checkpoints/best.pt
Saved PyTorch checkpoint to results/unsteady/checkpoints/best.pt
Saved PyTorch checkpoint to results/unsteady/checkpoints/best.pt
Saved PyTorch checkpoint to results/unsteady/checkpoints/best.pt
Saved PyTorch checkpoint to results/unsteady/checkpoints/best.pt
Saved PyTorch checkpoint to results/unsteady/checkpoints/best.pt
Saved PyTorch checkpoint to results/unsteady/checkpoints/best.pt
Saved PyTorch checkpoint to results/unsteady/checkpoints/best.pt
Saved PyTorch checkpoint to results/unsteady/checkpoints/best.pt
Saved PyTorch checkpoint to results/unsteady/checkpoints/best.pt
Saved PyTorch checkpoint to results/unsteady/checkpoints/best.pt
Saved PyTorch checkpoint to results/unsteady/checkpoints/best.pt
Saved PyTorch checkpoint to results/unsteady/checkpoints/best.pt
Saved PyTorch checkpoint to results/unsteady/checkpoints/best.pt
Adam 9800 | total=2.546e-02 f=1.108e-02 ic=7.727e-04 wall=2.164e-03 inlet=5.447e-04 outlet=5.941e-05 lr=5.000e-04
Saved PyTorch checkpoint to results/unsteady/checkpoints/best.pt
Saved PyTorch checkpoint to results/unsteady/checkpoints/best.pt
Saved PyTorch checkpoint to results/unsteady/checkpoints/best.pt
Saved PyTorch checkpoint to results/unsteady/checkpoints/best.pt
Saved PyTorch checkpoint to results/unsteady/checkpoints/best.pt
Saved PyTorch checkpoint to results/unsteady/checkpoints/best.pt
Saved PyTorch checkpoint to results/unsteady/checkpoints/best.pt
Saved PyTorch checkpoint to results/unsteady/checkpoints/best.pt
Saved PyTorch checkpoint to results/unsteady/checkpoints/best.pt
Saved PyTorch checkpoint to results/unsteady/checkpoints/best.pt
Saved PyTorch checkpoint to results/unsteady/checkpoints/best.pt
Saved PyTorch checkpoint to results/unsteady/checkpoints/best.pt
Saved PyTorch checkpoint to results/unsteady/checkpoints/best.pt
Saved PyTorch checkpoint to results/unsteady/checkpoints/best.pt
Saved PyTorch checkpoint to results/unsteady/checkpoints/best.pt
Saved PyTorch checkpoint to results/unsteady/checkpoints/best.pt
Saved PyTorch checkpoint to results/unsteady/checkpoints/best.pt
Saved PyTorch checkpoint to results/unsteady/checkpoints/best.pt
Saved PyTorch checkpoint to results/unsteady/checkpoints/best.pt
Saved PyTorch checkpoint to results/unsteady/checkpoints/best.pt
Saved PyTorch checkpoint to results/unsteady/checkpoints/best.pt
Saved PyTorch checkpoint to results/unsteady/checkpoints/best.pt
Saved PyTorch checkpoint to results/unsteady/checkpoints/best.pt
Saved PyTorch checkpoint to results/unsteady/checkpoints/best.pt
Saved PyTorch checkpoint to results/unsteady/checkpoints/best.pt
Saved PyTorch checkpoint to results/unsteady/checkpoints/best.pt
Saved PyTorch checkpoint to results/unsteady/checkpoints/best.pt
Saved PyTorch checkpoint to results/unsteady/checkpoints/best.pt
Saved PyTorch checkpoint to results/unsteady/checkpoints/best.pt
Saved PyTorch checkpoint to results/unsteady/checkpoints/best.pt
Saved PyTorch checkpoint to results/unsteady/checkpoints/best.pt
Saved PyTorch checkpoint to results/unsteady/checkpoints/best.pt
Saved PyTorch checkpoint to results/unsteady/checkpoints/best.pt
Saved PyTorch checkpoint to results/unsteady/checkpoints/best.pt
Saved PyTorch checkpoint to results/unsteady/checkpoints/best.pt
Saved PyTorch checkpoint to results/unsteady/checkpoints/best.pt
Saved PyTorch checkpoint to results/unsteady/checkpoints/best.pt
Saved PyTorch checkpoint to results/unsteady/checkpoints/best.pt
Saved PyTorch checkpoint to results/unsteady/checkpoints/best.pt
Saved PyTorch checkpoint to results/unsteady/checkpoints/best.pt
Saved PyTorch checkpoint to results/unsteady/checkpoints/best.pt
Saved PyTorch checkpoint to results/unsteady/checkpoints/best.pt
Adam 10000 | total=2.487e-02 f=1.096e-02 ic=7.619e-04 wall=2.099e-03 inlet=5.196e-04 outlet=5.770e-05 lr=5.000e-04
Saved PyTorch checkpoint to results/unsteady/checkpoints/latest.pt
LBFGS 1 | total=2.490e-02 f=1.097e-02 ic=7.800e-04 wall=2.136e-03 inlet=4.815e-04 outlet=5.898e-05
LBFGS 200 | total=2.018e-02 f=1.099e-02 ic=7.090e-04 wall=1.352e-03 inlet=3.283e-04 outlet=7.892e-05
LBFGS 400 | total=1.706e-02 f=9.443e-03 ic=5.685e-04 wall=1.162e-03 inlet=2.369e-04 outlet=5.727e-05
LBFGS 600 | total=1.487e-02 f=8.948e-03 ic=4.589e-04 wall=9.011e-04 inlet=1.826e-04 outlet=4.501e-05
LBFGS 800 | total=1.307e-02 f=8.288e-03 ic=3.886e-04 wall=7.228e-04 inlet=1.456e-04 outlet=4.854e-05
LBFGS 1000 | total=1.162e-02 f=7.816e-03 ic=3.229e-04 wall=5.699e-04 inlet=1.146e-04 outlet=5.881e-05
LBFGS 1200 | total=1.049e-02 f=6.950e-03 ic=2.861e-04 wall=5.391e-04 inlet=9.897e-05 outlet=6.211e-05
LBFGS 1400 | total=9.570e-03 f=6.523e-03 ic=2.480e-04 wall=4.613e-04 inlet=8.390e-05 outlet=7.331e-05
LBFGS 1600 | total=8.843e-03 f=6.195e-03 ic=2.005e-04 wall=4.022e-04 inlet=6.766e-05 outlet=9.808e-05
LBFGS 1800 | total=8.273e-03 f=5.805e-03 ic=1.943e-04 wall=3.732e-04 inlet=6.260e-05 outlet=9.457e-05
LBFGS 2000 | total=7.809e-03 f=5.486e-03 ic=1.815e-04 wall=3.495e-04 inlet=6.045e-05 outlet=9.145e-05
LBFGS 2200 | total=7.470e-03 f=5.258e-03 ic=1.647e-04 wall=3.343e-04 inlet=6.008e-05 outlet=7.572e-05
LBFGS 2400 | total=7.162e-03 f=5.174e-03 ic=1.402e-04 wall=3.072e-04 inlet=5.014e-05 outlet=6.066e-05
LBFGS 2600 | total=6.906e-03 f=5.070e-03 ic=1.212e-04 wall=2.855e-04 inlet=4.707e-05 outlet=5.217e-05
LBFGS 2800 | total=6.655e-03 f=4.933e-03 ic=1.052e-04 wall=2.702e-04 inlet=4.419e-05 outlet=4.520e-05
LBFGS 3000 | total=6.425e-03 f=4.838e-03 ic=9.230e-05 wall=2.537e-04 inlet=3.921e-05 outlet=3.020e-05
LBFGS 3200 | total=6.218e-03 f=4.684e-03 ic=7.502e-05 wall=2.496e-04 inlet=3.779e-05 outlet=2.198e-05
LBFGS 3400 | total=6.029e-03 f=4.549e-03 ic=5.742e-05 wall=2.448e-04 inlet=3.597e-05 outlet=1.820e-05
LBFGS 3600 | total=5.849e-03 f=4.452e-03 ic=5.621e-05 wall=2.294e-04 inlet=3.597e-05 outlet=1.430e-05
LBFGS 3800 | total=5.693e-03 f=4.351e-03 ic=5.475e-05 wall=2.213e-04 inlet=3.411e-05 outlet=9.845e-06
LBFGS 4000 | total=5.546e-03 f=4.261e-03 ic=5.563e-05 wall=2.111e-04 inlet=3.302e-05 outlet=8.980e-06
LBFGS 4200 | total=5.407e-03 f=4.206e-03 ic=4.811e-05 wall=1.979e-04 inlet=3.077e-05 outlet=9.000e-06
LBFGS 4400 | total=5.273e-03 f=4.096e-03 ic=4.875e-05 wall=1.970e-04 inlet=2.710e-05 outlet=8.646e-06
LBFGS 4600 | total=5.152e-03 f=4.044e-03 ic=4.355e-05 wall=1.869e-04 inlet=2.408e-05 outlet=9.642e-06
LBFGS 4800 | total=5.023e-03 f=3.954e-03 ic=4.119e-05 wall=1.804e-04 inlet=2.371e-05 outlet=7.544e-06
LBFGS 5000 | total=4.908e-03 f=3.886e-03 ic=3.905e-05 wall=1.747e-04 inlet=2.087e-05 outlet=5.088e-06
LBFGS 5200 | total=4.817e-03 f=3.836e-03 ic=3.625e-05 wall=1.686e-04 inlet=1.899e-05 outlet=6.713e-06
LBFGS 5400 | total=4.714e-03 f=3.745e-03 ic=3.729e-05 wall=1.665e-04 inlet=1.881e-05 outlet=4.546e-06
LBFGS 5600 | total=4.623e-03 f=3.684e-03 ic=3.557e-05 wall=1.633e-04 inlet=1.680e-05 outlet=3.988e-06
LBFGS 5800 | total=4.549e-03 f=3.611e-03 ic=3.635e-05 wall=1.624e-04 inlet=1.709e-05 outlet=3.576e-06
LBFGS 6000 | total=4.480e-03 f=3.581e-03 ic=3.831e-05 wall=1.556e-04 inlet=1.586e-05 outlet=3.197e-06
LBFGS 6200 | total=4.399e-03 f=3.538e-03 ic=3.277e-05 wall=1.498e-04 inlet=1.508e-05 outlet=3.704e-06
LBFGS 6400 | total=4.330e-03 f=3.493e-03 ic=3.246e-05 wall=1.442e-04 inlet=1.587e-05 outlet=4.473e-06
LBFGS 6600 | total=4.263e-03 f=3.454e-03 ic=3.154e-05 wall=1.398e-04 inlet=1.464e-05 outlet=5.028e-06
LBFGS 6800 | total=4.201e-03 f=3.429e-03 ic=2.919e-05 wall=1.339e-04 inlet=1.369e-05 outlet=4.951e-06
LBFGS 7000 | total=4.139e-03 f=3.409e-03 ic=2.850e-05 wall=1.259e-04 inlet=1.350e-05 outlet=5.121e-06
LBFGS 7200 | total=4.076e-03 f=3.361e-03 ic=2.670e-05 wall=1.243e-04 inlet=1.232e-05 outlet=5.824e-06
LBFGS 7400 | total=4.016e-03 f=3.317e-03 ic=2.595e-05 wall=1.215e-04 inlet=1.176e-05 outlet=6.332e-06
LBFGS 7600 | total=3.965e-03 f=3.297e-03 ic=2.469e-05 wall=1.173e-04 inlet=1.026e-05 outlet=5.606e-06
LBFGS 7800 | total=3.915e-03 f=3.249e-03 ic=2.421e-05 wall=1.172e-04 inlet=1.029e-05 outlet=5.029e-06
LBFGS 8000 | total=3.867e-03 f=3.214e-03 ic=2.284e-05 wall=1.149e-04 inlet=1.009e-05 outlet=4.597e-06
LBFGS 8200 | total=3.822e-03 f=3.169e-03 ic=2.059e-05 wall=1.149e-04 inlet=1.067e-05 outlet=3.927e-06
LBFGS 8400 | total=3.780e-03 f=3.152e-03 ic=1.777e-05 wall=1.117e-04 inlet=9.720e-06 outlet=3.479e-06
LBFGS 8600 | total=3.743e-03 f=3.130e-03 ic=1.639e-05 wall=1.091e-04 inlet=9.538e-06 outlet=3.722e-06
LBFGS 8800 | total=3.711e-03 f=3.110e-03 ic=1.678e-05 wall=1.069e-04 inlet=9.400e-06 outlet=2.553e-06
LBFGS 9000 | total=3.678e-03 f=3.090e-03 ic=1.649e-05 wall=1.045e-04 inlet=9.464e-06 outlet=2.491e-06
LBFGS 9200 | total=3.649e-03 f=3.073e-03 ic=1.598e-05 wall=1.023e-04 inlet=9.293e-06 outlet=2.376e-06
LBFGS 9400 | total=3.615e-03 f=3.051e-03 ic=1.596e-05 wall=1.003e-04 inlet=8.693e-06 outlet=2.743e-06
LBFGS 9600 | total=3.577e-03 f=3.026e-03 ic=1.434e-05 wall=9.812e-05 inlet=8.766e-06 outlet=2.759e-06
LBFGS 9800 | total=3.542e-03 f=3.007e-03 ic=1.378e-05 wall=9.539e-05 inlet=8.333e-06 outlet=3.292e-06
LBFGS 10000 | total=3.513e-03 f=2.991e-03 ic=1.337e-05 wall=9.334e-05 inlet=8.068e-06 outlet=2.367e-06
LBFGS 10200 | total=3.477e-03 f=2.952e-03 ic=1.298e-05 wall=9.408e-05 inlet=7.857e-06 outlet=2.174e-06
LBFGS 10400 | total=3.448e-03 f=2.937e-03 ic=1.421e-05 wall=9.178e-05 inlet=7.214e-06 outlet=1.901e-06
LBFGS 10600 | total=3.416e-03 f=2.919e-03 ic=1.330e-05 wall=8.917e-05 inlet=7.375e-06 outlet=1.682e-06
LBFGS 10800 | total=3.384e-03 f=2.898e-03 ic=1.236e-05 wall=8.717e-05 inlet=7.367e-06 outlet=1.435e-06
LBFGS 11000 | total=3.353e-03 f=2.880e-03 ic=1.100e-05 wall=8.531e-05 inlet=6.797e-06 outlet=1.392e-06
LBFGS 11200 | total=3.323e-03 f=2.860e-03 ic=1.033e-05 wall=8.308e-05 inlet=7.132e-06 outlet=1.661e-06
LBFGS 11400 | total=3.296e-03 f=2.845e-03 ic=1.017e-05 wall=8.103e-05 inlet=6.760e-06 outlet=1.660e-06
LBFGS 11600 | total=3.267e-03 f=2.835e-03 ic=1.025e-05 wall=7.710e-05 inlet=6.862e-06 outlet=1.782e-06
LBFGS 11800 | total=3.240e-03 f=2.828e-03 ic=1.005e-05 wall=7.341e-05 inlet=6.584e-06 outlet=1.944e-06
LBFGS 12000 | total=3.211e-03 f=2.797e-03 ic=1.055e-05 wall=7.362e-05 inlet=6.624e-06 outlet=1.912e-06
LBFGS 12200 | total=3.182e-03 f=2.781e-03 ic=1.025e-05 wall=7.149e-05 inlet=6.345e-06 outlet=1.963e-06
LBFGS 12400 | total=3.153e-03 f=2.761e-03 ic=1.130e-05 wall=6.929e-05 inlet=6.492e-06 outlet=1.987e-06
LBFGS 12600 | total=3.122e-03 f=2.741e-03 ic=1.115e-05 wall=6.719e-05 inlet=6.438e-06 outlet=2.042e-06
LBFGS 12800 | total=3.095e-03 f=2.719e-03 ic=1.060e-05 wall=6.597e-05 inlet=6.551e-06 outlet=2.520e-06
LBFGS 13000 | total=3.068e-03 f=2.707e-03 ic=9.998e-06 wall=6.394e-05 inlet=5.719e-06 outlet=2.609e-06
LBFGS 13200 | total=3.042e-03 f=2.690e-03 ic=9.936e-06 wall=6.176e-05 inlet=6.274e-06 outlet=2.408e-06
LBFGS 13400 | total=3.018e-03 f=2.673e-03 ic=1.031e-05 wall=6.021e-05 inlet=6.312e-06 outlet=2.162e-06
LBFGS 13600 | total=2.993e-03 f=2.661e-03 ic=1.032e-05 wall=5.794e-05 inlet=5.981e-06 outlet=2.117e-06
LBFGS 13800 | total=2.969e-03 f=2.640e-03 ic=1.080e-05 wall=5.725e-05 inlet=5.922e-06 outlet=2.100e-06
LBFGS 14000 | total=2.944e-03 f=2.627e-03 ic=1.048e-05 wall=5.480e-05 inlet=6.038e-06 outlet=1.987e-06
