Using device: cuda
Experiment: causal_eps30_adam20k  eps=30.0  bins=32 (duration)  lbfgs=frozen
[bins] mode=duration M=32 N=136320 per-bin count: min=4083 max=4491
=== Adam phase | 20000 iters | lr=1.00e-03 | sched=plateau | early-stop: patience=0 warmup=0 gate(min_w>0.90) ===
Adam 1/20000 | total=4.937e+00 true=1.042e+01 f=1.179e-01 ic=6.128e-01 wall=5.611e-01 inlet=2.458e-01 outlet=1.713e-01 | min_w=0.000e+00 unlocked=1/32 | best=inf@0 stale=0 | lr=1.00e-03 | 1.9 it/s ETA 2h56m31s
Saved PyTorch checkpoint to results/checkpoints/causal_eps30_adam20k/best.pt
Saved PyTorch checkpoint to results/checkpoints/causal_eps30_adam20k/best.pt
Saved PyTorch checkpoint to results/checkpoints/causal_eps30_adam20k/best.pt
Saved PyTorch checkpoint to results/checkpoints/causal_eps30_adam20k/best.pt
Saved PyTorch checkpoint to results/checkpoints/causal_eps30_adam20k/best.pt
Saved PyTorch checkpoint to results/checkpoints/causal_eps30_adam20k/best.pt
Saved PyTorch checkpoint to results/checkpoints/causal_eps30_adam20k/best.pt
Saved PyTorch checkpoint to results/checkpoints/causal_eps30_adam20k/best.pt
Saved PyTorch checkpoint to results/checkpoints/causal_eps30_adam20k/best.pt
Saved PyTorch checkpoint to results/checkpoints/causal_eps30_adam20k/best.pt
Saved PyTorch checkpoint to results/checkpoints/causal_eps30_adam20k/best.pt
Saved PyTorch checkpoint to results/checkpoints/causal_eps30_adam20k/best.pt
Saved PyTorch checkpoint to results/checkpoints/causal_eps30_adam20k/best.pt
Saved PyTorch checkpoint to results/checkpoints/causal_eps30_adam20k/best.pt
Saved PyTorch checkpoint to results/checkpoints/causal_eps30_adam20k/best.pt
Saved PyTorch checkpoint to results/checkpoints/causal_eps30_adam20k/best.pt
Saved PyTorch checkpoint to results/checkpoints/causal_eps30_adam20k/best.pt
Saved PyTorch checkpoint to results/checkpoints/causal_eps30_adam20k/best.pt
Saved PyTorch checkpoint to results/checkpoints/causal_eps30_adam20k/best.pt
Saved PyTorch checkpoint to results/checkpoints/causal_eps30_adam20k/best.pt
Saved PyTorch checkpoint to results/checkpoints/causal_eps30_adam20k/best.pt
Saved PyTorch checkpoint to results/checkpoints/causal_eps30_adam20k/best.pt
Saved PyTorch checkpoint to results/checkpoints/causal_eps30_adam20k/best.pt
Saved PyTorch checkpoint to results/checkpoints/causal_eps30_adam20k/best.pt
Saved PyTorch checkpoint to results/checkpoints/causal_eps30_adam20k/best.pt
Saved PyTorch checkpoint to results/checkpoints/causal_eps30_adam20k/best.pt
Saved PyTorch checkpoint to results/checkpoints/causal_eps30_adam20k/best.pt
Saved PyTorch checkpoint to results/checkpoints/causal_eps30_adam20k/best.pt
Saved PyTorch checkpoint to results/checkpoints/causal_eps30_adam20k/best.pt
Saved PyTorch checkpoint to results/checkpoints/causal_eps30_adam20k/best.pt
Saved PyTorch checkpoint to results/checkpoints/causal_eps30_adam20k/best.pt
Saved PyTorch checkpoint to results/checkpoints/causal_eps30_adam20k/best.pt
Saved PyTorch checkpoint to results/checkpoints/causal_eps30_adam20k/best.pt
Saved PyTorch checkpoint to results/checkpoints/causal_eps30_adam20k/best.pt
Saved PyTorch checkpoint to results/checkpoints/causal_eps30_adam20k/best.pt
Saved PyTorch checkpoint to results/checkpoints/causal_eps30_adam20k/best.pt
Saved PyTorch checkpoint to results/checkpoints/causal_eps30_adam20k/best.pt
Saved PyTorch checkpoint to results/checkpoints/causal_eps30_adam20k/best.pt
Saved PyTorch checkpoint to results/checkpoints/causal_eps30_adam20k/best.pt
Saved PyTorch checkpoint to results/checkpoints/causal_eps30_adam20k/best.pt
Saved PyTorch checkpoint to results/checkpoints/causal_eps30_adam20k/best.pt
Saved PyTorch checkpoint to results/checkpoints/causal_eps30_adam20k/best.pt
Saved PyTorch checkpoint to results/checkpoints/causal_eps30_adam20k/best.pt
Saved PyTorch checkpoint to results/checkpoints/causal_eps30_adam20k/best.pt
Saved PyTorch checkpoint to results/checkpoints/causal_eps30_adam20k/best.pt
Saved PyTorch checkpoint to results/checkpoints/causal_eps30_adam20k/best.pt
Saved PyTorch checkpoint to results/checkpoints/causal_eps30_adam20k/best.pt
Saved PyTorch checkpoint to results/checkpoints/causal_eps30_adam20k/best.pt
Saved PyTorch checkpoint to results/checkpoints/causal_eps30_adam20k/best.pt
Saved PyTorch checkpoint to results/checkpoints/causal_eps30_adam20k/best.pt
Saved PyTorch checkpoint to results/checkpoints/causal_eps30_adam20k/best.pt
Saved PyTorch checkpoint to results/checkpoints/causal_eps30_adam20k/best.pt
Saved PyTorch checkpoint to results/checkpoints/causal_eps30_adam20k/best.pt
Saved PyTorch checkpoint to results/checkpoints/causal_eps30_adam20k/best.pt
Saved PyTorch checkpoint to results/checkpoints/causal_eps30_adam20k/best.pt
Saved PyTorch checkpoint to results/checkpoints/causal_eps30_adam20k/best.pt
Saved PyTorch checkpoint to results/checkpoints/causal_eps30_adam20k/best.pt
Saved PyTorch checkpoint to results/checkpoints/causal_eps30_adam20k/best.pt
Saved PyTorch checkpoint to results/checkpoints/causal_eps30_adam20k/best.pt
Saved PyTorch checkpoint to results/checkpoints/causal_eps30_adam20k/best.pt
Saved PyTorch checkpoint to results/checkpoints/causal_eps30_adam20k/best.pt
Saved PyTorch checkpoint to results/checkpoints/causal_eps30_adam20k/best.pt
Saved PyTorch checkpoint to results/checkpoints/causal_eps30_adam20k/best.pt
Saved PyTorch checkpoint to results/checkpoints/causal_eps30_adam20k/best.pt
Saved PyTorch checkpoint to results/checkpoints/causal_eps30_adam20k/best.pt
Saved PyTorch checkpoint to results/checkpoints/causal_eps30_adam20k/best.pt
Saved PyTorch checkpoint to results/checkpoints/causal_eps30_adam20k/best.pt
Saved PyTorch checkpoint to results/checkpoints/causal_eps30_adam20k/best.pt
Saved PyTorch checkpoint to results/checkpoints/causal_eps30_adam20k/best.pt
Saved PyTorch checkpoint to results/checkpoints/causal_eps30_adam20k/best.pt
Saved PyTorch checkpoint to results/checkpoints/causal_eps30_adam20k/best.pt
Saved PyTorch checkpoint to results/checkpoints/causal_eps30_adam20k/best.pt
Saved PyTorch checkpoint to results/checkpoints/causal_eps30_adam20k/best.pt
Saved PyTorch checkpoint to results/checkpoints/causal_eps30_adam20k/best.pt
Saved PyTorch checkpoint to results/checkpoints/causal_eps30_adam20k/best.pt
Saved PyTorch checkpoint to results/checkpoints/causal_eps30_adam20k/best.pt
Saved PyTorch checkpoint to results/checkpoints/causal_eps30_adam20k/best.pt
Saved PyTorch checkpoint to results/checkpoints/causal_eps30_adam20k/best.pt
Saved PyTorch checkpoint to results/checkpoints/causal_eps30_adam20k/best.pt
Saved PyTorch checkpoint to results/checkpoints/causal_eps30_adam20k/best.pt
Saved PyTorch checkpoint to results/checkpoints/causal_eps30_adam20k/best.pt
Saved PyTorch checkpoint to results/checkpoints/causal_eps30_adam20k/best.pt
Saved PyTorch checkpoint to results/checkpoints/causal_eps30_adam20k/best.pt
Saved PyTorch checkpoint to results/checkpoints/causal_eps30_adam20k/best.pt
Saved PyTorch checkpoint to results/checkpoints/causal_eps30_adam20k/best.pt
Saved PyTorch checkpoint to results/checkpoints/causal_eps30_adam20k/best.pt
Saved PyTorch checkpoint to results/checkpoints/causal_eps30_adam20k/best.pt
Saved PyTorch checkpoint to results/checkpoints/causal_eps30_adam20k/best.pt
Saved PyTorch checkpoint to results/checkpoints/causal_eps30_adam20k/best.pt
Saved PyTorch checkpoint to results/checkpoints/causal_eps30_adam20k/best.pt
Saved PyTorch checkpoint to results/checkpoints/causal_eps30_adam20k/best.pt
Saved PyTorch checkpoint to results/checkpoints/causal_eps30_adam20k/best.pt
Saved PyTorch checkpoint to results/checkpoints/causal_eps30_adam20k/best.pt
Saved PyTorch checkpoint to results/checkpoints/causal_eps30_adam20k/best.pt
Saved PyTorch checkpoint to results/checkpoints/causal_eps30_adam20k/best.pt
Saved PyTorch checkpoint to results/checkpoints/causal_eps30_adam20k/best.pt
Saved PyTorch checkpoint to results/checkpoints/causal_eps30_adam20k/best.pt
Saved PyTorch checkpoint to results/checkpoints/causal_eps30_adam20k/best.pt
Saved PyTorch checkpoint to results/checkpoints/causal_eps30_adam20k/best.pt
Saved PyTorch checkpoint to results/checkpoints/causal_eps30_adam20k/best.pt
Saved PyTorch checkpoint to results/checkpoints/causal_eps30_adam20k/best.pt
Saved PyTorch checkpoint to results/checkpoints/causal_eps30_adam20k/best.pt
Saved PyTorch checkpoint to results/checkpoints/causal_eps30_adam20k/best.pt
Saved PyTorch checkpoint to results/checkpoints/causal_eps30_adam20k/best.pt
Saved PyTorch checkpoint to results/checkpoints/causal_eps30_adam20k/best.pt
Saved PyTorch checkpoint to results/checkpoints/causal_eps30_adam20k/best.pt
Saved PyTorch checkpoint to results/checkpoints/causal_eps30_adam20k/best.pt
Saved PyTorch checkpoint to results/checkpoints/causal_eps30_adam20k/best.pt
Saved PyTorch checkpoint to results/checkpoints/causal_eps30_adam20k/best.pt
Saved PyTorch checkpoint to results/checkpoints/causal_eps30_adam20k/best.pt
Saved PyTorch checkpoint to results/checkpoints/causal_eps30_adam20k/best.pt
Saved PyTorch checkpoint to results/checkpoints/causal_eps30_adam20k/best.pt
Saved PyTorch checkpoint to results/checkpoints/causal_eps30_adam20k/best.pt
Saved PyTorch checkpoint to results/checkpoints/causal_eps30_adam20k/best.pt
Saved PyTorch checkpoint to results/checkpoints/causal_eps30_adam20k/best.pt
Saved PyTorch checkpoint to results/checkpoints/causal_eps30_adam20k/best.pt
Saved PyTorch checkpoint to results/checkpoints/causal_eps30_adam20k/best.pt
Saved PyTorch checkpoint to results/checkpoints/causal_eps30_adam20k/best.pt
Saved PyTorch checkpoint to results/checkpoints/causal_eps30_adam20k/best.pt
Saved PyTorch checkpoint to results/checkpoints/causal_eps30_adam20k/best.pt
Saved PyTorch checkpoint to results/checkpoints/causal_eps30_adam20k/best.pt
Saved PyTorch checkpoint to results/checkpoints/causal_eps30_adam20k/best.pt
Saved PyTorch checkpoint to results/checkpoints/causal_eps30_adam20k/best.pt
Saved PyTorch checkpoint to results/checkpoints/causal_eps30_adam20k/best.pt
Saved PyTorch checkpoint to results/checkpoints/causal_eps30_adam20k/best.pt
Saved PyTorch checkpoint to results/checkpoints/causal_eps30_adam20k/best.pt
Saved PyTorch checkpoint to results/checkpoints/causal_eps30_adam20k/best.pt
Saved PyTorch checkpoint to results/checkpoints/causal_eps30_adam20k/best.pt
Saved PyTorch checkpoint to results/checkpoints/causal_eps30_adam20k/best.pt
Saved PyTorch checkpoint to results/checkpoints/causal_eps30_adam20k/best.pt
Saved PyTorch checkpoint to results/checkpoints/causal_eps30_adam20k/best.pt
Saved PyTorch checkpoint to results/checkpoints/causal_eps30_adam20k/best.pt
Saved PyTorch checkpoint to results/checkpoints/causal_eps30_adam20k/best.pt
Saved PyTorch checkpoint to results/checkpoints/causal_eps30_adam20k/best.pt
Saved PyTorch checkpoint to results/checkpoints/causal_eps30_adam20k/best.pt
Saved PyTorch checkpoint to results/checkpoints/causal_eps30_adam20k/best.pt
Saved PyTorch checkpoint to results/checkpoints/causal_eps30_adam20k/best.pt
Saved PyTorch checkpoint to results/checkpoints/causal_eps30_adam20k/best.pt
Saved PyTorch checkpoint to results/checkpoints/causal_eps30_adam20k/best.pt
Saved PyTorch checkpoint to results/checkpoints/causal_eps30_adam20k/best.pt
Saved PyTorch checkpoint to results/checkpoints/causal_eps30_adam20k/best.pt
Saved PyTorch checkpoint to results/checkpoints/causal_eps30_adam20k/best.pt
Saved PyTorch checkpoint to results/checkpoints/causal_eps30_adam20k/best.pt
Saved PyTorch checkpoint to results/checkpoints/causal_eps30_adam20k/best.pt
Saved PyTorch checkpoint to results/checkpoints/causal_eps30_adam20k/best.pt
Saved PyTorch checkpoint to results/checkpoints/causal_eps30_adam20k/best.pt
Saved PyTorch checkpoint to results/checkpoints/causal_eps30_adam20k/best.pt
Saved PyTorch checkpoint to results/checkpoints/causal_eps30_adam20k/best.pt
Saved PyTorch checkpoint to results/checkpoints/causal_eps30_adam20k/best.pt
Saved PyTorch checkpoint to results/checkpoints/causal_eps30_adam20k/best.pt
Saved PyTorch checkpoint to results/checkpoints/causal_eps30_adam20k/best.pt
Saved PyTorch checkpoint to results/checkpoints/causal_eps30_adam20k/best.pt
Saved PyTorch checkpoint to results/checkpoints/causal_eps30_adam20k/best.pt
Saved PyTorch checkpoint to results/checkpoints/causal_eps30_adam20k/best.pt
Saved PyTorch checkpoint to results/checkpoints/causal_eps30_adam20k/best.pt
Saved PyTorch checkpoint to results/checkpoints/causal_eps30_adam20k/best.pt
Saved PyTorch checkpoint to results/checkpoints/causal_eps30_adam20k/best.pt
Saved PyTorch checkpoint to results/checkpoints/causal_eps30_adam20k/best.pt
Saved PyTorch checkpoint to results/checkpoints/causal_eps30_adam20k/best.pt
Saved PyTorch checkpoint to results/checkpoints/causal_eps30_adam20k/best.pt
Saved PyTorch checkpoint to results/checkpoints/causal_eps30_adam20k/best.pt
Saved PyTorch checkpoint to results/checkpoints/causal_eps30_adam20k/best.pt
Saved PyTorch checkpoint to results/checkpoints/causal_eps30_adam20k/best.pt
Saved PyTorch checkpoint to results/checkpoints/causal_eps30_adam20k/best.pt
Saved PyTorch checkpoint to results/checkpoints/causal_eps30_adam20k/best.pt
Saved PyTorch checkpoint to results/checkpoints/causal_eps30_adam20k/best.pt
Saved PyTorch checkpoint to results/checkpoints/causal_eps30_adam20k/best.pt
Saved PyTorch checkpoint to results/checkpoints/causal_eps30_adam20k/best.pt
Saved PyTorch checkpoint to results/checkpoints/causal_eps30_adam20k/best.pt
Saved PyTorch checkpoint to results/checkpoints/causal_eps30_adam20k/best.pt
Saved PyTorch checkpoint to results/checkpoints/causal_eps30_adam20k/best.pt
Saved PyTorch checkpoint to results/checkpoints/causal_eps30_adam20k/best.pt
Saved PyTorch checkpoint to results/checkpoints/causal_eps30_adam20k/best.pt
Saved PyTorch checkpoint to results/checkpoints/causal_eps30_adam20k/best.pt
Adam 200/20000 | total=3.361e-01 true=3.453e-01 f=1.957e-02 ic=2.042e-03 wall=3.038e-02 inlet=3.248e-02 outlet=1.850e-04 | min_w=4.524e-01 unlocked=10/32 | best=3.459e-01@199 stale=0 | lr=1.00e-03 | 5.2 it/s ETA 1h03m06s
Saved PyTorch checkpoint to results/checkpoints/causal_eps30_adam20k/best.pt
Saved PyTorch checkpoint to results/checkpoints/causal_eps30_adam20k/best.pt
Saved PyTorch checkpoint to results/checkpoints/causal_eps30_adam20k/best.pt
Saved PyTorch checkpoint to results/checkpoints/causal_eps30_adam20k/best.pt
Saved PyTorch checkpoint to results/checkpoints/causal_eps30_adam20k/best.pt
Saved PyTorch checkpoint to results/checkpoints/causal_eps30_adam20k/best.pt
Saved PyTorch checkpoint to results/checkpoints/causal_eps30_adam20k/best.pt
Saved PyTorch checkpoint to results/checkpoints/causal_eps30_adam20k/best.pt
Saved PyTorch checkpoint to results/checkpoints/causal_eps30_adam20k/best.pt
Saved PyTorch checkpoint to results/checkpoints/causal_eps30_adam20k/best.pt
Saved PyTorch checkpoint to results/checkpoints/causal_eps30_adam20k/best.pt
Saved PyTorch checkpoint to results/checkpoints/causal_eps30_adam20k/best.pt
Saved PyTorch checkpoint to results/checkpoints/causal_eps30_adam20k/best.pt
Saved PyTorch checkpoint to results/checkpoints/causal_eps30_adam20k/best.pt
Saved PyTorch checkpoint to results/checkpoints/causal_eps30_adam20k/best.pt
Saved PyTorch checkpoint to results/checkpoints/causal_eps30_adam20k/best.pt
Saved PyTorch checkpoint to results/checkpoints/causal_eps30_adam20k/best.pt
Saved PyTorch checkpoint to results/checkpoints/causal_eps30_adam20k/best.pt
Saved PyTorch checkpoint to results/checkpoints/causal_eps30_adam20k/best.pt
Saved PyTorch checkpoint to results/checkpoints/causal_eps30_adam20k/best.pt
Saved PyTorch checkpoint to results/checkpoints/causal_eps30_adam20k/best.pt
Saved PyTorch checkpoint to results/checkpoints/causal_eps30_adam20k/best.pt
Saved PyTorch checkpoint to results/checkpoints/causal_eps30_adam20k/best.pt
Saved PyTorch checkpoint to results/checkpoints/causal_eps30_adam20k/best.pt
Saved PyTorch checkpoint to results/checkpoints/causal_eps30_adam20k/best.pt
Saved PyTorch checkpoint to results/checkpoints/causal_eps30_adam20k/best.pt
Saved PyTorch checkpoint to results/checkpoints/causal_eps30_adam20k/best.pt
Saved PyTorch checkpoint to results/checkpoints/causal_eps30_adam20k/best.pt
Saved PyTorch checkpoint to results/checkpoints/causal_eps30_adam20k/best.pt
Saved PyTorch checkpoint to results/checkpoints/causal_eps30_adam20k/best.pt
Saved PyTorch checkpoint to results/checkpoints/causal_eps30_adam20k/best.pt
Saved PyTorch checkpoint to results/checkpoints/causal_eps30_adam20k/best.pt
Saved PyTorch checkpoint to results/checkpoints/causal_eps30_adam20k/best.pt
Saved PyTorch checkpoint to results/checkpoints/causal_eps30_adam20k/best.pt
Saved PyTorch checkpoint to results/checkpoints/causal_eps30_adam20k/best.pt
Saved PyTorch checkpoint to results/checkpoints/causal_eps30_adam20k/best.pt
Saved PyTorch checkpoint to results/checkpoints/causal_eps30_adam20k/best.pt
Saved PyTorch checkpoint to results/checkpoints/causal_eps30_adam20k/best.pt
Saved PyTorch checkpoint to results/checkpoints/causal_eps30_adam20k/best.pt
Saved PyTorch checkpoint to results/checkpoints/causal_eps30_adam20k/best.pt
Saved PyTorch checkpoint to results/checkpoints/causal_eps30_adam20k/best.pt
Saved PyTorch checkpoint to results/checkpoints/causal_eps30_adam20k/best.pt
Saved PyTorch checkpoint to results/checkpoints/causal_eps30_adam20k/best.pt
Saved PyTorch checkpoint to results/checkpoints/causal_eps30_adam20k/best.pt
Saved PyTorch checkpoint to results/checkpoints/causal_eps30_adam20k/best.pt
Saved PyTorch checkpoint to results/checkpoints/causal_eps30_adam20k/best.pt
Saved PyTorch checkpoint to results/checkpoints/causal_eps30_adam20k/best.pt
Saved PyTorch checkpoint to results/checkpoints/causal_eps30_adam20k/best.pt
Saved PyTorch checkpoint to results/checkpoints/causal_eps30_adam20k/best.pt
Saved PyTorch checkpoint to results/checkpoints/causal_eps30_adam20k/best.pt
Saved PyTorch checkpoint to results/checkpoints/causal_eps30_adam20k/best.pt
Saved PyTorch checkpoint to results/checkpoints/causal_eps30_adam20k/best.pt
Saved PyTorch checkpoint to results/checkpoints/causal_eps30_adam20k/best.pt
Saved PyTorch checkpoint to results/checkpoints/causal_eps30_adam20k/best.pt
Saved PyTorch checkpoint to results/checkpoints/causal_eps30_adam20k/best.pt
Saved PyTorch checkpoint to results/checkpoints/causal_eps30_adam20k/best.pt
Saved PyTorch checkpoint to results/checkpoints/causal_eps30_adam20k/best.pt
Saved PyTorch checkpoint to results/checkpoints/causal_eps30_adam20k/best.pt
Saved PyTorch checkpoint to results/checkpoints/causal_eps30_adam20k/best.pt
Saved PyTorch checkpoint to results/checkpoints/causal_eps30_adam20k/best.pt
Saved PyTorch checkpoint to results/checkpoints/causal_eps30_adam20k/best.pt
Saved PyTorch checkpoint to results/checkpoints/causal_eps30_adam20k/best.pt
Saved PyTorch checkpoint to results/checkpoints/causal_eps30_adam20k/best.pt
Saved PyTorch checkpoint to results/checkpoints/causal_eps30_adam20k/best.pt
Saved PyTorch checkpoint to results/checkpoints/causal_eps30_adam20k/best.pt
Saved PyTorch checkpoint to results/checkpoints/causal_eps30_adam20k/best.pt
Saved PyTorch checkpoint to results/checkpoints/causal_eps30_adam20k/best.pt
Saved PyTorch checkpoint to results/checkpoints/causal_eps30_adam20k/best.pt
Saved PyTorch checkpoint to results/checkpoints/causal_eps30_adam20k/best.pt
Saved PyTorch checkpoint to results/checkpoints/causal_eps30_adam20k/best.pt
Saved PyTorch checkpoint to results/checkpoints/causal_eps30_adam20k/best.pt
Saved PyTorch checkpoint to results/checkpoints/causal_eps30_adam20k/best.pt
Saved PyTorch checkpoint to results/checkpoints/causal_eps30_adam20k/best.pt
Saved PyTorch checkpoint to results/checkpoints/causal_eps30_adam20k/best.pt
Saved PyTorch checkpoint to results/checkpoints/causal_eps30_adam20k/best.pt
Saved PyTorch checkpoint to results/checkpoints/causal_eps30_adam20k/best.pt
Saved PyTorch checkpoint to results/checkpoints/causal_eps30_adam20k/best.pt
Saved PyTorch checkpoint to results/checkpoints/causal_eps30_adam20k/best.pt
Saved PyTorch checkpoint to results/checkpoints/causal_eps30_adam20k/best.pt
Saved PyTorch checkpoint to results/checkpoints/causal_eps30_adam20k/best.pt
Saved PyTorch checkpoint to results/checkpoints/causal_eps30_adam20k/best.pt
Saved PyTorch checkpoint to results/checkpoints/causal_eps30_adam20k/best.pt
Saved PyTorch checkpoint to results/checkpoints/causal_eps30_adam20k/best.pt
Saved PyTorch checkpoint to results/checkpoints/causal_eps30_adam20k/best.pt
Saved PyTorch checkpoint to results/checkpoints/causal_eps30_adam20k/best.pt
Saved PyTorch checkpoint to results/checkpoints/causal_eps30_adam20k/best.pt
Saved PyTorch checkpoint to results/checkpoints/causal_eps30_adam20k/best.pt
Saved PyTorch checkpoint to results/checkpoints/causal_eps30_adam20k/best.pt
Saved PyTorch checkpoint to results/checkpoints/causal_eps30_adam20k/best.pt
Saved PyTorch checkpoint to results/checkpoints/causal_eps30_adam20k/best.pt
Saved PyTorch checkpoint to results/checkpoints/causal_eps30_adam20k/best.pt
Saved PyTorch checkpoint to results/checkpoints/causal_eps30_adam20k/best.pt
Saved PyTorch checkpoint to results/checkpoints/causal_eps30_adam20k/best.pt
Saved PyTorch checkpoint to results/checkpoints/causal_eps30_adam20k/best.pt
Saved PyTorch checkpoint to results/checkpoints/causal_eps30_adam20k/best.pt
Saved PyTorch checkpoint to results/checkpoints/causal_eps30_adam20k/best.pt
Saved PyTorch checkpoint to results/checkpoints/causal_eps30_adam20k/best.pt
Saved PyTorch checkpoint to results/checkpoints/causal_eps30_adam20k/best.pt
Saved PyTorch checkpoint to results/checkpoints/causal_eps30_adam20k/best.pt
Saved PyTorch checkpoint to results/checkpoints/causal_eps30_adam20k/best.pt
Saved PyTorch checkpoint to results/checkpoints/causal_eps30_adam20k/best.pt
Saved PyTorch checkpoint to results/checkpoints/causal_eps30_adam20k/best.pt
Saved PyTorch checkpoint to results/checkpoints/causal_eps30_adam20k/best.pt
Saved PyTorch checkpoint to results/checkpoints/causal_eps30_adam20k/best.pt
Saved PyTorch checkpoint to results/checkpoints/causal_eps30_adam20k/best.pt
Saved PyTorch checkpoint to results/checkpoints/causal_eps30_adam20k/best.pt
Saved PyTorch checkpoint to results/checkpoints/causal_eps30_adam20k/best.pt
Saved PyTorch checkpoint to results/checkpoints/causal_eps30_adam20k/best.pt
Saved PyTorch checkpoint to results/checkpoints/causal_eps30_adam20k/best.pt
Saved PyTorch checkpoint to results/checkpoints/causal_eps30_adam20k/best.pt
Saved PyTorch checkpoint to results/checkpoints/causal_eps30_adam20k/best.pt
Saved PyTorch checkpoint to results/checkpoints/causal_eps30_adam20k/best.pt
Saved PyTorch checkpoint to results/checkpoints/causal_eps30_adam20k/best.pt
Saved PyTorch checkpoint to results/checkpoints/causal_eps30_adam20k/best.pt
Saved PyTorch checkpoint to results/checkpoints/causal_eps30_adam20k/best.pt
Saved PyTorch checkpoint to results/checkpoints/causal_eps30_adam20k/best.pt
Saved PyTorch checkpoint to results/checkpoints/causal_eps30_adam20k/best.pt
Saved PyTorch checkpoint to results/checkpoints/causal_eps30_adam20k/best.pt
Saved PyTorch checkpoint to results/checkpoints/causal_eps30_adam20k/best.pt
Saved PyTorch checkpoint to results/checkpoints/causal_eps30_adam20k/best.pt
Saved PyTorch checkpoint to results/checkpoints/causal_eps30_adam20k/best.pt
Saved PyTorch checkpoint to results/checkpoints/causal_eps30_adam20k/best.pt
Saved PyTorch checkpoint to results/checkpoints/causal_eps30_adam20k/best.pt
Saved PyTorch checkpoint to results/checkpoints/causal_eps30_adam20k/best.pt
Saved PyTorch checkpoint to results/checkpoints/causal_eps30_adam20k/best.pt
Saved PyTorch checkpoint to results/checkpoints/causal_eps30_adam20k/best.pt
Saved PyTorch checkpoint to results/checkpoints/causal_eps30_adam20k/best.pt
Saved PyTorch checkpoint to results/checkpoints/causal_eps30_adam20k/best.pt
Saved PyTorch checkpoint to results/checkpoints/causal_eps30_adam20k/best.pt
Saved PyTorch checkpoint to results/checkpoints/causal_eps30_adam20k/best.pt
Saved PyTorch checkpoint to results/checkpoints/causal_eps30_adam20k/best.pt
Saved PyTorch checkpoint to results/checkpoints/causal_eps30_adam20k/best.pt
Saved PyTorch checkpoint to results/checkpoints/causal_eps30_adam20k/best.pt
Saved PyTorch checkpoint to results/checkpoints/causal_eps30_adam20k/best.pt
Saved PyTorch checkpoint to results/checkpoints/causal_eps30_adam20k/best.pt
Saved PyTorch checkpoint to results/checkpoints/causal_eps30_adam20k/best.pt
Saved PyTorch checkpoint to results/checkpoints/causal_eps30_adam20k/best.pt
Saved PyTorch checkpoint to results/checkpoints/causal_eps30_adam20k/best.pt
Saved PyTorch checkpoint to results/checkpoints/causal_eps30_adam20k/best.pt
Saved PyTorch checkpoint to results/checkpoints/causal_eps30_adam20k/best.pt
Saved PyTorch checkpoint to results/checkpoints/causal_eps30_adam20k/best.pt
Saved PyTorch checkpoint to results/checkpoints/causal_eps30_adam20k/best.pt
Saved PyTorch checkpoint to results/checkpoints/causal_eps30_adam20k/best.pt
Saved PyTorch checkpoint to results/checkpoints/causal_eps30_adam20k/best.pt
Saved PyTorch checkpoint to results/checkpoints/causal_eps30_adam20k/best.pt
Saved PyTorch checkpoint to results/checkpoints/causal_eps30_adam20k/best.pt
Saved PyTorch checkpoint to results/checkpoints/causal_eps30_adam20k/best.pt
Saved PyTorch checkpoint to results/checkpoints/causal_eps30_adam20k/best.pt
Saved PyTorch checkpoint to results/checkpoints/causal_eps30_adam20k/best.pt
Saved PyTorch checkpoint to results/checkpoints/causal_eps30_adam20k/best.pt
Saved PyTorch checkpoint to results/checkpoints/causal_eps30_adam20k/best.pt
Saved PyTorch checkpoint to results/checkpoints/causal_eps30_adam20k/best.pt
Saved PyTorch checkpoint to results/checkpoints/causal_eps30_adam20k/best.pt
Saved PyTorch checkpoint to results/checkpoints/causal_eps30_adam20k/best.pt
Saved PyTorch checkpoint to results/checkpoints/causal_eps30_adam20k/best.pt
Saved PyTorch checkpoint to results/checkpoints/causal_eps30_adam20k/best.pt
Saved PyTorch checkpoint to results/checkpoints/causal_eps30_adam20k/best.pt
Saved PyTorch checkpoint to results/checkpoints/causal_eps30_adam20k/best.pt
Saved PyTorch checkpoint to results/checkpoints/causal_eps30_adam20k/best.pt
Saved PyTorch checkpoint to results/checkpoints/causal_eps30_adam20k/best.pt
Saved PyTorch checkpoint to results/checkpoints/causal_eps30_adam20k/best.pt
Saved PyTorch checkpoint to results/checkpoints/causal_eps30_adam20k/best.pt
Saved PyTorch checkpoint to results/checkpoints/causal_eps30_adam20k/best.pt
Saved PyTorch checkpoint to results/checkpoints/causal_eps30_adam20k/best.pt
Saved PyTorch checkpoint to results/checkpoints/causal_eps30_adam20k/best.pt
Saved PyTorch checkpoint to results/checkpoints/causal_eps30_adam20k/best.pt
Saved PyTorch checkpoint to results/checkpoints/causal_eps30_adam20k/best.pt
Saved PyTorch checkpoint to results/checkpoints/causal_eps30_adam20k/best.pt
Saved PyTorch checkpoint to results/checkpoints/causal_eps30_adam20k/best.pt
Saved PyTorch checkpoint to results/checkpoints/causal_eps30_adam20k/best.pt
Saved PyTorch checkpoint to results/checkpoints/causal_eps30_adam20k/best.pt
Saved PyTorch checkpoint to results/checkpoints/causal_eps30_adam20k/best.pt
Saved PyTorch checkpoint to results/checkpoints/causal_eps30_adam20k/best.pt
Saved PyTorch checkpoint to results/checkpoints/causal_eps30_adam20k/best.pt
Saved PyTorch checkpoint to results/checkpoints/causal_eps30_adam20k/best.pt
Saved PyTorch checkpoint to results/checkpoints/causal_eps30_adam20k/best.pt
Saved PyTorch checkpoint to results/checkpoints/causal_eps30_adam20k/best.pt
Saved PyTorch checkpoint to results/checkpoints/causal_eps30_adam20k/best.pt
Saved PyTorch checkpoint to results/checkpoints/causal_eps30_adam20k/best.pt
Saved PyTorch checkpoint to results/checkpoints/causal_eps30_adam20k/best.pt
Saved PyTorch checkpoint to results/checkpoints/causal_eps30_adam20k/best.pt
Saved PyTorch checkpoint to results/checkpoints/causal_eps30_adam20k/best.pt
Saved PyTorch checkpoint to results/checkpoints/causal_eps30_adam20k/best.pt
Saved PyTorch checkpoint to results/checkpoints/causal_eps30_adam20k/best.pt
Saved PyTorch checkpoint to results/checkpoints/causal_eps30_adam20k/best.pt
Saved PyTorch checkpoint to results/checkpoints/causal_eps30_adam20k/best.pt
Saved PyTorch checkpoint to results/checkpoints/causal_eps30_adam20k/best.pt
Saved PyTorch checkpoint to results/checkpoints/causal_eps30_adam20k/best.pt
Saved PyTorch checkpoint to results/checkpoints/causal_eps30_adam20k/best.pt
Saved PyTorch checkpoint to results/checkpoints/causal_eps30_adam20k/best.pt
Saved PyTorch checkpoint to results/checkpoints/causal_eps30_adam20k/best.pt
Saved PyTorch checkpoint to results/checkpoints/causal_eps30_adam20k/best.pt
Saved PyTorch checkpoint to results/checkpoints/causal_eps30_adam20k/best.pt
Saved PyTorch checkpoint to results/checkpoints/causal_eps30_adam20k/best.pt
Saved PyTorch checkpoint to results/checkpoints/causal_eps30_adam20k/best.pt
Saved PyTorch checkpoint to results/checkpoints/causal_eps30_adam20k/best.pt
Saved PyTorch checkpoint to results/checkpoints/causal_eps30_adam20k/best.pt
Saved PyTorch checkpoint to results/checkpoints/causal_eps30_adam20k/best.pt
Saved PyTorch checkpoint to results/checkpoints/causal_eps30_adam20k/best.pt
Saved PyTorch checkpoint to results/checkpoints/causal_eps30_adam20k/best.pt
Adam 400/20000 | total=2.758e-01 true=2.781e-01 f=1.119e-02 ic=8.018e-04 wall=2.536e-02 inlet=2.738e-02 outlet=1.285e-04 | min_w=6.918e-01 unlocked=13/32 | best=2.783e-01@399 stale=0 | lr=1.00e-03 | 5.2 it/s ETA 1h02m14s
Saved PyTorch checkpoint to results/checkpoints/causal_eps30_adam20k/best.pt
Saved PyTorch checkpoint to results/checkpoints/causal_eps30_adam20k/best.pt
Saved PyTorch checkpoint to results/checkpoints/causal_eps30_adam20k/best.pt
Saved PyTorch checkpoint to results/checkpoints/causal_eps30_adam20k/best.pt
Saved PyTorch checkpoint to results/checkpoints/causal_eps30_adam20k/best.pt
Saved PyTorch checkpoint to results/checkpoints/causal_eps30_adam20k/best.pt
Saved PyTorch checkpoint to results/checkpoints/causal_eps30_adam20k/best.pt
Saved PyTorch checkpoint to results/checkpoints/causal_eps30_adam20k/best.pt
Saved PyTorch checkpoint to results/checkpoints/causal_eps30_adam20k/best.pt
Saved PyTorch checkpoint to results/checkpoints/causal_eps30_adam20k/best.pt
Saved PyTorch checkpoint to results/checkpoints/causal_eps30_adam20k/best.pt
Saved PyTorch checkpoint to results/checkpoints/causal_eps30_adam20k/best.pt
Saved PyTorch checkpoint to results/checkpoints/causal_eps30_adam20k/best.pt
Saved PyTorch checkpoint to results/checkpoints/causal_eps30_adam20k/best.pt
Saved PyTorch checkpoint to results/checkpoints/causal_eps30_adam20k/best.pt
Saved PyTorch checkpoint to results/checkpoints/causal_eps30_adam20k/best.pt
Saved PyTorch checkpoint to results/checkpoints/causal_eps30_adam20k/best.pt
Saved PyTorch checkpoint to results/checkpoints/causal_eps30_adam20k/best.pt
Saved PyTorch checkpoint to results/checkpoints/causal_eps30_adam20k/best.pt
Saved PyTorch checkpoint to results/checkpoints/causal_eps30_adam20k/best.pt
Saved PyTorch checkpoint to results/checkpoints/causal_eps30_adam20k/best.pt
Saved PyTorch checkpoint to results/checkpoints/causal_eps30_adam20k/best.pt
Saved PyTorch checkpoint to results/checkpoints/causal_eps30_adam20k/best.pt
Saved PyTorch checkpoint to results/checkpoints/causal_eps30_adam20k/best.pt
Saved PyTorch checkpoint to results/checkpoints/causal_eps30_adam20k/best.pt
Saved PyTorch checkpoint to results/checkpoints/causal_eps30_adam20k/best.pt
Saved PyTorch checkpoint to results/checkpoints/causal_eps30_adam20k/best.pt
Saved PyTorch checkpoint to results/checkpoints/causal_eps30_adam20k/best.pt
Saved PyTorch checkpoint to results/checkpoints/causal_eps30_adam20k/best.pt
Saved PyTorch checkpoint to results/checkpoints/causal_eps30_adam20k/best.pt
Saved PyTorch checkpoint to results/checkpoints/causal_eps30_adam20k/best.pt
Saved PyTorch checkpoint to results/checkpoints/causal_eps30_adam20k/best.pt
Saved PyTorch checkpoint to results/checkpoints/causal_eps30_adam20k/best.pt
Saved PyTorch checkpoint to results/checkpoints/causal_eps30_adam20k/best.pt
Saved PyTorch checkpoint to results/checkpoints/causal_eps30_adam20k/best.pt
Saved PyTorch checkpoint to results/checkpoints/causal_eps30_adam20k/best.pt
Saved PyTorch checkpoint to results/checkpoints/causal_eps30_adam20k/best.pt
Saved PyTorch checkpoint to results/checkpoints/causal_eps30_adam20k/best.pt
Saved PyTorch checkpoint to results/checkpoints/causal_eps30_adam20k/best.pt
Saved PyTorch checkpoint to results/checkpoints/causal_eps30_adam20k/best.pt
Saved PyTorch checkpoint to results/checkpoints/causal_eps30_adam20k/best.pt
Saved PyTorch checkpoint to results/checkpoints/causal_eps30_adam20k/best.pt
Saved PyTorch checkpoint to results/checkpoints/causal_eps30_adam20k/best.pt
Saved PyTorch checkpoint to results/checkpoints/causal_eps30_adam20k/best.pt
Saved PyTorch checkpoint to results/checkpoints/causal_eps30_adam20k/best.pt
Saved PyTorch checkpoint to results/checkpoints/causal_eps30_adam20k/best.pt
Saved PyTorch checkpoint to results/checkpoints/causal_eps30_adam20k/best.pt
Saved PyTorch checkpoint to results/checkpoints/causal_eps30_adam20k/best.pt
Saved PyTorch checkpoint to results/checkpoints/causal_eps30_adam20k/best.pt
Saved PyTorch checkpoint to results/checkpoints/causal_eps30_adam20k/best.pt
Saved PyTorch checkpoint to results/checkpoints/causal_eps30_adam20k/best.pt
Saved PyTorch checkpoint to results/checkpoints/causal_eps30_adam20k/best.pt
Saved PyTorch checkpoint to results/checkpoints/causal_eps30_adam20k/best.pt
Saved PyTorch checkpoint to results/checkpoints/causal_eps30_adam20k/best.pt
Saved PyTorch checkpoint to results/checkpoints/causal_eps30_adam20k/best.pt
Saved PyTorch checkpoint to results/checkpoints/causal_eps30_adam20k/best.pt
Saved PyTorch checkpoint to results/checkpoints/causal_eps30_adam20k/best.pt
Saved PyTorch checkpoint to results/checkpoints/causal_eps30_adam20k/best.pt
Saved PyTorch checkpoint to results/checkpoints/causal_eps30_adam20k/best.pt
Saved PyTorch checkpoint to results/checkpoints/causal_eps30_adam20k/best.pt
Saved PyTorch checkpoint to results/checkpoints/causal_eps30_adam20k/best.pt
Saved PyTorch checkpoint to results/checkpoints/causal_eps30_adam20k/best.pt
Saved PyTorch checkpoint to results/checkpoints/causal_eps30_adam20k/best.pt
Saved PyTorch checkpoint to results/checkpoints/causal_eps30_adam20k/best.pt
Saved PyTorch checkpoint to results/checkpoints/causal_eps30_adam20k/best.pt
Saved PyTorch checkpoint to results/checkpoints/causal_eps30_adam20k/best.pt
Saved PyTorch checkpoint to results/checkpoints/causal_eps30_adam20k/best.pt
Saved PyTorch checkpoint to results/checkpoints/causal_eps30_adam20k/best.pt
Saved PyTorch checkpoint to results/checkpoints/causal_eps30_adam20k/best.pt
Saved PyTorch checkpoint to results/checkpoints/causal_eps30_adam20k/best.pt
Saved PyTorch checkpoint to results/checkpoints/causal_eps30_adam20k/best.pt
Saved PyTorch checkpoint to results/checkpoints/causal_eps30_adam20k/best.pt
Saved PyTorch checkpoint to results/checkpoints/causal_eps30_adam20k/best.pt
Saved PyTorch checkpoint to results/checkpoints/causal_eps30_adam20k/best.pt
Saved PyTorch checkpoint to results/checkpoints/causal_eps30_adam20k/best.pt
Saved PyTorch checkpoint to results/checkpoints/causal_eps30_adam20k/best.pt
Saved PyTorch checkpoint to results/checkpoints/causal_eps30_adam20k/best.pt
Saved PyTorch checkpoint to results/checkpoints/causal_eps30_adam20k/best.pt
Saved PyTorch checkpoint to results/checkpoints/causal_eps30_adam20k/best.pt
Saved PyTorch checkpoint to results/checkpoints/causal_eps30_adam20k/best.pt
Saved PyTorch checkpoint to results/checkpoints/causal_eps30_adam20k/best.pt
Saved PyTorch checkpoint to results/checkpoints/causal_eps30_adam20k/best.pt
Saved PyTorch checkpoint to results/checkpoints/causal_eps30_adam20k/best.pt
Saved PyTorch checkpoint to results/checkpoints/causal_eps30_adam20k/best.pt
Saved PyTorch checkpoint to results/checkpoints/causal_eps30_adam20k/best.pt
Saved PyTorch checkpoint to results/checkpoints/causal_eps30_adam20k/best.pt
Saved PyTorch checkpoint to results/checkpoints/causal_eps30_adam20k/best.pt
Saved PyTorch checkpoint to results/checkpoints/causal_eps30_adam20k/best.pt
Saved PyTorch checkpoint to results/checkpoints/causal_eps30_adam20k/best.pt
Saved PyTorch checkpoint to results/checkpoints/causal_eps30_adam20k/best.pt
Saved PyTorch checkpoint to results/checkpoints/causal_eps30_adam20k/best.pt
Saved PyTorch checkpoint to results/checkpoints/causal_eps30_adam20k/best.pt
Saved PyTorch checkpoint to results/checkpoints/causal_eps30_adam20k/best.pt
Saved PyTorch checkpoint to results/checkpoints/causal_eps30_adam20k/best.pt
Saved PyTorch checkpoint to results/checkpoints/causal_eps30_adam20k/best.pt
Saved PyTorch checkpoint to results/checkpoints/causal_eps30_adam20k/best.pt
Saved PyTorch checkpoint to results/checkpoints/causal_eps30_adam20k/best.pt
Saved PyTorch checkpoint to results/checkpoints/causal_eps30_adam20k/best.pt
Saved PyTorch checkpoint to results/checkpoints/causal_eps30_adam20k/best.pt
Saved PyTorch checkpoint to results/checkpoints/causal_eps30_adam20k/best.pt
Saved PyTorch checkpoint to results/checkpoints/causal_eps30_adam20k/best.pt
Saved PyTorch checkpoint to results/checkpoints/causal_eps30_adam20k/best.pt
Saved PyTorch checkpoint to results/checkpoints/causal_eps30_adam20k/best.pt
Saved PyTorch checkpoint to results/checkpoints/causal_eps30_adam20k/best.pt
Saved PyTorch checkpoint to results/checkpoints/causal_eps30_adam20k/best.pt
Saved PyTorch checkpoint to results/checkpoints/causal_eps30_adam20k/best.pt
Saved PyTorch checkpoint to results/checkpoints/causal_eps30_adam20k/best.pt
Saved PyTorch checkpoint to results/checkpoints/causal_eps30_adam20k/best.pt
Saved PyTorch checkpoint to results/checkpoints/causal_eps30_adam20k/best.pt
Saved PyTorch checkpoint to results/checkpoints/causal_eps30_adam20k/best.pt
Saved PyTorch checkpoint to results/checkpoints/causal_eps30_adam20k/best.pt
Saved PyTorch checkpoint to results/checkpoints/causal_eps30_adam20k/best.pt
Saved PyTorch checkpoint to results/checkpoints/causal_eps30_adam20k/best.pt
Saved PyTorch checkpoint to results/checkpoints/causal_eps30_adam20k/best.pt
Saved PyTorch checkpoint to results/checkpoints/causal_eps30_adam20k/best.pt
Saved PyTorch checkpoint to results/checkpoints/causal_eps30_adam20k/best.pt
Saved PyTorch checkpoint to results/checkpoints/causal_eps30_adam20k/best.pt
Saved PyTorch checkpoint to results/checkpoints/causal_eps30_adam20k/best.pt
Saved PyTorch checkpoint to results/checkpoints/causal_eps30_adam20k/best.pt
Saved PyTorch checkpoint to results/checkpoints/causal_eps30_adam20k/best.pt
Saved PyTorch checkpoint to results/checkpoints/causal_eps30_adam20k/best.pt
Saved PyTorch checkpoint to results/checkpoints/causal_eps30_adam20k/best.pt
Saved PyTorch checkpoint to results/checkpoints/causal_eps30_adam20k/best.pt
Saved PyTorch checkpoint to results/checkpoints/causal_eps30_adam20k/best.pt
Saved PyTorch checkpoint to results/checkpoints/causal_eps30_adam20k/best.pt
Saved PyTorch checkpoint to results/checkpoints/causal_eps30_adam20k/best.pt
Saved PyTorch checkpoint to results/checkpoints/causal_eps30_adam20k/best.pt
Saved PyTorch checkpoint to results/checkpoints/causal_eps30_adam20k/best.pt
Saved PyTorch checkpoint to results/checkpoints/causal_eps30_adam20k/best.pt
Saved PyTorch checkpoint to results/checkpoints/causal_eps30_adam20k/best.pt
Saved PyTorch checkpoint to results/checkpoints/causal_eps30_adam20k/best.pt
Saved PyTorch checkpoint to results/checkpoints/causal_eps30_adam20k/best.pt
Saved PyTorch checkpoint to results/checkpoints/causal_eps30_adam20k/best.pt
Saved PyTorch checkpoint to results/checkpoints/causal_eps30_adam20k/best.pt
Saved PyTorch checkpoint to results/checkpoints/causal_eps30_adam20k/best.pt
Saved PyTorch checkpoint to results/checkpoints/causal_eps30_adam20k/best.pt
Saved PyTorch checkpoint to results/checkpoints/causal_eps30_adam20k/best.pt
Saved PyTorch checkpoint to results/checkpoints/causal_eps30_adam20k/best.pt
Saved PyTorch checkpoint to results/checkpoints/causal_eps30_adam20k/best.pt
Saved PyTorch checkpoint to results/checkpoints/causal_eps30_adam20k/best.pt
Saved PyTorch checkpoint to results/checkpoints/causal_eps30_adam20k/best.pt
Saved PyTorch checkpoint to results/checkpoints/causal_eps30_adam20k/best.pt
Saved PyTorch checkpoint to results/checkpoints/causal_eps30_adam20k/best.pt
Saved PyTorch checkpoint to results/checkpoints/causal_eps30_adam20k/best.pt
Saved PyTorch checkpoint to results/checkpoints/causal_eps30_adam20k/best.pt
Saved PyTorch checkpoint to results/checkpoints/causal_eps30_adam20k/best.pt
Saved PyTorch checkpoint to results/checkpoints/causal_eps30_adam20k/best.pt
Saved PyTorch checkpoint to results/checkpoints/causal_eps30_adam20k/best.pt
Saved PyTorch checkpoint to results/checkpoints/causal_eps30_adam20k/best.pt
Saved PyTorch checkpoint to results/checkpoints/causal_eps30_adam20k/best.pt
Saved PyTorch checkpoint to results/checkpoints/causal_eps30_adam20k/best.pt
Saved PyTorch checkpoint to results/checkpoints/causal_eps30_adam20k/best.pt
Saved PyTorch checkpoint to results/checkpoints/causal_eps30_adam20k/best.pt
Saved PyTorch checkpoint to results/checkpoints/causal_eps30_adam20k/best.pt
Saved PyTorch checkpoint to results/checkpoints/causal_eps30_adam20k/best.pt
Saved PyTorch checkpoint to results/checkpoints/causal_eps30_adam20k/best.pt
Saved PyTorch checkpoint to results/checkpoints/causal_eps30_adam20k/best.pt
Saved PyTorch checkpoint to results/checkpoints/causal_eps30_adam20k/best.pt
Saved PyTorch checkpoint to results/checkpoints/causal_eps30_adam20k/best.pt
Saved PyTorch checkpoint to results/checkpoints/causal_eps30_adam20k/best.pt
Saved PyTorch checkpoint to results/checkpoints/causal_eps30_adam20k/best.pt
Saved PyTorch checkpoint to results/checkpoints/causal_eps30_adam20k/best.pt
Adam 600/20000 | total=2.296e-01 true=2.354e-01 f=1.652e-02 ic=9.204e-04 wall=2.144e-02 inlet=2.093e-02 outlet=2.185e-04 | min_w=5.444e-01 unlocked=12/32 | best=2.357e-01@599 stale=0 | lr=1.00e-03 | 5.3 it/s ETA 1h01m11s
Saved PyTorch checkpoint to results/checkpoints/causal_eps30_adam20k/best.pt
Saved PyTorch checkpoint to results/checkpoints/causal_eps30_adam20k/best.pt
Saved PyTorch checkpoint to results/checkpoints/causal_eps30_adam20k/best.pt
Saved PyTorch checkpoint to results/checkpoints/causal_eps30_adam20k/best.pt
Saved PyTorch checkpoint to results/checkpoints/causal_eps30_adam20k/best.pt
Saved PyTorch checkpoint to results/checkpoints/causal_eps30_adam20k/best.pt
Saved PyTorch checkpoint to results/checkpoints/causal_eps30_adam20k/best.pt
Saved PyTorch checkpoint to results/checkpoints/causal_eps30_adam20k/best.pt
Saved PyTorch checkpoint to results/checkpoints/causal_eps30_adam20k/best.pt
Saved PyTorch checkpoint to results/checkpoints/causal_eps30_adam20k/best.pt
Saved PyTorch checkpoint to results/checkpoints/causal_eps30_adam20k/best.pt
Saved PyTorch checkpoint to results/checkpoints/causal_eps30_adam20k/best.pt
Saved PyTorch checkpoint to results/checkpoints/causal_eps30_adam20k/best.pt
Saved PyTorch checkpoint to results/checkpoints/causal_eps30_adam20k/best.pt
Saved PyTorch checkpoint to results/checkpoints/causal_eps30_adam20k/best.pt
Saved PyTorch checkpoint to results/checkpoints/causal_eps30_adam20k/best.pt
Saved PyTorch checkpoint to results/checkpoints/causal_eps30_adam20k/best.pt
Saved PyTorch checkpoint to results/checkpoints/causal_eps30_adam20k/best.pt
Saved PyTorch checkpoint to results/checkpoints/causal_eps30_adam20k/best.pt
Saved PyTorch checkpoint to results/checkpoints/causal_eps30_adam20k/best.pt
Saved PyTorch checkpoint to results/checkpoints/causal_eps30_adam20k/best.pt
Saved PyTorch checkpoint to results/checkpoints/causal_eps30_adam20k/best.pt
Saved PyTorch checkpoint to results/checkpoints/causal_eps30_adam20k/best.pt
Saved PyTorch checkpoint to results/checkpoints/causal_eps30_adam20k/best.pt
Saved PyTorch checkpoint to results/checkpoints/causal_eps30_adam20k/best.pt
Saved PyTorch checkpoint to results/checkpoints/causal_eps30_adam20k/best.pt
Saved PyTorch checkpoint to results/checkpoints/causal_eps30_adam20k/best.pt
Saved PyTorch checkpoint to results/checkpoints/causal_eps30_adam20k/best.pt
Saved PyTorch checkpoint to results/checkpoints/causal_eps30_adam20k/best.pt
Saved PyTorch checkpoint to results/checkpoints/causal_eps30_adam20k/best.pt
Saved PyTorch checkpoint to results/checkpoints/causal_eps30_adam20k/best.pt
Saved PyTorch checkpoint to results/checkpoints/causal_eps30_adam20k/best.pt
Saved PyTorch checkpoint to results/checkpoints/causal_eps30_adam20k/best.pt
Saved PyTorch checkpoint to results/checkpoints/causal_eps30_adam20k/best.pt
Saved PyTorch checkpoint to results/checkpoints/causal_eps30_adam20k/best.pt
Saved PyTorch checkpoint to results/checkpoints/causal_eps30_adam20k/best.pt
Saved PyTorch checkpoint to results/checkpoints/causal_eps30_adam20k/best.pt
Saved PyTorch checkpoint to results/checkpoints/causal_eps30_adam20k/best.pt
Saved PyTorch checkpoint to results/checkpoints/causal_eps30_adam20k/best.pt
Saved PyTorch checkpoint to results/checkpoints/causal_eps30_adam20k/best.pt
Saved PyTorch checkpoint to results/checkpoints/causal_eps30_adam20k/best.pt
Saved PyTorch checkpoint to results/checkpoints/causal_eps30_adam20k/best.pt
Saved PyTorch checkpoint to results/checkpoints/causal_eps30_adam20k/best.pt
Saved PyTorch checkpoint to results/checkpoints/causal_eps30_adam20k/best.pt
Saved PyTorch checkpoint to results/checkpoints/causal_eps30_adam20k/best.pt
Saved PyTorch checkpoint to results/checkpoints/causal_eps30_adam20k/best.pt
Saved PyTorch checkpoint to results/checkpoints/causal_eps30_adam20k/best.pt
Saved PyTorch checkpoint to results/checkpoints/causal_eps30_adam20k/best.pt
Saved PyTorch checkpoint to results/checkpoints/causal_eps30_adam20k/best.pt
Saved PyTorch checkpoint to results/checkpoints/causal_eps30_adam20k/best.pt
Saved PyTorch checkpoint to results/checkpoints/causal_eps30_adam20k/best.pt
Saved PyTorch checkpoint to results/checkpoints/causal_eps30_adam20k/best.pt
Saved PyTorch checkpoint to results/checkpoints/causal_eps30_adam20k/best.pt
Saved PyTorch checkpoint to results/checkpoints/causal_eps30_adam20k/best.pt
Saved PyTorch checkpoint to results/checkpoints/causal_eps30_adam20k/best.pt
Saved PyTorch checkpoint to results/checkpoints/causal_eps30_adam20k/best.pt
Saved PyTorch checkpoint to results/checkpoints/causal_eps30_adam20k/best.pt
Saved PyTorch checkpoint to results/checkpoints/causal_eps30_adam20k/best.pt
Saved PyTorch checkpoint to results/checkpoints/causal_eps30_adam20k/best.pt
Saved PyTorch checkpoint to results/checkpoints/causal_eps30_adam20k/best.pt
Saved PyTorch checkpoint to results/checkpoints/causal_eps30_adam20k/best.pt
Saved PyTorch checkpoint to results/checkpoints/causal_eps30_adam20k/best.pt
Saved PyTorch checkpoint to results/checkpoints/causal_eps30_adam20k/best.pt
Saved PyTorch checkpoint to results/checkpoints/causal_eps30_adam20k/best.pt
Saved PyTorch checkpoint to results/checkpoints/causal_eps30_adam20k/best.pt
Saved PyTorch checkpoint to results/checkpoints/causal_eps30_adam20k/best.pt
Saved PyTorch checkpoint to results/checkpoints/causal_eps30_adam20k/best.pt
Saved PyTorch checkpoint to results/checkpoints/causal_eps30_adam20k/best.pt
Saved PyTorch checkpoint to results/checkpoints/causal_eps30_adam20k/best.pt
Saved PyTorch checkpoint to results/checkpoints/causal_eps30_adam20k/best.pt
Saved PyTorch checkpoint to results/checkpoints/causal_eps30_adam20k/best.pt
Saved PyTorch checkpoint to results/checkpoints/causal_eps30_adam20k/best.pt
Saved PyTorch checkpoint to results/checkpoints/causal_eps30_adam20k/best.pt
Saved PyTorch checkpoint to results/checkpoints/causal_eps30_adam20k/best.pt
Saved PyTorch checkpoint to results/checkpoints/causal_eps30_adam20k/best.pt
Saved PyTorch checkpoint to results/checkpoints/causal_eps30_adam20k/best.pt
Saved PyTorch checkpoint to results/checkpoints/causal_eps30_adam20k/best.pt
Saved PyTorch checkpoint to results/checkpoints/causal_eps30_adam20k/best.pt
Saved PyTorch checkpoint to results/checkpoints/causal_eps30_adam20k/best.pt
Saved PyTorch checkpoint to results/checkpoints/causal_eps30_adam20k/best.pt
Saved PyTorch checkpoint to results/checkpoints/causal_eps30_adam20k/best.pt
Saved PyTorch checkpoint to results/checkpoints/causal_eps30_adam20k/best.pt
Saved PyTorch checkpoint to results/checkpoints/causal_eps30_adam20k/best.pt
Saved PyTorch checkpoint to results/checkpoints/causal_eps30_adam20k/best.pt
Saved PyTorch checkpoint to results/checkpoints/causal_eps30_adam20k/best.pt
Saved PyTorch checkpoint to results/checkpoints/causal_eps30_adam20k/best.pt
Saved PyTorch checkpoint to results/checkpoints/causal_eps30_adam20k/best.pt
Saved PyTorch checkpoint to results/checkpoints/causal_eps30_adam20k/best.pt
Saved PyTorch checkpoint to results/checkpoints/causal_eps30_adam20k/best.pt
Saved PyTorch checkpoint to results/checkpoints/causal_eps30_adam20k/best.pt
Saved PyTorch checkpoint to results/checkpoints/causal_eps30_adam20k/best.pt
Saved PyTorch checkpoint to results/checkpoints/causal_eps30_adam20k/best.pt
Saved PyTorch checkpoint to results/checkpoints/causal_eps30_adam20k/best.pt
Saved PyTorch checkpoint to results/checkpoints/causal_eps30_adam20k/best.pt
Saved PyTorch checkpoint to results/checkpoints/causal_eps30_adam20k/best.pt
Saved PyTorch checkpoint to results/checkpoints/causal_eps30_adam20k/best.pt
Saved PyTorch checkpoint to results/checkpoints/causal_eps30_adam20k/best.pt
Saved PyTorch checkpoint to results/checkpoints/causal_eps30_adam20k/best.pt
Saved PyTorch checkpoint to results/checkpoints/causal_eps30_adam20k/best.pt
Saved PyTorch checkpoint to results/checkpoints/causal_eps30_adam20k/best.pt
Saved PyTorch checkpoint to results/checkpoints/causal_eps30_adam20k/best.pt
Saved PyTorch checkpoint to results/checkpoints/causal_eps30_adam20k/best.pt
Saved PyTorch checkpoint to results/checkpoints/causal_eps30_adam20k/best.pt
Saved PyTorch checkpoint to results/checkpoints/causal_eps30_adam20k/best.pt
Saved PyTorch checkpoint to results/checkpoints/causal_eps30_adam20k/best.pt
Adam 800/20000 | total=1.751e-01 true=1.899e-01 f=2.338e-02 ic=6.154e-04 wall=1.622e-02 inlet=1.399e-02 outlet=8.219e-05 | min_w=3.697e-01 unlocked=10/32 | best=1.903e-01@798 stale=1 | lr=1.00e-03 | 5.3 it/s ETA 1h00m22s
Saved PyTorch checkpoint to results/checkpoints/causal_eps30_adam20k/best.pt
Saved PyTorch checkpoint to results/checkpoints/causal_eps30_adam20k/best.pt
Saved PyTorch checkpoint to results/checkpoints/causal_eps30_adam20k/best.pt
Saved PyTorch checkpoint to results/checkpoints/causal_eps30_adam20k/best.pt
Saved PyTorch checkpoint to results/checkpoints/causal_eps30_adam20k/best.pt
Saved PyTorch checkpoint to results/checkpoints/causal_eps30_adam20k/best.pt
Saved PyTorch checkpoint to results/checkpoints/causal_eps30_adam20k/best.pt
Saved PyTorch checkpoint to results/checkpoints/causal_eps30_adam20k/best.pt
Saved PyTorch checkpoint to results/checkpoints/causal_eps30_adam20k/best.pt
Saved PyTorch checkpoint to results/checkpoints/causal_eps30_adam20k/best.pt
Saved PyTorch checkpoint to results/checkpoints/causal_eps30_adam20k/best.pt
Saved PyTorch checkpoint to results/checkpoints/causal_eps30_adam20k/best.pt
Saved PyTorch checkpoint to results/checkpoints/causal_eps30_adam20k/best.pt
Saved PyTorch checkpoint to results/checkpoints/causal_eps30_adam20k/best.pt
Saved PyTorch checkpoint to results/checkpoints/causal_eps30_adam20k/best.pt
Saved PyTorch checkpoint to results/checkpoints/causal_eps30_adam20k/best.pt
Saved PyTorch checkpoint to results/checkpoints/causal_eps30_adam20k/best.pt
Saved PyTorch checkpoint to results/checkpoints/causal_eps30_adam20k/best.pt
Saved PyTorch checkpoint to results/checkpoints/causal_eps30_adam20k/best.pt
Saved PyTorch checkpoint to results/checkpoints/causal_eps30_adam20k/best.pt
Saved PyTorch checkpoint to results/checkpoints/causal_eps30_adam20k/best.pt
Saved PyTorch checkpoint to results/checkpoints/causal_eps30_adam20k/best.pt
Saved PyTorch checkpoint to results/checkpoints/causal_eps30_adam20k/best.pt
Saved PyTorch checkpoint to results/checkpoints/causal_eps30_adam20k/best.pt
Saved PyTorch checkpoint to results/checkpoints/causal_eps30_adam20k/best.pt
Saved PyTorch checkpoint to results/checkpoints/causal_eps30_adam20k/best.pt
Saved PyTorch checkpoint to results/checkpoints/causal_eps30_adam20k/best.pt
Saved PyTorch checkpoint to results/checkpoints/causal_eps30_adam20k/best.pt
Saved PyTorch checkpoint to results/checkpoints/causal_eps30_adam20k/best.pt
Saved PyTorch checkpoint to results/checkpoints/causal_eps30_adam20k/best.pt
Saved PyTorch checkpoint to results/checkpoints/causal_eps30_adam20k/best.pt
Saved PyTorch checkpoint to results/checkpoints/causal_eps30_adam20k/best.pt
Saved PyTorch checkpoint to results/checkpoints/causal_eps30_adam20k/best.pt
Saved PyTorch checkpoint to results/checkpoints/causal_eps30_adam20k/best.pt
Saved PyTorch checkpoint to results/checkpoints/causal_eps30_adam20k/best.pt
Saved PyTorch checkpoint to results/checkpoints/causal_eps30_adam20k/best.pt
Saved PyTorch checkpoint to results/checkpoints/causal_eps30_adam20k/best.pt
Saved PyTorch checkpoint to results/checkpoints/causal_eps30_adam20k/best.pt
Saved PyTorch checkpoint to results/checkpoints/causal_eps30_adam20k/best.pt
Saved PyTorch checkpoint to results/checkpoints/causal_eps30_adam20k/best.pt
Adam 1000/20000 | total=1.344e-01 true=1.571e-01 f=2.673e-02 ic=9.803e-04 wall=1.312e-02 inlet=8.206e-03 outlet=5.669e-05 | min_w=2.776e-01 unlocked=10/32 | best=1.571e-01@994 stale=5 | lr=1.00e-03 | 5.3 it/s ETA 59m21s
Saved PyTorch checkpoint to results/checkpoints/causal_eps30_adam20k/best.pt
Saved PyTorch checkpoint to results/checkpoints/causal_eps30_adam20k/best.pt
Saved PyTorch checkpoint to results/checkpoints/causal_eps30_adam20k/best.pt
Saved PyTorch checkpoint to results/checkpoints/causal_eps30_adam20k/best.pt
Saved PyTorch checkpoint to results/checkpoints/causal_eps30_adam20k/best.pt
Saved PyTorch checkpoint to results/checkpoints/causal_eps30_adam20k/best.pt
Saved PyTorch checkpoint to results/checkpoints/causal_eps30_adam20k/best.pt
Saved PyTorch checkpoint to results/checkpoints/causal_eps30_adam20k/best.pt
Saved PyTorch checkpoint to results/checkpoints/causal_eps30_adam20k/best.pt
Saved PyTorch checkpoint to results/checkpoints/causal_eps30_adam20k/best.pt
Saved PyTorch checkpoint to results/checkpoints/causal_eps30_adam20k/best.pt
Saved PyTorch checkpoint to results/checkpoints/causal_eps30_adam20k/best.pt
Saved PyTorch checkpoint to results/checkpoints/causal_eps30_adam20k/best.pt
Saved PyTorch checkpoint to results/checkpoints/causal_eps30_adam20k/best.pt
Saved PyTorch checkpoint to results/checkpoints/causal_eps30_adam20k/best.pt
Saved PyTorch checkpoint to results/checkpoints/causal_eps30_adam20k/best.pt
Saved PyTorch checkpoint to results/checkpoints/causal_eps30_adam20k/best.pt
Saved PyTorch checkpoint to results/checkpoints/causal_eps30_adam20k/best.pt
Saved PyTorch checkpoint to results/checkpoints/causal_eps30_adam20k/best.pt
Saved PyTorch checkpoint to results/checkpoints/causal_eps30_adam20k/best.pt
Saved PyTorch checkpoint to results/checkpoints/causal_eps30_adam20k/best.pt
Saved PyTorch checkpoint to results/checkpoints/causal_eps30_adam20k/best.pt
Saved PyTorch checkpoint to results/checkpoints/causal_eps30_adam20k/best.pt
Saved PyTorch checkpoint to results/checkpoints/causal_eps30_adam20k/best.pt
Saved PyTorch checkpoint to results/checkpoints/causal_eps30_adam20k/best.pt
Saved PyTorch checkpoint to results/checkpoints/causal_eps30_adam20k/best.pt
Saved PyTorch checkpoint to results/checkpoints/causal_eps30_adam20k/best.pt
Saved PyTorch checkpoint to results/checkpoints/causal_eps30_adam20k/best.pt
Saved PyTorch checkpoint to results/checkpoints/causal_eps30_adam20k/best.pt
Saved PyTorch checkpoint to results/checkpoints/causal_eps30_adam20k/best.pt
Saved PyTorch checkpoint to results/checkpoints/causal_eps30_adam20k/best.pt
Adam 1200/20000 | total=1.250e-01 true=1.514e-01 f=2.790e-02 ic=1.480e-03 wall=1.375e-02 inlet=5.361e-03 outlet=3.612e-05 | min_w=2.441e-01 unlocked=10/32 | best=1.363e-01@1176 stale=23 | lr=1.00e-03 | 5.4 it/s ETA 58m17s
Saved PyTorch checkpoint to results/checkpoints/causal_eps30_adam20k/best.pt
Saved PyTorch checkpoint to results/checkpoints/causal_eps30_adam20k/best.pt
Saved PyTorch checkpoint to results/checkpoints/causal_eps30_adam20k/best.pt
Saved PyTorch checkpoint to results/checkpoints/causal_eps30_adam20k/best.pt
Saved PyTorch checkpoint to results/checkpoints/causal_eps30_adam20k/best.pt
Saved PyTorch checkpoint to results/checkpoints/causal_eps30_adam20k/best.pt
Saved PyTorch checkpoint to results/checkpoints/causal_eps30_adam20k/best.pt
Saved PyTorch checkpoint to results/checkpoints/causal_eps30_adam20k/best.pt
Saved PyTorch checkpoint to results/checkpoints/causal_eps30_adam20k/best.pt
Saved PyTorch checkpoint to results/checkpoints/causal_eps30_adam20k/best.pt
Saved PyTorch checkpoint to results/checkpoints/causal_eps30_adam20k/best.pt
Saved PyTorch checkpoint to results/checkpoints/causal_eps30_adam20k/best.pt
Saved PyTorch checkpoint to results/checkpoints/causal_eps30_adam20k/best.pt
Saved PyTorch checkpoint to results/checkpoints/causal_eps30_adam20k/best.pt
Saved PyTorch checkpoint to results/checkpoints/causal_eps30_adam20k/best.pt
Saved PyTorch checkpoint to results/checkpoints/causal_eps30_adam20k/best.pt
Saved PyTorch checkpoint to results/checkpoints/causal_eps30_adam20k/best.pt
Adam 1400/20000 | total=1.119e-01 true=1.302e-01 f=2.520e-02 ic=1.006e-03 wall=1.080e-02 inlet=6.332e-03 outlet=3.698e-05 | min_w=3.290e-01 unlocked=11/32 | best=1.193e-01@1390 stale=9 | lr=1.00e-03 | 5.4 it/s ETA 57m22s
Saved PyTorch checkpoint to results/checkpoints/causal_eps30_adam20k/best.pt
Saved PyTorch checkpoint to results/checkpoints/causal_eps30_adam20k/best.pt
Saved PyTorch checkpoint to results/checkpoints/causal_eps30_adam20k/best.pt
Saved PyTorch checkpoint to results/checkpoints/causal_eps30_adam20k/best.pt
Saved PyTorch checkpoint to results/checkpoints/causal_eps30_adam20k/best.pt
Saved PyTorch checkpoint to results/checkpoints/causal_eps30_adam20k/best.pt
Saved PyTorch checkpoint to results/checkpoints/causal_eps30_adam20k/best.pt
Saved PyTorch checkpoint to results/checkpoints/causal_eps30_adam20k/best.pt
Saved PyTorch checkpoint to results/checkpoints/causal_eps30_adam20k/best.pt
Saved PyTorch checkpoint to results/checkpoints/causal_eps30_adam20k/best.pt
Saved PyTorch checkpoint to results/checkpoints/causal_eps30_adam20k/best.pt
Saved PyTorch checkpoint to results/checkpoints/causal_eps30_adam20k/best.pt
Saved PyTorch checkpoint to results/checkpoints/causal_eps30_adam20k/best.pt
Saved PyTorch checkpoint to results/checkpoints/causal_eps30_adam20k/best.pt
Saved PyTorch checkpoint to results/checkpoints/causal_eps30_adam20k/best.pt
Saved PyTorch checkpoint to results/checkpoints/causal_eps30_adam20k/best.pt
Saved PyTorch checkpoint to results/checkpoints/causal_eps30_adam20k/best.pt
Adam 1600/20000 | total=1.120e-01 true=1.275e-01 f=2.377e-02 ic=1.017e-03 wall=1.103e-02 inlet=6.403e-03 outlet=1.989e-05 | min_w=3.596e-01 unlocked=11/32 | best=1.059e-01@1586 stale=13 | lr=1.00e-03 | 5.4 it/s ETA 56m32s
Saved PyTorch checkpoint to results/checkpoints/causal_eps30_adam20k/best.pt
Saved PyTorch checkpoint to results/checkpoints/causal_eps30_adam20k/best.pt
Saved PyTorch checkpoint to results/checkpoints/causal_eps30_adam20k/best.pt
Saved PyTorch checkpoint to results/checkpoints/causal_eps30_adam20k/best.pt
Saved PyTorch checkpoint to results/checkpoints/causal_eps30_adam20k/best.pt
Saved PyTorch checkpoint to results/checkpoints/causal_eps30_adam20k/best.pt
Saved PyTorch checkpoint to results/checkpoints/causal_eps30_adam20k/best.pt
Saved PyTorch checkpoint to results/checkpoints/causal_eps30_adam20k/best.pt
Saved PyTorch checkpoint to results/checkpoints/causal_eps30_adam20k/best.pt
Saved PyTorch checkpoint to results/checkpoints/causal_eps30_adam20k/best.pt
Saved PyTorch checkpoint to results/checkpoints/causal_eps30_adam20k/best.pt
Saved PyTorch checkpoint to results/checkpoints/causal_eps30_adam20k/best.pt
Adam 1800/20000 | total=8.886e-02 true=9.672e-02 f=1.887e-02 ic=6.071e-04 wall=9.697e-03 inlet=4.173e-03 outlet=2.727e-05 | min_w=5.112e-01 unlocked=15/32 | best=9.687e-02@1799 stale=0 | lr=1.00e-03 | 5.4 it/s ETA 55m47s
Saved PyTorch checkpoint to results/checkpoints/causal_eps30_adam20k/best.pt
Saved PyTorch checkpoint to results/checkpoints/causal_eps30_adam20k/best.pt
Saved PyTorch checkpoint to results/checkpoints/causal_eps30_adam20k/best.pt
Saved PyTorch checkpoint to results/checkpoints/causal_eps30_adam20k/best.pt
Saved PyTorch checkpoint to results/checkpoints/causal_eps30_adam20k/best.pt
Saved PyTorch checkpoint to results/checkpoints/causal_eps30_adam20k/best.pt
Saved PyTorch checkpoint to results/checkpoints/causal_eps30_adam20k/best.pt
Saved PyTorch checkpoint to results/checkpoints/causal_eps30_adam20k/best.pt
Saved PyTorch checkpoint to results/checkpoints/causal_eps30_adam20k/best.pt
Saved PyTorch checkpoint to results/checkpoints/causal_eps30_adam20k/best.pt
Saved PyTorch checkpoint to results/checkpoints/causal_eps30_adam20k/best.pt
Saved PyTorch checkpoint to results/checkpoints/causal_eps30_adam20k/best.pt
Saved PyTorch checkpoint to results/checkpoints/causal_eps30_adam20k/best.pt
Saved PyTorch checkpoint to results/checkpoints/causal_eps30_adam20k/best.pt
Adam 2000/20000 | total=1.034e-01 true=1.157e-01 f=2.211e-02 ic=1.299e-03 wall=1.317e-02 inlet=2.814e-03 outlet=3.150e-05 | min_w=4.058e-01 unlocked=15/32 | best=9.145e-02@1928 stale=71 | lr=1.00e-03 | 5.4 it/s ETA 55m03s
Saved PyTorch checkpoint to results/checkpoints/causal_eps30_adam20k/best.pt
Saved PyTorch checkpoint to results/checkpoints/causal_eps30_adam20k/best.pt
Saved PyTorch checkpoint to results/checkpoints/causal_eps30_adam20k/best.pt
Saved PyTorch checkpoint to results/checkpoints/causal_eps30_adam20k/best.pt
Saved PyTorch checkpoint to results/checkpoints/causal_eps30_adam20k/best.pt
Saved PyTorch checkpoint to results/checkpoints/causal_eps30_adam20k/best.pt
Saved PyTorch checkpoint to results/checkpoints/causal_eps30_adam20k/best.pt
Saved PyTorch checkpoint to results/checkpoints/causal_eps30_adam20k/best.pt
Saved PyTorch checkpoint to results/checkpoints/causal_eps30_adam20k/best.pt
Saved PyTorch checkpoint to results/checkpoints/causal_eps30_adam20k/best.pt
Saved PyTorch checkpoint to results/checkpoints/causal_eps30_adam20k/best.pt
Saved PyTorch checkpoint to results/checkpoints/causal_eps30_adam20k/best.pt
Saved PyTorch checkpoint to results/checkpoints/causal_eps30_adam20k/best.pt
Saved PyTorch checkpoint to results/checkpoints/causal_eps30_adam20k/best.pt
Saved PyTorch checkpoint to results/checkpoints/causal_eps30_adam20k/best.pt
Saved PyTorch checkpoint to results/checkpoints/causal_eps30_adam20k/best.pt
Saved PyTorch checkpoint to results/checkpoints/causal_eps30_adam20k/best.pt
Saved PyTorch checkpoint to results/checkpoints/causal_eps30_adam20k/best.pt
Saved PyTorch checkpoint to results/checkpoints/causal_eps30_adam20k/best.pt
Saved PyTorch checkpoint to results/checkpoints/causal_eps30_adam20k/best.pt
Saved PyTorch checkpoint to results/checkpoints/causal_eps30_adam20k/best.pt
Saved PyTorch checkpoint to results/checkpoints/causal_eps30_adam20k/best.pt
Saved PyTorch checkpoint to results/checkpoints/causal_eps30_adam20k/best.pt
Adam 2200/20000 | total=7.832e-02 true=8.387e-02 f=1.641e-02 ic=6.396e-04 wall=8.870e-03 inlet=3.376e-03 outlet=3.334e-05 | min_w=5.744e-01 unlocked=15/32 | best=8.289e-02@2198 stale=1 | lr=1.00e-03 | 5.4 it/s ETA 54m30s
Saved PyTorch checkpoint to results/checkpoints/causal_eps30_adam20k/best.pt
Saved PyTorch checkpoint to results/checkpoints/causal_eps30_adam20k/best.pt
Saved PyTorch checkpoint to results/checkpoints/causal_eps30_adam20k/best.pt
Saved PyTorch checkpoint to results/checkpoints/causal_eps30_adam20k/best.pt
Saved PyTorch checkpoint to results/checkpoints/causal_eps30_adam20k/best.pt
Saved PyTorch checkpoint to results/checkpoints/causal_eps30_adam20k/best.pt
Saved PyTorch checkpoint to results/checkpoints/causal_eps30_adam20k/best.pt
Saved PyTorch checkpoint to results/checkpoints/causal_eps30_adam20k/best.pt
Saved PyTorch checkpoint to results/checkpoints/causal_eps30_adam20k/best.pt
Adam 2400/20000 | total=8.395e-02 true=9.048e-02 f=1.745e-02 ic=7.682e-04 wall=7.080e-03 inlet=6.059e-03 outlet=3.591e-05 | min_w=5.463e-01 unlocked=13/32 | best=7.691e-02@2380 stale=19 | lr=1.00e-03 | 5.5 it/s ETA 53m48s
Saved PyTorch checkpoint to results/checkpoints/causal_eps30_adam20k/best.pt
Saved PyTorch checkpoint to results/checkpoints/causal_eps30_adam20k/best.pt
Saved PyTorch checkpoint to results/checkpoints/causal_eps30_adam20k/best.pt
Saved PyTorch checkpoint to results/checkpoints/causal_eps30_adam20k/best.pt
Saved PyTorch checkpoint to results/checkpoints/causal_eps30_adam20k/best.pt
Saved PyTorch checkpoint to results/checkpoints/causal_eps30_adam20k/best.pt
Saved PyTorch checkpoint to results/checkpoints/causal_eps30_adam20k/best.pt
Saved PyTorch checkpoint to results/checkpoints/causal_eps30_adam20k/best.pt
Saved PyTorch checkpoint to results/checkpoints/causal_eps30_adam20k/best.pt
Saved PyTorch checkpoint to results/checkpoints/causal_eps30_adam20k/best.pt
Saved PyTorch checkpoint to results/checkpoints/causal_eps30_adam20k/best.pt
Saved PyTorch checkpoint to results/checkpoints/causal_eps30_adam20k/best.pt
Saved PyTorch checkpoint to results/checkpoints/causal_eps30_adam20k/best.pt
Saved PyTorch checkpoint to results/checkpoints/causal_eps30_adam20k/best.pt
Saved PyTorch checkpoint to results/checkpoints/causal_eps30_adam20k/best.pt
Saved PyTorch checkpoint to results/checkpoints/causal_eps30_adam20k/best.pt
Saved PyTorch checkpoint to results/checkpoints/causal_eps30_adam20k/best.pt
Adam 2600/20000 | total=7.586e-02 true=8.175e-02 f=1.668e-02 ic=8.621e-04 wall=9.120e-03 inlet=2.538e-03 outlet=3.488e-05 | min_w=5.546e-01 unlocked=14/32 | best=7.011e-02@2584 stale=15 | lr=1.00e-03 | 5.5 it/s ETA 53m10s
Saved PyTorch checkpoint to results/checkpoints/causal_eps30_adam20k/best.pt
Saved PyTorch checkpoint to results/checkpoints/causal_eps30_adam20k/best.pt
Saved PyTorch checkpoint to results/checkpoints/causal_eps30_adam20k/best.pt
Saved PyTorch checkpoint to results/checkpoints/causal_eps30_adam20k/best.pt
Saved PyTorch checkpoint to results/checkpoints/causal_eps30_adam20k/best.pt
Saved PyTorch checkpoint to results/checkpoints/causal_eps30_adam20k/best.pt
Saved PyTorch checkpoint to results/checkpoints/causal_eps30_adam20k/best.pt
Saved PyTorch checkpoint to results/checkpoints/causal_eps30_adam20k/best.pt
Saved PyTorch checkpoint to results/checkpoints/causal_eps30_adam20k/best.pt
Saved PyTorch checkpoint to results/checkpoints/causal_eps30_adam20k/best.pt
Saved PyTorch checkpoint to results/checkpoints/causal_eps30_adam20k/best.pt
Saved PyTorch checkpoint to results/checkpoints/causal_eps30_adam20k/best.pt
Saved PyTorch checkpoint to results/checkpoints/causal_eps30_adam20k/best.pt
Saved PyTorch checkpoint to results/checkpoints/causal_eps30_adam20k/best.pt
Saved PyTorch checkpoint to results/checkpoints/causal_eps30_adam20k/best.pt
Saved PyTorch checkpoint to results/checkpoints/causal_eps30_adam20k/best.pt
Adam 2800/20000 | total=6.112e-02 true=6.469e-02 f=1.360e-02 ic=6.783e-04 wall=6.876e-03 inlet=2.485e-03 outlet=3.559e-05 | min_w=6.452e-01 unlocked=14/32 | best=6.354e-02@2797 stale=2 | lr=1.00e-03 | 5.5 it/s ETA 52m26s
Saved PyTorch checkpoint to results/checkpoints/causal_eps30_adam20k/best.pt
Saved PyTorch checkpoint to results/checkpoints/causal_eps30_adam20k/best.pt
Saved PyTorch checkpoint to results/checkpoints/causal_eps30_adam20k/best.pt
Saved PyTorch checkpoint to results/checkpoints/causal_eps30_adam20k/best.pt
Saved PyTorch checkpoint to results/checkpoints/causal_eps30_adam20k/best.pt
Saved PyTorch checkpoint to results/checkpoints/causal_eps30_adam20k/best.pt
Saved PyTorch checkpoint to results/checkpoints/causal_eps30_adam20k/best.pt
Saved PyTorch checkpoint to results/checkpoints/causal_eps30_adam20k/best.pt
Saved PyTorch checkpoint to results/checkpoints/causal_eps30_adam20k/best.pt
Saved PyTorch checkpoint to results/checkpoints/causal_eps30_adam20k/best.pt
Adam 3000/20000 | total=5.963e-02 true=6.437e-02 f=1.526e-02 ic=7.923e-04 wall=6.504e-03 inlet=2.204e-03 outlet=3.564e-05 | min_w=5.934e-01 unlocked=13/32 | best=6.061e-02@2956 stale=43 | lr=1.00e-03 | 5.5 it/s ETA 51m45s
Saved PyTorch checkpoint to results/checkpoints/causal_eps30_adam20k/best.pt
Saved PyTorch checkpoint to results/checkpoints/causal_eps30_adam20k/best.pt
Saved PyTorch checkpoint to results/checkpoints/causal_eps30_adam20k/best.pt
Saved PyTorch checkpoint to results/checkpoints/causal_eps30_adam20k/best.pt
Saved PyTorch checkpoint to results/checkpoints/causal_eps30_adam20k/best.pt
Saved PyTorch checkpoint to results/checkpoints/causal_eps30_adam20k/best.pt
Saved PyTorch checkpoint to results/checkpoints/causal_eps30_adam20k/best.pt
Saved PyTorch checkpoint to results/checkpoints/causal_eps30_adam20k/best.pt
Saved PyTorch checkpoint to results/checkpoints/causal_eps30_adam20k/best.pt
Saved PyTorch checkpoint to results/checkpoints/causal_eps30_adam20k/best.pt
Saved PyTorch checkpoint to results/checkpoints/causal_eps30_adam20k/best.pt
Saved PyTorch checkpoint to results/checkpoints/causal_eps30_adam20k/best.pt
Saved PyTorch checkpoint to results/checkpoints/causal_eps30_adam20k/best.pt
Saved PyTorch checkpoint to results/checkpoints/causal_eps30_adam20k/best.pt
Saved PyTorch checkpoint to results/checkpoints/causal_eps30_adam20k/best.pt
Saved PyTorch checkpoint to results/checkpoints/causal_eps30_adam20k/best.pt
Saved PyTorch checkpoint to results/checkpoints/causal_eps30_adam20k/best.pt
Saved PyTorch checkpoint to results/checkpoints/causal_eps30_adam20k/best.pt
Adam 3200/20000 | total=5.315e-02 true=5.689e-02 f=1.383e-02 ic=7.111e-04 wall=5.181e-03 inlet=2.533e-03 outlet=4.028e-05 | min_w=6.358e-01 unlocked=13/32 | best=5.432e-02@3176 stale=23 | lr=1.00e-03 | 5.5 it/s ETA 51m06s
Saved PyTorch checkpoint to results/checkpoints/causal_eps30_adam20k/best.pt
Saved PyTorch checkpoint to results/checkpoints/causal_eps30_adam20k/best.pt
Saved PyTorch checkpoint to results/checkpoints/causal_eps30_adam20k/best.pt
Saved PyTorch checkpoint to results/checkpoints/causal_eps30_adam20k/best.pt
Saved PyTorch checkpoint to results/checkpoints/causal_eps30_adam20k/best.pt
Saved PyTorch checkpoint to results/checkpoints/causal_eps30_adam20k/best.pt
Saved PyTorch checkpoint to results/checkpoints/causal_eps30_adam20k/best.pt
Saved PyTorch checkpoint to results/checkpoints/causal_eps30_adam20k/best.pt
Saved PyTorch checkpoint to results/checkpoints/causal_eps30_adam20k/best.pt
Saved PyTorch checkpoint to results/checkpoints/causal_eps30_adam20k/best.pt
Saved PyTorch checkpoint to results/checkpoints/causal_eps30_adam20k/best.pt
Saved PyTorch checkpoint to results/checkpoints/causal_eps30_adam20k/best.pt
Saved PyTorch checkpoint to results/checkpoints/causal_eps30_adam20k/best.pt
Saved PyTorch checkpoint to results/checkpoints/causal_eps30_adam20k/best.pt
Adam 3400/20000 | total=5.450e-02 true=5.948e-02 f=1.556e-02 ic=8.772e-04 wall=4.678e-03 inlet=2.927e-03 outlet=4.158e-05 | min_w=5.863e-01 unlocked=13/32 | best=5.178e-02@3349 stale=50 | lr=1.00e-03 | 5.5 it/s ETA 50m29s
Saved PyTorch checkpoint to results/checkpoints/causal_eps30_adam20k/best.pt
Saved PyTorch checkpoint to results/checkpoints/causal_eps30_adam20k/best.pt
Saved PyTorch checkpoint to results/checkpoints/causal_eps30_adam20k/best.pt
Saved PyTorch checkpoint to results/checkpoints/causal_eps30_adam20k/best.pt
Saved PyTorch checkpoint to results/checkpoints/causal_eps30_adam20k/best.pt
Saved PyTorch checkpoint to results/checkpoints/causal_eps30_adam20k/best.pt
Saved PyTorch checkpoint to results/checkpoints/causal_eps30_adam20k/best.pt
Saved PyTorch checkpoint to results/checkpoints/causal_eps30_adam20k/best.pt
Saved PyTorch checkpoint to results/checkpoints/causal_eps30_adam20k/best.pt
Saved PyTorch checkpoint to results/checkpoints/causal_eps30_adam20k/best.pt
Saved PyTorch checkpoint to results/checkpoints/causal_eps30_adam20k/best.pt
Saved PyTorch checkpoint to results/checkpoints/causal_eps30_adam20k/best.pt
Adam 3600/20000 | total=4.496e-02 true=4.904e-02 f=1.430e-02 ic=8.968e-04 wall=4.585e-03 inlet=1.357e-03 outlet=5.465e-05 | min_w=6.157e-01 unlocked=12/32 | best=4.812e-02@3581 stale=18 | lr=1.00e-03 | 5.5 it/s ETA 49m49s
Saved PyTorch checkpoint to results/checkpoints/causal_eps30_adam20k/best.pt
Saved PyTorch checkpoint to results/checkpoints/causal_eps30_adam20k/best.pt
Saved PyTorch checkpoint to results/checkpoints/causal_eps30_adam20k/best.pt
Saved PyTorch checkpoint to results/checkpoints/causal_eps30_adam20k/best.pt
Saved PyTorch checkpoint to results/checkpoints/causal_eps30_adam20k/best.pt
Adam 3800/20000 | total=4.721e-02 true=5.216e-02 f=1.546e-02 ic=1.069e-03 wall=5.047e-03 inlet=1.078e-03 outlet=5.806e-05 | min_w=5.763e-01 unlocked=12/32 | best=4.610e-02@3684 stale=115 | lr=1.00e-03 | 5.5 it/s ETA 49m08s
Saved PyTorch checkpoint to results/checkpoints/causal_eps30_adam20k/best.pt
Saved PyTorch checkpoint to results/checkpoints/causal_eps30_adam20k/best.pt
Saved PyTorch checkpoint to results/checkpoints/causal_eps30_adam20k/best.pt
Saved PyTorch checkpoint to results/checkpoints/causal_eps30_adam20k/best.pt
Adam 4000/20000 | total=4.192e-02 true=4.630e-02 f=1.471e-02 ic=8.768e-04 wall=3.610e-03 inlet=1.649e-03 outlet=4.189e-05 | min_w=6.045e-01 unlocked=11/32 | best=4.500e-02@3903 stale=96 | lr=1.00e-03 | 5.5 it/s ETA 48m27s
Saved PyTorch checkpoint to results/checkpoints/causal_eps30_adam20k/best.pt
Saved PyTorch checkpoint to results/checkpoints/causal_eps30_adam20k/best.pt
Saved PyTorch checkpoint to results/checkpoints/causal_eps30_adam20k/best.pt
Adam 4200/20000 | total=4.391e-02 true=4.887e-02 f=1.551e-02 ic=9.246e-04 wall=3.152e-03 inlet=2.336e-03 outlet=4.086e-05 | min_w=5.870e-01 unlocked=12/32 | best=4.399e-02@4059 stale=140 | lr=1.00e-03 | 5.5 it/s ETA 47m48s
Saved PyTorch checkpoint to results/checkpoints/causal_eps30_adam20k/best.pt
Saved PyTorch checkpoint to results/checkpoints/causal_eps30_adam20k/best.pt
Saved PyTorch checkpoint to results/checkpoints/causal_eps30_adam20k/best.pt
Saved PyTorch checkpoint to results/checkpoints/causal_eps30_adam20k/best.pt
Saved PyTorch checkpoint to results/checkpoints/causal_eps30_adam20k/best.pt
Saved PyTorch checkpoint to results/checkpoints/causal_eps30_adam20k/best.pt
Saved PyTorch checkpoint to results/checkpoints/causal_eps30_adam20k/best.pt
Saved PyTorch checkpoint to results/checkpoints/causal_eps30_adam20k/best.pt
Saved PyTorch checkpoint to results/checkpoints/causal_eps30_adam20k/best.pt
Saved PyTorch checkpoint to results/checkpoints/causal_eps30_adam20k/best.pt
Saved PyTorch checkpoint to results/checkpoints/causal_eps30_adam20k/best.pt
Saved PyTorch checkpoint to results/checkpoints/causal_eps30_adam20k/best.pt
Saved PyTorch checkpoint to results/checkpoints/causal_eps30_adam20k/best.pt
Adam 4400/20000 | total=3.666e-02 true=4.016e-02 f=1.338e-02 ic=9.605e-04 wall=3.402e-03 inlet=1.049e-03 outlet=6.502e-05 | min_w=6.380e-01 unlocked=13/32 | best=3.972e-02@4310 stale=89 | lr=1.00e-03 | 5.5 it/s ETA 47m10s
Saved PyTorch checkpoint to results/checkpoints/causal_eps30_adam20k/best.pt
Saved PyTorch checkpoint to results/checkpoints/causal_eps30_adam20k/best.pt
Saved PyTorch checkpoint to results/checkpoints/causal_eps30_adam20k/best.pt
Saved PyTorch checkpoint to results/checkpoints/causal_eps30_adam20k/best.pt
Adam 4600/20000 | total=3.715e-02 true=4.132e-02 f=1.441e-02 ic=9.311e-04 wall=3.236e-03 inlet=1.114e-03 outlet=5.449e-05 | min_w=6.067e-01 unlocked=13/32 | best=3.847e-02@4414 stale=185 | lr=1.00e-03 | 5.5 it/s ETA 46m30s
Saved PyTorch checkpoint to results/checkpoints/causal_eps30_adam20k/best.pt
Saved PyTorch checkpoint to results/checkpoints/causal_eps30_adam20k/best.pt
Saved PyTorch checkpoint to results/checkpoints/causal_eps30_adam20k/best.pt
Saved PyTorch checkpoint to results/checkpoints/causal_eps30_adam20k/best.pt
Saved PyTorch checkpoint to results/checkpoints/causal_eps30_adam20k/best.pt
Saved PyTorch checkpoint to results/checkpoints/causal_eps30_adam20k/best.pt
Saved PyTorch checkpoint to results/checkpoints/causal_eps30_adam20k/best.pt
Saved PyTorch checkpoint to results/checkpoints/causal_eps30_adam20k/best.pt
Saved PyTorch checkpoint to results/checkpoints/causal_eps30_adam20k/best.pt
Saved PyTorch checkpoint to results/checkpoints/causal_eps30_adam20k/best.pt
Adam 4800/20000 | total=3.585e-02 true=4.032e-02 f=1.483e-02 ic=9.281e-04 wall=3.064e-03 inlet=9.426e-04 outlet=5.432e-05 | min_w=5.944e-01 unlocked=13/32 | best=3.634e-02@4732 stale=67 | lr=1.00e-03 | 5.5 it/s ETA 45m52s
Saved PyTorch checkpoint to results/checkpoints/causal_eps30_adam20k/best.pt
Saved PyTorch checkpoint to results/checkpoints/causal_eps30_adam20k/best.pt
Saved PyTorch checkpoint to results/checkpoints/causal_eps30_adam20k/best.pt
Saved PyTorch checkpoint to results/checkpoints/causal_eps30_adam20k/best.pt
Saved PyTorch checkpoint to results/checkpoints/causal_eps30_adam20k/best.pt
Saved PyTorch checkpoint to results/checkpoints/causal_eps30_adam20k/best.pt
Adam 5000/20000 | total=3.272e-02 true=3.726e-02 f=1.491e-02 ic=7.986e-04 wall=2.499e-03 inlet=8.931e-04 outlet=4.656e-05 | min_w=5.942e-01 unlocked=11/32 | best=3.414e-02@4951 stale=48 | lr=1.00e-03 | 5.5 it/s ETA 45m14s
Saved PyTorch checkpoint to results/checkpoints/causal_eps30_adam20k/best.pt
Saved PyTorch checkpoint to results/checkpoints/causal_eps30_adam20k/best.pt
Saved PyTorch checkpoint to results/checkpoints/causal_eps30_adam20k/best.pt
Saved PyTorch checkpoint to results/checkpoints/causal_eps30_adam20k/best.pt
Adam 5200/20000 | total=3.081e-02 true=3.504e-02 f=1.447e-02 ic=8.483e-04 wall=2.397e-03 inlet=6.921e-04 outlet=5.143e-05 | min_w=6.035e-01 unlocked=12/32 | best=3.152e-02@5110 stale=89 | lr=1.00e-03 | 5.5 it/s ETA 44m36s
Adam 5400/20000 | total=3.465e-02 true=3.929e-02 f=1.508e-02 ic=7.779e-04 wall=1.976e-03 inlet=1.774e-03 outlet=3.737e-05 | min_w=5.950e-01 unlocked=13/32 | best=3.152e-02@5110 stale=289 | lr=1.00e-03 | 5.5 it/s ETA 43m59s
Saved PyTorch checkpoint to results/checkpoints/causal_eps30_adam20k/best.pt
Saved PyTorch checkpoint to results/checkpoints/causal_eps30_adam20k/best.pt
Saved PyTorch checkpoint to results/checkpoints/causal_eps30_adam20k/best.pt
Saved PyTorch checkpoint to results/checkpoints/causal_eps30_adam20k/best.pt
Saved PyTorch checkpoint to results/checkpoints/causal_eps30_adam20k/best.pt
Saved PyTorch checkpoint to results/checkpoints/causal_eps30_adam20k/best.pt
Adam 5600/20000 | total=3.114e-02 true=3.507e-02 f=1.405e-02 ic=7.372e-04 wall=2.004e-03 inlet=1.254e-03 outlet=5.816e-05 | min_w=6.157e-01 unlocked=13/32 | best=2.935e-02@5429 stale=170 | lr=1.00e-03 | 5.5 it/s ETA 43m21s
Saved PyTorch checkpoint to results/checkpoints/causal_eps30_adam20k/best.pt
Saved PyTorch checkpoint to results/checkpoints/causal_eps30_adam20k/best.pt
Saved PyTorch checkpoint to results/checkpoints/causal_eps30_adam20k/best.pt
Adam 5800/20000 | total=2.721e-02 true=3.035e-02 f=1.279e-02 ic=6.857e-04 wall=1.700e-03 inlet=1.039e-03 outlet=4.415e-05 | min_w=6.536e-01 unlocked=13/32 | best=2.899e-02@5765 stale=34 | lr=1.00e-03 | 5.5 it/s ETA 42m42s
Saved PyTorch checkpoint to results/checkpoints/causal_eps30_adam20k/best.pt
Saved PyTorch checkpoint to results/checkpoints/causal_eps30_adam20k/best.pt
Saved PyTorch checkpoint to results/checkpoints/causal_eps30_adam20k/best.pt
Saved PyTorch checkpoint to results/checkpoints/causal_eps30_adam20k/best.pt
Saved PyTorch checkpoint to results/checkpoints/causal_eps30_adam20k/best.pt
Adam 6000/20000 | total=2.472e-02 true=2.727e-02 f=1.169e-02 ic=6.311e-04 wall=1.659e-03 inlet=8.090e-04 outlet=5.779e-05 | min_w=6.821e-01 unlocked=14/32 | best=2.745e-02@5976 stale=23 | lr=1.00e-03 | 5.5 it/s ETA 42m05s
Saved PyTorch checkpoint to results/checkpoints/causal_eps30_adam20k/best.pt
Saved PyTorch checkpoint to results/checkpoints/causal_eps30_adam20k/best.pt
Saved PyTorch checkpoint to results/checkpoints/causal_eps30_adam20k/best.pt
Adam 6200/20000 | total=2.613e-02 true=2.975e-02 f=1.358e-02 ic=6.660e-04 wall=1.794e-03 inlet=5.750e-04 outlet=4.192e-05 | min_w=6.276e-01 unlocked=14/32 | best=2.689e-02@6011 stale=188 | lr=1.00e-03 | 5.5 it/s ETA 41m29s
Saved PyTorch checkpoint to results/checkpoints/causal_eps30_adam20k/best.pt
Saved PyTorch checkpoint to results/checkpoints/causal_eps30_adam20k/best.pt
Saved PyTorch checkpoint to results/checkpoints/causal_eps30_adam20k/best.pt
Saved PyTorch checkpoint to results/checkpoints/causal_eps30_adam20k/best.pt
Saved PyTorch checkpoint to results/checkpoints/causal_eps30_adam20k/best.pt
Saved PyTorch checkpoint to results/checkpoints/causal_eps30_adam20k/best.pt
Saved PyTorch checkpoint to results/checkpoints/causal_eps30_adam20k/best.pt
Saved PyTorch checkpoint to results/checkpoints/causal_eps30_adam20k/best.pt
Saved PyTorch checkpoint to results/checkpoints/causal_eps30_adam20k/best.pt
Saved PyTorch checkpoint to results/checkpoints/causal_eps30_adam20k/best.pt
Adam 6400/20000 | total=2.455e-02 true=2.781e-02 f=1.299e-02 ic=6.067e-04 wall=1.531e-03 inlet=6.515e-04 outlet=4.215e-05 | min_w=6.435e-01 unlocked=13/32 | best=2.493e-02@6378 stale=21 | lr=1.00e-03 | 5.5 it/s ETA 40m53s
Adam 6600/20000 | total=2.819e-02 true=3.165e-02 f=1.333e-02 ic=6.100e-04 wall=1.411e-03 inlet=1.428e-03 outlet=4.998e-05 | min_w=6.377e-01 unlocked=15/32 | best=2.493e-02@6378 stale=221 | lr=1.00e-03 | 5.5 it/s ETA 40m17s
Saved PyTorch checkpoint to results/checkpoints/causal_eps30_adam20k/best.pt
Saved PyTorch checkpoint to results/checkpoints/causal_eps30_adam20k/best.pt
Adam 6800/20000 | total=2.550e-02 true=2.926e-02 f=1.380e-02 ic=6.082e-04 wall=1.574e-03 inlet=6.328e-04 outlet=5.718e-05 | min_w=6.228e-01 unlocked=14/32 | best=2.427e-02@6792 stale=7 | lr=1.00e-03 | 5.5 it/s ETA 39m40s
Saved PyTorch checkpoint to results/checkpoints/causal_eps30_adam20k/best.pt
Saved PyTorch checkpoint to results/checkpoints/causal_eps30_adam20k/best.pt
Saved PyTorch checkpoint to results/checkpoints/causal_eps30_adam20k/best.pt
Adam 7000/20000 | total=2.678e-02 true=3.096e-02 f=1.442e-02 ic=5.883e-04 wall=1.352e-03 inlet=9.942e-04 outlet=4.167e-05 | min_w=6.065e-01 unlocked=14/32 | best=2.269e-02@6915 stale=84 | lr=1.00e-03 | 5.5 it/s ETA 39m03s
Saved PyTorch checkpoint to results/checkpoints/causal_eps30_adam20k/best.pt
Saved PyTorch checkpoint to results/checkpoints/causal_eps30_adam20k/best.pt
Adam 7200/20000 | total=2.119e-02 true=2.376e-02 f=1.173e-02 ic=5.367e-04 wall=1.477e-03 inlet=2.957e-04 outlet=6.149e-05 | min_w=6.762e-01 unlocked=14/32 | best=2.243e-02@7168 stale=31 | lr=1.00e-03 | 5.5 it/s ETA 38m27s
Saved PyTorch checkpoint to results/checkpoints/causal_eps30_adam20k/best.pt
Saved PyTorch checkpoint to results/checkpoints/causal_eps30_adam20k/best.pt
Adam 7400/20000 | total=2.083e-02 true=2.328e-02 f=1.148e-02 ic=4.793e-04 wall=1.231e-03 inlet=5.358e-04 outlet=4.048e-05 | min_w=6.857e-01 unlocked=15/32 | best=2.174e-02@7236 stale=163 | lr=1.00e-03 | 5.5 it/s ETA 37m50s
Saved PyTorch checkpoint to results/checkpoints/causal_eps30_adam20k/best.pt
Saved PyTorch checkpoint to results/checkpoints/causal_eps30_adam20k/best.pt
Adam 7600/20000 | total=2.052e-02 true=2.325e-02 f=1.202e-02 ic=5.166e-04 wall=1.204e-03 inlet=3.830e-04 outlet=4.540e-05 | min_w=6.686e-01 unlocked=14/32 | best=2.072e-02@7420 stale=179 | lr=1.00e-03 | 5.6 it/s ETA 37m14s
Saved PyTorch checkpoint to results/checkpoints/causal_eps30_adam20k/best.pt
Saved PyTorch checkpoint to results/checkpoints/causal_eps30_adam20k/best.pt
Adam 7800/20000 | total=1.922e-02 true=2.146e-02 f=1.102e-02 ic=4.273e-04 wall=1.084e-03 inlet=4.596e-04 outlet=4.673e-05 | min_w=6.953e-01 unlocked=14/32 | best=2.049e-02@7763 stale=36 | lr=1.00e-03 | 5.6 it/s ETA 36m36s
Saved PyTorch checkpoint to results/checkpoints/causal_eps30_adam20k/best.pt
Saved PyTorch checkpoint to results/checkpoints/causal_eps30_adam20k/best.pt
Adam 8000/20000 | total=2.170e-02 true=2.449e-02 f=1.216e-02 ic=4.496e-04 wall=1.187e-03 inlet=6.227e-04 outlet=4.013e-05 | min_w=6.652e-01 unlocked=15/32 | best=1.997e-02@7869 stale=130 | lr=1.00e-03 | 5.6 it/s ETA 36m00s
Saved PyTorch checkpoint to results/checkpoints/causal_eps30_adam20k/best.pt
Saved PyTorch checkpoint to results/checkpoints/causal_eps30_adam20k/best.pt
Saved PyTorch checkpoint to results/checkpoints/causal_eps30_adam20k/best.pt
Saved PyTorch checkpoint to results/checkpoints/causal_eps30_adam20k/best.pt
Saved PyTorch checkpoint to results/checkpoints/causal_eps30_adam20k/best.pt
Adam 8200/20000 | total=2.245e-02 true=2.561e-02 f=1.281e-02 ic=4.810e-04 wall=1.248e-03 inlet=5.719e-04 outlet=5.781e-05 | min_w=6.484e-01 unlocked=15/32 | best=1.830e-02@8060 stale=139 | lr=1.00e-03 | 5.6 it/s ETA 35m23s
Adam 8400/20000 | total=2.128e-02 true=2.425e-02 f=1.248e-02 ic=4.016e-04 wall=1.036e-03 inlet=6.351e-04 outlet=4.390e-05 | min_w=6.569e-01 unlocked=15/32 | best=1.830e-02@8060 stale=339 | lr=1.00e-03 | 5.6 it/s ETA 34m46s
Saved PyTorch checkpoint to results/checkpoints/causal_eps30_adam20k/best.pt
Saved PyTorch checkpoint to results/checkpoints/causal_eps30_adam20k/best.pt
Saved PyTorch checkpoint to results/checkpoints/causal_eps30_adam20k/best.pt
Saved PyTorch checkpoint to results/checkpoints/causal_eps30_adam20k/best.pt
Saved PyTorch checkpoint to results/checkpoints/causal_eps30_adam20k/best.pt
Saved PyTorch checkpoint to results/checkpoints/causal_eps30_adam20k/best.pt
Saved PyTorch checkpoint to results/checkpoints/causal_eps30_adam20k/best.pt
Adam 8600/20000 | total=1.455e-02 true=1.577e-02 f=8.402e-03 ic=3.724e-04 wall=9.611e-04 inlet=1.833e-04 outlet=5.393e-05 | min_w=7.703e-01 unlocked=18/32 | best=1.577e-02@8598 stale=1 | lr=5.00e-04 | 5.6 it/s ETA 34m10s
Saved PyTorch checkpoint to results/checkpoints/causal_eps30_adam20k/best.pt
Saved PyTorch checkpoint to results/checkpoints/causal_eps30_adam20k/best.pt
Saved PyTorch checkpoint to results/checkpoints/causal_eps30_adam20k/best.pt
Saved PyTorch checkpoint to results/checkpoints/causal_eps30_adam20k/best.pt
Saved PyTorch checkpoint to results/checkpoints/causal_eps30_adam20k/best.pt
Saved PyTorch checkpoint to results/checkpoints/causal_eps30_adam20k/best.pt
Saved PyTorch checkpoint to results/checkpoints/causal_eps30_adam20k/best.pt
Saved PyTorch checkpoint to results/checkpoints/causal_eps30_adam20k/best.pt
Saved PyTorch checkpoint to results/checkpoints/causal_eps30_adam20k/best.pt
Saved PyTorch checkpoint to results/checkpoints/causal_eps30_adam20k/best.pt
Saved PyTorch checkpoint to results/checkpoints/causal_eps30_adam20k/best.pt
Saved PyTorch checkpoint to results/checkpoints/causal_eps30_adam20k/best.pt
Saved PyTorch checkpoint to results/checkpoints/causal_eps30_adam20k/best.pt
Saved PyTorch checkpoint to results/checkpoints/causal_eps30_adam20k/best.pt
Saved PyTorch checkpoint to results/checkpoints/causal_eps30_adam20k/best.pt
Saved PyTorch checkpoint to results/checkpoints/causal_eps30_adam20k/best.pt
Saved PyTorch checkpoint to results/checkpoints/causal_eps30_adam20k/best.pt
Saved PyTorch checkpoint to results/checkpoints/causal_eps30_adam20k/best.pt
Saved PyTorch checkpoint to results/checkpoints/causal_eps30_adam20k/best.pt
Saved PyTorch checkpoint to results/checkpoints/causal_eps30_adam20k/best.pt
Saved PyTorch checkpoint to results/checkpoints/causal_eps30_adam20k/best.pt
Saved PyTorch checkpoint to results/checkpoints/causal_eps30_adam20k/best.pt
Saved PyTorch checkpoint to results/checkpoints/causal_eps30_adam20k/best.pt
Saved PyTorch checkpoint to results/checkpoints/causal_eps30_adam20k/best.pt
Saved PyTorch checkpoint to results/checkpoints/causal_eps30_adam20k/best.pt
Saved PyTorch checkpoint to results/checkpoints/causal_eps30_adam20k/best.pt
Saved PyTorch checkpoint to results/checkpoints/causal_eps30_adam20k/best.pt
Saved PyTorch checkpoint to results/checkpoints/causal_eps30_adam20k/best.pt
Saved PyTorch checkpoint to results/checkpoints/causal_eps30_adam20k/best.pt
Saved PyTorch checkpoint to results/checkpoints/causal_eps30_adam20k/best.pt
Saved PyTorch checkpoint to results/checkpoints/causal_eps30_adam20k/best.pt
Saved PyTorch checkpoint to results/checkpoints/causal_eps30_adam20k/best.pt
Saved PyTorch checkpoint to results/checkpoints/causal_eps30_adam20k/best.pt
Saved PyTorch checkpoint to results/checkpoints/causal_eps30_adam20k/best.pt
Saved PyTorch checkpoint to results/checkpoints/causal_eps30_adam20k/best.pt
Saved PyTorch checkpoint to results/checkpoints/causal_eps30_adam20k/best.pt
Saved PyTorch checkpoint to results/checkpoints/causal_eps30_adam20k/best.pt
Saved PyTorch checkpoint to results/checkpoints/causal_eps30_adam20k/best.pt
Saved PyTorch checkpoint to results/checkpoints/causal_eps30_adam20k/best.pt
Saved PyTorch checkpoint to results/checkpoints/causal_eps30_adam20k/best.pt
Saved PyTorch checkpoint to results/checkpoints/causal_eps30_adam20k/best.pt
Saved PyTorch checkpoint to results/checkpoints/causal_eps30_adam20k/best.pt
Saved PyTorch checkpoint to results/checkpoints/causal_eps30_adam20k/best.pt
Saved PyTorch checkpoint to results/checkpoints/causal_eps30_adam20k/best.pt
Saved PyTorch checkpoint to results/checkpoints/causal_eps30_adam20k/best.pt
Saved PyTorch checkpoint to results/checkpoints/causal_eps30_adam20k/best.pt
Saved PyTorch checkpoint to results/checkpoints/causal_eps30_adam20k/best.pt
Saved PyTorch checkpoint to results/checkpoints/causal_eps30_adam20k/best.pt
Saved PyTorch checkpoint to results/checkpoints/causal_eps30_adam20k/best.pt
Saved PyTorch checkpoint to results/checkpoints/causal_eps30_adam20k/best.pt
Saved PyTorch checkpoint to results/checkpoints/causal_eps30_adam20k/best.pt
Saved PyTorch checkpoint to results/checkpoints/causal_eps30_adam20k/best.pt
Saved PyTorch checkpoint to results/checkpoints/causal_eps30_adam20k/best.pt
Saved PyTorch checkpoint to results/checkpoints/causal_eps30_adam20k/best.pt
Saved PyTorch checkpoint to results/checkpoints/causal_eps30_adam20k/best.pt
Saved PyTorch checkpoint to results/checkpoints/causal_eps30_adam20k/best.pt
Saved PyTorch checkpoint to results/checkpoints/causal_eps30_adam20k/best.pt
Saved PyTorch checkpoint to results/checkpoints/causal_eps30_adam20k/best.pt
Saved PyTorch checkpoint to results/checkpoints/causal_eps30_adam20k/best.pt
Saved PyTorch checkpoint to results/checkpoints/causal_eps30_adam20k/best.pt
Saved PyTorch checkpoint to results/checkpoints/causal_eps30_adam20k/best.pt
Saved PyTorch checkpoint to results/checkpoints/causal_eps30_adam20k/best.pt
Saved PyTorch checkpoint to results/checkpoints/causal_eps30_adam20k/best.pt
Saved PyTorch checkpoint to results/checkpoints/causal_eps30_adam20k/best.pt
Saved PyTorch checkpoint to results/checkpoints/causal_eps30_adam20k/best.pt
Saved PyTorch checkpoint to results/checkpoints/causal_eps30_adam20k/best.pt
Saved PyTorch checkpoint to results/checkpoints/causal_eps30_adam20k/best.pt
Saved PyTorch checkpoint to results/checkpoints/causal_eps30_adam20k/best.pt
Saved PyTorch checkpoint to results/checkpoints/causal_eps30_adam20k/best.pt
Saved PyTorch checkpoint to results/checkpoints/causal_eps30_adam20k/best.pt
Saved PyTorch checkpoint to results/checkpoints/causal_eps30_adam20k/best.pt
Saved PyTorch checkpoint to results/checkpoints/causal_eps30_adam20k/best.pt
Saved PyTorch checkpoint to results/checkpoints/causal_eps30_adam20k/best.pt
Saved PyTorch checkpoint to results/checkpoints/causal_eps30_adam20k/best.pt
Saved PyTorch checkpoint to results/checkpoints/causal_eps30_adam20k/best.pt
Saved PyTorch checkpoint to results/checkpoints/causal_eps30_adam20k/best.pt
Saved PyTorch checkpoint to results/checkpoints/causal_eps30_adam20k/best.pt
Saved PyTorch checkpoint to results/checkpoints/causal_eps30_adam20k/best.pt
Saved PyTorch checkpoint to results/checkpoints/causal_eps30_adam20k/best.pt
Saved PyTorch checkpoint to results/checkpoints/causal_eps30_adam20k/best.pt
Saved PyTorch checkpoint to results/checkpoints/causal_eps30_adam20k/best.pt
Saved PyTorch checkpoint to results/checkpoints/causal_eps30_adam20k/best.pt
Saved PyTorch checkpoint to results/checkpoints/causal_eps30_adam20k/best.pt
Saved PyTorch checkpoint to results/checkpoints/causal_eps30_adam20k/best.pt
Saved PyTorch checkpoint to results/checkpoints/causal_eps30_adam20k/best.pt
Saved PyTorch checkpoint to results/checkpoints/causal_eps30_adam20k/best.pt
Saved PyTorch checkpoint to results/checkpoints/causal_eps30_adam20k/best.pt
Saved PyTorch checkpoint to results/checkpoints/causal_eps30_adam20k/best.pt
Saved PyTorch checkpoint to results/checkpoints/causal_eps30_adam20k/best.pt
Saved PyTorch checkpoint to results/checkpoints/causal_eps30_adam20k/best.pt
Saved PyTorch checkpoint to results/checkpoints/causal_eps30_adam20k/best.pt
Saved PyTorch checkpoint to results/checkpoints/causal_eps30_adam20k/best.pt
Saved PyTorch checkpoint to results/checkpoints/causal_eps30_adam20k/best.pt
Saved PyTorch checkpoint to results/checkpoints/causal_eps30_adam20k/best.pt
Saved PyTorch checkpoint to results/checkpoints/causal_eps30_adam20k/best.pt
Saved PyTorch checkpoint to results/checkpoints/causal_eps30_adam20k/best.pt
Saved PyTorch checkpoint to results/checkpoints/causal_eps30_adam20k/best.pt
Saved PyTorch checkpoint to results/checkpoints/causal_eps30_adam20k/best.pt
Saved PyTorch checkpoint to results/checkpoints/causal_eps30_adam20k/best.pt
Saved PyTorch checkpoint to results/checkpoints/causal_eps30_adam20k/best.pt
Saved PyTorch checkpoint to results/checkpoints/causal_eps30_adam20k/best.pt
Saved PyTorch checkpoint to results/checkpoints/causal_eps30_adam20k/best.pt
Saved PyTorch checkpoint to results/checkpoints/causal_eps30_adam20k/best.pt
Saved PyTorch checkpoint to results/checkpoints/causal_eps30_adam20k/best.pt
Saved PyTorch checkpoint to results/checkpoints/causal_eps30_adam20k/best.pt
Saved PyTorch checkpoint to results/checkpoints/causal_eps30_adam20k/best.pt
Saved PyTorch checkpoint to results/checkpoints/causal_eps30_adam20k/best.pt
Saved PyTorch checkpoint to results/checkpoints/causal_eps30_adam20k/best.pt
Saved PyTorch checkpoint to results/checkpoints/causal_eps30_adam20k/best.pt
Saved PyTorch checkpoint to results/checkpoints/causal_eps30_adam20k/best.pt
Saved PyTorch checkpoint to results/checkpoints/causal_eps30_adam20k/best.pt
Saved PyTorch checkpoint to results/checkpoints/causal_eps30_adam20k/best.pt
Saved PyTorch checkpoint to results/checkpoints/causal_eps30_adam20k/best.pt
Saved PyTorch checkpoint to results/checkpoints/causal_eps30_adam20k/best.pt
Saved PyTorch checkpoint to results/checkpoints/causal_eps30_adam20k/best.pt
Saved PyTorch checkpoint to results/checkpoints/causal_eps30_adam20k/best.pt
Saved PyTorch checkpoint to results/checkpoints/causal_eps30_adam20k/best.pt
Saved PyTorch checkpoint to results/checkpoints/causal_eps30_adam20k/best.pt
Saved PyTorch checkpoint to results/checkpoints/causal_eps30_adam20k/best.pt
Saved PyTorch checkpoint to results/checkpoints/causal_eps30_adam20k/best.pt
Saved PyTorch checkpoint to results/checkpoints/causal_eps30_adam20k/best.pt
Saved PyTorch checkpoint to results/checkpoints/causal_eps30_adam20k/best.pt
Saved PyTorch checkpoint to results/checkpoints/causal_eps30_adam20k/best.pt
Saved PyTorch checkpoint to results/checkpoints/causal_eps30_adam20k/best.pt
Saved PyTorch checkpoint to results/checkpoints/causal_eps30_adam20k/best.pt
Saved PyTorch checkpoint to results/checkpoints/causal_eps30_adam20k/best.pt
Saved PyTorch checkpoint to results/checkpoints/causal_eps30_adam20k/best.pt
Saved PyTorch checkpoint to results/checkpoints/causal_eps30_adam20k/best.pt
Saved PyTorch checkpoint to results/checkpoints/causal_eps30_adam20k/best.pt
Saved PyTorch checkpoint to results/checkpoints/causal_eps30_adam20k/best.pt
Saved PyTorch checkpoint to results/checkpoints/causal_eps30_adam20k/best.pt
Saved PyTorch checkpoint to results/checkpoints/causal_eps30_adam20k/best.pt
Saved PyTorch checkpoint to results/checkpoints/causal_eps30_adam20k/best.pt
Saved PyTorch checkpoint to results/checkpoints/causal_eps30_adam20k/best.pt
Saved PyTorch checkpoint to results/checkpoints/causal_eps30_adam20k/best.pt
Saved PyTorch checkpoint to results/checkpoints/causal_eps30_adam20k/best.pt
Saved PyTorch checkpoint to results/checkpoints/causal_eps30_adam20k/best.pt
Saved PyTorch checkpoint to results/checkpoints/causal_eps30_adam20k/best.pt
Saved PyTorch checkpoint to results/checkpoints/causal_eps30_adam20k/best.pt
Saved PyTorch checkpoint to results/checkpoints/causal_eps30_adam20k/best.pt
Saved PyTorch checkpoint to results/checkpoints/causal_eps30_adam20k/best.pt
Saved PyTorch checkpoint to results/checkpoints/causal_eps30_adam20k/best.pt
Saved PyTorch checkpoint to results/checkpoints/causal_eps30_adam20k/best.pt
Saved PyTorch checkpoint to results/checkpoints/causal_eps30_adam20k/best.pt
Saved PyTorch checkpoint to results/checkpoints/causal_eps30_adam20k/best.pt
Saved PyTorch checkpoint to results/checkpoints/causal_eps30_adam20k/best.pt
Saved PyTorch checkpoint to results/checkpoints/causal_eps30_adam20k/best.pt
Saved PyTorch checkpoint to results/checkpoints/causal_eps30_adam20k/best.pt
Saved PyTorch checkpoint to results/checkpoints/causal_eps30_adam20k/best.pt
Saved PyTorch checkpoint to results/checkpoints/causal_eps30_adam20k/best.pt
Saved PyTorch checkpoint to results/checkpoints/causal_eps30_adam20k/best.pt
Saved PyTorch checkpoint to results/checkpoints/causal_eps30_adam20k/best.pt
Saved PyTorch checkpoint to results/checkpoints/causal_eps30_adam20k/best.pt
Saved PyTorch checkpoint to results/checkpoints/causal_eps30_adam20k/best.pt
Saved PyTorch checkpoint to results/checkpoints/causal_eps30_adam20k/best.pt
Saved PyTorch checkpoint to results/checkpoints/causal_eps30_adam20k/best.pt
Saved PyTorch checkpoint to results/checkpoints/causal_eps30_adam20k/best.pt
Saved PyTorch checkpoint to results/checkpoints/causal_eps30_adam20k/best.pt
Saved PyTorch checkpoint to results/checkpoints/causal_eps30_adam20k/best.pt
Saved PyTorch checkpoint to results/checkpoints/causal_eps30_adam20k/best.pt
Saved PyTorch checkpoint to results/checkpoints/causal_eps30_adam20k/best.pt
Saved PyTorch checkpoint to results/checkpoints/causal_eps30_adam20k/best.pt
Saved PyTorch checkpoint to results/checkpoints/causal_eps30_adam20k/best.pt
Saved PyTorch checkpoint to results/checkpoints/causal_eps30_adam20k/best.pt
Saved PyTorch checkpoint to results/checkpoints/causal_eps30_adam20k/best.pt
Saved PyTorch checkpoint to results/checkpoints/causal_eps30_adam20k/best.pt
Saved PyTorch checkpoint to results/checkpoints/causal_eps30_adam20k/best.pt
Saved PyTorch checkpoint to results/checkpoints/causal_eps30_adam20k/best.pt
Saved PyTorch checkpoint to results/checkpoints/causal_eps30_adam20k/best.pt
Saved PyTorch checkpoint to results/checkpoints/causal_eps30_adam20k/best.pt
Saved PyTorch checkpoint to results/checkpoints/causal_eps30_adam20k/best.pt
Saved PyTorch checkpoint to results/checkpoints/causal_eps30_adam20k/best.pt
Saved PyTorch checkpoint to results/checkpoints/causal_eps30_adam20k/best.pt
Saved PyTorch checkpoint to results/checkpoints/causal_eps30_adam20k/best.pt
Saved PyTorch checkpoint to results/checkpoints/causal_eps30_adam20k/best.pt
Saved PyTorch checkpoint to results/checkpoints/causal_eps30_adam20k/best.pt
Saved PyTorch checkpoint to results/checkpoints/causal_eps30_adam20k/best.pt
Saved PyTorch checkpoint to results/checkpoints/causal_eps30_adam20k/best.pt
Saved PyTorch checkpoint to results/checkpoints/causal_eps30_adam20k/best.pt
Saved PyTorch checkpoint to results/checkpoints/causal_eps30_adam20k/best.pt
Saved PyTorch checkpoint to results/checkpoints/causal_eps30_adam20k/best.pt
Saved PyTorch checkpoint to results/checkpoints/causal_eps30_adam20k/best.pt
Saved PyTorch checkpoint to results/checkpoints/causal_eps30_adam20k/best.pt
Saved PyTorch checkpoint to results/checkpoints/causal_eps30_adam20k/best.pt
Saved PyTorch checkpoint to results/checkpoints/causal_eps30_adam20k/best.pt
Saved PyTorch checkpoint to results/checkpoints/causal_eps30_adam20k/best.pt
Saved PyTorch checkpoint to results/checkpoints/causal_eps30_adam20k/best.pt
Saved PyTorch checkpoint to results/checkpoints/causal_eps30_adam20k/best.pt
Saved PyTorch checkpoint to results/checkpoints/causal_eps30_adam20k/best.pt
Saved PyTorch checkpoint to results/checkpoints/causal_eps30_adam20k/best.pt
Saved PyTorch checkpoint to results/checkpoints/causal_eps30_adam20k/best.pt
Saved PyTorch checkpoint to results/checkpoints/causal_eps30_adam20k/best.pt
Adam 8800/20000 | total=1.419e-02 true=1.540e-02 f=8.389e-03 ic=3.668e-04 wall=8.984e-04 inlet=1.776e-04 outlet=5.372e-05 | min_w=7.704e-01 unlocked=18/32 | best=1.540e-02@8799 stale=0 | lr=5.00e-04 | 5.5 it/s ETA 33m51s
Saved PyTorch checkpoint to results/checkpoints/causal_eps30_adam20k/best.pt
Saved PyTorch checkpoint to results/checkpoints/causal_eps30_adam20k/best.pt
Saved PyTorch checkpoint to results/checkpoints/causal_eps30_adam20k/best.pt
Saved PyTorch checkpoint to results/checkpoints/causal_eps30_adam20k/best.pt
Saved PyTorch checkpoint to results/checkpoints/causal_eps30_adam20k/best.pt
Saved PyTorch checkpoint to results/checkpoints/causal_eps30_adam20k/best.pt
Saved PyTorch checkpoint to results/checkpoints/causal_eps30_adam20k/best.pt
Saved PyTorch checkpoint to results/checkpoints/causal_eps30_adam20k/best.pt
Saved PyTorch checkpoint to results/checkpoints/causal_eps30_adam20k/best.pt
Saved PyTorch checkpoint to results/checkpoints/causal_eps30_adam20k/best.pt
Saved PyTorch checkpoint to results/checkpoints/causal_eps30_adam20k/best.pt
Saved PyTorch checkpoint to results/checkpoints/causal_eps30_adam20k/best.pt
Saved PyTorch checkpoint to results/checkpoints/causal_eps30_adam20k/best.pt
Saved PyTorch checkpoint to results/checkpoints/causal_eps30_adam20k/best.pt
Saved PyTorch checkpoint to results/checkpoints/causal_eps30_adam20k/best.pt
Saved PyTorch checkpoint to results/checkpoints/causal_eps30_adam20k/best.pt
Saved PyTorch checkpoint to results/checkpoints/causal_eps30_adam20k/best.pt
Saved PyTorch checkpoint to results/checkpoints/causal_eps30_adam20k/best.pt
Saved PyTorch checkpoint to results/checkpoints/causal_eps30_adam20k/best.pt
Saved PyTorch checkpoint to results/checkpoints/causal_eps30_adam20k/best.pt
Saved PyTorch checkpoint to results/checkpoints/causal_eps30_adam20k/best.pt
Saved PyTorch checkpoint to results/checkpoints/causal_eps30_adam20k/best.pt
Saved PyTorch checkpoint to results/checkpoints/causal_eps30_adam20k/best.pt
Saved PyTorch checkpoint to results/checkpoints/causal_eps30_adam20k/best.pt
Saved PyTorch checkpoint to results/checkpoints/causal_eps30_adam20k/best.pt
Saved PyTorch checkpoint to results/checkpoints/causal_eps30_adam20k/best.pt
Saved PyTorch checkpoint to results/checkpoints/causal_eps30_adam20k/best.pt
Saved PyTorch checkpoint to results/checkpoints/causal_eps30_adam20k/best.pt
Saved PyTorch checkpoint to results/checkpoints/causal_eps30_adam20k/best.pt
Saved PyTorch checkpoint to results/checkpoints/causal_eps30_adam20k/best.pt
Saved PyTorch checkpoint to results/checkpoints/causal_eps30_adam20k/best.pt
Saved PyTorch checkpoint to results/checkpoints/causal_eps30_adam20k/best.pt
Saved PyTorch checkpoint to results/checkpoints/causal_eps30_adam20k/best.pt
Saved PyTorch checkpoint to results/checkpoints/causal_eps30_adam20k/best.pt
Saved PyTorch checkpoint to results/checkpoints/causal_eps30_adam20k/best.pt
Saved PyTorch checkpoint to results/checkpoints/causal_eps30_adam20k/best.pt
Saved PyTorch checkpoint to results/checkpoints/causal_eps30_adam20k/best.pt
Saved PyTorch checkpoint to results/checkpoints/causal_eps30_adam20k/best.pt
Saved PyTorch checkpoint to results/checkpoints/causal_eps30_adam20k/best.pt
Saved PyTorch checkpoint to results/checkpoints/causal_eps30_adam20k/best.pt
Saved PyTorch checkpoint to results/checkpoints/causal_eps30_adam20k/best.pt
Saved PyTorch checkpoint to results/checkpoints/causal_eps30_adam20k/best.pt
Saved PyTorch checkpoint to results/checkpoints/causal_eps30_adam20k/best.pt
Saved PyTorch checkpoint to results/checkpoints/causal_eps30_adam20k/best.pt
Saved PyTorch checkpoint to results/checkpoints/causal_eps30_adam20k/best.pt
Saved PyTorch checkpoint to results/checkpoints/causal_eps30_adam20k/best.pt
Saved PyTorch checkpoint to results/checkpoints/causal_eps30_adam20k/best.pt
Saved PyTorch checkpoint to results/checkpoints/causal_eps30_adam20k/best.pt
Saved PyTorch checkpoint to results/checkpoints/causal_eps30_adam20k/best.pt
Saved PyTorch checkpoint to results/checkpoints/causal_eps30_adam20k/best.pt
Saved PyTorch checkpoint to results/checkpoints/causal_eps30_adam20k/best.pt
Saved PyTorch checkpoint to results/checkpoints/causal_eps30_adam20k/best.pt
Saved PyTorch checkpoint to results/checkpoints/causal_eps30_adam20k/best.pt
Saved PyTorch checkpoint to results/checkpoints/causal_eps30_adam20k/best.pt
Saved PyTorch checkpoint to results/checkpoints/causal_eps30_adam20k/best.pt
Saved PyTorch checkpoint to results/checkpoints/causal_eps30_adam20k/best.pt
Saved PyTorch checkpoint to results/checkpoints/causal_eps30_adam20k/best.pt
Saved PyTorch checkpoint to results/checkpoints/causal_eps30_adam20k/best.pt
Saved PyTorch checkpoint to results/checkpoints/causal_eps30_adam20k/best.pt
Saved PyTorch checkpoint to results/checkpoints/causal_eps30_adam20k/best.pt
Saved PyTorch checkpoint to results/checkpoints/causal_eps30_adam20k/best.pt
Saved PyTorch checkpoint to results/checkpoints/causal_eps30_adam20k/best.pt
Saved PyTorch checkpoint to results/checkpoints/causal_eps30_adam20k/best.pt
Saved PyTorch checkpoint to results/checkpoints/causal_eps30_adam20k/best.pt
Saved PyTorch checkpoint to results/checkpoints/causal_eps30_adam20k/best.pt
Saved PyTorch checkpoint to results/checkpoints/causal_eps30_adam20k/best.pt
Saved PyTorch checkpoint to results/checkpoints/causal_eps30_adam20k/best.pt
Saved PyTorch checkpoint to results/checkpoints/causal_eps30_adam20k/best.pt
Saved PyTorch checkpoint to results/checkpoints/causal_eps30_adam20k/best.pt
Saved PyTorch checkpoint to results/checkpoints/causal_eps30_adam20k/best.pt
Saved PyTorch checkpoint to results/checkpoints/causal_eps30_adam20k/best.pt
Saved PyTorch checkpoint to results/checkpoints/causal_eps30_adam20k/best.pt
Saved PyTorch checkpoint to results/checkpoints/causal_eps30_adam20k/best.pt
Saved PyTorch checkpoint to results/checkpoints/causal_eps30_adam20k/best.pt
Saved PyTorch checkpoint to results/checkpoints/causal_eps30_adam20k/best.pt
Saved PyTorch checkpoint to results/checkpoints/causal_eps30_adam20k/best.pt
Saved PyTorch checkpoint to results/checkpoints/causal_eps30_adam20k/best.pt
Saved PyTorch checkpoint to results/checkpoints/causal_eps30_adam20k/best.pt
Saved PyTorch checkpoint to results/checkpoints/causal_eps30_adam20k/best.pt
Saved PyTorch checkpoint to results/checkpoints/causal_eps30_adam20k/best.pt
Saved PyTorch checkpoint to results/checkpoints/causal_eps30_adam20k/best.pt
Saved PyTorch checkpoint to results/checkpoints/causal_eps30_adam20k/best.pt
Saved PyTorch checkpoint to results/checkpoints/causal_eps30_adam20k/best.pt
Saved PyTorch checkpoint to results/checkpoints/causal_eps30_adam20k/best.pt
Saved PyTorch checkpoint to results/checkpoints/causal_eps30_adam20k/best.pt
Saved PyTorch checkpoint to results/checkpoints/causal_eps30_adam20k/best.pt
Saved PyTorch checkpoint to results/checkpoints/causal_eps30_adam20k/best.pt
Saved PyTorch checkpoint to results/checkpoints/causal_eps30_adam20k/best.pt
Saved PyTorch checkpoint to results/checkpoints/causal_eps30_adam20k/best.pt
Saved PyTorch checkpoint to results/checkpoints/causal_eps30_adam20k/best.pt
Saved PyTorch checkpoint to results/checkpoints/causal_eps30_adam20k/best.pt
Saved PyTorch checkpoint to results/checkpoints/causal_eps30_adam20k/best.pt
Saved PyTorch checkpoint to results/checkpoints/causal_eps30_adam20k/best.pt
Saved PyTorch checkpoint to results/checkpoints/causal_eps30_adam20k/best.pt
Saved PyTorch checkpoint to results/checkpoints/causal_eps30_adam20k/best.pt
Saved PyTorch checkpoint to results/checkpoints/causal_eps30_adam20k/best.pt
Saved PyTorch checkpoint to results/checkpoints/causal_eps30_adam20k/best.pt
Saved PyTorch checkpoint to results/checkpoints/causal_eps30_adam20k/best.pt
Saved PyTorch checkpoint to results/checkpoints/causal_eps30_adam20k/best.pt
Saved PyTorch checkpoint to results/checkpoints/causal_eps30_adam20k/best.pt
Saved PyTorch checkpoint to results/checkpoints/causal_eps30_adam20k/best.pt
Saved PyTorch checkpoint to results/checkpoints/causal_eps30_adam20k/best.pt
Saved PyTorch checkpoint to results/checkpoints/causal_eps30_adam20k/best.pt
Saved PyTorch checkpoint to results/checkpoints/causal_eps30_adam20k/best.pt
Saved PyTorch checkpoint to results/checkpoints/causal_eps30_adam20k/best.pt
Saved PyTorch checkpoint to results/checkpoints/causal_eps30_adam20k/best.pt
Saved PyTorch checkpoint to results/checkpoints/causal_eps30_adam20k/best.pt
Saved PyTorch checkpoint to results/checkpoints/causal_eps30_adam20k/best.pt
Saved PyTorch checkpoint to results/checkpoints/causal_eps30_adam20k/best.pt
Saved PyTorch checkpoint to results/checkpoints/causal_eps30_adam20k/best.pt
Saved PyTorch checkpoint to results/checkpoints/causal_eps30_adam20k/best.pt
Saved PyTorch checkpoint to results/checkpoints/causal_eps30_adam20k/best.pt
Saved PyTorch checkpoint to results/checkpoints/causal_eps30_adam20k/best.pt
Saved PyTorch checkpoint to results/checkpoints/causal_eps30_adam20k/best.pt
Saved PyTorch checkpoint to results/checkpoints/causal_eps30_adam20k/best.pt
Saved PyTorch checkpoint to results/checkpoints/causal_eps30_adam20k/best.pt
Saved PyTorch checkpoint to results/checkpoints/causal_eps30_adam20k/best.pt
Saved PyTorch checkpoint to results/checkpoints/causal_eps30_adam20k/best.pt
Saved PyTorch checkpoint to results/checkpoints/causal_eps30_adam20k/best.pt
Saved PyTorch checkpoint to results/checkpoints/causal_eps30_adam20k/best.pt
Saved PyTorch checkpoint to results/checkpoints/causal_eps30_adam20k/best.pt
Saved PyTorch checkpoint to results/checkpoints/causal_eps30_adam20k/best.pt
Saved PyTorch checkpoint to results/checkpoints/causal_eps30_adam20k/best.pt
Saved PyTorch checkpoint to results/checkpoints/causal_eps30_adam20k/best.pt
Saved PyTorch checkpoint to results/checkpoints/causal_eps30_adam20k/best.pt
Saved PyTorch checkpoint to results/checkpoints/causal_eps30_adam20k/best.pt
Saved PyTorch checkpoint to results/checkpoints/causal_eps30_adam20k/best.pt
Saved PyTorch checkpoint to results/checkpoints/causal_eps30_adam20k/best.pt
Saved PyTorch checkpoint to results/checkpoints/causal_eps30_adam20k/best.pt
Saved PyTorch checkpoint to results/checkpoints/causal_eps30_adam20k/best.pt
Saved PyTorch checkpoint to results/checkpoints/causal_eps30_adam20k/best.pt
Saved PyTorch checkpoint to results/checkpoints/causal_eps30_adam20k/best.pt
Saved PyTorch checkpoint to results/checkpoints/causal_eps30_adam20k/best.pt
Saved PyTorch checkpoint to results/checkpoints/causal_eps30_adam20k/best.pt
Saved PyTorch checkpoint to results/checkpoints/causal_eps30_adam20k/best.pt
Saved PyTorch checkpoint to results/checkpoints/causal_eps30_adam20k/best.pt
Saved PyTorch checkpoint to results/checkpoints/causal_eps30_adam20k/best.pt
Saved PyTorch checkpoint to results/checkpoints/causal_eps30_adam20k/best.pt
Saved PyTorch checkpoint to results/checkpoints/causal_eps30_adam20k/best.pt
Saved PyTorch checkpoint to results/checkpoints/causal_eps30_adam20k/best.pt
Saved PyTorch checkpoint to results/checkpoints/causal_eps30_adam20k/best.pt
Saved PyTorch checkpoint to results/checkpoints/causal_eps30_adam20k/best.pt
Saved PyTorch checkpoint to results/checkpoints/causal_eps30_adam20k/best.pt
Saved PyTorch checkpoint to results/checkpoints/causal_eps30_adam20k/best.pt
Saved PyTorch checkpoint to results/checkpoints/causal_eps30_adam20k/best.pt
Saved PyTorch checkpoint to results/checkpoints/causal_eps30_adam20k/best.pt
Saved PyTorch checkpoint to results/checkpoints/causal_eps30_adam20k/best.pt
Saved PyTorch checkpoint to results/checkpoints/causal_eps30_adam20k/best.pt
Saved PyTorch checkpoint to results/checkpoints/causal_eps30_adam20k/best.pt
Saved PyTorch checkpoint to results/checkpoints/causal_eps30_adam20k/best.pt
Saved PyTorch checkpoint to results/checkpoints/causal_eps30_adam20k/best.pt
Saved PyTorch checkpoint to results/checkpoints/causal_eps30_adam20k/best.pt
Saved PyTorch checkpoint to results/checkpoints/causal_eps30_adam20k/best.pt
Saved PyTorch checkpoint to results/checkpoints/causal_eps30_adam20k/best.pt
Saved PyTorch checkpoint to results/checkpoints/causal_eps30_adam20k/best.pt
Saved PyTorch checkpoint to results/checkpoints/causal_eps30_adam20k/best.pt
Saved PyTorch checkpoint to results/checkpoints/causal_eps30_adam20k/best.pt
Saved PyTorch checkpoint to results/checkpoints/causal_eps30_adam20k/best.pt
Saved PyTorch checkpoint to results/checkpoints/causal_eps30_adam20k/best.pt
Saved PyTorch checkpoint to results/checkpoints/causal_eps30_adam20k/best.pt
Saved PyTorch checkpoint to results/checkpoints/causal_eps30_adam20k/best.pt
Saved PyTorch checkpoint to results/checkpoints/causal_eps30_adam20k/best.pt
Saved PyTorch checkpoint to results/checkpoints/causal_eps30_adam20k/best.pt
Saved PyTorch checkpoint to results/checkpoints/causal_eps30_adam20k/best.pt
Saved PyTorch checkpoint to results/checkpoints/causal_eps30_adam20k/best.pt
Saved PyTorch checkpoint to results/checkpoints/causal_eps30_adam20k/best.pt
Saved PyTorch checkpoint to results/checkpoints/causal_eps30_adam20k/best.pt
Saved PyTorch checkpoint to results/checkpoints/causal_eps30_adam20k/best.pt
Saved PyTorch checkpoint to results/checkpoints/causal_eps30_adam20k/best.pt
Saved PyTorch checkpoint to results/checkpoints/causal_eps30_adam20k/best.pt
Saved PyTorch checkpoint to results/checkpoints/causal_eps30_adam20k/best.pt
Saved PyTorch checkpoint to results/checkpoints/causal_eps30_adam20k/best.pt
Saved PyTorch checkpoint to results/checkpoints/causal_eps30_adam20k/best.pt
Saved PyTorch checkpoint to results/checkpoints/causal_eps30_adam20k/best.pt
Saved PyTorch checkpoint to results/checkpoints/causal_eps30_adam20k/best.pt
Saved PyTorch checkpoint to results/checkpoints/causal_eps30_adam20k/best.pt
Saved PyTorch checkpoint to results/checkpoints/causal_eps30_adam20k/best.pt
Saved PyTorch checkpoint to results/checkpoints/causal_eps30_adam20k/best.pt
Saved PyTorch checkpoint to results/checkpoints/causal_eps30_adam20k/best.pt
Saved PyTorch checkpoint to results/checkpoints/causal_eps30_adam20k/best.pt
Saved PyTorch checkpoint to results/checkpoints/causal_eps30_adam20k/best.pt
Saved PyTorch checkpoint to results/checkpoints/causal_eps30_adam20k/best.pt
Saved PyTorch checkpoint to results/checkpoints/causal_eps30_adam20k/best.pt
Saved PyTorch checkpoint to results/checkpoints/causal_eps30_adam20k/best.pt
Saved PyTorch checkpoint to results/checkpoints/causal_eps30_adam20k/best.pt
Saved PyTorch checkpoint to results/checkpoints/causal_eps30_adam20k/best.pt
Saved PyTorch checkpoint to results/checkpoints/causal_eps30_adam20k/best.pt
Saved PyTorch checkpoint to results/checkpoints/causal_eps30_adam20k/best.pt
Saved PyTorch checkpoint to results/checkpoints/causal_eps30_adam20k/best.pt
Saved PyTorch checkpoint to results/checkpoints/causal_eps30_adam20k/best.pt
Saved PyTorch checkpoint to results/checkpoints/causal_eps30_adam20k/best.pt
Saved PyTorch checkpoint to results/checkpoints/causal_eps30_adam20k/best.pt
Saved PyTorch checkpoint to results/checkpoints/causal_eps30_adam20k/best.pt
Saved PyTorch checkpoint to results/checkpoints/causal_eps30_adam20k/best.pt
Saved PyTorch checkpoint to results/checkpoints/causal_eps30_adam20k/best.pt
Saved PyTorch checkpoint to results/checkpoints/causal_eps30_adam20k/best.pt
Saved PyTorch checkpoint to results/checkpoints/causal_eps30_adam20k/best.pt
Saved PyTorch checkpoint to results/checkpoints/causal_eps30_adam20k/best.pt
Saved PyTorch checkpoint to results/checkpoints/causal_eps30_adam20k/best.pt
Saved PyTorch checkpoint to results/checkpoints/causal_eps30_adam20k/best.pt
Adam 9000/20000 | total=1.390e-02 true=1.510e-02 f=8.327e-03 ic=3.581e-04 wall=8.624e-04 inlet=1.706e-04 outlet=5.440e-05 | min_w=7.720e-01 unlocked=18/32 | best=1.510e-02@8999 stale=0 | lr=5.00e-04 | 5.5 it/s ETA 33m33s
Saved PyTorch checkpoint to results/checkpoints/causal_eps30_adam20k/best.pt
Saved PyTorch checkpoint to results/checkpoints/causal_eps30_adam20k/best.pt
Saved PyTorch checkpoint to results/checkpoints/causal_eps30_adam20k/best.pt
Saved PyTorch checkpoint to results/checkpoints/causal_eps30_adam20k/best.pt
Saved PyTorch checkpoint to results/checkpoints/causal_eps30_adam20k/best.pt
Saved PyTorch checkpoint to results/checkpoints/causal_eps30_adam20k/best.pt
Saved PyTorch checkpoint to results/checkpoints/causal_eps30_adam20k/best.pt
Saved PyTorch checkpoint to results/checkpoints/causal_eps30_adam20k/best.pt
Saved PyTorch checkpoint to results/checkpoints/causal_eps30_adam20k/best.pt
Saved PyTorch checkpoint to results/checkpoints/causal_eps30_adam20k/best.pt
Saved PyTorch checkpoint to results/checkpoints/causal_eps30_adam20k/best.pt
Saved PyTorch checkpoint to results/checkpoints/causal_eps30_adam20k/best.pt
Saved PyTorch checkpoint to results/checkpoints/causal_eps30_adam20k/best.pt
Saved PyTorch checkpoint to results/checkpoints/causal_eps30_adam20k/best.pt
Saved PyTorch checkpoint to results/checkpoints/causal_eps30_adam20k/best.pt
Saved PyTorch checkpoint to results/checkpoints/causal_eps30_adam20k/best.pt
Saved PyTorch checkpoint to results/checkpoints/causal_eps30_adam20k/best.pt
Saved PyTorch checkpoint to results/checkpoints/causal_eps30_adam20k/best.pt
Saved PyTorch checkpoint to results/checkpoints/causal_eps30_adam20k/best.pt
Saved PyTorch checkpoint to results/checkpoints/causal_eps30_adam20k/best.pt
Saved PyTorch checkpoint to results/checkpoints/causal_eps30_adam20k/best.pt
Saved PyTorch checkpoint to results/checkpoints/causal_eps30_adam20k/best.pt
Saved PyTorch checkpoint to results/checkpoints/causal_eps30_adam20k/best.pt
Saved PyTorch checkpoint to results/checkpoints/causal_eps30_adam20k/best.pt
Saved PyTorch checkpoint to results/checkpoints/causal_eps30_adam20k/best.pt
Saved PyTorch checkpoint to results/checkpoints/causal_eps30_adam20k/best.pt
Saved PyTorch checkpoint to results/checkpoints/causal_eps30_adam20k/best.pt
Saved PyTorch checkpoint to results/checkpoints/causal_eps30_adam20k/best.pt
Saved PyTorch checkpoint to results/checkpoints/causal_eps30_adam20k/best.pt
Saved PyTorch checkpoint to results/checkpoints/causal_eps30_adam20k/best.pt
Saved PyTorch checkpoint to results/checkpoints/causal_eps30_adam20k/best.pt
Saved PyTorch checkpoint to results/checkpoints/causal_eps30_adam20k/best.pt
Saved PyTorch checkpoint to results/checkpoints/causal_eps30_adam20k/best.pt
Saved PyTorch checkpoint to results/checkpoints/causal_eps30_adam20k/best.pt
Saved PyTorch checkpoint to results/checkpoints/causal_eps30_adam20k/best.pt
Saved PyTorch checkpoint to results/checkpoints/causal_eps30_adam20k/best.pt
Saved PyTorch checkpoint to results/checkpoints/causal_eps30_adam20k/best.pt
Saved PyTorch checkpoint to results/checkpoints/causal_eps30_adam20k/best.pt
Saved PyTorch checkpoint to results/checkpoints/causal_eps30_adam20k/best.pt
Saved PyTorch checkpoint to results/checkpoints/causal_eps30_adam20k/best.pt
Saved PyTorch checkpoint to results/checkpoints/causal_eps30_adam20k/best.pt
Saved PyTorch checkpoint to results/checkpoints/causal_eps30_adam20k/best.pt
Saved PyTorch checkpoint to results/checkpoints/causal_eps30_adam20k/best.pt
Saved PyTorch checkpoint to results/checkpoints/causal_eps30_adam20k/best.pt
Saved PyTorch checkpoint to results/checkpoints/causal_eps30_adam20k/best.pt
Saved PyTorch checkpoint to results/checkpoints/causal_eps30_adam20k/best.pt
Saved PyTorch checkpoint to results/checkpoints/causal_eps30_adam20k/best.pt
Saved PyTorch checkpoint to results/checkpoints/causal_eps30_adam20k/best.pt
Saved PyTorch checkpoint to results/checkpoints/causal_eps30_adam20k/best.pt
Saved PyTorch checkpoint to results/checkpoints/causal_eps30_adam20k/best.pt
Saved PyTorch checkpoint to results/checkpoints/causal_eps30_adam20k/best.pt
Saved PyTorch checkpoint to results/checkpoints/causal_eps30_adam20k/best.pt
Saved PyTorch checkpoint to results/checkpoints/causal_eps30_adam20k/best.pt
Saved PyTorch checkpoint to results/checkpoints/causal_eps30_adam20k/best.pt
Saved PyTorch checkpoint to results/checkpoints/causal_eps30_adam20k/best.pt
Saved PyTorch checkpoint to results/checkpoints/causal_eps30_adam20k/best.pt
Saved PyTorch checkpoint to results/checkpoints/causal_eps30_adam20k/best.pt
Saved PyTorch checkpoint to results/checkpoints/causal_eps30_adam20k/best.pt
Saved PyTorch checkpoint to results/checkpoints/causal_eps30_adam20k/best.pt
Saved PyTorch checkpoint to results/checkpoints/causal_eps30_adam20k/best.pt
Saved PyTorch checkpoint to results/checkpoints/causal_eps30_adam20k/best.pt
Saved PyTorch checkpoint to results/checkpoints/causal_eps30_adam20k/best.pt
Saved PyTorch checkpoint to results/checkpoints/causal_eps30_adam20k/best.pt
Saved PyTorch checkpoint to results/checkpoints/causal_eps30_adam20k/best.pt
Saved PyTorch checkpoint to results/checkpoints/causal_eps30_adam20k/best.pt
Saved PyTorch checkpoint to results/checkpoints/causal_eps30_adam20k/best.pt
Saved PyTorch checkpoint to results/checkpoints/causal_eps30_adam20k/best.pt
Saved PyTorch checkpoint to results/checkpoints/causal_eps30_adam20k/best.pt
Saved PyTorch checkpoint to results/checkpoints/causal_eps30_adam20k/best.pt
Saved PyTorch checkpoint to results/checkpoints/causal_eps30_adam20k/best.pt
Saved PyTorch checkpoint to results/checkpoints/causal_eps30_adam20k/best.pt
Saved PyTorch checkpoint to results/checkpoints/causal_eps30_adam20k/best.pt
Saved PyTorch checkpoint to results/checkpoints/causal_eps30_adam20k/best.pt
Saved PyTorch checkpoint to results/checkpoints/causal_eps30_adam20k/best.pt
Saved PyTorch checkpoint to results/checkpoints/causal_eps30_adam20k/best.pt
Saved PyTorch checkpoint to results/checkpoints/causal_eps30_adam20k/best.pt
Saved PyTorch checkpoint to results/checkpoints/causal_eps30_adam20k/best.pt
Saved PyTorch checkpoint to results/checkpoints/causal_eps30_adam20k/best.pt
Saved PyTorch checkpoint to results/checkpoints/causal_eps30_adam20k/best.pt
Saved PyTorch checkpoint to results/checkpoints/causal_eps30_adam20k/best.pt
Saved PyTorch checkpoint to results/checkpoints/causal_eps30_adam20k/best.pt
Saved PyTorch checkpoint to results/checkpoints/causal_eps30_adam20k/best.pt
Saved PyTorch checkpoint to results/checkpoints/causal_eps30_adam20k/best.pt
Saved PyTorch checkpoint to results/checkpoints/causal_eps30_adam20k/best.pt
Saved PyTorch checkpoint to results/checkpoints/causal_eps30_adam20k/best.pt
Saved PyTorch checkpoint to results/checkpoints/causal_eps30_adam20k/best.pt
Saved PyTorch checkpoint to results/checkpoints/causal_eps30_adam20k/best.pt
Saved PyTorch checkpoint to results/checkpoints/causal_eps30_adam20k/best.pt
Saved PyTorch checkpoint to results/checkpoints/causal_eps30_adam20k/best.pt
Saved PyTorch checkpoint to results/checkpoints/causal_eps30_adam20k/best.pt
Saved PyTorch checkpoint to results/checkpoints/causal_eps30_adam20k/best.pt
Saved PyTorch checkpoint to results/checkpoints/causal_eps30_adam20k/best.pt
Saved PyTorch checkpoint to results/checkpoints/causal_eps30_adam20k/best.pt
Saved PyTorch checkpoint to results/checkpoints/causal_eps30_adam20k/best.pt
Saved PyTorch checkpoint to results/checkpoints/causal_eps30_adam20k/best.pt
Saved PyTorch checkpoint to results/checkpoints/causal_eps30_adam20k/best.pt
Saved PyTorch checkpoint to results/checkpoints/causal_eps30_adam20k/best.pt
Saved PyTorch checkpoint to results/checkpoints/causal_eps30_adam20k/best.pt
Saved PyTorch checkpoint to results/checkpoints/causal_eps30_adam20k/best.pt
Saved PyTorch checkpoint to results/checkpoints/causal_eps30_adam20k/best.pt
Saved PyTorch checkpoint to results/checkpoints/causal_eps30_adam20k/best.pt
Saved PyTorch checkpoint to results/checkpoints/causal_eps30_adam20k/best.pt
Saved PyTorch checkpoint to results/checkpoints/causal_eps30_adam20k/best.pt
Saved PyTorch checkpoint to results/checkpoints/causal_eps30_adam20k/best.pt
Saved PyTorch checkpoint to results/checkpoints/causal_eps30_adam20k/best.pt
Saved PyTorch checkpoint to results/checkpoints/causal_eps30_adam20k/best.pt
Saved PyTorch checkpoint to results/checkpoints/causal_eps30_adam20k/best.pt
Saved PyTorch checkpoint to results/checkpoints/causal_eps30_adam20k/best.pt
Saved PyTorch checkpoint to results/checkpoints/causal_eps30_adam20k/best.pt
Saved PyTorch checkpoint to results/checkpoints/causal_eps30_adam20k/best.pt
Saved PyTorch checkpoint to results/checkpoints/causal_eps30_adam20k/best.pt
Saved PyTorch checkpoint to results/checkpoints/causal_eps30_adam20k/best.pt
Saved PyTorch checkpoint to results/checkpoints/causal_eps30_adam20k/best.pt
Saved PyTorch checkpoint to results/checkpoints/causal_eps30_adam20k/best.pt
Saved PyTorch checkpoint to results/checkpoints/causal_eps30_adam20k/best.pt
Saved PyTorch checkpoint to results/checkpoints/causal_eps30_adam20k/best.pt
Saved PyTorch checkpoint to results/checkpoints/causal_eps30_adam20k/best.pt
Saved PyTorch checkpoint to results/checkpoints/causal_eps30_adam20k/best.pt
Saved PyTorch checkpoint to results/checkpoints/causal_eps30_adam20k/best.pt
Saved PyTorch checkpoint to results/checkpoints/causal_eps30_adam20k/best.pt
Saved PyTorch checkpoint to results/checkpoints/causal_eps30_adam20k/best.pt
Saved PyTorch checkpoint to results/checkpoints/causal_eps30_adam20k/best.pt
Saved PyTorch checkpoint to results/checkpoints/causal_eps30_adam20k/best.pt
Saved PyTorch checkpoint to results/checkpoints/causal_eps30_adam20k/best.pt
Saved PyTorch checkpoint to results/checkpoints/causal_eps30_adam20k/best.pt
Saved PyTorch checkpoint to results/checkpoints/causal_eps30_adam20k/best.pt
Saved PyTorch checkpoint to results/checkpoints/causal_eps30_adam20k/best.pt
Saved PyTorch checkpoint to results/checkpoints/causal_eps30_adam20k/best.pt
Saved PyTorch checkpoint to results/checkpoints/causal_eps30_adam20k/best.pt
Saved PyTorch checkpoint to results/checkpoints/causal_eps30_adam20k/best.pt
Saved PyTorch checkpoint to results/checkpoints/causal_eps30_adam20k/best.pt
Saved PyTorch checkpoint to results/checkpoints/causal_eps30_adam20k/best.pt
Saved PyTorch checkpoint to results/checkpoints/causal_eps30_adam20k/best.pt
Saved PyTorch checkpoint to results/checkpoints/causal_eps30_adam20k/best.pt
Saved PyTorch checkpoint to results/checkpoints/causal_eps30_adam20k/best.pt
Saved PyTorch checkpoint to results/checkpoints/causal_eps30_adam20k/best.pt
Saved PyTorch checkpoint to results/checkpoints/causal_eps30_adam20k/best.pt
Saved PyTorch checkpoint to results/checkpoints/causal_eps30_adam20k/best.pt
Saved PyTorch checkpoint to results/checkpoints/causal_eps30_adam20k/best.pt
Saved PyTorch checkpoint to results/checkpoints/causal_eps30_adam20k/best.pt
Saved PyTorch checkpoint to results/checkpoints/causal_eps30_adam20k/best.pt
Saved PyTorch checkpoint to results/checkpoints/causal_eps30_adam20k/best.pt
Saved PyTorch checkpoint to results/checkpoints/causal_eps30_adam20k/best.pt
Saved PyTorch checkpoint to results/checkpoints/causal_eps30_adam20k/best.pt
Saved PyTorch checkpoint to results/checkpoints/causal_eps30_adam20k/best.pt
Saved PyTorch checkpoint to results/checkpoints/causal_eps30_adam20k/best.pt
Saved PyTorch checkpoint to results/checkpoints/causal_eps30_adam20k/best.pt
Saved PyTorch checkpoint to results/checkpoints/causal_eps30_adam20k/best.pt
Saved PyTorch checkpoint to results/checkpoints/causal_eps30_adam20k/best.pt
Saved PyTorch checkpoint to results/checkpoints/causal_eps30_adam20k/best.pt
Saved PyTorch checkpoint to results/checkpoints/causal_eps30_adam20k/best.pt
Saved PyTorch checkpoint to results/checkpoints/causal_eps30_adam20k/best.pt
Saved PyTorch checkpoint to results/checkpoints/causal_eps30_adam20k/best.pt
Saved PyTorch checkpoint to results/checkpoints/causal_eps30_adam20k/best.pt
Saved PyTorch checkpoint to results/checkpoints/causal_eps30_adam20k/best.pt
Saved PyTorch checkpoint to results/checkpoints/causal_eps30_adam20k/best.pt
Saved PyTorch checkpoint to results/checkpoints/causal_eps30_adam20k/best.pt
Saved PyTorch checkpoint to results/checkpoints/causal_eps30_adam20k/best.pt
Saved PyTorch checkpoint to results/checkpoints/causal_eps30_adam20k/best.pt
Saved PyTorch checkpoint to results/checkpoints/causal_eps30_adam20k/best.pt
Saved PyTorch checkpoint to results/checkpoints/causal_eps30_adam20k/best.pt
Saved PyTorch checkpoint to results/checkpoints/causal_eps30_adam20k/best.pt
Saved PyTorch checkpoint to results/checkpoints/causal_eps30_adam20k/best.pt
Saved PyTorch checkpoint to results/checkpoints/causal_eps30_adam20k/best.pt
Saved PyTorch checkpoint to results/checkpoints/causal_eps30_adam20k/best.pt
Saved PyTorch checkpoint to results/checkpoints/causal_eps30_adam20k/best.pt
Saved PyTorch checkpoint to results/checkpoints/causal_eps30_adam20k/best.pt
Saved PyTorch checkpoint to results/checkpoints/causal_eps30_adam20k/best.pt
Saved PyTorch checkpoint to results/checkpoints/causal_eps30_adam20k/best.pt
Saved PyTorch checkpoint to results/checkpoints/causal_eps30_adam20k/best.pt
Saved PyTorch checkpoint to results/checkpoints/causal_eps30_adam20k/best.pt
Saved PyTorch checkpoint to results/checkpoints/causal_eps30_adam20k/best.pt
Saved PyTorch checkpoint to results/checkpoints/causal_eps30_adam20k/best.pt
Saved PyTorch checkpoint to results/checkpoints/causal_eps30_adam20k/best.pt
Saved PyTorch checkpoint to results/checkpoints/causal_eps30_adam20k/best.pt
Saved PyTorch checkpoint to results/checkpoints/causal_eps30_adam20k/best.pt
Saved PyTorch checkpoint to results/checkpoints/causal_eps30_adam20k/best.pt
Saved PyTorch checkpoint to results/checkpoints/causal_eps30_adam20k/best.pt
Saved PyTorch checkpoint to results/checkpoints/causal_eps30_adam20k/best.pt
Saved PyTorch checkpoint to results/checkpoints/causal_eps30_adam20k/best.pt
Saved PyTorch checkpoint to results/checkpoints/causal_eps30_adam20k/best.pt
Saved PyTorch checkpoint to results/checkpoints/causal_eps30_adam20k/best.pt
Saved PyTorch checkpoint to results/checkpoints/causal_eps30_adam20k/best.pt
Saved PyTorch checkpoint to results/checkpoints/causal_eps30_adam20k/best.pt
Saved PyTorch checkpoint to results/checkpoints/causal_eps30_adam20k/best.pt
Saved PyTorch checkpoint to results/checkpoints/causal_eps30_adam20k/best.pt
Saved PyTorch checkpoint to results/checkpoints/causal_eps30_adam20k/best.pt
Saved PyTorch checkpoint to results/checkpoints/causal_eps30_adam20k/best.pt
Saved PyTorch checkpoint to results/checkpoints/causal_eps30_adam20k/best.pt
Saved PyTorch checkpoint to results/checkpoints/causal_eps30_adam20k/best.pt
Saved PyTorch checkpoint to results/checkpoints/causal_eps30_adam20k/best.pt
Saved PyTorch checkpoint to results/checkpoints/causal_eps30_adam20k/best.pt
Saved PyTorch checkpoint to results/checkpoints/causal_eps30_adam20k/best.pt
Saved PyTorch checkpoint to results/checkpoints/causal_eps30_adam20k/best.pt
Saved PyTorch checkpoint to results/checkpoints/causal_eps30_adam20k/best.pt
Saved PyTorch checkpoint to results/checkpoints/causal_eps30_adam20k/best.pt
Saved PyTorch checkpoint to results/checkpoints/causal_eps30_adam20k/best.pt
Saved PyTorch checkpoint to results/checkpoints/causal_eps30_adam20k/best.pt
Saved PyTorch checkpoint to results/checkpoints/causal_eps30_adam20k/best.pt
Saved PyTorch checkpoint to results/checkpoints/causal_eps30_adam20k/best.pt
Adam 9200/20000 | total=1.362e-02 true=1.479e-02 f=8.241e-03 ic=3.482e-04 wall=8.315e-04 inlet=1.643e-04 outlet=5.483e-05 | min_w=7.742e-01 unlocked=19/32 | best=1.479e-02@9199 stale=0 | lr=5.00e-04 | 5.4 it/s ETA 33m13s
Saved PyTorch checkpoint to results/checkpoints/causal_eps30_adam20k/best.pt
Saved PyTorch checkpoint to results/checkpoints/causal_eps30_adam20k/best.pt
Saved PyTorch checkpoint to results/checkpoints/causal_eps30_adam20k/best.pt
Saved PyTorch checkpoint to results/checkpoints/causal_eps30_adam20k/best.pt
Saved PyTorch checkpoint to results/checkpoints/causal_eps30_adam20k/best.pt
Saved PyTorch checkpoint to results/checkpoints/causal_eps30_adam20k/best.pt
Saved PyTorch checkpoint to results/checkpoints/causal_eps30_adam20k/best.pt
Saved PyTorch checkpoint to results/checkpoints/causal_eps30_adam20k/best.pt
Saved PyTorch checkpoint to results/checkpoints/causal_eps30_adam20k/best.pt
Saved PyTorch checkpoint to results/checkpoints/causal_eps30_adam20k/best.pt
Saved PyTorch checkpoint to results/checkpoints/causal_eps30_adam20k/best.pt
Saved PyTorch checkpoint to results/checkpoints/causal_eps30_adam20k/best.pt
Saved PyTorch checkpoint to results/checkpoints/causal_eps30_adam20k/best.pt
Saved PyTorch checkpoint to results/checkpoints/causal_eps30_adam20k/best.pt
Saved PyTorch checkpoint to results/checkpoints/causal_eps30_adam20k/best.pt
Saved PyTorch checkpoint to results/checkpoints/causal_eps30_adam20k/best.pt
Saved PyTorch checkpoint to results/checkpoints/causal_eps30_adam20k/best.pt
Saved PyTorch checkpoint to results/checkpoints/causal_eps30_adam20k/best.pt
Saved PyTorch checkpoint to results/checkpoints/causal_eps30_adam20k/best.pt
Saved PyTorch checkpoint to results/checkpoints/causal_eps30_adam20k/best.pt
Saved PyTorch checkpoint to results/checkpoints/causal_eps30_adam20k/best.pt
Saved PyTorch checkpoint to results/checkpoints/causal_eps30_adam20k/best.pt
Saved PyTorch checkpoint to results/checkpoints/causal_eps30_adam20k/best.pt
Saved PyTorch checkpoint to results/checkpoints/causal_eps30_adam20k/best.pt
Saved PyTorch checkpoint to results/checkpoints/causal_eps30_adam20k/best.pt
Saved PyTorch checkpoint to results/checkpoints/causal_eps30_adam20k/best.pt
Saved PyTorch checkpoint to results/checkpoints/causal_eps30_adam20k/best.pt
Saved PyTorch checkpoint to results/checkpoints/causal_eps30_adam20k/best.pt
Saved PyTorch checkpoint to results/checkpoints/causal_eps30_adam20k/best.pt
Saved PyTorch checkpoint to results/checkpoints/causal_eps30_adam20k/best.pt
Saved PyTorch checkpoint to results/checkpoints/causal_eps30_adam20k/best.pt
Saved PyTorch checkpoint to results/checkpoints/causal_eps30_adam20k/best.pt
Saved PyTorch checkpoint to results/checkpoints/causal_eps30_adam20k/best.pt
Saved PyTorch checkpoint to results/checkpoints/causal_eps30_adam20k/best.pt
Saved PyTorch checkpoint to results/checkpoints/causal_eps30_adam20k/best.pt
Saved PyTorch checkpoint to results/checkpoints/causal_eps30_adam20k/best.pt
Saved PyTorch checkpoint to results/checkpoints/causal_eps30_adam20k/best.pt
Saved PyTorch checkpoint to results/checkpoints/causal_eps30_adam20k/best.pt
Saved PyTorch checkpoint to results/checkpoints/causal_eps30_adam20k/best.pt
Saved PyTorch checkpoint to results/checkpoints/causal_eps30_adam20k/best.pt
Saved PyTorch checkpoint to results/checkpoints/causal_eps30_adam20k/best.pt
Saved PyTorch checkpoint to results/checkpoints/causal_eps30_adam20k/best.pt
Saved PyTorch checkpoint to results/checkpoints/causal_eps30_adam20k/best.pt
Saved PyTorch checkpoint to results/checkpoints/causal_eps30_adam20k/best.pt
Saved PyTorch checkpoint to results/checkpoints/causal_eps30_adam20k/best.pt
Saved PyTorch checkpoint to results/checkpoints/causal_eps30_adam20k/best.pt
Saved PyTorch checkpoint to results/checkpoints/causal_eps30_adam20k/best.pt
Saved PyTorch checkpoint to results/checkpoints/causal_eps30_adam20k/best.pt
Saved PyTorch checkpoint to results/checkpoints/causal_eps30_adam20k/best.pt
Saved PyTorch checkpoint to results/checkpoints/causal_eps30_adam20k/best.pt
Saved PyTorch checkpoint to results/checkpoints/causal_eps30_adam20k/best.pt
Saved PyTorch checkpoint to results/checkpoints/causal_eps30_adam20k/best.pt
Saved PyTorch checkpoint to results/checkpoints/causal_eps30_adam20k/best.pt
Saved PyTorch checkpoint to results/checkpoints/causal_eps30_adam20k/best.pt
Saved PyTorch checkpoint to results/checkpoints/causal_eps30_adam20k/best.pt
Saved PyTorch checkpoint to results/checkpoints/causal_eps30_adam20k/best.pt
Saved PyTorch checkpoint to results/checkpoints/causal_eps30_adam20k/best.pt
Saved PyTorch checkpoint to results/checkpoints/causal_eps30_adam20k/best.pt
Saved PyTorch checkpoint to results/checkpoints/causal_eps30_adam20k/best.pt
Saved PyTorch checkpoint to results/checkpoints/causal_eps30_adam20k/best.pt
Saved PyTorch checkpoint to results/checkpoints/causal_eps30_adam20k/best.pt
Saved PyTorch checkpoint to results/checkpoints/causal_eps30_adam20k/best.pt
Saved PyTorch checkpoint to results/checkpoints/causal_eps30_adam20k/best.pt
Saved PyTorch checkpoint to results/checkpoints/causal_eps30_adam20k/best.pt
Saved PyTorch checkpoint to results/checkpoints/causal_eps30_adam20k/best.pt
Saved PyTorch checkpoint to results/checkpoints/causal_eps30_adam20k/best.pt
Saved PyTorch checkpoint to results/checkpoints/causal_eps30_adam20k/best.pt
Saved PyTorch checkpoint to results/checkpoints/causal_eps30_adam20k/best.pt
Saved PyTorch checkpoint to results/checkpoints/causal_eps30_adam20k/best.pt
Saved PyTorch checkpoint to results/checkpoints/causal_eps30_adam20k/best.pt
Saved PyTorch checkpoint to results/checkpoints/causal_eps30_adam20k/best.pt
Saved PyTorch checkpoint to results/checkpoints/causal_eps30_adam20k/best.pt
Saved PyTorch checkpoint to results/checkpoints/causal_eps30_adam20k/best.pt
Saved PyTorch checkpoint to results/checkpoints/causal_eps30_adam20k/best.pt
Saved PyTorch checkpoint to results/checkpoints/causal_eps30_adam20k/best.pt
Saved PyTorch checkpoint to results/checkpoints/causal_eps30_adam20k/best.pt
Saved PyTorch checkpoint to results/checkpoints/causal_eps30_adam20k/best.pt
Saved PyTorch checkpoint to results/checkpoints/causal_eps30_adam20k/best.pt
Saved PyTorch checkpoint to results/checkpoints/causal_eps30_adam20k/best.pt
Saved PyTorch checkpoint to results/checkpoints/causal_eps30_adam20k/best.pt
Saved PyTorch checkpoint to results/checkpoints/causal_eps30_adam20k/best.pt
Saved PyTorch checkpoint to results/checkpoints/causal_eps30_adam20k/best.pt
Saved PyTorch checkpoint to results/checkpoints/causal_eps30_adam20k/best.pt
Saved PyTorch checkpoint to results/checkpoints/causal_eps30_adam20k/best.pt
Saved PyTorch checkpoint to results/checkpoints/causal_eps30_adam20k/best.pt
Saved PyTorch checkpoint to results/checkpoints/causal_eps30_adam20k/best.pt
Saved PyTorch checkpoint to results/checkpoints/causal_eps30_adam20k/best.pt
Saved PyTorch checkpoint to results/checkpoints/causal_eps30_adam20k/best.pt
Saved PyTorch checkpoint to results/checkpoints/causal_eps30_adam20k/best.pt
Saved PyTorch checkpoint to results/checkpoints/causal_eps30_adam20k/best.pt
Saved PyTorch checkpoint to results/checkpoints/causal_eps30_adam20k/best.pt
Saved PyTorch checkpoint to results/checkpoints/causal_eps30_adam20k/best.pt
Saved PyTorch checkpoint to results/checkpoints/causal_eps30_adam20k/best.pt
Saved PyTorch checkpoint to results/checkpoints/causal_eps30_adam20k/best.pt
Saved PyTorch checkpoint to results/checkpoints/causal_eps30_adam20k/best.pt
Saved PyTorch checkpoint to results/checkpoints/causal_eps30_adam20k/best.pt
Saved PyTorch checkpoint to results/checkpoints/causal_eps30_adam20k/best.pt
Saved PyTorch checkpoint to results/checkpoints/causal_eps30_adam20k/best.pt
Saved PyTorch checkpoint to results/checkpoints/causal_eps30_adam20k/best.pt
Saved PyTorch checkpoint to results/checkpoints/causal_eps30_adam20k/best.pt
Saved PyTorch checkpoint to results/checkpoints/causal_eps30_adam20k/best.pt
Saved PyTorch checkpoint to results/checkpoints/causal_eps30_adam20k/best.pt
Saved PyTorch checkpoint to results/checkpoints/causal_eps30_adam20k/best.pt
Saved PyTorch checkpoint to results/checkpoints/causal_eps30_adam20k/best.pt
Saved PyTorch checkpoint to results/checkpoints/causal_eps30_adam20k/best.pt
Saved PyTorch checkpoint to results/checkpoints/causal_eps30_adam20k/best.pt
Saved PyTorch checkpoint to results/checkpoints/causal_eps30_adam20k/best.pt
Saved PyTorch checkpoint to results/checkpoints/causal_eps30_adam20k/best.pt
Saved PyTorch checkpoint to results/checkpoints/causal_eps30_adam20k/best.pt
Saved PyTorch checkpoint to results/checkpoints/causal_eps30_adam20k/best.pt
Saved PyTorch checkpoint to results/checkpoints/causal_eps30_adam20k/best.pt
Saved PyTorch checkpoint to results/checkpoints/causal_eps30_adam20k/best.pt
Saved PyTorch checkpoint to results/checkpoints/causal_eps30_adam20k/best.pt
Saved PyTorch checkpoint to results/checkpoints/causal_eps30_adam20k/best.pt
Saved PyTorch checkpoint to results/checkpoints/causal_eps30_adam20k/best.pt
Saved PyTorch checkpoint to results/checkpoints/causal_eps30_adam20k/best.pt
Saved PyTorch checkpoint to results/checkpoints/causal_eps30_adam20k/best.pt
Saved PyTorch checkpoint to results/checkpoints/causal_eps30_adam20k/best.pt
Saved PyTorch checkpoint to results/checkpoints/causal_eps30_adam20k/best.pt
Saved PyTorch checkpoint to results/checkpoints/causal_eps30_adam20k/best.pt
Saved PyTorch checkpoint to results/checkpoints/causal_eps30_adam20k/best.pt
Saved PyTorch checkpoint to results/checkpoints/causal_eps30_adam20k/best.pt
Saved PyTorch checkpoint to results/checkpoints/causal_eps30_adam20k/best.pt
Saved PyTorch checkpoint to results/checkpoints/causal_eps30_adam20k/best.pt
Saved PyTorch checkpoint to results/checkpoints/causal_eps30_adam20k/best.pt
Saved PyTorch checkpoint to results/checkpoints/causal_eps30_adam20k/best.pt
Saved PyTorch checkpoint to results/checkpoints/causal_eps30_adam20k/best.pt
Saved PyTorch checkpoint to results/checkpoints/causal_eps30_adam20k/best.pt
Saved PyTorch checkpoint to results/checkpoints/causal_eps30_adam20k/best.pt
Saved PyTorch checkpoint to results/checkpoints/causal_eps30_adam20k/best.pt
Saved PyTorch checkpoint to results/checkpoints/causal_eps30_adam20k/best.pt
Saved PyTorch checkpoint to results/checkpoints/causal_eps30_adam20k/best.pt
Saved PyTorch checkpoint to results/checkpoints/causal_eps30_adam20k/best.pt
Saved PyTorch checkpoint to results/checkpoints/causal_eps30_adam20k/best.pt
Saved PyTorch checkpoint to results/checkpoints/causal_eps30_adam20k/best.pt
Saved PyTorch checkpoint to results/checkpoints/causal_eps30_adam20k/best.pt
Saved PyTorch checkpoint to results/checkpoints/causal_eps30_adam20k/best.pt
Saved PyTorch checkpoint to results/checkpoints/causal_eps30_adam20k/best.pt
Saved PyTorch checkpoint to results/checkpoints/causal_eps30_adam20k/best.pt
Saved PyTorch checkpoint to results/checkpoints/causal_eps30_adam20k/best.pt
Saved PyTorch checkpoint to results/checkpoints/causal_eps30_adam20k/best.pt
Saved PyTorch checkpoint to results/checkpoints/causal_eps30_adam20k/best.pt
Saved PyTorch checkpoint to results/checkpoints/causal_eps30_adam20k/best.pt
Saved PyTorch checkpoint to results/checkpoints/causal_eps30_adam20k/best.pt
Saved PyTorch checkpoint to results/checkpoints/causal_eps30_adam20k/best.pt
Saved PyTorch checkpoint to results/checkpoints/causal_eps30_adam20k/best.pt
Saved PyTorch checkpoint to results/checkpoints/causal_eps30_adam20k/best.pt
Saved PyTorch checkpoint to results/checkpoints/causal_eps30_adam20k/best.pt
Saved PyTorch checkpoint to results/checkpoints/causal_eps30_adam20k/best.pt
Saved PyTorch checkpoint to results/checkpoints/causal_eps30_adam20k/best.pt
Saved PyTorch checkpoint to results/checkpoints/causal_eps30_adam20k/best.pt
Saved PyTorch checkpoint to results/checkpoints/causal_eps30_adam20k/best.pt
Saved PyTorch checkpoint to results/checkpoints/causal_eps30_adam20k/best.pt
Saved PyTorch checkpoint to results/checkpoints/causal_eps30_adam20k/best.pt
Saved PyTorch checkpoint to results/checkpoints/causal_eps30_adam20k/best.pt
Saved PyTorch checkpoint to results/checkpoints/causal_eps30_adam20k/best.pt
Saved PyTorch checkpoint to results/checkpoints/causal_eps30_adam20k/best.pt
Saved PyTorch checkpoint to results/checkpoints/causal_eps30_adam20k/best.pt
Saved PyTorch checkpoint to results/checkpoints/causal_eps30_adam20k/best.pt
Saved PyTorch checkpoint to results/checkpoints/causal_eps30_adam20k/best.pt
Saved PyTorch checkpoint to results/checkpoints/causal_eps30_adam20k/best.pt
Saved PyTorch checkpoint to results/checkpoints/causal_eps30_adam20k/best.pt
Saved PyTorch checkpoint to results/checkpoints/causal_eps30_adam20k/best.pt
Saved PyTorch checkpoint to results/checkpoints/causal_eps30_adam20k/best.pt
Saved PyTorch checkpoint to results/checkpoints/causal_eps30_adam20k/best.pt
Saved PyTorch checkpoint to results/checkpoints/causal_eps30_adam20k/best.pt
Saved PyTorch checkpoint to results/checkpoints/causal_eps30_adam20k/best.pt
Saved PyTorch checkpoint to results/checkpoints/causal_eps30_adam20k/best.pt
Saved PyTorch checkpoint to results/checkpoints/causal_eps30_adam20k/best.pt
Saved PyTorch checkpoint to results/checkpoints/causal_eps30_adam20k/best.pt
Saved PyTorch checkpoint to results/checkpoints/causal_eps30_adam20k/best.pt
Saved PyTorch checkpoint to results/checkpoints/causal_eps30_adam20k/best.pt
Saved PyTorch checkpoint to results/checkpoints/causal_eps30_adam20k/best.pt
Saved PyTorch checkpoint to results/checkpoints/causal_eps30_adam20k/best.pt
Saved PyTorch checkpoint to results/checkpoints/causal_eps30_adam20k/best.pt
Saved PyTorch checkpoint to results/checkpoints/causal_eps30_adam20k/best.pt
Saved PyTorch checkpoint to results/checkpoints/causal_eps30_adam20k/best.pt
Saved PyTorch checkpoint to results/checkpoints/causal_eps30_adam20k/best.pt
Saved PyTorch checkpoint to results/checkpoints/causal_eps30_adam20k/best.pt
Saved PyTorch checkpoint to results/checkpoints/causal_eps30_adam20k/best.pt
Saved PyTorch checkpoint to results/checkpoints/causal_eps30_adam20k/best.pt
Saved PyTorch checkpoint to results/checkpoints/causal_eps30_adam20k/best.pt
Saved PyTorch checkpoint to results/checkpoints/causal_eps30_adam20k/best.pt
Saved PyTorch checkpoint to results/checkpoints/causal_eps30_adam20k/best.pt
Saved PyTorch checkpoint to results/checkpoints/causal_eps30_adam20k/best.pt
Saved PyTorch checkpoint to results/checkpoints/causal_eps30_adam20k/best.pt
Saved PyTorch checkpoint to results/checkpoints/causal_eps30_adam20k/best.pt
Saved PyTorch checkpoint to results/checkpoints/causal_eps30_adam20k/best.pt
Saved PyTorch checkpoint to results/checkpoints/causal_eps30_adam20k/best.pt
Saved PyTorch checkpoint to results/checkpoints/causal_eps30_adam20k/best.pt
Saved PyTorch checkpoint to results/checkpoints/causal_eps30_adam20k/best.pt
Saved PyTorch checkpoint to results/checkpoints/causal_eps30_adam20k/best.pt
Saved PyTorch checkpoint to results/checkpoints/causal_eps30_adam20k/best.pt
Saved PyTorch checkpoint to results/checkpoints/causal_eps30_adam20k/best.pt
Saved PyTorch checkpoint to results/checkpoints/causal_eps30_adam20k/best.pt
Saved PyTorch checkpoint to results/checkpoints/causal_eps30_adam20k/best.pt
Saved PyTorch checkpoint to results/checkpoints/causal_eps30_adam20k/best.pt
Saved PyTorch checkpoint to results/checkpoints/causal_eps30_adam20k/best.pt
Saved PyTorch checkpoint to results/checkpoints/causal_eps30_adam20k/best.pt
Saved PyTorch checkpoint to results/checkpoints/causal_eps30_adam20k/best.pt
Adam 9400/20000 | total=1.334e-02 true=1.447e-02 f=8.142e-03 ic=3.378e-04 wall=8.024e-04 inlet=1.582e-04 outlet=5.522e-05 | min_w=7.768e-01 unlocked=19/32 | best=1.447e-02@9399 stale=0 | lr=5.00e-04 | 5.4 it/s ETA 32m53s
Saved PyTorch checkpoint to results/checkpoints/causal_eps30_adam20k/best.pt
Saved PyTorch checkpoint to results/checkpoints/causal_eps30_adam20k/best.pt
Saved PyTorch checkpoint to results/checkpoints/causal_eps30_adam20k/best.pt
Saved PyTorch checkpoint to results/checkpoints/causal_eps30_adam20k/best.pt
Saved PyTorch checkpoint to results/checkpoints/causal_eps30_adam20k/best.pt
Saved PyTorch checkpoint to results/checkpoints/causal_eps30_adam20k/best.pt
Saved PyTorch checkpoint to results/checkpoints/causal_eps30_adam20k/best.pt
Saved PyTorch checkpoint to results/checkpoints/causal_eps30_adam20k/best.pt
Saved PyTorch checkpoint to results/checkpoints/causal_eps30_adam20k/best.pt
Saved PyTorch checkpoint to results/checkpoints/causal_eps30_adam20k/best.pt
Saved PyTorch checkpoint to results/checkpoints/causal_eps30_adam20k/best.pt
Saved PyTorch checkpoint to results/checkpoints/causal_eps30_adam20k/best.pt
Saved PyTorch checkpoint to results/checkpoints/causal_eps30_adam20k/best.pt
Saved PyTorch checkpoint to results/checkpoints/causal_eps30_adam20k/best.pt
Saved PyTorch checkpoint to results/checkpoints/causal_eps30_adam20k/best.pt
Saved PyTorch checkpoint to results/checkpoints/causal_eps30_adam20k/best.pt
Saved PyTorch checkpoint to results/checkpoints/causal_eps30_adam20k/best.pt
Saved PyTorch checkpoint to results/checkpoints/causal_eps30_adam20k/best.pt
Saved PyTorch checkpoint to results/checkpoints/causal_eps30_adam20k/best.pt
Saved PyTorch checkpoint to results/checkpoints/causal_eps30_adam20k/best.pt
Saved PyTorch checkpoint to results/checkpoints/causal_eps30_adam20k/best.pt
Saved PyTorch checkpoint to results/checkpoints/causal_eps30_adam20k/best.pt
Saved PyTorch checkpoint to results/checkpoints/causal_eps30_adam20k/best.pt
Saved PyTorch checkpoint to results/checkpoints/causal_eps30_adam20k/best.pt
Saved PyTorch checkpoint to results/checkpoints/causal_eps30_adam20k/best.pt
Saved PyTorch checkpoint to results/checkpoints/causal_eps30_adam20k/best.pt
Saved PyTorch checkpoint to results/checkpoints/causal_eps30_adam20k/best.pt
Saved PyTorch checkpoint to results/checkpoints/causal_eps30_adam20k/best.pt
Saved PyTorch checkpoint to results/checkpoints/causal_eps30_adam20k/best.pt
Saved PyTorch checkpoint to results/checkpoints/causal_eps30_adam20k/best.pt
Saved PyTorch checkpoint to results/checkpoints/causal_eps30_adam20k/best.pt
Saved PyTorch checkpoint to results/checkpoints/causal_eps30_adam20k/best.pt
Saved PyTorch checkpoint to results/checkpoints/causal_eps30_adam20k/best.pt
Saved PyTorch checkpoint to results/checkpoints/causal_eps30_adam20k/best.pt
Saved PyTorch checkpoint to results/checkpoints/causal_eps30_adam20k/best.pt
Saved PyTorch checkpoint to results/checkpoints/causal_eps30_adam20k/best.pt
Saved PyTorch checkpoint to results/checkpoints/causal_eps30_adam20k/best.pt
Saved PyTorch checkpoint to results/checkpoints/causal_eps30_adam20k/best.pt
Saved PyTorch checkpoint to results/checkpoints/causal_eps30_adam20k/best.pt
Saved PyTorch checkpoint to results/checkpoints/causal_eps30_adam20k/best.pt
Saved PyTorch checkpoint to results/checkpoints/causal_eps30_adam20k/best.pt
Saved PyTorch checkpoint to results/checkpoints/causal_eps30_adam20k/best.pt
Saved PyTorch checkpoint to results/checkpoints/causal_eps30_adam20k/best.pt
Saved PyTorch checkpoint to results/checkpoints/causal_eps30_adam20k/best.pt
Saved PyTorch checkpoint to results/checkpoints/causal_eps30_adam20k/best.pt
Saved PyTorch checkpoint to results/checkpoints/causal_eps30_adam20k/best.pt
Saved PyTorch checkpoint to results/checkpoints/causal_eps30_adam20k/best.pt
Saved PyTorch checkpoint to results/checkpoints/causal_eps30_adam20k/best.pt
Saved PyTorch checkpoint to results/checkpoints/causal_eps30_adam20k/best.pt
Saved PyTorch checkpoint to results/checkpoints/causal_eps30_adam20k/best.pt
Saved PyTorch checkpoint to results/checkpoints/causal_eps30_adam20k/best.pt
Saved PyTorch checkpoint to results/checkpoints/causal_eps30_adam20k/best.pt
Saved PyTorch checkpoint to results/checkpoints/causal_eps30_adam20k/best.pt
Saved PyTorch checkpoint to results/checkpoints/causal_eps30_adam20k/best.pt
Saved PyTorch checkpoint to results/checkpoints/causal_eps30_adam20k/best.pt
Saved PyTorch checkpoint to results/checkpoints/causal_eps30_adam20k/best.pt
Saved PyTorch checkpoint to results/checkpoints/causal_eps30_adam20k/best.pt
Saved PyTorch checkpoint to results/checkpoints/causal_eps30_adam20k/best.pt
Saved PyTorch checkpoint to results/checkpoints/causal_eps30_adam20k/best.pt
Saved PyTorch checkpoint to results/checkpoints/causal_eps30_adam20k/best.pt
Saved PyTorch checkpoint to results/checkpoints/causal_eps30_adam20k/best.pt
Saved PyTorch checkpoint to results/checkpoints/causal_eps30_adam20k/best.pt
Saved PyTorch checkpoint to results/checkpoints/causal_eps30_adam20k/best.pt
Saved PyTorch checkpoint to results/checkpoints/causal_eps30_adam20k/best.pt
Saved PyTorch checkpoint to results/checkpoints/causal_eps30_adam20k/best.pt
Saved PyTorch checkpoint to results/checkpoints/causal_eps30_adam20k/best.pt
Saved PyTorch checkpoint to results/checkpoints/causal_eps30_adam20k/best.pt
Saved PyTorch checkpoint to results/checkpoints/causal_eps30_adam20k/best.pt
Saved PyTorch checkpoint to results/checkpoints/causal_eps30_adam20k/best.pt
Saved PyTorch checkpoint to results/checkpoints/causal_eps30_adam20k/best.pt
Saved PyTorch checkpoint to results/checkpoints/causal_eps30_adam20k/best.pt
Saved PyTorch checkpoint to results/checkpoints/causal_eps30_adam20k/best.pt
Saved PyTorch checkpoint to results/checkpoints/causal_eps30_adam20k/best.pt
Saved PyTorch checkpoint to results/checkpoints/causal_eps30_adam20k/best.pt
Saved PyTorch checkpoint to results/checkpoints/causal_eps30_adam20k/best.pt
Saved PyTorch checkpoint to results/checkpoints/causal_eps30_adam20k/best.pt
Saved PyTorch checkpoint to results/checkpoints/causal_eps30_adam20k/best.pt
Saved PyTorch checkpoint to results/checkpoints/causal_eps30_adam20k/best.pt
Saved PyTorch checkpoint to results/checkpoints/causal_eps30_adam20k/best.pt
Saved PyTorch checkpoint to results/checkpoints/causal_eps30_adam20k/best.pt
Saved PyTorch checkpoint to results/checkpoints/causal_eps30_adam20k/best.pt
Saved PyTorch checkpoint to results/checkpoints/causal_eps30_adam20k/best.pt
Saved PyTorch checkpoint to results/checkpoints/causal_eps30_adam20k/best.pt
Saved PyTorch checkpoint to results/checkpoints/causal_eps30_adam20k/best.pt
Saved PyTorch checkpoint to results/checkpoints/causal_eps30_adam20k/best.pt
Saved PyTorch checkpoint to results/checkpoints/causal_eps30_adam20k/best.pt
Saved PyTorch checkpoint to results/checkpoints/causal_eps30_adam20k/best.pt
Saved PyTorch checkpoint to results/checkpoints/causal_eps30_adam20k/best.pt
Saved PyTorch checkpoint to results/checkpoints/causal_eps30_adam20k/best.pt
Saved PyTorch checkpoint to results/checkpoints/causal_eps30_adam20k/best.pt
Saved PyTorch checkpoint to results/checkpoints/causal_eps30_adam20k/best.pt
Saved PyTorch checkpoint to results/checkpoints/causal_eps30_adam20k/best.pt
Saved PyTorch checkpoint to results/checkpoints/causal_eps30_adam20k/best.pt
Saved PyTorch checkpoint to results/checkpoints/causal_eps30_adam20k/best.pt
Saved PyTorch checkpoint to results/checkpoints/causal_eps30_adam20k/best.pt
Saved PyTorch checkpoint to results/checkpoints/causal_eps30_adam20k/best.pt
Saved PyTorch checkpoint to results/checkpoints/causal_eps30_adam20k/best.pt
Saved PyTorch checkpoint to results/checkpoints/causal_eps30_adam20k/best.pt
Saved PyTorch checkpoint to results/checkpoints/causal_eps30_adam20k/best.pt
Saved PyTorch checkpoint to results/checkpoints/causal_eps30_adam20k/best.pt
Saved PyTorch checkpoint to results/checkpoints/causal_eps30_adam20k/best.pt
Saved PyTorch checkpoint to results/checkpoints/causal_eps30_adam20k/best.pt
Saved PyTorch checkpoint to results/checkpoints/causal_eps30_adam20k/best.pt
Saved PyTorch checkpoint to results/checkpoints/causal_eps30_adam20k/best.pt
Saved PyTorch checkpoint to results/checkpoints/causal_eps30_adam20k/best.pt
Saved PyTorch checkpoint to results/checkpoints/causal_eps30_adam20k/best.pt
Saved PyTorch checkpoint to results/checkpoints/causal_eps30_adam20k/best.pt
Saved PyTorch checkpoint to results/checkpoints/causal_eps30_adam20k/best.pt
Saved PyTorch checkpoint to results/checkpoints/causal_eps30_adam20k/best.pt
Saved PyTorch checkpoint to results/checkpoints/causal_eps30_adam20k/best.pt
Saved PyTorch checkpoint to results/checkpoints/causal_eps30_adam20k/best.pt
Saved PyTorch checkpoint to results/checkpoints/causal_eps30_adam20k/best.pt
Saved PyTorch checkpoint to results/checkpoints/causal_eps30_adam20k/best.pt
Saved PyTorch checkpoint to results/checkpoints/causal_eps30_adam20k/best.pt
Saved PyTorch checkpoint to results/checkpoints/causal_eps30_adam20k/best.pt
Saved PyTorch checkpoint to results/checkpoints/causal_eps30_adam20k/best.pt
Saved PyTorch checkpoint to results/checkpoints/causal_eps30_adam20k/best.pt
Saved PyTorch checkpoint to results/checkpoints/causal_eps30_adam20k/best.pt
Saved PyTorch checkpoint to results/checkpoints/causal_eps30_adam20k/best.pt
Saved PyTorch checkpoint to results/checkpoints/causal_eps30_adam20k/best.pt
Saved PyTorch checkpoint to results/checkpoints/causal_eps30_adam20k/best.pt
Saved PyTorch checkpoint to results/checkpoints/causal_eps30_adam20k/best.pt
Saved PyTorch checkpoint to results/checkpoints/causal_eps30_adam20k/best.pt
Saved PyTorch checkpoint to results/checkpoints/causal_eps30_adam20k/best.pt
Saved PyTorch checkpoint to results/checkpoints/causal_eps30_adam20k/best.pt
Saved PyTorch checkpoint to results/checkpoints/causal_eps30_adam20k/best.pt
Saved PyTorch checkpoint to results/checkpoints/causal_eps30_adam20k/best.pt
Saved PyTorch checkpoint to results/checkpoints/causal_eps30_adam20k/best.pt
Saved PyTorch checkpoint to results/checkpoints/causal_eps30_adam20k/best.pt
Saved PyTorch checkpoint to results/checkpoints/causal_eps30_adam20k/best.pt
Saved PyTorch checkpoint to results/checkpoints/causal_eps30_adam20k/best.pt
Saved PyTorch checkpoint to results/checkpoints/causal_eps30_adam20k/best.pt
Saved PyTorch checkpoint to results/checkpoints/causal_eps30_adam20k/best.pt
Saved PyTorch checkpoint to results/checkpoints/causal_eps30_adam20k/best.pt
Saved PyTorch checkpoint to results/checkpoints/causal_eps30_adam20k/best.pt
Saved PyTorch checkpoint to results/checkpoints/causal_eps30_adam20k/best.pt
Saved PyTorch checkpoint to results/checkpoints/causal_eps30_adam20k/best.pt
Saved PyTorch checkpoint to results/checkpoints/causal_eps30_adam20k/best.pt
Saved PyTorch checkpoint to results/checkpoints/causal_eps30_adam20k/best.pt
Saved PyTorch checkpoint to results/checkpoints/causal_eps30_adam20k/best.pt
Saved PyTorch checkpoint to results/checkpoints/causal_eps30_adam20k/best.pt
Saved PyTorch checkpoint to results/checkpoints/causal_eps30_adam20k/best.pt
Saved PyTorch checkpoint to results/checkpoints/causal_eps30_adam20k/best.pt
Saved PyTorch checkpoint to results/checkpoints/causal_eps30_adam20k/best.pt
Saved PyTorch checkpoint to results/checkpoints/causal_eps30_adam20k/best.pt
Saved PyTorch checkpoint to results/checkpoints/causal_eps30_adam20k/best.pt
Saved PyTorch checkpoint to results/checkpoints/causal_eps30_adam20k/best.pt
Saved PyTorch checkpoint to results/checkpoints/causal_eps30_adam20k/best.pt
Saved PyTorch checkpoint to results/checkpoints/causal_eps30_adam20k/best.pt
Saved PyTorch checkpoint to results/checkpoints/causal_eps30_adam20k/best.pt
Saved PyTorch checkpoint to results/checkpoints/causal_eps30_adam20k/best.pt
Saved PyTorch checkpoint to results/checkpoints/causal_eps30_adam20k/best.pt
Saved PyTorch checkpoint to results/checkpoints/causal_eps30_adam20k/best.pt
Saved PyTorch checkpoint to results/checkpoints/causal_eps30_adam20k/best.pt
Saved PyTorch checkpoint to results/checkpoints/causal_eps30_adam20k/best.pt
Saved PyTorch checkpoint to results/checkpoints/causal_eps30_adam20k/best.pt
Saved PyTorch checkpoint to results/checkpoints/causal_eps30_adam20k/best.pt
Saved PyTorch checkpoint to results/checkpoints/causal_eps30_adam20k/best.pt
Saved PyTorch checkpoint to results/checkpoints/causal_eps30_adam20k/best.pt
Saved PyTorch checkpoint to results/checkpoints/causal_eps30_adam20k/best.pt
Saved PyTorch checkpoint to results/checkpoints/causal_eps30_adam20k/best.pt
Saved PyTorch checkpoint to results/checkpoints/causal_eps30_adam20k/best.pt
Saved PyTorch checkpoint to results/checkpoints/causal_eps30_adam20k/best.pt
Saved PyTorch checkpoint to results/checkpoints/causal_eps30_adam20k/best.pt
Saved PyTorch checkpoint to results/checkpoints/causal_eps30_adam20k/best.pt
Saved PyTorch checkpoint to results/checkpoints/causal_eps30_adam20k/best.pt
Saved PyTorch checkpoint to results/checkpoints/causal_eps30_adam20k/best.pt
Saved PyTorch checkpoint to results/checkpoints/causal_eps30_adam20k/best.pt
Saved PyTorch checkpoint to results/checkpoints/causal_eps30_adam20k/best.pt
Saved PyTorch checkpoint to results/checkpoints/causal_eps30_adam20k/best.pt
Saved PyTorch checkpoint to results/checkpoints/causal_eps30_adam20k/best.pt
Saved PyTorch checkpoint to results/checkpoints/causal_eps30_adam20k/best.pt
Saved PyTorch checkpoint to results/checkpoints/causal_eps30_adam20k/best.pt
Saved PyTorch checkpoint to results/checkpoints/causal_eps30_adam20k/best.pt
Saved PyTorch checkpoint to results/checkpoints/causal_eps30_adam20k/best.pt
Saved PyTorch checkpoint to results/checkpoints/causal_eps30_adam20k/best.pt
Saved PyTorch checkpoint to results/checkpoints/causal_eps30_adam20k/best.pt
Saved PyTorch checkpoint to results/checkpoints/causal_eps30_adam20k/best.pt
Saved PyTorch checkpoint to results/checkpoints/causal_eps30_adam20k/best.pt
Saved PyTorch checkpoint to results/checkpoints/causal_eps30_adam20k/best.pt
Saved PyTorch checkpoint to results/checkpoints/causal_eps30_adam20k/best.pt
Saved PyTorch checkpoint to results/checkpoints/causal_eps30_adam20k/best.pt
Saved PyTorch checkpoint to results/checkpoints/causal_eps30_adam20k/best.pt
Saved PyTorch checkpoint to results/checkpoints/causal_eps30_adam20k/best.pt
Saved PyTorch checkpoint to results/checkpoints/causal_eps30_adam20k/best.pt
Saved PyTorch checkpoint to results/checkpoints/causal_eps30_adam20k/best.pt
Saved PyTorch checkpoint to results/checkpoints/causal_eps30_adam20k/best.pt
Saved PyTorch checkpoint to results/checkpoints/causal_eps30_adam20k/best.pt
Saved PyTorch checkpoint to results/checkpoints/causal_eps30_adam20k/best.pt
Saved PyTorch checkpoint to results/checkpoints/causal_eps30_adam20k/best.pt
Saved PyTorch checkpoint to results/checkpoints/causal_eps30_adam20k/best.pt
Saved PyTorch checkpoint to results/checkpoints/causal_eps30_adam20k/best.pt
Saved PyTorch checkpoint to results/checkpoints/causal_eps30_adam20k/best.pt
Saved PyTorch checkpoint to results/checkpoints/causal_eps30_adam20k/best.pt
Saved PyTorch checkpoint to results/checkpoints/causal_eps30_adam20k/best.pt
Saved PyTorch checkpoint to results/checkpoints/causal_eps30_adam20k/best.pt
Saved PyTorch checkpoint to results/checkpoints/causal_eps30_adam20k/best.pt
Saved PyTorch checkpoint to results/checkpoints/causal_eps30_adam20k/best.pt
Saved PyTorch checkpoint to results/checkpoints/causal_eps30_adam20k/best.pt
Saved PyTorch checkpoint to results/checkpoints/causal_eps30_adam20k/best.pt
Adam 9600/20000 | total=1.305e-02 true=1.415e-02 f=8.033e-03 ic=3.278e-04 wall=7.739e-04 inlet=1.522e-04 outlet=5.558e-05 | min_w=7.797e-01 unlocked=19/32 | best=1.415e-02@9599 stale=0 | lr=5.00e-04 | 5.3 it/s ETA 32m32s
Saved PyTorch checkpoint to results/checkpoints/causal_eps30_adam20k/best.pt
Saved PyTorch checkpoint to results/checkpoints/causal_eps30_adam20k/best.pt
Saved PyTorch checkpoint to results/checkpoints/causal_eps30_adam20k/best.pt
Adam 9800/20000 | total=1.531e-02 true=1.693e-02 f=9.559e-03 ic=3.291e-04 wall=7.871e-04 inlet=2.859e-04 outlet=5.475e-05 | min_w=7.376e-01 unlocked=18/32 | best=1.415e-02@9602 stale=197 | lr=5.00e-04 | 5.3 it/s ETA 31m51s
Adam 10000/20000 | total=1.427e-02 true=1.561e-02 f=8.768e-03 ic=3.226e-04 wall=7.330e-04 inlet=2.931e-04 outlet=5.029e-05 | min_w=7.597e-01 unlocked=19/32 | best=1.415e-02@9602 stale=397 | lr=5.00e-04 | 5.3 it/s ETA 31m12s
Saved PyTorch checkpoint to results/checkpoints/causal_eps30_adam20k/best.pt
Saved PyTorch checkpoint to results/checkpoints/causal_eps30_adam20k/best.pt
Saved PyTorch checkpoint to results/checkpoints/causal_eps30_adam20k/best.pt
Saved PyTorch checkpoint to results/checkpoints/causal_eps30_adam20k/best.pt
Saved PyTorch checkpoint to results/checkpoints/causal_eps30_adam20k/best.pt
Saved PyTorch checkpoint to results/checkpoints/causal_eps30_adam20k/best.pt
Saved PyTorch checkpoint to results/checkpoints/causal_eps30_adam20k/best.pt
Saved PyTorch checkpoint to results/checkpoints/causal_eps30_adam20k/best.pt
Saved PyTorch checkpoint to results/checkpoints/causal_eps30_adam20k/best.pt
Saved PyTorch checkpoint to results/checkpoints/causal_eps30_adam20k/best.pt
Saved PyTorch checkpoint to results/checkpoints/causal_eps30_adam20k/best.pt
Saved PyTorch checkpoint to results/checkpoints/causal_eps30_adam20k/best.pt
Saved PyTorch checkpoint to results/checkpoints/causal_eps30_adam20k/best.pt
Saved PyTorch checkpoint to results/checkpoints/causal_eps30_adam20k/best.pt
Saved PyTorch checkpoint to results/checkpoints/causal_eps30_adam20k/best.pt
Saved PyTorch checkpoint to results/checkpoints/causal_eps30_adam20k/best.pt
Saved PyTorch checkpoint to results/checkpoints/causal_eps30_adam20k/best.pt
Saved PyTorch checkpoint to results/checkpoints/causal_eps30_adam20k/best.pt
Saved PyTorch checkpoint to results/checkpoints/causal_eps30_adam20k/best.pt
Saved PyTorch checkpoint to results/checkpoints/causal_eps30_adam20k/best.pt
Saved PyTorch checkpoint to results/checkpoints/causal_eps30_adam20k/best.pt
Saved PyTorch checkpoint to results/checkpoints/causal_eps30_adam20k/best.pt
Saved PyTorch checkpoint to results/checkpoints/causal_eps30_adam20k/best.pt
Saved PyTorch checkpoint to results/checkpoints/causal_eps30_adam20k/best.pt
Saved PyTorch checkpoint to results/checkpoints/causal_eps30_adam20k/best.pt
Saved PyTorch checkpoint to results/checkpoints/causal_eps30_adam20k/best.pt
Saved PyTorch checkpoint to results/checkpoints/causal_eps30_adam20k/best.pt
Saved PyTorch checkpoint to results/checkpoints/causal_eps30_adam20k/best.pt
Saved PyTorch checkpoint to results/checkpoints/causal_eps30_adam20k/best.pt
Saved PyTorch checkpoint to results/checkpoints/causal_eps30_adam20k/best.pt
Saved PyTorch checkpoint to results/checkpoints/causal_eps30_adam20k/best.pt
Saved PyTorch checkpoint to results/checkpoints/causal_eps30_adam20k/best.pt
Saved PyTorch checkpoint to results/checkpoints/causal_eps30_adam20k/best.pt
Saved PyTorch checkpoint to results/checkpoints/causal_eps30_adam20k/best.pt
Saved PyTorch checkpoint to results/checkpoints/causal_eps30_adam20k/best.pt
Saved PyTorch checkpoint to results/checkpoints/causal_eps30_adam20k/best.pt
Saved PyTorch checkpoint to results/checkpoints/causal_eps30_adam20k/best.pt
Saved PyTorch checkpoint to results/checkpoints/causal_eps30_adam20k/best.pt
Saved PyTorch checkpoint to results/checkpoints/causal_eps30_adam20k/best.pt
Saved PyTorch checkpoint to results/checkpoints/causal_eps30_adam20k/best.pt
Saved PyTorch checkpoint to results/checkpoints/causal_eps30_adam20k/best.pt
Saved PyTorch checkpoint to results/checkpoints/causal_eps30_adam20k/best.pt
Saved PyTorch checkpoint to results/checkpoints/causal_eps30_adam20k/best.pt
Saved PyTorch checkpoint to results/checkpoints/causal_eps30_adam20k/best.pt
Saved PyTorch checkpoint to results/checkpoints/causal_eps30_adam20k/best.pt
Saved PyTorch checkpoint to results/checkpoints/causal_eps30_adam20k/best.pt
Saved PyTorch checkpoint to results/checkpoints/causal_eps30_adam20k/best.pt
Saved PyTorch checkpoint to results/checkpoints/causal_eps30_adam20k/best.pt
Saved PyTorch checkpoint to results/checkpoints/causal_eps30_adam20k/best.pt
Saved PyTorch checkpoint to results/checkpoints/causal_eps30_adam20k/best.pt
Saved PyTorch checkpoint to results/checkpoints/causal_eps30_adam20k/best.pt
Saved PyTorch checkpoint to results/checkpoints/causal_eps30_adam20k/best.pt
Adam 10200/20000 | total=1.236e-02 true=1.336e-02 f=7.698e-03 ic=3.005e-04 wall=7.224e-04 inlet=1.379e-04 outlet=5.636e-05 | min_w=7.887e-01 unlocked=20/32 | best=1.336e-02@10199 stale=0 | lr=2.50e-04 | 5.3 it/s ETA 30m37s
Saved PyTorch checkpoint to results/checkpoints/causal_eps30_adam20k/best.pt
Saved PyTorch checkpoint to results/checkpoints/causal_eps30_adam20k/best.pt
Saved PyTorch checkpoint to results/checkpoints/causal_eps30_adam20k/best.pt
Saved PyTorch checkpoint to results/checkpoints/causal_eps30_adam20k/best.pt
Saved PyTorch checkpoint to results/checkpoints/causal_eps30_adam20k/best.pt
Saved PyTorch checkpoint to results/checkpoints/causal_eps30_adam20k/best.pt
Saved PyTorch checkpoint to results/checkpoints/causal_eps30_adam20k/best.pt
Saved PyTorch checkpoint to results/checkpoints/causal_eps30_adam20k/best.pt
Saved PyTorch checkpoint to results/checkpoints/causal_eps30_adam20k/best.pt
Saved PyTorch checkpoint to results/checkpoints/causal_eps30_adam20k/best.pt
Saved PyTorch checkpoint to results/checkpoints/causal_eps30_adam20k/best.pt
Saved PyTorch checkpoint to results/checkpoints/causal_eps30_adam20k/best.pt
Saved PyTorch checkpoint to results/checkpoints/causal_eps30_adam20k/best.pt
Saved PyTorch checkpoint to results/checkpoints/causal_eps30_adam20k/best.pt
Saved PyTorch checkpoint to results/checkpoints/causal_eps30_adam20k/best.pt
Saved PyTorch checkpoint to results/checkpoints/causal_eps30_adam20k/best.pt
Saved PyTorch checkpoint to results/checkpoints/causal_eps30_adam20k/best.pt
Saved PyTorch checkpoint to results/checkpoints/causal_eps30_adam20k/best.pt
Saved PyTorch checkpoint to results/checkpoints/causal_eps30_adam20k/best.pt
Saved PyTorch checkpoint to results/checkpoints/causal_eps30_adam20k/best.pt
Saved PyTorch checkpoint to results/checkpoints/causal_eps30_adam20k/best.pt
Saved PyTorch checkpoint to results/checkpoints/causal_eps30_adam20k/best.pt
Saved PyTorch checkpoint to results/checkpoints/causal_eps30_adam20k/best.pt
Saved PyTorch checkpoint to results/checkpoints/causal_eps30_adam20k/best.pt
Saved PyTorch checkpoint to results/checkpoints/causal_eps30_adam20k/best.pt
Saved PyTorch checkpoint to results/checkpoints/causal_eps30_adam20k/best.pt
Saved PyTorch checkpoint to results/checkpoints/causal_eps30_adam20k/best.pt
Saved PyTorch checkpoint to results/checkpoints/causal_eps30_adam20k/best.pt
Saved PyTorch checkpoint to results/checkpoints/causal_eps30_adam20k/best.pt
Saved PyTorch checkpoint to results/checkpoints/causal_eps30_adam20k/best.pt
Saved PyTorch checkpoint to results/checkpoints/causal_eps30_adam20k/best.pt
Saved PyTorch checkpoint to results/checkpoints/causal_eps30_adam20k/best.pt
Saved PyTorch checkpoint to results/checkpoints/causal_eps30_adam20k/best.pt
Saved PyTorch checkpoint to results/checkpoints/causal_eps30_adam20k/best.pt
Saved PyTorch checkpoint to results/checkpoints/causal_eps30_adam20k/best.pt
Saved PyTorch checkpoint to results/checkpoints/causal_eps30_adam20k/best.pt
Saved PyTorch checkpoint to results/checkpoints/causal_eps30_adam20k/best.pt
Saved PyTorch checkpoint to results/checkpoints/causal_eps30_adam20k/best.pt
Saved PyTorch checkpoint to results/checkpoints/causal_eps30_adam20k/best.pt
Saved PyTorch checkpoint to results/checkpoints/causal_eps30_adam20k/best.pt
Saved PyTorch checkpoint to results/checkpoints/causal_eps30_adam20k/best.pt
Saved PyTorch checkpoint to results/checkpoints/causal_eps30_adam20k/best.pt
Saved PyTorch checkpoint to results/checkpoints/causal_eps30_adam20k/best.pt
Saved PyTorch checkpoint to results/checkpoints/causal_eps30_adam20k/best.pt
Saved PyTorch checkpoint to results/checkpoints/causal_eps30_adam20k/best.pt
Saved PyTorch checkpoint to results/checkpoints/causal_eps30_adam20k/best.pt
Saved PyTorch checkpoint to results/checkpoints/causal_eps30_adam20k/best.pt
Saved PyTorch checkpoint to results/checkpoints/causal_eps30_adam20k/best.pt
Saved PyTorch checkpoint to results/checkpoints/causal_eps30_adam20k/best.pt
Saved PyTorch checkpoint to results/checkpoints/causal_eps30_adam20k/best.pt
Saved PyTorch checkpoint to results/checkpoints/causal_eps30_adam20k/best.pt
Saved PyTorch checkpoint to results/checkpoints/causal_eps30_adam20k/best.pt
Saved PyTorch checkpoint to results/checkpoints/causal_eps30_adam20k/best.pt
Saved PyTorch checkpoint to results/checkpoints/causal_eps30_adam20k/best.pt
Saved PyTorch checkpoint to results/checkpoints/causal_eps30_adam20k/best.pt
Saved PyTorch checkpoint to results/checkpoints/causal_eps30_adam20k/best.pt
Saved PyTorch checkpoint to results/checkpoints/causal_eps30_adam20k/best.pt
Saved PyTorch checkpoint to results/checkpoints/causal_eps30_adam20k/best.pt
Saved PyTorch checkpoint to results/checkpoints/causal_eps30_adam20k/best.pt
Saved PyTorch checkpoint to results/checkpoints/causal_eps30_adam20k/best.pt
Saved PyTorch checkpoint to results/checkpoints/causal_eps30_adam20k/best.pt
Saved PyTorch checkpoint to results/checkpoints/causal_eps30_adam20k/best.pt
Saved PyTorch checkpoint to results/checkpoints/causal_eps30_adam20k/best.pt
Saved PyTorch checkpoint to results/checkpoints/causal_eps30_adam20k/best.pt
Saved PyTorch checkpoint to results/checkpoints/causal_eps30_adam20k/best.pt
Saved PyTorch checkpoint to results/checkpoints/causal_eps30_adam20k/best.pt
Saved PyTorch checkpoint to results/checkpoints/causal_eps30_adam20k/best.pt
Saved PyTorch checkpoint to results/checkpoints/causal_eps30_adam20k/best.pt
Saved PyTorch checkpoint to results/checkpoints/causal_eps30_adam20k/best.pt
Saved PyTorch checkpoint to results/checkpoints/causal_eps30_adam20k/best.pt
Saved PyTorch checkpoint to results/checkpoints/causal_eps30_adam20k/best.pt
Saved PyTorch checkpoint to results/checkpoints/causal_eps30_adam20k/best.pt
Saved PyTorch checkpoint to results/checkpoints/causal_eps30_adam20k/best.pt
Saved PyTorch checkpoint to results/checkpoints/causal_eps30_adam20k/best.pt
Saved PyTorch checkpoint to results/checkpoints/causal_eps30_adam20k/best.pt
Saved PyTorch checkpoint to results/checkpoints/causal_eps30_adam20k/best.pt
Saved PyTorch checkpoint to results/checkpoints/causal_eps30_adam20k/best.pt
Saved PyTorch checkpoint to results/checkpoints/causal_eps30_adam20k/best.pt
Saved PyTorch checkpoint to results/checkpoints/causal_eps30_adam20k/best.pt
Saved PyTorch checkpoint to results/checkpoints/causal_eps30_adam20k/best.pt
Saved PyTorch checkpoint to results/checkpoints/causal_eps30_adam20k/best.pt
Saved PyTorch checkpoint to results/checkpoints/causal_eps30_adam20k/best.pt
Saved PyTorch checkpoint to results/checkpoints/causal_eps30_adam20k/best.pt
Saved PyTorch checkpoint to results/checkpoints/causal_eps30_adam20k/best.pt
Saved PyTorch checkpoint to results/checkpoints/causal_eps30_adam20k/best.pt
Saved PyTorch checkpoint to results/checkpoints/causal_eps30_adam20k/best.pt
Saved PyTorch checkpoint to results/checkpoints/causal_eps30_adam20k/best.pt
Saved PyTorch checkpoint to results/checkpoints/causal_eps30_adam20k/best.pt
Saved PyTorch checkpoint to results/checkpoints/causal_eps30_adam20k/best.pt
Saved PyTorch checkpoint to results/checkpoints/causal_eps30_adam20k/best.pt
Saved PyTorch checkpoint to results/checkpoints/causal_eps30_adam20k/best.pt
Saved PyTorch checkpoint to results/checkpoints/causal_eps30_adam20k/best.pt
Saved PyTorch checkpoint to results/checkpoints/causal_eps30_adam20k/best.pt
Saved PyTorch checkpoint to results/checkpoints/causal_eps30_adam20k/best.pt
Saved PyTorch checkpoint to results/checkpoints/causal_eps30_adam20k/best.pt
Saved PyTorch checkpoint to results/checkpoints/causal_eps30_adam20k/best.pt
Saved PyTorch checkpoint to results/checkpoints/causal_eps30_adam20k/best.pt
Saved PyTorch checkpoint to results/checkpoints/causal_eps30_adam20k/best.pt
Saved PyTorch checkpoint to results/checkpoints/causal_eps30_adam20k/best.pt
Saved PyTorch checkpoint to results/checkpoints/causal_eps30_adam20k/best.pt
Saved PyTorch checkpoint to results/checkpoints/causal_eps30_adam20k/best.pt
Saved PyTorch checkpoint to results/checkpoints/causal_eps30_adam20k/best.pt
Saved PyTorch checkpoint to results/checkpoints/causal_eps30_adam20k/best.pt
Saved PyTorch checkpoint to results/checkpoints/causal_eps30_adam20k/best.pt
Saved PyTorch checkpoint to results/checkpoints/causal_eps30_adam20k/best.pt
Saved PyTorch checkpoint to results/checkpoints/causal_eps30_adam20k/best.pt
Saved PyTorch checkpoint to results/checkpoints/causal_eps30_adam20k/best.pt
Saved PyTorch checkpoint to results/checkpoints/causal_eps30_adam20k/best.pt
Saved PyTorch checkpoint to results/checkpoints/causal_eps30_adam20k/best.pt
Saved PyTorch checkpoint to results/checkpoints/causal_eps30_adam20k/best.pt
Saved PyTorch checkpoint to results/checkpoints/causal_eps30_adam20k/best.pt
Saved PyTorch checkpoint to results/checkpoints/causal_eps30_adam20k/best.pt
Saved PyTorch checkpoint to results/checkpoints/causal_eps30_adam20k/best.pt
Saved PyTorch checkpoint to results/checkpoints/causal_eps30_adam20k/best.pt
Saved PyTorch checkpoint to results/checkpoints/causal_eps30_adam20k/best.pt
Saved PyTorch checkpoint to results/checkpoints/causal_eps30_adam20k/best.pt
Saved PyTorch checkpoint to results/checkpoints/causal_eps30_adam20k/best.pt
Saved PyTorch checkpoint to results/checkpoints/causal_eps30_adam20k/best.pt
Saved PyTorch checkpoint to results/checkpoints/causal_eps30_adam20k/best.pt
Saved PyTorch checkpoint to results/checkpoints/causal_eps30_adam20k/best.pt
Saved PyTorch checkpoint to results/checkpoints/causal_eps30_adam20k/best.pt
Saved PyTorch checkpoint to results/checkpoints/causal_eps30_adam20k/best.pt
Saved PyTorch checkpoint to results/checkpoints/causal_eps30_adam20k/best.pt
Saved PyTorch checkpoint to results/checkpoints/causal_eps30_adam20k/best.pt
Saved PyTorch checkpoint to results/checkpoints/causal_eps30_adam20k/best.pt
Saved PyTorch checkpoint to results/checkpoints/causal_eps30_adam20k/best.pt
Saved PyTorch checkpoint to results/checkpoints/causal_eps30_adam20k/best.pt
Saved PyTorch checkpoint to results/checkpoints/causal_eps30_adam20k/best.pt
Saved PyTorch checkpoint to results/checkpoints/causal_eps30_adam20k/best.pt
Saved PyTorch checkpoint to results/checkpoints/causal_eps30_adam20k/best.pt
Saved PyTorch checkpoint to results/checkpoints/causal_eps30_adam20k/best.pt
Saved PyTorch checkpoint to results/checkpoints/causal_eps30_adam20k/best.pt
Saved PyTorch checkpoint to results/checkpoints/causal_eps30_adam20k/best.pt
Saved PyTorch checkpoint to results/checkpoints/causal_eps30_adam20k/best.pt
Saved PyTorch checkpoint to results/checkpoints/causal_eps30_adam20k/best.pt
Saved PyTorch checkpoint to results/checkpoints/causal_eps30_adam20k/best.pt
Saved PyTorch checkpoint to results/checkpoints/causal_eps30_adam20k/best.pt
Saved PyTorch checkpoint to results/checkpoints/causal_eps30_adam20k/best.pt
Saved PyTorch checkpoint to results/checkpoints/causal_eps30_adam20k/best.pt
Saved PyTorch checkpoint to results/checkpoints/causal_eps30_adam20k/best.pt
Saved PyTorch checkpoint to results/checkpoints/causal_eps30_adam20k/best.pt
Saved PyTorch checkpoint to results/checkpoints/causal_eps30_adam20k/best.pt
Saved PyTorch checkpoint to results/checkpoints/causal_eps30_adam20k/best.pt
Saved PyTorch checkpoint to results/checkpoints/causal_eps30_adam20k/best.pt
Saved PyTorch checkpoint to results/checkpoints/causal_eps30_adam20k/best.pt
Saved PyTorch checkpoint to results/checkpoints/causal_eps30_adam20k/best.pt
Saved PyTorch checkpoint to results/checkpoints/causal_eps30_adam20k/best.pt
Saved PyTorch checkpoint to results/checkpoints/causal_eps30_adam20k/best.pt
Saved PyTorch checkpoint to results/checkpoints/causal_eps30_adam20k/best.pt
Saved PyTorch checkpoint to results/checkpoints/causal_eps30_adam20k/best.pt
Saved PyTorch checkpoint to results/checkpoints/causal_eps30_adam20k/best.pt
Saved PyTorch checkpoint to results/checkpoints/causal_eps30_adam20k/best.pt
Saved PyTorch checkpoint to results/checkpoints/causal_eps30_adam20k/best.pt
Saved PyTorch checkpoint to results/checkpoints/causal_eps30_adam20k/best.pt
Saved PyTorch checkpoint to results/checkpoints/causal_eps30_adam20k/best.pt
Saved PyTorch checkpoint to results/checkpoints/causal_eps30_adam20k/best.pt
Saved PyTorch checkpoint to results/checkpoints/causal_eps30_adam20k/best.pt
Saved PyTorch checkpoint to results/checkpoints/causal_eps30_adam20k/best.pt
Saved PyTorch checkpoint to results/checkpoints/causal_eps30_adam20k/best.pt
Saved PyTorch checkpoint to results/checkpoints/causal_eps30_adam20k/best.pt
Saved PyTorch checkpoint to results/checkpoints/causal_eps30_adam20k/best.pt
Saved PyTorch checkpoint to results/checkpoints/causal_eps30_adam20k/best.pt
Saved PyTorch checkpoint to results/checkpoints/causal_eps30_adam20k/best.pt
Saved PyTorch checkpoint to results/checkpoints/causal_eps30_adam20k/best.pt
Saved PyTorch checkpoint to results/checkpoints/causal_eps30_adam20k/best.pt
Saved PyTorch checkpoint to results/checkpoints/causal_eps30_adam20k/best.pt
Saved PyTorch checkpoint to results/checkpoints/causal_eps30_adam20k/best.pt
Saved PyTorch checkpoint to results/checkpoints/causal_eps30_adam20k/best.pt
Saved PyTorch checkpoint to results/checkpoints/causal_eps30_adam20k/best.pt
Saved PyTorch checkpoint to results/checkpoints/causal_eps30_adam20k/best.pt
Saved PyTorch checkpoint to results/checkpoints/causal_eps30_adam20k/best.pt
Saved PyTorch checkpoint to results/checkpoints/causal_eps30_adam20k/best.pt
Saved PyTorch checkpoint to results/checkpoints/causal_eps30_adam20k/best.pt
Saved PyTorch checkpoint to results/checkpoints/causal_eps30_adam20k/best.pt
Saved PyTorch checkpoint to results/checkpoints/causal_eps30_adam20k/best.pt
Saved PyTorch checkpoint to results/checkpoints/causal_eps30_adam20k/best.pt
Saved PyTorch checkpoint to results/checkpoints/causal_eps30_adam20k/best.pt
Saved PyTorch checkpoint to results/checkpoints/causal_eps30_adam20k/best.pt
Saved PyTorch checkpoint to results/checkpoints/causal_eps30_adam20k/best.pt
Saved PyTorch checkpoint to results/checkpoints/causal_eps30_adam20k/best.pt
Saved PyTorch checkpoint to results/checkpoints/causal_eps30_adam20k/best.pt
Saved PyTorch checkpoint to results/checkpoints/causal_eps30_adam20k/best.pt
Saved PyTorch checkpoint to results/checkpoints/causal_eps30_adam20k/best.pt
Saved PyTorch checkpoint to results/checkpoints/causal_eps30_adam20k/best.pt
Saved PyTorch checkpoint to results/checkpoints/causal_eps30_adam20k/best.pt
Saved PyTorch checkpoint to results/checkpoints/causal_eps30_adam20k/best.pt
Saved PyTorch checkpoint to results/checkpoints/causal_eps30_adam20k/best.pt
Saved PyTorch checkpoint to results/checkpoints/causal_eps30_adam20k/best.pt
Saved PyTorch checkpoint to results/checkpoints/causal_eps30_adam20k/best.pt
Saved PyTorch checkpoint to results/checkpoints/causal_eps30_adam20k/best.pt
Saved PyTorch checkpoint to results/checkpoints/causal_eps30_adam20k/best.pt
Saved PyTorch checkpoint to results/checkpoints/causal_eps30_adam20k/best.pt
Saved PyTorch checkpoint to results/checkpoints/causal_eps30_adam20k/best.pt
Saved PyTorch checkpoint to results/checkpoints/causal_eps30_adam20k/best.pt
Saved PyTorch checkpoint to results/checkpoints/causal_eps30_adam20k/best.pt
Saved PyTorch checkpoint to results/checkpoints/causal_eps30_adam20k/best.pt
Saved PyTorch checkpoint to results/checkpoints/causal_eps30_adam20k/best.pt
Saved PyTorch checkpoint to results/checkpoints/causal_eps30_adam20k/best.pt
Saved PyTorch checkpoint to results/checkpoints/causal_eps30_adam20k/best.pt
Saved PyTorch checkpoint to results/checkpoints/causal_eps30_adam20k/best.pt
Adam 10400/20000 | total=1.221e-02 true=1.320e-02 f=7.660e-03 ic=2.972e-04 wall=7.048e-04 inlet=1.341e-04 outlet=5.731e-05 | min_w=7.897e-01 unlocked=20/32 | best=1.320e-02@10399 stale=0 | lr=2.50e-04 | 5.3 it/s ETA 30m14s
Saved PyTorch checkpoint to results/checkpoints/causal_eps30_adam20k/best.pt
Saved PyTorch checkpoint to results/checkpoints/causal_eps30_adam20k/best.pt
Saved PyTorch checkpoint to results/checkpoints/causal_eps30_adam20k/best.pt
Saved PyTorch checkpoint to results/checkpoints/causal_eps30_adam20k/best.pt
Saved PyTorch checkpoint to results/checkpoints/causal_eps30_adam20k/best.pt
Saved PyTorch checkpoint to results/checkpoints/causal_eps30_adam20k/best.pt
Saved PyTorch checkpoint to results/checkpoints/causal_eps30_adam20k/best.pt
Saved PyTorch checkpoint to results/checkpoints/causal_eps30_adam20k/best.pt
Saved PyTorch checkpoint to results/checkpoints/causal_eps30_adam20k/best.pt
Saved PyTorch checkpoint to results/checkpoints/causal_eps30_adam20k/best.pt
Saved PyTorch checkpoint to results/checkpoints/causal_eps30_adam20k/best.pt
Saved PyTorch checkpoint to results/checkpoints/causal_eps30_adam20k/best.pt
Saved PyTorch checkpoint to results/checkpoints/causal_eps30_adam20k/best.pt
Saved PyTorch checkpoint to results/checkpoints/causal_eps30_adam20k/best.pt
Saved PyTorch checkpoint to results/checkpoints/causal_eps30_adam20k/best.pt
Saved PyTorch checkpoint to results/checkpoints/causal_eps30_adam20k/best.pt
Saved PyTorch checkpoint to results/checkpoints/causal_eps30_adam20k/best.pt
Saved PyTorch checkpoint to results/checkpoints/causal_eps30_adam20k/best.pt
Saved PyTorch checkpoint to results/checkpoints/causal_eps30_adam20k/best.pt
Saved PyTorch checkpoint to results/checkpoints/causal_eps30_adam20k/best.pt
Saved PyTorch checkpoint to results/checkpoints/causal_eps30_adam20k/best.pt
Saved PyTorch checkpoint to results/checkpoints/causal_eps30_adam20k/best.pt
Saved PyTorch checkpoint to results/checkpoints/causal_eps30_adam20k/best.pt
Saved PyTorch checkpoint to results/checkpoints/causal_eps30_adam20k/best.pt
Saved PyTorch checkpoint to results/checkpoints/causal_eps30_adam20k/best.pt
Saved PyTorch checkpoint to results/checkpoints/causal_eps30_adam20k/best.pt
Saved PyTorch checkpoint to results/checkpoints/causal_eps30_adam20k/best.pt
Saved PyTorch checkpoint to results/checkpoints/causal_eps30_adam20k/best.pt
Saved PyTorch checkpoint to results/checkpoints/causal_eps30_adam20k/best.pt
Saved PyTorch checkpoint to results/checkpoints/causal_eps30_adam20k/best.pt
Saved PyTorch checkpoint to results/checkpoints/causal_eps30_adam20k/best.pt
Saved PyTorch checkpoint to results/checkpoints/causal_eps30_adam20k/best.pt
Saved PyTorch checkpoint to results/checkpoints/causal_eps30_adam20k/best.pt
Saved PyTorch checkpoint to results/checkpoints/causal_eps30_adam20k/best.pt
Saved PyTorch checkpoint to results/checkpoints/causal_eps30_adam20k/best.pt
Saved PyTorch checkpoint to results/checkpoints/causal_eps30_adam20k/best.pt
Saved PyTorch checkpoint to results/checkpoints/causal_eps30_adam20k/best.pt
Saved PyTorch checkpoint to results/checkpoints/causal_eps30_adam20k/best.pt
Saved PyTorch checkpoint to results/checkpoints/causal_eps30_adam20k/best.pt
Saved PyTorch checkpoint to results/checkpoints/causal_eps30_adam20k/best.pt
Saved PyTorch checkpoint to results/checkpoints/causal_eps30_adam20k/best.pt
Saved PyTorch checkpoint to results/checkpoints/causal_eps30_adam20k/best.pt
Saved PyTorch checkpoint to results/checkpoints/causal_eps30_adam20k/best.pt
Saved PyTorch checkpoint to results/checkpoints/causal_eps30_adam20k/best.pt
Saved PyTorch checkpoint to results/checkpoints/causal_eps30_adam20k/best.pt
Saved PyTorch checkpoint to results/checkpoints/causal_eps30_adam20k/best.pt
Saved PyTorch checkpoint to results/checkpoints/causal_eps30_adam20k/best.pt
Saved PyTorch checkpoint to results/checkpoints/causal_eps30_adam20k/best.pt
Saved PyTorch checkpoint to results/checkpoints/causal_eps30_adam20k/best.pt
Saved PyTorch checkpoint to results/checkpoints/causal_eps30_adam20k/best.pt
Saved PyTorch checkpoint to results/checkpoints/causal_eps30_adam20k/best.pt
Saved PyTorch checkpoint to results/checkpoints/causal_eps30_adam20k/best.pt
Saved PyTorch checkpoint to results/checkpoints/causal_eps30_adam20k/best.pt
Saved PyTorch checkpoint to results/checkpoints/causal_eps30_adam20k/best.pt
Saved PyTorch checkpoint to results/checkpoints/causal_eps30_adam20k/best.pt
Saved PyTorch checkpoint to results/checkpoints/causal_eps30_adam20k/best.pt
Saved PyTorch checkpoint to results/checkpoints/causal_eps30_adam20k/best.pt
Saved PyTorch checkpoint to results/checkpoints/causal_eps30_adam20k/best.pt
Saved PyTorch checkpoint to results/checkpoints/causal_eps30_adam20k/best.pt
Saved PyTorch checkpoint to results/checkpoints/causal_eps30_adam20k/best.pt
Saved PyTorch checkpoint to results/checkpoints/causal_eps30_adam20k/best.pt
Saved PyTorch checkpoint to results/checkpoints/causal_eps30_adam20k/best.pt
Saved PyTorch checkpoint to results/checkpoints/causal_eps30_adam20k/best.pt
Saved PyTorch checkpoint to results/checkpoints/causal_eps30_adam20k/best.pt
Saved PyTorch checkpoint to results/checkpoints/causal_eps30_adam20k/best.pt
Saved PyTorch checkpoint to results/checkpoints/causal_eps30_adam20k/best.pt
Saved PyTorch checkpoint to results/checkpoints/causal_eps30_adam20k/best.pt
Saved PyTorch checkpoint to results/checkpoints/causal_eps30_adam20k/best.pt
Saved PyTorch checkpoint to results/checkpoints/causal_eps30_adam20k/best.pt
Saved PyTorch checkpoint to results/checkpoints/causal_eps30_adam20k/best.pt
Saved PyTorch checkpoint to results/checkpoints/causal_eps30_adam20k/best.pt
Saved PyTorch checkpoint to results/checkpoints/causal_eps30_adam20k/best.pt
Saved PyTorch checkpoint to results/checkpoints/causal_eps30_adam20k/best.pt
Saved PyTorch checkpoint to results/checkpoints/causal_eps30_adam20k/best.pt
Saved PyTorch checkpoint to results/checkpoints/causal_eps30_adam20k/best.pt
Saved PyTorch checkpoint to results/checkpoints/causal_eps30_adam20k/best.pt
Saved PyTorch checkpoint to results/checkpoints/causal_eps30_adam20k/best.pt
Saved PyTorch checkpoint to results/checkpoints/causal_eps30_adam20k/best.pt
Saved PyTorch checkpoint to results/checkpoints/causal_eps30_adam20k/best.pt
Saved PyTorch checkpoint to results/checkpoints/causal_eps30_adam20k/best.pt
Saved PyTorch checkpoint to results/checkpoints/causal_eps30_adam20k/best.pt
Saved PyTorch checkpoint to results/checkpoints/causal_eps30_adam20k/best.pt
Saved PyTorch checkpoint to results/checkpoints/causal_eps30_adam20k/best.pt
Saved PyTorch checkpoint to results/checkpoints/causal_eps30_adam20k/best.pt
Saved PyTorch checkpoint to results/checkpoints/causal_eps30_adam20k/best.pt
Saved PyTorch checkpoint to results/checkpoints/causal_eps30_adam20k/best.pt
Saved PyTorch checkpoint to results/checkpoints/causal_eps30_adam20k/best.pt
Saved PyTorch checkpoint to results/checkpoints/causal_eps30_adam20k/best.pt
Saved PyTorch checkpoint to results/checkpoints/causal_eps30_adam20k/best.pt
Saved PyTorch checkpoint to results/checkpoints/causal_eps30_adam20k/best.pt
Saved PyTorch checkpoint to results/checkpoints/causal_eps30_adam20k/best.pt
Saved PyTorch checkpoint to results/checkpoints/causal_eps30_adam20k/best.pt
Saved PyTorch checkpoint to results/checkpoints/causal_eps30_adam20k/best.pt
Saved PyTorch checkpoint to results/checkpoints/causal_eps30_adam20k/best.pt
Saved PyTorch checkpoint to results/checkpoints/causal_eps30_adam20k/best.pt
Saved PyTorch checkpoint to results/checkpoints/causal_eps30_adam20k/best.pt
Saved PyTorch checkpoint to results/checkpoints/causal_eps30_adam20k/best.pt
Saved PyTorch checkpoint to results/checkpoints/causal_eps30_adam20k/best.pt
Saved PyTorch checkpoint to results/checkpoints/causal_eps30_adam20k/best.pt
Saved PyTorch checkpoint to results/checkpoints/causal_eps30_adam20k/best.pt
Saved PyTorch checkpoint to results/checkpoints/causal_eps30_adam20k/best.pt
Saved PyTorch checkpoint to results/checkpoints/causal_eps30_adam20k/best.pt
Saved PyTorch checkpoint to results/checkpoints/causal_eps30_adam20k/best.pt
Saved PyTorch checkpoint to results/checkpoints/causal_eps30_adam20k/best.pt
Saved PyTorch checkpoint to results/checkpoints/causal_eps30_adam20k/best.pt
Saved PyTorch checkpoint to results/checkpoints/causal_eps30_adam20k/best.pt
Saved PyTorch checkpoint to results/checkpoints/causal_eps30_adam20k/best.pt
Saved PyTorch checkpoint to results/checkpoints/causal_eps30_adam20k/best.pt
Saved PyTorch checkpoint to results/checkpoints/causal_eps30_adam20k/best.pt
Saved PyTorch checkpoint to results/checkpoints/causal_eps30_adam20k/best.pt
Saved PyTorch checkpoint to results/checkpoints/causal_eps30_adam20k/best.pt
Saved PyTorch checkpoint to results/checkpoints/causal_eps30_adam20k/best.pt
Saved PyTorch checkpoint to results/checkpoints/causal_eps30_adam20k/best.pt
Saved PyTorch checkpoint to results/checkpoints/causal_eps30_adam20k/best.pt
Saved PyTorch checkpoint to results/checkpoints/causal_eps30_adam20k/best.pt
Saved PyTorch checkpoint to results/checkpoints/causal_eps30_adam20k/best.pt
Saved PyTorch checkpoint to results/checkpoints/causal_eps30_adam20k/best.pt
Saved PyTorch checkpoint to results/checkpoints/causal_eps30_adam20k/best.pt
Saved PyTorch checkpoint to results/checkpoints/causal_eps30_adam20k/best.pt
Saved PyTorch checkpoint to results/checkpoints/causal_eps30_adam20k/best.pt
Saved PyTorch checkpoint to results/checkpoints/causal_eps30_adam20k/best.pt
Saved PyTorch checkpoint to results/checkpoints/causal_eps30_adam20k/best.pt
Saved PyTorch checkpoint to results/checkpoints/causal_eps30_adam20k/best.pt
Saved PyTorch checkpoint to results/checkpoints/causal_eps30_adam20k/best.pt
Saved PyTorch checkpoint to results/checkpoints/causal_eps30_adam20k/best.pt
Saved PyTorch checkpoint to results/checkpoints/causal_eps30_adam20k/best.pt
Saved PyTorch checkpoint to results/checkpoints/causal_eps30_adam20k/best.pt
Saved PyTorch checkpoint to results/checkpoints/causal_eps30_adam20k/best.pt
Saved PyTorch checkpoint to results/checkpoints/causal_eps30_adam20k/best.pt
Saved PyTorch checkpoint to results/checkpoints/causal_eps30_adam20k/best.pt
Saved PyTorch checkpoint to results/checkpoints/causal_eps30_adam20k/best.pt
Saved PyTorch checkpoint to results/checkpoints/causal_eps30_adam20k/best.pt
Saved PyTorch checkpoint to results/checkpoints/causal_eps30_adam20k/best.pt
Saved PyTorch checkpoint to results/checkpoints/causal_eps30_adam20k/best.pt
Saved PyTorch checkpoint to results/checkpoints/causal_eps30_adam20k/best.pt
Saved PyTorch checkpoint to results/checkpoints/causal_eps30_adam20k/best.pt
Saved PyTorch checkpoint to results/checkpoints/causal_eps30_adam20k/best.pt
Saved PyTorch checkpoint to results/checkpoints/causal_eps30_adam20k/best.pt
Saved PyTorch checkpoint to results/checkpoints/causal_eps30_adam20k/best.pt
Saved PyTorch checkpoint to results/checkpoints/causal_eps30_adam20k/best.pt
Saved PyTorch checkpoint to results/checkpoints/causal_eps30_adam20k/best.pt
Saved PyTorch checkpoint to results/checkpoints/causal_eps30_adam20k/best.pt
Saved PyTorch checkpoint to results/checkpoints/causal_eps30_adam20k/best.pt
Saved PyTorch checkpoint to results/checkpoints/causal_eps30_adam20k/best.pt
Saved PyTorch checkpoint to results/checkpoints/causal_eps30_adam20k/best.pt
Saved PyTorch checkpoint to results/checkpoints/causal_eps30_adam20k/best.pt
Saved PyTorch checkpoint to results/checkpoints/causal_eps30_adam20k/best.pt
Saved PyTorch checkpoint to results/checkpoints/causal_eps30_adam20k/best.pt
Saved PyTorch checkpoint to results/checkpoints/causal_eps30_adam20k/best.pt
Saved PyTorch checkpoint to results/checkpoints/causal_eps30_adam20k/best.pt
Saved PyTorch checkpoint to results/checkpoints/causal_eps30_adam20k/best.pt
Saved PyTorch checkpoint to results/checkpoints/causal_eps30_adam20k/best.pt
Saved PyTorch checkpoint to results/checkpoints/causal_eps30_adam20k/best.pt
Saved PyTorch checkpoint to results/checkpoints/causal_eps30_adam20k/best.pt
Saved PyTorch checkpoint to results/checkpoints/causal_eps30_adam20k/best.pt
Saved PyTorch checkpoint to results/checkpoints/causal_eps30_adam20k/best.pt
Saved PyTorch checkpoint to results/checkpoints/causal_eps30_adam20k/best.pt
Saved PyTorch checkpoint to results/checkpoints/causal_eps30_adam20k/best.pt
Saved PyTorch checkpoint to results/checkpoints/causal_eps30_adam20k/best.pt
Saved PyTorch checkpoint to results/checkpoints/causal_eps30_adam20k/best.pt
Saved PyTorch checkpoint to results/checkpoints/causal_eps30_adam20k/best.pt
Saved PyTorch checkpoint to results/checkpoints/causal_eps30_adam20k/best.pt
Saved PyTorch checkpoint to results/checkpoints/causal_eps30_adam20k/best.pt
Saved PyTorch checkpoint to results/checkpoints/causal_eps30_adam20k/best.pt
Saved PyTorch checkpoint to results/checkpoints/causal_eps30_adam20k/best.pt
Saved PyTorch checkpoint to results/checkpoints/causal_eps30_adam20k/best.pt
Saved PyTorch checkpoint to results/checkpoints/causal_eps30_adam20k/best.pt
Saved PyTorch checkpoint to results/checkpoints/causal_eps30_adam20k/best.pt
Saved PyTorch checkpoint to results/checkpoints/causal_eps30_adam20k/best.pt
Saved PyTorch checkpoint to results/checkpoints/causal_eps30_adam20k/best.pt
Saved PyTorch checkpoint to results/checkpoints/causal_eps30_adam20k/best.pt
Saved PyTorch checkpoint to results/checkpoints/causal_eps30_adam20k/best.pt
Saved PyTorch checkpoint to results/checkpoints/causal_eps30_adam20k/best.pt
Saved PyTorch checkpoint to results/checkpoints/causal_eps30_adam20k/best.pt
Saved PyTorch checkpoint to results/checkpoints/causal_eps30_adam20k/best.pt
Saved PyTorch checkpoint to results/checkpoints/causal_eps30_adam20k/best.pt
Saved PyTorch checkpoint to results/checkpoints/causal_eps30_adam20k/best.pt
Saved PyTorch checkpoint to results/checkpoints/causal_eps30_adam20k/best.pt
Saved PyTorch checkpoint to results/checkpoints/causal_eps30_adam20k/best.pt
Saved PyTorch checkpoint to results/checkpoints/causal_eps30_adam20k/best.pt
Saved PyTorch checkpoint to results/checkpoints/causal_eps30_adam20k/best.pt
Saved PyTorch checkpoint to results/checkpoints/causal_eps30_adam20k/best.pt
Saved PyTorch checkpoint to results/checkpoints/causal_eps30_adam20k/best.pt
Saved PyTorch checkpoint to results/checkpoints/causal_eps30_adam20k/best.pt
Saved PyTorch checkpoint to results/checkpoints/causal_eps30_adam20k/best.pt
Saved PyTorch checkpoint to results/checkpoints/causal_eps30_adam20k/best.pt
Saved PyTorch checkpoint to results/checkpoints/causal_eps30_adam20k/best.pt
Saved PyTorch checkpoint to results/checkpoints/causal_eps30_adam20k/best.pt
Saved PyTorch checkpoint to results/checkpoints/causal_eps30_adam20k/best.pt
Saved PyTorch checkpoint to results/checkpoints/causal_eps30_adam20k/best.pt
Saved PyTorch checkpoint to results/checkpoints/causal_eps30_adam20k/best.pt
Saved PyTorch checkpoint to results/checkpoints/causal_eps30_adam20k/best.pt
Saved PyTorch checkpoint to results/checkpoints/causal_eps30_adam20k/best.pt
Saved PyTorch checkpoint to results/checkpoints/causal_eps30_adam20k/best.pt
Saved PyTorch checkpoint to results/checkpoints/causal_eps30_adam20k/best.pt
Saved PyTorch checkpoint to results/checkpoints/causal_eps30_adam20k/best.pt
Saved PyTorch checkpoint to results/checkpoints/causal_eps30_adam20k/best.pt
Saved PyTorch checkpoint to results/checkpoints/causal_eps30_adam20k/best.pt
Saved PyTorch checkpoint to results/checkpoints/causal_eps30_adam20k/best.pt
Saved PyTorch checkpoint to results/checkpoints/causal_eps30_adam20k/best.pt
Adam 10600/20000 | total=1.206e-02 true=1.304e-02 f=7.605e-03 ic=2.929e-04 wall=6.895e-04 inlet=1.308e-04 outlet=5.807e-05 | min_w=7.912e-01 unlocked=20/32 | best=1.304e-02@10599 stale=0 | lr=2.50e-04 | 5.3 it/s ETA 29m49s
Saved PyTorch checkpoint to results/checkpoints/causal_eps30_adam20k/best.pt
Saved PyTorch checkpoint to results/checkpoints/causal_eps30_adam20k/best.pt
Saved PyTorch checkpoint to results/checkpoints/causal_eps30_adam20k/best.pt
Saved PyTorch checkpoint to results/checkpoints/causal_eps30_adam20k/best.pt
Saved PyTorch checkpoint to results/checkpoints/causal_eps30_adam20k/best.pt
Saved PyTorch checkpoint to results/checkpoints/causal_eps30_adam20k/best.pt
Saved PyTorch checkpoint to results/checkpoints/causal_eps30_adam20k/best.pt
Saved PyTorch checkpoint to results/checkpoints/causal_eps30_adam20k/best.pt
Saved PyTorch checkpoint to results/checkpoints/causal_eps30_adam20k/best.pt
Saved PyTorch checkpoint to results/checkpoints/causal_eps30_adam20k/best.pt
Saved PyTorch checkpoint to results/checkpoints/causal_eps30_adam20k/best.pt
Saved PyTorch checkpoint to results/checkpoints/causal_eps30_adam20k/best.pt
Saved PyTorch checkpoint to results/checkpoints/causal_eps30_adam20k/best.pt
Saved PyTorch checkpoint to results/checkpoints/causal_eps30_adam20k/best.pt
Saved PyTorch checkpoint to results/checkpoints/causal_eps30_adam20k/best.pt
Saved PyTorch checkpoint to results/checkpoints/causal_eps30_adam20k/best.pt
Saved PyTorch checkpoint to results/checkpoints/causal_eps30_adam20k/best.pt
Saved PyTorch checkpoint to results/checkpoints/causal_eps30_adam20k/best.pt
Saved PyTorch checkpoint to results/checkpoints/causal_eps30_adam20k/best.pt
Saved PyTorch checkpoint to results/checkpoints/causal_eps30_adam20k/best.pt
Saved PyTorch checkpoint to results/checkpoints/causal_eps30_adam20k/best.pt
Saved PyTorch checkpoint to results/checkpoints/causal_eps30_adam20k/best.pt
Saved PyTorch checkpoint to results/checkpoints/causal_eps30_adam20k/best.pt
Saved PyTorch checkpoint to results/checkpoints/causal_eps30_adam20k/best.pt
Saved PyTorch checkpoint to results/checkpoints/causal_eps30_adam20k/best.pt
Saved PyTorch checkpoint to results/checkpoints/causal_eps30_adam20k/best.pt
Saved PyTorch checkpoint to results/checkpoints/causal_eps30_adam20k/best.pt
Saved PyTorch checkpoint to results/checkpoints/causal_eps30_adam20k/best.pt
Saved PyTorch checkpoint to results/checkpoints/causal_eps30_adam20k/best.pt
Saved PyTorch checkpoint to results/checkpoints/causal_eps30_adam20k/best.pt
Saved PyTorch checkpoint to results/checkpoints/causal_eps30_adam20k/best.pt
Saved PyTorch checkpoint to results/checkpoints/causal_eps30_adam20k/best.pt
Saved PyTorch checkpoint to results/checkpoints/causal_eps30_adam20k/best.pt
Saved PyTorch checkpoint to results/checkpoints/causal_eps30_adam20k/best.pt
Saved PyTorch checkpoint to results/checkpoints/causal_eps30_adam20k/best.pt
Saved PyTorch checkpoint to results/checkpoints/causal_eps30_adam20k/best.pt
Saved PyTorch checkpoint to results/checkpoints/causal_eps30_adam20k/best.pt
Saved PyTorch checkpoint to results/checkpoints/causal_eps30_adam20k/best.pt
Saved PyTorch checkpoint to results/checkpoints/causal_eps30_adam20k/best.pt
Saved PyTorch checkpoint to results/checkpoints/causal_eps30_adam20k/best.pt
Saved PyTorch checkpoint to results/checkpoints/causal_eps30_adam20k/best.pt
Saved PyTorch checkpoint to results/checkpoints/causal_eps30_adam20k/best.pt
Saved PyTorch checkpoint to results/checkpoints/causal_eps30_adam20k/best.pt
Saved PyTorch checkpoint to results/checkpoints/causal_eps30_adam20k/best.pt
Saved PyTorch checkpoint to results/checkpoints/causal_eps30_adam20k/best.pt
Saved PyTorch checkpoint to results/checkpoints/causal_eps30_adam20k/best.pt
Saved PyTorch checkpoint to results/checkpoints/causal_eps30_adam20k/best.pt
Saved PyTorch checkpoint to results/checkpoints/causal_eps30_adam20k/best.pt
Saved PyTorch checkpoint to results/checkpoints/causal_eps30_adam20k/best.pt
Saved PyTorch checkpoint to results/checkpoints/causal_eps30_adam20k/best.pt
Saved PyTorch checkpoint to results/checkpoints/causal_eps30_adam20k/best.pt
Saved PyTorch checkpoint to results/checkpoints/causal_eps30_adam20k/best.pt
Saved PyTorch checkpoint to results/checkpoints/causal_eps30_adam20k/best.pt
Saved PyTorch checkpoint to results/checkpoints/causal_eps30_adam20k/best.pt
Saved PyTorch checkpoint to results/checkpoints/causal_eps30_adam20k/best.pt
Saved PyTorch checkpoint to results/checkpoints/causal_eps30_adam20k/best.pt
Saved PyTorch checkpoint to results/checkpoints/causal_eps30_adam20k/best.pt
Saved PyTorch checkpoint to results/checkpoints/causal_eps30_adam20k/best.pt
Saved PyTorch checkpoint to results/checkpoints/causal_eps30_adam20k/best.pt
Saved PyTorch checkpoint to results/checkpoints/causal_eps30_adam20k/best.pt
Saved PyTorch checkpoint to results/checkpoints/causal_eps30_adam20k/best.pt
Saved PyTorch checkpoint to results/checkpoints/causal_eps30_adam20k/best.pt
Saved PyTorch checkpoint to results/checkpoints/causal_eps30_adam20k/best.pt
Saved PyTorch checkpoint to results/checkpoints/causal_eps30_adam20k/best.pt
Saved PyTorch checkpoint to results/checkpoints/causal_eps30_adam20k/best.pt
Saved PyTorch checkpoint to results/checkpoints/causal_eps30_adam20k/best.pt
Saved PyTorch checkpoint to results/checkpoints/causal_eps30_adam20k/best.pt
Saved PyTorch checkpoint to results/checkpoints/causal_eps30_adam20k/best.pt
Saved PyTorch checkpoint to results/checkpoints/causal_eps30_adam20k/best.pt
Saved PyTorch checkpoint to results/checkpoints/causal_eps30_adam20k/best.pt
Saved PyTorch checkpoint to results/checkpoints/causal_eps30_adam20k/best.pt
Saved PyTorch checkpoint to results/checkpoints/causal_eps30_adam20k/best.pt
Saved PyTorch checkpoint to results/checkpoints/causal_eps30_adam20k/best.pt
Saved PyTorch checkpoint to results/checkpoints/causal_eps30_adam20k/best.pt
Saved PyTorch checkpoint to results/checkpoints/causal_eps30_adam20k/best.pt
Saved PyTorch checkpoint to results/checkpoints/causal_eps30_adam20k/best.pt
Saved PyTorch checkpoint to results/checkpoints/causal_eps30_adam20k/best.pt
Saved PyTorch checkpoint to results/checkpoints/causal_eps30_adam20k/best.pt
Saved PyTorch checkpoint to results/checkpoints/causal_eps30_adam20k/best.pt
Saved PyTorch checkpoint to results/checkpoints/causal_eps30_adam20k/best.pt
Saved PyTorch checkpoint to results/checkpoints/causal_eps30_adam20k/best.pt
Saved PyTorch checkpoint to results/checkpoints/causal_eps30_adam20k/best.pt
Saved PyTorch checkpoint to results/checkpoints/causal_eps30_adam20k/best.pt
Saved PyTorch checkpoint to results/checkpoints/causal_eps30_adam20k/best.pt
Saved PyTorch checkpoint to results/checkpoints/causal_eps30_adam20k/best.pt
Saved PyTorch checkpoint to results/checkpoints/causal_eps30_adam20k/best.pt
Saved PyTorch checkpoint to results/checkpoints/causal_eps30_adam20k/best.pt
Saved PyTorch checkpoint to results/checkpoints/causal_eps30_adam20k/best.pt
Saved PyTorch checkpoint to results/checkpoints/causal_eps30_adam20k/best.pt
Saved PyTorch checkpoint to results/checkpoints/causal_eps30_adam20k/best.pt
Saved PyTorch checkpoint to results/checkpoints/causal_eps30_adam20k/best.pt
Saved PyTorch checkpoint to results/checkpoints/causal_eps30_adam20k/best.pt
Saved PyTorch checkpoint to results/checkpoints/causal_eps30_adam20k/best.pt
Saved PyTorch checkpoint to results/checkpoints/causal_eps30_adam20k/best.pt
Saved PyTorch checkpoint to results/checkpoints/causal_eps30_adam20k/best.pt
Saved PyTorch checkpoint to results/checkpoints/causal_eps30_adam20k/best.pt
Saved PyTorch checkpoint to results/checkpoints/causal_eps30_adam20k/best.pt
Saved PyTorch checkpoint to results/checkpoints/causal_eps30_adam20k/best.pt
Saved PyTorch checkpoint to results/checkpoints/causal_eps30_adam20k/best.pt
Saved PyTorch checkpoint to results/checkpoints/causal_eps30_adam20k/best.pt
Saved PyTorch checkpoint to results/checkpoints/causal_eps30_adam20k/best.pt
Saved PyTorch checkpoint to results/checkpoints/causal_eps30_adam20k/best.pt
Saved PyTorch checkpoint to results/checkpoints/causal_eps30_adam20k/best.pt
Saved PyTorch checkpoint to results/checkpoints/causal_eps30_adam20k/best.pt
Saved PyTorch checkpoint to results/checkpoints/causal_eps30_adam20k/best.pt
Saved PyTorch checkpoint to results/checkpoints/causal_eps30_adam20k/best.pt
Saved PyTorch checkpoint to results/checkpoints/causal_eps30_adam20k/best.pt
Saved PyTorch checkpoint to results/checkpoints/causal_eps30_adam20k/best.pt
Saved PyTorch checkpoint to results/checkpoints/causal_eps30_adam20k/best.pt
Saved PyTorch checkpoint to results/checkpoints/causal_eps30_adam20k/best.pt
Saved PyTorch checkpoint to results/checkpoints/causal_eps30_adam20k/best.pt
Saved PyTorch checkpoint to results/checkpoints/causal_eps30_adam20k/best.pt
Saved PyTorch checkpoint to results/checkpoints/causal_eps30_adam20k/best.pt
Saved PyTorch checkpoint to results/checkpoints/causal_eps30_adam20k/best.pt
Saved PyTorch checkpoint to results/checkpoints/causal_eps30_adam20k/best.pt
Saved PyTorch checkpoint to results/checkpoints/causal_eps30_adam20k/best.pt
Saved PyTorch checkpoint to results/checkpoints/causal_eps30_adam20k/best.pt
Saved PyTorch checkpoint to results/checkpoints/causal_eps30_adam20k/best.pt
Saved PyTorch checkpoint to results/checkpoints/causal_eps30_adam20k/best.pt
Saved PyTorch checkpoint to results/checkpoints/causal_eps30_adam20k/best.pt
Saved PyTorch checkpoint to results/checkpoints/causal_eps30_adam20k/best.pt
Saved PyTorch checkpoint to results/checkpoints/causal_eps30_adam20k/best.pt
Saved PyTorch checkpoint to results/checkpoints/causal_eps30_adam20k/best.pt
Saved PyTorch checkpoint to results/checkpoints/causal_eps30_adam20k/best.pt
Saved PyTorch checkpoint to results/checkpoints/causal_eps30_adam20k/best.pt
Saved PyTorch checkpoint to results/checkpoints/causal_eps30_adam20k/best.pt
Saved PyTorch checkpoint to results/checkpoints/causal_eps30_adam20k/best.pt
Saved PyTorch checkpoint to results/checkpoints/causal_eps30_adam20k/best.pt
Saved PyTorch checkpoint to results/checkpoints/causal_eps30_adam20k/best.pt
Saved PyTorch checkpoint to results/checkpoints/causal_eps30_adam20k/best.pt
Saved PyTorch checkpoint to results/checkpoints/causal_eps30_adam20k/best.pt
Saved PyTorch checkpoint to results/checkpoints/causal_eps30_adam20k/best.pt
Saved PyTorch checkpoint to results/checkpoints/causal_eps30_adam20k/best.pt
Saved PyTorch checkpoint to results/checkpoints/causal_eps30_adam20k/best.pt
Saved PyTorch checkpoint to results/checkpoints/causal_eps30_adam20k/best.pt
Saved PyTorch checkpoint to results/checkpoints/causal_eps30_adam20k/best.pt
Saved PyTorch checkpoint to results/checkpoints/causal_eps30_adam20k/best.pt
Saved PyTorch checkpoint to results/checkpoints/causal_eps30_adam20k/best.pt
Saved PyTorch checkpoint to results/checkpoints/causal_eps30_adam20k/best.pt
Saved PyTorch checkpoint to results/checkpoints/causal_eps30_adam20k/best.pt
Saved PyTorch checkpoint to results/checkpoints/causal_eps30_adam20k/best.pt
Saved PyTorch checkpoint to results/checkpoints/causal_eps30_adam20k/best.pt
Saved PyTorch checkpoint to results/checkpoints/causal_eps30_adam20k/best.pt
Saved PyTorch checkpoint to results/checkpoints/causal_eps30_adam20k/best.pt
Saved PyTorch checkpoint to results/checkpoints/causal_eps30_adam20k/best.pt
Saved PyTorch checkpoint to results/checkpoints/causal_eps30_adam20k/best.pt
Saved PyTorch checkpoint to results/checkpoints/causal_eps30_adam20k/best.pt
Saved PyTorch checkpoint to results/checkpoints/causal_eps30_adam20k/best.pt
Saved PyTorch checkpoint to results/checkpoints/causal_eps30_adam20k/best.pt
Saved PyTorch checkpoint to results/checkpoints/causal_eps30_adam20k/best.pt
Saved PyTorch checkpoint to results/checkpoints/causal_eps30_adam20k/best.pt
Saved PyTorch checkpoint to results/checkpoints/causal_eps30_adam20k/best.pt
Saved PyTorch checkpoint to results/checkpoints/causal_eps30_adam20k/best.pt
Saved PyTorch checkpoint to results/checkpoints/causal_eps30_adam20k/best.pt
Saved PyTorch checkpoint to results/checkpoints/causal_eps30_adam20k/best.pt
Saved PyTorch checkpoint to results/checkpoints/causal_eps30_adam20k/best.pt
Saved PyTorch checkpoint to results/checkpoints/causal_eps30_adam20k/best.pt
Saved PyTorch checkpoint to results/checkpoints/causal_eps30_adam20k/best.pt
Saved PyTorch checkpoint to results/checkpoints/causal_eps30_adam20k/best.pt
Saved PyTorch checkpoint to results/checkpoints/causal_eps30_adam20k/best.pt
Saved PyTorch checkpoint to results/checkpoints/causal_eps30_adam20k/best.pt
Saved PyTorch checkpoint to results/checkpoints/causal_eps30_adam20k/best.pt
Saved PyTorch checkpoint to results/checkpoints/causal_eps30_adam20k/best.pt
Saved PyTorch checkpoint to results/checkpoints/causal_eps30_adam20k/best.pt
Saved PyTorch checkpoint to results/checkpoints/causal_eps30_adam20k/best.pt
Saved PyTorch checkpoint to results/checkpoints/causal_eps30_adam20k/best.pt
Saved PyTorch checkpoint to results/checkpoints/causal_eps30_adam20k/best.pt
Saved PyTorch checkpoint to results/checkpoints/causal_eps30_adam20k/best.pt
Saved PyTorch checkpoint to results/checkpoints/causal_eps30_adam20k/best.pt
Saved PyTorch checkpoint to results/checkpoints/causal_eps30_adam20k/best.pt
Saved PyTorch checkpoint to results/checkpoints/causal_eps30_adam20k/best.pt
Saved PyTorch checkpoint to results/checkpoints/causal_eps30_adam20k/best.pt
Saved PyTorch checkpoint to results/checkpoints/causal_eps30_adam20k/best.pt
Saved PyTorch checkpoint to results/checkpoints/causal_eps30_adam20k/best.pt
Saved PyTorch checkpoint to results/checkpoints/causal_eps30_adam20k/best.pt
Saved PyTorch checkpoint to results/checkpoints/causal_eps30_adam20k/best.pt
Saved PyTorch checkpoint to results/checkpoints/causal_eps30_adam20k/best.pt
Saved PyTorch checkpoint to results/checkpoints/causal_eps30_adam20k/best.pt
Saved PyTorch checkpoint to results/checkpoints/causal_eps30_adam20k/best.pt
Saved PyTorch checkpoint to results/checkpoints/causal_eps30_adam20k/best.pt
Saved PyTorch checkpoint to results/checkpoints/causal_eps30_adam20k/best.pt
Saved PyTorch checkpoint to results/checkpoints/causal_eps30_adam20k/best.pt
Saved PyTorch checkpoint to results/checkpoints/causal_eps30_adam20k/best.pt
Saved PyTorch checkpoint to results/checkpoints/causal_eps30_adam20k/best.pt
Saved PyTorch checkpoint to results/checkpoints/causal_eps30_adam20k/best.pt
Saved PyTorch checkpoint to results/checkpoints/causal_eps30_adam20k/best.pt
Saved PyTorch checkpoint to results/checkpoints/causal_eps30_adam20k/best.pt
Saved PyTorch checkpoint to results/checkpoints/causal_eps30_adam20k/best.pt
Saved PyTorch checkpoint to results/checkpoints/causal_eps30_adam20k/best.pt
Saved PyTorch checkpoint to results/checkpoints/causal_eps30_adam20k/best.pt
Saved PyTorch checkpoint to results/checkpoints/causal_eps30_adam20k/best.pt
Saved PyTorch checkpoint to results/checkpoints/causal_eps30_adam20k/best.pt
Saved PyTorch checkpoint to results/checkpoints/causal_eps30_adam20k/best.pt
Saved PyTorch checkpoint to results/checkpoints/causal_eps30_adam20k/best.pt
Saved PyTorch checkpoint to results/checkpoints/causal_eps30_adam20k/best.pt
Saved PyTorch checkpoint to results/checkpoints/causal_eps30_adam20k/best.pt
Saved PyTorch checkpoint to results/checkpoints/causal_eps30_adam20k/best.pt
Saved PyTorch checkpoint to results/checkpoints/causal_eps30_adam20k/best.pt
Saved PyTorch checkpoint to results/checkpoints/causal_eps30_adam20k/best.pt
Saved PyTorch checkpoint to results/checkpoints/causal_eps30_adam20k/best.pt
Adam 10800/20000 | total=1.190e-02 true=1.286e-02 f=7.540e-03 ic=2.882e-04 wall=6.745e-04 inlet=1.274e-04 outlet=5.882e-05 | min_w=7.929e-01 unlocked=20/32 | best=1.286e-02@10799 stale=0 | lr=2.50e-04 | 5.2 it/s ETA 29m24s
Saved PyTorch checkpoint to results/checkpoints/causal_eps30_adam20k/best.pt
Saved PyTorch checkpoint to results/checkpoints/causal_eps30_adam20k/best.pt
Saved PyTorch checkpoint to results/checkpoints/causal_eps30_adam20k/best.pt
Saved PyTorch checkpoint to results/checkpoints/causal_eps30_adam20k/best.pt
Saved PyTorch checkpoint to results/checkpoints/causal_eps30_adam20k/best.pt
Saved PyTorch checkpoint to results/checkpoints/causal_eps30_adam20k/best.pt
Saved PyTorch checkpoint to results/checkpoints/causal_eps30_adam20k/best.pt
Saved PyTorch checkpoint to results/checkpoints/causal_eps30_adam20k/best.pt
Saved PyTorch checkpoint to results/checkpoints/causal_eps30_adam20k/best.pt
Saved PyTorch checkpoint to results/checkpoints/causal_eps30_adam20k/best.pt
Saved PyTorch checkpoint to results/checkpoints/causal_eps30_adam20k/best.pt
Saved PyTorch checkpoint to results/checkpoints/causal_eps30_adam20k/best.pt
Saved PyTorch checkpoint to results/checkpoints/causal_eps30_adam20k/best.pt
Saved PyTorch checkpoint to results/checkpoints/causal_eps30_adam20k/best.pt
Saved PyTorch checkpoint to results/checkpoints/causal_eps30_adam20k/best.pt
Saved PyTorch checkpoint to results/checkpoints/causal_eps30_adam20k/best.pt
Saved PyTorch checkpoint to results/checkpoints/causal_eps30_adam20k/best.pt
Saved PyTorch checkpoint to results/checkpoints/causal_eps30_adam20k/best.pt
Saved PyTorch checkpoint to results/checkpoints/causal_eps30_adam20k/best.pt
Saved PyTorch checkpoint to results/checkpoints/causal_eps30_adam20k/best.pt
Saved PyTorch checkpoint to results/checkpoints/causal_eps30_adam20k/best.pt
Saved PyTorch checkpoint to results/checkpoints/causal_eps30_adam20k/best.pt
Saved PyTorch checkpoint to results/checkpoints/causal_eps30_adam20k/best.pt
Saved PyTorch checkpoint to results/checkpoints/causal_eps30_adam20k/best.pt
Saved PyTorch checkpoint to results/checkpoints/causal_eps30_adam20k/best.pt
Saved PyTorch checkpoint to results/checkpoints/causal_eps30_adam20k/best.pt
Saved PyTorch checkpoint to results/checkpoints/causal_eps30_adam20k/best.pt
Saved PyTorch checkpoint to results/checkpoints/causal_eps30_adam20k/best.pt
Saved PyTorch checkpoint to results/checkpoints/causal_eps30_adam20k/best.pt
Saved PyTorch checkpoint to results/checkpoints/causal_eps30_adam20k/best.pt
Saved PyTorch checkpoint to results/checkpoints/causal_eps30_adam20k/best.pt
Saved PyTorch checkpoint to results/checkpoints/causal_eps30_adam20k/best.pt
Saved PyTorch checkpoint to results/checkpoints/causal_eps30_adam20k/best.pt
Saved PyTorch checkpoint to results/checkpoints/causal_eps30_adam20k/best.pt
Saved PyTorch checkpoint to results/checkpoints/causal_eps30_adam20k/best.pt
Saved PyTorch checkpoint to results/checkpoints/causal_eps30_adam20k/best.pt
Saved PyTorch checkpoint to results/checkpoints/causal_eps30_adam20k/best.pt
Saved PyTorch checkpoint to results/checkpoints/causal_eps30_adam20k/best.pt
Saved PyTorch checkpoint to results/checkpoints/causal_eps30_adam20k/best.pt
Saved PyTorch checkpoint to results/checkpoints/causal_eps30_adam20k/best.pt
Saved PyTorch checkpoint to results/checkpoints/causal_eps30_adam20k/best.pt
Saved PyTorch checkpoint to results/checkpoints/causal_eps30_adam20k/best.pt
Saved PyTorch checkpoint to results/checkpoints/causal_eps30_adam20k/best.pt
Saved PyTorch checkpoint to results/checkpoints/causal_eps30_adam20k/best.pt
Saved PyTorch checkpoint to results/checkpoints/causal_eps30_adam20k/best.pt
Saved PyTorch checkpoint to results/checkpoints/causal_eps30_adam20k/best.pt
Saved PyTorch checkpoint to results/checkpoints/causal_eps30_adam20k/best.pt
Saved PyTorch checkpoint to results/checkpoints/causal_eps30_adam20k/best.pt
Saved PyTorch checkpoint to results/checkpoints/causal_eps30_adam20k/best.pt
Saved PyTorch checkpoint to results/checkpoints/causal_eps30_adam20k/best.pt
Saved PyTorch checkpoint to results/checkpoints/causal_eps30_adam20k/best.pt
Saved PyTorch checkpoint to results/checkpoints/causal_eps30_adam20k/best.pt
Saved PyTorch checkpoint to results/checkpoints/causal_eps30_adam20k/best.pt
Saved PyTorch checkpoint to results/checkpoints/causal_eps30_adam20k/best.pt
Saved PyTorch checkpoint to results/checkpoints/causal_eps30_adam20k/best.pt
Saved PyTorch checkpoint to results/checkpoints/causal_eps30_adam20k/best.pt
Saved PyTorch checkpoint to results/checkpoints/causal_eps30_adam20k/best.pt
Saved PyTorch checkpoint to results/checkpoints/causal_eps30_adam20k/best.pt
Saved PyTorch checkpoint to results/checkpoints/causal_eps30_adam20k/best.pt
Saved PyTorch checkpoint to results/checkpoints/causal_eps30_adam20k/best.pt
Saved PyTorch checkpoint to results/checkpoints/causal_eps30_adam20k/best.pt
Saved PyTorch checkpoint to results/checkpoints/causal_eps30_adam20k/best.pt
Saved PyTorch checkpoint to results/checkpoints/causal_eps30_adam20k/best.pt
Saved PyTorch checkpoint to results/checkpoints/causal_eps30_adam20k/best.pt
Saved PyTorch checkpoint to results/checkpoints/causal_eps30_adam20k/best.pt
Saved PyTorch checkpoint to results/checkpoints/causal_eps30_adam20k/best.pt
Saved PyTorch checkpoint to results/checkpoints/causal_eps30_adam20k/best.pt
Saved PyTorch checkpoint to results/checkpoints/causal_eps30_adam20k/best.pt
Saved PyTorch checkpoint to results/checkpoints/causal_eps30_adam20k/best.pt
Saved PyTorch checkpoint to results/checkpoints/causal_eps30_adam20k/best.pt
Saved PyTorch checkpoint to results/checkpoints/causal_eps30_adam20k/best.pt
Saved PyTorch checkpoint to results/checkpoints/causal_eps30_adam20k/best.pt
Saved PyTorch checkpoint to results/checkpoints/causal_eps30_adam20k/best.pt
Saved PyTorch checkpoint to results/checkpoints/causal_eps30_adam20k/best.pt
Saved PyTorch checkpoint to results/checkpoints/causal_eps30_adam20k/best.pt
Saved PyTorch checkpoint to results/checkpoints/causal_eps30_adam20k/best.pt
Saved PyTorch checkpoint to results/checkpoints/causal_eps30_adam20k/best.pt
Saved PyTorch checkpoint to results/checkpoints/causal_eps30_adam20k/best.pt
Saved PyTorch checkpoint to results/checkpoints/causal_eps30_adam20k/best.pt
Saved PyTorch checkpoint to results/checkpoints/causal_eps30_adam20k/best.pt
Saved PyTorch checkpoint to results/checkpoints/causal_eps30_adam20k/best.pt
Saved PyTorch checkpoint to results/checkpoints/causal_eps30_adam20k/best.pt
Saved PyTorch checkpoint to results/checkpoints/causal_eps30_adam20k/best.pt
Saved PyTorch checkpoint to results/checkpoints/causal_eps30_adam20k/best.pt
Saved PyTorch checkpoint to results/checkpoints/causal_eps30_adam20k/best.pt
Saved PyTorch checkpoint to results/checkpoints/causal_eps30_adam20k/best.pt
Saved PyTorch checkpoint to results/checkpoints/causal_eps30_adam20k/best.pt
Saved PyTorch checkpoint to results/checkpoints/causal_eps30_adam20k/best.pt
Saved PyTorch checkpoint to results/checkpoints/causal_eps30_adam20k/best.pt
Saved PyTorch checkpoint to results/checkpoints/causal_eps30_adam20k/best.pt
Saved PyTorch checkpoint to results/checkpoints/causal_eps30_adam20k/best.pt
Saved PyTorch checkpoint to results/checkpoints/causal_eps30_adam20k/best.pt
Saved PyTorch checkpoint to results/checkpoints/causal_eps30_adam20k/best.pt
Saved PyTorch checkpoint to results/checkpoints/causal_eps30_adam20k/best.pt
Saved PyTorch checkpoint to results/checkpoints/causal_eps30_adam20k/best.pt
Saved PyTorch checkpoint to results/checkpoints/causal_eps30_adam20k/best.pt
Saved PyTorch checkpoint to results/checkpoints/causal_eps30_adam20k/best.pt
Saved PyTorch checkpoint to results/checkpoints/causal_eps30_adam20k/best.pt
Saved PyTorch checkpoint to results/checkpoints/causal_eps30_adam20k/best.pt
Saved PyTorch checkpoint to results/checkpoints/causal_eps30_adam20k/best.pt
Saved PyTorch checkpoint to results/checkpoints/causal_eps30_adam20k/best.pt
Saved PyTorch checkpoint to results/checkpoints/causal_eps30_adam20k/best.pt
Saved PyTorch checkpoint to results/checkpoints/causal_eps30_adam20k/best.pt
Saved PyTorch checkpoint to results/checkpoints/causal_eps30_adam20k/best.pt
Saved PyTorch checkpoint to results/checkpoints/causal_eps30_adam20k/best.pt
Saved PyTorch checkpoint to results/checkpoints/causal_eps30_adam20k/best.pt
Saved PyTorch checkpoint to results/checkpoints/causal_eps30_adam20k/best.pt
Saved PyTorch checkpoint to results/checkpoints/causal_eps30_adam20k/best.pt
Saved PyTorch checkpoint to results/checkpoints/causal_eps30_adam20k/best.pt
Saved PyTorch checkpoint to results/checkpoints/causal_eps30_adam20k/best.pt
Saved PyTorch checkpoint to results/checkpoints/causal_eps30_adam20k/best.pt
Saved PyTorch checkpoint to results/checkpoints/causal_eps30_adam20k/best.pt
Saved PyTorch checkpoint to results/checkpoints/causal_eps30_adam20k/best.pt
Saved PyTorch checkpoint to results/checkpoints/causal_eps30_adam20k/best.pt
Saved PyTorch checkpoint to results/checkpoints/causal_eps30_adam20k/best.pt
Saved PyTorch checkpoint to results/checkpoints/causal_eps30_adam20k/best.pt
Saved PyTorch checkpoint to results/checkpoints/causal_eps30_adam20k/best.pt
Saved PyTorch checkpoint to results/checkpoints/causal_eps30_adam20k/best.pt
Saved PyTorch checkpoint to results/checkpoints/causal_eps30_adam20k/best.pt
Saved PyTorch checkpoint to results/checkpoints/causal_eps30_adam20k/best.pt
Saved PyTorch checkpoint to results/checkpoints/causal_eps30_adam20k/best.pt
Saved PyTorch checkpoint to results/checkpoints/causal_eps30_adam20k/best.pt
Saved PyTorch checkpoint to results/checkpoints/causal_eps30_adam20k/best.pt
Saved PyTorch checkpoint to results/checkpoints/causal_eps30_adam20k/best.pt
Saved PyTorch checkpoint to results/checkpoints/causal_eps30_adam20k/best.pt
Saved PyTorch checkpoint to results/checkpoints/causal_eps30_adam20k/best.pt
Saved PyTorch checkpoint to results/checkpoints/causal_eps30_adam20k/best.pt
Saved PyTorch checkpoint to results/checkpoints/causal_eps30_adam20k/best.pt
Saved PyTorch checkpoint to results/checkpoints/causal_eps30_adam20k/best.pt
Saved PyTorch checkpoint to results/checkpoints/causal_eps30_adam20k/best.pt
Saved PyTorch checkpoint to results/checkpoints/causal_eps30_adam20k/best.pt
Saved PyTorch checkpoint to results/checkpoints/causal_eps30_adam20k/best.pt
Saved PyTorch checkpoint to results/checkpoints/causal_eps30_adam20k/best.pt
Saved PyTorch checkpoint to results/checkpoints/causal_eps30_adam20k/best.pt
Saved PyTorch checkpoint to results/checkpoints/causal_eps30_adam20k/best.pt
Saved PyTorch checkpoint to results/checkpoints/causal_eps30_adam20k/best.pt
Saved PyTorch checkpoint to results/checkpoints/causal_eps30_adam20k/best.pt
Saved PyTorch checkpoint to results/checkpoints/causal_eps30_adam20k/best.pt
Saved PyTorch checkpoint to results/checkpoints/causal_eps30_adam20k/best.pt
Saved PyTorch checkpoint to results/checkpoints/causal_eps30_adam20k/best.pt
Saved PyTorch checkpoint to results/checkpoints/causal_eps30_adam20k/best.pt
Saved PyTorch checkpoint to results/checkpoints/causal_eps30_adam20k/best.pt
Saved PyTorch checkpoint to results/checkpoints/causal_eps30_adam20k/best.pt
Saved PyTorch checkpoint to results/checkpoints/causal_eps30_adam20k/best.pt
Saved PyTorch checkpoint to results/checkpoints/causal_eps30_adam20k/best.pt
Saved PyTorch checkpoint to results/checkpoints/causal_eps30_adam20k/best.pt
Saved PyTorch checkpoint to results/checkpoints/causal_eps30_adam20k/best.pt
Saved PyTorch checkpoint to results/checkpoints/causal_eps30_adam20k/best.pt
Saved PyTorch checkpoint to results/checkpoints/causal_eps30_adam20k/best.pt
Saved PyTorch checkpoint to results/checkpoints/causal_eps30_adam20k/best.pt
Saved PyTorch checkpoint to results/checkpoints/causal_eps30_adam20k/best.pt
Saved PyTorch checkpoint to results/checkpoints/causal_eps30_adam20k/best.pt
Saved PyTorch checkpoint to results/checkpoints/causal_eps30_adam20k/best.pt
Saved PyTorch checkpoint to results/checkpoints/causal_eps30_adam20k/best.pt
Saved PyTorch checkpoint to results/checkpoints/causal_eps30_adam20k/best.pt
Saved PyTorch checkpoint to results/checkpoints/causal_eps30_adam20k/best.pt
Saved PyTorch checkpoint to results/checkpoints/causal_eps30_adam20k/best.pt
Saved PyTorch checkpoint to results/checkpoints/causal_eps30_adam20k/best.pt
Saved PyTorch checkpoint to results/checkpoints/causal_eps30_adam20k/best.pt
Saved PyTorch checkpoint to results/checkpoints/causal_eps30_adam20k/best.pt
Saved PyTorch checkpoint to results/checkpoints/causal_eps30_adam20k/best.pt
Saved PyTorch checkpoint to results/checkpoints/causal_eps30_adam20k/best.pt
Saved PyTorch checkpoint to results/checkpoints/causal_eps30_adam20k/best.pt
Saved PyTorch checkpoint to results/checkpoints/causal_eps30_adam20k/best.pt
Saved PyTorch checkpoint to results/checkpoints/causal_eps30_adam20k/best.pt
Saved PyTorch checkpoint to results/checkpoints/causal_eps30_adam20k/best.pt
Saved PyTorch checkpoint to results/checkpoints/causal_eps30_adam20k/best.pt
Saved PyTorch checkpoint to results/checkpoints/causal_eps30_adam20k/best.pt
Saved PyTorch checkpoint to results/checkpoints/causal_eps30_adam20k/best.pt
Saved PyTorch checkpoint to results/checkpoints/causal_eps30_adam20k/best.pt
Saved PyTorch checkpoint to results/checkpoints/causal_eps30_adam20k/best.pt
Saved PyTorch checkpoint to results/checkpoints/causal_eps30_adam20k/best.pt
Saved PyTorch checkpoint to results/checkpoints/causal_eps30_adam20k/best.pt
Saved PyTorch checkpoint to results/checkpoints/causal_eps30_adam20k/best.pt
Saved PyTorch checkpoint to results/checkpoints/causal_eps30_adam20k/best.pt
Saved PyTorch checkpoint to results/checkpoints/causal_eps30_adam20k/best.pt
Saved PyTorch checkpoint to results/checkpoints/causal_eps30_adam20k/best.pt
Saved PyTorch checkpoint to results/checkpoints/causal_eps30_adam20k/best.pt
Saved PyTorch checkpoint to results/checkpoints/causal_eps30_adam20k/best.pt
Saved PyTorch checkpoint to results/checkpoints/causal_eps30_adam20k/best.pt
Saved PyTorch checkpoint to results/checkpoints/causal_eps30_adam20k/best.pt
Saved PyTorch checkpoint to results/checkpoints/causal_eps30_adam20k/best.pt
Saved PyTorch checkpoint to results/checkpoints/causal_eps30_adam20k/best.pt
Saved PyTorch checkpoint to results/checkpoints/causal_eps30_adam20k/best.pt
Saved PyTorch checkpoint to results/checkpoints/causal_eps30_adam20k/best.pt
Saved PyTorch checkpoint to results/checkpoints/causal_eps30_adam20k/best.pt
Saved PyTorch checkpoint to results/checkpoints/causal_eps30_adam20k/best.pt
Saved PyTorch checkpoint to results/checkpoints/causal_eps30_adam20k/best.pt
Saved PyTorch checkpoint to results/checkpoints/causal_eps30_adam20k/best.pt
Saved PyTorch checkpoint to results/checkpoints/causal_eps30_adam20k/best.pt
Saved PyTorch checkpoint to results/checkpoints/causal_eps30_adam20k/best.pt
Saved PyTorch checkpoint to results/checkpoints/causal_eps30_adam20k/best.pt
Saved PyTorch checkpoint to results/checkpoints/causal_eps30_adam20k/best.pt
Saved PyTorch checkpoint to results/checkpoints/causal_eps30_adam20k/best.pt
Saved PyTorch checkpoint to results/checkpoints/causal_eps30_adam20k/best.pt
Saved PyTorch checkpoint to results/checkpoints/causal_eps30_adam20k/best.pt
Saved PyTorch checkpoint to results/checkpoints/causal_eps30_adam20k/best.pt
Saved PyTorch checkpoint to results/checkpoints/causal_eps30_adam20k/best.pt
Saved PyTorch checkpoint to results/checkpoints/causal_eps30_adam20k/best.pt
Saved PyTorch checkpoint to results/checkpoints/causal_eps30_adam20k/best.pt
Adam 11000/20000 | total=1.173e-02 true=1.267e-02 f=7.467e-03 ic=2.833e-04 wall=6.594e-04 inlet=1.240e-04 outlet=5.963e-05 | min_w=7.949e-01 unlocked=20/32 | best=1.267e-02@10999 stale=0 | lr=2.50e-04 | 5.2 it/s ETA 28m58s
Saved PyTorch checkpoint to results/checkpoints/causal_eps30_adam20k/best.pt
Saved PyTorch checkpoint to results/checkpoints/causal_eps30_adam20k/best.pt
Saved PyTorch checkpoint to results/checkpoints/causal_eps30_adam20k/best.pt
Saved PyTorch checkpoint to results/checkpoints/causal_eps30_adam20k/best.pt
Saved PyTorch checkpoint to results/checkpoints/causal_eps30_adam20k/best.pt
Saved PyTorch checkpoint to results/checkpoints/causal_eps30_adam20k/best.pt
Saved PyTorch checkpoint to results/checkpoints/causal_eps30_adam20k/best.pt
Saved PyTorch checkpoint to results/checkpoints/causal_eps30_adam20k/best.pt
Saved PyTorch checkpoint to results/checkpoints/causal_eps30_adam20k/best.pt
Saved PyTorch checkpoint to results/checkpoints/causal_eps30_adam20k/best.pt
Saved PyTorch checkpoint to results/checkpoints/causal_eps30_adam20k/best.pt
Saved PyTorch checkpoint to results/checkpoints/causal_eps30_adam20k/best.pt
Saved PyTorch checkpoint to results/checkpoints/causal_eps30_adam20k/best.pt
Saved PyTorch checkpoint to results/checkpoints/causal_eps30_adam20k/best.pt
Saved PyTorch checkpoint to results/checkpoints/causal_eps30_adam20k/best.pt
Saved PyTorch checkpoint to results/checkpoints/causal_eps30_adam20k/best.pt
Saved PyTorch checkpoint to results/checkpoints/causal_eps30_adam20k/best.pt
Saved PyTorch checkpoint to results/checkpoints/causal_eps30_adam20k/best.pt
Saved PyTorch checkpoint to results/checkpoints/causal_eps30_adam20k/best.pt
Saved PyTorch checkpoint to results/checkpoints/causal_eps30_adam20k/best.pt
Saved PyTorch checkpoint to results/checkpoints/causal_eps30_adam20k/best.pt
Saved PyTorch checkpoint to results/checkpoints/causal_eps30_adam20k/best.pt
Saved PyTorch checkpoint to results/checkpoints/causal_eps30_adam20k/best.pt
Saved PyTorch checkpoint to results/checkpoints/causal_eps30_adam20k/best.pt
Saved PyTorch checkpoint to results/checkpoints/causal_eps30_adam20k/best.pt
Saved PyTorch checkpoint to results/checkpoints/causal_eps30_adam20k/best.pt
Saved PyTorch checkpoint to results/checkpoints/causal_eps30_adam20k/best.pt
Saved PyTorch checkpoint to results/checkpoints/causal_eps30_adam20k/best.pt
Saved PyTorch checkpoint to results/checkpoints/causal_eps30_adam20k/best.pt
Saved PyTorch checkpoint to results/checkpoints/causal_eps30_adam20k/best.pt
Saved PyTorch checkpoint to results/checkpoints/causal_eps30_adam20k/best.pt
Saved PyTorch checkpoint to results/checkpoints/causal_eps30_adam20k/best.pt
Saved PyTorch checkpoint to results/checkpoints/causal_eps30_adam20k/best.pt
Saved PyTorch checkpoint to results/checkpoints/causal_eps30_adam20k/best.pt
Saved PyTorch checkpoint to results/checkpoints/causal_eps30_adam20k/best.pt
Saved PyTorch checkpoint to results/checkpoints/causal_eps30_adam20k/best.pt
Saved PyTorch checkpoint to results/checkpoints/causal_eps30_adam20k/best.pt
Saved PyTorch checkpoint to results/checkpoints/causal_eps30_adam20k/best.pt
Saved PyTorch checkpoint to results/checkpoints/causal_eps30_adam20k/best.pt
Saved PyTorch checkpoint to results/checkpoints/causal_eps30_adam20k/best.pt
Saved PyTorch checkpoint to results/checkpoints/causal_eps30_adam20k/best.pt
Saved PyTorch checkpoint to results/checkpoints/causal_eps30_adam20k/best.pt
Saved PyTorch checkpoint to results/checkpoints/causal_eps30_adam20k/best.pt
Saved PyTorch checkpoint to results/checkpoints/causal_eps30_adam20k/best.pt
Saved PyTorch checkpoint to results/checkpoints/causal_eps30_adam20k/best.pt
Saved PyTorch checkpoint to results/checkpoints/causal_eps30_adam20k/best.pt
Saved PyTorch checkpoint to results/checkpoints/causal_eps30_adam20k/best.pt
Saved PyTorch checkpoint to results/checkpoints/causal_eps30_adam20k/best.pt
Saved PyTorch checkpoint to results/checkpoints/causal_eps30_adam20k/best.pt
Saved PyTorch checkpoint to results/checkpoints/causal_eps30_adam20k/best.pt
Saved PyTorch checkpoint to results/checkpoints/causal_eps30_adam20k/best.pt
Saved PyTorch checkpoint to results/checkpoints/causal_eps30_adam20k/best.pt
Saved PyTorch checkpoint to results/checkpoints/causal_eps30_adam20k/best.pt
Saved PyTorch checkpoint to results/checkpoints/causal_eps30_adam20k/best.pt
Saved PyTorch checkpoint to results/checkpoints/causal_eps30_adam20k/best.pt
Saved PyTorch checkpoint to results/checkpoints/causal_eps30_adam20k/best.pt
Saved PyTorch checkpoint to results/checkpoints/causal_eps30_adam20k/best.pt
Saved PyTorch checkpoint to results/checkpoints/causal_eps30_adam20k/best.pt
Saved PyTorch checkpoint to results/checkpoints/causal_eps30_adam20k/best.pt
Saved PyTorch checkpoint to results/checkpoints/causal_eps30_adam20k/best.pt
Saved PyTorch checkpoint to results/checkpoints/causal_eps30_adam20k/best.pt
Saved PyTorch checkpoint to results/checkpoints/causal_eps30_adam20k/best.pt
Saved PyTorch checkpoint to results/checkpoints/causal_eps30_adam20k/best.pt
Saved PyTorch checkpoint to results/checkpoints/causal_eps30_adam20k/best.pt
Saved PyTorch checkpoint to results/checkpoints/causal_eps30_adam20k/best.pt
Saved PyTorch checkpoint to results/checkpoints/causal_eps30_adam20k/best.pt
Saved PyTorch checkpoint to results/checkpoints/causal_eps30_adam20k/best.pt
Saved PyTorch checkpoint to results/checkpoints/causal_eps30_adam20k/best.pt
Saved PyTorch checkpoint to results/checkpoints/causal_eps30_adam20k/best.pt
Saved PyTorch checkpoint to results/checkpoints/causal_eps30_adam20k/best.pt
Saved PyTorch checkpoint to results/checkpoints/causal_eps30_adam20k/best.pt
Saved PyTorch checkpoint to results/checkpoints/causal_eps30_adam20k/best.pt
Saved PyTorch checkpoint to results/checkpoints/causal_eps30_adam20k/best.pt
Saved PyTorch checkpoint to results/checkpoints/causal_eps30_adam20k/best.pt
Saved PyTorch checkpoint to results/checkpoints/causal_eps30_adam20k/best.pt
Saved PyTorch checkpoint to results/checkpoints/causal_eps30_adam20k/best.pt
Saved PyTorch checkpoint to results/checkpoints/causal_eps30_adam20k/best.pt
Saved PyTorch checkpoint to results/checkpoints/causal_eps30_adam20k/best.pt
Saved PyTorch checkpoint to results/checkpoints/causal_eps30_adam20k/best.pt
Saved PyTorch checkpoint to results/checkpoints/causal_eps30_adam20k/best.pt
Saved PyTorch checkpoint to results/checkpoints/causal_eps30_adam20k/best.pt
Saved PyTorch checkpoint to results/checkpoints/causal_eps30_adam20k/best.pt
Saved PyTorch checkpoint to results/checkpoints/causal_eps30_adam20k/best.pt
Saved PyTorch checkpoint to results/checkpoints/causal_eps30_adam20k/best.pt
Saved PyTorch checkpoint to results/checkpoints/causal_eps30_adam20k/best.pt
Saved PyTorch checkpoint to results/checkpoints/causal_eps30_adam20k/best.pt
Saved PyTorch checkpoint to results/checkpoints/causal_eps30_adam20k/best.pt
Saved PyTorch checkpoint to results/checkpoints/causal_eps30_adam20k/best.pt
Saved PyTorch checkpoint to results/checkpoints/causal_eps30_adam20k/best.pt
Saved PyTorch checkpoint to results/checkpoints/causal_eps30_adam20k/best.pt
Saved PyTorch checkpoint to results/checkpoints/causal_eps30_adam20k/best.pt
Saved PyTorch checkpoint to results/checkpoints/causal_eps30_adam20k/best.pt
Saved PyTorch checkpoint to results/checkpoints/causal_eps30_adam20k/best.pt
Saved PyTorch checkpoint to results/checkpoints/causal_eps30_adam20k/best.pt
Saved PyTorch checkpoint to results/checkpoints/causal_eps30_adam20k/best.pt
Saved PyTorch checkpoint to results/checkpoints/causal_eps30_adam20k/best.pt
Saved PyTorch checkpoint to results/checkpoints/causal_eps30_adam20k/best.pt
Saved PyTorch checkpoint to results/checkpoints/causal_eps30_adam20k/best.pt
Saved PyTorch checkpoint to results/checkpoints/causal_eps30_adam20k/best.pt
Saved PyTorch checkpoint to results/checkpoints/causal_eps30_adam20k/best.pt
Saved PyTorch checkpoint to results/checkpoints/causal_eps30_adam20k/best.pt
Saved PyTorch checkpoint to results/checkpoints/causal_eps30_adam20k/best.pt
Saved PyTorch checkpoint to results/checkpoints/causal_eps30_adam20k/best.pt
Saved PyTorch checkpoint to results/checkpoints/causal_eps30_adam20k/best.pt
Saved PyTorch checkpoint to results/checkpoints/causal_eps30_adam20k/best.pt
Saved PyTorch checkpoint to results/checkpoints/causal_eps30_adam20k/best.pt
Saved PyTorch checkpoint to results/checkpoints/causal_eps30_adam20k/best.pt
Saved PyTorch checkpoint to results/checkpoints/causal_eps30_adam20k/best.pt
Saved PyTorch checkpoint to results/checkpoints/causal_eps30_adam20k/best.pt
Saved PyTorch checkpoint to results/checkpoints/causal_eps30_adam20k/best.pt
Saved PyTorch checkpoint to results/checkpoints/causal_eps30_adam20k/best.pt
Saved PyTorch checkpoint to results/checkpoints/causal_eps30_adam20k/best.pt
Saved PyTorch checkpoint to results/checkpoints/causal_eps30_adam20k/best.pt
Saved PyTorch checkpoint to results/checkpoints/causal_eps30_adam20k/best.pt
Saved PyTorch checkpoint to results/checkpoints/causal_eps30_adam20k/best.pt
Saved PyTorch checkpoint to results/checkpoints/causal_eps30_adam20k/best.pt
Saved PyTorch checkpoint to results/checkpoints/causal_eps30_adam20k/best.pt
Saved PyTorch checkpoint to results/checkpoints/causal_eps30_adam20k/best.pt
Saved PyTorch checkpoint to results/checkpoints/causal_eps30_adam20k/best.pt
Saved PyTorch checkpoint to results/checkpoints/causal_eps30_adam20k/best.pt
Saved PyTorch checkpoint to results/checkpoints/causal_eps30_adam20k/best.pt
Saved PyTorch checkpoint to results/checkpoints/causal_eps30_adam20k/best.pt
Saved PyTorch checkpoint to results/checkpoints/causal_eps30_adam20k/best.pt
Saved PyTorch checkpoint to results/checkpoints/causal_eps30_adam20k/best.pt
Saved PyTorch checkpoint to results/checkpoints/causal_eps30_adam20k/best.pt
Saved PyTorch checkpoint to results/checkpoints/causal_eps30_adam20k/best.pt
Saved PyTorch checkpoint to results/checkpoints/causal_eps30_adam20k/best.pt
Saved PyTorch checkpoint to results/checkpoints/causal_eps30_adam20k/best.pt
Saved PyTorch checkpoint to results/checkpoints/causal_eps30_adam20k/best.pt
Saved PyTorch checkpoint to results/checkpoints/causal_eps30_adam20k/best.pt
Saved PyTorch checkpoint to results/checkpoints/causal_eps30_adam20k/best.pt
Saved PyTorch checkpoint to results/checkpoints/causal_eps30_adam20k/best.pt
Saved PyTorch checkpoint to results/checkpoints/causal_eps30_adam20k/best.pt
Saved PyTorch checkpoint to results/checkpoints/causal_eps30_adam20k/best.pt
Saved PyTorch checkpoint to results/checkpoints/causal_eps30_adam20k/best.pt
Saved PyTorch checkpoint to results/checkpoints/causal_eps30_adam20k/best.pt
Saved PyTorch checkpoint to results/checkpoints/causal_eps30_adam20k/best.pt
Saved PyTorch checkpoint to results/checkpoints/causal_eps30_adam20k/best.pt
Saved PyTorch checkpoint to results/checkpoints/causal_eps30_adam20k/best.pt
Saved PyTorch checkpoint to results/checkpoints/causal_eps30_adam20k/best.pt
Saved PyTorch checkpoint to results/checkpoints/causal_eps30_adam20k/best.pt
Saved PyTorch checkpoint to results/checkpoints/causal_eps30_adam20k/best.pt
Saved PyTorch checkpoint to results/checkpoints/causal_eps30_adam20k/best.pt
Saved PyTorch checkpoint to results/checkpoints/causal_eps30_adam20k/best.pt
Saved PyTorch checkpoint to results/checkpoints/causal_eps30_adam20k/best.pt
Saved PyTorch checkpoint to results/checkpoints/causal_eps30_adam20k/best.pt
Saved PyTorch checkpoint to results/checkpoints/causal_eps30_adam20k/best.pt
Saved PyTorch checkpoint to results/checkpoints/causal_eps30_adam20k/best.pt
Saved PyTorch checkpoint to results/checkpoints/causal_eps30_adam20k/best.pt
Saved PyTorch checkpoint to results/checkpoints/causal_eps30_adam20k/best.pt
Saved PyTorch checkpoint to results/checkpoints/causal_eps30_adam20k/best.pt
Saved PyTorch checkpoint to results/checkpoints/causal_eps30_adam20k/best.pt
Saved PyTorch checkpoint to results/checkpoints/causal_eps30_adam20k/best.pt
Saved PyTorch checkpoint to results/checkpoints/causal_eps30_adam20k/best.pt
Saved PyTorch checkpoint to results/checkpoints/causal_eps30_adam20k/best.pt
Saved PyTorch checkpoint to results/checkpoints/causal_eps30_adam20k/best.pt
Saved PyTorch checkpoint to results/checkpoints/causal_eps30_adam20k/best.pt
Saved PyTorch checkpoint to results/checkpoints/causal_eps30_adam20k/best.pt
Saved PyTorch checkpoint to results/checkpoints/causal_eps30_adam20k/best.pt
Saved PyTorch checkpoint to results/checkpoints/causal_eps30_adam20k/best.pt
Saved PyTorch checkpoint to results/checkpoints/causal_eps30_adam20k/best.pt
Saved PyTorch checkpoint to results/checkpoints/causal_eps30_adam20k/best.pt
Saved PyTorch checkpoint to results/checkpoints/causal_eps30_adam20k/best.pt
Saved PyTorch checkpoint to results/checkpoints/causal_eps30_adam20k/best.pt
Saved PyTorch checkpoint to results/checkpoints/causal_eps30_adam20k/best.pt
Saved PyTorch checkpoint to results/checkpoints/causal_eps30_adam20k/best.pt
Saved PyTorch checkpoint to results/checkpoints/causal_eps30_adam20k/best.pt
Saved PyTorch checkpoint to results/checkpoints/causal_eps30_adam20k/best.pt
Saved PyTorch checkpoint to results/checkpoints/causal_eps30_adam20k/best.pt
Saved PyTorch checkpoint to results/checkpoints/causal_eps30_adam20k/best.pt
Saved PyTorch checkpoint to results/checkpoints/causal_eps30_adam20k/best.pt
Saved PyTorch checkpoint to results/checkpoints/causal_eps30_adam20k/best.pt
Saved PyTorch checkpoint to results/checkpoints/causal_eps30_adam20k/best.pt
Saved PyTorch checkpoint to results/checkpoints/causal_eps30_adam20k/best.pt
Saved PyTorch checkpoint to results/checkpoints/causal_eps30_adam20k/best.pt
Saved PyTorch checkpoint to results/checkpoints/causal_eps30_adam20k/best.pt
Saved PyTorch checkpoint to results/checkpoints/causal_eps30_adam20k/best.pt
Saved PyTorch checkpoint to results/checkpoints/causal_eps30_adam20k/best.pt
Saved PyTorch checkpoint to results/checkpoints/causal_eps30_adam20k/best.pt
Saved PyTorch checkpoint to results/checkpoints/causal_eps30_adam20k/best.pt
Saved PyTorch checkpoint to results/checkpoints/causal_eps30_adam20k/best.pt
Saved PyTorch checkpoint to results/checkpoints/causal_eps30_adam20k/best.pt
Saved PyTorch checkpoint to results/checkpoints/causal_eps30_adam20k/best.pt
Saved PyTorch checkpoint to results/checkpoints/causal_eps30_adam20k/best.pt
Saved PyTorch checkpoint to results/checkpoints/causal_eps30_adam20k/best.pt
Saved PyTorch checkpoint to results/checkpoints/causal_eps30_adam20k/best.pt
Saved PyTorch checkpoint to results/checkpoints/causal_eps30_adam20k/best.pt
Saved PyTorch checkpoint to results/checkpoints/causal_eps30_adam20k/best.pt
Saved PyTorch checkpoint to results/checkpoints/causal_eps30_adam20k/best.pt
Saved PyTorch checkpoint to results/checkpoints/causal_eps30_adam20k/best.pt
Saved PyTorch checkpoint to results/checkpoints/causal_eps30_adam20k/best.pt
Saved PyTorch checkpoint to results/checkpoints/causal_eps30_adam20k/best.pt
Saved PyTorch checkpoint to results/checkpoints/causal_eps30_adam20k/best.pt
Saved PyTorch checkpoint to results/checkpoints/causal_eps30_adam20k/best.pt
Saved PyTorch checkpoint to results/checkpoints/causal_eps30_adam20k/best.pt
Saved PyTorch checkpoint to results/checkpoints/causal_eps30_adam20k/best.pt
Saved PyTorch checkpoint to results/checkpoints/causal_eps30_adam20k/best.pt
Saved PyTorch checkpoint to results/checkpoints/causal_eps30_adam20k/best.pt
Saved PyTorch checkpoint to results/checkpoints/causal_eps30_adam20k/best.pt
Saved PyTorch checkpoint to results/checkpoints/causal_eps30_adam20k/best.pt
Adam 11200/20000 | total=1.155e-02 true=1.247e-02 f=7.387e-03 ic=2.783e-04 wall=6.440e-04 inlet=1.203e-04 outlet=6.053e-05 | min_w=7.970e-01 unlocked=21/32 | best=1.247e-02@11199 stale=0 | lr=2.50e-04 | 5.1 it/s ETA 28m30s
Saved PyTorch checkpoint to results/checkpoints/causal_eps30_adam20k/best.pt
Saved PyTorch checkpoint to results/checkpoints/causal_eps30_adam20k/best.pt
Saved PyTorch checkpoint to results/checkpoints/causal_eps30_adam20k/best.pt
Saved PyTorch checkpoint to results/checkpoints/causal_eps30_adam20k/best.pt
Saved PyTorch checkpoint to results/checkpoints/causal_eps30_adam20k/best.pt
Saved PyTorch checkpoint to results/checkpoints/causal_eps30_adam20k/best.pt
Saved PyTorch checkpoint to results/checkpoints/causal_eps30_adam20k/best.pt
Saved PyTorch checkpoint to results/checkpoints/causal_eps30_adam20k/best.pt
Saved PyTorch checkpoint to results/checkpoints/causal_eps30_adam20k/best.pt
Saved PyTorch checkpoint to results/checkpoints/causal_eps30_adam20k/best.pt
Saved PyTorch checkpoint to results/checkpoints/causal_eps30_adam20k/best.pt
Saved PyTorch checkpoint to results/checkpoints/causal_eps30_adam20k/best.pt
Saved PyTorch checkpoint to results/checkpoints/causal_eps30_adam20k/best.pt
Saved PyTorch checkpoint to results/checkpoints/causal_eps30_adam20k/best.pt
Saved PyTorch checkpoint to results/checkpoints/causal_eps30_adam20k/best.pt
Saved PyTorch checkpoint to results/checkpoints/causal_eps30_adam20k/best.pt
Saved PyTorch checkpoint to results/checkpoints/causal_eps30_adam20k/best.pt
Saved PyTorch checkpoint to results/checkpoints/causal_eps30_adam20k/best.pt
Saved PyTorch checkpoint to results/checkpoints/causal_eps30_adam20k/best.pt
Saved PyTorch checkpoint to results/checkpoints/causal_eps30_adam20k/best.pt
Saved PyTorch checkpoint to results/checkpoints/causal_eps30_adam20k/best.pt
Saved PyTorch checkpoint to results/checkpoints/causal_eps30_adam20k/best.pt
Saved PyTorch checkpoint to results/checkpoints/causal_eps30_adam20k/best.pt
Saved PyTorch checkpoint to results/checkpoints/causal_eps30_adam20k/best.pt
Saved PyTorch checkpoint to results/checkpoints/causal_eps30_adam20k/best.pt
Saved PyTorch checkpoint to results/checkpoints/causal_eps30_adam20k/best.pt
Saved PyTorch checkpoint to results/checkpoints/causal_eps30_adam20k/best.pt
Saved PyTorch checkpoint to results/checkpoints/causal_eps30_adam20k/best.pt
Saved PyTorch checkpoint to results/checkpoints/causal_eps30_adam20k/best.pt
Saved PyTorch checkpoint to results/checkpoints/causal_eps30_adam20k/best.pt
Saved PyTorch checkpoint to results/checkpoints/causal_eps30_adam20k/best.pt
Saved PyTorch checkpoint to results/checkpoints/causal_eps30_adam20k/best.pt
Saved PyTorch checkpoint to results/checkpoints/causal_eps30_adam20k/best.pt
Saved PyTorch checkpoint to results/checkpoints/causal_eps30_adam20k/best.pt
Saved PyTorch checkpoint to results/checkpoints/causal_eps30_adam20k/best.pt
Saved PyTorch checkpoint to results/checkpoints/causal_eps30_adam20k/best.pt
Saved PyTorch checkpoint to results/checkpoints/causal_eps30_adam20k/best.pt
Saved PyTorch checkpoint to results/checkpoints/causal_eps30_adam20k/best.pt
Saved PyTorch checkpoint to results/checkpoints/causal_eps30_adam20k/best.pt
Saved PyTorch checkpoint to results/checkpoints/causal_eps30_adam20k/best.pt
Saved PyTorch checkpoint to results/checkpoints/causal_eps30_adam20k/best.pt
Saved PyTorch checkpoint to results/checkpoints/causal_eps30_adam20k/best.pt
Saved PyTorch checkpoint to results/checkpoints/causal_eps30_adam20k/best.pt
Saved PyTorch checkpoint to results/checkpoints/causal_eps30_adam20k/best.pt
Saved PyTorch checkpoint to results/checkpoints/causal_eps30_adam20k/best.pt
Saved PyTorch checkpoint to results/checkpoints/causal_eps30_adam20k/best.pt
Saved PyTorch checkpoint to results/checkpoints/causal_eps30_adam20k/best.pt
Saved PyTorch checkpoint to results/checkpoints/causal_eps30_adam20k/best.pt
Saved PyTorch checkpoint to results/checkpoints/causal_eps30_adam20k/best.pt
Saved PyTorch checkpoint to results/checkpoints/causal_eps30_adam20k/best.pt
Saved PyTorch checkpoint to results/checkpoints/causal_eps30_adam20k/best.pt
Saved PyTorch checkpoint to results/checkpoints/causal_eps30_adam20k/best.pt
Saved PyTorch checkpoint to results/checkpoints/causal_eps30_adam20k/best.pt
Saved PyTorch checkpoint to results/checkpoints/causal_eps30_adam20k/best.pt
Saved PyTorch checkpoint to results/checkpoints/causal_eps30_adam20k/best.pt
Saved PyTorch checkpoint to results/checkpoints/causal_eps30_adam20k/best.pt
Saved PyTorch checkpoint to results/checkpoints/causal_eps30_adam20k/best.pt
Saved PyTorch checkpoint to results/checkpoints/causal_eps30_adam20k/best.pt
Saved PyTorch checkpoint to results/checkpoints/causal_eps30_adam20k/best.pt
Saved PyTorch checkpoint to results/checkpoints/causal_eps30_adam20k/best.pt
Saved PyTorch checkpoint to results/checkpoints/causal_eps30_adam20k/best.pt
Saved PyTorch checkpoint to results/checkpoints/causal_eps30_adam20k/best.pt
Saved PyTorch checkpoint to results/checkpoints/causal_eps30_adam20k/best.pt
Saved PyTorch checkpoint to results/checkpoints/causal_eps30_adam20k/best.pt
Saved PyTorch checkpoint to results/checkpoints/causal_eps30_adam20k/best.pt
Saved PyTorch checkpoint to results/checkpoints/causal_eps30_adam20k/best.pt
Saved PyTorch checkpoint to results/checkpoints/causal_eps30_adam20k/best.pt
Saved PyTorch checkpoint to results/checkpoints/causal_eps30_adam20k/best.pt
Saved PyTorch checkpoint to results/checkpoints/causal_eps30_adam20k/best.pt
Saved PyTorch checkpoint to results/checkpoints/causal_eps30_adam20k/best.pt
Saved PyTorch checkpoint to results/checkpoints/causal_eps30_adam20k/best.pt
Saved PyTorch checkpoint to results/checkpoints/causal_eps30_adam20k/best.pt
Saved PyTorch checkpoint to results/checkpoints/causal_eps30_adam20k/best.pt
Saved PyTorch checkpoint to results/checkpoints/causal_eps30_adam20k/best.pt
Saved PyTorch checkpoint to results/checkpoints/causal_eps30_adam20k/best.pt
Saved PyTorch checkpoint to results/checkpoints/causal_eps30_adam20k/best.pt
Saved PyTorch checkpoint to results/checkpoints/causal_eps30_adam20k/best.pt
Saved PyTorch checkpoint to results/checkpoints/causal_eps30_adam20k/best.pt
Saved PyTorch checkpoint to results/checkpoints/causal_eps30_adam20k/best.pt
Saved PyTorch checkpoint to results/checkpoints/causal_eps30_adam20k/best.pt
Saved PyTorch checkpoint to results/checkpoints/causal_eps30_adam20k/best.pt
Saved PyTorch checkpoint to results/checkpoints/causal_eps30_adam20k/best.pt
Saved PyTorch checkpoint to results/checkpoints/causal_eps30_adam20k/best.pt
Saved PyTorch checkpoint to results/checkpoints/causal_eps30_adam20k/best.pt
Saved PyTorch checkpoint to results/checkpoints/causal_eps30_adam20k/best.pt
Saved PyTorch checkpoint to results/checkpoints/causal_eps30_adam20k/best.pt
Saved PyTorch checkpoint to results/checkpoints/causal_eps30_adam20k/best.pt
Saved PyTorch checkpoint to results/checkpoints/causal_eps30_adam20k/best.pt
Saved PyTorch checkpoint to results/checkpoints/causal_eps30_adam20k/best.pt
Saved PyTorch checkpoint to results/checkpoints/causal_eps30_adam20k/best.pt
Saved PyTorch checkpoint to results/checkpoints/causal_eps30_adam20k/best.pt
Saved PyTorch checkpoint to results/checkpoints/causal_eps30_adam20k/best.pt
Saved PyTorch checkpoint to results/checkpoints/causal_eps30_adam20k/best.pt
Saved PyTorch checkpoint to results/checkpoints/causal_eps30_adam20k/best.pt
Saved PyTorch checkpoint to results/checkpoints/causal_eps30_adam20k/best.pt
Saved PyTorch checkpoint to results/checkpoints/causal_eps30_adam20k/best.pt
Saved PyTorch checkpoint to results/checkpoints/causal_eps30_adam20k/best.pt
Saved PyTorch checkpoint to results/checkpoints/causal_eps30_adam20k/best.pt
Saved PyTorch checkpoint to results/checkpoints/causal_eps30_adam20k/best.pt
Saved PyTorch checkpoint to results/checkpoints/causal_eps30_adam20k/best.pt
Saved PyTorch checkpoint to results/checkpoints/causal_eps30_adam20k/best.pt
Saved PyTorch checkpoint to results/checkpoints/causal_eps30_adam20k/best.pt
Saved PyTorch checkpoint to results/checkpoints/causal_eps30_adam20k/best.pt
Saved PyTorch checkpoint to results/checkpoints/causal_eps30_adam20k/best.pt
Adam 11400/20000 | total=1.216e-02 true=1.323e-02 f=7.920e-03 ic=2.833e-04 wall=6.472e-04 inlet=1.320e-04 outlet=5.933e-05 | min_w=7.820e-01 unlocked=20/32 | best=1.229e-02@11380 stale=19 | lr=2.50e-04 | 5.1 it/s ETA 27m56s
Saved PyTorch checkpoint to results/checkpoints/causal_eps30_adam20k/best.pt
Saved PyTorch checkpoint to results/checkpoints/causal_eps30_adam20k/best.pt
Saved PyTorch checkpoint to results/checkpoints/causal_eps30_adam20k/best.pt
Saved PyTorch checkpoint to results/checkpoints/causal_eps30_adam20k/best.pt
Saved PyTorch checkpoint to results/checkpoints/causal_eps30_adam20k/best.pt
Saved PyTorch checkpoint to results/checkpoints/causal_eps30_adam20k/best.pt
Saved PyTorch checkpoint to results/checkpoints/causal_eps30_adam20k/best.pt
Saved PyTorch checkpoint to results/checkpoints/causal_eps30_adam20k/best.pt
Adam 11600/20000 | total=1.224e-02 true=1.331e-02 f=7.926e-03 ic=2.637e-04 wall=6.100e-04 inlet=1.880e-04 outlet=6.106e-05 | min_w=7.822e-01 unlocked=20/32 | best=1.212e-02@11578 stale=21 | lr=2.50e-04 | 5.1 it/s ETA 27m15s
Saved PyTorch checkpoint to results/checkpoints/causal_eps30_adam20k/best.pt
Saved PyTorch checkpoint to results/checkpoints/causal_eps30_adam20k/best.pt
Saved PyTorch checkpoint to results/checkpoints/causal_eps30_adam20k/best.pt
Saved PyTorch checkpoint to results/checkpoints/causal_eps30_adam20k/best.pt
Adam 11800/20000 | total=1.162e-02 true=1.257e-02 f=7.505e-03 ic=2.679e-04 wall=5.874e-04 inlet=1.708e-04 outlet=5.980e-05 | min_w=7.937e-01 unlocked=21/32 | best=1.200e-02@11771 stale=28 | lr=2.50e-04 | 5.1 it/s ETA 26m34s
Saved PyTorch checkpoint to results/checkpoints/causal_eps30_adam20k/best.pt
Saved PyTorch checkpoint to results/checkpoints/causal_eps30_adam20k/best.pt
Saved PyTorch checkpoint to results/checkpoints/causal_eps30_adam20k/best.pt
Saved PyTorch checkpoint to results/checkpoints/causal_eps30_adam20k/best.pt
Saved PyTorch checkpoint to results/checkpoints/causal_eps30_adam20k/best.pt
Saved PyTorch checkpoint to results/checkpoints/causal_eps30_adam20k/best.pt
Saved PyTorch checkpoint to results/checkpoints/causal_eps30_adam20k/best.pt
Saved PyTorch checkpoint to results/checkpoints/causal_eps30_adam20k/best.pt
Saved PyTorch checkpoint to results/checkpoints/causal_eps30_adam20k/best.pt
Saved PyTorch checkpoint to results/checkpoints/causal_eps30_adam20k/best.pt
Saved PyTorch checkpoint to results/checkpoints/causal_eps30_adam20k/best.pt
Saved PyTorch checkpoint to results/checkpoints/causal_eps30_adam20k/best.pt
Saved PyTorch checkpoint to results/checkpoints/causal_eps30_adam20k/best.pt
Saved PyTorch checkpoint to results/checkpoints/causal_eps30_adam20k/best.pt
Adam 12000/20000 | total=1.099e-02 true=1.184e-02 f=7.117e-03 ic=2.658e-04 wall=5.950e-04 inlet=1.138e-04 outlet=6.178e-05 | min_w=8.042e-01 unlocked=21/32 | best=1.176e-02@11965 stale=34 | lr=2.50e-04 | 5.1 it/s ETA 25m55s
Saved PyTorch checkpoint to results/checkpoints/causal_eps30_adam20k/best.pt
Saved PyTorch checkpoint to results/checkpoints/causal_eps30_adam20k/best.pt
Saved PyTorch checkpoint to results/checkpoints/causal_eps30_adam20k/best.pt
Saved PyTorch checkpoint to results/checkpoints/causal_eps30_adam20k/best.pt
Adam 12200/20000 | total=1.139e-02 true=1.234e-02 f=7.501e-03 ic=2.577e-04 wall=5.930e-04 inlet=1.196e-04 outlet=6.656e-05 | min_w=7.933e-01 unlocked=20/32 | best=1.160e-02@12139 stale=60 | lr=2.50e-04 | 5.1 it/s ETA 25m14s
Saved PyTorch checkpoint to results/checkpoints/causal_eps30_adam20k/best.pt
Saved PyTorch checkpoint to results/checkpoints/causal_eps30_adam20k/best.pt
Saved PyTorch checkpoint to results/checkpoints/causal_eps30_adam20k/best.pt
Saved PyTorch checkpoint to results/checkpoints/causal_eps30_adam20k/best.pt
Saved PyTorch checkpoint to results/checkpoints/causal_eps30_adam20k/best.pt
Saved PyTorch checkpoint to results/checkpoints/causal_eps30_adam20k/best.pt
Saved PyTorch checkpoint to results/checkpoints/causal_eps30_adam20k/best.pt
Saved PyTorch checkpoint to results/checkpoints/causal_eps30_adam20k/best.pt
Saved PyTorch checkpoint to results/checkpoints/causal_eps30_adam20k/best.pt
Saved PyTorch checkpoint to results/checkpoints/causal_eps30_adam20k/best.pt
Saved PyTorch checkpoint to results/checkpoints/causal_eps30_adam20k/best.pt
Saved PyTorch checkpoint to results/checkpoints/causal_eps30_adam20k/best.pt
Adam 12400/20000 | total=1.079e-02 true=1.163e-02 f=7.051e-03 ic=2.611e-04 wall=5.795e-04 inlet=1.042e-04 outlet=6.407e-05 | min_w=8.057e-01 unlocked=21/32 | best=1.140e-02@12368 stale=31 | lr=2.50e-04 | 5.2 it/s ETA 24m34s
Saved PyTorch checkpoint to results/checkpoints/causal_eps30_adam20k/best.pt
Saved PyTorch checkpoint to results/checkpoints/causal_eps30_adam20k/best.pt
Saved PyTorch checkpoint to results/checkpoints/causal_eps30_adam20k/best.pt
Saved PyTorch checkpoint to results/checkpoints/causal_eps30_adam20k/best.pt
Adam 12600/20000 | total=1.084e-02 true=1.170e-02 f=7.166e-03 ic=2.353e-04 wall=5.436e-04 inlet=1.304e-04 outlet=6.745e-05 | min_w=8.028e-01 unlocked=21/32 | best=1.131e-02@12469 stale=130 | lr=2.50e-04 | 5.2 it/s ETA 23m53s
Saved PyTorch checkpoint to results/checkpoints/causal_eps30_adam20k/best.pt
Saved PyTorch checkpoint to results/checkpoints/causal_eps30_adam20k/best.pt
Saved PyTorch checkpoint to results/checkpoints/causal_eps30_adam20k/best.pt
Saved PyTorch checkpoint to results/checkpoints/causal_eps30_adam20k/best.pt
Saved PyTorch checkpoint to results/checkpoints/causal_eps30_adam20k/best.pt
Saved PyTorch checkpoint to results/checkpoints/causal_eps30_adam20k/best.pt
Adam 12800/20000 | total=1.035e-02 true=1.112e-02 f=6.805e-03 ic=2.506e-04 wall=5.516e-04 inlet=9.372e-05 outlet=6.602e-05 | min_w=8.126e-01 unlocked=22/32 | best=1.112e-02@12715 stale=84 | lr=2.50e-04 | 5.2 it/s ETA 23m13s
Saved PyTorch checkpoint to results/checkpoints/causal_eps30_adam20k/best.pt
Saved PyTorch checkpoint to results/checkpoints/causal_eps30_adam20k/best.pt
Saved PyTorch checkpoint to results/checkpoints/causal_eps30_adam20k/best.pt
Saved PyTorch checkpoint to results/checkpoints/causal_eps30_adam20k/best.pt
Saved PyTorch checkpoint to results/checkpoints/causal_eps30_adam20k/best.pt
Saved PyTorch checkpoint to results/checkpoints/causal_eps30_adam20k/best.pt
Saved PyTorch checkpoint to results/checkpoints/causal_eps30_adam20k/best.pt
Adam 13000/20000 | total=1.049e-02 true=1.128e-02 f=6.914e-03 ic=2.321e-04 wall=5.444e-04 inlet=1.087e-04 outlet=7.310e-05 | min_w=8.094e-01 unlocked=22/32 | best=1.095e-02@12965 stale=34 | lr=2.50e-04 | 5.2 it/s ETA 22m33s
Saved PyTorch checkpoint to results/checkpoints/causal_eps30_adam20k/best.pt
Saved PyTorch checkpoint to results/checkpoints/causal_eps30_adam20k/best.pt
Saved PyTorch checkpoint to results/checkpoints/causal_eps30_adam20k/best.pt
Saved PyTorch checkpoint to results/checkpoints/causal_eps30_adam20k/best.pt
Saved PyTorch checkpoint to results/checkpoints/causal_eps30_adam20k/best.pt
Saved PyTorch checkpoint to results/checkpoints/causal_eps30_adam20k/best.pt
Adam 13200/20000 | total=1.050e-02 true=1.130e-02 f=6.919e-03 ic=2.484e-04 wall=5.730e-04 inlet=7.923e-05 outlet=7.225e-05 | min_w=8.090e-01 unlocked=22/32 | best=1.088e-02@13146 stale=53 | lr=2.50e-04 | 5.2 it/s ETA 21m53s
Saved PyTorch checkpoint to results/checkpoints/causal_eps30_adam20k/best.pt
Saved PyTorch checkpoint to results/checkpoints/causal_eps30_adam20k/best.pt
Saved PyTorch checkpoint to results/checkpoints/causal_eps30_adam20k/best.pt
Saved PyTorch checkpoint to results/checkpoints/causal_eps30_adam20k/best.pt
Saved PyTorch checkpoint to results/checkpoints/causal_eps30_adam20k/best.pt
Saved PyTorch checkpoint to results/checkpoints/causal_eps30_adam20k/best.pt
Saved PyTorch checkpoint to results/checkpoints/causal_eps30_adam20k/best.pt
Saved PyTorch checkpoint to results/checkpoints/causal_eps30_adam20k/best.pt
Adam 13400/20000 | total=1.029e-02 true=1.106e-02 f=6.817e-03 ic=2.492e-04 wall=5.356e-04 inlet=9.517e-05 outlet=6.885e-05 | min_w=8.118e-01 unlocked=22/32 | best=1.075e-02@13365 stale=34 | lr=2.50e-04 | 5.2 it/s ETA 21m14s
Saved PyTorch checkpoint to results/checkpoints/causal_eps30_adam20k/best.pt
Saved PyTorch checkpoint to results/checkpoints/causal_eps30_adam20k/best.pt
Saved PyTorch checkpoint to results/checkpoints/causal_eps30_adam20k/best.pt
Saved PyTorch checkpoint to results/checkpoints/causal_eps30_adam20k/best.pt
Saved PyTorch checkpoint to results/checkpoints/causal_eps30_adam20k/best.pt
Saved PyTorch checkpoint to results/checkpoints/causal_eps30_adam20k/best.pt
Saved PyTorch checkpoint to results/checkpoints/causal_eps30_adam20k/best.pt
Saved PyTorch checkpoint to results/checkpoints/causal_eps30_adam20k/best.pt
Saved PyTorch checkpoint to results/checkpoints/causal_eps30_adam20k/best.pt
Adam 13600/20000 | total=1.044e-02 true=1.124e-02 f=6.946e-03 ic=2.280e-04 wall=5.304e-04 inlet=1.081e-04 outlet=7.298e-05 | min_w=8.085e-01 unlocked=22/32 | best=1.055e-02@13502 stale=97 | lr=2.50e-04 | 5.2 it/s ETA 20m35s
Saved PyTorch checkpoint to results/checkpoints/causal_eps30_adam20k/best.pt
Saved PyTorch checkpoint to results/checkpoints/causal_eps30_adam20k/best.pt
Saved PyTorch checkpoint to results/checkpoints/causal_eps30_adam20k/best.pt
Adam 13800/20000 | total=1.041e-02 true=1.125e-02 f=7.101e-03 ic=2.353e-04 wall=4.912e-04 inlet=1.093e-04 outlet=6.961e-05 | min_w=8.037e-01 unlocked=21/32 | best=1.046e-02@13685 stale=114 | lr=2.50e-04 | 5.2 it/s ETA 19m55s
Saved PyTorch checkpoint to results/checkpoints/causal_eps30_adam20k/best.pt
Saved PyTorch checkpoint to results/checkpoints/causal_eps30_adam20k/best.pt
Saved PyTorch checkpoint to results/checkpoints/causal_eps30_adam20k/best.pt
Saved PyTorch checkpoint to results/checkpoints/causal_eps30_adam20k/best.pt
Adam 14000/20000 | total=1.056e-02 true=1.139e-02 f=7.042e-03 ic=2.176e-04 wall=4.869e-04 inlet=1.584e-04 outlet=7.301e-05 | min_w=8.062e-01 unlocked=22/32 | best=1.037e-02@13901 stale=98 | lr=2.50e-04 | 5.2 it/s ETA 19m16s
Saved PyTorch checkpoint to results/checkpoints/causal_eps30_adam20k/best.pt
Saved PyTorch checkpoint to results/checkpoints/causal_eps30_adam20k/best.pt
Saved PyTorch checkpoint to results/checkpoints/causal_eps30_adam20k/best.pt
Saved PyTorch checkpoint to results/checkpoints/causal_eps30_adam20k/best.pt
Saved PyTorch checkpoint to results/checkpoints/causal_eps30_adam20k/best.pt
Adam 14200/20000 | total=9.725e-03 true=1.043e-02 f=6.517e-03 ic=2.217e-04 wall=4.736e-04 inlet=1.094e-04 outlet=7.126e-05 | min_w=8.205e-01 unlocked=23/32 | best=1.027e-02@14033 stale=166 | lr=2.50e-04 | 5.2 it/s ETA 18m36s
Saved PyTorch checkpoint to results/checkpoints/causal_eps30_adam20k/best.pt
Saved PyTorch checkpoint to results/checkpoints/causal_eps30_adam20k/best.pt
Saved PyTorch checkpoint to results/checkpoints/causal_eps30_adam20k/best.pt
Saved PyTorch checkpoint to results/checkpoints/causal_eps30_adam20k/best.pt
Saved PyTorch checkpoint to results/checkpoints/causal_eps30_adam20k/best.pt
Adam 14400/20000 | total=9.585e-03 true=1.027e-02 f=6.456e-03 ic=2.211e-04 wall=4.877e-04 inlet=7.872e-05 outlet=7.550e-05 | min_w=8.215e-01 unlocked=23/32 | best=1.023e-02@14319 stale=80 | lr=2.50e-04 | 5.2 it/s ETA 17m57s
Saved PyTorch checkpoint to results/checkpoints/causal_eps30_adam20k/best.pt
Saved PyTorch checkpoint to results/checkpoints/causal_eps30_adam20k/best.pt
Saved PyTorch checkpoint to results/checkpoints/causal_eps30_adam20k/best.pt
Saved PyTorch checkpoint to results/checkpoints/causal_eps30_adam20k/best.pt
Saved PyTorch checkpoint to results/checkpoints/causal_eps30_adam20k/best.pt
Saved PyTorch checkpoint to results/checkpoints/causal_eps30_adam20k/best.pt
Saved PyTorch checkpoint to results/checkpoints/causal_eps30_adam20k/best.pt
Saved PyTorch checkpoint to results/checkpoints/causal_eps30_adam20k/best.pt
Adam 14600/20000 | total=9.806e-03 true=1.052e-02 f=6.558e-03 ic=2.135e-04 wall=4.932e-04 inlet=9.785e-05 outlet=7.860e-05 | min_w=8.189e-01 unlocked=23/32 | best=1.003e-02@14575 stale=24 | lr=2.50e-04 | 5.2 it/s ETA 17m18s
Saved PyTorch checkpoint to results/checkpoints/causal_eps30_adam20k/best.pt
Saved PyTorch checkpoint to results/checkpoints/causal_eps30_adam20k/best.pt
Saved PyTorch checkpoint to results/checkpoints/causal_eps30_adam20k/best.pt
Adam 14800/20000 | total=9.443e-03 true=1.011e-02 f=6.373e-03 ic=2.061e-04 wall=4.790e-04 inlet=7.773e-05 outlet=8.021e-05 | min_w=8.239e-01 unlocked=23/32 | best=9.957e-03@14711 stale=88 | lr=2.50e-04 | 5.2 it/s ETA 16m39s
Saved PyTorch checkpoint to results/checkpoints/causal_eps30_adam20k/best.pt
Saved PyTorch checkpoint to results/checkpoints/causal_eps30_adam20k/best.pt
Saved PyTorch checkpoint to results/checkpoints/causal_eps30_adam20k/best.pt
Saved PyTorch checkpoint to results/checkpoints/causal_eps30_adam20k/best.pt
Saved PyTorch checkpoint to results/checkpoints/causal_eps30_adam20k/best.pt
Saved PyTorch checkpoint to results/checkpoints/causal_eps30_adam20k/best.pt
Saved PyTorch checkpoint to results/checkpoints/causal_eps30_adam20k/best.pt
Saved PyTorch checkpoint to results/checkpoints/causal_eps30_adam20k/best.pt
Saved PyTorch checkpoint to results/checkpoints/causal_eps30_adam20k/best.pt
Saved PyTorch checkpoint to results/checkpoints/causal_eps30_adam20k/best.pt
Saved PyTorch checkpoint to results/checkpoints/causal_eps30_adam20k/best.pt
Saved PyTorch checkpoint to results/checkpoints/causal_eps30_adam20k/best.pt
Saved PyTorch checkpoint to results/checkpoints/causal_eps30_adam20k/best.pt
Saved PyTorch checkpoint to results/checkpoints/causal_eps30_adam20k/best.pt
Adam 15000/20000 | total=9.964e-03 true=1.074e-02 f=6.829e-03 ic=2.166e-04 wall=4.703e-04 inlet=9.873e-05 outlet=7.318e-05 | min_w=8.115e-01 unlocked=22/32 | best=9.762e-03@14987 stale=12 | lr=2.50e-04 | 5.2 it/s ETA 16m00s
Adam 15200/20000 | total=9.203e-03 true=9.831e-03 f=6.191e-03 ic=1.973e-04 wall=4.427e-04 inlet=1.052e-04 outlet=7.503e-05 | min_w=8.295e-01 unlocked=23/32 | best=9.762e-03@14987 stale=212 | lr=2.50e-04 | 5.2 it/s ETA 15m21s
Saved PyTorch checkpoint to results/checkpoints/causal_eps30_adam20k/best.pt
Saved PyTorch checkpoint to results/checkpoints/causal_eps30_adam20k/best.pt
Saved PyTorch checkpoint to results/checkpoints/causal_eps30_adam20k/best.pt
Saved PyTorch checkpoint to results/checkpoints/causal_eps30_adam20k/best.pt
Saved PyTorch checkpoint to results/checkpoints/causal_eps30_adam20k/best.pt
Saved PyTorch checkpoint to results/checkpoints/causal_eps30_adam20k/best.pt
Saved PyTorch checkpoint to results/checkpoints/causal_eps30_adam20k/best.pt
Saved PyTorch checkpoint to results/checkpoints/causal_eps30_adam20k/best.pt
Saved PyTorch checkpoint to results/checkpoints/causal_eps30_adam20k/best.pt
Saved PyTorch checkpoint to results/checkpoints/causal_eps30_adam20k/best.pt
Adam 15400/20000 | total=9.577e-03 true=1.030e-02 f=6.620e-03 ic=2.127e-04 wall=4.593e-04 inlet=7.444e-05 outlet=7.470e-05 | min_w=8.166e-01 unlocked=22/32 | best=9.647e-03@15275 stale=124 | lr=2.50e-04 | 5.2 it/s ETA 14m42s
Adam 15600/20000 | total=9.219e-03 true=9.866e-03 f=6.276e-03 ic=2.044e-04 wall=4.545e-04 inlet=7.777e-05 outlet=7.745e-05 | min_w=8.266e-01 unlocked=23/32 | best=9.647e-03@15275 stale=324 | lr=2.50e-04 | 5.2 it/s ETA 14m03s
Saved PyTorch checkpoint to results/checkpoints/causal_eps30_adam20k/best.pt
Saved PyTorch checkpoint to results/checkpoints/causal_eps30_adam20k/best.pt
Saved PyTorch checkpoint to results/checkpoints/causal_eps30_adam20k/best.pt
Saved PyTorch checkpoint to results/checkpoints/causal_eps30_adam20k/best.pt
Saved PyTorch checkpoint to results/checkpoints/causal_eps30_adam20k/best.pt
Saved PyTorch checkpoint to results/checkpoints/causal_eps30_adam20k/best.pt
Saved PyTorch checkpoint to results/checkpoints/causal_eps30_adam20k/best.pt
Saved PyTorch checkpoint to results/checkpoints/causal_eps30_adam20k/best.pt
Saved PyTorch checkpoint to results/checkpoints/causal_eps30_adam20k/best.pt
Saved PyTorch checkpoint to results/checkpoints/causal_eps30_adam20k/best.pt
Adam 15800/20000 | total=1.034e-02 true=1.119e-02 f=7.142e-03 ic=2.096e-04 wall=4.647e-04 inlet=1.177e-04 outlet=7.411e-05 | min_w=8.028e-01 unlocked=22/32 | best=9.427e-03@15788 stale=11 | lr=2.50e-04 | 5.2 it/s ETA 13m24s
Saved PyTorch checkpoint to results/checkpoints/causal_eps30_adam20k/best.pt
Saved PyTorch checkpoint to results/checkpoints/causal_eps30_adam20k/best.pt
Saved PyTorch checkpoint to results/checkpoints/causal_eps30_adam20k/best.pt
Adam 16000/20000 | total=9.324e-03 true=9.989e-03 f=6.359e-03 ic=2.064e-04 wall=4.462e-04 inlet=9.067e-05 outlet=7.449e-05 | min_w=8.244e-01 unlocked=23/32 | best=9.406e-03@15965 stale=34 | lr=2.50e-04 | 5.2 it/s ETA 12m45s
Saved PyTorch checkpoint to results/checkpoints/causal_eps30_adam20k/best.pt
Saved PyTorch checkpoint to results/checkpoints/causal_eps30_adam20k/best.pt
Saved PyTorch checkpoint to results/checkpoints/causal_eps30_adam20k/best.pt
Saved PyTorch checkpoint to results/checkpoints/causal_eps30_adam20k/best.pt
Saved PyTorch checkpoint to results/checkpoints/causal_eps30_adam20k/best.pt
Saved PyTorch checkpoint to results/checkpoints/causal_eps30_adam20k/best.pt
Saved PyTorch checkpoint to results/checkpoints/causal_eps30_adam20k/best.pt
Saved PyTorch checkpoint to results/checkpoints/causal_eps30_adam20k/best.pt
Adam 16200/20000 | total=8.806e-03 true=9.396e-03 f=6.009e-03 ic=2.034e-04 wall=4.477e-04 inlet=5.600e-05 outlet=7.626e-05 | min_w=8.339e-01 unlocked=24/32 | best=9.285e-03@16117 stale=82 | lr=2.50e-04 | 5.2 it/s ETA 12m07s
Saved PyTorch checkpoint to results/checkpoints/causal_eps30_adam20k/best.pt
Saved PyTorch checkpoint to results/checkpoints/causal_eps30_adam20k/best.pt
Saved PyTorch checkpoint to results/checkpoints/causal_eps30_adam20k/best.pt
Adam 16400/20000 | total=8.800e-03 true=9.387e-03 f=5.997e-03 ic=1.863e-04 wall=4.029e-04 inlet=1.058e-04 outlet=7.317e-05 | min_w=8.348e-01 unlocked=24/32 | best=9.245e-03@16364 stale=35 | lr=2.50e-04 | 5.2 it/s ETA 11m28s
Saved PyTorch checkpoint to results/checkpoints/causal_eps30_adam20k/best.pt
Saved PyTorch checkpoint to results/checkpoints/causal_eps30_adam20k/best.pt
Saved PyTorch checkpoint to results/checkpoints/causal_eps30_adam20k/best.pt
Adam 16600/20000 | total=8.966e-03 true=9.580e-03 f=6.125e-03 ic=1.937e-04 wall=4.270e-04 inlet=8.755e-05 outlet=7.447e-05 | min_w=8.307e-01 unlocked=24/32 | best=9.173e-03@16478 stale=121 | lr=2.50e-04 | 5.2 it/s ETA 10m50s
Saved PyTorch checkpoint to results/checkpoints/causal_eps30_adam20k/best.pt
Saved PyTorch checkpoint to results/checkpoints/causal_eps30_adam20k/best.pt
Adam 16800/20000 | total=9.204e-03 true=9.876e-03 f=6.394e-03 ic=1.923e-04 wall=4.228e-04 inlet=8.605e-05 outlet=7.323e-05 | min_w=8.236e-01 unlocked=23/32 | best=9.091e-03@16603 stale=196 | lr=2.50e-04 | 5.2 it/s ETA 10m12s
Saved PyTorch checkpoint to results/checkpoints/causal_eps30_adam20k/best.pt
Saved PyTorch checkpoint to results/checkpoints/causal_eps30_adam20k/best.pt
Saved PyTorch checkpoint to results/checkpoints/causal_eps30_adam20k/best.pt
Saved PyTorch checkpoint to results/checkpoints/causal_eps30_adam20k/best.pt
Adam 17000/20000 | total=8.586e-03 true=9.166e-03 f=5.965e-03 ic=1.931e-04 wall=4.128e-04 inlet=5.822e-05 outlet=7.263e-05 | min_w=8.349e-01 unlocked=24/32 | best=8.995e-03@16870 stale=129 | lr=2.50e-04 | 5.2 it/s ETA 9m33s
Saved PyTorch checkpoint to results/checkpoints/causal_eps30_adam20k/best.pt
Saved PyTorch checkpoint to results/checkpoints/causal_eps30_adam20k/best.pt
Saved PyTorch checkpoint to results/checkpoints/causal_eps30_adam20k/best.pt
Saved PyTorch checkpoint to results/checkpoints/causal_eps30_adam20k/best.pt
Saved PyTorch checkpoint to results/checkpoints/causal_eps30_adam20k/best.pt
Adam 17200/20000 | total=9.262e-03 true=9.992e-03 f=6.635e-03 ic=2.055e-04 wall=4.155e-04 inlet=5.438e-05 outlet=7.182e-05 | min_w=8.152e-01 unlocked=22/32 | best=8.886e-03@17132 stale=67 | lr=2.50e-04 | 5.2 it/s ETA 8m55s
Saved PyTorch checkpoint to results/checkpoints/causal_eps30_adam20k/best.pt
Saved PyTorch checkpoint to results/checkpoints/causal_eps30_adam20k/best.pt
Adam 17400/20000 | total=8.941e-03 true=9.564e-03 f=6.168e-03 ic=1.796e-04 wall=3.754e-04 inlet=1.289e-04 outlet=7.247e-05 | min_w=8.299e-01 unlocked=23/32 | best=8.863e-03@17211 stale=188 | lr=2.50e-04 | 5.2 it/s ETA 8m17s
Adam 17600/20000 | total=8.423e-03 true=8.978e-03 f=5.844e-03 ic=1.830e-04 wall=4.076e-04 inlet=5.692e-05 outlet=7.254e-05 | min_w=8.383e-01 unlocked=24/32 | best=8.863e-03@17211 stale=388 | lr=2.50e-04 | 5.2 it/s ETA 7m38s
Saved PyTorch checkpoint to results/checkpoints/causal_eps30_adam20k/best.pt
Saved PyTorch checkpoint to results/checkpoints/causal_eps30_adam20k/best.pt
Saved PyTorch checkpoint to results/checkpoints/causal_eps30_adam20k/best.pt
Saved PyTorch checkpoint to results/checkpoints/causal_eps30_adam20k/best.pt
Saved PyTorch checkpoint to results/checkpoints/causal_eps30_adam20k/best.pt
Adam 17800/20000 | total=8.905e-03 true=9.532e-03 f=6.187e-03 ic=1.819e-04 wall=4.028e-04 inlet=8.993e-05 outlet=7.192e-05 | min_w=8.289e-01 unlocked=24/32 | best=8.713e-03@17683 stale=116 | lr=2.50e-04 | 5.2 it/s ETA 7m00s
Adam 18000/20000 | total=8.391e-03 true=8.946e-03 f=5.843e-03 ic=1.872e-04 wall=4.101e-04 inlet=4.789e-05 outlet=7.017e-05 | min_w=8.383e-01 unlocked=24/32 | best=8.713e-03@17683 stale=316 | lr=2.50e-04 | 5.2 it/s ETA 6m22s
Saved PyTorch checkpoint to results/checkpoints/causal_eps30_adam20k/best.pt
Saved PyTorch checkpoint to results/checkpoints/causal_eps30_adam20k/best.pt
Saved PyTorch checkpoint to results/checkpoints/causal_eps30_adam20k/best.pt
Saved PyTorch checkpoint to results/checkpoints/causal_eps30_adam20k/best.pt
Saved PyTorch checkpoint to results/checkpoints/causal_eps30_adam20k/best.pt
Saved PyTorch checkpoint to results/checkpoints/causal_eps30_adam20k/best.pt
Saved PyTorch checkpoint to results/checkpoints/causal_eps30_adam20k/best.pt
Saved PyTorch checkpoint to results/checkpoints/causal_eps30_adam20k/best.pt
Adam 18200/20000 | total=8.718e-03 true=9.321e-03 f=6.072e-03 ic=1.641e-04 wall=3.668e-04 inlet=1.155e-04 outlet=7.009e-05 | min_w=8.324e-01 unlocked=24/32 | best=8.620e-03@18138 stale=61 | lr=2.50e-04 | 5.2 it/s ETA 5m44s
Saved PyTorch checkpoint to results/checkpoints/causal_eps30_adam20k/best.pt
Saved PyTorch checkpoint to results/checkpoints/causal_eps30_adam20k/best.pt
Adam 18400/20000 | total=8.233e-03 true=8.766e-03 f=5.731e-03 ic=1.747e-04 wall=3.892e-04 inlet=6.247e-05 outlet=6.901e-05 | min_w=8.417e-01 unlocked=25/32 | best=8.514e-03@18362 stale=37 | lr=2.50e-04 | 5.2 it/s ETA 5m05s
Saved PyTorch checkpoint to results/checkpoints/causal_eps30_adam20k/best.pt
Saved PyTorch checkpoint to results/checkpoints/causal_eps30_adam20k/best.pt
Adam 18600/20000 | total=8.105e-03 true=8.630e-03 f=5.692e-03 ic=1.687e-04 wall=3.807e-04 inlet=5.408e-05 outlet=6.962e-05 | min_w=8.425e-01 unlocked=25/32 | best=8.507e-03@18459 stale=140 | lr=2.50e-04 | 5.2 it/s ETA 4m27s
Saved PyTorch checkpoint to results/checkpoints/causal_eps30_adam20k/best.pt
Saved PyTorch checkpoint to results/checkpoints/causal_eps30_adam20k/best.pt
Saved PyTorch checkpoint to results/checkpoints/causal_eps30_adam20k/best.pt
Saved PyTorch checkpoint to results/checkpoints/causal_eps30_adam20k/best.pt
Saved PyTorch checkpoint to results/checkpoints/causal_eps30_adam20k/best.pt
Saved PyTorch checkpoint to results/checkpoints/causal_eps30_adam20k/best.pt
Saved PyTorch checkpoint to results/checkpoints/causal_eps30_adam20k/best.pt
Saved PyTorch checkpoint to results/checkpoints/causal_eps30_adam20k/best.pt
Saved PyTorch checkpoint to results/checkpoints/causal_eps30_adam20k/best.pt
Saved PyTorch checkpoint to results/checkpoints/causal_eps30_adam20k/best.pt
Saved PyTorch checkpoint to results/checkpoints/causal_eps30_adam20k/best.pt
Adam 18800/20000 | total=8.666e-03 true=9.283e-03 f=6.143e-03 ic=1.679e-04 wall=3.649e-04 inlet=9.249e-05 outlet=6.805e-05 | min_w=8.305e-01 unlocked=24/32 | best=8.414e-03@18765 stale=34 | lr=2.50e-04 | 5.2 it/s ETA 3m49s
Adam 19000/20000 | total=8.135e-03 true=8.673e-03 f=5.753e-03 ic=1.695e-04 wall=3.689e-04 inlet=6.045e-05 outlet=6.568e-05 | min_w=8.408e-01 unlocked=24/32 | best=8.414e-03@18765 stale=234 | lr=2.50e-04 | 5.2 it/s ETA 3m11s
Saved PyTorch checkpoint to results/checkpoints/causal_eps30_adam20k/best.pt
Saved PyTorch checkpoint to results/checkpoints/causal_eps30_adam20k/best.pt
Saved PyTorch checkpoint to results/checkpoints/causal_eps30_adam20k/best.pt
Saved PyTorch checkpoint to results/checkpoints/causal_eps30_adam20k/best.pt
Adam 19200/20000 | total=7.886e-03 true=8.377e-03 f=5.512e-03 ic=1.596e-04 wall=3.688e-04 inlet=6.041e-05 outlet=6.893e-05 | min_w=8.476e-01 unlocked=25/32 | best=8.348e-03@19082 stale=117 | lr=2.50e-04 | 5.2 it/s ETA 2m32s
Saved PyTorch checkpoint to results/checkpoints/causal_eps30_adam20k/best.pt
Saved PyTorch checkpoint to results/checkpoints/causal_eps30_adam20k/best.pt
Adam 19400/20000 | total=8.808e-03 true=9.437e-03 f=6.202e-03 ic=1.645e-04 wall=3.759e-04 inlet=9.955e-05 outlet=6.453e-05 | min_w=8.289e-01 unlocked=24/32 | best=8.299e-03@19341 stale=58 | lr=2.50e-04 | 5.2 it/s ETA 1m54s
Adam 19600/20000 | total=8.415e-03 true=9.010e-03 f=6.033e-03 ic=1.566e-04 wall=3.675e-04 inlet=6.388e-05 outlet=6.869e-05 | min_w=8.325e-01 unlocked=24/32 | best=8.299e-03@19341 stale=258 | lr=2.50e-04 | 5.2 it/s ETA 1m16s
Saved PyTorch checkpoint to results/checkpoints/causal_eps30_adam20k/best.pt
Saved PyTorch checkpoint to results/checkpoints/causal_eps30_adam20k/best.pt
Saved PyTorch checkpoint to results/checkpoints/causal_eps30_adam20k/best.pt
Saved PyTorch checkpoint to results/checkpoints/causal_eps30_adam20k/best.pt
Saved PyTorch checkpoint to results/checkpoints/causal_eps30_adam20k/best.pt
Saved PyTorch checkpoint to results/checkpoints/causal_eps30_adam20k/best.pt
Saved PyTorch checkpoint to results/checkpoints/causal_eps30_adam20k/best.pt
Saved PyTorch checkpoint to results/checkpoints/causal_eps30_adam20k/best.pt
Saved PyTorch checkpoint to results/checkpoints/causal_eps30_adam20k/best.pt
Adam 19800/20000 | total=8.874e-03 true=9.578e-03 f=6.516e-03 ic=1.602e-04 wall=3.770e-04 inlet=4.794e-05 outlet=7.360e-05 | min_w=8.178e-01 unlocked=22/32 | best=8.199e-03@19781 stale=18 | lr=2.50e-04 | 5.2 it/s ETA 0m38s
Saved PyTorch checkpoint to results/checkpoints/causal_eps30_adam20k/best.pt
Saved PyTorch checkpoint to results/checkpoints/causal_eps30_adam20k/best.pt
Adam 20000/20000 | total=8.224e-03 true=8.782e-03 f=5.861e-03 ic=1.483e-04 wall=3.607e-04 inlet=6.819e-05 outlet=6.992e-05 | min_w=8.376e-01 unlocked=24/32 | best=8.180e-03@19889 stale=110 | lr=2.50e-04 | 5.2 it/s ETA 0m00s
[lbfgs] frozen: continuing Adam-final causal weights as constants (min_w=8.370e-01, max_w=1.000e+00).
=== L-BFGS phase | max_iter=50000 | mode=frozen ===
LBFGS 1/50000 | total=8.184e-03 true=8.747e-03 f=5.882e-03 ic=1.700e-04 wall=3.667e-04 inlet=4.722e-05 outlet=6.242e-05 | min_w=8.370e-01 | best=8.747e-03@1 | 7.9 it/s
LBFGS 200/50000 | total=6.871e-03 true=7.366e-03 f=5.130e-03 ic=1.299e-04 wall=2.664e-04 inlet=4.495e-05 outlet=5.518e-05 | min_w=8.370e-01 | best=7.366e-03@200 | 5.2 it/s
LBFGS 400/50000 | total=6.329e-03 true=6.782e-03 f=4.675e-03 ic=1.052e-04 wall=2.619e-04 inlet=3.994e-05 outlet=4.012e-05 | min_w=8.370e-01 | best=6.782e-03@400 | 5.2 it/s
LBFGS 600/50000 | total=5.954e-03 true=6.390e-03 f=4.513e-03 ic=9.058e-05 wall=2.315e-04 inlet=3.232e-05 outlet=3.106e-05 | min_w=8.370e-01 | best=6.390e-03@600 | 5.1 it/s
LBFGS 800/50000 | total=5.643e-03 true=6.056e-03 f=4.247e-03 ic=8.396e-05 wall=2.274e-04 inlet=3.019e-05 outlet=2.411e-05 | min_w=8.370e-01 | best=6.056e-03@800 | 5.2 it/s
LBFGS 1000/50000 | total=5.360e-03 true=5.762e-03 f=4.137e-03 ic=6.966e-05 wall=2.008e-04 inlet=2.617e-05 outlet=1.776e-05 | min_w=8.370e-01 | best=5.762e-03@1000 | 5.2 it/s
Saved PyTorch checkpoint to results/checkpoints/causal_eps30_adam20k/latest_lbfgs.pt
LBFGS 1200/50000 | total=5.132e-03 true=5.523e-03 f=4.013e-03 ic=5.391e-05 wall=1.863e-04 inlet=2.364e-05 outlet=1.541e-05 | min_w=8.370e-01 | best=5.523e-03@1199 | 5.2 it/s
LBFGS 1400/50000 | total=4.949e-03 true=5.332e-03 f=3.933e-03 ic=4.216e-05 wall=1.706e-04 inlet=2.141e-05 outlet=1.359e-05 | min_w=8.370e-01 | best=5.332e-03@1400 | 5.2 it/s
LBFGS 1600/50000 | total=4.797e-03 true=5.172e-03 f=3.849e-03 ic=3.413e-05 wall=1.584e-04 inlet=2.223e-05 outlet=1.126e-05 | min_w=8.370e-01 | best=5.172e-03@1600 | 5.2 it/s
LBFGS 1800/50000 | total=4.650e-03 true=5.016e-03 f=3.762e-03 ic=2.983e-05 wall=1.518e-04 inlet=1.763e-05 outlet=1.062e-05 | min_w=8.370e-01 | best=5.016e-03@1800 | 5.2 it/s
LBFGS 2000/50000 | total=4.503e-03 true=4.857e-03 f=3.645e-03 ic=2.994e-05 wall=1.474e-04 inlet=1.620e-05 outlet=9.777e-06 | min_w=8.370e-01 | best=4.857e-03@2000 | 5.2 it/s
Saved PyTorch checkpoint to results/checkpoints/causal_eps30_adam20k/latest_lbfgs.pt
LBFGS 2200/50000 | total=4.380e-03 true=4.723e-03 f=3.552e-03 ic=3.397e-05 wall=1.414e-04 inlet=1.562e-05 outlet=8.470e-06 | min_w=8.370e-01 | best=4.723e-03@2200 | 5.2 it/s
LBFGS 2400/50000 | total=4.270e-03 true=4.605e-03 f=3.497e-03 ic=3.786e-05 wall=1.313e-04 inlet=1.405e-05 outlet=7.731e-06 | min_w=8.370e-01 | best=4.605e-03@2400 | 5.2 it/s
LBFGS 2600/50000 | total=4.171e-03 true=4.495e-03 f=3.404e-03 ic=3.887e-05 wall=1.295e-04 inlet=1.461e-05 outlet=7.117e-06 | min_w=8.370e-01 | best=4.495e-03@2600 | 5.2 it/s
LBFGS 2800/50000 | total=4.067e-03 true=4.385e-03 f=3.351e-03 ic=3.649e-05 wall=1.222e-04 inlet=1.249e-05 outlet=6.240e-06 | min_w=8.370e-01 | best=4.385e-03@2800 | 5.2 it/s
LBFGS 3000/50000 | total=3.972e-03 true=4.280e-03 f=3.260e-03 ic=3.501e-05 wall=1.219e-04 inlet=1.229e-05 outlet=6.444e-06 | min_w=8.370e-01 | best=4.280e-03@3000 | 5.2 it/s
Saved PyTorch checkpoint to results/checkpoints/causal_eps30_adam20k/latest_lbfgs.pt
LBFGS 3200/50000 | total=3.890e-03 true=4.195e-03 f=3.217e-03 ic=3.260e-05 wall=1.148e-04 inlet=1.200e-05 outlet=6.251e-06 | min_w=8.370e-01 | best=4.195e-03@3200 | 5.2 it/s
LBFGS 3400/50000 | total=3.815e-03 true=4.115e-03 f=3.158e-03 ic=3.048e-05 wall=1.133e-04 inlet=1.101e-05 outlet=4.709e-06 | min_w=8.370e-01 | best=4.115e-03@3400 | 5.2 it/s
LBFGS 3600/50000 | total=3.748e-03 true=4.046e-03 f=3.129e-03 ic=2.764e-05 wall=1.074e-04 inlet=9.985e-06 outlet=4.807e-06 | min_w=8.370e-01 | best=4.046e-03@3600 | 5.2 it/s
LBFGS 3800/50000 | total=3.691e-03 true=3.985e-03 f=3.098e-03 ic=2.334e-05 wall=1.040e-04 inlet=9.329e-06 outlet=3.017e-06 | min_w=8.370e-01 | best=3.985e-03@3800 | 5.2 it/s
LBFGS 4000/50000 | total=3.628e-03 true=3.917e-03 f=3.054e-03 ic=2.175e-05 wall=1.011e-04 inlet=8.797e-06 outlet=3.358e-06 | min_w=8.370e-01 | best=3.917e-03@4000 | 5.2 it/s
Saved PyTorch checkpoint to results/checkpoints/causal_eps30_adam20k/latest_lbfgs.pt
LBFGS 4200/50000 | total=3.577e-03 true=3.862e-03 f=3.020e-03 ic=2.005e-05 wall=9.846e-05 inlet=8.681e-06 outlet=2.201e-06 | min_w=8.370e-01 | best=3.862e-03@4200 | 5.2 it/s
LBFGS 4400/50000 | total=3.534e-03 true=3.817e-03 f=2.999e-03 ic=1.904e-05 wall=9.460e-05 inlet=8.205e-06 outlet=2.002e-06 | min_w=8.370e-01 | best=3.817e-03@4400 | 5.2 it/s
LBFGS 4600/50000 | total=3.486e-03 true=3.766e-03 f=2.969e-03 ic=1.805e-05 wall=9.142e-05 inlet=8.001e-06 outlet=2.023e-06 | min_w=8.370e-01 | best=3.766e-03@4600 | 5.2 it/s
LBFGS 4800/50000 | total=3.435e-03 true=3.709e-03 f=2.925e-03 ic=1.803e-05 wall=8.928e-05 inlet=8.368e-06 outlet=3.219e-06 | min_w=8.370e-01 | best=3.709e-03@4800 | 5.2 it/s
LBFGS 5000/50000 | total=3.381e-03 true=3.651e-03 f=2.889e-03 ic=1.584e-05 wall=8.623e-05 inlet=8.340e-06 outlet=2.872e-06 | min_w=8.370e-01 | best=3.651e-03@5000 | 5.2 it/s
Saved PyTorch checkpoint to results/checkpoints/causal_eps30_adam20k/latest_lbfgs.pt
LBFGS 5200/50000 | total=3.337e-03 true=3.604e-03 f=2.859e-03 ic=1.513e-05 wall=8.362e-05 inlet=8.261e-06 outlet=3.057e-06 | min_w=8.370e-01 | best=3.604e-03@5200 | 5.2 it/s
LBFGS 5400/50000 | total=3.292e-03 true=3.555e-03 f=2.820e-03 ic=1.340e-05 wall=8.353e-05 inlet=7.667e-06 outlet=2.283e-06 | min_w=8.370e-01 | best=3.555e-03@5400 | 5.2 it/s
LBFGS 5600/50000 | total=3.253e-03 true=3.515e-03 f=2.806e-03 ic=1.333e-05 wall=7.873e-05 inlet=7.475e-06 outlet=2.388e-06 | min_w=8.370e-01 | best=3.515e-03@5600 | 5.2 it/s
LBFGS 5800/50000 | total=3.206e-03 true=3.465e-03 f=2.779e-03 ic=1.299e-05 wall=7.576e-05 inlet=6.626e-06 outlet=1.793e-06 | min_w=8.370e-01 | best=3.465e-03@5800 | 5.2 it/s
LBFGS 6000/50000 | total=3.163e-03 true=3.419e-03 f=2.743e-03 ic=1.348e-05 wall=7.428e-05 inlet=6.549e-06 outlet=2.249e-06 | min_w=8.370e-01 | best=3.418e-03@5999 | 5.2 it/s
Saved PyTorch checkpoint to results/checkpoints/causal_eps30_adam20k/latest_lbfgs.pt
LBFGS 6200/50000 | total=3.119e-03 true=3.373e-03 f=2.706e-03 ic=1.427e-05 wall=7.301e-05 inlet=6.249e-06 outlet=2.267e-06 | min_w=8.370e-01 | best=3.373e-03@6200 | 5.2 it/s
LBFGS 6400/50000 | total=3.082e-03 true=3.335e-03 f=2.694e-03 ic=1.379e-05 wall=6.882e-05 inlet=5.567e-06 outlet=2.475e-06 | min_w=8.370e-01 | best=3.335e-03@6400 | 5.2 it/s
LBFGS 6600/50000 | total=3.047e-03 true=3.296e-03 f=2.659e-03 ic=1.327e-05 wall=6.835e-05 inlet=6.030e-06 outlet=1.998e-06 | min_w=8.370e-01 | best=3.296e-03@6600 | 5.2 it/s
LBFGS 6800/50000 | total=3.009e-03 true=3.256e-03 f=2.634e-03 ic=1.285e-05 wall=6.637e-05 inlet=5.707e-06 outlet=1.688e-06 | min_w=8.370e-01 | best=3.256e-03@6800 | 5.2 it/s
LBFGS 7000/50000 | total=2.974e-03 true=3.219e-03 f=2.605e-03 ic=1.302e-05 wall=6.542e-05 inlet=5.451e-06 outlet=1.502e-06 | min_w=8.370e-01 | best=3.219e-03@7000 | 5.2 it/s
Saved PyTorch checkpoint to results/checkpoints/causal_eps30_adam20k/latest_lbfgs.pt
LBFGS 7200/50000 | total=2.940e-03 true=3.182e-03 f=2.580e-03 ic=1.279e-05 wall=6.325e-05 inlet=5.844e-06 outlet=1.647e-06 | min_w=8.370e-01 | best=3.182e-03@7200 | 5.2 it/s
LBFGS 7400/50000 | total=2.904e-03 true=3.144e-03 f=2.552e-03 ic=1.284e-05 wall=6.201e-05 inlet=5.314e-06 outlet=2.241e-06 | min_w=8.370e-01 | best=3.144e-03@7400 | 5.2 it/s
LBFGS 7600/50000 | total=2.872e-03 true=3.111e-03 f=2.530e-03 ic=1.317e-05 wall=5.991e-05 inlet=5.457e-06 outlet=1.948e-06 | min_w=8.370e-01 | best=3.111e-03@7600 | 5.2 it/s
LBFGS 7800/50000 | total=2.843e-03 true=3.081e-03 f=2.512e-03 ic=1.420e-05 wall=5.778e-05 inlet=5.254e-06 outlet=1.801e-06 | min_w=8.370e-01 | best=3.081e-03@7800 | 5.2 it/s
LBFGS 8000/50000 | total=2.815e-03 true=3.052e-03 f=2.498e-03 ic=1.417e-05 wall=5.453e-05 inlet=5.667e-06 outlet=1.987e-06 | min_w=8.370e-01 | best=3.050e-03@7999 | 5.2 it/s
Saved PyTorch checkpoint to results/checkpoints/causal_eps30_adam20k/latest_lbfgs.pt
LBFGS 8200/50000 | total=2.785e-03 true=3.020e-03 f=2.477e-03 ic=1.343e-05 wall=5.266e-05 inlet=5.848e-06 outlet=1.880e-06 | min_w=8.370e-01 | best=3.020e-03@8200 | 5.2 it/s
LBFGS 8400/50000 | total=2.758e-03 true=2.990e-03 f=2.451e-03 ic=1.346e-05 wall=5.244e-05 inlet=5.763e-06 outlet=2.001e-06 | min_w=8.370e-01 | best=2.990e-03@8400 | 5.2 it/s
LBFGS 8600/50000 | total=2.727e-03 true=2.957e-03 f=2.432e-03 ic=1.341e-05 wall=5.031e-05 inlet=5.474e-06 outlet=1.814e-06 | min_w=8.370e-01 | best=2.957e-03@8600 | 5.2 it/s
LBFGS 8800/50000 | total=2.699e-03 true=2.929e-03 f=2.412e-03 ic=1.282e-05 wall=4.949e-05 inlet=5.087e-06 outlet=1.978e-06 | min_w=8.370e-01 | best=2.929e-03@8799 | 5.2 it/s
LBFGS 9000/50000 | total=2.676e-03 true=2.903e-03 f=2.394e-03 ic=1.238e-05 wall=4.851e-05 inlet=5.006e-06 outlet=1.848e-06 | min_w=8.370e-01 | best=2.903e-03@9000 | 5.2 it/s
Saved PyTorch checkpoint to results/checkpoints/causal_eps30_adam20k/latest_lbfgs.pt
LBFGS 9200/50000 | total=2.650e-03 true=2.876e-03 f=2.379e-03 ic=1.217e-05 wall=4.658e-05 inlet=4.745e-06 outlet=2.105e-06 | min_w=8.370e-01 | best=2.876e-03@9200 | 5.2 it/s
LBFGS 9400/50000 | total=2.626e-03 true=2.849e-03 f=2.355e-03 ic=1.138e-05 wall=4.669e-05 inlet=4.885e-06 outlet=2.082e-06 | min_w=8.370e-01 | best=2.849e-03@9400 | 5.2 it/s
LBFGS 9600/50000 | total=2.607e-03 true=2.828e-03 f=2.336e-03 ic=1.061e-05 wall=4.676e-05 inlet=4.809e-06 outlet=2.126e-06 | min_w=8.370e-01 | best=2.828e-03@9599 | 5.2 it/s
LBFGS 9800/50000 | total=2.584e-03 true=2.804e-03 f=2.321e-03 ic=9.822e-06 wall=4.540e-05 inlet=4.774e-06 outlet=1.913e-06 | min_w=8.370e-01 | best=2.804e-03@9800 | 5.2 it/s
LBFGS 10000/50000 | total=2.564e-03 true=2.782e-03 f=2.301e-03 ic=9.758e-06 wall=4.525e-05 inlet=5.004e-06 outlet=1.620e-06 | min_w=8.370e-01 | best=2.782e-03@10000 | 5.2 it/s
Saved PyTorch checkpoint to results/checkpoints/causal_eps30_adam20k/latest_lbfgs.pt
LBFGS 10200/50000 | total=2.546e-03 true=2.762e-03 f=2.287e-03 ic=9.169e-06 wall=4.511e-05 inlet=4.566e-06 outlet=1.413e-06 | min_w=8.370e-01 | best=2.762e-03@10199 | 5.2 it/s
LBFGS 10400/50000 | total=2.527e-03 true=2.743e-03 f=2.279e-03 ic=8.492e-06 wall=4.272e-05 inlet=4.786e-06 outlet=1.353e-06 | min_w=8.370e-01 | best=2.743e-03@10400 | 5.2 it/s
LBFGS 10600/50000 | total=2.508e-03 true=2.723e-03 f=2.263e-03 ic=8.521e-06 wall=4.214e-05 inlet=4.736e-06 outlet=1.235e-06 | min_w=8.370e-01 | best=2.723e-03@10600 | 5.2 it/s
LBFGS 10800/50000 | total=2.489e-03 true=2.703e-03 f=2.250e-03 ic=8.575e-06 wall=4.116e-05 inlet=4.621e-06 outlet=1.003e-06 | min_w=8.370e-01 | best=2.703e-03@10799 | 5.2 it/s
LBFGS 11000/50000 | total=2.470e-03 true=2.683e-03 f=2.238e-03 ic=8.336e-06 wall=3.998e-05 inlet=4.576e-06 outlet=9.787e-07 | min_w=8.370e-01 | best=2.683e-03@11000 | 5.3 it/s
Saved PyTorch checkpoint to results/checkpoints/causal_eps30_adam20k/latest_lbfgs.pt
LBFGS 11200/50000 | total=2.451e-03 true=2.663e-03 f=2.224e-03 ic=7.903e-06 wall=3.923e-05 inlet=4.467e-06 outlet=1.177e-06 | min_w=8.370e-01 | best=2.663e-03@11200 | 5.3 it/s
LBFGS 11400/50000 | total=2.438e-03 true=2.649e-03 f=2.215e-03 ic=7.712e-06 wall=3.846e-05 inlet=4.307e-06 outlet=1.156e-06 | min_w=8.370e-01 | best=2.649e-03@11400 | 5.3 it/s
LBFGS 11600/50000 | total=2.422e-03 true=2.632e-03 f=2.203e-03 ic=7.930e-06 wall=3.791e-05 inlet=4.206e-06 outlet=1.289e-06 | min_w=8.370e-01 | best=2.632e-03@11600 | 5.3 it/s
LBFGS 11800/50000 | total=2.404e-03 true=2.613e-03 f=2.191e-03 ic=8.102e-06 wall=3.667e-05 inlet=4.277e-06 outlet=1.118e-06 | min_w=8.370e-01 | best=2.613e-03@11800 | 5.3 it/s
LBFGS 12000/50000 | total=2.387e-03 true=2.595e-03 f=2.180e-03 ic=8.292e-06 wall=3.538e-05 inlet=4.081e-06 outlet=1.050e-06 | min_w=8.370e-01 | best=2.595e-03@12000 | 5.3 it/s
Saved PyTorch checkpoint to results/checkpoints/causal_eps30_adam20k/latest_lbfgs.pt
LBFGS 12200/50000 | total=2.368e-03 true=2.575e-03 f=2.168e-03 ic=7.935e-06 wall=3.416e-05 inlet=4.152e-06 outlet=9.412e-07 | min_w=8.370e-01 | best=2.575e-03@12199 | 5.3 it/s
LBFGS 12400/50000 | total=2.352e-03 true=2.557e-03 f=2.151e-03 ic=7.909e-06 wall=3.420e-05 inlet=4.214e-06 outlet=1.156e-06 | min_w=8.370e-01 | best=2.557e-03@12400 | 5.3 it/s
LBFGS 12600/50000 | total=2.333e-03 true=2.537e-03 f=2.140e-03 ic=7.542e-06 wall=3.295e-05 inlet=4.126e-06 outlet=8.953e-07 | min_w=8.370e-01 | best=2.537e-03@12600 | 5.3 it/s
LBFGS 12800/50000 | total=2.316e-03 true=2.519e-03 f=2.126e-03 ic=7.600e-06 wall=3.250e-05 inlet=3.830e-06 outlet=9.460e-07 | min_w=8.370e-01 | best=2.519e-03@12800 | 5.3 it/s
LBFGS 13000/50000 | total=2.302e-03 true=2.503e-03 f=2.111e-03 ic=7.538e-06 wall=3.255e-05 inlet=3.946e-06 outlet=8.632e-07 | min_w=8.370e-01 | best=2.503e-03@13000 | 5.3 it/s
Saved PyTorch checkpoint to results/checkpoints/causal_eps30_adam20k/latest_lbfgs.pt
LBFGS 13200/50000 | total=2.287e-03 true=2.487e-03 f=2.099e-03 ic=7.370e-06 wall=3.201e-05 inlet=3.839e-06 outlet=8.573e-07 | min_w=8.370e-01 | best=2.487e-03@13200 | 5.3 it/s
LBFGS 13400/50000 | total=2.273e-03 true=2.472e-03 f=2.091e-03 ic=7.263e-06 wall=3.116e-05 inlet=3.714e-06 outlet=9.008e-07 | min_w=8.370e-01 | best=2.472e-03@13400 | 5.3 it/s
LBFGS 13600/50000 | total=2.260e-03 true=2.458e-03 f=2.080e-03 ic=7.252e-06 wall=3.080e-05 inlet=3.556e-06 outlet=7.718e-07 | min_w=8.370e-01 | best=2.458e-03@13599 | 5.3 it/s
LBFGS 13800/50000 | total=2.247e-03 true=2.444e-03 f=2.070e-03 ic=7.037e-06 wall=3.043e-05 inlet=3.352e-06 outlet=8.441e-07 | min_w=8.370e-01 | best=2.444e-03@13800 | 5.3 it/s
LBFGS 14000/50000 | total=2.233e-03 true=2.429e-03 f=2.057e-03 ic=7.028e-06 wall=3.002e-05 inlet=3.421e-06 outlet=8.105e-07 | min_w=8.370e-01 | best=2.429e-03@14000 | 5.3 it/s
Saved PyTorch checkpoint to results/checkpoints/causal_eps30_adam20k/latest_lbfgs.pt
LBFGS 14200/50000 | total=2.220e-03 true=2.415e-03 f=2.050e-03 ic=7.445e-06 wall=2.891e-05 inlet=3.364e-06 outlet=9.576e-07 | min_w=8.370e-01 | best=2.415e-03@14200 | 5.3 it/s
LBFGS 14400/50000 | total=2.208e-03 true=2.403e-03 f=2.041e-03 ic=7.617e-06 wall=2.847e-05 inlet=3.246e-06 outlet=1.009e-06 | min_w=8.370e-01 | best=2.403e-03@14400 | 5.3 it/s
LBFGS 14600/50000 | total=2.197e-03 true=2.391e-03 f=2.033e-03 ic=7.701e-06 wall=2.766e-05 inlet=3.255e-06 outlet=1.021e-06 | min_w=8.370e-01 | best=2.391e-03@14600 | 5.3 it/s
LBFGS 14800/50000 | total=2.186e-03 true=2.380e-03 f=2.027e-03 ic=7.726e-06 wall=2.703e-05 inlet=3.114e-06 outlet=1.167e-06 | min_w=8.370e-01 | best=2.380e-03@14800 | 5.3 it/s
LBFGS 15000/50000 | total=2.173e-03 true=2.366e-03 f=2.017e-03 ic=7.424e-06 wall=2.646e-05 inlet=3.105e-06 outlet=9.714e-07 | min_w=8.370e-01 | best=2.366e-03@15000 | 5.3 it/s
Saved PyTorch checkpoint to results/checkpoints/causal_eps30_adam20k/latest_lbfgs.pt
LBFGS 15200/50000 | total=2.162e-03 true=2.353e-03 f=2.006e-03 ic=7.402e-06 wall=2.642e-05 inlet=3.097e-06 outlet=9.866e-07 | min_w=8.370e-01 | best=2.353e-03@15200 | 5.3 it/s
LBFGS 15400/50000 | total=2.149e-03 true=2.340e-03 f=1.996e-03 ic=7.220e-06 wall=2.605e-05 inlet=2.985e-06 outlet=1.042e-06 | min_w=8.370e-01 | best=2.340e-03@15400 | 5.3 it/s
LBFGS 15600/50000 | total=2.137e-03 true=2.327e-03 f=1.989e-03 ic=7.014e-06 wall=2.528e-05 inlet=2.813e-06 outlet=9.615e-07 | min_w=8.370e-01 | best=2.327e-03@15600 | 5.3 it/s
LBFGS 15800/50000 | total=2.124e-03 true=2.312e-03 f=1.979e-03 ic=6.947e-06 wall=2.469e-05 inlet=2.736e-06 outlet=9.545e-07 | min_w=8.370e-01 | best=2.312e-03@15800 | 5.3 it/s
LBFGS 16000/50000 | total=2.110e-03 true=2.298e-03 f=1.965e-03 ic=6.823e-06 wall=2.472e-05 inlet=2.845e-06 outlet=1.016e-06 | min_w=8.370e-01 | best=2.298e-03@16000 | 5.3 it/s
Saved PyTorch checkpoint to results/checkpoints/causal_eps30_adam20k/latest_lbfgs.pt
LBFGS 16200/50000 | total=2.096e-03 true=2.283e-03 f=1.953e-03 ic=6.835e-06 wall=2.424e-05 inlet=2.735e-06 outlet=1.220e-06 | min_w=8.370e-01 | best=2.283e-03@16200 | 5.3 it/s
LBFGS 16400/50000 | total=2.083e-03 true=2.268e-03 f=1.943e-03 ic=6.987e-06 wall=2.361e-05 inlet=2.733e-06 outlet=1.001e-06 | min_w=8.370e-01 | best=2.268e-03@16400 | 5.3 it/s
LBFGS 16600/50000 | total=2.068e-03 true=2.252e-03 f=1.931e-03 ic=6.787e-06 wall=2.322e-05 inlet=2.742e-06 outlet=1.051e-06 | min_w=8.370e-01 | best=2.252e-03@16600 | 5.3 it/s
LBFGS 16800/50000 | total=2.053e-03 true=2.235e-03 f=1.915e-03 ic=6.546e-06 wall=2.313e-05 inlet=2.920e-06 outlet=1.235e-06 | min_w=8.370e-01 | best=2.235e-03@16800 | 5.3 it/s
LBFGS 17000/50000 | total=2.038e-03 true=2.219e-03 f=1.905e-03 ic=6.559e-06 wall=2.238e-05 inlet=2.703e-06 outlet=1.366e-06 | min_w=8.370e-01 | best=2.219e-03@16999 | 5.3 it/s
Saved PyTorch checkpoint to results/checkpoints/causal_eps30_adam20k/latest_lbfgs.pt
LBFGS 17200/50000 | total=2.022e-03 true=2.202e-03 f=1.892e-03 ic=6.317e-06 wall=2.142e-05 inlet=2.955e-06 outlet=1.115e-06 | min_w=8.370e-01 | best=2.202e-03@17200 | 5.3 it/s
LBFGS 17400/50000 | total=2.003e-03 true=2.181e-03 f=1.876e-03 ic=6.470e-06 wall=2.093e-05 inlet=2.923e-06 outlet=1.290e-06 | min_w=8.370e-01 | best=2.181e-03@17400 | 5.3 it/s
LBFGS 17600/50000 | total=1.983e-03 true=2.159e-03 f=1.854e-03 ic=6.562e-06 wall=2.113e-05 inlet=3.050e-06 outlet=1.107e-06 | min_w=8.370e-01 | best=2.159e-03@17600 | 5.3 it/s
LBFGS 17800/50000 | total=1.961e-03 true=2.134e-03 f=1.833e-03 ic=6.804e-06 wall=2.124e-05 inlet=2.736e-06 outlet=1.198e-06 | min_w=8.370e-01 | best=2.134e-03@17800 | 5.3 it/s
LBFGS 18000/50000 | total=1.939e-03 true=2.110e-03 f=1.813e-03 ic=7.156e-06 wall=2.100e-05 inlet=2.564e-06 outlet=1.315e-06 | min_w=8.370e-01 | best=2.110e-03@18000 | 5.3 it/s
Saved PyTorch checkpoint to results/checkpoints/causal_eps30_adam20k/latest_lbfgs.pt
LBFGS 18200/50000 | total=1.914e-03 true=2.082e-03 f=1.786e-03 ic=7.266e-06 wall=2.139e-05 inlet=2.547e-06 outlet=1.358e-06 | min_w=8.370e-01 | best=2.082e-03@18200 | 5.3 it/s
LBFGS 18400/50000 | total=1.890e-03 true=2.056e-03 f=1.766e-03 ic=7.421e-06 wall=2.045e-05 inlet=2.509e-06 outlet=1.583e-06 | min_w=8.370e-01 | best=2.056e-03@18400 | 5.3 it/s
LBFGS 18600/50000 | total=1.859e-03 true=2.021e-03 f=1.734e-03 ic=7.934e-06 wall=2.054e-05 inlet=2.574e-06 outlet=1.565e-06 | min_w=8.370e-01 | best=2.021e-03@18600 | 5.3 it/s
LBFGS 18800/50000 | total=1.829e-03 true=1.989e-03 f=1.709e-03 ic=7.720e-06 wall=1.955e-05 inlet=2.632e-06 outlet=1.804e-06 | min_w=8.370e-01 | best=1.989e-03@18800 | 5.3 it/s
LBFGS 19000/50000 | total=1.797e-03 true=1.953e-03 f=1.677e-03 ic=7.625e-06 wall=1.964e-05 inlet=2.569e-06 outlet=1.805e-06 | min_w=8.370e-01 | best=1.953e-03@19000 | 5.3 it/s
Saved PyTorch checkpoint to results/checkpoints/causal_eps30_adam20k/latest_lbfgs.pt
LBFGS 19200/50000 | total=1.764e-03 true=1.916e-03 f=1.645e-03 ic=8.233e-06 wall=1.947e-05 inlet=2.413e-06 outlet=1.694e-06 | min_w=8.370e-01 | best=1.916e-03@19200 | 5.3 it/s
LBFGS 19400/50000 | total=1.730e-03 true=1.878e-03 f=1.609e-03 ic=7.875e-06 wall=1.945e-05 inlet=2.827e-06 outlet=1.624e-06 | min_w=8.370e-01 | best=1.878e-03@19400 | 5.3 it/s
LBFGS 19600/50000 | total=1.695e-03 true=1.840e-03 f=1.578e-03 ic=8.045e-06 wall=1.872e-05 inlet=2.729e-06 outlet=2.030e-06 | min_w=8.370e-01 | best=1.840e-03@19600 | 5.3 it/s
LBFGS 19800/50000 | total=1.654e-03 true=1.796e-03 f=1.537e-03 ic=7.767e-06 wall=1.859e-05 inlet=2.776e-06 outlet=2.171e-06 | min_w=8.370e-01 | best=1.796e-03@19800 | 5.3 it/s
LBFGS 20000/50000 | total=1.613e-03 true=1.751e-03 f=1.501e-03 ic=8.614e-06 wall=1.758e-05 inlet=2.790e-06 outlet=1.808e-06 | min_w=8.370e-01 | best=1.751e-03@20000 | 5.3 it/s
Saved PyTorch checkpoint to results/checkpoints/causal_eps30_adam20k/latest_lbfgs.pt
LBFGS 20200/50000 | total=1.572e-03 true=1.707e-03 f=1.458e-03 ic=8.511e-06 wall=1.782e-05 inlet=3.009e-06 outlet=1.658e-06 | min_w=8.370e-01 | best=1.707e-03@20200 | 5.3 it/s
LBFGS 20400/50000 | total=1.528e-03 true=1.659e-03 f=1.421e-03 ic=8.945e-06 wall=1.600e-05 inlet=3.171e-06 outlet=1.561e-06 | min_w=8.370e-01 | best=1.659e-03@20400 | 5.3 it/s
LBFGS 20600/50000 | total=1.491e-03 true=1.619e-03 f=1.387e-03 ic=8.742e-06 wall=1.587e-05 inlet=3.040e-06 outlet=1.505e-06 | min_w=8.370e-01 | best=1.619e-03@20600 | 5.3 it/s
LBFGS 20800/50000 | total=1.455e-03 true=1.580e-03 f=1.353e-03 ic=9.162e-06 wall=1.528e-05 inlet=3.051e-06 outlet=1.586e-06 | min_w=8.370e-01 | best=1.580e-03@20800 | 5.3 it/s
LBFGS 21000/50000 | total=1.424e-03 true=1.547e-03 f=1.322e-03 ic=8.940e-06 wall=1.546e-05 inlet=2.798e-06 outlet=1.652e-06 | min_w=8.370e-01 | best=1.547e-03@20999 | 5.3 it/s
Saved PyTorch checkpoint to results/checkpoints/causal_eps30_adam20k/latest_lbfgs.pt
LBFGS 21200/50000 | total=1.391e-03 true=1.511e-03 f=1.292e-03 ic=8.642e-06 wall=1.445e-05 inlet=3.193e-06 outlet=2.037e-06 | min_w=8.370e-01 | best=1.511e-03@21200 | 5.3 it/s
LBFGS 21400/50000 | total=1.363e-03 true=1.482e-03 f=1.268e-03 ic=8.926e-06 wall=1.426e-05 inlet=2.583e-06 outlet=1.664e-06 | min_w=8.370e-01 | best=1.482e-03@21400 | 5.3 it/s
LBFGS 21600/50000 | total=1.336e-03 true=1.453e-03 f=1.244e-03 ic=8.496e-06 wall=1.391e-05 inlet=2.447e-06 outlet=1.702e-06 | min_w=8.370e-01 | best=1.453e-03@21600 | 5.3 it/s
LBFGS 21800/50000 | total=1.309e-03 true=1.424e-03 f=1.218e-03 ic=9.113e-06 wall=1.353e-05 inlet=2.549e-06 outlet=1.649e-06 | min_w=8.370e-01 | best=1.424e-03@21800 | 5.3 it/s
LBFGS 22000/50000 | total=1.282e-03 true=1.396e-03 f=1.191e-03 ic=9.674e-06 wall=1.354e-05 inlet=2.501e-06 outlet=1.343e-06 | min_w=8.370e-01 | best=1.396e-03@22000 | 5.3 it/s
Saved PyTorch checkpoint to results/checkpoints/causal_eps30_adam20k/latest_lbfgs.pt
LBFGS 22200/50000 | total=1.259e-03 true=1.371e-03 f=1.166e-03 ic=9.851e-06 wall=1.378e-05 inlet=2.773e-06 outlet=9.318e-07 | min_w=8.370e-01 | best=1.371e-03@22200 | 5.3 it/s
LBFGS 22400/50000 | total=1.240e-03 true=1.350e-03 f=1.145e-03 ic=1.013e-05 wall=1.383e-05 inlet=2.978e-06 outlet=7.892e-07 | min_w=8.370e-01 | best=1.350e-03@22400 | 5.3 it/s
LBFGS 22600/50000 | total=1.219e-03 true=1.328e-03 f=1.127e-03 ic=9.735e-06 wall=1.328e-05 inlet=2.941e-06 outlet=6.888e-07 | min_w=8.370e-01 | best=1.328e-03@22600 | 5.3 it/s
LBFGS 22800/50000 | total=1.197e-03 true=1.305e-03 f=1.110e-03 ic=9.071e-06 wall=1.253e-05 inlet=3.016e-06 outlet=7.576e-07 | min_w=8.370e-01 | best=1.305e-03@22800 | 5.3 it/s
LBFGS 23000/50000 | total=1.175e-03 true=1.281e-03 f=1.089e-03 ic=9.205e-06 wall=1.231e-05 inlet=3.029e-06 outlet=8.915e-07 | min_w=8.370e-01 | best=1.281e-03@23000 | 5.3 it/s
Saved PyTorch checkpoint to results/checkpoints/causal_eps30_adam20k/latest_lbfgs.pt
LBFGS 23200/50000 | total=1.155e-03 true=1.259e-03 f=1.070e-03 ic=9.180e-06 wall=1.200e-05 inlet=3.019e-06 outlet=1.003e-06 | min_w=8.370e-01 | best=1.259e-03@23200 | 5.3 it/s
LBFGS 23400/50000 | total=1.137e-03 true=1.240e-03 f=1.053e-03 ic=8.997e-06 wall=1.164e-05 inlet=3.299e-06 outlet=1.066e-06 | min_w=8.370e-01 | best=1.240e-03@23400 | 5.3 it/s
LBFGS 23600/50000 | total=1.119e-03 true=1.220e-03 f=1.036e-03 ic=8.559e-06 wall=1.154e-05 inlet=3.066e-06 outlet=1.209e-06 | min_w=8.370e-01 | best=1.220e-03@23600 | 5.3 it/s
LBFGS 23800/50000 | total=1.100e-03 true=1.200e-03 f=1.017e-03 ic=8.674e-06 wall=1.149e-05 inlet=3.093e-06 outlet=1.212e-06 | min_w=8.370e-01 | best=1.200e-03@23800 | 5.3 it/s
LBFGS 24000/50000 | total=1.082e-03 true=1.181e-03 f=1.001e-03 ic=8.455e-06 wall=1.156e-05 inlet=2.829e-06 outlet=1.003e-06 | min_w=8.370e-01 | best=1.181e-03@24000 | 5.3 it/s
Saved PyTorch checkpoint to results/checkpoints/causal_eps30_adam20k/latest_lbfgs.pt
LBFGS 24200/50000 | total=1.063e-03 true=1.160e-03 f=9.790e-04 ic=8.658e-06 wall=1.199e-05 inlet=2.782e-06 outlet=1.116e-06 | min_w=8.370e-01 | best=1.160e-03@24200 | 5.3 it/s
LBFGS 24400/50000 | total=1.046e-03 true=1.141e-03 f=9.600e-04 ic=8.832e-06 wall=1.226e-05 inlet=2.884e-06 outlet=1.017e-06 | min_w=8.370e-01 | best=1.141e-03@24400 | 5.3 it/s
LBFGS 24600/50000 | total=1.028e-03 true=1.122e-03 f=9.472e-04 ic=8.815e-06 wall=1.155e-05 inlet=2.706e-06 outlet=9.821e-07 | min_w=8.370e-01 | best=1.122e-03@24600 | 5.3 it/s
LBFGS 24800/50000 | total=1.012e-03 true=1.104e-03 f=9.328e-04 ic=8.817e-06 wall=1.121e-05 inlet=2.599e-06 outlet=9.840e-07 | min_w=8.370e-01 | best=1.104e-03@24800 | 5.3 it/s
LBFGS 25000/50000 | total=9.940e-04 true=1.085e-03 f=9.148e-04 ic=8.758e-06 wall=1.125e-05 inlet=2.657e-06 outlet=8.996e-07 | min_w=8.370e-01 | best=1.085e-03@25000 | 5.3 it/s
Saved PyTorch checkpoint to results/checkpoints/causal_eps30_adam20k/latest_lbfgs.pt
LBFGS 25200/50000 | total=9.768e-04 true=1.066e-03 f=8.999e-04 ic=8.508e-06 wall=1.098e-05 inlet=2.517e-06 outlet=9.011e-07 | min_w=8.370e-01 | best=1.066e-03@25200 | 5.3 it/s
LBFGS 25400/50000 | total=9.605e-04 true=1.048e-03 f=8.838e-04 ic=8.230e-06 wall=1.078e-05 inlet=2.698e-06 outlet=1.019e-06 | min_w=8.370e-01 | best=1.048e-03@25400 | 5.3 it/s
LBFGS 25600/50000 | total=9.435e-04 true=1.030e-03 f=8.687e-04 ic=8.311e-06 wall=1.065e-05 inlet=2.480e-06 outlet=8.992e-07 | min_w=8.370e-01 | best=1.030e-03@25600 | 5.3 it/s
LBFGS 25800/50000 | total=9.267e-04 true=1.012e-03 f=8.519e-04 ic=8.279e-06 wall=1.059e-05 inlet=2.533e-06 outlet=8.641e-07 | min_w=8.370e-01 | best=1.012e-03@25800 | 5.3 it/s
LBFGS 26000/50000 | total=9.098e-04 true=9.933e-04 f=8.362e-04 ic=8.319e-06 wall=1.024e-05 inlet=2.657e-06 outlet=8.327e-07 | min_w=8.370e-01 | best=9.933e-04@26000 | 5.3 it/s
Saved PyTorch checkpoint to results/checkpoints/causal_eps30_adam20k/latest_lbfgs.pt
LBFGS 26200/50000 | total=8.954e-04 true=9.776e-04 f=8.226e-04 ic=8.477e-06 wall=1.017e-05 inlet=2.521e-06 outlet=8.096e-07 | min_w=8.370e-01 | best=9.776e-04@26200 | 5.3 it/s
LBFGS 26400/50000 | total=8.793e-04 true=9.602e-04 f=8.068e-04 ic=8.315e-06 wall=1.035e-05 inlet=2.351e-06 outlet=7.024e-07 | min_w=8.370e-01 | best=9.602e-04@26400 | 5.3 it/s
LBFGS 26600/50000 | total=8.649e-04 true=9.446e-04 f=7.936e-04 ic=8.177e-06 wall=1.011e-05 inlet=2.354e-06 outlet=7.838e-07 | min_w=8.370e-01 | best=9.446e-04@26600 | 5.3 it/s
LBFGS 26800/50000 | total=8.500e-04 true=9.281e-04 f=7.782e-04 ic=8.158e-06 wall=1.021e-05 inlet=2.392e-06 outlet=6.506e-07 | min_w=8.370e-01 | best=9.281e-04@26800 | 5.3 it/s
LBFGS 27000/50000 | total=8.357e-04 true=9.125e-04 f=7.619e-04 ic=8.717e-06 wall=1.050e-05 inlet=2.395e-06 outlet=6.160e-07 | min_w=8.370e-01 | best=9.125e-04@26999 | 5.3 it/s
Saved PyTorch checkpoint to results/checkpoints/causal_eps30_adam20k/latest_lbfgs.pt
LBFGS 27200/50000 | total=8.225e-04 true=8.981e-04 f=7.496e-04 ic=8.853e-06 wall=1.044e-05 inlet=2.223e-06 outlet=7.708e-07 | min_w=8.370e-01 | best=8.981e-04@27200 | 5.3 it/s
LBFGS 27400/50000 | total=8.096e-04 true=8.838e-04 f=7.356e-04 ic=9.131e-06 wall=1.050e-05 inlet=2.301e-06 outlet=8.088e-07 | min_w=8.370e-01 | best=8.838e-04@27400 | 5.3 it/s
LBFGS 27600/50000 | total=7.972e-04 true=8.702e-04 f=7.234e-04 ic=9.365e-06 wall=1.058e-05 inlet=2.109e-06 outlet=9.744e-07 | min_w=8.370e-01 | best=8.702e-04@27600 | 5.3 it/s
LBFGS 27800/50000 | total=7.849e-04 true=8.568e-04 f=7.112e-04 ic=9.022e-06 wall=1.064e-05 inlet=2.124e-06 outlet=8.586e-07 | min_w=8.370e-01 | best=8.568e-04@27800 | 5.3 it/s
LBFGS 28000/50000 | total=7.699e-04 true=8.401e-04 f=6.950e-04 ic=8.894e-06 wall=1.067e-05 inlet=2.360e-06 outlet=8.851e-07 | min_w=8.370e-01 | best=8.401e-04@28000 | 5.3 it/s
Saved PyTorch checkpoint to results/checkpoints/causal_eps30_adam20k/latest_lbfgs.pt
LBFGS 28200/50000 | total=7.568e-04 true=8.259e-04 f=6.837e-04 ic=9.029e-06 wall=1.041e-05 inlet=2.206e-06 outlet=9.399e-07 | min_w=8.370e-01 | best=8.259e-04@28200 | 5.3 it/s
LBFGS 28400/50000 | total=7.453e-04 true=8.133e-04 f=6.718e-04 ic=8.984e-06 wall=1.067e-05 inlet=2.008e-06 outlet=1.082e-06 | min_w=8.370e-01 | best=8.133e-04@28400 | 5.3 it/s
LBFGS 28600/50000 | total=7.349e-04 true=8.016e-04 f=6.614e-04 ic=8.804e-06 wall=1.061e-05 inlet=2.099e-06 outlet=1.085e-06 | min_w=8.370e-01 | best=8.016e-04@28600 | 5.3 it/s
LBFGS 28800/50000 | total=7.241e-04 true=7.899e-04 f=6.520e-04 ic=8.767e-06 wall=1.054e-05 inlet=1.936e-06 outlet=1.047e-06 | min_w=8.370e-01 | best=7.899e-04@28800 | 5.3 it/s
LBFGS 29000/50000 | total=7.126e-04 true=7.771e-04 f=6.403e-04 ic=8.715e-06 wall=1.060e-05 inlet=1.939e-06 outlet=9.304e-07 | min_w=8.370e-01 | best=7.771e-04@29000 | 5.3 it/s
Saved PyTorch checkpoint to results/checkpoints/causal_eps30_adam20k/latest_lbfgs.pt
LBFGS 29200/50000 | total=7.006e-04 true=7.641e-04 f=6.293e-04 ic=8.812e-06 wall=1.047e-05 inlet=1.856e-06 outlet=8.762e-07 | min_w=8.370e-01 | best=7.641e-04@29199 | 5.3 it/s
LBFGS 29400/50000 | total=6.899e-04 true=7.524e-04 f=6.201e-04 ic=8.478e-06 wall=1.033e-05 inlet=1.775e-06 outlet=7.970e-07 | min_w=8.370e-01 | best=7.524e-04@29400 | 5.4 it/s
LBFGS 29600/50000 | total=6.798e-04 true=7.415e-04 f=6.108e-04 ic=8.164e-06 wall=1.021e-05 inlet=1.771e-06 outlet=8.538e-07 | min_w=8.370e-01 | best=7.415e-04@29599 | 5.4 it/s
LBFGS 29800/50000 | total=6.696e-04 true=7.302e-04 f=6.006e-04 ic=8.019e-06 wall=1.019e-05 inlet=1.840e-06 outlet=8.022e-07 | min_w=8.370e-01 | best=7.302e-04@29800 | 5.4 it/s
LBFGS 30000/50000 | total=6.591e-04 true=7.187e-04 f=5.892e-04 ic=7.955e-06 wall=1.038e-05 inlet=1.840e-06 outlet=8.729e-07 | min_w=8.370e-01 | best=7.187e-04@30000 | 5.4 it/s
Saved PyTorch checkpoint to results/checkpoints/causal_eps30_adam20k/latest_lbfgs.pt
LBFGS 30200/50000 | total=6.489e-04 true=7.073e-04 f=5.790e-04 ic=8.215e-06 wall=1.032e-05 inlet=1.856e-06 outlet=8.509e-07 | min_w=8.370e-01 | best=7.073e-04@30200 | 5.4 it/s
LBFGS 30400/50000 | total=6.401e-04 true=6.975e-04 f=5.697e-04 ic=8.344e-06 wall=1.032e-05 inlet=1.923e-06 outlet=8.111e-07 | min_w=8.370e-01 | best=6.975e-04@30400 | 5.4 it/s
LBFGS 30600/50000 | total=6.311e-04 true=6.877e-04 f=5.619e-04 ic=8.647e-06 wall=1.016e-05 inlet=1.778e-06 outlet=8.470e-07 | min_w=8.370e-01 | best=6.877e-04@30600 | 5.4 it/s
LBFGS 30800/50000 | total=6.224e-04 true=6.778e-04 f=5.518e-04 ic=8.912e-06 wall=1.028e-05 inlet=1.879e-06 outlet=7.923e-07 | min_w=8.370e-01 | best=6.778e-04@30800 | 5.4 it/s
LBFGS 31000/50000 | total=6.134e-04 true=6.679e-04 f=5.429e-04 ic=9.328e-06 wall=1.019e-05 inlet=1.903e-06 outlet=7.352e-07 | min_w=8.370e-01 | best=6.679e-04@31000 | 5.4 it/s
Saved PyTorch checkpoint to results/checkpoints/causal_eps30_adam20k/latest_lbfgs.pt
LBFGS 31200/50000 | total=6.039e-04 true=6.574e-04 f=5.345e-04 ic=9.494e-06 wall=1.002e-05 inlet=1.814e-06 outlet=7.138e-07 | min_w=8.370e-01 | best=6.574e-04@31200 | 5.4 it/s
LBFGS 31400/50000 | total=5.960e-04 true=6.487e-04 f=5.270e-04 ic=9.494e-06 wall=9.860e-06 inlet=1.908e-06 outlet=6.740e-07 | min_w=8.370e-01 | best=6.486e-04@31399 | 5.4 it/s
LBFGS 31600/50000 | total=5.882e-04 true=6.402e-04 f=5.202e-04 ic=9.544e-06 wall=9.727e-06 inlet=1.830e-06 outlet=7.236e-07 | min_w=8.370e-01 | best=6.402e-04@31600 | 5.4 it/s
LBFGS 31800/50000 | total=5.806e-04 true=6.319e-04 f=5.141e-04 ic=9.296e-06 wall=9.436e-06 inlet=1.843e-06 outlet=7.570e-07 | min_w=8.370e-01 | best=6.319e-04@31800 | 5.4 it/s
LBFGS 32000/50000 | total=5.736e-04 true=6.242e-04 f=5.073e-04 ic=9.336e-06 wall=9.422e-06 inlet=1.816e-06 outlet=7.706e-07 | min_w=8.370e-01 | best=6.241e-04@31999 | 5.4 it/s
Saved PyTorch checkpoint to results/checkpoints/causal_eps30_adam20k/latest_lbfgs.pt
LBFGS 32200/50000 | total=5.657e-04 true=6.157e-04 f=4.993e-04 ic=9.210e-06 wall=9.400e-06 inlet=1.869e-06 outlet=8.421e-07 | min_w=8.370e-01 | best=6.157e-04@32200 | 5.4 it/s
LBFGS 32400/50000 | total=5.576e-04 true=6.068e-04 f=4.923e-04 ic=9.223e-06 wall=9.157e-06 inlet=1.891e-06 outlet=8.198e-07 | min_w=8.370e-01 | best=6.068e-04@32400 | 5.4 it/s
LBFGS 32600/50000 | total=5.502e-04 true=5.990e-04 f=4.865e-04 ic=8.947e-06 wall=9.046e-06 inlet=1.778e-06 outlet=6.975e-07 | min_w=8.370e-01 | best=5.990e-04@32600 | 5.4 it/s
LBFGS 32800/50000 | total=5.428e-04 true=5.909e-04 f=4.795e-04 ic=8.838e-06 wall=8.916e-06 inlet=1.817e-06 outlet=7.203e-07 | min_w=8.370e-01 | best=5.909e-04@32800 | 5.4 it/s
LBFGS 33000/50000 | total=5.347e-04 true=5.821e-04 f=4.723e-04 ic=8.698e-06 wall=8.788e-06 inlet=1.797e-06 outlet=6.966e-07 | min_w=8.370e-01 | best=5.821e-04@33000 | 5.4 it/s
Saved PyTorch checkpoint to results/checkpoints/causal_eps30_adam20k/latest_lbfgs.pt
LBFGS 33200/50000 | total=5.276e-04 true=5.745e-04 f=4.658e-04 ic=8.709e-06 wall=8.790e-06 inlet=1.717e-06 outlet=6.134e-07 | min_w=8.370e-01 | best=5.745e-04@33200 | 5.4 it/s
LBFGS 33400/50000 | total=5.208e-04 true=5.670e-04 f=4.593e-04 ic=8.744e-06 wall=8.769e-06 inlet=1.694e-06 outlet=5.281e-07 | min_w=8.370e-01 | best=5.670e-04@33400 | 5.4 it/s
LBFGS 33600/50000 | total=5.136e-04 true=5.590e-04 f=4.529e-04 ic=8.718e-06 wall=8.505e-06 inlet=1.773e-06 outlet=5.701e-07 | min_w=8.370e-01 | best=5.590e-04@33600 | 5.4 it/s
LBFGS 33800/50000 | total=5.055e-04 true=5.503e-04 f=4.461e-04 ic=8.436e-06 wall=8.416e-06 inlet=1.667e-06 outlet=6.100e-07 | min_w=8.370e-01 | best=5.503e-04@33800 | 5.4 it/s
LBFGS 34000/50000 | total=4.989e-04 true=5.430e-04 f=4.401e-04 ic=8.470e-06 wall=8.281e-06 inlet=1.657e-06 outlet=6.431e-07 | min_w=8.370e-01 | best=5.430e-04@34000 | 5.4 it/s
Saved PyTorch checkpoint to results/checkpoints/causal_eps30_adam20k/latest_lbfgs.pt
LBFGS 34200/50000 | total=4.931e-04 true=5.368e-04 f=4.351e-04 ic=8.537e-06 wall=8.227e-06 inlet=1.555e-06 outlet=6.033e-07 | min_w=8.370e-01 | best=5.368e-04@34200 | 5.4 it/s
LBFGS 34400/50000 | total=4.877e-04 true=5.308e-04 f=4.304e-04 ic=8.510e-06 wall=8.081e-06 inlet=1.540e-06 outlet=6.149e-07 | min_w=8.370e-01 | best=5.308e-04@34400 | 5.4 it/s
LBFGS 34600/50000 | total=4.822e-04 true=5.248e-04 f=4.255e-04 ic=8.410e-06 wall=7.970e-06 inlet=1.549e-06 outlet=6.504e-07 | min_w=8.370e-01 | best=5.248e-04@34600 | 5.4 it/s
LBFGS 34800/50000 | total=4.758e-04 true=5.176e-04 f=4.192e-04 ic=8.359e-06 wall=7.999e-06 inlet=1.520e-06 outlet=6.404e-07 | min_w=8.370e-01 | best=5.176e-04@34800 | 5.4 it/s
LBFGS 35000/50000 | total=4.704e-04 true=5.117e-04 f=4.140e-04 ic=8.133e-06 wall=7.981e-06 inlet=1.549e-06 outlet=6.393e-07 | min_w=8.370e-01 | best=5.117e-04@35000 | 5.4 it/s
Saved PyTorch checkpoint to results/checkpoints/causal_eps30_adam20k/latest_lbfgs.pt
LBFGS 35200/50000 | total=4.650e-04 true=5.058e-04 f=4.086e-04 ic=7.918e-06 wall=8.022e-06 inlet=1.562e-06 outlet=5.965e-07 | min_w=8.370e-01 | best=5.058e-04@35200 | 5.4 it/s
LBFGS 35400/50000 | total=4.592e-04 true=4.994e-04 f=4.029e-04 ic=7.778e-06 wall=7.977e-06 inlet=1.583e-06 outlet=6.992e-07 | min_w=8.370e-01 | best=4.994e-04@35400 | 5.4 it/s
LBFGS 35600/50000 | total=4.543e-04 true=4.940e-04 f=3.988e-04 ic=7.662e-06 wall=7.908e-06 inlet=1.537e-06 outlet=6.598e-07 | min_w=8.370e-01 | best=4.940e-04@35600 | 5.4 it/s
LBFGS 35800/50000 | total=4.496e-04 true=4.889e-04 f=3.946e-04 ic=7.713e-06 wall=7.769e-06 inlet=1.536e-06 outlet=7.615e-07 | min_w=8.370e-01 | best=4.889e-04@35800 | 5.4 it/s
LBFGS 36000/50000 | total=4.451e-04 true=4.838e-04 f=3.894e-04 ic=7.774e-06 wall=7.789e-06 inlet=1.622e-06 outlet=8.213e-07 | min_w=8.370e-01 | best=4.837e-04@35999 | 5.4 it/s
Saved PyTorch checkpoint to results/checkpoints/causal_eps30_adam20k/latest_lbfgs.pt
LBFGS 36200/50000 | total=4.405e-04 true=4.789e-04 f=3.851e-04 ic=7.798e-06 wall=7.760e-06 inlet=1.591e-06 outlet=8.409e-07 | min_w=8.370e-01 | best=4.789e-04@36200 | 5.4 it/s
LBFGS 36400/50000 | total=4.358e-04 true=4.737e-04 f=3.804e-04 ic=7.856e-06 wall=7.736e-06 inlet=1.625e-06 outlet=7.832e-07 | min_w=8.370e-01 | best=4.737e-04@36400 | 5.4 it/s
LBFGS 36600/50000 | total=4.304e-04 true=4.678e-04 f=3.752e-04 ic=7.847e-06 wall=7.728e-06 inlet=1.599e-06 outlet=7.203e-07 | min_w=8.370e-01 | best=4.678e-04@36600 | 5.4 it/s
LBFGS 36800/50000 | total=4.254e-04 true=4.624e-04 f=3.708e-04 ic=7.705e-06 wall=7.691e-06 inlet=1.562e-06 outlet=6.378e-07 | min_w=8.370e-01 | best=4.624e-04@36800 | 5.4 it/s
LBFGS 37000/50000 | total=4.208e-04 true=4.575e-04 f=3.669e-04 ic=7.577e-06 wall=7.537e-06 inlet=1.624e-06 outlet=5.765e-07 | min_w=8.370e-01 | best=4.575e-04@37000 | 5.4 it/s
Saved PyTorch checkpoint to results/checkpoints/causal_eps30_adam20k/latest_lbfgs.pt
LBFGS 37200/50000 | total=4.165e-04 true=4.527e-04 f=3.632e-04 ic=7.592e-06 wall=7.402e-06 inlet=1.636e-06 outlet=5.490e-07 | min_w=8.370e-01 | best=4.527e-04@37200 | 5.4 it/s
LBFGS 37400/50000 | total=4.118e-04 true=4.476e-04 f=3.590e-04 ic=7.488e-06 wall=7.269e-06 inlet=1.684e-06 outlet=5.261e-07 | min_w=8.370e-01 | best=4.476e-04@37400 | 5.4 it/s
LBFGS 37600/50000 | total=4.074e-04 true=4.428e-04 f=3.549e-04 ic=7.575e-06 wall=7.206e-06 inlet=1.673e-06 outlet=5.529e-07 | min_w=8.370e-01 | best=4.428e-04@37600 | 5.4 it/s
LBFGS 37800/50000 | total=4.031e-04 true=4.380e-04 f=3.505e-04 ic=7.631e-06 wall=7.216e-06 inlet=1.674e-06 outlet=5.217e-07 | min_w=8.370e-01 | best=4.380e-04@37800 | 5.4 it/s
LBFGS 38000/50000 | total=3.989e-04 true=4.333e-04 f=3.459e-04 ic=7.582e-06 wall=7.379e-06 inlet=1.610e-06 outlet=4.466e-07 | min_w=8.370e-01 | best=4.333e-04@37999 | 5.4 it/s
Saved PyTorch checkpoint to results/checkpoints/causal_eps30_adam20k/latest_lbfgs.pt
LBFGS 38200/50000 | total=3.945e-04 true=4.285e-04 f=3.421e-04 ic=7.577e-06 wall=7.277e-06 inlet=1.606e-06 outlet=3.833e-07 | min_w=8.370e-01 | best=4.285e-04@38200 | 5.4 it/s
LBFGS 38400/50000 | total=3.905e-04 true=4.242e-04 f=3.393e-04 ic=7.257e-06 wall=7.104e-06 inlet=1.599e-06 outlet=3.828e-07 | min_w=8.370e-01 | best=4.242e-04@38400 | 5.4 it/s
LBFGS 38600/50000 | total=3.867e-04 true=4.200e-04 f=3.357e-04 ic=7.159e-06 wall=7.126e-06 inlet=1.556e-06 outlet=4.292e-07 | min_w=8.370e-01 | best=4.200e-04@38600 | 5.4 it/s
LBFGS 38800/50000 | total=3.830e-04 true=4.159e-04 f=3.323e-04 ic=7.197e-06 wall=7.081e-06 inlet=1.536e-06 outlet=4.116e-07 | min_w=8.370e-01 | best=4.159e-04@38799 | 5.4 it/s
LBFGS 39000/50000 | total=3.790e-04 true=4.115e-04 f=3.290e-04 ic=7.201e-06 wall=7.015e-06 inlet=1.465e-06 outlet=4.091e-07 | min_w=8.370e-01 | best=4.115e-04@38999 | 5.4 it/s
Saved PyTorch checkpoint to results/checkpoints/causal_eps30_adam20k/latest_lbfgs.pt
LBFGS 39200/50000 | total=3.750e-04 true=4.072e-04 f=3.252e-04 ic=7.238e-06 wall=6.954e-06 inlet=1.481e-06 outlet=3.924e-07 | min_w=8.370e-01 | best=4.072e-04@39200 | 5.4 it/s
LBFGS 39400/50000 | total=3.714e-04 true=4.033e-04 f=3.215e-04 ic=7.184e-06 wall=6.989e-06 inlet=1.495e-06 outlet=3.509e-07 | min_w=8.370e-01 | best=4.033e-04@39400 | 5.4 it/s
LBFGS 39600/50000 | total=3.674e-04 true=3.990e-04 f=3.180e-04 ic=7.175e-06 wall=6.870e-06 inlet=1.508e-06 outlet=3.530e-07 | min_w=8.370e-01 | best=3.990e-04@39600 | 5.4 it/s
LBFGS 39800/50000 | total=3.638e-04 true=3.951e-04 f=3.146e-04 ic=7.226e-06 wall=6.841e-06 inlet=1.458e-06 outlet=3.958e-07 | min_w=8.370e-01 | best=3.951e-04@39800 | 5.4 it/s
LBFGS 40000/50000 | total=3.606e-04 true=3.916e-04 f=3.117e-04 ic=7.349e-06 wall=6.809e-06 inlet=1.417e-06 outlet=4.126e-07 | min_w=8.370e-01 | best=3.916e-04@40000 | 5.4 it/s
Saved PyTorch checkpoint to results/checkpoints/causal_eps30_adam20k/latest_lbfgs.pt
LBFGS 40200/50000 | total=3.575e-04 true=3.884e-04 f=3.090e-04 ic=7.470e-06 wall=6.779e-06 inlet=1.361e-06 outlet=4.127e-07 | min_w=8.370e-01 | best=3.884e-04@40200 | 5.4 it/s
LBFGS 40400/50000 | total=3.540e-04 true=3.845e-04 f=3.056e-04 ic=7.491e-06 wall=6.761e-06 inlet=1.323e-06 outlet=4.289e-07 | min_w=8.370e-01 | best=3.845e-04@40400 | 5.4 it/s
LBFGS 40600/50000 | total=3.507e-04 true=3.810e-04 f=3.027e-04 ic=7.406e-06 wall=6.689e-06 inlet=1.334e-06 outlet=4.610e-07 | min_w=8.370e-01 | best=3.810e-04@40600 | 5.4 it/s
LBFGS 40800/50000 | total=3.477e-04 true=3.776e-04 f=3.002e-04 ic=7.289e-06 wall=6.620e-06 inlet=1.325e-06 outlet=4.543e-07 | min_w=8.370e-01 | best=3.776e-04@40800 | 5.4 it/s
LBFGS 41000/50000 | total=3.448e-04 true=3.745e-04 f=2.978e-04 ic=7.338e-06 wall=6.542e-06 inlet=1.299e-06 outlet=4.848e-07 | min_w=8.370e-01 | best=3.745e-04@41000 | 5.4 it/s
Saved PyTorch checkpoint to results/checkpoints/causal_eps30_adam20k/latest_lbfgs.pt
LBFGS 41200/50000 | total=3.415e-04 true=3.708e-04 f=2.946e-04 ic=7.332e-06 wall=6.462e-06 inlet=1.328e-06 outlet=5.589e-07 | min_w=8.370e-01 | best=3.708e-04@41199 | 5.4 it/s
LBFGS 41400/50000 | total=3.385e-04 true=3.676e-04 f=2.919e-04 ic=7.395e-06 wall=6.419e-06 inlet=1.316e-06 outlet=5.460e-07 | min_w=8.370e-01 | best=3.676e-04@41400 | 5.4 it/s
LBFGS 41600/50000 | total=3.356e-04 true=3.644e-04 f=2.891e-04 ic=7.400e-06 wall=6.393e-06 inlet=1.331e-06 outlet=5.115e-07 | min_w=8.370e-01 | best=3.644e-04@41600 | 5.4 it/s
LBFGS 41800/50000 | total=3.322e-04 true=3.606e-04 f=2.859e-04 ic=7.351e-06 wall=6.295e-06 inlet=1.380e-06 outlet=5.065e-07 | min_w=8.370e-01 | best=3.606e-04@41800 | 5.4 it/s
LBFGS 42000/50000 | total=3.288e-04 true=3.569e-04 f=2.830e-04 ic=7.275e-06 wall=6.252e-06 inlet=1.347e-06 outlet=4.886e-07 | min_w=8.370e-01 | best=3.569e-04@42000 | 5.4 it/s
Saved PyTorch checkpoint to results/checkpoints/causal_eps30_adam20k/latest_lbfgs.pt
LBFGS 42200/50000 | total=3.259e-04 true=3.538e-04 f=2.805e-04 ic=7.134e-06 wall=6.233e-06 inlet=1.332e-06 outlet=4.748e-07 | min_w=8.370e-01 | best=3.538e-04@42200 | 5.4 it/s
LBFGS 42400/50000 | total=3.230e-04 true=3.506e-04 f=2.781e-04 ic=6.866e-06 wall=6.198e-06 inlet=1.326e-06 outlet=4.401e-07 | min_w=8.370e-01 | best=3.506e-04@42400 | 5.4 it/s
LBFGS 42600/50000 | total=3.203e-04 true=3.476e-04 f=2.756e-04 ic=6.639e-06 wall=6.190e-06 inlet=1.348e-06 outlet=4.320e-07 | min_w=8.370e-01 | best=3.476e-04@42600 | 5.4 it/s
LBFGS 42800/50000 | total=3.179e-04 true=3.451e-04 f=2.733e-04 ic=6.619e-06 wall=6.166e-06 inlet=1.345e-06 outlet=4.310e-07 | min_w=8.370e-01 | best=3.451e-04@42800 | 5.4 it/s
LBFGS 43000/50000 | total=3.152e-04 true=3.420e-04 f=2.708e-04 ic=6.560e-06 wall=6.147e-06 inlet=1.319e-06 outlet=4.968e-07 | min_w=8.370e-01 | best=3.420e-04@43000 | 5.4 it/s
Saved PyTorch checkpoint to results/checkpoints/causal_eps30_adam20k/latest_lbfgs.pt
LBFGS 43200/50000 | total=3.125e-04 true=3.391e-04 f=2.684e-04 ic=6.571e-06 wall=6.127e-06 inlet=1.290e-06 outlet=5.342e-07 | min_w=8.370e-01 | best=3.391e-04@43200 | 5.4 it/s
LBFGS 43400/50000 | total=3.098e-04 true=3.361e-04 f=2.655e-04 ic=6.647e-06 wall=6.113e-06 inlet=1.285e-06 outlet=6.034e-07 | min_w=8.370e-01 | best=3.361e-04@43400 | 5.4 it/s
LBFGS 43600/50000 | total=3.076e-04 true=3.337e-04 f=2.636e-04 ic=6.582e-06 wall=6.102e-06 inlet=1.264e-06 outlet=5.661e-07 | min_w=8.370e-01 | best=3.337e-04@43600 | 5.4 it/s
LBFGS 43800/50000 | total=3.051e-04 true=3.309e-04 f=2.609e-04 ic=6.540e-06 wall=6.113e-06 inlet=1.313e-06 outlet=5.295e-07 | min_w=8.370e-01 | best=3.309e-04@43800 | 5.4 it/s
LBFGS 44000/50000 | total=3.029e-04 true=3.285e-04 f=2.588e-04 ic=6.457e-06 wall=6.116e-06 inlet=1.321e-06 outlet=5.115e-07 | min_w=8.370e-01 | best=3.285e-04@44000 | 5.4 it/s
Saved PyTorch checkpoint to results/checkpoints/causal_eps30_adam20k/latest_lbfgs.pt
LBFGS 44200/50000 | total=3.006e-04 true=3.259e-04 f=2.566e-04 ic=6.414e-06 wall=6.093e-06 inlet=1.320e-06 outlet=5.055e-07 | min_w=8.370e-01 | best=3.259e-04@44200 | 5.4 it/s
LBFGS 44400/50000 | total=2.982e-04 true=3.233e-04 f=2.542e-04 ic=6.474e-06 wall=6.044e-06 inlet=1.349e-06 outlet=5.571e-07 | min_w=8.370e-01 | best=3.233e-04@44400 | 5.4 it/s
LBFGS 44600/50000 | total=2.960e-04 true=3.209e-04 f=2.520e-04 ic=6.495e-06 wall=6.033e-06 inlet=1.365e-06 outlet=5.656e-07 | min_w=8.370e-01 | best=3.208e-04@44599 | 5.4 it/s
LBFGS 44800/50000 | total=2.934e-04 true=3.179e-04 f=2.493e-04 ic=6.383e-06 wall=6.012e-06 inlet=1.416e-06 outlet=5.751e-07 | min_w=8.370e-01 | best=3.179e-04@44800 | 5.4 it/s
LBFGS 45000/50000 | total=2.912e-04 true=3.156e-04 f=2.474e-04 ic=6.272e-06 wall=5.984e-06 inlet=1.401e-06 outlet=5.959e-07 | min_w=8.370e-01 | best=3.156e-04@45000 | 5.4 it/s
Saved PyTorch checkpoint to results/checkpoints/causal_eps30_adam20k/latest_lbfgs.pt
LBFGS 45200/50000 | total=2.887e-04 true=3.129e-04 f=2.456e-04 ic=6.176e-06 wall=5.870e-06 inlet=1.414e-06 outlet=5.552e-07 | min_w=8.370e-01 | best=3.129e-04@45200 | 5.4 it/s
LBFGS 45400/50000 | total=2.862e-04 true=3.101e-04 f=2.435e-04 ic=6.113e-06 wall=5.822e-06 inlet=1.376e-06 outlet=5.373e-07 | min_w=8.370e-01 | best=3.101e-04@45400 | 5.4 it/s
LBFGS 45600/50000 | total=2.838e-04 true=3.075e-04 f=2.415e-04 ic=6.023e-06 wall=5.783e-06 inlet=1.362e-06 outlet=5.347e-07 | min_w=8.370e-01 | best=3.075e-04@45600 | 5.4 it/s
LBFGS 45800/50000 | total=2.818e-04 true=3.054e-04 f=2.400e-04 ic=5.995e-06 wall=5.735e-06 inlet=1.325e-06 outlet=5.230e-07 | min_w=8.370e-01 | best=3.054e-04@45800 | 5.4 it/s
LBFGS 46000/50000 | total=2.798e-04 true=3.032e-04 f=2.381e-04 ic=5.995e-06 wall=5.682e-06 inlet=1.345e-06 outlet=5.517e-07 | min_w=8.370e-01 | best=3.032e-04@46000 | 5.4 it/s
Saved PyTorch checkpoint to results/checkpoints/causal_eps30_adam20k/latest_lbfgs.pt
LBFGS 46200/50000 | total=2.776e-04 true=3.007e-04 f=2.362e-04 ic=6.046e-06 wall=5.632e-06 inlet=1.309e-06 outlet=5.927e-07 | min_w=8.370e-01 | best=3.007e-04@46200 | 5.4 it/s
LBFGS 46400/50000 | total=2.754e-04 true=2.984e-04 f=2.344e-04 ic=6.048e-06 wall=5.603e-06 inlet=1.278e-06 outlet=5.526e-07 | min_w=8.370e-01 | best=2.984e-04@46400 | 5.4 it/s
LBFGS 46600/50000 | total=2.733e-04 true=2.961e-04 f=2.328e-04 ic=5.849e-06 wall=5.526e-06 inlet=1.281e-06 outlet=6.011e-07 | min_w=8.370e-01 | best=2.961e-04@46600 | 5.4 it/s
LBFGS 46800/50000 | total=2.715e-04 true=2.941e-04 f=2.315e-04 ic=5.810e-06 wall=5.433e-06 inlet=1.310e-06 outlet=5.192e-07 | min_w=8.370e-01 | best=2.941e-04@46800 | 5.4 it/s
LBFGS 47000/50000 | total=2.697e-04 true=2.922e-04 f=2.301e-04 ic=5.823e-06 wall=5.358e-06 inlet=1.298e-06 outlet=5.063e-07 | min_w=8.370e-01 | best=2.922e-04@47000 | 5.4 it/s
Saved PyTorch checkpoint to results/checkpoints/causal_eps30_adam20k/latest_lbfgs.pt
LBFGS 47200/50000 | total=2.679e-04 true=2.902e-04 f=2.287e-04 ic=5.758e-06 wall=5.318e-06 inlet=1.277e-06 outlet=4.907e-07 | min_w=8.370e-01 | best=2.902e-04@47200 | 5.4 it/s
LBFGS 47400/50000 | total=2.658e-04 true=2.879e-04 f=2.269e-04 ic=5.684e-06 wall=5.302e-06 inlet=1.236e-06 outlet=4.688e-07 | min_w=8.370e-01 | best=2.879e-04@47400 | 5.4 it/s
LBFGS 47600/50000 | total=2.638e-04 true=2.858e-04 f=2.253e-04 ic=5.591e-06 wall=5.293e-06 inlet=1.204e-06 outlet=4.595e-07 | min_w=8.370e-01 | best=2.858e-04@47600 | 5.4 it/s
LBFGS 47800/50000 | total=2.618e-04 true=2.836e-04 f=2.237e-04 ic=5.458e-06 wall=5.289e-06 inlet=1.155e-06 outlet=4.657e-07 | min_w=8.370e-01 | best=2.836e-04@47800 | 5.4 it/s
LBFGS 48000/50000 | total=2.601e-04 true=2.818e-04 f=2.223e-04 ic=5.374e-06 wall=5.261e-06 inlet=1.134e-06 outlet=4.789e-07 | min_w=8.370e-01 | best=2.818e-04@48000 | 5.4 it/s
Saved PyTorch checkpoint to results/checkpoints/causal_eps30_adam20k/latest_lbfgs.pt
LBFGS 48200/50000 | total=2.581e-04 true=2.796e-04 f=2.205e-04 ic=5.272e-06 wall=5.232e-06 inlet=1.129e-06 outlet=5.000e-07 | min_w=8.370e-01 | best=2.796e-04@48200 | 5.4 it/s
LBFGS 48400/50000 | total=2.562e-04 true=2.775e-04 f=2.187e-04 ic=5.174e-06 wall=5.234e-06 inlet=1.126e-06 outlet=4.936e-07 | min_w=8.370e-01 | best=2.775e-04@48400 | 5.4 it/s
LBFGS 48600/50000 | total=2.546e-04 true=2.757e-04 f=2.175e-04 ic=5.147e-06 wall=5.175e-06 inlet=1.104e-06 outlet=4.972e-07 | min_w=8.370e-01 | best=2.757e-04@48600 | 5.4 it/s
LBFGS 48800/50000 | total=2.529e-04 true=2.740e-04 f=2.161e-04 ic=5.116e-06 wall=5.127e-06 inlet=1.112e-06 outlet=4.888e-07 | min_w=8.370e-01 | best=2.740e-04@48800 | 5.4 it/s
LBFGS 49000/50000 | total=2.512e-04 true=2.721e-04 f=2.149e-04 ic=5.017e-06 wall=5.070e-06 inlet=1.084e-06 outlet=4.989e-07 | min_w=8.370e-01 | best=2.721e-04@49000 | 5.4 it/s
Saved PyTorch checkpoint to results/checkpoints/causal_eps30_adam20k/latest_lbfgs.pt
LBFGS 49200/50000 | total=2.495e-04 true=2.702e-04 f=2.134e-04 ic=4.915e-06 wall=5.059e-06 inlet=1.081e-06 outlet=4.711e-07 | min_w=8.370e-01 | best=2.702e-04@49200 | 5.4 it/s
LBFGS 49400/50000 | total=2.480e-04 true=2.686e-04 f=2.120e-04 ic=4.889e-06 wall=5.048e-06 inlet=1.074e-06 outlet=4.514e-07 | min_w=8.370e-01 | best=2.686e-04@49400 | 5.4 it/s
LBFGS 49600/50000 | total=2.462e-04 true=2.666e-04 f=2.106e-04 ic=4.741e-06 wall=5.013e-06 inlet=1.071e-06 outlet=4.658e-07 | min_w=8.370e-01 | best=2.666e-04@49600 | 5.4 it/s
LBFGS 49800/50000 | total=2.445e-04 true=2.647e-04 f=2.092e-04 ic=4.627e-06 wall=4.958e-06 inlet=1.076e-06 outlet=4.579e-07 | min_w=8.370e-01 | best=2.647e-04@49800 | 5.4 it/s
LBFGS 50000/50000 | total=2.430e-04 true=2.631e-04 f=2.081e-04 ic=4.694e-06 wall=4.886e-06 inlet=1.071e-06 outlet=4.578e-07 | min_w=8.370e-01 | best=2.631e-04@50000 | 5.4 it/s
Saved PyTorch checkpoint to results/checkpoints/causal_eps30_adam20k/latest_lbfgs.pt
LBFGS 50200/50000 | total=2.415e-04 true=2.615e-04 f=2.068e-04 ic=4.657e-06 wall=4.825e-06 inlet=1.081e-06 outlet=4.480e-07 | min_w=8.370e-01 | best=2.615e-04@50200 | 5.4 it/s
LBFGS 50400/50000 | total=2.398e-04 true=2.597e-04 f=2.056e-04 ic=4.558e-06 wall=4.754e-06 inlet=1.077e-06 outlet=4.362e-07 | min_w=8.370e-01 | best=2.597e-04@50400 | 5.4 it/s
LBFGS 50600/50000 | total=2.383e-04 true=2.581e-04 f=2.046e-04 ic=4.476e-06 wall=4.731e-06 inlet=1.045e-06 outlet=4.112e-07 | min_w=8.370e-01 | best=2.581e-04@50600 | 5.4 it/s
LBFGS 50800/50000 | total=2.369e-04 true=2.565e-04 f=2.032e-04 ic=4.414e-06 wall=4.739e-06 inlet=1.021e-06 outlet=4.171e-07 | min_w=8.370e-01 | best=2.565e-04@50800 | 5.4 it/s
LBFGS 51000/50000 | total=2.353e-04 true=2.548e-04 f=2.019e-04 ic=4.395e-06 wall=4.720e-06 inlet=9.955e-07 outlet=4.234e-07 | min_w=8.370e-01 | best=2.548e-04@51000 | 5.4 it/s
Saved PyTorch checkpoint to results/checkpoints/causal_eps30_adam20k/latest_lbfgs.pt
LBFGS 51200/50000 | total=2.339e-04 true=2.532e-04 f=2.008e-04 ic=4.292e-06 wall=4.664e-06 inlet=9.982e-07 outlet=4.233e-07 | min_w=8.370e-01 | best=2.532e-04@51200 | 5.4 it/s
LBFGS 51400/50000 | total=2.324e-04 true=2.516e-04 f=1.997e-04 ic=4.334e-06 wall=4.597e-06 inlet=9.958e-07 outlet=4.352e-07 | min_w=8.370e-01 | best=2.516e-04@51400 | 5.4 it/s
LBFGS 51600/50000 | total=2.310e-04 true=2.502e-04 f=1.986e-04 ic=4.226e-06 wall=4.570e-06 inlet=9.918e-07 outlet=4.278e-07 | min_w=8.370e-01 | best=2.502e-04@51600 | 5.4 it/s
LBFGS 51800/50000 | total=2.298e-04 true=2.488e-04 f=1.974e-04 ic=4.219e-06 wall=4.539e-06 inlet=1.004e-06 outlet=4.203e-07 | min_w=8.370e-01 | best=2.488e-04@51800 | 5.4 it/s
LBFGS 52000/50000 | total=2.284e-04 true=2.473e-04 f=1.960e-04 ic=4.176e-06 wall=4.552e-06 inlet=1.007e-06 outlet=4.316e-07 | min_w=8.370e-01 | best=2.473e-04@52000 | 5.4 it/s
Saved PyTorch checkpoint to results/checkpoints/causal_eps30_adam20k/latest_lbfgs.pt
LBFGS 52200/50000 | total=2.272e-04 true=2.459e-04 f=1.948e-04 ic=4.134e-06 wall=4.543e-06 inlet=1.013e-06 outlet=4.182e-07 | min_w=8.370e-01 | best=2.459e-04@52200 | 5.4 it/s
LBFGS 52400/50000 | total=2.259e-04 true=2.446e-04 f=1.939e-04 ic=4.162e-06 wall=4.497e-06 inlet=9.947e-07 outlet=4.216e-07 | min_w=8.370e-01 | best=2.446e-04@52400 | 5.4 it/s
LBFGS 52600/50000 | total=2.245e-04 true=2.430e-04 f=1.925e-04 ic=4.152e-06 wall=4.498e-06 inlet=9.843e-07 outlet=4.501e-07 | min_w=8.370e-01 | best=2.430e-04@52600 | 5.4 it/s
LBFGS 52800/50000 | total=2.230e-04 true=2.414e-04 f=1.910e-04 ic=4.011e-06 wall=4.518e-06 inlet=9.870e-07 outlet=4.503e-07 | min_w=8.370e-01 | best=2.414e-04@52800 | 5.4 it/s
LBFGS 53000/50000 | total=2.216e-04 true=2.398e-04 f=1.897e-04 ic=3.962e-06 wall=4.519e-06 inlet=9.646e-07 outlet=4.627e-07 | min_w=8.370e-01 | best=2.398e-04@53000 | 5.4 it/s
Saved PyTorch checkpoint to results/checkpoints/causal_eps30_adam20k/latest_lbfgs.pt
LBFGS 53200/50000 | total=2.204e-04 true=2.384e-04 f=1.887e-04 ic=3.918e-06 wall=4.503e-06 inlet=9.555e-07 outlet=4.522e-07 | min_w=8.370e-01 | best=2.384e-04@53200 | 5.4 it/s
LBFGS 53400/50000 | total=2.191e-04 true=2.371e-04 f=1.876e-04 ic=3.896e-06 wall=4.456e-06 inlet=9.777e-07 outlet=4.495e-07 | min_w=8.370e-01 | best=2.371e-04@53400 | 5.4 it/s
LBFGS 53600/50000 | total=2.181e-04 true=2.359e-04 f=1.867e-04 ic=3.942e-06 wall=4.420e-06 inlet=9.760e-07 outlet=4.185e-07 | min_w=8.370e-01 | best=2.359e-04@53600 | 5.4 it/s
LBFGS 53800/50000 | total=2.170e-04 true=2.347e-04 f=1.856e-04 ic=3.971e-06 wall=4.404e-06 inlet=9.788e-07 outlet=4.224e-07 | min_w=8.370e-01 | best=2.347e-04@53800 | 5.4 it/s
LBFGS 54000/50000 | total=2.158e-04 true=2.335e-04 f=1.846e-04 ic=4.082e-06 wall=4.361e-06 inlet=9.891e-07 outlet=4.202e-07 | min_w=8.370e-01 | best=2.335e-04@54000 | 5.4 it/s
Saved PyTorch checkpoint to results/checkpoints/causal_eps30_adam20k/latest_lbfgs.pt
LBFGS 54200/50000 | total=2.148e-04 true=2.323e-04 f=1.835e-04 ic=4.171e-06 wall=4.344e-06 inlet=9.998e-07 outlet=4.154e-07 | min_w=8.370e-01 | best=2.323e-04@54200 | 5.4 it/s
LBFGS 54400/50000 | total=2.136e-04 true=2.310e-04 f=1.824e-04 ic=4.100e-06 wall=4.320e-06 inlet=1.018e-06 outlet=4.007e-07 | min_w=8.370e-01 | best=2.310e-04@54400 | 5.4 it/s
Saved PyTorch checkpoint to results/checkpoints/causal_eps30_adam20k/latest_lbfgs.pt
[lbfgs] converged after 54429 closure evals (max_iter=50000)
=== Run summary | best true-loss=2.308e-04 @ iter 74429 | last iter=74429 | causality NOT reached | wall=3h52m07s ===
--- 13927.17 seconds ---
Saved PyTorch checkpoint to results/checkpoints/causal_eps30_adam20k/latest.pt
Causal weight curve saved to results/figures/causal_eps30_adam20k/causal_weight_curve.png
