Using device: cuda
Experiment: causal_eps100  eps=100.0  bins=32 (duration)  lbfgs=uniform
[bins] mode=duration M=32 N=136298 per-bin count: min=4074 max=4493
[snapshot] will save at Adam iters: [2000, 5000, 10000]
Adam 1 | total=4.931e+00 f=1.125e-01 ic=6.128e-01 wall=5.611e-01 inlet=2.458e-01 outlet=1.713e-01 min_w=0.000e+00
Saved PyTorch checkpoint to results/checkpoints/causal_eps100/best.pt
Saved PyTorch checkpoint to results/checkpoints/causal_eps100/best.pt
Saved PyTorch checkpoint to results/checkpoints/causal_eps100/best.pt
Saved PyTorch checkpoint to results/checkpoints/causal_eps100/best.pt
Saved PyTorch checkpoint to results/checkpoints/causal_eps100/best.pt
Saved PyTorch checkpoint to results/checkpoints/causal_eps100/best.pt
Saved PyTorch checkpoint to results/checkpoints/causal_eps100/best.pt
Saved PyTorch checkpoint to results/checkpoints/causal_eps100/best.pt
Saved PyTorch checkpoint to results/checkpoints/causal_eps100/best.pt
Saved PyTorch checkpoint to results/checkpoints/causal_eps100/best.pt
Saved PyTorch checkpoint to results/checkpoints/causal_eps100/best.pt
Saved PyTorch checkpoint to results/checkpoints/causal_eps100/best.pt
Saved PyTorch checkpoint to results/checkpoints/causal_eps100/best.pt
Saved PyTorch checkpoint to results/checkpoints/causal_eps100/best.pt
Saved PyTorch checkpoint to results/checkpoints/causal_eps100/best.pt
Saved PyTorch checkpoint to results/checkpoints/causal_eps100/best.pt
Saved PyTorch checkpoint to results/checkpoints/causal_eps100/best.pt
Saved PyTorch checkpoint to results/checkpoints/causal_eps100/best.pt
Saved PyTorch checkpoint to results/checkpoints/causal_eps100/best.pt
Saved PyTorch checkpoint to results/checkpoints/causal_eps100/best.pt
Saved PyTorch checkpoint to results/checkpoints/causal_eps100/best.pt
Saved PyTorch checkpoint to results/checkpoints/causal_eps100/best.pt
Saved PyTorch checkpoint to results/checkpoints/causal_eps100/best.pt
Saved PyTorch checkpoint to results/checkpoints/causal_eps100/best.pt
Saved PyTorch checkpoint to results/checkpoints/causal_eps100/best.pt
Saved PyTorch checkpoint to results/checkpoints/causal_eps100/best.pt
Saved PyTorch checkpoint to results/checkpoints/causal_eps100/best.pt
Saved PyTorch checkpoint to results/checkpoints/causal_eps100/best.pt
Saved PyTorch checkpoint to results/checkpoints/causal_eps100/best.pt
Saved PyTorch checkpoint to results/checkpoints/causal_eps100/best.pt
Saved PyTorch checkpoint to results/checkpoints/causal_eps100/best.pt
Saved PyTorch checkpoint to results/checkpoints/causal_eps100/best.pt
Saved PyTorch checkpoint to results/checkpoints/causal_eps100/best.pt
Saved PyTorch checkpoint to results/checkpoints/causal_eps100/best.pt
Saved PyTorch checkpoint to results/checkpoints/causal_eps100/best.pt
Saved PyTorch checkpoint to results/checkpoints/causal_eps100/best.pt
Saved PyTorch checkpoint to results/checkpoints/causal_eps100/best.pt
Saved PyTorch checkpoint to results/checkpoints/causal_eps100/best.pt
Saved PyTorch checkpoint to results/checkpoints/causal_eps100/best.pt
Saved PyTorch checkpoint to results/checkpoints/causal_eps100/best.pt
Saved PyTorch checkpoint to results/checkpoints/causal_eps100/best.pt
Saved PyTorch checkpoint to results/checkpoints/causal_eps100/best.pt
Saved PyTorch checkpoint to results/checkpoints/causal_eps100/best.pt
Saved PyTorch checkpoint to results/checkpoints/causal_eps100/best.pt
Saved PyTorch checkpoint to results/checkpoints/causal_eps100/best.pt
Saved PyTorch checkpoint to results/checkpoints/causal_eps100/best.pt
Saved PyTorch checkpoint to results/checkpoints/causal_eps100/best.pt
Saved PyTorch checkpoint to results/checkpoints/causal_eps100/best.pt
Saved PyTorch checkpoint to results/checkpoints/causal_eps100/best.pt
Saved PyTorch checkpoint to results/checkpoints/causal_eps100/best.pt
Saved PyTorch checkpoint to results/checkpoints/causal_eps100/best.pt
Saved PyTorch checkpoint to results/checkpoints/causal_eps100/best.pt
Saved PyTorch checkpoint to results/checkpoints/causal_eps100/best.pt
Saved PyTorch checkpoint to results/checkpoints/causal_eps100/best.pt
Saved PyTorch checkpoint to results/checkpoints/causal_eps100/best.pt
Saved PyTorch checkpoint to results/checkpoints/causal_eps100/best.pt
Saved PyTorch checkpoint to results/checkpoints/causal_eps100/best.pt
Saved PyTorch checkpoint to results/checkpoints/causal_eps100/best.pt
Saved PyTorch checkpoint to results/checkpoints/causal_eps100/best.pt
Saved PyTorch checkpoint to results/checkpoints/causal_eps100/best.pt
Saved PyTorch checkpoint to results/checkpoints/causal_eps100/best.pt
Saved PyTorch checkpoint to results/checkpoints/causal_eps100/best.pt
Saved PyTorch checkpoint to results/checkpoints/causal_eps100/best.pt
Saved PyTorch checkpoint to results/checkpoints/causal_eps100/best.pt
Saved PyTorch checkpoint to results/checkpoints/causal_eps100/best.pt
Saved PyTorch checkpoint to results/checkpoints/causal_eps100/best.pt
Saved PyTorch checkpoint to results/checkpoints/causal_eps100/best.pt
Saved PyTorch checkpoint to results/checkpoints/causal_eps100/best.pt
Saved PyTorch checkpoint to results/checkpoints/causal_eps100/best.pt
Saved PyTorch checkpoint to results/checkpoints/causal_eps100/best.pt
Adam 100 | total=3.612e-01 f=1.166e-02 ic=9.178e-03 wall=3.704e-02 inlet=3.096e-02 outlet=3.161e-04 min_w=8.960e-18
Saved PyTorch checkpoint to results/checkpoints/causal_eps100/best.pt
Saved PyTorch checkpoint to results/checkpoints/causal_eps100/best.pt
Saved PyTorch checkpoint to results/checkpoints/causal_eps100/best.pt
Saved PyTorch checkpoint to results/checkpoints/causal_eps100/best.pt
Saved PyTorch checkpoint to results/checkpoints/causal_eps100/best.pt
Saved PyTorch checkpoint to results/checkpoints/causal_eps100/best.pt
Saved PyTorch checkpoint to results/checkpoints/causal_eps100/best.pt
Saved PyTorch checkpoint to results/checkpoints/causal_eps100/best.pt
Saved PyTorch checkpoint to results/checkpoints/causal_eps100/best.pt
Saved PyTorch checkpoint to results/checkpoints/causal_eps100/best.pt
Saved PyTorch checkpoint to results/checkpoints/causal_eps100/best.pt
Saved PyTorch checkpoint to results/checkpoints/causal_eps100/best.pt
Saved PyTorch checkpoint to results/checkpoints/causal_eps100/best.pt
Saved PyTorch checkpoint to results/checkpoints/causal_eps100/best.pt
Saved PyTorch checkpoint to results/checkpoints/causal_eps100/best.pt
Saved PyTorch checkpoint to results/checkpoints/causal_eps100/best.pt
Saved PyTorch checkpoint to results/checkpoints/causal_eps100/best.pt
Saved PyTorch checkpoint to results/checkpoints/causal_eps100/best.pt
Saved PyTorch checkpoint to results/checkpoints/causal_eps100/best.pt
Saved PyTorch checkpoint to results/checkpoints/causal_eps100/best.pt
Saved PyTorch checkpoint to results/checkpoints/causal_eps100/best.pt
Saved PyTorch checkpoint to results/checkpoints/causal_eps100/best.pt
Saved PyTorch checkpoint to results/checkpoints/causal_eps100/best.pt
Saved PyTorch checkpoint to results/checkpoints/causal_eps100/best.pt
Saved PyTorch checkpoint to results/checkpoints/causal_eps100/best.pt
Saved PyTorch checkpoint to results/checkpoints/causal_eps100/best.pt
Saved PyTorch checkpoint to results/checkpoints/causal_eps100/best.pt
Saved PyTorch checkpoint to results/checkpoints/causal_eps100/best.pt
Saved PyTorch checkpoint to results/checkpoints/causal_eps100/best.pt
Saved PyTorch checkpoint to results/checkpoints/causal_eps100/best.pt
Saved PyTorch checkpoint to results/checkpoints/causal_eps100/best.pt
Saved PyTorch checkpoint to results/checkpoints/causal_eps100/best.pt
Saved PyTorch checkpoint to results/checkpoints/causal_eps100/best.pt
Saved PyTorch checkpoint to results/checkpoints/causal_eps100/best.pt
Saved PyTorch checkpoint to results/checkpoints/causal_eps100/best.pt
Saved PyTorch checkpoint to results/checkpoints/causal_eps100/best.pt
Saved PyTorch checkpoint to results/checkpoints/causal_eps100/best.pt
Saved PyTorch checkpoint to results/checkpoints/causal_eps100/best.pt
Saved PyTorch checkpoint to results/checkpoints/causal_eps100/best.pt
Saved PyTorch checkpoint to results/checkpoints/causal_eps100/best.pt
Saved PyTorch checkpoint to results/checkpoints/causal_eps100/best.pt
Saved PyTorch checkpoint to results/checkpoints/causal_eps100/best.pt
Saved PyTorch checkpoint to results/checkpoints/causal_eps100/best.pt
Saved PyTorch checkpoint to results/checkpoints/causal_eps100/best.pt
Saved PyTorch checkpoint to results/checkpoints/causal_eps100/best.pt
Saved PyTorch checkpoint to results/checkpoints/causal_eps100/best.pt
Saved PyTorch checkpoint to results/checkpoints/causal_eps100/best.pt
Saved PyTorch checkpoint to results/checkpoints/causal_eps100/best.pt
Saved PyTorch checkpoint to results/checkpoints/causal_eps100/best.pt
Saved PyTorch checkpoint to results/checkpoints/causal_eps100/best.pt
Saved PyTorch checkpoint to results/checkpoints/causal_eps100/best.pt
Saved PyTorch checkpoint to results/checkpoints/causal_eps100/best.pt
Saved PyTorch checkpoint to results/checkpoints/causal_eps100/best.pt
Saved PyTorch checkpoint to results/checkpoints/causal_eps100/best.pt
Saved PyTorch checkpoint to results/checkpoints/causal_eps100/best.pt
Saved PyTorch checkpoint to results/checkpoints/causal_eps100/best.pt
Saved PyTorch checkpoint to results/checkpoints/causal_eps100/best.pt
Saved PyTorch checkpoint to results/checkpoints/causal_eps100/best.pt
Saved PyTorch checkpoint to results/checkpoints/causal_eps100/best.pt
Saved PyTorch checkpoint to results/checkpoints/causal_eps100/best.pt
Saved PyTorch checkpoint to results/checkpoints/causal_eps100/best.pt
Saved PyTorch checkpoint to results/checkpoints/causal_eps100/best.pt
Saved PyTorch checkpoint to results/checkpoints/causal_eps100/best.pt
Saved PyTorch checkpoint to results/checkpoints/causal_eps100/best.pt
Saved PyTorch checkpoint to results/checkpoints/causal_eps100/best.pt
Saved PyTorch checkpoint to results/checkpoints/causal_eps100/best.pt
Saved PyTorch checkpoint to results/checkpoints/causal_eps100/best.pt
Saved PyTorch checkpoint to results/checkpoints/causal_eps100/best.pt
Saved PyTorch checkpoint to results/checkpoints/causal_eps100/best.pt
Saved PyTorch checkpoint to results/checkpoints/causal_eps100/best.pt
Saved PyTorch checkpoint to results/checkpoints/causal_eps100/best.pt
Saved PyTorch checkpoint to results/checkpoints/causal_eps100/best.pt
Saved PyTorch checkpoint to results/checkpoints/causal_eps100/best.pt
Saved PyTorch checkpoint to results/checkpoints/causal_eps100/best.pt
Saved PyTorch checkpoint to results/checkpoints/causal_eps100/best.pt
Saved PyTorch checkpoint to results/checkpoints/causal_eps100/best.pt
Saved PyTorch checkpoint to results/checkpoints/causal_eps100/best.pt
Saved PyTorch checkpoint to results/checkpoints/causal_eps100/best.pt
Saved PyTorch checkpoint to results/checkpoints/causal_eps100/best.pt
Saved PyTorch checkpoint to results/checkpoints/causal_eps100/best.pt
Saved PyTorch checkpoint to results/checkpoints/causal_eps100/best.pt
Saved PyTorch checkpoint to results/checkpoints/causal_eps100/best.pt
Saved PyTorch checkpoint to results/checkpoints/causal_eps100/best.pt
Saved PyTorch checkpoint to results/checkpoints/causal_eps100/best.pt
Saved PyTorch checkpoint to results/checkpoints/causal_eps100/best.pt
Saved PyTorch checkpoint to results/checkpoints/causal_eps100/best.pt
Saved PyTorch checkpoint to results/checkpoints/causal_eps100/best.pt
Saved PyTorch checkpoint to results/checkpoints/causal_eps100/best.pt
Saved PyTorch checkpoint to results/checkpoints/causal_eps100/best.pt
Saved PyTorch checkpoint to results/checkpoints/causal_eps100/best.pt
Saved PyTorch checkpoint to results/checkpoints/causal_eps100/best.pt
Saved PyTorch checkpoint to results/checkpoints/causal_eps100/best.pt
Saved PyTorch checkpoint to results/checkpoints/causal_eps100/best.pt
Saved PyTorch checkpoint to results/checkpoints/causal_eps100/best.pt
Saved PyTorch checkpoint to results/checkpoints/causal_eps100/best.pt
Saved PyTorch checkpoint to results/checkpoints/causal_eps100/best.pt
Saved PyTorch checkpoint to results/checkpoints/causal_eps100/best.pt
Saved PyTorch checkpoint to results/checkpoints/causal_eps100/best.pt
Saved PyTorch checkpoint to results/checkpoints/causal_eps100/best.pt
Saved PyTorch checkpoint to results/checkpoints/causal_eps100/best.pt
Adam 200 | total=3.311e-01 f=1.127e-02 ic=4.756e-03 wall=3.234e-02 inlet=3.063e-02 outlet=1.455e-04 min_w=1.131e-14
Saved PyTorch checkpoint to results/checkpoints/causal_eps100/best.pt
Saved PyTorch checkpoint to results/checkpoints/causal_eps100/best.pt
Saved PyTorch checkpoint to results/checkpoints/causal_eps100/best.pt
Saved PyTorch checkpoint to results/checkpoints/causal_eps100/best.pt
Saved PyTorch checkpoint to results/checkpoints/causal_eps100/best.pt
Saved PyTorch checkpoint to results/checkpoints/causal_eps100/best.pt
Saved PyTorch checkpoint to results/checkpoints/causal_eps100/best.pt
Saved PyTorch checkpoint to results/checkpoints/causal_eps100/best.pt
Saved PyTorch checkpoint to results/checkpoints/causal_eps100/best.pt
Saved PyTorch checkpoint to results/checkpoints/causal_eps100/best.pt
Saved PyTorch checkpoint to results/checkpoints/causal_eps100/best.pt
Saved PyTorch checkpoint to results/checkpoints/causal_eps100/best.pt
Saved PyTorch checkpoint to results/checkpoints/causal_eps100/best.pt
Saved PyTorch checkpoint to results/checkpoints/causal_eps100/best.pt
Saved PyTorch checkpoint to results/checkpoints/causal_eps100/best.pt
Saved PyTorch checkpoint to results/checkpoints/causal_eps100/best.pt
Saved PyTorch checkpoint to results/checkpoints/causal_eps100/best.pt
Saved PyTorch checkpoint to results/checkpoints/causal_eps100/best.pt
Saved PyTorch checkpoint to results/checkpoints/causal_eps100/best.pt
Saved PyTorch checkpoint to results/checkpoints/causal_eps100/best.pt
Saved PyTorch checkpoint to results/checkpoints/causal_eps100/best.pt
Saved PyTorch checkpoint to results/checkpoints/causal_eps100/best.pt
Saved PyTorch checkpoint to results/checkpoints/causal_eps100/best.pt
Saved PyTorch checkpoint to results/checkpoints/causal_eps100/best.pt
Saved PyTorch checkpoint to results/checkpoints/causal_eps100/best.pt
Saved PyTorch checkpoint to results/checkpoints/causal_eps100/best.pt
Saved PyTorch checkpoint to results/checkpoints/causal_eps100/best.pt
Saved PyTorch checkpoint to results/checkpoints/causal_eps100/best.pt
Saved PyTorch checkpoint to results/checkpoints/causal_eps100/best.pt
Saved PyTorch checkpoint to results/checkpoints/causal_eps100/best.pt
Saved PyTorch checkpoint to results/checkpoints/causal_eps100/best.pt
Saved PyTorch checkpoint to results/checkpoints/causal_eps100/best.pt
Saved PyTorch checkpoint to results/checkpoints/causal_eps100/best.pt
Saved PyTorch checkpoint to results/checkpoints/causal_eps100/best.pt
Saved PyTorch checkpoint to results/checkpoints/causal_eps100/best.pt
Saved PyTorch checkpoint to results/checkpoints/causal_eps100/best.pt
Saved PyTorch checkpoint to results/checkpoints/causal_eps100/best.pt
Saved PyTorch checkpoint to results/checkpoints/causal_eps100/best.pt
Saved PyTorch checkpoint to results/checkpoints/causal_eps100/best.pt
Saved PyTorch checkpoint to results/checkpoints/causal_eps100/best.pt
Saved PyTorch checkpoint to results/checkpoints/causal_eps100/best.pt
Saved PyTorch checkpoint to results/checkpoints/causal_eps100/best.pt
Saved PyTorch checkpoint to results/checkpoints/causal_eps100/best.pt
Saved PyTorch checkpoint to results/checkpoints/causal_eps100/best.pt
Saved PyTorch checkpoint to results/checkpoints/causal_eps100/best.pt
Saved PyTorch checkpoint to results/checkpoints/causal_eps100/best.pt
Saved PyTorch checkpoint to results/checkpoints/causal_eps100/best.pt
Saved PyTorch checkpoint to results/checkpoints/causal_eps100/best.pt
Saved PyTorch checkpoint to results/checkpoints/causal_eps100/best.pt
Saved PyTorch checkpoint to results/checkpoints/causal_eps100/best.pt
Saved PyTorch checkpoint to results/checkpoints/causal_eps100/best.pt
Saved PyTorch checkpoint to results/checkpoints/causal_eps100/best.pt
Saved PyTorch checkpoint to results/checkpoints/causal_eps100/best.pt
Saved PyTorch checkpoint to results/checkpoints/causal_eps100/best.pt
Saved PyTorch checkpoint to results/checkpoints/causal_eps100/best.pt
Saved PyTorch checkpoint to results/checkpoints/causal_eps100/best.pt
Saved PyTorch checkpoint to results/checkpoints/causal_eps100/best.pt
Saved PyTorch checkpoint to results/checkpoints/causal_eps100/best.pt
Saved PyTorch checkpoint to results/checkpoints/causal_eps100/best.pt
Saved PyTorch checkpoint to results/checkpoints/causal_eps100/best.pt
Saved PyTorch checkpoint to results/checkpoints/causal_eps100/best.pt
Saved PyTorch checkpoint to results/checkpoints/causal_eps100/best.pt
Saved PyTorch checkpoint to results/checkpoints/causal_eps100/best.pt
Saved PyTorch checkpoint to results/checkpoints/causal_eps100/best.pt
Saved PyTorch checkpoint to results/checkpoints/causal_eps100/best.pt
Saved PyTorch checkpoint to results/checkpoints/causal_eps100/best.pt
Saved PyTorch checkpoint to results/checkpoints/causal_eps100/best.pt
Saved PyTorch checkpoint to results/checkpoints/causal_eps100/best.pt
Saved PyTorch checkpoint to results/checkpoints/causal_eps100/best.pt
Saved PyTorch checkpoint to results/checkpoints/causal_eps100/best.pt
Saved PyTorch checkpoint to results/checkpoints/causal_eps100/best.pt
Saved PyTorch checkpoint to results/checkpoints/causal_eps100/best.pt
Saved PyTorch checkpoint to results/checkpoints/causal_eps100/best.pt
Saved PyTorch checkpoint to results/checkpoints/causal_eps100/best.pt
Saved PyTorch checkpoint to results/checkpoints/causal_eps100/best.pt
Saved PyTorch checkpoint to results/checkpoints/causal_eps100/best.pt
Saved PyTorch checkpoint to results/checkpoints/causal_eps100/best.pt
Saved PyTorch checkpoint to results/checkpoints/causal_eps100/best.pt
Saved PyTorch checkpoint to results/checkpoints/causal_eps100/best.pt
Saved PyTorch checkpoint to results/checkpoints/causal_eps100/best.pt
Saved PyTorch checkpoint to results/checkpoints/causal_eps100/best.pt
Saved PyTorch checkpoint to results/checkpoints/causal_eps100/best.pt
Saved PyTorch checkpoint to results/checkpoints/causal_eps100/best.pt
Saved PyTorch checkpoint to results/checkpoints/causal_eps100/best.pt
Saved PyTorch checkpoint to results/checkpoints/causal_eps100/best.pt
Saved PyTorch checkpoint to results/checkpoints/causal_eps100/best.pt
Saved PyTorch checkpoint to results/checkpoints/causal_eps100/best.pt
Saved PyTorch checkpoint to results/checkpoints/causal_eps100/best.pt
Saved PyTorch checkpoint to results/checkpoints/causal_eps100/best.pt
Saved PyTorch checkpoint to results/checkpoints/causal_eps100/best.pt
Saved PyTorch checkpoint to results/checkpoints/causal_eps100/best.pt
Saved PyTorch checkpoint to results/checkpoints/causal_eps100/best.pt
Saved PyTorch checkpoint to results/checkpoints/causal_eps100/best.pt
Saved PyTorch checkpoint to results/checkpoints/causal_eps100/best.pt
Saved PyTorch checkpoint to results/checkpoints/causal_eps100/best.pt
Saved PyTorch checkpoint to results/checkpoints/causal_eps100/best.pt
Saved PyTorch checkpoint to results/checkpoints/causal_eps100/best.pt
Saved PyTorch checkpoint to results/checkpoints/causal_eps100/best.pt
Saved PyTorch checkpoint to results/checkpoints/causal_eps100/best.pt
Saved PyTorch checkpoint to results/checkpoints/causal_eps100/best.pt
Adam 300 | total=3.087e-01 f=1.128e-02 ic=2.262e-03 wall=2.973e-02 inlet=2.925e-02 outlet=1.709e-04 min_w=1.307e-12
Saved PyTorch checkpoint to results/checkpoints/causal_eps100/best.pt
Saved PyTorch checkpoint to results/checkpoints/causal_eps100/best.pt
Saved PyTorch checkpoint to results/checkpoints/causal_eps100/best.pt
Saved PyTorch checkpoint to results/checkpoints/causal_eps100/best.pt
Saved PyTorch checkpoint to results/checkpoints/causal_eps100/best.pt
Saved PyTorch checkpoint to results/checkpoints/causal_eps100/best.pt
Saved PyTorch checkpoint to results/checkpoints/causal_eps100/best.pt
Saved PyTorch checkpoint to results/checkpoints/causal_eps100/best.pt
Saved PyTorch checkpoint to results/checkpoints/causal_eps100/best.pt
Saved PyTorch checkpoint to results/checkpoints/causal_eps100/best.pt
Saved PyTorch checkpoint to results/checkpoints/causal_eps100/best.pt
Saved PyTorch checkpoint to results/checkpoints/causal_eps100/best.pt
Saved PyTorch checkpoint to results/checkpoints/causal_eps100/best.pt
Saved PyTorch checkpoint to results/checkpoints/causal_eps100/best.pt
Saved PyTorch checkpoint to results/checkpoints/causal_eps100/best.pt
Saved PyTorch checkpoint to results/checkpoints/causal_eps100/best.pt
Saved PyTorch checkpoint to results/checkpoints/causal_eps100/best.pt
Saved PyTorch checkpoint to results/checkpoints/causal_eps100/best.pt
Saved PyTorch checkpoint to results/checkpoints/causal_eps100/best.pt
Saved PyTorch checkpoint to results/checkpoints/causal_eps100/best.pt
Saved PyTorch checkpoint to results/checkpoints/causal_eps100/best.pt
Saved PyTorch checkpoint to results/checkpoints/causal_eps100/best.pt
Saved PyTorch checkpoint to results/checkpoints/causal_eps100/best.pt
Saved PyTorch checkpoint to results/checkpoints/causal_eps100/best.pt
Saved PyTorch checkpoint to results/checkpoints/causal_eps100/best.pt
Saved PyTorch checkpoint to results/checkpoints/causal_eps100/best.pt
Saved PyTorch checkpoint to results/checkpoints/causal_eps100/best.pt
Saved PyTorch checkpoint to results/checkpoints/causal_eps100/best.pt
Saved PyTorch checkpoint to results/checkpoints/causal_eps100/best.pt
Saved PyTorch checkpoint to results/checkpoints/causal_eps100/best.pt
Saved PyTorch checkpoint to results/checkpoints/causal_eps100/best.pt
Saved PyTorch checkpoint to results/checkpoints/causal_eps100/best.pt
Saved PyTorch checkpoint to results/checkpoints/causal_eps100/best.pt
Saved PyTorch checkpoint to results/checkpoints/causal_eps100/best.pt
Saved PyTorch checkpoint to results/checkpoints/causal_eps100/best.pt
Saved PyTorch checkpoint to results/checkpoints/causal_eps100/best.pt
Saved PyTorch checkpoint to results/checkpoints/causal_eps100/best.pt
Saved PyTorch checkpoint to results/checkpoints/causal_eps100/best.pt
Saved PyTorch checkpoint to results/checkpoints/causal_eps100/best.pt
Saved PyTorch checkpoint to results/checkpoints/causal_eps100/best.pt
Saved PyTorch checkpoint to results/checkpoints/causal_eps100/best.pt
Saved PyTorch checkpoint to results/checkpoints/causal_eps100/best.pt
Saved PyTorch checkpoint to results/checkpoints/causal_eps100/best.pt
Saved PyTorch checkpoint to results/checkpoints/causal_eps100/best.pt
Saved PyTorch checkpoint to results/checkpoints/causal_eps100/best.pt
Saved PyTorch checkpoint to results/checkpoints/causal_eps100/best.pt
Saved PyTorch checkpoint to results/checkpoints/causal_eps100/best.pt
Saved PyTorch checkpoint to results/checkpoints/causal_eps100/best.pt
Saved PyTorch checkpoint to results/checkpoints/causal_eps100/best.pt
Saved PyTorch checkpoint to results/checkpoints/causal_eps100/best.pt
Saved PyTorch checkpoint to results/checkpoints/causal_eps100/best.pt
Saved PyTorch checkpoint to results/checkpoints/causal_eps100/best.pt
Saved PyTorch checkpoint to results/checkpoints/causal_eps100/best.pt
Saved PyTorch checkpoint to results/checkpoints/causal_eps100/best.pt
Saved PyTorch checkpoint to results/checkpoints/causal_eps100/best.pt
Saved PyTorch checkpoint to results/checkpoints/causal_eps100/best.pt
Saved PyTorch checkpoint to results/checkpoints/causal_eps100/best.pt
Saved PyTorch checkpoint to results/checkpoints/causal_eps100/best.pt
Saved PyTorch checkpoint to results/checkpoints/causal_eps100/best.pt
Saved PyTorch checkpoint to results/checkpoints/causal_eps100/best.pt
Saved PyTorch checkpoint to results/checkpoints/causal_eps100/best.pt
Saved PyTorch checkpoint to results/checkpoints/causal_eps100/best.pt
Saved PyTorch checkpoint to results/checkpoints/causal_eps100/best.pt
Saved PyTorch checkpoint to results/checkpoints/causal_eps100/best.pt
Saved PyTorch checkpoint to results/checkpoints/causal_eps100/best.pt
Saved PyTorch checkpoint to results/checkpoints/causal_eps100/best.pt
Saved PyTorch checkpoint to results/checkpoints/causal_eps100/best.pt
Saved PyTorch checkpoint to results/checkpoints/causal_eps100/best.pt
Saved PyTorch checkpoint to results/checkpoints/causal_eps100/best.pt
Saved PyTorch checkpoint to results/checkpoints/causal_eps100/best.pt
Saved PyTorch checkpoint to results/checkpoints/causal_eps100/best.pt
Saved PyTorch checkpoint to results/checkpoints/causal_eps100/best.pt
Saved PyTorch checkpoint to results/checkpoints/causal_eps100/best.pt
Saved PyTorch checkpoint to results/checkpoints/causal_eps100/best.pt
Saved PyTorch checkpoint to results/checkpoints/causal_eps100/best.pt
Saved PyTorch checkpoint to results/checkpoints/causal_eps100/best.pt
Saved PyTorch checkpoint to results/checkpoints/causal_eps100/best.pt
Saved PyTorch checkpoint to results/checkpoints/causal_eps100/best.pt
Saved PyTorch checkpoint to results/checkpoints/causal_eps100/best.pt
Saved PyTorch checkpoint to results/checkpoints/causal_eps100/best.pt
Saved PyTorch checkpoint to results/checkpoints/causal_eps100/best.pt
Saved PyTorch checkpoint to results/checkpoints/causal_eps100/best.pt
Saved PyTorch checkpoint to results/checkpoints/causal_eps100/best.pt
Saved PyTorch checkpoint to results/checkpoints/causal_eps100/best.pt
Saved PyTorch checkpoint to results/checkpoints/causal_eps100/best.pt
Saved PyTorch checkpoint to results/checkpoints/causal_eps100/best.pt
Saved PyTorch checkpoint to results/checkpoints/causal_eps100/best.pt
Saved PyTorch checkpoint to results/checkpoints/causal_eps100/best.pt
Saved PyTorch checkpoint to results/checkpoints/causal_eps100/best.pt
Saved PyTorch checkpoint to results/checkpoints/causal_eps100/best.pt
Saved PyTorch checkpoint to results/checkpoints/causal_eps100/best.pt
Saved PyTorch checkpoint to results/checkpoints/causal_eps100/best.pt
Saved PyTorch checkpoint to results/checkpoints/causal_eps100/best.pt
Saved PyTorch checkpoint to results/checkpoints/causal_eps100/best.pt
Saved PyTorch checkpoint to results/checkpoints/causal_eps100/best.pt
Saved PyTorch checkpoint to results/checkpoints/causal_eps100/best.pt
Saved PyTorch checkpoint to results/checkpoints/causal_eps100/best.pt
Saved PyTorch checkpoint to results/checkpoints/causal_eps100/best.pt
Saved PyTorch checkpoint to results/checkpoints/causal_eps100/best.pt
Saved PyTorch checkpoint to results/checkpoints/causal_eps100/best.pt
Adam 400 | total=2.906e-01 f=1.112e-02 ic=1.766e-03 wall=2.753e-02 inlet=2.797e-02 outlet=1.982e-04 min_w=2.194e-09
Saved PyTorch checkpoint to results/checkpoints/causal_eps100/best.pt
Saved PyTorch checkpoint to results/checkpoints/causal_eps100/best.pt
Saved PyTorch checkpoint to results/checkpoints/causal_eps100/best.pt
Saved PyTorch checkpoint to results/checkpoints/causal_eps100/best.pt
Saved PyTorch checkpoint to results/checkpoints/causal_eps100/best.pt
Saved PyTorch checkpoint to results/checkpoints/causal_eps100/best.pt
Saved PyTorch checkpoint to results/checkpoints/causal_eps100/best.pt
Saved PyTorch checkpoint to results/checkpoints/causal_eps100/best.pt
Saved PyTorch checkpoint to results/checkpoints/causal_eps100/best.pt
Saved PyTorch checkpoint to results/checkpoints/causal_eps100/best.pt
Saved PyTorch checkpoint to results/checkpoints/causal_eps100/best.pt
Saved PyTorch checkpoint to results/checkpoints/causal_eps100/best.pt
Saved PyTorch checkpoint to results/checkpoints/causal_eps100/best.pt
Saved PyTorch checkpoint to results/checkpoints/causal_eps100/best.pt
Saved PyTorch checkpoint to results/checkpoints/causal_eps100/best.pt
Saved PyTorch checkpoint to results/checkpoints/causal_eps100/best.pt
Saved PyTorch checkpoint to results/checkpoints/causal_eps100/best.pt
Saved PyTorch checkpoint to results/checkpoints/causal_eps100/best.pt
Saved PyTorch checkpoint to results/checkpoints/causal_eps100/best.pt
Saved PyTorch checkpoint to results/checkpoints/causal_eps100/best.pt
Saved PyTorch checkpoint to results/checkpoints/causal_eps100/best.pt
Saved PyTorch checkpoint to results/checkpoints/causal_eps100/best.pt
Saved PyTorch checkpoint to results/checkpoints/causal_eps100/best.pt
Saved PyTorch checkpoint to results/checkpoints/causal_eps100/best.pt
Saved PyTorch checkpoint to results/checkpoints/causal_eps100/best.pt
Saved PyTorch checkpoint to results/checkpoints/causal_eps100/best.pt
Saved PyTorch checkpoint to results/checkpoints/causal_eps100/best.pt
Saved PyTorch checkpoint to results/checkpoints/causal_eps100/best.pt
Saved PyTorch checkpoint to results/checkpoints/causal_eps100/best.pt
Saved PyTorch checkpoint to results/checkpoints/causal_eps100/best.pt
Saved PyTorch checkpoint to results/checkpoints/causal_eps100/best.pt
Saved PyTorch checkpoint to results/checkpoints/causal_eps100/best.pt
Saved PyTorch checkpoint to results/checkpoints/causal_eps100/best.pt
Saved PyTorch checkpoint to results/checkpoints/causal_eps100/best.pt
Saved PyTorch checkpoint to results/checkpoints/causal_eps100/best.pt
Saved PyTorch checkpoint to results/checkpoints/causal_eps100/best.pt
Saved PyTorch checkpoint to results/checkpoints/causal_eps100/best.pt
Saved PyTorch checkpoint to results/checkpoints/causal_eps100/best.pt
Saved PyTorch checkpoint to results/checkpoints/causal_eps100/best.pt
Saved PyTorch checkpoint to results/checkpoints/causal_eps100/best.pt
Saved PyTorch checkpoint to results/checkpoints/causal_eps100/best.pt
Saved PyTorch checkpoint to results/checkpoints/causal_eps100/best.pt
Saved PyTorch checkpoint to results/checkpoints/causal_eps100/best.pt
Saved PyTorch checkpoint to results/checkpoints/causal_eps100/best.pt
Saved PyTorch checkpoint to results/checkpoints/causal_eps100/best.pt
Saved PyTorch checkpoint to results/checkpoints/causal_eps100/best.pt
Saved PyTorch checkpoint to results/checkpoints/causal_eps100/best.pt
Saved PyTorch checkpoint to results/checkpoints/causal_eps100/best.pt
Saved PyTorch checkpoint to results/checkpoints/causal_eps100/best.pt
Saved PyTorch checkpoint to results/checkpoints/causal_eps100/best.pt
Saved PyTorch checkpoint to results/checkpoints/causal_eps100/best.pt
Saved PyTorch checkpoint to results/checkpoints/causal_eps100/best.pt
Saved PyTorch checkpoint to results/checkpoints/causal_eps100/best.pt
Saved PyTorch checkpoint to results/checkpoints/causal_eps100/best.pt
Saved PyTorch checkpoint to results/checkpoints/causal_eps100/best.pt
Saved PyTorch checkpoint to results/checkpoints/causal_eps100/best.pt
Saved PyTorch checkpoint to results/checkpoints/causal_eps100/best.pt
Saved PyTorch checkpoint to results/checkpoints/causal_eps100/best.pt
Saved PyTorch checkpoint to results/checkpoints/causal_eps100/best.pt
Saved PyTorch checkpoint to results/checkpoints/causal_eps100/best.pt
Saved PyTorch checkpoint to results/checkpoints/causal_eps100/best.pt
Saved PyTorch checkpoint to results/checkpoints/causal_eps100/best.pt
Saved PyTorch checkpoint to results/checkpoints/causal_eps100/best.pt
Saved PyTorch checkpoint to results/checkpoints/causal_eps100/best.pt
Saved PyTorch checkpoint to results/checkpoints/causal_eps100/best.pt
Saved PyTorch checkpoint to results/checkpoints/causal_eps100/best.pt
Saved PyTorch checkpoint to results/checkpoints/causal_eps100/best.pt
Saved PyTorch checkpoint to results/checkpoints/causal_eps100/best.pt
Saved PyTorch checkpoint to results/checkpoints/causal_eps100/best.pt
Saved PyTorch checkpoint to results/checkpoints/causal_eps100/best.pt
Saved PyTorch checkpoint to results/checkpoints/causal_eps100/best.pt
Saved PyTorch checkpoint to results/checkpoints/causal_eps100/best.pt
Saved PyTorch checkpoint to results/checkpoints/causal_eps100/best.pt
Saved PyTorch checkpoint to results/checkpoints/causal_eps100/best.pt
Saved PyTorch checkpoint to results/checkpoints/causal_eps100/best.pt
Saved PyTorch checkpoint to results/checkpoints/causal_eps100/best.pt
Saved PyTorch checkpoint to results/checkpoints/causal_eps100/best.pt
Saved PyTorch checkpoint to results/checkpoints/causal_eps100/best.pt
Saved PyTorch checkpoint to results/checkpoints/causal_eps100/best.pt
Saved PyTorch checkpoint to results/checkpoints/causal_eps100/best.pt
Saved PyTorch checkpoint to results/checkpoints/causal_eps100/best.pt
Saved PyTorch checkpoint to results/checkpoints/causal_eps100/best.pt
Saved PyTorch checkpoint to results/checkpoints/causal_eps100/best.pt
Saved PyTorch checkpoint to results/checkpoints/causal_eps100/best.pt
Saved PyTorch checkpoint to results/checkpoints/causal_eps100/best.pt
Saved PyTorch checkpoint to results/checkpoints/causal_eps100/best.pt
Saved PyTorch checkpoint to results/checkpoints/causal_eps100/best.pt
Saved PyTorch checkpoint to results/checkpoints/causal_eps100/best.pt
Saved PyTorch checkpoint to results/checkpoints/causal_eps100/best.pt
Saved PyTorch checkpoint to results/checkpoints/causal_eps100/best.pt
Saved PyTorch checkpoint to results/checkpoints/causal_eps100/best.pt
Saved PyTorch checkpoint to results/checkpoints/causal_eps100/best.pt
Saved PyTorch checkpoint to results/checkpoints/causal_eps100/best.pt
Saved PyTorch checkpoint to results/checkpoints/causal_eps100/best.pt
Saved PyTorch checkpoint to results/checkpoints/causal_eps100/best.pt
Saved PyTorch checkpoint to results/checkpoints/causal_eps100/best.pt
Saved PyTorch checkpoint to results/checkpoints/causal_eps100/best.pt
Saved PyTorch checkpoint to results/checkpoints/causal_eps100/best.pt
Saved PyTorch checkpoint to results/checkpoints/causal_eps100/best.pt
Saved PyTorch checkpoint to results/checkpoints/causal_eps100/best.pt
Adam 500 | total=2.783e-01 f=1.084e-02 ic=1.118e-03 wall=2.598e-02 inlet=2.725e-02 outlet=1.966e-04 min_w=1.193e-04
Saved PyTorch checkpoint to results/checkpoints/causal_eps100/best.pt
Saved PyTorch checkpoint to results/checkpoints/causal_eps100/best.pt
Saved PyTorch checkpoint to results/checkpoints/causal_eps100/best.pt
Saved PyTorch checkpoint to results/checkpoints/causal_eps100/best.pt
Saved PyTorch checkpoint to results/checkpoints/causal_eps100/best.pt
Saved PyTorch checkpoint to results/checkpoints/causal_eps100/best.pt
Saved PyTorch checkpoint to results/checkpoints/causal_eps100/best.pt
Saved PyTorch checkpoint to results/checkpoints/causal_eps100/best.pt
Saved PyTorch checkpoint to results/checkpoints/causal_eps100/best.pt
Saved PyTorch checkpoint to results/checkpoints/causal_eps100/best.pt
Saved PyTorch checkpoint to results/checkpoints/causal_eps100/best.pt
Saved PyTorch checkpoint to results/checkpoints/causal_eps100/best.pt
Saved PyTorch checkpoint to results/checkpoints/causal_eps100/best.pt
Saved PyTorch checkpoint to results/checkpoints/causal_eps100/best.pt
Saved PyTorch checkpoint to results/checkpoints/causal_eps100/best.pt
Saved PyTorch checkpoint to results/checkpoints/causal_eps100/best.pt
Saved PyTorch checkpoint to results/checkpoints/causal_eps100/best.pt
Saved PyTorch checkpoint to results/checkpoints/causal_eps100/best.pt
Saved PyTorch checkpoint to results/checkpoints/causal_eps100/best.pt
Saved PyTorch checkpoint to results/checkpoints/causal_eps100/best.pt
Saved PyTorch checkpoint to results/checkpoints/causal_eps100/best.pt
Saved PyTorch checkpoint to results/checkpoints/causal_eps100/best.pt
Saved PyTorch checkpoint to results/checkpoints/causal_eps100/best.pt
Saved PyTorch checkpoint to results/checkpoints/causal_eps100/best.pt
Saved PyTorch checkpoint to results/checkpoints/causal_eps100/best.pt
Saved PyTorch checkpoint to results/checkpoints/causal_eps100/best.pt
Saved PyTorch checkpoint to results/checkpoints/causal_eps100/best.pt
Saved PyTorch checkpoint to results/checkpoints/causal_eps100/best.pt
Saved PyTorch checkpoint to results/checkpoints/causal_eps100/best.pt
Saved PyTorch checkpoint to results/checkpoints/causal_eps100/best.pt
Saved PyTorch checkpoint to results/checkpoints/causal_eps100/best.pt
Saved PyTorch checkpoint to results/checkpoints/causal_eps100/best.pt
Saved PyTorch checkpoint to results/checkpoints/causal_eps100/best.pt
Saved PyTorch checkpoint to results/checkpoints/causal_eps100/best.pt
Saved PyTorch checkpoint to results/checkpoints/causal_eps100/best.pt
Saved PyTorch checkpoint to results/checkpoints/causal_eps100/best.pt
Saved PyTorch checkpoint to results/checkpoints/causal_eps100/best.pt
Saved PyTorch checkpoint to results/checkpoints/causal_eps100/best.pt
Saved PyTorch checkpoint to results/checkpoints/causal_eps100/best.pt
Saved PyTorch checkpoint to results/checkpoints/causal_eps100/best.pt
Saved PyTorch checkpoint to results/checkpoints/causal_eps100/best.pt
Saved PyTorch checkpoint to results/checkpoints/causal_eps100/best.pt
Saved PyTorch checkpoint to results/checkpoints/causal_eps100/best.pt
Saved PyTorch checkpoint to results/checkpoints/causal_eps100/best.pt
Saved PyTorch checkpoint to results/checkpoints/causal_eps100/best.pt
Saved PyTorch checkpoint to results/checkpoints/causal_eps100/best.pt
Saved PyTorch checkpoint to results/checkpoints/causal_eps100/best.pt
Saved PyTorch checkpoint to results/checkpoints/causal_eps100/best.pt
Saved PyTorch checkpoint to results/checkpoints/causal_eps100/best.pt
Saved PyTorch checkpoint to results/checkpoints/causal_eps100/best.pt
Saved PyTorch checkpoint to results/checkpoints/causal_eps100/best.pt
Saved PyTorch checkpoint to results/checkpoints/causal_eps100/best.pt
Saved PyTorch checkpoint to results/checkpoints/causal_eps100/best.pt
Saved PyTorch checkpoint to results/checkpoints/causal_eps100/best.pt
Saved PyTorch checkpoint to results/checkpoints/causal_eps100/best.pt
Saved PyTorch checkpoint to results/checkpoints/causal_eps100/best.pt
Saved PyTorch checkpoint to results/checkpoints/causal_eps100/best.pt
Saved PyTorch checkpoint to results/checkpoints/causal_eps100/best.pt
Saved PyTorch checkpoint to results/checkpoints/causal_eps100/best.pt
Saved PyTorch checkpoint to results/checkpoints/causal_eps100/best.pt
Saved PyTorch checkpoint to results/checkpoints/causal_eps100/best.pt
Saved PyTorch checkpoint to results/checkpoints/causal_eps100/best.pt
Saved PyTorch checkpoint to results/checkpoints/causal_eps100/best.pt
Saved PyTorch checkpoint to results/checkpoints/causal_eps100/best.pt
Saved PyTorch checkpoint to results/checkpoints/causal_eps100/best.pt
Saved PyTorch checkpoint to results/checkpoints/causal_eps100/best.pt
Saved PyTorch checkpoint to results/checkpoints/causal_eps100/best.pt
Saved PyTorch checkpoint to results/checkpoints/causal_eps100/best.pt
Saved PyTorch checkpoint to results/checkpoints/causal_eps100/best.pt
Saved PyTorch checkpoint to results/checkpoints/causal_eps100/best.pt
Saved PyTorch checkpoint to results/checkpoints/causal_eps100/best.pt
Saved PyTorch checkpoint to results/checkpoints/causal_eps100/best.pt
Saved PyTorch checkpoint to results/checkpoints/causal_eps100/best.pt
Saved PyTorch checkpoint to results/checkpoints/causal_eps100/best.pt
Saved PyTorch checkpoint to results/checkpoints/causal_eps100/best.pt
Saved PyTorch checkpoint to results/checkpoints/causal_eps100/best.pt
Saved PyTorch checkpoint to results/checkpoints/causal_eps100/best.pt
Saved PyTorch checkpoint to results/checkpoints/causal_eps100/best.pt
Saved PyTorch checkpoint to results/checkpoints/causal_eps100/best.pt
Saved PyTorch checkpoint to results/checkpoints/causal_eps100/best.pt
Saved PyTorch checkpoint to results/checkpoints/causal_eps100/best.pt
Saved PyTorch checkpoint to results/checkpoints/causal_eps100/best.pt
Saved PyTorch checkpoint to results/checkpoints/causal_eps100/best.pt
Saved PyTorch checkpoint to results/checkpoints/causal_eps100/best.pt
Saved PyTorch checkpoint to results/checkpoints/causal_eps100/best.pt
Saved PyTorch checkpoint to results/checkpoints/causal_eps100/best.pt
Saved PyTorch checkpoint to results/checkpoints/causal_eps100/best.pt
Saved PyTorch checkpoint to results/checkpoints/causal_eps100/best.pt
Saved PyTorch checkpoint to results/checkpoints/causal_eps100/best.pt
Saved PyTorch checkpoint to results/checkpoints/causal_eps100/best.pt
Saved PyTorch checkpoint to results/checkpoints/causal_eps100/best.pt
Saved PyTorch checkpoint to results/checkpoints/causal_eps100/best.pt
Saved PyTorch checkpoint to results/checkpoints/causal_eps100/best.pt
Saved PyTorch checkpoint to results/checkpoints/causal_eps100/best.pt
Saved PyTorch checkpoint to results/checkpoints/causal_eps100/best.pt
Saved PyTorch checkpoint to results/checkpoints/causal_eps100/best.pt
Saved PyTorch checkpoint to results/checkpoints/causal_eps100/best.pt
Saved PyTorch checkpoint to results/checkpoints/causal_eps100/best.pt
Saved PyTorch checkpoint to results/checkpoints/causal_eps100/best.pt
Saved PyTorch checkpoint to results/checkpoints/causal_eps100/best.pt
Adam 600 | total=2.702e-01 f=1.075e-02 ic=8.092e-04 wall=2.516e-02 inlet=2.654e-02 outlet=1.373e-04 min_w=6.903e-03
Saved PyTorch checkpoint to results/checkpoints/causal_eps100/best.pt
Saved PyTorch checkpoint to results/checkpoints/causal_eps100/best.pt
Saved PyTorch checkpoint to results/checkpoints/causal_eps100/best.pt
Saved PyTorch checkpoint to results/checkpoints/causal_eps100/best.pt
Saved PyTorch checkpoint to results/checkpoints/causal_eps100/best.pt
Saved PyTorch checkpoint to results/checkpoints/causal_eps100/best.pt
Saved PyTorch checkpoint to results/checkpoints/causal_eps100/best.pt
Saved PyTorch checkpoint to results/checkpoints/causal_eps100/best.pt
Saved PyTorch checkpoint to results/checkpoints/causal_eps100/best.pt
Saved PyTorch checkpoint to results/checkpoints/causal_eps100/best.pt
Saved PyTorch checkpoint to results/checkpoints/causal_eps100/best.pt
Saved PyTorch checkpoint to results/checkpoints/causal_eps100/best.pt
Saved PyTorch checkpoint to results/checkpoints/causal_eps100/best.pt
Saved PyTorch checkpoint to results/checkpoints/causal_eps100/best.pt
Saved PyTorch checkpoint to results/checkpoints/causal_eps100/best.pt
Saved PyTorch checkpoint to results/checkpoints/causal_eps100/best.pt
Saved PyTorch checkpoint to results/checkpoints/causal_eps100/best.pt
Saved PyTorch checkpoint to results/checkpoints/causal_eps100/best.pt
Saved PyTorch checkpoint to results/checkpoints/causal_eps100/best.pt
Saved PyTorch checkpoint to results/checkpoints/causal_eps100/best.pt
Saved PyTorch checkpoint to results/checkpoints/causal_eps100/best.pt
Saved PyTorch checkpoint to results/checkpoints/causal_eps100/best.pt
Saved PyTorch checkpoint to results/checkpoints/causal_eps100/best.pt
Saved PyTorch checkpoint to results/checkpoints/causal_eps100/best.pt
Saved PyTorch checkpoint to results/checkpoints/causal_eps100/best.pt
Saved PyTorch checkpoint to results/checkpoints/causal_eps100/best.pt
Saved PyTorch checkpoint to results/checkpoints/causal_eps100/best.pt
Saved PyTorch checkpoint to results/checkpoints/causal_eps100/best.pt
Saved PyTorch checkpoint to results/checkpoints/causal_eps100/best.pt
Saved PyTorch checkpoint to results/checkpoints/causal_eps100/best.pt
Saved PyTorch checkpoint to results/checkpoints/causal_eps100/best.pt
Saved PyTorch checkpoint to results/checkpoints/causal_eps100/best.pt
Saved PyTorch checkpoint to results/checkpoints/causal_eps100/best.pt
Saved PyTorch checkpoint to results/checkpoints/causal_eps100/best.pt
Saved PyTorch checkpoint to results/checkpoints/causal_eps100/best.pt
Saved PyTorch checkpoint to results/checkpoints/causal_eps100/best.pt
Saved PyTorch checkpoint to results/checkpoints/causal_eps100/best.pt
Saved PyTorch checkpoint to results/checkpoints/causal_eps100/best.pt
Saved PyTorch checkpoint to results/checkpoints/causal_eps100/best.pt
Saved PyTorch checkpoint to results/checkpoints/causal_eps100/best.pt
Saved PyTorch checkpoint to results/checkpoints/causal_eps100/best.pt
Saved PyTorch checkpoint to results/checkpoints/causal_eps100/best.pt
Saved PyTorch checkpoint to results/checkpoints/causal_eps100/best.pt
Saved PyTorch checkpoint to results/checkpoints/causal_eps100/best.pt
Saved PyTorch checkpoint to results/checkpoints/causal_eps100/best.pt
Saved PyTorch checkpoint to results/checkpoints/causal_eps100/best.pt
Saved PyTorch checkpoint to results/checkpoints/causal_eps100/best.pt
Saved PyTorch checkpoint to results/checkpoints/causal_eps100/best.pt
Saved PyTorch checkpoint to results/checkpoints/causal_eps100/best.pt
Saved PyTorch checkpoint to results/checkpoints/causal_eps100/best.pt
Saved PyTorch checkpoint to results/checkpoints/causal_eps100/best.pt
Saved PyTorch checkpoint to results/checkpoints/causal_eps100/best.pt
Saved PyTorch checkpoint to results/checkpoints/causal_eps100/best.pt
Saved PyTorch checkpoint to results/checkpoints/causal_eps100/best.pt
Saved PyTorch checkpoint to results/checkpoints/causal_eps100/best.pt
Saved PyTorch checkpoint to results/checkpoints/causal_eps100/best.pt
Saved PyTorch checkpoint to results/checkpoints/causal_eps100/best.pt
Saved PyTorch checkpoint to results/checkpoints/causal_eps100/best.pt
Saved PyTorch checkpoint to results/checkpoints/causal_eps100/best.pt
Saved PyTorch checkpoint to results/checkpoints/causal_eps100/best.pt
Saved PyTorch checkpoint to results/checkpoints/causal_eps100/best.pt
Saved PyTorch checkpoint to results/checkpoints/causal_eps100/best.pt
Saved PyTorch checkpoint to results/checkpoints/causal_eps100/best.pt
Saved PyTorch checkpoint to results/checkpoints/causal_eps100/best.pt
Saved PyTorch checkpoint to results/checkpoints/causal_eps100/best.pt
Saved PyTorch checkpoint to results/checkpoints/causal_eps100/best.pt
Saved PyTorch checkpoint to results/checkpoints/causal_eps100/best.pt
Saved PyTorch checkpoint to results/checkpoints/causal_eps100/best.pt
Saved PyTorch checkpoint to results/checkpoints/causal_eps100/best.pt
Saved PyTorch checkpoint to results/checkpoints/causal_eps100/best.pt
Saved PyTorch checkpoint to results/checkpoints/causal_eps100/best.pt
Saved PyTorch checkpoint to results/checkpoints/causal_eps100/best.pt
Saved PyTorch checkpoint to results/checkpoints/causal_eps100/best.pt
Saved PyTorch checkpoint to results/checkpoints/causal_eps100/best.pt
Saved PyTorch checkpoint to results/checkpoints/causal_eps100/best.pt
Saved PyTorch checkpoint to results/checkpoints/causal_eps100/best.pt
Saved PyTorch checkpoint to results/checkpoints/causal_eps100/best.pt
Saved PyTorch checkpoint to results/checkpoints/causal_eps100/best.pt
Saved PyTorch checkpoint to results/checkpoints/causal_eps100/best.pt
Saved PyTorch checkpoint to results/checkpoints/causal_eps100/best.pt
Saved PyTorch checkpoint to results/checkpoints/causal_eps100/best.pt
Saved PyTorch checkpoint to results/checkpoints/causal_eps100/best.pt
Saved PyTorch checkpoint to results/checkpoints/causal_eps100/best.pt
Adam 700 | total=2.667e-01 f=1.061e-02 ic=1.008e-03 wall=2.035e-02 inlet=3.064e-02 outlet=1.265e-04 min_w=1.566e-02
Saved PyTorch checkpoint to results/checkpoints/causal_eps100/best.pt
Saved PyTorch checkpoint to results/checkpoints/causal_eps100/best.pt
Saved PyTorch checkpoint to results/checkpoints/causal_eps100/best.pt
Saved PyTorch checkpoint to results/checkpoints/causal_eps100/best.pt
Saved PyTorch checkpoint to results/checkpoints/causal_eps100/best.pt
Saved PyTorch checkpoint to results/checkpoints/causal_eps100/best.pt
Saved PyTorch checkpoint to results/checkpoints/causal_eps100/best.pt
Saved PyTorch checkpoint to results/checkpoints/causal_eps100/best.pt
Saved PyTorch checkpoint to results/checkpoints/causal_eps100/best.pt
Saved PyTorch checkpoint to results/checkpoints/causal_eps100/best.pt
Saved PyTorch checkpoint to results/checkpoints/causal_eps100/best.pt
Saved PyTorch checkpoint to results/checkpoints/causal_eps100/best.pt
Saved PyTorch checkpoint to results/checkpoints/causal_eps100/best.pt
Saved PyTorch checkpoint to results/checkpoints/causal_eps100/best.pt
Saved PyTorch checkpoint to results/checkpoints/causal_eps100/best.pt
Saved PyTorch checkpoint to results/checkpoints/causal_eps100/best.pt
Saved PyTorch checkpoint to results/checkpoints/causal_eps100/best.pt
Saved PyTorch checkpoint to results/checkpoints/causal_eps100/best.pt
Saved PyTorch checkpoint to results/checkpoints/causal_eps100/best.pt
Saved PyTorch checkpoint to results/checkpoints/causal_eps100/best.pt
Saved PyTorch checkpoint to results/checkpoints/causal_eps100/best.pt
Saved PyTorch checkpoint to results/checkpoints/causal_eps100/best.pt
Saved PyTorch checkpoint to results/checkpoints/causal_eps100/best.pt
Saved PyTorch checkpoint to results/checkpoints/causal_eps100/best.pt
Saved PyTorch checkpoint to results/checkpoints/causal_eps100/best.pt
Saved PyTorch checkpoint to results/checkpoints/causal_eps100/best.pt
Saved PyTorch checkpoint to results/checkpoints/causal_eps100/best.pt
Saved PyTorch checkpoint to results/checkpoints/causal_eps100/best.pt
Saved PyTorch checkpoint to results/checkpoints/causal_eps100/best.pt
Saved PyTorch checkpoint to results/checkpoints/causal_eps100/best.pt
Saved PyTorch checkpoint to results/checkpoints/causal_eps100/best.pt
Saved PyTorch checkpoint to results/checkpoints/causal_eps100/best.pt
Saved PyTorch checkpoint to results/checkpoints/causal_eps100/best.pt
Saved PyTorch checkpoint to results/checkpoints/causal_eps100/best.pt
Saved PyTorch checkpoint to results/checkpoints/causal_eps100/best.pt
Saved PyTorch checkpoint to results/checkpoints/causal_eps100/best.pt
Saved PyTorch checkpoint to results/checkpoints/causal_eps100/best.pt
Saved PyTorch checkpoint to results/checkpoints/causal_eps100/best.pt
Saved PyTorch checkpoint to results/checkpoints/causal_eps100/best.pt
Saved PyTorch checkpoint to results/checkpoints/causal_eps100/best.pt
Saved PyTorch checkpoint to results/checkpoints/causal_eps100/best.pt
Saved PyTorch checkpoint to results/checkpoints/causal_eps100/best.pt
Saved PyTorch checkpoint to results/checkpoints/causal_eps100/best.pt
Saved PyTorch checkpoint to results/checkpoints/causal_eps100/best.pt
Saved PyTorch checkpoint to results/checkpoints/causal_eps100/best.pt
Saved PyTorch checkpoint to results/checkpoints/causal_eps100/best.pt
Saved PyTorch checkpoint to results/checkpoints/causal_eps100/best.pt
Saved PyTorch checkpoint to results/checkpoints/causal_eps100/best.pt
Saved PyTorch checkpoint to results/checkpoints/causal_eps100/best.pt
Saved PyTorch checkpoint to results/checkpoints/causal_eps100/best.pt
Saved PyTorch checkpoint to results/checkpoints/causal_eps100/best.pt
Saved PyTorch checkpoint to results/checkpoints/causal_eps100/best.pt
Saved PyTorch checkpoint to results/checkpoints/causal_eps100/best.pt
Saved PyTorch checkpoint to results/checkpoints/causal_eps100/best.pt
Saved PyTorch checkpoint to results/checkpoints/causal_eps100/best.pt
Saved PyTorch checkpoint to results/checkpoints/causal_eps100/best.pt
Saved PyTorch checkpoint to results/checkpoints/causal_eps100/best.pt
Saved PyTorch checkpoint to results/checkpoints/causal_eps100/best.pt
Saved PyTorch checkpoint to results/checkpoints/causal_eps100/best.pt
Saved PyTorch checkpoint to results/checkpoints/causal_eps100/best.pt
Saved PyTorch checkpoint to results/checkpoints/causal_eps100/best.pt
Saved PyTorch checkpoint to results/checkpoints/causal_eps100/best.pt
Saved PyTorch checkpoint to results/checkpoints/causal_eps100/best.pt
Saved PyTorch checkpoint to results/checkpoints/causal_eps100/best.pt
Saved PyTorch checkpoint to results/checkpoints/causal_eps100/best.pt
Saved PyTorch checkpoint to results/checkpoints/causal_eps100/best.pt
Saved PyTorch checkpoint to results/checkpoints/causal_eps100/best.pt
Saved PyTorch checkpoint to results/checkpoints/causal_eps100/best.pt
Saved PyTorch checkpoint to results/checkpoints/causal_eps100/best.pt
Saved PyTorch checkpoint to results/checkpoints/causal_eps100/best.pt
Saved PyTorch checkpoint to results/checkpoints/causal_eps100/best.pt
Saved PyTorch checkpoint to results/checkpoints/causal_eps100/best.pt
Saved PyTorch checkpoint to results/checkpoints/causal_eps100/best.pt
Saved PyTorch checkpoint to results/checkpoints/causal_eps100/best.pt
Saved PyTorch checkpoint to results/checkpoints/causal_eps100/best.pt
Saved PyTorch checkpoint to results/checkpoints/causal_eps100/best.pt
Saved PyTorch checkpoint to results/checkpoints/causal_eps100/best.pt
Adam 800 | total=2.419e-01 f=1.063e-02 ic=9.662e-04 wall=2.266e-02 inlet=2.337e-02 outlet=1.674e-04 min_w=5.015e-03
Saved PyTorch checkpoint to results/checkpoints/causal_eps100/best.pt
Saved PyTorch checkpoint to results/checkpoints/causal_eps100/best.pt
Saved PyTorch checkpoint to results/checkpoints/causal_eps100/best.pt
Saved PyTorch checkpoint to results/checkpoints/causal_eps100/best.pt
Saved PyTorch checkpoint to results/checkpoints/causal_eps100/best.pt
Saved PyTorch checkpoint to results/checkpoints/causal_eps100/best.pt
Saved PyTorch checkpoint to results/checkpoints/causal_eps100/best.pt
Saved PyTorch checkpoint to results/checkpoints/causal_eps100/best.pt
Saved PyTorch checkpoint to results/checkpoints/causal_eps100/best.pt
Saved PyTorch checkpoint to results/checkpoints/causal_eps100/best.pt
Saved PyTorch checkpoint to results/checkpoints/causal_eps100/best.pt
Saved PyTorch checkpoint to results/checkpoints/causal_eps100/best.pt
Saved PyTorch checkpoint to results/checkpoints/causal_eps100/best.pt
Saved PyTorch checkpoint to results/checkpoints/causal_eps100/best.pt
Saved PyTorch checkpoint to results/checkpoints/causal_eps100/best.pt
Saved PyTorch checkpoint to results/checkpoints/causal_eps100/best.pt
Saved PyTorch checkpoint to results/checkpoints/causal_eps100/best.pt
Saved PyTorch checkpoint to results/checkpoints/causal_eps100/best.pt
Saved PyTorch checkpoint to results/checkpoints/causal_eps100/best.pt
Saved PyTorch checkpoint to results/checkpoints/causal_eps100/best.pt
Saved PyTorch checkpoint to results/checkpoints/causal_eps100/best.pt
Saved PyTorch checkpoint to results/checkpoints/causal_eps100/best.pt
Saved PyTorch checkpoint to results/checkpoints/causal_eps100/best.pt
Saved PyTorch checkpoint to results/checkpoints/causal_eps100/best.pt
Saved PyTorch checkpoint to results/checkpoints/causal_eps100/best.pt
Saved PyTorch checkpoint to results/checkpoints/causal_eps100/best.pt
Saved PyTorch checkpoint to results/checkpoints/causal_eps100/best.pt
Saved PyTorch checkpoint to results/checkpoints/causal_eps100/best.pt
Saved PyTorch checkpoint to results/checkpoints/causal_eps100/best.pt
Saved PyTorch checkpoint to results/checkpoints/causal_eps100/best.pt
Saved PyTorch checkpoint to results/checkpoints/causal_eps100/best.pt
Saved PyTorch checkpoint to results/checkpoints/causal_eps100/best.pt
Saved PyTorch checkpoint to results/checkpoints/causal_eps100/best.pt
Saved PyTorch checkpoint to results/checkpoints/causal_eps100/best.pt
Saved PyTorch checkpoint to results/checkpoints/causal_eps100/best.pt
Saved PyTorch checkpoint to results/checkpoints/causal_eps100/best.pt
Saved PyTorch checkpoint to results/checkpoints/causal_eps100/best.pt
Saved PyTorch checkpoint to results/checkpoints/causal_eps100/best.pt
Saved PyTorch checkpoint to results/checkpoints/causal_eps100/best.pt
Saved PyTorch checkpoint to results/checkpoints/causal_eps100/best.pt
Saved PyTorch checkpoint to results/checkpoints/causal_eps100/best.pt
Saved PyTorch checkpoint to results/checkpoints/causal_eps100/best.pt
Saved PyTorch checkpoint to results/checkpoints/causal_eps100/best.pt
Saved PyTorch checkpoint to results/checkpoints/causal_eps100/best.pt
Saved PyTorch checkpoint to results/checkpoints/causal_eps100/best.pt
Saved PyTorch checkpoint to results/checkpoints/causal_eps100/best.pt
Saved PyTorch checkpoint to results/checkpoints/causal_eps100/best.pt
Saved PyTorch checkpoint to results/checkpoints/causal_eps100/best.pt
Saved PyTorch checkpoint to results/checkpoints/causal_eps100/best.pt
Saved PyTorch checkpoint to results/checkpoints/causal_eps100/best.pt
Saved PyTorch checkpoint to results/checkpoints/causal_eps100/best.pt
Saved PyTorch checkpoint to results/checkpoints/causal_eps100/best.pt
Saved PyTorch checkpoint to results/checkpoints/causal_eps100/best.pt
Saved PyTorch checkpoint to results/checkpoints/causal_eps100/best.pt
Saved PyTorch checkpoint to results/checkpoints/causal_eps100/best.pt
Saved PyTorch checkpoint to results/checkpoints/causal_eps100/best.pt
Saved PyTorch checkpoint to results/checkpoints/causal_eps100/best.pt
Saved PyTorch checkpoint to results/checkpoints/causal_eps100/best.pt
Saved PyTorch checkpoint to results/checkpoints/causal_eps100/best.pt
Saved PyTorch checkpoint to results/checkpoints/causal_eps100/best.pt
Saved PyTorch checkpoint to results/checkpoints/causal_eps100/best.pt
Saved PyTorch checkpoint to results/checkpoints/causal_eps100/best.pt
Saved PyTorch checkpoint to results/checkpoints/causal_eps100/best.pt
Adam 900 | total=2.009e-01 f=1.071e-02 ic=1.863e-03 wall=1.939e-02 inlet=1.821e-02 outlet=2.428e-04 min_w=6.388e-05
Saved PyTorch checkpoint to results/checkpoints/causal_eps100/best.pt
Saved PyTorch checkpoint to results/checkpoints/causal_eps100/best.pt
Saved PyTorch checkpoint to results/checkpoints/causal_eps100/best.pt
Saved PyTorch checkpoint to results/checkpoints/causal_eps100/best.pt
Saved PyTorch checkpoint to results/checkpoints/causal_eps100/best.pt
Saved PyTorch checkpoint to results/checkpoints/causal_eps100/best.pt
Saved PyTorch checkpoint to results/checkpoints/causal_eps100/best.pt
Saved PyTorch checkpoint to results/checkpoints/causal_eps100/best.pt
Saved PyTorch checkpoint to results/checkpoints/causal_eps100/best.pt
Saved PyTorch checkpoint to results/checkpoints/causal_eps100/best.pt
Saved PyTorch checkpoint to results/checkpoints/causal_eps100/best.pt
Saved PyTorch checkpoint to results/checkpoints/causal_eps100/best.pt
Saved PyTorch checkpoint to results/checkpoints/causal_eps100/best.pt
Saved PyTorch checkpoint to results/checkpoints/causal_eps100/best.pt
Saved PyTorch checkpoint to results/checkpoints/causal_eps100/best.pt
Saved PyTorch checkpoint to results/checkpoints/causal_eps100/best.pt
Saved PyTorch checkpoint to results/checkpoints/causal_eps100/best.pt
Saved PyTorch checkpoint to results/checkpoints/causal_eps100/best.pt
Saved PyTorch checkpoint to results/checkpoints/causal_eps100/best.pt
Saved PyTorch checkpoint to results/checkpoints/causal_eps100/best.pt
Saved PyTorch checkpoint to results/checkpoints/causal_eps100/best.pt
Saved PyTorch checkpoint to results/checkpoints/causal_eps100/best.pt
Saved PyTorch checkpoint to results/checkpoints/causal_eps100/best.pt
Saved PyTorch checkpoint to results/checkpoints/causal_eps100/best.pt
Saved PyTorch checkpoint to results/checkpoints/causal_eps100/best.pt
Saved PyTorch checkpoint to results/checkpoints/causal_eps100/best.pt
Saved PyTorch checkpoint to results/checkpoints/causal_eps100/best.pt
Saved PyTorch checkpoint to results/checkpoints/causal_eps100/best.pt
Saved PyTorch checkpoint to results/checkpoints/causal_eps100/best.pt
Saved PyTorch checkpoint to results/checkpoints/causal_eps100/best.pt
Saved PyTorch checkpoint to results/checkpoints/causal_eps100/best.pt
Saved PyTorch checkpoint to results/checkpoints/causal_eps100/best.pt
Saved PyTorch checkpoint to results/checkpoints/causal_eps100/best.pt
Saved PyTorch checkpoint to results/checkpoints/causal_eps100/best.pt
Saved PyTorch checkpoint to results/checkpoints/causal_eps100/best.pt
Saved PyTorch checkpoint to results/checkpoints/causal_eps100/best.pt
Saved PyTorch checkpoint to results/checkpoints/causal_eps100/best.pt
Saved PyTorch checkpoint to results/checkpoints/causal_eps100/best.pt
Saved PyTorch checkpoint to results/checkpoints/causal_eps100/best.pt
Saved PyTorch checkpoint to results/checkpoints/causal_eps100/best.pt
Saved PyTorch checkpoint to results/checkpoints/causal_eps100/best.pt
Saved PyTorch checkpoint to results/checkpoints/causal_eps100/best.pt
Saved PyTorch checkpoint to results/checkpoints/causal_eps100/best.pt
Saved PyTorch checkpoint to results/checkpoints/causal_eps100/best.pt
Saved PyTorch checkpoint to results/checkpoints/causal_eps100/best.pt
Saved PyTorch checkpoint to results/checkpoints/causal_eps100/best.pt
Saved PyTorch checkpoint to results/checkpoints/causal_eps100/best.pt
Saved PyTorch checkpoint to results/checkpoints/causal_eps100/best.pt
Saved PyTorch checkpoint to results/checkpoints/causal_eps100/best.pt
Saved PyTorch checkpoint to results/checkpoints/causal_eps100/best.pt
Saved PyTorch checkpoint to results/checkpoints/causal_eps100/best.pt
Saved PyTorch checkpoint to results/checkpoints/causal_eps100/best.pt
Saved PyTorch checkpoint to results/checkpoints/causal_eps100/best.pt
Adam 1000 | total=1.532e-01 f=1.094e-02 ic=2.533e-03 wall=1.616e-02 inlet=1.174e-02 outlet=2.512e-04 min_w=2.031e-10
Saved PyTorch checkpoint to results/checkpoints/causal_eps100/best.pt
Saved PyTorch checkpoint to results/checkpoints/causal_eps100/best.pt
Saved PyTorch checkpoint to results/checkpoints/causal_eps100/best.pt
Saved PyTorch checkpoint to results/checkpoints/causal_eps100/best.pt
Saved PyTorch checkpoint to results/checkpoints/causal_eps100/best.pt
Saved PyTorch checkpoint to results/checkpoints/causal_eps100/best.pt
Saved PyTorch checkpoint to results/checkpoints/causal_eps100/best.pt
Saved PyTorch checkpoint to results/checkpoints/causal_eps100/best.pt
Saved PyTorch checkpoint to results/checkpoints/causal_eps100/best.pt
Saved PyTorch checkpoint to results/checkpoints/causal_eps100/best.pt
Saved PyTorch checkpoint to results/checkpoints/causal_eps100/best.pt
Saved PyTorch checkpoint to results/checkpoints/causal_eps100/best.pt
Saved PyTorch checkpoint to results/checkpoints/causal_eps100/best.pt
Saved PyTorch checkpoint to results/checkpoints/causal_eps100/best.pt
Saved PyTorch checkpoint to results/checkpoints/causal_eps100/best.pt
Saved PyTorch checkpoint to results/checkpoints/causal_eps100/best.pt
Saved PyTorch checkpoint to results/checkpoints/causal_eps100/best.pt
Saved PyTorch checkpoint to results/checkpoints/causal_eps100/best.pt
Saved PyTorch checkpoint to results/checkpoints/causal_eps100/best.pt
Saved PyTorch checkpoint to results/checkpoints/causal_eps100/best.pt
Saved PyTorch checkpoint to results/checkpoints/causal_eps100/best.pt
Saved PyTorch checkpoint to results/checkpoints/causal_eps100/best.pt
Saved PyTorch checkpoint to results/checkpoints/causal_eps100/best.pt
Saved PyTorch checkpoint to results/checkpoints/causal_eps100/best.pt
Saved PyTorch checkpoint to results/checkpoints/causal_eps100/best.pt
Saved PyTorch checkpoint to results/checkpoints/causal_eps100/best.pt
Saved PyTorch checkpoint to results/checkpoints/causal_eps100/best.pt
Saved PyTorch checkpoint to results/checkpoints/causal_eps100/best.pt
Saved PyTorch checkpoint to results/checkpoints/causal_eps100/best.pt
Saved PyTorch checkpoint to results/checkpoints/causal_eps100/best.pt
Saved PyTorch checkpoint to results/checkpoints/causal_eps100/best.pt
Saved PyTorch checkpoint to results/checkpoints/causal_eps100/best.pt
Saved PyTorch checkpoint to results/checkpoints/causal_eps100/best.pt
Saved PyTorch checkpoint to results/checkpoints/causal_eps100/best.pt
Saved PyTorch checkpoint to results/checkpoints/causal_eps100/best.pt
Saved PyTorch checkpoint to results/checkpoints/causal_eps100/best.pt
Saved PyTorch checkpoint to results/checkpoints/causal_eps100/best.pt
Saved PyTorch checkpoint to results/checkpoints/causal_eps100/best.pt
Saved PyTorch checkpoint to results/checkpoints/causal_eps100/best.pt
Saved PyTorch checkpoint to results/checkpoints/causal_eps100/best.pt
Saved PyTorch checkpoint to results/checkpoints/causal_eps100/best.pt
Saved PyTorch checkpoint to results/checkpoints/causal_eps100/best.pt
Saved PyTorch checkpoint to results/checkpoints/causal_eps100/best.pt
Saved PyTorch checkpoint to results/checkpoints/causal_eps100/best.pt
Saved PyTorch checkpoint to results/checkpoints/causal_eps100/best.pt
Saved PyTorch checkpoint to results/checkpoints/causal_eps100/best.pt
Saved PyTorch checkpoint to results/checkpoints/causal_eps100/best.pt
Saved PyTorch checkpoint to results/checkpoints/causal_eps100/best.pt
Saved PyTorch checkpoint to results/checkpoints/causal_eps100/best.pt
Saved PyTorch checkpoint to results/checkpoints/causal_eps100/best.pt
Saved PyTorch checkpoint to results/checkpoints/causal_eps100/best.pt
Saved PyTorch checkpoint to results/checkpoints/causal_eps100/best.pt
Saved PyTorch checkpoint to results/checkpoints/causal_eps100/best.pt
Saved PyTorch checkpoint to results/checkpoints/causal_eps100/best.pt
Saved PyTorch checkpoint to results/checkpoints/causal_eps100/best.pt
Saved PyTorch checkpoint to results/checkpoints/causal_eps100/best.pt
Saved PyTorch checkpoint to results/checkpoints/causal_eps100/best.pt
Saved PyTorch checkpoint to results/checkpoints/causal_eps100/best.pt
Saved PyTorch checkpoint to results/checkpoints/causal_eps100/best.pt
Saved PyTorch checkpoint to results/checkpoints/causal_eps100/best.pt
Saved PyTorch checkpoint to results/checkpoints/causal_eps100/best.pt
Saved PyTorch checkpoint to results/checkpoints/causal_eps100/best.pt
Saved PyTorch checkpoint to results/checkpoints/causal_eps100/best.pt
Saved PyTorch checkpoint to results/checkpoints/causal_eps100/best.pt
Saved PyTorch checkpoint to results/checkpoints/causal_eps100/best.pt
Saved PyTorch checkpoint to results/checkpoints/causal_eps100/best.pt
Saved PyTorch checkpoint to results/checkpoints/causal_eps100/best.pt
Saved PyTorch checkpoint to results/checkpoints/causal_eps100/best.pt
Saved PyTorch checkpoint to results/checkpoints/causal_eps100/best.pt
Saved PyTorch checkpoint to results/checkpoints/causal_eps100/best.pt
Saved PyTorch checkpoint to results/checkpoints/causal_eps100/best.pt
Saved PyTorch checkpoint to results/checkpoints/causal_eps100/best.pt
Saved PyTorch checkpoint to results/checkpoints/causal_eps100/best.pt
Saved PyTorch checkpoint to results/checkpoints/causal_eps100/best.pt
Saved PyTorch checkpoint to results/checkpoints/causal_eps100/best.pt
Saved PyTorch checkpoint to results/checkpoints/causal_eps100/best.pt
Saved PyTorch checkpoint to results/checkpoints/causal_eps100/best.pt
Saved PyTorch checkpoint to results/checkpoints/causal_eps100/best.pt
Saved PyTorch checkpoint to results/checkpoints/causal_eps100/best.pt
Saved PyTorch checkpoint to results/checkpoints/causal_eps100/best.pt
Saved PyTorch checkpoint to results/checkpoints/causal_eps100/best.pt
Saved PyTorch checkpoint to results/checkpoints/causal_eps100/best.pt
Saved PyTorch checkpoint to results/checkpoints/causal_eps100/best.pt
Saved PyTorch checkpoint to results/checkpoints/causal_eps100/best.pt
Saved PyTorch checkpoint to results/checkpoints/causal_eps100/best.pt
Saved PyTorch checkpoint to results/checkpoints/causal_eps100/best.pt
Saved PyTorch checkpoint to results/checkpoints/causal_eps100/best.pt
Saved PyTorch checkpoint to results/checkpoints/causal_eps100/best.pt
Saved PyTorch checkpoint to results/checkpoints/causal_eps100/best.pt
Saved PyTorch checkpoint to results/checkpoints/causal_eps100/best.pt
Saved PyTorch checkpoint to results/checkpoints/causal_eps100/best.pt
Saved PyTorch checkpoint to results/checkpoints/causal_eps100/best.pt
Saved PyTorch checkpoint to results/checkpoints/causal_eps100/best.pt
Saved PyTorch checkpoint to results/checkpoints/causal_eps100/best.pt
Saved PyTorch checkpoint to results/checkpoints/causal_eps100/best.pt
Saved PyTorch checkpoint to results/checkpoints/causal_eps100/best.pt
Saved PyTorch checkpoint to results/checkpoints/causal_eps100/best.pt
Saved PyTorch checkpoint to results/checkpoints/causal_eps100/best.pt
Saved PyTorch checkpoint to results/checkpoints/causal_eps100/best.pt
Saved PyTorch checkpoint to results/checkpoints/causal_eps100/best.pt
Adam 1100 | total=1.005e-01 f=1.112e-02 ic=2.677e-03 wall=1.175e-02 inlet=5.553e-03 outlet=1.650e-04 min_w=9.890e-24
Saved PyTorch checkpoint to results/checkpoints/causal_eps100/best.pt
Saved PyTorch checkpoint to results/checkpoints/causal_eps100/best.pt
Saved PyTorch checkpoint to results/checkpoints/causal_eps100/best.pt
Saved PyTorch checkpoint to results/checkpoints/causal_eps100/best.pt
Saved PyTorch checkpoint to results/checkpoints/causal_eps100/best.pt
Saved PyTorch checkpoint to results/checkpoints/causal_eps100/best.pt
Saved PyTorch checkpoint to results/checkpoints/causal_eps100/best.pt
Saved PyTorch checkpoint to results/checkpoints/causal_eps100/best.pt
Saved PyTorch checkpoint to results/checkpoints/causal_eps100/best.pt
Saved PyTorch checkpoint to results/checkpoints/causal_eps100/best.pt
Saved PyTorch checkpoint to results/checkpoints/causal_eps100/best.pt
Saved PyTorch checkpoint to results/checkpoints/causal_eps100/best.pt
Saved PyTorch checkpoint to results/checkpoints/causal_eps100/best.pt
Saved PyTorch checkpoint to results/checkpoints/causal_eps100/best.pt
Saved PyTorch checkpoint to results/checkpoints/causal_eps100/best.pt
Saved PyTorch checkpoint to results/checkpoints/causal_eps100/best.pt
Saved PyTorch checkpoint to results/checkpoints/causal_eps100/best.pt
Saved PyTorch checkpoint to results/checkpoints/causal_eps100/best.pt
Saved PyTorch checkpoint to results/checkpoints/causal_eps100/best.pt
Saved PyTorch checkpoint to results/checkpoints/causal_eps100/best.pt
Saved PyTorch checkpoint to results/checkpoints/causal_eps100/best.pt
Saved PyTorch checkpoint to results/checkpoints/causal_eps100/best.pt
Saved PyTorch checkpoint to results/checkpoints/causal_eps100/best.pt
Saved PyTorch checkpoint to results/checkpoints/causal_eps100/best.pt
Saved PyTorch checkpoint to results/checkpoints/causal_eps100/best.pt
Saved PyTorch checkpoint to results/checkpoints/causal_eps100/best.pt
Saved PyTorch checkpoint to results/checkpoints/causal_eps100/best.pt
Saved PyTorch checkpoint to results/checkpoints/causal_eps100/best.pt
Saved PyTorch checkpoint to results/checkpoints/causal_eps100/best.pt
Saved PyTorch checkpoint to results/checkpoints/causal_eps100/best.pt
Saved PyTorch checkpoint to results/checkpoints/causal_eps100/best.pt
Saved PyTorch checkpoint to results/checkpoints/causal_eps100/best.pt
Saved PyTorch checkpoint to results/checkpoints/causal_eps100/best.pt
Saved PyTorch checkpoint to results/checkpoints/causal_eps100/best.pt
Saved PyTorch checkpoint to results/checkpoints/causal_eps100/best.pt
Saved PyTorch checkpoint to results/checkpoints/causal_eps100/best.pt
Saved PyTorch checkpoint to results/checkpoints/causal_eps100/best.pt
Saved PyTorch checkpoint to results/checkpoints/causal_eps100/best.pt
Saved PyTorch checkpoint to results/checkpoints/causal_eps100/best.pt
Saved PyTorch checkpoint to results/checkpoints/causal_eps100/best.pt
Saved PyTorch checkpoint to results/checkpoints/causal_eps100/best.pt
Saved PyTorch checkpoint to results/checkpoints/causal_eps100/best.pt
Saved PyTorch checkpoint to results/checkpoints/causal_eps100/best.pt
Saved PyTorch checkpoint to results/checkpoints/causal_eps100/best.pt
Saved PyTorch checkpoint to results/checkpoints/causal_eps100/best.pt
Saved PyTorch checkpoint to results/checkpoints/causal_eps100/best.pt
Saved PyTorch checkpoint to results/checkpoints/causal_eps100/best.pt
Saved PyTorch checkpoint to results/checkpoints/causal_eps100/best.pt
Saved PyTorch checkpoint to results/checkpoints/causal_eps100/best.pt
Saved PyTorch checkpoint to results/checkpoints/causal_eps100/best.pt
Saved PyTorch checkpoint to results/checkpoints/causal_eps100/best.pt
Saved PyTorch checkpoint to results/checkpoints/causal_eps100/best.pt
Saved PyTorch checkpoint to results/checkpoints/causal_eps100/best.pt
Saved PyTorch checkpoint to results/checkpoints/causal_eps100/best.pt
Saved PyTorch checkpoint to results/checkpoints/causal_eps100/best.pt
Saved PyTorch checkpoint to results/checkpoints/causal_eps100/best.pt
Saved PyTorch checkpoint to results/checkpoints/causal_eps100/best.pt
Saved PyTorch checkpoint to results/checkpoints/causal_eps100/best.pt
Saved PyTorch checkpoint to results/checkpoints/causal_eps100/best.pt
Saved PyTorch checkpoint to results/checkpoints/causal_eps100/best.pt
Saved PyTorch checkpoint to results/checkpoints/causal_eps100/best.pt
Saved PyTorch checkpoint to results/checkpoints/causal_eps100/best.pt
Saved PyTorch checkpoint to results/checkpoints/causal_eps100/best.pt
Saved PyTorch checkpoint to results/checkpoints/causal_eps100/best.pt
Adam 1200 | total=7.147e-02 f=1.120e-02 ic=2.023e-03 wall=9.159e-03 inlet=2.468e-03 outlet=1.182e-04 min_w=3.166e-38
Saved PyTorch checkpoint to results/checkpoints/causal_eps100/best.pt
Saved PyTorch checkpoint to results/checkpoints/causal_eps100/best.pt
Saved PyTorch checkpoint to results/checkpoints/causal_eps100/best.pt
Saved PyTorch checkpoint to results/checkpoints/causal_eps100/best.pt
Saved PyTorch checkpoint to results/checkpoints/causal_eps100/best.pt
Saved PyTorch checkpoint to results/checkpoints/causal_eps100/best.pt
Saved PyTorch checkpoint to results/checkpoints/causal_eps100/best.pt
Saved PyTorch checkpoint to results/checkpoints/causal_eps100/best.pt
Saved PyTorch checkpoint to results/checkpoints/causal_eps100/best.pt
Saved PyTorch checkpoint to results/checkpoints/causal_eps100/best.pt
Saved PyTorch checkpoint to results/checkpoints/causal_eps100/best.pt
Saved PyTorch checkpoint to results/checkpoints/causal_eps100/best.pt
Saved PyTorch checkpoint to results/checkpoints/causal_eps100/best.pt
Saved PyTorch checkpoint to results/checkpoints/causal_eps100/best.pt
Saved PyTorch checkpoint to results/checkpoints/causal_eps100/best.pt
Saved PyTorch checkpoint to results/checkpoints/causal_eps100/best.pt
Saved PyTorch checkpoint to results/checkpoints/causal_eps100/best.pt
Saved PyTorch checkpoint to results/checkpoints/causal_eps100/best.pt
Saved PyTorch checkpoint to results/checkpoints/causal_eps100/best.pt
Saved PyTorch checkpoint to results/checkpoints/causal_eps100/best.pt
Saved PyTorch checkpoint to results/checkpoints/causal_eps100/best.pt
Saved PyTorch checkpoint to results/checkpoints/causal_eps100/best.pt
Saved PyTorch checkpoint to results/checkpoints/causal_eps100/best.pt
Saved PyTorch checkpoint to results/checkpoints/causal_eps100/best.pt
Saved PyTorch checkpoint to results/checkpoints/causal_eps100/best.pt
Saved PyTorch checkpoint to results/checkpoints/causal_eps100/best.pt
Saved PyTorch checkpoint to results/checkpoints/causal_eps100/best.pt
Saved PyTorch checkpoint to results/checkpoints/causal_eps100/best.pt
Saved PyTorch checkpoint to results/checkpoints/causal_eps100/best.pt
Saved PyTorch checkpoint to results/checkpoints/causal_eps100/best.pt
Saved PyTorch checkpoint to results/checkpoints/causal_eps100/best.pt
Saved PyTorch checkpoint to results/checkpoints/causal_eps100/best.pt
Saved PyTorch checkpoint to results/checkpoints/causal_eps100/best.pt
Saved PyTorch checkpoint to results/checkpoints/causal_eps100/best.pt
Saved PyTorch checkpoint to results/checkpoints/causal_eps100/best.pt
Saved PyTorch checkpoint to results/checkpoints/causal_eps100/best.pt
Saved PyTorch checkpoint to results/checkpoints/causal_eps100/best.pt
Saved PyTorch checkpoint to results/checkpoints/causal_eps100/best.pt
Saved PyTorch checkpoint to results/checkpoints/causal_eps100/best.pt
Saved PyTorch checkpoint to results/checkpoints/causal_eps100/best.pt
Saved PyTorch checkpoint to results/checkpoints/causal_eps100/best.pt
Saved PyTorch checkpoint to results/checkpoints/causal_eps100/best.pt
Saved PyTorch checkpoint to results/checkpoints/causal_eps100/best.pt
Saved PyTorch checkpoint to results/checkpoints/causal_eps100/best.pt
Saved PyTorch checkpoint to results/checkpoints/causal_eps100/best.pt
Saved PyTorch checkpoint to results/checkpoints/causal_eps100/best.pt
Saved PyTorch checkpoint to results/checkpoints/causal_eps100/best.pt
Saved PyTorch checkpoint to results/checkpoints/causal_eps100/best.pt
Saved PyTorch checkpoint to results/checkpoints/causal_eps100/best.pt
Saved PyTorch checkpoint to results/checkpoints/causal_eps100/best.pt
Saved PyTorch checkpoint to results/checkpoints/causal_eps100/best.pt
Saved PyTorch checkpoint to results/checkpoints/causal_eps100/best.pt
Saved PyTorch checkpoint to results/checkpoints/causal_eps100/best.pt
Saved PyTorch checkpoint to results/checkpoints/causal_eps100/best.pt
Saved PyTorch checkpoint to results/checkpoints/causal_eps100/best.pt
Saved PyTorch checkpoint to results/checkpoints/causal_eps100/best.pt
Saved PyTorch checkpoint to results/checkpoints/causal_eps100/best.pt
Saved PyTorch checkpoint to results/checkpoints/causal_eps100/best.pt
Saved PyTorch checkpoint to results/checkpoints/causal_eps100/best.pt
Saved PyTorch checkpoint to results/checkpoints/causal_eps100/best.pt
Saved PyTorch checkpoint to results/checkpoints/causal_eps100/best.pt
Saved PyTorch checkpoint to results/checkpoints/causal_eps100/best.pt
Saved PyTorch checkpoint to results/checkpoints/causal_eps100/best.pt
Saved PyTorch checkpoint to results/checkpoints/causal_eps100/best.pt
Saved PyTorch checkpoint to results/checkpoints/causal_eps100/best.pt
Saved PyTorch checkpoint to results/checkpoints/causal_eps100/best.pt
Saved PyTorch checkpoint to results/checkpoints/causal_eps100/best.pt
Saved PyTorch checkpoint to results/checkpoints/causal_eps100/best.pt
Saved PyTorch checkpoint to results/checkpoints/causal_eps100/best.pt
Saved PyTorch checkpoint to results/checkpoints/causal_eps100/best.pt
Saved PyTorch checkpoint to results/checkpoints/causal_eps100/best.pt
Saved PyTorch checkpoint to results/checkpoints/causal_eps100/best.pt
Saved PyTorch checkpoint to results/checkpoints/causal_eps100/best.pt
Saved PyTorch checkpoint to results/checkpoints/causal_eps100/best.pt
Saved PyTorch checkpoint to results/checkpoints/causal_eps100/best.pt
Saved PyTorch checkpoint to results/checkpoints/causal_eps100/best.pt
Saved PyTorch checkpoint to results/checkpoints/causal_eps100/best.pt
Saved PyTorch checkpoint to results/checkpoints/causal_eps100/best.pt
Saved PyTorch checkpoint to results/checkpoints/causal_eps100/best.pt
Saved PyTorch checkpoint to results/checkpoints/causal_eps100/best.pt
Saved PyTorch checkpoint to results/checkpoints/causal_eps100/best.pt
Saved PyTorch checkpoint to results/checkpoints/causal_eps100/best.pt
Saved PyTorch checkpoint to results/checkpoints/causal_eps100/best.pt
Saved PyTorch checkpoint to results/checkpoints/causal_eps100/best.pt
Saved PyTorch checkpoint to results/checkpoints/causal_eps100/best.pt
Saved PyTorch checkpoint to results/checkpoints/causal_eps100/best.pt
Saved PyTorch checkpoint to results/checkpoints/causal_eps100/best.pt
Saved PyTorch checkpoint to results/checkpoints/causal_eps100/best.pt
Adam 1300 | total=6.281e-02 f=1.124e-02 ic=1.484e-03 wall=8.082e-03 inlet=1.916e-03 outlet=9.082e-05 min_w=2.706e-40
Saved PyTorch checkpoint to results/checkpoints/causal_eps100/best.pt
Saved PyTorch checkpoint to results/checkpoints/causal_eps100/best.pt
Saved PyTorch checkpoint to results/checkpoints/causal_eps100/best.pt
Saved PyTorch checkpoint to results/checkpoints/causal_eps100/best.pt
Saved PyTorch checkpoint to results/checkpoints/causal_eps100/best.pt
Saved PyTorch checkpoint to results/checkpoints/causal_eps100/best.pt
Saved PyTorch checkpoint to results/checkpoints/causal_eps100/best.pt
Saved PyTorch checkpoint to results/checkpoints/causal_eps100/best.pt
Saved PyTorch checkpoint to results/checkpoints/causal_eps100/best.pt
Saved PyTorch checkpoint to results/checkpoints/causal_eps100/best.pt
Saved PyTorch checkpoint to results/checkpoints/causal_eps100/best.pt
Saved PyTorch checkpoint to results/checkpoints/causal_eps100/best.pt
Saved PyTorch checkpoint to results/checkpoints/causal_eps100/best.pt
Saved PyTorch checkpoint to results/checkpoints/causal_eps100/best.pt
Saved PyTorch checkpoint to results/checkpoints/causal_eps100/best.pt
Saved PyTorch checkpoint to results/checkpoints/causal_eps100/best.pt
Saved PyTorch checkpoint to results/checkpoints/causal_eps100/best.pt
Saved PyTorch checkpoint to results/checkpoints/causal_eps100/best.pt
Saved PyTorch checkpoint to results/checkpoints/causal_eps100/best.pt
Saved PyTorch checkpoint to results/checkpoints/causal_eps100/best.pt
Saved PyTorch checkpoint to results/checkpoints/causal_eps100/best.pt
Saved PyTorch checkpoint to results/checkpoints/causal_eps100/best.pt
Saved PyTorch checkpoint to results/checkpoints/causal_eps100/best.pt
Saved PyTorch checkpoint to results/checkpoints/causal_eps100/best.pt
Saved PyTorch checkpoint to results/checkpoints/causal_eps100/best.pt
Saved PyTorch checkpoint to results/checkpoints/causal_eps100/best.pt
Saved PyTorch checkpoint to results/checkpoints/causal_eps100/best.pt
Saved PyTorch checkpoint to results/checkpoints/causal_eps100/best.pt
Saved PyTorch checkpoint to results/checkpoints/causal_eps100/best.pt
Saved PyTorch checkpoint to results/checkpoints/causal_eps100/best.pt
Saved PyTorch checkpoint to results/checkpoints/causal_eps100/best.pt
Saved PyTorch checkpoint to results/checkpoints/causal_eps100/best.pt
Saved PyTorch checkpoint to results/checkpoints/causal_eps100/best.pt
Saved PyTorch checkpoint to results/checkpoints/causal_eps100/best.pt
Saved PyTorch checkpoint to results/checkpoints/causal_eps100/best.pt
Saved PyTorch checkpoint to results/checkpoints/causal_eps100/best.pt
Saved PyTorch checkpoint to results/checkpoints/causal_eps100/best.pt
Saved PyTorch checkpoint to results/checkpoints/causal_eps100/best.pt
Saved PyTorch checkpoint to results/checkpoints/causal_eps100/best.pt
Saved PyTorch checkpoint to results/checkpoints/causal_eps100/best.pt
Saved PyTorch checkpoint to results/checkpoints/causal_eps100/best.pt
Saved PyTorch checkpoint to results/checkpoints/causal_eps100/best.pt
Saved PyTorch checkpoint to results/checkpoints/causal_eps100/best.pt
Saved PyTorch checkpoint to results/checkpoints/causal_eps100/best.pt
Saved PyTorch checkpoint to results/checkpoints/causal_eps100/best.pt
Saved PyTorch checkpoint to results/checkpoints/causal_eps100/best.pt
Saved PyTorch checkpoint to results/checkpoints/causal_eps100/best.pt
Saved PyTorch checkpoint to results/checkpoints/causal_eps100/best.pt
Saved PyTorch checkpoint to results/checkpoints/causal_eps100/best.pt
Saved PyTorch checkpoint to results/checkpoints/causal_eps100/best.pt
Saved PyTorch checkpoint to results/checkpoints/causal_eps100/best.pt
Saved PyTorch checkpoint to results/checkpoints/causal_eps100/best.pt
Saved PyTorch checkpoint to results/checkpoints/causal_eps100/best.pt
Saved PyTorch checkpoint to results/checkpoints/causal_eps100/best.pt
Saved PyTorch checkpoint to results/checkpoints/causal_eps100/best.pt
Saved PyTorch checkpoint to results/checkpoints/causal_eps100/best.pt
Saved PyTorch checkpoint to results/checkpoints/causal_eps100/best.pt
Saved PyTorch checkpoint to results/checkpoints/causal_eps100/best.pt
Saved PyTorch checkpoint to results/checkpoints/causal_eps100/best.pt
Saved PyTorch checkpoint to results/checkpoints/causal_eps100/best.pt
Saved PyTorch checkpoint to results/checkpoints/causal_eps100/best.pt
Saved PyTorch checkpoint to results/checkpoints/causal_eps100/best.pt
Saved PyTorch checkpoint to results/checkpoints/causal_eps100/best.pt
Saved PyTorch checkpoint to results/checkpoints/causal_eps100/best.pt
Saved PyTorch checkpoint to results/checkpoints/causal_eps100/best.pt
Saved PyTorch checkpoint to results/checkpoints/causal_eps100/best.pt
Saved PyTorch checkpoint to results/checkpoints/causal_eps100/best.pt
Saved PyTorch checkpoint to results/checkpoints/causal_eps100/best.pt
Saved PyTorch checkpoint to results/checkpoints/causal_eps100/best.pt
Saved PyTorch checkpoint to results/checkpoints/causal_eps100/best.pt
Saved PyTorch checkpoint to results/checkpoints/causal_eps100/best.pt
Saved PyTorch checkpoint to results/checkpoints/causal_eps100/best.pt
Saved PyTorch checkpoint to results/checkpoints/causal_eps100/best.pt
Saved PyTorch checkpoint to results/checkpoints/causal_eps100/best.pt
Saved PyTorch checkpoint to results/checkpoints/causal_eps100/best.pt
Saved PyTorch checkpoint to results/checkpoints/causal_eps100/best.pt
Saved PyTorch checkpoint to results/checkpoints/causal_eps100/best.pt
Saved PyTorch checkpoint to results/checkpoints/causal_eps100/best.pt
Saved PyTorch checkpoint to results/checkpoints/causal_eps100/best.pt
Saved PyTorch checkpoint to results/checkpoints/causal_eps100/best.pt
Saved PyTorch checkpoint to results/checkpoints/causal_eps100/best.pt
Saved PyTorch checkpoint to results/checkpoints/causal_eps100/best.pt
Saved PyTorch checkpoint to results/checkpoints/causal_eps100/best.pt
Saved PyTorch checkpoint to results/checkpoints/causal_eps100/best.pt
Saved PyTorch checkpoint to results/checkpoints/causal_eps100/best.pt
Saved PyTorch checkpoint to results/checkpoints/causal_eps100/best.pt
Saved PyTorch checkpoint to results/checkpoints/causal_eps100/best.pt
Saved PyTorch checkpoint to results/checkpoints/causal_eps100/best.pt
Saved PyTorch checkpoint to results/checkpoints/causal_eps100/best.pt
Saved PyTorch checkpoint to results/checkpoints/causal_eps100/best.pt
Saved PyTorch checkpoint to results/checkpoints/causal_eps100/best.pt
Saved PyTorch checkpoint to results/checkpoints/causal_eps100/best.pt
Saved PyTorch checkpoint to results/checkpoints/causal_eps100/best.pt
Saved PyTorch checkpoint to results/checkpoints/causal_eps100/best.pt
Saved PyTorch checkpoint to results/checkpoints/causal_eps100/best.pt
Saved PyTorch checkpoint to results/checkpoints/causal_eps100/best.pt
Saved PyTorch checkpoint to results/checkpoints/causal_eps100/best.pt
Saved PyTorch checkpoint to results/checkpoints/causal_eps100/best.pt
Saved PyTorch checkpoint to results/checkpoints/causal_eps100/best.pt
Saved PyTorch checkpoint to results/checkpoints/causal_eps100/best.pt
Adam 1400 | total=5.957e-02 f=1.127e-02 ic=1.191e-03 wall=7.737e-03 inlet=1.673e-03 outlet=6.052e-05 min_w=2.433e-39
Saved PyTorch checkpoint to results/checkpoints/causal_eps100/best.pt
Saved PyTorch checkpoint to results/checkpoints/causal_eps100/best.pt
Saved PyTorch checkpoint to results/checkpoints/causal_eps100/best.pt
Saved PyTorch checkpoint to results/checkpoints/causal_eps100/best.pt
Saved PyTorch checkpoint to results/checkpoints/causal_eps100/best.pt
Saved PyTorch checkpoint to results/checkpoints/causal_eps100/best.pt
Saved PyTorch checkpoint to results/checkpoints/causal_eps100/best.pt
Saved PyTorch checkpoint to results/checkpoints/causal_eps100/best.pt
Saved PyTorch checkpoint to results/checkpoints/causal_eps100/best.pt
Saved PyTorch checkpoint to results/checkpoints/causal_eps100/best.pt
Saved PyTorch checkpoint to results/checkpoints/causal_eps100/best.pt
Saved PyTorch checkpoint to results/checkpoints/causal_eps100/best.pt
Saved PyTorch checkpoint to results/checkpoints/causal_eps100/best.pt
Saved PyTorch checkpoint to results/checkpoints/causal_eps100/best.pt
Saved PyTorch checkpoint to results/checkpoints/causal_eps100/best.pt
Saved PyTorch checkpoint to results/checkpoints/causal_eps100/best.pt
Saved PyTorch checkpoint to results/checkpoints/causal_eps100/best.pt
Saved PyTorch checkpoint to results/checkpoints/causal_eps100/best.pt
Saved PyTorch checkpoint to results/checkpoints/causal_eps100/best.pt
Saved PyTorch checkpoint to results/checkpoints/causal_eps100/best.pt
Saved PyTorch checkpoint to results/checkpoints/causal_eps100/best.pt
Saved PyTorch checkpoint to results/checkpoints/causal_eps100/best.pt
Saved PyTorch checkpoint to results/checkpoints/causal_eps100/best.pt
Saved PyTorch checkpoint to results/checkpoints/causal_eps100/best.pt
Saved PyTorch checkpoint to results/checkpoints/causal_eps100/best.pt
Saved PyTorch checkpoint to results/checkpoints/causal_eps100/best.pt
Saved PyTorch checkpoint to results/checkpoints/causal_eps100/best.pt
Saved PyTorch checkpoint to results/checkpoints/causal_eps100/best.pt
Saved PyTorch checkpoint to results/checkpoints/causal_eps100/best.pt
Saved PyTorch checkpoint to results/checkpoints/causal_eps100/best.pt
Saved PyTorch checkpoint to results/checkpoints/causal_eps100/best.pt
Saved PyTorch checkpoint to results/checkpoints/causal_eps100/best.pt
Saved PyTorch checkpoint to results/checkpoints/causal_eps100/best.pt
Saved PyTorch checkpoint to results/checkpoints/causal_eps100/best.pt
Saved PyTorch checkpoint to results/checkpoints/causal_eps100/best.pt
Saved PyTorch checkpoint to results/checkpoints/causal_eps100/best.pt
Saved PyTorch checkpoint to results/checkpoints/causal_eps100/best.pt
Saved PyTorch checkpoint to results/checkpoints/causal_eps100/best.pt
Adam 1500 | total=5.778e-02 f=1.131e-02 ic=1.032e-03 wall=7.514e-03 inlet=1.564e-03 outlet=4.767e-05 min_w=1.648e-38
Saved PyTorch checkpoint to results/checkpoints/causal_eps100/best.pt
Saved PyTorch checkpoint to results/checkpoints/causal_eps100/best.pt
Saved PyTorch checkpoint to results/checkpoints/causal_eps100/best.pt
Saved PyTorch checkpoint to results/checkpoints/causal_eps100/best.pt
Saved PyTorch checkpoint to results/checkpoints/causal_eps100/best.pt
Saved PyTorch checkpoint to results/checkpoints/causal_eps100/best.pt
Saved PyTorch checkpoint to results/checkpoints/causal_eps100/best.pt
Saved PyTorch checkpoint to results/checkpoints/causal_eps100/best.pt
Saved PyTorch checkpoint to results/checkpoints/causal_eps100/best.pt
Saved PyTorch checkpoint to results/checkpoints/causal_eps100/best.pt
Saved PyTorch checkpoint to results/checkpoints/causal_eps100/best.pt
Saved PyTorch checkpoint to results/checkpoints/causal_eps100/best.pt
Saved PyTorch checkpoint to results/checkpoints/causal_eps100/best.pt
Saved PyTorch checkpoint to results/checkpoints/causal_eps100/best.pt
Saved PyTorch checkpoint to results/checkpoints/causal_eps100/best.pt
Saved PyTorch checkpoint to results/checkpoints/causal_eps100/best.pt
Saved PyTorch checkpoint to results/checkpoints/causal_eps100/best.pt
Saved PyTorch checkpoint to results/checkpoints/causal_eps100/best.pt
Saved PyTorch checkpoint to results/checkpoints/causal_eps100/best.pt
Saved PyTorch checkpoint to results/checkpoints/causal_eps100/best.pt
Saved PyTorch checkpoint to results/checkpoints/causal_eps100/best.pt
Saved PyTorch checkpoint to results/checkpoints/causal_eps100/best.pt
Saved PyTorch checkpoint to results/checkpoints/causal_eps100/best.pt
Saved PyTorch checkpoint to results/checkpoints/causal_eps100/best.pt
Saved PyTorch checkpoint to results/checkpoints/causal_eps100/best.pt
Saved PyTorch checkpoint to results/checkpoints/causal_eps100/best.pt
Saved PyTorch checkpoint to results/checkpoints/causal_eps100/best.pt
Saved PyTorch checkpoint to results/checkpoints/causal_eps100/best.pt
Saved PyTorch checkpoint to results/checkpoints/causal_eps100/best.pt
Saved PyTorch checkpoint to results/checkpoints/causal_eps100/best.pt
Saved PyTorch checkpoint to results/checkpoints/causal_eps100/best.pt
Saved PyTorch checkpoint to results/checkpoints/causal_eps100/best.pt
Saved PyTorch checkpoint to results/checkpoints/causal_eps100/best.pt
Saved PyTorch checkpoint to results/checkpoints/causal_eps100/best.pt
Saved PyTorch checkpoint to results/checkpoints/causal_eps100/best.pt
Saved PyTorch checkpoint to results/checkpoints/causal_eps100/best.pt
Saved PyTorch checkpoint to results/checkpoints/causal_eps100/best.pt
Saved PyTorch checkpoint to results/checkpoints/causal_eps100/best.pt
Saved PyTorch checkpoint to results/checkpoints/causal_eps100/best.pt
Saved PyTorch checkpoint to results/checkpoints/causal_eps100/best.pt
Saved PyTorch checkpoint to results/checkpoints/causal_eps100/best.pt
Saved PyTorch checkpoint to results/checkpoints/causal_eps100/best.pt
Saved PyTorch checkpoint to results/checkpoints/causal_eps100/best.pt
Saved PyTorch checkpoint to results/checkpoints/causal_eps100/best.pt
Saved PyTorch checkpoint to results/checkpoints/causal_eps100/best.pt
Saved PyTorch checkpoint to results/checkpoints/causal_eps100/best.pt
Saved PyTorch checkpoint to results/checkpoints/causal_eps100/best.pt
Saved PyTorch checkpoint to results/checkpoints/causal_eps100/best.pt
Saved PyTorch checkpoint to results/checkpoints/causal_eps100/best.pt
Saved PyTorch checkpoint to results/checkpoints/causal_eps100/best.pt
Saved PyTorch checkpoint to results/checkpoints/causal_eps100/best.pt
Saved PyTorch checkpoint to results/checkpoints/causal_eps100/best.pt
Saved PyTorch checkpoint to results/checkpoints/causal_eps100/best.pt
Saved PyTorch checkpoint to results/checkpoints/causal_eps100/best.pt
Saved PyTorch checkpoint to results/checkpoints/causal_eps100/best.pt
Saved PyTorch checkpoint to results/checkpoints/causal_eps100/best.pt
Saved PyTorch checkpoint to results/checkpoints/causal_eps100/best.pt
Saved PyTorch checkpoint to results/checkpoints/causal_eps100/best.pt
Saved PyTorch checkpoint to results/checkpoints/causal_eps100/best.pt
Saved PyTorch checkpoint to results/checkpoints/causal_eps100/best.pt
Saved PyTorch checkpoint to results/checkpoints/causal_eps100/best.pt
Saved PyTorch checkpoint to results/checkpoints/causal_eps100/best.pt
Saved PyTorch checkpoint to results/checkpoints/causal_eps100/best.pt
Saved PyTorch checkpoint to results/checkpoints/causal_eps100/best.pt
Saved PyTorch checkpoint to results/checkpoints/causal_eps100/best.pt
Saved PyTorch checkpoint to results/checkpoints/causal_eps100/best.pt
Saved PyTorch checkpoint to results/checkpoints/causal_eps100/best.pt
Saved PyTorch checkpoint to results/checkpoints/causal_eps100/best.pt
Saved PyTorch checkpoint to results/checkpoints/causal_eps100/best.pt
Saved PyTorch checkpoint to results/checkpoints/causal_eps100/best.pt
Saved PyTorch checkpoint to results/checkpoints/causal_eps100/best.pt
Saved PyTorch checkpoint to results/checkpoints/causal_eps100/best.pt
Saved PyTorch checkpoint to results/checkpoints/causal_eps100/best.pt
Saved PyTorch checkpoint to results/checkpoints/causal_eps100/best.pt
Saved PyTorch checkpoint to results/checkpoints/causal_eps100/best.pt
Saved PyTorch checkpoint to results/checkpoints/causal_eps100/best.pt
Adam 1600 | total=6.701e-02 f=1.130e-02 ic=8.614e-04 wall=6.750e-03 inlet=4.210e-03 outlet=4.845e-05 min_w=1.495e-33
Saved PyTorch checkpoint to results/checkpoints/causal_eps100/best.pt
Saved PyTorch checkpoint to results/checkpoints/causal_eps100/best.pt
Saved PyTorch checkpoint to results/checkpoints/causal_eps100/best.pt
Saved PyTorch checkpoint to results/checkpoints/causal_eps100/best.pt
Saved PyTorch checkpoint to results/checkpoints/causal_eps100/best.pt
Saved PyTorch checkpoint to results/checkpoints/causal_eps100/best.pt
Saved PyTorch checkpoint to results/checkpoints/causal_eps100/best.pt
Saved PyTorch checkpoint to results/checkpoints/causal_eps100/best.pt
Saved PyTorch checkpoint to results/checkpoints/causal_eps100/best.pt
Saved PyTorch checkpoint to results/checkpoints/causal_eps100/best.pt
Saved PyTorch checkpoint to results/checkpoints/causal_eps100/best.pt
Saved PyTorch checkpoint to results/checkpoints/causal_eps100/best.pt
Saved PyTorch checkpoint to results/checkpoints/causal_eps100/best.pt
Saved PyTorch checkpoint to results/checkpoints/causal_eps100/best.pt
Saved PyTorch checkpoint to results/checkpoints/causal_eps100/best.pt
Saved PyTorch checkpoint to results/checkpoints/causal_eps100/best.pt
Saved PyTorch checkpoint to results/checkpoints/causal_eps100/best.pt
Saved PyTorch checkpoint to results/checkpoints/causal_eps100/best.pt
Saved PyTorch checkpoint to results/checkpoints/causal_eps100/best.pt
Saved PyTorch checkpoint to results/checkpoints/causal_eps100/best.pt
Saved PyTorch checkpoint to results/checkpoints/causal_eps100/best.pt
Saved PyTorch checkpoint to results/checkpoints/causal_eps100/best.pt
Saved PyTorch checkpoint to results/checkpoints/causal_eps100/best.pt
Saved PyTorch checkpoint to results/checkpoints/causal_eps100/best.pt
Saved PyTorch checkpoint to results/checkpoints/causal_eps100/best.pt
Saved PyTorch checkpoint to results/checkpoints/causal_eps100/best.pt
Saved PyTorch checkpoint to results/checkpoints/causal_eps100/best.pt
Saved PyTorch checkpoint to results/checkpoints/causal_eps100/best.pt
Saved PyTorch checkpoint to results/checkpoints/causal_eps100/best.pt
Saved PyTorch checkpoint to results/checkpoints/causal_eps100/best.pt
Saved PyTorch checkpoint to results/checkpoints/causal_eps100/best.pt
Saved PyTorch checkpoint to results/checkpoints/causal_eps100/best.pt
Saved PyTorch checkpoint to results/checkpoints/causal_eps100/best.pt
Saved PyTorch checkpoint to results/checkpoints/causal_eps100/best.pt
Saved PyTorch checkpoint to results/checkpoints/causal_eps100/best.pt
Saved PyTorch checkpoint to results/checkpoints/causal_eps100/best.pt
Saved PyTorch checkpoint to results/checkpoints/causal_eps100/best.pt
Saved PyTorch checkpoint to results/checkpoints/causal_eps100/best.pt
Saved PyTorch checkpoint to results/checkpoints/causal_eps100/best.pt
Saved PyTorch checkpoint to results/checkpoints/causal_eps100/best.pt
Adam 1700 | total=5.548e-02 f=1.137e-02 ic=9.230e-04 wall=7.189e-03 inlet=1.442e-03 outlet=3.750e-05 min_w=1.231e-36
Saved PyTorch checkpoint to results/checkpoints/causal_eps100/best.pt
Saved PyTorch checkpoint to results/checkpoints/causal_eps100/best.pt
Saved PyTorch checkpoint to results/checkpoints/causal_eps100/best.pt
Saved PyTorch checkpoint to results/checkpoints/causal_eps100/best.pt
Saved PyTorch checkpoint to results/checkpoints/causal_eps100/best.pt
Saved PyTorch checkpoint to results/checkpoints/causal_eps100/best.pt
Saved PyTorch checkpoint to results/checkpoints/causal_eps100/best.pt
Saved PyTorch checkpoint to results/checkpoints/causal_eps100/best.pt
Saved PyTorch checkpoint to results/checkpoints/causal_eps100/best.pt
Saved PyTorch checkpoint to results/checkpoints/causal_eps100/best.pt
Saved PyTorch checkpoint to results/checkpoints/causal_eps100/best.pt
Saved PyTorch checkpoint to results/checkpoints/causal_eps100/best.pt
Saved PyTorch checkpoint to results/checkpoints/causal_eps100/best.pt
Saved PyTorch checkpoint to results/checkpoints/causal_eps100/best.pt
Saved PyTorch checkpoint to results/checkpoints/causal_eps100/best.pt
Saved PyTorch checkpoint to results/checkpoints/causal_eps100/best.pt
Saved PyTorch checkpoint to results/checkpoints/causal_eps100/best.pt
Saved PyTorch checkpoint to results/checkpoints/causal_eps100/best.pt
Saved PyTorch checkpoint to results/checkpoints/causal_eps100/best.pt
Saved PyTorch checkpoint to results/checkpoints/causal_eps100/best.pt
Saved PyTorch checkpoint to results/checkpoints/causal_eps100/best.pt
Saved PyTorch checkpoint to results/checkpoints/causal_eps100/best.pt
Saved PyTorch checkpoint to results/checkpoints/causal_eps100/best.pt
Saved PyTorch checkpoint to results/checkpoints/causal_eps100/best.pt
Saved PyTorch checkpoint to results/checkpoints/causal_eps100/best.pt
Saved PyTorch checkpoint to results/checkpoints/causal_eps100/best.pt
Saved PyTorch checkpoint to results/checkpoints/causal_eps100/best.pt
Saved PyTorch checkpoint to results/checkpoints/causal_eps100/best.pt
Saved PyTorch checkpoint to results/checkpoints/causal_eps100/best.pt
Saved PyTorch checkpoint to results/checkpoints/causal_eps100/best.pt
Saved PyTorch checkpoint to results/checkpoints/causal_eps100/best.pt
Adam 1800 | total=5.450e-02 f=1.140e-02 ic=8.898e-04 wall=6.930e-03 inlet=1.504e-03 outlet=3.524e-05 min_w=1.064e-35
Saved PyTorch checkpoint to results/checkpoints/causal_eps100/best.pt
Saved PyTorch checkpoint to results/checkpoints/causal_eps100/best.pt
Saved PyTorch checkpoint to results/checkpoints/causal_eps100/best.pt
Saved PyTorch checkpoint to results/checkpoints/causal_eps100/best.pt
Saved PyTorch checkpoint to results/checkpoints/causal_eps100/best.pt
Saved PyTorch checkpoint to results/checkpoints/causal_eps100/best.pt
Saved PyTorch checkpoint to results/checkpoints/causal_eps100/best.pt
Saved PyTorch checkpoint to results/checkpoints/causal_eps100/best.pt
Saved PyTorch checkpoint to results/checkpoints/causal_eps100/best.pt
Saved PyTorch checkpoint to results/checkpoints/causal_eps100/best.pt
Saved PyTorch checkpoint to results/checkpoints/causal_eps100/best.pt
Saved PyTorch checkpoint to results/checkpoints/causal_eps100/best.pt
Saved PyTorch checkpoint to results/checkpoints/causal_eps100/best.pt
Saved PyTorch checkpoint to results/checkpoints/causal_eps100/best.pt
Saved PyTorch checkpoint to results/checkpoints/causal_eps100/best.pt
Saved PyTorch checkpoint to results/checkpoints/causal_eps100/best.pt
Saved PyTorch checkpoint to results/checkpoints/causal_eps100/best.pt
Saved PyTorch checkpoint to results/checkpoints/causal_eps100/best.pt
Saved PyTorch checkpoint to results/checkpoints/causal_eps100/best.pt
Saved PyTorch checkpoint to results/checkpoints/causal_eps100/best.pt
Saved PyTorch checkpoint to results/checkpoints/causal_eps100/best.pt
Saved PyTorch checkpoint to results/checkpoints/causal_eps100/best.pt
Adam 1900 | total=5.364e-02 f=1.144e-02 ic=8.910e-04 wall=6.792e-03 inlet=1.463e-03 outlet=3.402e-05 min_w=2.151e-35
Saved PyTorch checkpoint to results/checkpoints/causal_eps100/best.pt
Saved PyTorch checkpoint to results/checkpoints/causal_eps100/best.pt
Saved PyTorch checkpoint to results/checkpoints/causal_eps100/best.pt
Saved PyTorch checkpoint to results/checkpoints/causal_eps100/best.pt
Saved PyTorch checkpoint to results/checkpoints/causal_eps100/best.pt
Saved PyTorch checkpoint to results/checkpoints/causal_eps100/best.pt
Saved PyTorch checkpoint to results/checkpoints/causal_eps100/best.pt
Saved PyTorch checkpoint to results/checkpoints/causal_eps100/best.pt
Saved PyTorch checkpoint to results/checkpoints/causal_eps100/best.pt
Saved PyTorch checkpoint to results/checkpoints/causal_eps100/best.pt
Saved PyTorch checkpoint to results/checkpoints/causal_eps100/best.pt
Saved PyTorch checkpoint to results/checkpoints/causal_eps100/best.pt
Saved PyTorch checkpoint to results/checkpoints/causal_eps100/best.pt
Saved PyTorch checkpoint to results/checkpoints/causal_eps100/best.pt
Saved PyTorch checkpoint to results/checkpoints/causal_eps100/best.pt
Saved PyTorch checkpoint to results/checkpoints/causal_eps100/best.pt
Saved PyTorch checkpoint to results/checkpoints/causal_eps100/best.pt
Saved PyTorch checkpoint to results/checkpoints/causal_eps100/best.pt
Saved PyTorch checkpoint to results/checkpoints/causal_eps100/best.pt
Saved PyTorch checkpoint to results/checkpoints/causal_eps100/best.pt
Saved PyTorch checkpoint to results/checkpoints/causal_eps100/best.pt
Saved PyTorch checkpoint to results/checkpoints/causal_eps100/best.pt
Saved PyTorch checkpoint to results/checkpoints/causal_eps100/best.pt
Saved PyTorch checkpoint to results/checkpoints/causal_eps100/best.pt
Saved PyTorch checkpoint to results/checkpoints/causal_eps100/best.pt
Saved PyTorch checkpoint to results/checkpoints/causal_eps100/best.pt
Saved PyTorch checkpoint to results/checkpoints/causal_eps100/best.pt
Adam 2000 | total=5.372e-02 f=1.144e-02 ic=7.899e-04 wall=6.260e-03 inlet=2.032e-03 outlet=3.486e-05 min_w=6.284e-34
Saved PyTorch checkpoint to results/checkpoints/causal_eps100/snapshot_iter2000.pt
[snapshot] iter 2000 → results/checkpoints/causal_eps100/snapshot_iter2000.pt
Saved PyTorch checkpoint to results/checkpoints/causal_eps100/best.pt
Saved PyTorch checkpoint to results/checkpoints/causal_eps100/best.pt
Saved PyTorch checkpoint to results/checkpoints/causal_eps100/best.pt
Saved PyTorch checkpoint to results/checkpoints/causal_eps100/best.pt
Saved PyTorch checkpoint to results/checkpoints/causal_eps100/best.pt
Saved PyTorch checkpoint to results/checkpoints/causal_eps100/best.pt
Saved PyTorch checkpoint to results/checkpoints/causal_eps100/best.pt
Saved PyTorch checkpoint to results/checkpoints/causal_eps100/best.pt
Saved PyTorch checkpoint to results/checkpoints/causal_eps100/best.pt
Saved PyTorch checkpoint to results/checkpoints/causal_eps100/best.pt
Saved PyTorch checkpoint to results/checkpoints/causal_eps100/best.pt
Saved PyTorch checkpoint to results/checkpoints/causal_eps100/best.pt
Saved PyTorch checkpoint to results/checkpoints/causal_eps100/best.pt
Saved PyTorch checkpoint to results/checkpoints/causal_eps100/best.pt
Saved PyTorch checkpoint to results/checkpoints/causal_eps100/best.pt
Saved PyTorch checkpoint to results/checkpoints/causal_eps100/best.pt
Saved PyTorch checkpoint to results/checkpoints/causal_eps100/best.pt
Saved PyTorch checkpoint to results/checkpoints/causal_eps100/best.pt
Saved PyTorch checkpoint to results/checkpoints/causal_eps100/best.pt
Saved PyTorch checkpoint to results/checkpoints/causal_eps100/best.pt
Saved PyTorch checkpoint to results/checkpoints/causal_eps100/best.pt
Saved PyTorch checkpoint to results/checkpoints/causal_eps100/best.pt
Saved PyTorch checkpoint to results/checkpoints/causal_eps100/best.pt
Saved PyTorch checkpoint to results/checkpoints/causal_eps100/best.pt
Saved PyTorch checkpoint to results/checkpoints/causal_eps100/best.pt
Saved PyTorch checkpoint to results/checkpoints/causal_eps100/best.pt
Saved PyTorch checkpoint to results/checkpoints/causal_eps100/best.pt
Adam 2100 | total=5.163e-02 f=1.150e-02 ic=9.150e-04 wall=6.497e-03 inlet=1.339e-03 outlet=3.535e-05 min_w=6.058e-35
Saved PyTorch checkpoint to results/checkpoints/causal_eps100/best.pt
Saved PyTorch checkpoint to results/checkpoints/causal_eps100/best.pt
Saved PyTorch checkpoint to results/checkpoints/causal_eps100/best.pt
Saved PyTorch checkpoint to results/checkpoints/causal_eps100/best.pt
Saved PyTorch checkpoint to results/checkpoints/causal_eps100/best.pt
Saved PyTorch checkpoint to results/checkpoints/causal_eps100/best.pt
Saved PyTorch checkpoint to results/checkpoints/causal_eps100/best.pt
Saved PyTorch checkpoint to results/checkpoints/causal_eps100/best.pt
Saved PyTorch checkpoint to results/checkpoints/causal_eps100/best.pt
Saved PyTorch checkpoint to results/checkpoints/causal_eps100/best.pt
Saved PyTorch checkpoint to results/checkpoints/causal_eps100/best.pt
Saved PyTorch checkpoint to results/checkpoints/causal_eps100/best.pt
Saved PyTorch checkpoint to results/checkpoints/causal_eps100/best.pt
Saved PyTorch checkpoint to results/checkpoints/causal_eps100/best.pt
Saved PyTorch checkpoint to results/checkpoints/causal_eps100/best.pt
Saved PyTorch checkpoint to results/checkpoints/causal_eps100/best.pt
Saved PyTorch checkpoint to results/checkpoints/causal_eps100/best.pt
Saved PyTorch checkpoint to results/checkpoints/causal_eps100/best.pt
Saved PyTorch checkpoint to results/checkpoints/causal_eps100/best.pt
Saved PyTorch checkpoint to results/checkpoints/causal_eps100/best.pt
Saved PyTorch checkpoint to results/checkpoints/causal_eps100/best.pt
Saved PyTorch checkpoint to results/checkpoints/causal_eps100/best.pt
Saved PyTorch checkpoint to results/checkpoints/causal_eps100/best.pt
Saved PyTorch checkpoint to results/checkpoints/causal_eps100/best.pt
Saved PyTorch checkpoint to results/checkpoints/causal_eps100/best.pt
Saved PyTorch checkpoint to results/checkpoints/causal_eps100/best.pt
Saved PyTorch checkpoint to results/checkpoints/causal_eps100/best.pt
Saved PyTorch checkpoint to results/checkpoints/causal_eps100/best.pt
Saved PyTorch checkpoint to results/checkpoints/causal_eps100/best.pt
Saved PyTorch checkpoint to results/checkpoints/causal_eps100/best.pt
Saved PyTorch checkpoint to results/checkpoints/causal_eps100/best.pt
Saved PyTorch checkpoint to results/checkpoints/causal_eps100/best.pt
Saved PyTorch checkpoint to results/checkpoints/causal_eps100/best.pt
Adam 2200 | total=5.099e-02 f=1.153e-02 ic=9.589e-04 wall=6.573e-03 inlet=1.119e-03 outlet=3.600e-05 min_w=1.118e-35
Saved PyTorch checkpoint to results/checkpoints/causal_eps100/best.pt
Saved PyTorch checkpoint to results/checkpoints/causal_eps100/best.pt
Saved PyTorch checkpoint to results/checkpoints/causal_eps100/best.pt
Saved PyTorch checkpoint to results/checkpoints/causal_eps100/best.pt
Saved PyTorch checkpoint to results/checkpoints/causal_eps100/best.pt
Saved PyTorch checkpoint to results/checkpoints/causal_eps100/best.pt
Saved PyTorch checkpoint to results/checkpoints/causal_eps100/best.pt
Saved PyTorch checkpoint to results/checkpoints/causal_eps100/best.pt
Saved PyTorch checkpoint to results/checkpoints/causal_eps100/best.pt
Saved PyTorch checkpoint to results/checkpoints/causal_eps100/best.pt
Saved PyTorch checkpoint to results/checkpoints/causal_eps100/best.pt
Saved PyTorch checkpoint to results/checkpoints/causal_eps100/best.pt
Saved PyTorch checkpoint to results/checkpoints/causal_eps100/best.pt
Saved PyTorch checkpoint to results/checkpoints/causal_eps100/best.pt
Saved PyTorch checkpoint to results/checkpoints/causal_eps100/best.pt
Saved PyTorch checkpoint to results/checkpoints/causal_eps100/best.pt
Saved PyTorch checkpoint to results/checkpoints/causal_eps100/best.pt
Saved PyTorch checkpoint to results/checkpoints/causal_eps100/best.pt
Saved PyTorch checkpoint to results/checkpoints/causal_eps100/best.pt
Saved PyTorch checkpoint to results/checkpoints/causal_eps100/best.pt
Saved PyTorch checkpoint to results/checkpoints/causal_eps100/best.pt
Saved PyTorch checkpoint to results/checkpoints/causal_eps100/best.pt
Saved PyTorch checkpoint to results/checkpoints/causal_eps100/best.pt
Saved PyTorch checkpoint to results/checkpoints/causal_eps100/best.pt
Saved PyTorch checkpoint to results/checkpoints/causal_eps100/best.pt
Saved PyTorch checkpoint to results/checkpoints/causal_eps100/best.pt
Saved PyTorch checkpoint to results/checkpoints/causal_eps100/best.pt
Saved PyTorch checkpoint to results/checkpoints/causal_eps100/best.pt
Adam 2300 | total=4.938e-02 f=1.153e-02 ic=8.976e-04 wall=6.136e-03 inlet=1.245e-03 outlet=4.047e-05 min_w=6.245e-35
Saved PyTorch checkpoint to results/checkpoints/causal_eps100/best.pt
Saved PyTorch checkpoint to results/checkpoints/causal_eps100/best.pt
Saved PyTorch checkpoint to results/checkpoints/causal_eps100/best.pt
Saved PyTorch checkpoint to results/checkpoints/causal_eps100/best.pt
Saved PyTorch checkpoint to results/checkpoints/causal_eps100/best.pt
Saved PyTorch checkpoint to results/checkpoints/causal_eps100/best.pt
Saved PyTorch checkpoint to results/checkpoints/causal_eps100/best.pt
Saved PyTorch checkpoint to results/checkpoints/causal_eps100/best.pt
Saved PyTorch checkpoint to results/checkpoints/causal_eps100/best.pt
Saved PyTorch checkpoint to results/checkpoints/causal_eps100/best.pt
Saved PyTorch checkpoint to results/checkpoints/causal_eps100/best.pt
Saved PyTorch checkpoint to results/checkpoints/causal_eps100/best.pt
Saved PyTorch checkpoint to results/checkpoints/causal_eps100/best.pt
Saved PyTorch checkpoint to results/checkpoints/causal_eps100/best.pt
Saved PyTorch checkpoint to results/checkpoints/causal_eps100/best.pt
Saved PyTorch checkpoint to results/checkpoints/causal_eps100/best.pt
Saved PyTorch checkpoint to results/checkpoints/causal_eps100/best.pt
Saved PyTorch checkpoint to results/checkpoints/causal_eps100/best.pt
Saved PyTorch checkpoint to results/checkpoints/causal_eps100/best.pt
Saved PyTorch checkpoint to results/checkpoints/causal_eps100/best.pt
Saved PyTorch checkpoint to results/checkpoints/causal_eps100/best.pt
Saved PyTorch checkpoint to results/checkpoints/causal_eps100/best.pt
Saved PyTorch checkpoint to results/checkpoints/causal_eps100/best.pt
Saved PyTorch checkpoint to results/checkpoints/causal_eps100/best.pt
Saved PyTorch checkpoint to results/checkpoints/causal_eps100/best.pt
Saved PyTorch checkpoint to results/checkpoints/causal_eps100/best.pt
Saved PyTorch checkpoint to results/checkpoints/causal_eps100/best.pt
Saved PyTorch checkpoint to results/checkpoints/causal_eps100/best.pt
Saved PyTorch checkpoint to results/checkpoints/causal_eps100/best.pt
Saved PyTorch checkpoint to results/checkpoints/causal_eps100/best.pt
Saved PyTorch checkpoint to results/checkpoints/causal_eps100/best.pt
Saved PyTorch checkpoint to results/checkpoints/causal_eps100/best.pt
Saved PyTorch checkpoint to results/checkpoints/causal_eps100/best.pt
Saved PyTorch checkpoint to results/checkpoints/causal_eps100/best.pt
Adam 2400 | total=4.826e-02 f=1.154e-02 ic=8.191e-04 wall=5.878e-03 inlet=1.294e-03 outlet=4.523e-05 min_w=3.810e-35
Saved PyTorch checkpoint to results/checkpoints/causal_eps100/best.pt
Saved PyTorch checkpoint to results/checkpoints/causal_eps100/best.pt
Saved PyTorch checkpoint to results/checkpoints/causal_eps100/best.pt
Saved PyTorch checkpoint to results/checkpoints/causal_eps100/best.pt
Saved PyTorch checkpoint to results/checkpoints/causal_eps100/best.pt
Saved PyTorch checkpoint to results/checkpoints/causal_eps100/best.pt
Saved PyTorch checkpoint to results/checkpoints/causal_eps100/best.pt
Saved PyTorch checkpoint to results/checkpoints/causal_eps100/best.pt
Saved PyTorch checkpoint to results/checkpoints/causal_eps100/best.pt
Saved PyTorch checkpoint to results/checkpoints/causal_eps100/best.pt
Saved PyTorch checkpoint to results/checkpoints/causal_eps100/best.pt
Saved PyTorch checkpoint to results/checkpoints/causal_eps100/best.pt
Saved PyTorch checkpoint to results/checkpoints/causal_eps100/best.pt
Saved PyTorch checkpoint to results/checkpoints/causal_eps100/best.pt
Saved PyTorch checkpoint to results/checkpoints/causal_eps100/best.pt
Saved PyTorch checkpoint to results/checkpoints/causal_eps100/best.pt
Saved PyTorch checkpoint to results/checkpoints/causal_eps100/best.pt
Saved PyTorch checkpoint to results/checkpoints/causal_eps100/best.pt
Saved PyTorch checkpoint to results/checkpoints/causal_eps100/best.pt
Saved PyTorch checkpoint to results/checkpoints/causal_eps100/best.pt
Saved PyTorch checkpoint to results/checkpoints/causal_eps100/best.pt
Saved PyTorch checkpoint to results/checkpoints/causal_eps100/best.pt
Saved PyTorch checkpoint to results/checkpoints/causal_eps100/best.pt
Saved PyTorch checkpoint to results/checkpoints/causal_eps100/best.pt
Saved PyTorch checkpoint to results/checkpoints/causal_eps100/best.pt
Saved PyTorch checkpoint to results/checkpoints/causal_eps100/best.pt
Saved PyTorch checkpoint to results/checkpoints/causal_eps100/best.pt
Saved PyTorch checkpoint to results/checkpoints/causal_eps100/best.pt
Saved PyTorch checkpoint to results/checkpoints/causal_eps100/best.pt
Saved PyTorch checkpoint to results/checkpoints/causal_eps100/best.pt
Saved PyTorch checkpoint to results/checkpoints/causal_eps100/best.pt
Saved PyTorch checkpoint to results/checkpoints/causal_eps100/best.pt
Saved PyTorch checkpoint to results/checkpoints/causal_eps100/best.pt
Saved PyTorch checkpoint to results/checkpoints/causal_eps100/best.pt
Saved PyTorch checkpoint to results/checkpoints/causal_eps100/best.pt
Saved PyTorch checkpoint to results/checkpoints/causal_eps100/best.pt
Saved PyTorch checkpoint to results/checkpoints/causal_eps100/best.pt
Saved PyTorch checkpoint to results/checkpoints/causal_eps100/best.pt
Saved PyTorch checkpoint to results/checkpoints/causal_eps100/best.pt
Saved PyTorch checkpoint to results/checkpoints/causal_eps100/best.pt
Saved PyTorch checkpoint to results/checkpoints/causal_eps100/best.pt
Saved PyTorch checkpoint to results/checkpoints/causal_eps100/best.pt
Saved PyTorch checkpoint to results/checkpoints/causal_eps100/best.pt
Saved PyTorch checkpoint to results/checkpoints/causal_eps100/best.pt
Saved PyTorch checkpoint to results/checkpoints/causal_eps100/best.pt
Saved PyTorch checkpoint to results/checkpoints/causal_eps100/best.pt
Saved PyTorch checkpoint to results/checkpoints/causal_eps100/best.pt
Saved PyTorch checkpoint to results/checkpoints/causal_eps100/best.pt
Saved PyTorch checkpoint to results/checkpoints/causal_eps100/best.pt
Saved PyTorch checkpoint to results/checkpoints/causal_eps100/best.pt
Saved PyTorch checkpoint to results/checkpoints/causal_eps100/best.pt
Saved PyTorch checkpoint to results/checkpoints/causal_eps100/best.pt
Saved PyTorch checkpoint to results/checkpoints/causal_eps100/best.pt
Saved PyTorch checkpoint to results/checkpoints/causal_eps100/best.pt
Saved PyTorch checkpoint to results/checkpoints/causal_eps100/best.pt
Saved PyTorch checkpoint to results/checkpoints/causal_eps100/best.pt
Saved PyTorch checkpoint to results/checkpoints/causal_eps100/best.pt
Saved PyTorch checkpoint to results/checkpoints/causal_eps100/best.pt
Saved PyTorch checkpoint to results/checkpoints/causal_eps100/best.pt
Saved PyTorch checkpoint to results/checkpoints/causal_eps100/best.pt
Saved PyTorch checkpoint to results/checkpoints/causal_eps100/best.pt
Saved PyTorch checkpoint to results/checkpoints/causal_eps100/best.pt
Saved PyTorch checkpoint to results/checkpoints/causal_eps100/best.pt
Saved PyTorch checkpoint to results/checkpoints/causal_eps100/best.pt
Saved PyTorch checkpoint to results/checkpoints/causal_eps100/best.pt
Adam 2500 | total=6.316e-02 f=1.160e-02 ic=1.602e-03 wall=8.740e-03 inlet=1.243e-03 outlet=4.498e-05 min_w=1.999e-37
Saved PyTorch checkpoint to results/checkpoints/causal_eps100/best.pt
Saved PyTorch checkpoint to results/checkpoints/causal_eps100/best.pt
Saved PyTorch checkpoint to results/checkpoints/causal_eps100/best.pt
Saved PyTorch checkpoint to results/checkpoints/causal_eps100/best.pt
Saved PyTorch checkpoint to results/checkpoints/causal_eps100/best.pt
Saved PyTorch checkpoint to results/checkpoints/causal_eps100/best.pt
Saved PyTorch checkpoint to results/checkpoints/causal_eps100/best.pt
Saved PyTorch checkpoint to results/checkpoints/causal_eps100/best.pt
Saved PyTorch checkpoint to results/checkpoints/causal_eps100/best.pt
Saved PyTorch checkpoint to results/checkpoints/causal_eps100/best.pt
Saved PyTorch checkpoint to results/checkpoints/causal_eps100/best.pt
Saved PyTorch checkpoint to results/checkpoints/causal_eps100/best.pt
Saved PyTorch checkpoint to results/checkpoints/causal_eps100/best.pt
Saved PyTorch checkpoint to results/checkpoints/causal_eps100/best.pt
Saved PyTorch checkpoint to results/checkpoints/causal_eps100/best.pt
Saved PyTorch checkpoint to results/checkpoints/causal_eps100/best.pt
Saved PyTorch checkpoint to results/checkpoints/causal_eps100/best.pt
Saved PyTorch checkpoint to results/checkpoints/causal_eps100/best.pt
Saved PyTorch checkpoint to results/checkpoints/causal_eps100/best.pt
Saved PyTorch checkpoint to results/checkpoints/causal_eps100/best.pt
Saved PyTorch checkpoint to results/checkpoints/causal_eps100/best.pt
Saved PyTorch checkpoint to results/checkpoints/causal_eps100/best.pt
Saved PyTorch checkpoint to results/checkpoints/causal_eps100/best.pt
Saved PyTorch checkpoint to results/checkpoints/causal_eps100/best.pt
Saved PyTorch checkpoint to results/checkpoints/causal_eps100/best.pt
Saved PyTorch checkpoint to results/checkpoints/causal_eps100/best.pt
Saved PyTorch checkpoint to results/checkpoints/causal_eps100/best.pt
Saved PyTorch checkpoint to results/checkpoints/causal_eps100/best.pt
Saved PyTorch checkpoint to results/checkpoints/causal_eps100/best.pt
Saved PyTorch checkpoint to results/checkpoints/causal_eps100/best.pt
Saved PyTorch checkpoint to results/checkpoints/causal_eps100/best.pt
Saved PyTorch checkpoint to results/checkpoints/causal_eps100/best.pt
Saved PyTorch checkpoint to results/checkpoints/causal_eps100/best.pt
Saved PyTorch checkpoint to results/checkpoints/causal_eps100/best.pt
Saved PyTorch checkpoint to results/checkpoints/causal_eps100/best.pt
Saved PyTorch checkpoint to results/checkpoints/causal_eps100/best.pt
Saved PyTorch checkpoint to results/checkpoints/causal_eps100/best.pt
Saved PyTorch checkpoint to results/checkpoints/causal_eps100/best.pt
Saved PyTorch checkpoint to results/checkpoints/causal_eps100/best.pt
Saved PyTorch checkpoint to results/checkpoints/causal_eps100/best.pt
Saved PyTorch checkpoint to results/checkpoints/causal_eps100/best.pt
Saved PyTorch checkpoint to results/checkpoints/causal_eps100/best.pt
Saved PyTorch checkpoint to results/checkpoints/causal_eps100/best.pt
Adam 2600 | total=4.559e-02 f=1.155e-02 ic=7.790e-04 wall=5.388e-03 inlet=1.253e-03 outlet=5.001e-05 min_w=7.416e-35
Saved PyTorch checkpoint to results/checkpoints/causal_eps100/best.pt
Saved PyTorch checkpoint to results/checkpoints/causal_eps100/best.pt
Saved PyTorch checkpoint to results/checkpoints/causal_eps100/best.pt
Saved PyTorch checkpoint to results/checkpoints/causal_eps100/best.pt
Saved PyTorch checkpoint to results/checkpoints/causal_eps100/best.pt
Saved PyTorch checkpoint to results/checkpoints/causal_eps100/best.pt
Saved PyTorch checkpoint to results/checkpoints/causal_eps100/best.pt
Saved PyTorch checkpoint to results/checkpoints/causal_eps100/best.pt
Saved PyTorch checkpoint to results/checkpoints/causal_eps100/best.pt
Saved PyTorch checkpoint to results/checkpoints/causal_eps100/best.pt
Saved PyTorch checkpoint to results/checkpoints/causal_eps100/best.pt
Saved PyTorch checkpoint to results/checkpoints/causal_eps100/best.pt
Saved PyTorch checkpoint to results/checkpoints/causal_eps100/best.pt
Saved PyTorch checkpoint to results/checkpoints/causal_eps100/best.pt
Saved PyTorch checkpoint to results/checkpoints/causal_eps100/best.pt
Saved PyTorch checkpoint to results/checkpoints/causal_eps100/best.pt
Saved PyTorch checkpoint to results/checkpoints/causal_eps100/best.pt
Saved PyTorch checkpoint to results/checkpoints/causal_eps100/best.pt
Saved PyTorch checkpoint to results/checkpoints/causal_eps100/best.pt
Saved PyTorch checkpoint to results/checkpoints/causal_eps100/best.pt
Saved PyTorch checkpoint to results/checkpoints/causal_eps100/best.pt
Saved PyTorch checkpoint to results/checkpoints/causal_eps100/best.pt
Saved PyTorch checkpoint to results/checkpoints/causal_eps100/best.pt
Saved PyTorch checkpoint to results/checkpoints/causal_eps100/best.pt
Saved PyTorch checkpoint to results/checkpoints/causal_eps100/best.pt
Saved PyTorch checkpoint to results/checkpoints/causal_eps100/best.pt
Saved PyTorch checkpoint to results/checkpoints/causal_eps100/best.pt
Saved PyTorch checkpoint to results/checkpoints/causal_eps100/best.pt
Saved PyTorch checkpoint to results/checkpoints/causal_eps100/best.pt
Saved PyTorch checkpoint to results/checkpoints/causal_eps100/best.pt
Saved PyTorch checkpoint to results/checkpoints/causal_eps100/best.pt
Saved PyTorch checkpoint to results/checkpoints/causal_eps100/best.pt
Saved PyTorch checkpoint to results/checkpoints/causal_eps100/best.pt
Saved PyTorch checkpoint to results/checkpoints/causal_eps100/best.pt
Saved PyTorch checkpoint to results/checkpoints/causal_eps100/best.pt
Saved PyTorch checkpoint to results/checkpoints/causal_eps100/best.pt
Saved PyTorch checkpoint to results/checkpoints/causal_eps100/best.pt
Saved PyTorch checkpoint to results/checkpoints/causal_eps100/best.pt
Saved PyTorch checkpoint to results/checkpoints/causal_eps100/best.pt
Saved PyTorch checkpoint to results/checkpoints/causal_eps100/best.pt
Saved PyTorch checkpoint to results/checkpoints/causal_eps100/best.pt
Saved PyTorch checkpoint to results/checkpoints/causal_eps100/best.pt
Saved PyTorch checkpoint to results/checkpoints/causal_eps100/best.pt
Saved PyTorch checkpoint to results/checkpoints/causal_eps100/best.pt
Saved PyTorch checkpoint to results/checkpoints/causal_eps100/best.pt
Saved PyTorch checkpoint to results/checkpoints/causal_eps100/best.pt
Saved PyTorch checkpoint to results/checkpoints/causal_eps100/best.pt
Saved PyTorch checkpoint to results/checkpoints/causal_eps100/best.pt
Saved PyTorch checkpoint to results/checkpoints/causal_eps100/best.pt
Saved PyTorch checkpoint to results/checkpoints/causal_eps100/best.pt
Saved PyTorch checkpoint to results/checkpoints/causal_eps100/best.pt
Saved PyTorch checkpoint to results/checkpoints/causal_eps100/best.pt
Saved PyTorch checkpoint to results/checkpoints/causal_eps100/best.pt
Saved PyTorch checkpoint to results/checkpoints/causal_eps100/best.pt
Saved PyTorch checkpoint to results/checkpoints/causal_eps100/best.pt
Saved PyTorch checkpoint to results/checkpoints/causal_eps100/best.pt
Saved PyTorch checkpoint to results/checkpoints/causal_eps100/best.pt
Saved PyTorch checkpoint to results/checkpoints/causal_eps100/best.pt
Saved PyTorch checkpoint to results/checkpoints/causal_eps100/best.pt
Saved PyTorch checkpoint to results/checkpoints/causal_eps100/best.pt
Saved PyTorch checkpoint to results/checkpoints/causal_eps100/best.pt
Saved PyTorch checkpoint to results/checkpoints/causal_eps100/best.pt
Saved PyTorch checkpoint to results/checkpoints/causal_eps100/best.pt
Saved PyTorch checkpoint to results/checkpoints/causal_eps100/best.pt
Saved PyTorch checkpoint to results/checkpoints/causal_eps100/best.pt
Saved PyTorch checkpoint to results/checkpoints/causal_eps100/best.pt
Saved PyTorch checkpoint to results/checkpoints/causal_eps100/best.pt
Saved PyTorch checkpoint to results/checkpoints/causal_eps100/best.pt
Saved PyTorch checkpoint to results/checkpoints/causal_eps100/best.pt
Saved PyTorch checkpoint to results/checkpoints/causal_eps100/best.pt
Saved PyTorch checkpoint to results/checkpoints/causal_eps100/best.pt
Saved PyTorch checkpoint to results/checkpoints/causal_eps100/best.pt
Saved PyTorch checkpoint to results/checkpoints/causal_eps100/best.pt
Saved PyTorch checkpoint to results/checkpoints/causal_eps100/best.pt
Saved PyTorch checkpoint to results/checkpoints/causal_eps100/best.pt
Saved PyTorch checkpoint to results/checkpoints/causal_eps100/best.pt
Saved PyTorch checkpoint to results/checkpoints/causal_eps100/best.pt
Saved PyTorch checkpoint to results/checkpoints/causal_eps100/best.pt
Adam 2700 | total=5.786e-02 f=1.132e-02 ic=7.554e-04 wall=5.252e-03 inlet=3.892e-03 outlet=6.487e-05 min_w=1.267e-32
Saved PyTorch checkpoint to results/checkpoints/causal_eps100/best.pt
Saved PyTorch checkpoint to results/checkpoints/causal_eps100/best.pt
Saved PyTorch checkpoint to results/checkpoints/causal_eps100/best.pt
Saved PyTorch checkpoint to results/checkpoints/causal_eps100/best.pt
Saved PyTorch checkpoint to results/checkpoints/causal_eps100/best.pt
Saved PyTorch checkpoint to results/checkpoints/causal_eps100/best.pt
Saved PyTorch checkpoint to results/checkpoints/causal_eps100/best.pt
Saved PyTorch checkpoint to results/checkpoints/causal_eps100/best.pt
Saved PyTorch checkpoint to results/checkpoints/causal_eps100/best.pt
Saved PyTorch checkpoint to results/checkpoints/causal_eps100/best.pt
Saved PyTorch checkpoint to results/checkpoints/causal_eps100/best.pt
Saved PyTorch checkpoint to results/checkpoints/causal_eps100/best.pt
Saved PyTorch checkpoint to results/checkpoints/causal_eps100/best.pt
Saved PyTorch checkpoint to results/checkpoints/causal_eps100/best.pt
Saved PyTorch checkpoint to results/checkpoints/causal_eps100/best.pt
Saved PyTorch checkpoint to results/checkpoints/causal_eps100/best.pt
Saved PyTorch checkpoint to results/checkpoints/causal_eps100/best.pt
Saved PyTorch checkpoint to results/checkpoints/causal_eps100/best.pt
Saved PyTorch checkpoint to results/checkpoints/causal_eps100/best.pt
Saved PyTorch checkpoint to results/checkpoints/causal_eps100/best.pt
Saved PyTorch checkpoint to results/checkpoints/causal_eps100/best.pt
Saved PyTorch checkpoint to results/checkpoints/causal_eps100/best.pt
Saved PyTorch checkpoint to results/checkpoints/causal_eps100/best.pt
Saved PyTorch checkpoint to results/checkpoints/causal_eps100/best.pt
Saved PyTorch checkpoint to results/checkpoints/causal_eps100/best.pt
Saved PyTorch checkpoint to results/checkpoints/causal_eps100/best.pt
Saved PyTorch checkpoint to results/checkpoints/causal_eps100/best.pt
Saved PyTorch checkpoint to results/checkpoints/causal_eps100/best.pt
Saved PyTorch checkpoint to results/checkpoints/causal_eps100/best.pt
Saved PyTorch checkpoint to results/checkpoints/causal_eps100/best.pt
Saved PyTorch checkpoint to results/checkpoints/causal_eps100/best.pt
Saved PyTorch checkpoint to results/checkpoints/causal_eps100/best.pt
Saved PyTorch checkpoint to results/checkpoints/causal_eps100/best.pt
Saved PyTorch checkpoint to results/checkpoints/causal_eps100/best.pt
Saved PyTorch checkpoint to results/checkpoints/causal_eps100/best.pt
Saved PyTorch checkpoint to results/checkpoints/causal_eps100/best.pt
Saved PyTorch checkpoint to results/checkpoints/causal_eps100/best.pt
Saved PyTorch checkpoint to results/checkpoints/causal_eps100/best.pt
Saved PyTorch checkpoint to results/checkpoints/causal_eps100/best.pt
Saved PyTorch checkpoint to results/checkpoints/causal_eps100/best.pt
Saved PyTorch checkpoint to results/checkpoints/causal_eps100/best.pt
Saved PyTorch checkpoint to results/checkpoints/causal_eps100/best.pt
Saved PyTorch checkpoint to results/checkpoints/causal_eps100/best.pt
Saved PyTorch checkpoint to results/checkpoints/causal_eps100/best.pt
Saved PyTorch checkpoint to results/checkpoints/causal_eps100/best.pt
Adam 2800 | total=4.240e-02 f=1.155e-02 ic=7.088e-04 wall=4.838e-03 inlet=1.178e-03 outlet=6.174e-05 min_w=4.339e-35
Saved PyTorch checkpoint to results/checkpoints/causal_eps100/best.pt
Saved PyTorch checkpoint to results/checkpoints/causal_eps100/best.pt
Saved PyTorch checkpoint to results/checkpoints/causal_eps100/best.pt
Saved PyTorch checkpoint to results/checkpoints/causal_eps100/best.pt
Saved PyTorch checkpoint to results/checkpoints/causal_eps100/best.pt
Saved PyTorch checkpoint to results/checkpoints/causal_eps100/best.pt
Saved PyTorch checkpoint to results/checkpoints/causal_eps100/best.pt
Saved PyTorch checkpoint to results/checkpoints/causal_eps100/best.pt
Saved PyTorch checkpoint to results/checkpoints/causal_eps100/best.pt
Saved PyTorch checkpoint to results/checkpoints/causal_eps100/best.pt
Saved PyTorch checkpoint to results/checkpoints/causal_eps100/best.pt
Saved PyTorch checkpoint to results/checkpoints/causal_eps100/best.pt
Saved PyTorch checkpoint to results/checkpoints/causal_eps100/best.pt
Saved PyTorch checkpoint to results/checkpoints/causal_eps100/best.pt
Saved PyTorch checkpoint to results/checkpoints/causal_eps100/best.pt
Saved PyTorch checkpoint to results/checkpoints/causal_eps100/best.pt
Saved PyTorch checkpoint to results/checkpoints/causal_eps100/best.pt
Saved PyTorch checkpoint to results/checkpoints/causal_eps100/best.pt
Saved PyTorch checkpoint to results/checkpoints/causal_eps100/best.pt
Saved PyTorch checkpoint to results/checkpoints/causal_eps100/best.pt
Saved PyTorch checkpoint to results/checkpoints/causal_eps100/best.pt
Saved PyTorch checkpoint to results/checkpoints/causal_eps100/best.pt
Saved PyTorch checkpoint to results/checkpoints/causal_eps100/best.pt
Saved PyTorch checkpoint to results/checkpoints/causal_eps100/best.pt
Saved PyTorch checkpoint to results/checkpoints/causal_eps100/best.pt
Saved PyTorch checkpoint to results/checkpoints/causal_eps100/best.pt
Saved PyTorch checkpoint to results/checkpoints/causal_eps100/best.pt
Saved PyTorch checkpoint to results/checkpoints/causal_eps100/best.pt
Saved PyTorch checkpoint to results/checkpoints/causal_eps100/best.pt
Saved PyTorch checkpoint to results/checkpoints/causal_eps100/best.pt
Saved PyTorch checkpoint to results/checkpoints/causal_eps100/best.pt
Saved PyTorch checkpoint to results/checkpoints/causal_eps100/best.pt
Saved PyTorch checkpoint to results/checkpoints/causal_eps100/best.pt
Saved PyTorch checkpoint to results/checkpoints/causal_eps100/best.pt
Saved PyTorch checkpoint to results/checkpoints/causal_eps100/best.pt
Saved PyTorch checkpoint to results/checkpoints/causal_eps100/best.pt
Saved PyTorch checkpoint to results/checkpoints/causal_eps100/best.pt
Saved PyTorch checkpoint to results/checkpoints/causal_eps100/best.pt
Saved PyTorch checkpoint to results/checkpoints/causal_eps100/best.pt
Saved PyTorch checkpoint to results/checkpoints/causal_eps100/best.pt
Saved PyTorch checkpoint to results/checkpoints/causal_eps100/best.pt
Saved PyTorch checkpoint to results/checkpoints/causal_eps100/best.pt
Saved PyTorch checkpoint to results/checkpoints/causal_eps100/best.pt
Saved PyTorch checkpoint to results/checkpoints/causal_eps100/best.pt
Saved PyTorch checkpoint to results/checkpoints/causal_eps100/best.pt
Saved PyTorch checkpoint to results/checkpoints/causal_eps100/best.pt
Saved PyTorch checkpoint to results/checkpoints/causal_eps100/best.pt
Saved PyTorch checkpoint to results/checkpoints/causal_eps100/best.pt
Saved PyTorch checkpoint to results/checkpoints/causal_eps100/best.pt
Saved PyTorch checkpoint to results/checkpoints/causal_eps100/best.pt
Saved PyTorch checkpoint to results/checkpoints/causal_eps100/best.pt
Saved PyTorch checkpoint to results/checkpoints/causal_eps100/best.pt
Saved PyTorch checkpoint to results/checkpoints/causal_eps100/best.pt
Saved PyTorch checkpoint to results/checkpoints/causal_eps100/best.pt
Saved PyTorch checkpoint to results/checkpoints/causal_eps100/best.pt
Saved PyTorch checkpoint to results/checkpoints/causal_eps100/best.pt
Saved PyTorch checkpoint to results/checkpoints/causal_eps100/best.pt
Saved PyTorch checkpoint to results/checkpoints/causal_eps100/best.pt
Saved PyTorch checkpoint to results/checkpoints/causal_eps100/best.pt
Saved PyTorch checkpoint to results/checkpoints/causal_eps100/best.pt
Saved PyTorch checkpoint to results/checkpoints/causal_eps100/best.pt
Saved PyTorch checkpoint to results/checkpoints/causal_eps100/best.pt
Saved PyTorch checkpoint to results/checkpoints/causal_eps100/best.pt
Saved PyTorch checkpoint to results/checkpoints/causal_eps100/best.pt
Saved PyTorch checkpoint to results/checkpoints/causal_eps100/best.pt
Saved PyTorch checkpoint to results/checkpoints/causal_eps100/best.pt
Saved PyTorch checkpoint to results/checkpoints/causal_eps100/best.pt
Saved PyTorch checkpoint to results/checkpoints/causal_eps100/best.pt
Saved PyTorch checkpoint to results/checkpoints/causal_eps100/best.pt
Saved PyTorch checkpoint to results/checkpoints/causal_eps100/best.pt
Saved PyTorch checkpoint to results/checkpoints/causal_eps100/best.pt
Saved PyTorch checkpoint to results/checkpoints/causal_eps100/best.pt
Saved PyTorch checkpoint to results/checkpoints/causal_eps100/best.pt
Saved PyTorch checkpoint to results/checkpoints/causal_eps100/best.pt
Saved PyTorch checkpoint to results/checkpoints/causal_eps100/best.pt
Saved PyTorch checkpoint to results/checkpoints/causal_eps100/best.pt
Adam 2900 | total=6.725e-02 f=1.150e-02 ic=1.826e-03 wall=8.621e-03 inlet=2.152e-03 outlet=5.608e-05 min_w=8.047e-40
Saved PyTorch checkpoint to results/checkpoints/causal_eps100/best.pt
Saved PyTorch checkpoint to results/checkpoints/causal_eps100/best.pt
Saved PyTorch checkpoint to results/checkpoints/causal_eps100/best.pt
Saved PyTorch checkpoint to results/checkpoints/causal_eps100/best.pt
Saved PyTorch checkpoint to results/checkpoints/causal_eps100/best.pt
Saved PyTorch checkpoint to results/checkpoints/causal_eps100/best.pt
Saved PyTorch checkpoint to results/checkpoints/causal_eps100/best.pt
Saved PyTorch checkpoint to results/checkpoints/causal_eps100/best.pt
Saved PyTorch checkpoint to results/checkpoints/causal_eps100/best.pt
Saved PyTorch checkpoint to results/checkpoints/causal_eps100/best.pt
Saved PyTorch checkpoint to results/checkpoints/causal_eps100/best.pt
Saved PyTorch checkpoint to results/checkpoints/causal_eps100/best.pt
Saved PyTorch checkpoint to results/checkpoints/causal_eps100/best.pt
Saved PyTorch checkpoint to results/checkpoints/causal_eps100/best.pt
Saved PyTorch checkpoint to results/checkpoints/causal_eps100/best.pt
Saved PyTorch checkpoint to results/checkpoints/causal_eps100/best.pt
Saved PyTorch checkpoint to results/checkpoints/causal_eps100/best.pt
Saved PyTorch checkpoint to results/checkpoints/causal_eps100/best.pt
Saved PyTorch checkpoint to results/checkpoints/causal_eps100/best.pt
Saved PyTorch checkpoint to results/checkpoints/causal_eps100/best.pt
Saved PyTorch checkpoint to results/checkpoints/causal_eps100/best.pt
Saved PyTorch checkpoint to results/checkpoints/causal_eps100/best.pt
Saved PyTorch checkpoint to results/checkpoints/causal_eps100/best.pt
Saved PyTorch checkpoint to results/checkpoints/causal_eps100/best.pt
Saved PyTorch checkpoint to results/checkpoints/causal_eps100/best.pt
Saved PyTorch checkpoint to results/checkpoints/causal_eps100/best.pt
Saved PyTorch checkpoint to results/checkpoints/causal_eps100/best.pt
Saved PyTorch checkpoint to results/checkpoints/causal_eps100/best.pt
Saved PyTorch checkpoint to results/checkpoints/causal_eps100/best.pt
Saved PyTorch checkpoint to results/checkpoints/causal_eps100/best.pt
Saved PyTorch checkpoint to results/checkpoints/causal_eps100/best.pt
Saved PyTorch checkpoint to results/checkpoints/causal_eps100/best.pt
Saved PyTorch checkpoint to results/checkpoints/causal_eps100/best.pt
Saved PyTorch checkpoint to results/checkpoints/causal_eps100/best.pt
Saved PyTorch checkpoint to results/checkpoints/causal_eps100/best.pt
Saved PyTorch checkpoint to results/checkpoints/causal_eps100/best.pt
Saved PyTorch checkpoint to results/checkpoints/causal_eps100/best.pt
Saved PyTorch checkpoint to results/checkpoints/causal_eps100/best.pt
Saved PyTorch checkpoint to results/checkpoints/causal_eps100/best.pt
Saved PyTorch checkpoint to results/checkpoints/causal_eps100/best.pt
Saved PyTorch checkpoint to results/checkpoints/causal_eps100/best.pt
Saved PyTorch checkpoint to results/checkpoints/causal_eps100/best.pt
Saved PyTorch checkpoint to results/checkpoints/causal_eps100/best.pt
Saved PyTorch checkpoint to results/checkpoints/causal_eps100/best.pt
Saved PyTorch checkpoint to results/checkpoints/causal_eps100/best.pt
Saved PyTorch checkpoint to results/checkpoints/causal_eps100/best.pt
Saved PyTorch checkpoint to results/checkpoints/causal_eps100/best.pt
Saved PyTorch checkpoint to results/checkpoints/causal_eps100/best.pt
Saved PyTorch checkpoint to results/checkpoints/causal_eps100/best.pt
Saved PyTorch checkpoint to results/checkpoints/causal_eps100/best.pt
Saved PyTorch checkpoint to results/checkpoints/causal_eps100/best.pt
Saved PyTorch checkpoint to results/checkpoints/causal_eps100/best.pt
Saved PyTorch checkpoint to results/checkpoints/causal_eps100/best.pt
Adam 3000 | total=3.833e-02 f=1.153e-02 ic=6.491e-04 wall=4.119e-03 inlet=1.097e-03 outlet=7.097e-05 min_w=1.377e-35
Saved PyTorch checkpoint to results/checkpoints/causal_eps100/best.pt
Saved PyTorch checkpoint to results/checkpoints/causal_eps100/best.pt
Saved PyTorch checkpoint to results/checkpoints/causal_eps100/best.pt
Saved PyTorch checkpoint to results/checkpoints/causal_eps100/best.pt
Saved PyTorch checkpoint to results/checkpoints/causal_eps100/best.pt
Saved PyTorch checkpoint to results/checkpoints/causal_eps100/best.pt
Saved PyTorch checkpoint to results/checkpoints/causal_eps100/best.pt
Saved PyTorch checkpoint to results/checkpoints/causal_eps100/best.pt
Saved PyTorch checkpoint to results/checkpoints/causal_eps100/best.pt
Saved PyTorch checkpoint to results/checkpoints/causal_eps100/best.pt
Saved PyTorch checkpoint to results/checkpoints/causal_eps100/best.pt
Saved PyTorch checkpoint to results/checkpoints/causal_eps100/best.pt
Saved PyTorch checkpoint to results/checkpoints/causal_eps100/best.pt
Saved PyTorch checkpoint to results/checkpoints/causal_eps100/best.pt
Saved PyTorch checkpoint to results/checkpoints/causal_eps100/best.pt
Saved PyTorch checkpoint to results/checkpoints/causal_eps100/best.pt
Saved PyTorch checkpoint to results/checkpoints/causal_eps100/best.pt
Saved PyTorch checkpoint to results/checkpoints/causal_eps100/best.pt
Saved PyTorch checkpoint to results/checkpoints/causal_eps100/best.pt
Saved PyTorch checkpoint to results/checkpoints/causal_eps100/best.pt
Saved PyTorch checkpoint to results/checkpoints/causal_eps100/best.pt
Saved PyTorch checkpoint to results/checkpoints/causal_eps100/best.pt
Saved PyTorch checkpoint to results/checkpoints/causal_eps100/best.pt
Saved PyTorch checkpoint to results/checkpoints/causal_eps100/best.pt
Saved PyTorch checkpoint to results/checkpoints/causal_eps100/best.pt
Saved PyTorch checkpoint to results/checkpoints/causal_eps100/best.pt
Saved PyTorch checkpoint to results/checkpoints/causal_eps100/best.pt
Saved PyTorch checkpoint to results/checkpoints/causal_eps100/best.pt
Saved PyTorch checkpoint to results/checkpoints/causal_eps100/best.pt
Saved PyTorch checkpoint to results/checkpoints/causal_eps100/best.pt
Saved PyTorch checkpoint to results/checkpoints/causal_eps100/best.pt
Saved PyTorch checkpoint to results/checkpoints/causal_eps100/best.pt
Saved PyTorch checkpoint to results/checkpoints/causal_eps100/best.pt
Saved PyTorch checkpoint to results/checkpoints/causal_eps100/best.pt
Saved PyTorch checkpoint to results/checkpoints/causal_eps100/best.pt
Saved PyTorch checkpoint to results/checkpoints/causal_eps100/best.pt
Saved PyTorch checkpoint to results/checkpoints/causal_eps100/best.pt
Saved PyTorch checkpoint to results/checkpoints/causal_eps100/best.pt
Saved PyTorch checkpoint to results/checkpoints/causal_eps100/best.pt
Saved PyTorch checkpoint to results/checkpoints/causal_eps100/best.pt
Saved PyTorch checkpoint to results/checkpoints/causal_eps100/best.pt
Saved PyTorch checkpoint to results/checkpoints/causal_eps100/best.pt
Saved PyTorch checkpoint to results/checkpoints/causal_eps100/best.pt
Saved PyTorch checkpoint to results/checkpoints/causal_eps100/best.pt
Saved PyTorch checkpoint to results/checkpoints/causal_eps100/best.pt
Saved PyTorch checkpoint to results/checkpoints/causal_eps100/best.pt
Saved PyTorch checkpoint to results/checkpoints/causal_eps100/best.pt
Saved PyTorch checkpoint to results/checkpoints/causal_eps100/best.pt
Saved PyTorch checkpoint to results/checkpoints/causal_eps100/best.pt
Saved PyTorch checkpoint to results/checkpoints/causal_eps100/best.pt
Saved PyTorch checkpoint to results/checkpoints/causal_eps100/best.pt
Saved PyTorch checkpoint to results/checkpoints/causal_eps100/best.pt
Saved PyTorch checkpoint to results/checkpoints/causal_eps100/best.pt
Saved PyTorch checkpoint to results/checkpoints/causal_eps100/best.pt
Saved PyTorch checkpoint to results/checkpoints/causal_eps100/best.pt
Saved PyTorch checkpoint to results/checkpoints/causal_eps100/best.pt
Saved PyTorch checkpoint to results/checkpoints/causal_eps100/best.pt
Saved PyTorch checkpoint to results/checkpoints/causal_eps100/best.pt
Saved PyTorch checkpoint to results/checkpoints/causal_eps100/best.pt
Saved PyTorch checkpoint to results/checkpoints/causal_eps100/best.pt
Adam 3100 | total=4.071e-02 f=1.147e-02 ic=6.973e-04 wall=4.427e-03 inlet=1.267e-03 outlet=7.922e-05 min_w=1.487e-37
Saved PyTorch checkpoint to results/checkpoints/causal_eps100/best.pt
Saved PyTorch checkpoint to results/checkpoints/causal_eps100/best.pt
Saved PyTorch checkpoint to results/checkpoints/causal_eps100/best.pt
Saved PyTorch checkpoint to results/checkpoints/causal_eps100/best.pt
Saved PyTorch checkpoint to results/checkpoints/causal_eps100/best.pt
Saved PyTorch checkpoint to results/checkpoints/causal_eps100/best.pt
Saved PyTorch checkpoint to results/checkpoints/causal_eps100/best.pt
Saved PyTorch checkpoint to results/checkpoints/causal_eps100/best.pt
Saved PyTorch checkpoint to results/checkpoints/causal_eps100/best.pt
Saved PyTorch checkpoint to results/checkpoints/causal_eps100/best.pt
Saved PyTorch checkpoint to results/checkpoints/causal_eps100/best.pt
Saved PyTorch checkpoint to results/checkpoints/causal_eps100/best.pt
Saved PyTorch checkpoint to results/checkpoints/causal_eps100/best.pt
Saved PyTorch checkpoint to results/checkpoints/causal_eps100/best.pt
Saved PyTorch checkpoint to results/checkpoints/causal_eps100/best.pt
Saved PyTorch checkpoint to results/checkpoints/causal_eps100/best.pt
Saved PyTorch checkpoint to results/checkpoints/causal_eps100/best.pt
Saved PyTorch checkpoint to results/checkpoints/causal_eps100/best.pt
Saved PyTorch checkpoint to results/checkpoints/causal_eps100/best.pt
Saved PyTorch checkpoint to results/checkpoints/causal_eps100/best.pt
Saved PyTorch checkpoint to results/checkpoints/causal_eps100/best.pt
Saved PyTorch checkpoint to results/checkpoints/causal_eps100/best.pt
Saved PyTorch checkpoint to results/checkpoints/causal_eps100/best.pt
Saved PyTorch checkpoint to results/checkpoints/causal_eps100/best.pt
Saved PyTorch checkpoint to results/checkpoints/causal_eps100/best.pt
Saved PyTorch checkpoint to results/checkpoints/causal_eps100/best.pt
Saved PyTorch checkpoint to results/checkpoints/causal_eps100/best.pt
Saved PyTorch checkpoint to results/checkpoints/causal_eps100/best.pt
Saved PyTorch checkpoint to results/checkpoints/causal_eps100/best.pt
Saved PyTorch checkpoint to results/checkpoints/causal_eps100/best.pt
Saved PyTorch checkpoint to results/checkpoints/causal_eps100/best.pt
Saved PyTorch checkpoint to results/checkpoints/causal_eps100/best.pt
Saved PyTorch checkpoint to results/checkpoints/causal_eps100/best.pt
Saved PyTorch checkpoint to results/checkpoints/causal_eps100/best.pt
Saved PyTorch checkpoint to results/checkpoints/causal_eps100/best.pt
Saved PyTorch checkpoint to results/checkpoints/causal_eps100/best.pt
Saved PyTorch checkpoint to results/checkpoints/causal_eps100/best.pt
Saved PyTorch checkpoint to results/checkpoints/causal_eps100/best.pt
Saved PyTorch checkpoint to results/checkpoints/causal_eps100/best.pt
Saved PyTorch checkpoint to results/checkpoints/causal_eps100/best.pt
Saved PyTorch checkpoint to results/checkpoints/causal_eps100/best.pt
Saved PyTorch checkpoint to results/checkpoints/causal_eps100/best.pt
Saved PyTorch checkpoint to results/checkpoints/causal_eps100/best.pt
Saved PyTorch checkpoint to results/checkpoints/causal_eps100/best.pt
Saved PyTorch checkpoint to results/checkpoints/causal_eps100/best.pt
Saved PyTorch checkpoint to results/checkpoints/causal_eps100/best.pt
Saved PyTorch checkpoint to results/checkpoints/causal_eps100/best.pt
Saved PyTorch checkpoint to results/checkpoints/causal_eps100/best.pt
Saved PyTorch checkpoint to results/checkpoints/causal_eps100/best.pt
Saved PyTorch checkpoint to results/checkpoints/causal_eps100/best.pt
Saved PyTorch checkpoint to results/checkpoints/causal_eps100/best.pt
Saved PyTorch checkpoint to results/checkpoints/causal_eps100/best.pt
Saved PyTorch checkpoint to results/checkpoints/causal_eps100/best.pt
Saved PyTorch checkpoint to results/checkpoints/causal_eps100/best.pt
Saved PyTorch checkpoint to results/checkpoints/causal_eps100/best.pt
Saved PyTorch checkpoint to results/checkpoints/causal_eps100/best.pt
Saved PyTorch checkpoint to results/checkpoints/causal_eps100/best.pt
Saved PyTorch checkpoint to results/checkpoints/causal_eps100/best.pt
Saved PyTorch checkpoint to results/checkpoints/causal_eps100/best.pt
Saved PyTorch checkpoint to results/checkpoints/causal_eps100/best.pt
Saved PyTorch checkpoint to results/checkpoints/causal_eps100/best.pt
Saved PyTorch checkpoint to results/checkpoints/causal_eps100/best.pt
Saved PyTorch checkpoint to results/checkpoints/causal_eps100/best.pt
Saved PyTorch checkpoint to results/checkpoints/causal_eps100/best.pt
Saved PyTorch checkpoint to results/checkpoints/causal_eps100/best.pt
Saved PyTorch checkpoint to results/checkpoints/causal_eps100/best.pt
Saved PyTorch checkpoint to results/checkpoints/causal_eps100/best.pt
Saved PyTorch checkpoint to results/checkpoints/causal_eps100/best.pt
Saved PyTorch checkpoint to results/checkpoints/causal_eps100/best.pt
Adam 3200 | total=3.369e-02 f=1.149e-02 ic=6.120e-04 wall=3.331e-03 inlet=9.725e-04 outlet=7.331e-05 min_w=1.617e-36
Saved PyTorch checkpoint to results/checkpoints/causal_eps100/best.pt
Saved PyTorch checkpoint to results/checkpoints/causal_eps100/best.pt
Saved PyTorch checkpoint to results/checkpoints/causal_eps100/best.pt
Saved PyTorch checkpoint to results/checkpoints/causal_eps100/best.pt
Saved PyTorch checkpoint to results/checkpoints/causal_eps100/best.pt
Saved PyTorch checkpoint to results/checkpoints/causal_eps100/best.pt
Saved PyTorch checkpoint to results/checkpoints/causal_eps100/best.pt
Saved PyTorch checkpoint to results/checkpoints/causal_eps100/best.pt
Saved PyTorch checkpoint to results/checkpoints/causal_eps100/best.pt
Saved PyTorch checkpoint to results/checkpoints/causal_eps100/best.pt
Saved PyTorch checkpoint to results/checkpoints/causal_eps100/best.pt
Saved PyTorch checkpoint to results/checkpoints/causal_eps100/best.pt
Saved PyTorch checkpoint to results/checkpoints/causal_eps100/best.pt
Saved PyTorch checkpoint to results/checkpoints/causal_eps100/best.pt
Saved PyTorch checkpoint to results/checkpoints/causal_eps100/best.pt
Saved PyTorch checkpoint to results/checkpoints/causal_eps100/best.pt
Saved PyTorch checkpoint to results/checkpoints/causal_eps100/best.pt
Saved PyTorch checkpoint to results/checkpoints/causal_eps100/best.pt
Saved PyTorch checkpoint to results/checkpoints/causal_eps100/best.pt
Saved PyTorch checkpoint to results/checkpoints/causal_eps100/best.pt
Saved PyTorch checkpoint to results/checkpoints/causal_eps100/best.pt
Saved PyTorch checkpoint to results/checkpoints/causal_eps100/best.pt
Saved PyTorch checkpoint to results/checkpoints/causal_eps100/best.pt
Saved PyTorch checkpoint to results/checkpoints/causal_eps100/best.pt
Saved PyTorch checkpoint to results/checkpoints/causal_eps100/best.pt
Saved PyTorch checkpoint to results/checkpoints/causal_eps100/best.pt
Saved PyTorch checkpoint to results/checkpoints/causal_eps100/best.pt
Saved PyTorch checkpoint to results/checkpoints/causal_eps100/best.pt
Saved PyTorch checkpoint to results/checkpoints/causal_eps100/best.pt
Saved PyTorch checkpoint to results/checkpoints/causal_eps100/best.pt
Saved PyTorch checkpoint to results/checkpoints/causal_eps100/best.pt
Saved PyTorch checkpoint to results/checkpoints/causal_eps100/best.pt
Saved PyTorch checkpoint to results/checkpoints/causal_eps100/best.pt
Saved PyTorch checkpoint to results/checkpoints/causal_eps100/best.pt
Saved PyTorch checkpoint to results/checkpoints/causal_eps100/best.pt
Saved PyTorch checkpoint to results/checkpoints/causal_eps100/best.pt
Saved PyTorch checkpoint to results/checkpoints/causal_eps100/best.pt
Saved PyTorch checkpoint to results/checkpoints/causal_eps100/best.pt
Saved PyTorch checkpoint to results/checkpoints/causal_eps100/best.pt
Saved PyTorch checkpoint to results/checkpoints/causal_eps100/best.pt
Saved PyTorch checkpoint to results/checkpoints/causal_eps100/best.pt
Saved PyTorch checkpoint to results/checkpoints/causal_eps100/best.pt
Saved PyTorch checkpoint to results/checkpoints/causal_eps100/best.pt
Saved PyTorch checkpoint to results/checkpoints/causal_eps100/best.pt
Saved PyTorch checkpoint to results/checkpoints/causal_eps100/best.pt
Saved PyTorch checkpoint to results/checkpoints/causal_eps100/best.pt
Saved PyTorch checkpoint to results/checkpoints/causal_eps100/best.pt
Saved PyTorch checkpoint to results/checkpoints/causal_eps100/best.pt
Saved PyTorch checkpoint to results/checkpoints/causal_eps100/best.pt
Saved PyTorch checkpoint to results/checkpoints/causal_eps100/best.pt
Saved PyTorch checkpoint to results/checkpoints/causal_eps100/best.pt
Saved PyTorch checkpoint to results/checkpoints/causal_eps100/best.pt
Saved PyTorch checkpoint to results/checkpoints/causal_eps100/best.pt
Saved PyTorch checkpoint to results/checkpoints/causal_eps100/best.pt
Saved PyTorch checkpoint to results/checkpoints/causal_eps100/best.pt
Saved PyTorch checkpoint to results/checkpoints/causal_eps100/best.pt
Saved PyTorch checkpoint to results/checkpoints/causal_eps100/best.pt
Saved PyTorch checkpoint to results/checkpoints/causal_eps100/best.pt
Saved PyTorch checkpoint to results/checkpoints/causal_eps100/best.pt
Saved PyTorch checkpoint to results/checkpoints/causal_eps100/best.pt
Saved PyTorch checkpoint to results/checkpoints/causal_eps100/best.pt
Saved PyTorch checkpoint to results/checkpoints/causal_eps100/best.pt
Saved PyTorch checkpoint to results/checkpoints/causal_eps100/best.pt
Saved PyTorch checkpoint to results/checkpoints/causal_eps100/best.pt
Saved PyTorch checkpoint to results/checkpoints/causal_eps100/best.pt
Adam 3300 | total=3.308e-02 f=1.147e-02 ic=4.822e-04 wall=3.062e-03 inlet=1.151e-03 outlet=5.497e-05 min_w=2.619e-36
Saved PyTorch checkpoint to results/checkpoints/causal_eps100/best.pt
Saved PyTorch checkpoint to results/checkpoints/causal_eps100/best.pt
Saved PyTorch checkpoint to results/checkpoints/causal_eps100/best.pt
Saved PyTorch checkpoint to results/checkpoints/causal_eps100/best.pt
Saved PyTorch checkpoint to results/checkpoints/causal_eps100/best.pt
Saved PyTorch checkpoint to results/checkpoints/causal_eps100/best.pt
Saved PyTorch checkpoint to results/checkpoints/causal_eps100/best.pt
Saved PyTorch checkpoint to results/checkpoints/causal_eps100/best.pt
Saved PyTorch checkpoint to results/checkpoints/causal_eps100/best.pt
Saved PyTorch checkpoint to results/checkpoints/causal_eps100/best.pt
Saved PyTorch checkpoint to results/checkpoints/causal_eps100/best.pt
Saved PyTorch checkpoint to results/checkpoints/causal_eps100/best.pt
Saved PyTorch checkpoint to results/checkpoints/causal_eps100/best.pt
Saved PyTorch checkpoint to results/checkpoints/causal_eps100/best.pt
Saved PyTorch checkpoint to results/checkpoints/causal_eps100/best.pt
Saved PyTorch checkpoint to results/checkpoints/causal_eps100/best.pt
Saved PyTorch checkpoint to results/checkpoints/causal_eps100/best.pt
Saved PyTorch checkpoint to results/checkpoints/causal_eps100/best.pt
Saved PyTorch checkpoint to results/checkpoints/causal_eps100/best.pt
Saved PyTorch checkpoint to results/checkpoints/causal_eps100/best.pt
Saved PyTorch checkpoint to results/checkpoints/causal_eps100/best.pt
Saved PyTorch checkpoint to results/checkpoints/causal_eps100/best.pt
Saved PyTorch checkpoint to results/checkpoints/causal_eps100/best.pt
Saved PyTorch checkpoint to results/checkpoints/causal_eps100/best.pt
Saved PyTorch checkpoint to results/checkpoints/causal_eps100/best.pt
Saved PyTorch checkpoint to results/checkpoints/causal_eps100/best.pt
Saved PyTorch checkpoint to results/checkpoints/causal_eps100/best.pt
Saved PyTorch checkpoint to results/checkpoints/causal_eps100/best.pt
Saved PyTorch checkpoint to results/checkpoints/causal_eps100/best.pt
Saved PyTorch checkpoint to results/checkpoints/causal_eps100/best.pt
Saved PyTorch checkpoint to results/checkpoints/causal_eps100/best.pt
Saved PyTorch checkpoint to results/checkpoints/causal_eps100/best.pt
Saved PyTorch checkpoint to results/checkpoints/causal_eps100/best.pt
Saved PyTorch checkpoint to results/checkpoints/causal_eps100/best.pt
Saved PyTorch checkpoint to results/checkpoints/causal_eps100/best.pt
Saved PyTorch checkpoint to results/checkpoints/causal_eps100/best.pt
Saved PyTorch checkpoint to results/checkpoints/causal_eps100/best.pt
Saved PyTorch checkpoint to results/checkpoints/causal_eps100/best.pt
Saved PyTorch checkpoint to results/checkpoints/causal_eps100/best.pt
Saved PyTorch checkpoint to results/checkpoints/causal_eps100/best.pt
Saved PyTorch checkpoint to results/checkpoints/causal_eps100/best.pt
Saved PyTorch checkpoint to results/checkpoints/causal_eps100/best.pt
Saved PyTorch checkpoint to results/checkpoints/causal_eps100/best.pt
Saved PyTorch checkpoint to results/checkpoints/causal_eps100/best.pt
Saved PyTorch checkpoint to results/checkpoints/causal_eps100/best.pt
Saved PyTorch checkpoint to results/checkpoints/causal_eps100/best.pt
Saved PyTorch checkpoint to results/checkpoints/causal_eps100/best.pt
Saved PyTorch checkpoint to results/checkpoints/causal_eps100/best.pt
Saved PyTorch checkpoint to results/checkpoints/causal_eps100/best.pt
Saved PyTorch checkpoint to results/checkpoints/causal_eps100/best.pt
Saved PyTorch checkpoint to results/checkpoints/causal_eps100/best.pt
Saved PyTorch checkpoint to results/checkpoints/causal_eps100/best.pt
Saved PyTorch checkpoint to results/checkpoints/causal_eps100/best.pt
Adam 3400 | total=3.004e-02 f=1.146e-02 ic=5.951e-04 wall=2.724e-03 inlet=8.582e-04 outlet=6.985e-05 min_w=1.372e-36
Saved PyTorch checkpoint to results/checkpoints/causal_eps100/best.pt
Saved PyTorch checkpoint to results/checkpoints/causal_eps100/best.pt
Saved PyTorch checkpoint to results/checkpoints/causal_eps100/best.pt
Saved PyTorch checkpoint to results/checkpoints/causal_eps100/best.pt
Saved PyTorch checkpoint to results/checkpoints/causal_eps100/best.pt
Saved PyTorch checkpoint to results/checkpoints/causal_eps100/best.pt
Saved PyTorch checkpoint to results/checkpoints/causal_eps100/best.pt
Saved PyTorch checkpoint to results/checkpoints/causal_eps100/best.pt
Saved PyTorch checkpoint to results/checkpoints/causal_eps100/best.pt
Saved PyTorch checkpoint to results/checkpoints/causal_eps100/best.pt
Saved PyTorch checkpoint to results/checkpoints/causal_eps100/best.pt
Saved PyTorch checkpoint to results/checkpoints/causal_eps100/best.pt
Saved PyTorch checkpoint to results/checkpoints/causal_eps100/best.pt
Saved PyTorch checkpoint to results/checkpoints/causal_eps100/best.pt
Saved PyTorch checkpoint to results/checkpoints/causal_eps100/best.pt
Saved PyTorch checkpoint to results/checkpoints/causal_eps100/best.pt
Saved PyTorch checkpoint to results/checkpoints/causal_eps100/best.pt
Saved PyTorch checkpoint to results/checkpoints/causal_eps100/best.pt
Saved PyTorch checkpoint to results/checkpoints/causal_eps100/best.pt
Saved PyTorch checkpoint to results/checkpoints/causal_eps100/best.pt
Saved PyTorch checkpoint to results/checkpoints/causal_eps100/best.pt
Saved PyTorch checkpoint to results/checkpoints/causal_eps100/best.pt
Saved PyTorch checkpoint to results/checkpoints/causal_eps100/best.pt
Saved PyTorch checkpoint to results/checkpoints/causal_eps100/best.pt
Saved PyTorch checkpoint to results/checkpoints/causal_eps100/best.pt
Saved PyTorch checkpoint to results/checkpoints/causal_eps100/best.pt
Saved PyTorch checkpoint to results/checkpoints/causal_eps100/best.pt
Saved PyTorch checkpoint to results/checkpoints/causal_eps100/best.pt
Saved PyTorch checkpoint to results/checkpoints/causal_eps100/best.pt
Saved PyTorch checkpoint to results/checkpoints/causal_eps100/best.pt
Saved PyTorch checkpoint to results/checkpoints/causal_eps100/best.pt
Saved PyTorch checkpoint to results/checkpoints/causal_eps100/best.pt
Saved PyTorch checkpoint to results/checkpoints/causal_eps100/best.pt
Saved PyTorch checkpoint to results/checkpoints/causal_eps100/best.pt
Saved PyTorch checkpoint to results/checkpoints/causal_eps100/best.pt
Saved PyTorch checkpoint to results/checkpoints/causal_eps100/best.pt
Saved PyTorch checkpoint to results/checkpoints/causal_eps100/best.pt
Saved PyTorch checkpoint to results/checkpoints/causal_eps100/best.pt
Saved PyTorch checkpoint to results/checkpoints/causal_eps100/best.pt
Saved PyTorch checkpoint to results/checkpoints/causal_eps100/best.pt
Saved PyTorch checkpoint to results/checkpoints/causal_eps100/best.pt
Saved PyTorch checkpoint to results/checkpoints/causal_eps100/best.pt
Saved PyTorch checkpoint to results/checkpoints/causal_eps100/best.pt
Saved PyTorch checkpoint to results/checkpoints/causal_eps100/best.pt
Saved PyTorch checkpoint to results/checkpoints/causal_eps100/best.pt
Saved PyTorch checkpoint to results/checkpoints/causal_eps100/best.pt
Saved PyTorch checkpoint to results/checkpoints/causal_eps100/best.pt
Saved PyTorch checkpoint to results/checkpoints/causal_eps100/best.pt
Saved PyTorch checkpoint to results/checkpoints/causal_eps100/best.pt
Saved PyTorch checkpoint to results/checkpoints/causal_eps100/best.pt
Saved PyTorch checkpoint to results/checkpoints/causal_eps100/best.pt
Saved PyTorch checkpoint to results/checkpoints/causal_eps100/best.pt
Saved PyTorch checkpoint to results/checkpoints/causal_eps100/best.pt
Saved PyTorch checkpoint to results/checkpoints/causal_eps100/best.pt
Saved PyTorch checkpoint to results/checkpoints/causal_eps100/best.pt
Saved PyTorch checkpoint to results/checkpoints/causal_eps100/best.pt
Saved PyTorch checkpoint to results/checkpoints/causal_eps100/best.pt
Saved PyTorch checkpoint to results/checkpoints/causal_eps100/best.pt
Saved PyTorch checkpoint to results/checkpoints/causal_eps100/best.pt
Saved PyTorch checkpoint to results/checkpoints/causal_eps100/best.pt
Saved PyTorch checkpoint to results/checkpoints/causal_eps100/best.pt
Saved PyTorch checkpoint to results/checkpoints/causal_eps100/best.pt
Saved PyTorch checkpoint to results/checkpoints/causal_eps100/best.pt
Saved PyTorch checkpoint to results/checkpoints/causal_eps100/best.pt
Saved PyTorch checkpoint to results/checkpoints/causal_eps100/best.pt
Saved PyTorch checkpoint to results/checkpoints/causal_eps100/best.pt
Saved PyTorch checkpoint to results/checkpoints/causal_eps100/best.pt
Saved PyTorch checkpoint to results/checkpoints/causal_eps100/best.pt
Saved PyTorch checkpoint to results/checkpoints/causal_eps100/best.pt
Saved PyTorch checkpoint to results/checkpoints/causal_eps100/best.pt
Saved PyTorch checkpoint to results/checkpoints/causal_eps100/best.pt
Saved PyTorch checkpoint to results/checkpoints/causal_eps100/best.pt
Saved PyTorch checkpoint to results/checkpoints/causal_eps100/best.pt
Saved PyTorch checkpoint to results/checkpoints/causal_eps100/best.pt
Saved PyTorch checkpoint to results/checkpoints/causal_eps100/best.pt
Saved PyTorch checkpoint to results/checkpoints/causal_eps100/best.pt
Saved PyTorch checkpoint to results/checkpoints/causal_eps100/best.pt
Saved PyTorch checkpoint to results/checkpoints/causal_eps100/best.pt
Saved PyTorch checkpoint to results/checkpoints/causal_eps100/best.pt
Saved PyTorch checkpoint to results/checkpoints/causal_eps100/best.pt
Saved PyTorch checkpoint to results/checkpoints/causal_eps100/best.pt
Saved PyTorch checkpoint to results/checkpoints/causal_eps100/best.pt
Saved PyTorch checkpoint to results/checkpoints/causal_eps100/best.pt
Saved PyTorch checkpoint to results/checkpoints/causal_eps100/best.pt
Saved PyTorch checkpoint to results/checkpoints/causal_eps100/best.pt
Saved PyTorch checkpoint to results/checkpoints/causal_eps100/best.pt
Saved PyTorch checkpoint to results/checkpoints/causal_eps100/best.pt
Saved PyTorch checkpoint to results/checkpoints/causal_eps100/best.pt
Saved PyTorch checkpoint to results/checkpoints/causal_eps100/best.pt
Saved PyTorch checkpoint to results/checkpoints/causal_eps100/best.pt
Saved PyTorch checkpoint to results/checkpoints/causal_eps100/best.pt
Saved PyTorch checkpoint to results/checkpoints/causal_eps100/best.pt
Saved PyTorch checkpoint to results/checkpoints/causal_eps100/best.pt
Saved PyTorch checkpoint to results/checkpoints/causal_eps100/best.pt
Saved PyTorch checkpoint to results/checkpoints/causal_eps100/best.pt
Saved PyTorch checkpoint to results/checkpoints/causal_eps100/best.pt
Saved PyTorch checkpoint to results/checkpoints/causal_eps100/best.pt
Saved PyTorch checkpoint to results/checkpoints/causal_eps100/best.pt
Saved PyTorch checkpoint to results/checkpoints/causal_eps100/best.pt
Saved PyTorch checkpoint to results/checkpoints/causal_eps100/best.pt
Adam 3500 | total=2.808e-02 f=1.143e-02 ic=6.088e-04 wall=2.405e-03 inlet=7.900e-04 outlet=6.789e-05 min_w=5.525e-36
Saved PyTorch checkpoint to results/checkpoints/causal_eps100/best.pt
Saved PyTorch checkpoint to results/checkpoints/causal_eps100/best.pt
Saved PyTorch checkpoint to results/checkpoints/causal_eps100/best.pt
Saved PyTorch checkpoint to results/checkpoints/causal_eps100/best.pt
Saved PyTorch checkpoint to results/checkpoints/causal_eps100/best.pt
Saved PyTorch checkpoint to results/checkpoints/causal_eps100/best.pt
Saved PyTorch checkpoint to results/checkpoints/causal_eps100/best.pt
Saved PyTorch checkpoint to results/checkpoints/causal_eps100/best.pt
Saved PyTorch checkpoint to results/checkpoints/causal_eps100/best.pt
Saved PyTorch checkpoint to results/checkpoints/causal_eps100/best.pt
Saved PyTorch checkpoint to results/checkpoints/causal_eps100/best.pt
Saved PyTorch checkpoint to results/checkpoints/causal_eps100/best.pt
Saved PyTorch checkpoint to results/checkpoints/causal_eps100/best.pt
Saved PyTorch checkpoint to results/checkpoints/causal_eps100/best.pt
Saved PyTorch checkpoint to results/checkpoints/causal_eps100/best.pt
Saved PyTorch checkpoint to results/checkpoints/causal_eps100/best.pt
Saved PyTorch checkpoint to results/checkpoints/causal_eps100/best.pt
Saved PyTorch checkpoint to results/checkpoints/causal_eps100/best.pt
Saved PyTorch checkpoint to results/checkpoints/causal_eps100/best.pt
Saved PyTorch checkpoint to results/checkpoints/causal_eps100/best.pt
Saved PyTorch checkpoint to results/checkpoints/causal_eps100/best.pt
Saved PyTorch checkpoint to results/checkpoints/causal_eps100/best.pt
Saved PyTorch checkpoint to results/checkpoints/causal_eps100/best.pt
Saved PyTorch checkpoint to results/checkpoints/causal_eps100/best.pt
Saved PyTorch checkpoint to results/checkpoints/causal_eps100/best.pt
Saved PyTorch checkpoint to results/checkpoints/causal_eps100/best.pt
Saved PyTorch checkpoint to results/checkpoints/causal_eps100/best.pt
Saved PyTorch checkpoint to results/checkpoints/causal_eps100/best.pt
Saved PyTorch checkpoint to results/checkpoints/causal_eps100/best.pt
Saved PyTorch checkpoint to results/checkpoints/causal_eps100/best.pt
Adam 3600 | total=2.725e-02 f=1.143e-02 ic=5.778e-04 wall=2.272e-03 inlet=7.646e-04 outlet=6.784e-05 min_w=1.567e-35
Saved PyTorch checkpoint to results/checkpoints/causal_eps100/best.pt
Saved PyTorch checkpoint to results/checkpoints/causal_eps100/best.pt
Saved PyTorch checkpoint to results/checkpoints/causal_eps100/best.pt
Saved PyTorch checkpoint to results/checkpoints/causal_eps100/best.pt
Saved PyTorch checkpoint to results/checkpoints/causal_eps100/best.pt
Saved PyTorch checkpoint to results/checkpoints/causal_eps100/best.pt
Saved PyTorch checkpoint to results/checkpoints/causal_eps100/best.pt
Saved PyTorch checkpoint to results/checkpoints/causal_eps100/best.pt
Saved PyTorch checkpoint to results/checkpoints/causal_eps100/best.pt
Saved PyTorch checkpoint to results/checkpoints/causal_eps100/best.pt
Saved PyTorch checkpoint to results/checkpoints/causal_eps100/best.pt
Saved PyTorch checkpoint to results/checkpoints/causal_eps100/best.pt
Saved PyTorch checkpoint to results/checkpoints/causal_eps100/best.pt
Saved PyTorch checkpoint to results/checkpoints/causal_eps100/best.pt
Saved PyTorch checkpoint to results/checkpoints/causal_eps100/best.pt
Saved PyTorch checkpoint to results/checkpoints/causal_eps100/best.pt
Saved PyTorch checkpoint to results/checkpoints/causal_eps100/best.pt
Saved PyTorch checkpoint to results/checkpoints/causal_eps100/best.pt
Saved PyTorch checkpoint to results/checkpoints/causal_eps100/best.pt
Saved PyTorch checkpoint to results/checkpoints/causal_eps100/best.pt
Saved PyTorch checkpoint to results/checkpoints/causal_eps100/best.pt
Saved PyTorch checkpoint to results/checkpoints/causal_eps100/best.pt
Saved PyTorch checkpoint to results/checkpoints/causal_eps100/best.pt
Saved PyTorch checkpoint to results/checkpoints/causal_eps100/best.pt
Saved PyTorch checkpoint to results/checkpoints/causal_eps100/best.pt
Saved PyTorch checkpoint to results/checkpoints/causal_eps100/best.pt
Saved PyTorch checkpoint to results/checkpoints/causal_eps100/best.pt
Saved PyTorch checkpoint to results/checkpoints/causal_eps100/best.pt
Saved PyTorch checkpoint to results/checkpoints/causal_eps100/best.pt
Saved PyTorch checkpoint to results/checkpoints/causal_eps100/best.pt
Saved PyTorch checkpoint to results/checkpoints/causal_eps100/best.pt
Saved PyTorch checkpoint to results/checkpoints/causal_eps100/best.pt
Saved PyTorch checkpoint to results/checkpoints/causal_eps100/best.pt
Saved PyTorch checkpoint to results/checkpoints/causal_eps100/best.pt
Saved PyTorch checkpoint to results/checkpoints/causal_eps100/best.pt
Saved PyTorch checkpoint to results/checkpoints/causal_eps100/best.pt
Saved PyTorch checkpoint to results/checkpoints/causal_eps100/best.pt
Saved PyTorch checkpoint to results/checkpoints/causal_eps100/best.pt
Saved PyTorch checkpoint to results/checkpoints/causal_eps100/best.pt
Saved PyTorch checkpoint to results/checkpoints/causal_eps100/best.pt
Saved PyTorch checkpoint to results/checkpoints/causal_eps100/best.pt
Saved PyTorch checkpoint to results/checkpoints/causal_eps100/best.pt
Saved PyTorch checkpoint to results/checkpoints/causal_eps100/best.pt
Saved PyTorch checkpoint to results/checkpoints/causal_eps100/best.pt
Saved PyTorch checkpoint to results/checkpoints/causal_eps100/best.pt
Saved PyTorch checkpoint to results/checkpoints/causal_eps100/best.pt
Saved PyTorch checkpoint to results/checkpoints/causal_eps100/best.pt
Saved PyTorch checkpoint to results/checkpoints/causal_eps100/best.pt
Saved PyTorch checkpoint to results/checkpoints/causal_eps100/best.pt
Saved PyTorch checkpoint to results/checkpoints/causal_eps100/best.pt
Saved PyTorch checkpoint to results/checkpoints/causal_eps100/best.pt
Saved PyTorch checkpoint to results/checkpoints/causal_eps100/best.pt
Saved PyTorch checkpoint to results/checkpoints/causal_eps100/best.pt
Saved PyTorch checkpoint to results/checkpoints/causal_eps100/best.pt
Saved PyTorch checkpoint to results/checkpoints/causal_eps100/best.pt
Saved PyTorch checkpoint to results/checkpoints/causal_eps100/best.pt
Saved PyTorch checkpoint to results/checkpoints/causal_eps100/best.pt
Saved PyTorch checkpoint to results/checkpoints/causal_eps100/best.pt
Saved PyTorch checkpoint to results/checkpoints/causal_eps100/best.pt
Saved PyTorch checkpoint to results/checkpoints/causal_eps100/best.pt
Saved PyTorch checkpoint to results/checkpoints/causal_eps100/best.pt
Saved PyTorch checkpoint to results/checkpoints/causal_eps100/best.pt
Saved PyTorch checkpoint to results/checkpoints/causal_eps100/best.pt
Saved PyTorch checkpoint to results/checkpoints/causal_eps100/best.pt
Saved PyTorch checkpoint to results/checkpoints/causal_eps100/best.pt
Saved PyTorch checkpoint to results/checkpoints/causal_eps100/best.pt
Saved PyTorch checkpoint to results/checkpoints/causal_eps100/best.pt
Saved PyTorch checkpoint to results/checkpoints/causal_eps100/best.pt
Saved PyTorch checkpoint to results/checkpoints/causal_eps100/best.pt
Saved PyTorch checkpoint to results/checkpoints/causal_eps100/best.pt
Saved PyTorch checkpoint to results/checkpoints/causal_eps100/best.pt
Saved PyTorch checkpoint to results/checkpoints/causal_eps100/best.pt
Saved PyTorch checkpoint to results/checkpoints/causal_eps100/best.pt
Adam 3700 | total=3.899e-02 f=1.134e-02 ic=8.784e-04 wall=2.341e-03 inlet=3.003e-03 outlet=5.786e-05 min_w=4.192e-32
Saved PyTorch checkpoint to results/checkpoints/causal_eps100/best.pt
Saved PyTorch checkpoint to results/checkpoints/causal_eps100/best.pt
Saved PyTorch checkpoint to results/checkpoints/causal_eps100/best.pt
Saved PyTorch checkpoint to results/checkpoints/causal_eps100/best.pt
Saved PyTorch checkpoint to results/checkpoints/causal_eps100/best.pt
Saved PyTorch checkpoint to results/checkpoints/causal_eps100/best.pt
Saved PyTorch checkpoint to results/checkpoints/causal_eps100/best.pt
Saved PyTorch checkpoint to results/checkpoints/causal_eps100/best.pt
Saved PyTorch checkpoint to results/checkpoints/causal_eps100/best.pt
Saved PyTorch checkpoint to results/checkpoints/causal_eps100/best.pt
Saved PyTorch checkpoint to results/checkpoints/causal_eps100/best.pt
Saved PyTorch checkpoint to results/checkpoints/causal_eps100/best.pt
Saved PyTorch checkpoint to results/checkpoints/causal_eps100/best.pt
Saved PyTorch checkpoint to results/checkpoints/causal_eps100/best.pt
Saved PyTorch checkpoint to results/checkpoints/causal_eps100/best.pt
Saved PyTorch checkpoint to results/checkpoints/causal_eps100/best.pt
Saved PyTorch checkpoint to results/checkpoints/causal_eps100/best.pt
Saved PyTorch checkpoint to results/checkpoints/causal_eps100/best.pt
Saved PyTorch checkpoint to results/checkpoints/causal_eps100/best.pt
Saved PyTorch checkpoint to results/checkpoints/causal_eps100/best.pt
Saved PyTorch checkpoint to results/checkpoints/causal_eps100/best.pt
Saved PyTorch checkpoint to results/checkpoints/causal_eps100/best.pt
Saved PyTorch checkpoint to results/checkpoints/causal_eps100/best.pt
Saved PyTorch checkpoint to results/checkpoints/causal_eps100/best.pt
Saved PyTorch checkpoint to results/checkpoints/causal_eps100/best.pt
Saved PyTorch checkpoint to results/checkpoints/causal_eps100/best.pt
Saved PyTorch checkpoint to results/checkpoints/causal_eps100/best.pt
Adam 3800 | total=2.555e-02 f=1.142e-02 ic=5.891e-04 wall=2.002e-03 inlet=6.923e-04 outlet=6.190e-05 min_w=1.614e-32
Saved PyTorch checkpoint to results/checkpoints/causal_eps100/best.pt
Saved PyTorch checkpoint to results/checkpoints/causal_eps100/best.pt
Saved PyTorch checkpoint to results/checkpoints/causal_eps100/best.pt
Saved PyTorch checkpoint to results/checkpoints/causal_eps100/best.pt
Saved PyTorch checkpoint to results/checkpoints/causal_eps100/best.pt
Saved PyTorch checkpoint to results/checkpoints/causal_eps100/best.pt
Saved PyTorch checkpoint to results/checkpoints/causal_eps100/best.pt
Saved PyTorch checkpoint to results/checkpoints/causal_eps100/best.pt
Saved PyTorch checkpoint to results/checkpoints/causal_eps100/best.pt
Saved PyTorch checkpoint to results/checkpoints/causal_eps100/best.pt
Saved PyTorch checkpoint to results/checkpoints/causal_eps100/best.pt
Saved PyTorch checkpoint to results/checkpoints/causal_eps100/best.pt
Saved PyTorch checkpoint to results/checkpoints/causal_eps100/best.pt
Saved PyTorch checkpoint to results/checkpoints/causal_eps100/best.pt
Saved PyTorch checkpoint to results/checkpoints/causal_eps100/best.pt
Saved PyTorch checkpoint to results/checkpoints/causal_eps100/best.pt
Saved PyTorch checkpoint to results/checkpoints/causal_eps100/best.pt
Saved PyTorch checkpoint to results/checkpoints/causal_eps100/best.pt
Saved PyTorch checkpoint to results/checkpoints/causal_eps100/best.pt
Saved PyTorch checkpoint to results/checkpoints/causal_eps100/best.pt
Saved PyTorch checkpoint to results/checkpoints/causal_eps100/best.pt
Saved PyTorch checkpoint to results/checkpoints/causal_eps100/best.pt
Saved PyTorch checkpoint to results/checkpoints/causal_eps100/best.pt
Saved PyTorch checkpoint to results/checkpoints/causal_eps100/best.pt
Saved PyTorch checkpoint to results/checkpoints/causal_eps100/best.pt
Saved PyTorch checkpoint to results/checkpoints/causal_eps100/best.pt
Saved PyTorch checkpoint to results/checkpoints/causal_eps100/best.pt
Saved PyTorch checkpoint to results/checkpoints/causal_eps100/best.pt
Saved PyTorch checkpoint to results/checkpoints/causal_eps100/best.pt
Saved PyTorch checkpoint to results/checkpoints/causal_eps100/best.pt
Saved PyTorch checkpoint to results/checkpoints/causal_eps100/best.pt
Saved PyTorch checkpoint to results/checkpoints/causal_eps100/best.pt
Saved PyTorch checkpoint to results/checkpoints/causal_eps100/best.pt
Saved PyTorch checkpoint to results/checkpoints/causal_eps100/best.pt
Saved PyTorch checkpoint to results/checkpoints/causal_eps100/best.pt
Saved PyTorch checkpoint to results/checkpoints/causal_eps100/best.pt
Saved PyTorch checkpoint to results/checkpoints/causal_eps100/best.pt
Saved PyTorch checkpoint to results/checkpoints/causal_eps100/best.pt
Saved PyTorch checkpoint to results/checkpoints/causal_eps100/best.pt
Saved PyTorch checkpoint to results/checkpoints/causal_eps100/best.pt
Saved PyTorch checkpoint to results/checkpoints/causal_eps100/best.pt
Saved PyTorch checkpoint to results/checkpoints/causal_eps100/best.pt
Saved PyTorch checkpoint to results/checkpoints/causal_eps100/best.pt
Saved PyTorch checkpoint to results/checkpoints/causal_eps100/best.pt
Saved PyTorch checkpoint to results/checkpoints/causal_eps100/best.pt
Adam 3900 | total=2.572e-02 f=1.144e-02 ic=6.118e-04 wall=2.175e-03 inlet=5.472e-04 outlet=5.520e-05 min_w=1.728e-31
Saved PyTorch checkpoint to results/checkpoints/causal_eps100/best.pt
Saved PyTorch checkpoint to results/checkpoints/causal_eps100/best.pt
Saved PyTorch checkpoint to results/checkpoints/causal_eps100/best.pt
Saved PyTorch checkpoint to results/checkpoints/causal_eps100/best.pt
Saved PyTorch checkpoint to results/checkpoints/causal_eps100/best.pt
Saved PyTorch checkpoint to results/checkpoints/causal_eps100/best.pt
Saved PyTorch checkpoint to results/checkpoints/causal_eps100/best.pt
Saved PyTorch checkpoint to results/checkpoints/causal_eps100/best.pt
Saved PyTorch checkpoint to results/checkpoints/causal_eps100/best.pt
Saved PyTorch checkpoint to results/checkpoints/causal_eps100/best.pt
Saved PyTorch checkpoint to results/checkpoints/causal_eps100/best.pt
Saved PyTorch checkpoint to results/checkpoints/causal_eps100/best.pt
Saved PyTorch checkpoint to results/checkpoints/causal_eps100/best.pt
Saved PyTorch checkpoint to results/checkpoints/causal_eps100/best.pt
Saved PyTorch checkpoint to results/checkpoints/causal_eps100/best.pt
Saved PyTorch checkpoint to results/checkpoints/causal_eps100/best.pt
Saved PyTorch checkpoint to results/checkpoints/causal_eps100/best.pt
Saved PyTorch checkpoint to results/checkpoints/causal_eps100/best.pt
Saved PyTorch checkpoint to results/checkpoints/causal_eps100/best.pt
Saved PyTorch checkpoint to results/checkpoints/causal_eps100/best.pt
Saved PyTorch checkpoint to results/checkpoints/causal_eps100/best.pt
Saved PyTorch checkpoint to results/checkpoints/causal_eps100/best.pt
Saved PyTorch checkpoint to results/checkpoints/causal_eps100/best.pt
Saved PyTorch checkpoint to results/checkpoints/causal_eps100/best.pt
Saved PyTorch checkpoint to results/checkpoints/causal_eps100/best.pt
Saved PyTorch checkpoint to results/checkpoints/causal_eps100/best.pt
Saved PyTorch checkpoint to results/checkpoints/causal_eps100/best.pt
Saved PyTorch checkpoint to results/checkpoints/causal_eps100/best.pt
Saved PyTorch checkpoint to results/checkpoints/causal_eps100/best.pt
Saved PyTorch checkpoint to results/checkpoints/causal_eps100/best.pt
Saved PyTorch checkpoint to results/checkpoints/causal_eps100/best.pt
Saved PyTorch checkpoint to results/checkpoints/causal_eps100/best.pt
Saved PyTorch checkpoint to results/checkpoints/causal_eps100/best.pt
Saved PyTorch checkpoint to results/checkpoints/causal_eps100/best.pt
Saved PyTorch checkpoint to results/checkpoints/causal_eps100/best.pt
Saved PyTorch checkpoint to results/checkpoints/causal_eps100/best.pt
Saved PyTorch checkpoint to results/checkpoints/causal_eps100/best.pt
Saved PyTorch checkpoint to results/checkpoints/causal_eps100/best.pt
Saved PyTorch checkpoint to results/checkpoints/causal_eps100/best.pt
Saved PyTorch checkpoint to results/checkpoints/causal_eps100/best.pt
Adam 4000 | total=3.849e-02 f=1.132e-02 ic=1.164e-03 wall=3.469e-03 inlet=1.722e-03 outlet=4.844e-05 min_w=7.455e-32
Saved PyTorch checkpoint to results/checkpoints/causal_eps100/best.pt
Saved PyTorch checkpoint to results/checkpoints/causal_eps100/best.pt
Saved PyTorch checkpoint to results/checkpoints/causal_eps100/best.pt
Saved PyTorch checkpoint to results/checkpoints/causal_eps100/best.pt
Saved PyTorch checkpoint to results/checkpoints/causal_eps100/best.pt
Saved PyTorch checkpoint to results/checkpoints/causal_eps100/best.pt
Adam 4100 | total=2.455e-02 f=1.140e-02 ic=5.809e-04 wall=1.623e-03 inlet=8.802e-04 outlet=5.617e-05 min_w=1.898e-27
Saved PyTorch checkpoint to results/checkpoints/causal_eps100/best.pt
Saved PyTorch checkpoint to results/checkpoints/causal_eps100/best.pt
Saved PyTorch checkpoint to results/checkpoints/causal_eps100/best.pt
Saved PyTorch checkpoint to results/checkpoints/causal_eps100/best.pt
Saved PyTorch checkpoint to results/checkpoints/causal_eps100/best.pt
Saved PyTorch checkpoint to results/checkpoints/causal_eps100/best.pt
Saved PyTorch checkpoint to results/checkpoints/causal_eps100/best.pt
Saved PyTorch checkpoint to results/checkpoints/causal_eps100/best.pt
Saved PyTorch checkpoint to results/checkpoints/causal_eps100/best.pt
Saved PyTorch checkpoint to results/checkpoints/causal_eps100/best.pt
Saved PyTorch checkpoint to results/checkpoints/causal_eps100/best.pt
Saved PyTorch checkpoint to results/checkpoints/causal_eps100/best.pt
Saved PyTorch checkpoint to results/checkpoints/causal_eps100/best.pt
Adam 4200 | total=2.377e-02 f=1.140e-02 ic=5.921e-04 wall=1.601e-03 inlet=7.421e-04 outlet=5.492e-05 min_w=2.984e-26
Saved PyTorch checkpoint to results/checkpoints/causal_eps100/best.pt
Saved PyTorch checkpoint to results/checkpoints/causal_eps100/best.pt
Saved PyTorch checkpoint to results/checkpoints/causal_eps100/best.pt
Saved PyTorch checkpoint to results/checkpoints/causal_eps100/best.pt
Saved PyTorch checkpoint to results/checkpoints/causal_eps100/best.pt
Saved PyTorch checkpoint to results/checkpoints/causal_eps100/best.pt
Saved PyTorch checkpoint to results/checkpoints/causal_eps100/best.pt
Saved PyTorch checkpoint to results/checkpoints/causal_eps100/best.pt
Saved PyTorch checkpoint to results/checkpoints/causal_eps100/best.pt
Saved PyTorch checkpoint to results/checkpoints/causal_eps100/best.pt
Saved PyTorch checkpoint to results/checkpoints/causal_eps100/best.pt
Saved PyTorch checkpoint to results/checkpoints/causal_eps100/best.pt
Saved PyTorch checkpoint to results/checkpoints/causal_eps100/best.pt
Saved PyTorch checkpoint to results/checkpoints/causal_eps100/best.pt
Saved PyTorch checkpoint to results/checkpoints/causal_eps100/best.pt
Adam 4300 | total=2.330e-02 f=1.140e-02 ic=6.279e-04 wall=1.683e-03 inlet=5.598e-04 outlet=5.235e-05 min_w=4.935e-25
Saved PyTorch checkpoint to results/checkpoints/causal_eps100/best.pt
Saved PyTorch checkpoint to results/checkpoints/causal_eps100/best.pt
Saved PyTorch checkpoint to results/checkpoints/causal_eps100/best.pt
Saved PyTorch checkpoint to results/checkpoints/causal_eps100/best.pt
Saved PyTorch checkpoint to results/checkpoints/causal_eps100/best.pt
Saved PyTorch checkpoint to results/checkpoints/causal_eps100/best.pt
Saved PyTorch checkpoint to results/checkpoints/causal_eps100/best.pt
Saved PyTorch checkpoint to results/checkpoints/causal_eps100/best.pt
Saved PyTorch checkpoint to results/checkpoints/causal_eps100/best.pt
Saved PyTorch checkpoint to results/checkpoints/causal_eps100/best.pt
Saved PyTorch checkpoint to results/checkpoints/causal_eps100/best.pt
Saved PyTorch checkpoint to results/checkpoints/causal_eps100/best.pt
Saved PyTorch checkpoint to results/checkpoints/causal_eps100/best.pt
Saved PyTorch checkpoint to results/checkpoints/causal_eps100/best.pt
Saved PyTorch checkpoint to results/checkpoints/causal_eps100/best.pt
Saved PyTorch checkpoint to results/checkpoints/causal_eps100/best.pt
Adam 4400 | total=2.316e-02 f=1.138e-02 ic=6.178e-04 wall=1.639e-03 inlet=5.823e-04 outlet=5.466e-05 min_w=1.216e-23
Saved PyTorch checkpoint to results/checkpoints/causal_eps100/best.pt
Saved PyTorch checkpoint to results/checkpoints/causal_eps100/best.pt
Saved PyTorch checkpoint to results/checkpoints/causal_eps100/best.pt
Saved PyTorch checkpoint to results/checkpoints/causal_eps100/best.pt
Saved PyTorch checkpoint to results/checkpoints/causal_eps100/best.pt
Saved PyTorch checkpoint to results/checkpoints/causal_eps100/best.pt
Saved PyTorch checkpoint to results/checkpoints/causal_eps100/best.pt
Saved PyTorch checkpoint to results/checkpoints/causal_eps100/best.pt
Saved PyTorch checkpoint to results/checkpoints/causal_eps100/best.pt
Adam 4500 | total=2.427e-02 f=1.136e-02 ic=7.563e-04 wall=1.828e-03 inlet=5.921e-04 outlet=4.369e-05 min_w=2.086e-22
Saved PyTorch checkpoint to results/checkpoints/causal_eps100/best.pt
Saved PyTorch checkpoint to results/checkpoints/causal_eps100/best.pt
Adam 4600 | total=2.337e-02 f=1.134e-02 ic=6.675e-04 wall=1.441e-03 inlet=8.226e-04 outlet=3.753e-05 min_w=1.238e-20
Saved PyTorch checkpoint to results/checkpoints/causal_eps100/best.pt
Saved PyTorch checkpoint to results/checkpoints/causal_eps100/best.pt
Saved PyTorch checkpoint to results/checkpoints/causal_eps100/best.pt
Saved PyTorch checkpoint to results/checkpoints/causal_eps100/best.pt
Adam 4700 | total=2.529e-02 f=1.130e-02 ic=7.025e-04 wall=1.317e-03 inlet=1.333e-03 outlet=3.787e-05 min_w=9.563e-19
Saved PyTorch checkpoint to results/checkpoints/causal_eps100/best.pt
Saved PyTorch checkpoint to results/checkpoints/causal_eps100/best.pt
Saved PyTorch checkpoint to results/checkpoints/causal_eps100/best.pt
Saved PyTorch checkpoint to results/checkpoints/causal_eps100/best.pt
Saved PyTorch checkpoint to results/checkpoints/causal_eps100/best.pt
Saved PyTorch checkpoint to results/checkpoints/causal_eps100/best.pt
Saved PyTorch checkpoint to results/checkpoints/causal_eps100/best.pt
Adam 4800 | total=3.101e-02 f=1.127e-02 ic=1.070e-03 wall=2.707e-03 inlet=1.019e-03 outlet=3.651e-05 min_w=1.314e-19
Saved PyTorch checkpoint to results/checkpoints/causal_eps100/best.pt
Saved PyTorch checkpoint to results/checkpoints/causal_eps100/best.pt
Adam 4900 | total=2.162e-02 f=1.131e-02 ic=6.481e-04 wall=1.373e-03 inlet=5.493e-04 outlet=4.741e-05 min_w=6.970e-17
Saved PyTorch checkpoint to results/checkpoints/causal_eps100/best.pt
Adam 5000 | total=2.684e-02 f=1.127e-02 ic=9.263e-04 wall=2.208e-03 inlet=7.129e-04 outlet=4.455e-05 min_w=9.326e-17
Saved PyTorch checkpoint to results/checkpoints/causal_eps100/snapshot_iter5000.pt
[snapshot] iter 5000 → results/checkpoints/causal_eps100/snapshot_iter5000.pt
Saved PyTorch checkpoint to results/checkpoints/causal_eps100/best.pt
Saved PyTorch checkpoint to results/checkpoints/causal_eps100/best.pt
Saved PyTorch checkpoint to results/checkpoints/causal_eps100/best.pt
Adam 5100 | total=2.275e-02 f=1.124e-02 ic=6.319e-04 wall=1.303e-03 inlet=8.623e-04 outlet=5.371e-05 min_w=6.165e-15
Adam 5200 | total=2.524e-02 f=1.122e-02 ic=6.808e-04 wall=1.179e-03 inlet=1.480e-03 outlet=4.024e-05 min_w=2.441e-13
Saved PyTorch checkpoint to results/checkpoints/causal_eps100/best.pt
Saved PyTorch checkpoint to results/checkpoints/causal_eps100/best.pt
Saved PyTorch checkpoint to results/checkpoints/causal_eps100/best.pt
Adam 5300 | total=2.625e-02 f=1.118e-02 ic=7.233e-04 wall=1.213e-03 inlet=1.650e-03 outlet=3.253e-05 min_w=1.638e-12
Adam 5400 | total=2.079e-02 f=1.124e-02 ic=6.014e-04 wall=1.119e-03 inlet=6.612e-04 outlet=4.420e-05 min_w=6.805e-12
Saved PyTorch checkpoint to results/checkpoints/causal_eps100/best.pt
Saved PyTorch checkpoint to results/checkpoints/causal_eps100/best.pt
Saved PyTorch checkpoint to results/checkpoints/causal_eps100/best.pt
Adam 5500 | total=2.068e-02 f=1.122e-02 ic=6.231e-04 wall=1.130e-03 inlet=6.284e-04 outlet=3.653e-05 min_w=4.109e-11
Saved PyTorch checkpoint to results/checkpoints/causal_eps100/best.pt
Saved PyTorch checkpoint to results/checkpoints/causal_eps100/best.pt
Saved PyTorch checkpoint to results/checkpoints/causal_eps100/best.pt
Saved PyTorch checkpoint to results/checkpoints/causal_eps100/best.pt
Saved PyTorch checkpoint to results/checkpoints/causal_eps100/best.pt
Adam 5600 | total=2.150e-02 f=1.119e-02 ic=6.130e-04 wall=1.251e-03 inlet=6.795e-04 outlet=5.135e-05 min_w=1.125e-10
Saved PyTorch checkpoint to results/checkpoints/causal_eps100/best.pt
Saved PyTorch checkpoint to results/checkpoints/causal_eps100/best.pt
Saved PyTorch checkpoint to results/checkpoints/causal_eps100/best.pt
Saved PyTorch checkpoint to results/checkpoints/causal_eps100/best.pt
Adam 5700 | total=2.259e-02 f=1.115e-02 ic=6.676e-04 wall=1.325e-03 inlet=8.186e-04 outlet=6.204e-05 min_w=8.159e-10
Saved PyTorch checkpoint to results/checkpoints/causal_eps100/best.pt
Saved PyTorch checkpoint to results/checkpoints/causal_eps100/best.pt
Adam 5800 | total=2.280e-02 f=1.113e-02 ic=6.527e-04 wall=1.105e-03 inlet=1.092e-03 outlet=3.523e-05 min_w=7.803e-09
Adam 5900 | total=2.984e-02 f=1.110e-02 ic=1.046e-03 wall=2.404e-03 inlet=1.124e-03 outlet=5.263e-05 min_w=3.404e-09
Saved PyTorch checkpoint to results/checkpoints/causal_eps100/best.pt
Adam 6000 | total=2.671e-02 f=1.109e-02 ic=9.016e-04 wall=1.986e-03 inlet=9.468e-04 outlet=5.929e-05 min_w=2.525e-08
Saved PyTorch checkpoint to results/checkpoints/causal_eps100/best.pt
Adam 6100 | total=2.275e-02 f=1.113e-02 ic=7.955e-04 wall=1.618e-03 inlet=5.386e-04 outlet=4.628e-05 min_w=2.177e-07
Adam 6200 | total=2.317e-02 f=1.109e-02 ic=6.384e-04 wall=1.052e-03 inlet=1.228e-03 outlet=4.070e-05 min_w=1.286e-06
Adam 6300 | total=2.004e-02 f=1.114e-02 ic=5.991e-04 wall=1.091e-03 inlet=5.585e-04 outlet=5.308e-05 min_w=3.464e-06
Saved PyTorch checkpoint to results/checkpoints/causal_eps100/best.pt
Saved PyTorch checkpoint to results/checkpoints/causal_eps100/best.pt
Adam 6400 | total=2.653e-02 f=1.107e-02 ic=7.115e-04 wall=1.167e-03 inlet=1.773e-03 outlet=5.141e-05 min_w=1.167e-05
Saved PyTorch checkpoint to results/checkpoints/causal_eps100/best.pt
Adam 6500 | total=2.251e-02 f=1.109e-02 ic=6.200e-04 wall=1.010e-03 inlet=1.138e-03 outlet=5.460e-05 min_w=2.584e-05
Adam 6600 | total=2.134e-02 f=1.104e-02 ic=6.506e-04 wall=1.150e-03 inlet=7.706e-04 outlet=4.266e-05 min_w=3.578e-05
Saved PyTorch checkpoint to results/checkpoints/causal_eps100/best.pt
Adam 6700 | total=2.155e-02 f=1.105e-02 ic=6.069e-04 wall=1.032e-03 inlet=9.394e-04 outlet=4.220e-05 min_w=8.162e-05
Adam 6800 | total=2.870e-02 f=1.097e-02 ic=1.037e-03 wall=2.206e-03 inlet=1.121e-03 outlet=5.963e-05 min_w=6.809e-05
Saved PyTorch checkpoint to results/checkpoints/causal_eps100/best.pt
Adam 6900 | total=2.073e-02 f=1.104e-02 ic=6.512e-04 wall=1.177e-03 inlet=6.181e-04 outlet=6.454e-05 min_w=3.116e-04
Adam 7000 | total=1.999e-02 f=1.106e-02 ic=5.926e-04 wall=1.064e-03 inlet=5.903e-04 outlet=5.920e-05 min_w=7.072e-04
Adam 7100 | total=2.119e-02 f=1.099e-02 ic=6.391e-04 wall=1.155e-03 inlet=7.479e-04 outlet=4.537e-05 min_w=7.270e-04
Saved PyTorch checkpoint to results/checkpoints/causal_eps100/best.pt
Adam 7200 | total=2.049e-02 f=1.101e-02 ic=6.413e-04 wall=1.176e-03 inlet=5.816e-04 outlet=4.852e-05 min_w=1.279e-03
Adam 7300 | total=2.070e-02 f=1.100e-02 ic=6.621e-04 wall=1.267e-03 inlet=5.316e-04 outlet=5.042e-05 min_w=1.885e-03
Adam 7400 | total=2.321e-02 f=1.100e-02 ic=6.190e-04 wall=1.005e-03 inlet=1.300e-03 outlet=5.992e-05 min_w=3.702e-03
Adam 7500 | total=2.144e-02 f=1.095e-02 ic=7.014e-04 wall=1.315e-03 inlet=6.290e-04 outlet=6.916e-05 min_w=4.007e-03
Adam 7600 | total=2.049e-02 f=1.094e-02 ic=6.218e-04 wall=1.149e-03 inlet=6.214e-04 outlet=6.934e-05 min_w=5.925e-03
Adam 7700 | total=2.134e-02 f=1.097e-02 ic=5.670e-04 wall=9.302e-04 inlet=1.018e-03 outlet=5.835e-05 min_w=1.009e-02
Adam 7800 | total=2.193e-02 f=1.093e-02 ic=5.612e-04 wall=9.558e-04 inlet=1.121e-03 outlet=5.292e-05 min_w=9.859e-03
Adam 7900 | total=1.997e-02 f=1.089e-02 ic=6.101e-04 wall=1.154e-03 inlet=5.292e-04 outlet=5.387e-05 min_w=1.132e-02
Adam 8000 | total=2.259e-02 f=1.087e-02 ic=5.744e-04 wall=9.575e-04 inlet=1.261e-03 outlet=5.657e-05 min_w=1.706e-02
Saved PyTorch checkpoint to results/checkpoints/causal_eps100/best.pt
Saved PyTorch checkpoint to results/checkpoints/causal_eps100/best.pt
Adam 8100 | total=2.175e-02 f=1.085e-02 ic=5.513e-04 wall=9.346e-04 inlet=1.124e-03 outlet=5.521e-05 min_w=1.844e-02
Saved PyTorch checkpoint to results/checkpoints/causal_eps100/best.pt
Adam 8200 | total=2.133e-02 f=1.081e-02 ic=5.513e-04 wall=9.353e-04 inlet=1.049e-03 outlet=5.439e-05 min_w=1.750e-02
Saved PyTorch checkpoint to results/checkpoints/causal_eps100/best.pt
Adam 8300 | total=1.930e-02 f=1.078e-02 ic=5.768e-04 wall=1.014e-03 inlet=5.629e-04 outlet=5.532e-05 min_w=2.246e-02
Saved PyTorch checkpoint to results/checkpoints/causal_eps100/best.pt
Adam 8400 | total=1.982e-02 f=1.074e-02 ic=6.239e-04 wall=1.154e-03 inlet=5.277e-04 outlet=5.633e-05 min_w=2.316e-02
Adam 8500 | total=2.098e-02 f=1.068e-02 ic=6.731e-04 wall=1.300e-03 inlet=6.103e-04 outlet=7.628e-05 min_w=2.548e-02
Saved PyTorch checkpoint to results/checkpoints/causal_eps100/best.pt
Saved PyTorch checkpoint to results/checkpoints/causal_eps100/best.pt
Adam 8600 | total=2.000e-02 f=1.062e-02 ic=5.262e-04 wall=8.727e-04 inlet=8.850e-04 outlet=6.639e-05 min_w=4.427e-02
Saved PyTorch checkpoint to results/checkpoints/causal_eps100/best.pt
Saved PyTorch checkpoint to results/checkpoints/causal_eps100/best.pt
Saved PyTorch checkpoint to results/checkpoints/causal_eps100/best.pt
Adam 8700 | total=1.996e-02 f=1.061e-02 ic=5.124e-04 wall=8.680e-04 inlet=8.872e-04 outlet=5.816e-05 min_w=4.159e-02
Saved PyTorch checkpoint to results/checkpoints/causal_eps100/best.pt
Saved PyTorch checkpoint to results/checkpoints/causal_eps100/best.pt
Adam 8800 | total=1.937e-02 f=1.054e-02 ic=5.172e-04 wall=8.879e-04 inlet=7.615e-04 outlet=7.382e-05 min_w=4.770e-02
Saved PyTorch checkpoint to results/checkpoints/causal_eps100/best.pt
Adam 8900 | total=2.211e-02 f=1.052e-02 ic=5.555e-04 wall=9.201e-04 inlet=1.275e-03 outlet=6.161e-05 min_w=4.977e-02
Saved PyTorch checkpoint to results/checkpoints/causal_eps100/best.pt
Saved PyTorch checkpoint to results/checkpoints/causal_eps100/best.pt
Adam 9000 | total=1.918e-02 f=1.048e-02 ic=5.260e-04 wall=9.226e-04 inlet=6.964e-04 outlet=7.835e-05 min_w=4.786e-02
Saved PyTorch checkpoint to results/checkpoints/causal_eps100/best.pt
Saved PyTorch checkpoint to results/checkpoints/causal_eps100/best.pt
Saved PyTorch checkpoint to results/checkpoints/causal_eps100/best.pt
Adam 9100 | total=1.923e-02 f=1.047e-02 ic=5.832e-04 wall=1.067e-03 inlet=5.572e-04 outlet=5.754e-05 min_w=4.519e-02
Saved PyTorch checkpoint to results/checkpoints/causal_eps100/best.pt
Saved PyTorch checkpoint to results/checkpoints/causal_eps100/best.pt
Adam 9200 | total=2.202e-02 f=1.045e-02 ic=7.135e-04 wall=1.396e-03 inlet=7.585e-04 outlet=8.184e-05 min_w=4.043e-02
Saved PyTorch checkpoint to results/checkpoints/causal_eps100/best.pt
Saved PyTorch checkpoint to results/checkpoints/causal_eps100/best.pt
Saved PyTorch checkpoint to results/checkpoints/causal_eps100/best.pt
Adam 9300 | total=1.872e-02 f=1.031e-02 ic=4.874e-04 wall=8.444e-04 inlet=7.272e-04 outlet=5.994e-05 min_w=6.692e-02
Adam 9400 | total=1.828e-02 f=1.029e-02 ic=5.123e-04 wall=8.935e-04 inlet=5.904e-04 outlet=5.928e-05 min_w=6.540e-02
Adam 9500 | total=1.831e-02 f=1.025e-02 ic=5.554e-04 wall=1.012e-03 inlet=4.752e-04 outlet=6.043e-05 min_w=6.662e-02
Saved PyTorch checkpoint to results/checkpoints/causal_eps100/best.pt
Saved PyTorch checkpoint to results/checkpoints/causal_eps100/best.pt
Saved PyTorch checkpoint to results/checkpoints/causal_eps100/best.pt
Adam 9600 | total=1.870e-02 f=1.019e-02 ic=6.018e-04 wall=1.123e-03 inlet=4.455e-04 outlet=6.186e-05 min_w=7.141e-02
Saved PyTorch checkpoint to results/checkpoints/causal_eps100/best.pt
Adam 9700 | total=1.838e-02 f=1.011e-02 ic=5.870e-04 wall=1.105e-03 inlet=4.195e-04 outlet=6.300e-05 min_w=7.969e-02
Saved PyTorch checkpoint to results/checkpoints/causal_eps100/best.pt
Saved PyTorch checkpoint to results/checkpoints/causal_eps100/best.pt
Adam 9800 | total=1.875e-02 f=1.001e-02 ic=6.214e-04 wall=1.199e-03 inlet=4.110e-04 outlet=6.599e-05 min_w=8.904e-02
Adam 9900 | total=1.776e-02 f=9.973e-03 ic=4.816e-04 wall=8.733e-04 inlet=5.726e-04 outlet=7.966e-05 min_w=9.495e-02
Saved PyTorch checkpoint to results/checkpoints/causal_eps100/best.pt
Adam 10000 | total=1.922e-02 f=9.851e-03 ic=4.858e-04 wall=8.388e-04 inlet=9.231e-04 outlet=7.423e-05 min_w=1.096e-01
Saved PyTorch checkpoint to results/checkpoints/causal_eps100/snapshot_iter10000.pt
[snapshot] iter 10000 → results/checkpoints/causal_eps100/snapshot_iter10000.pt
--- 1198.92 seconds ---
Saved PyTorch checkpoint to results/checkpoints/causal_eps100/latest.pt
Causal weight curve saved to results/figures/causal_eps100/causal_weight_curve.png
