Using device: cuda
Experiment: causal_eps10  eps=10.0  bins=32 (duration)  lbfgs=uniform
[bins] mode=duration M=32 N=136311 per-bin count: min=4095 max=4482
[snapshot] will save at Adam iters: [2000, 5000, 10000]
Adam 1 | total=4.989e+00 f=1.708e-01 ic=6.128e-01 wall=5.611e-01 inlet=2.458e-01 outlet=1.713e-01 min_w=1.066e-24
Saved PyTorch checkpoint to results/checkpoints/causal_eps10/best.pt
Saved PyTorch checkpoint to results/checkpoints/causal_eps10/best.pt
Saved PyTorch checkpoint to results/checkpoints/causal_eps10/best.pt
Saved PyTorch checkpoint to results/checkpoints/causal_eps10/best.pt
Saved PyTorch checkpoint to results/checkpoints/causal_eps10/best.pt
Saved PyTorch checkpoint to results/checkpoints/causal_eps10/best.pt
Saved PyTorch checkpoint to results/checkpoints/causal_eps10/best.pt
Saved PyTorch checkpoint to results/checkpoints/causal_eps10/best.pt
Saved PyTorch checkpoint to results/checkpoints/causal_eps10/best.pt
Saved PyTorch checkpoint to results/checkpoints/causal_eps10/best.pt
Saved PyTorch checkpoint to results/checkpoints/causal_eps10/best.pt
Saved PyTorch checkpoint to results/checkpoints/causal_eps10/best.pt
Saved PyTorch checkpoint to results/checkpoints/causal_eps10/best.pt
Saved PyTorch checkpoint to results/checkpoints/causal_eps10/best.pt
Saved PyTorch checkpoint to results/checkpoints/causal_eps10/best.pt
Saved PyTorch checkpoint to results/checkpoints/causal_eps10/best.pt
Saved PyTorch checkpoint to results/checkpoints/causal_eps10/best.pt
Saved PyTorch checkpoint to results/checkpoints/causal_eps10/best.pt
Saved PyTorch checkpoint to results/checkpoints/causal_eps10/best.pt
Saved PyTorch checkpoint to results/checkpoints/causal_eps10/best.pt
Saved PyTorch checkpoint to results/checkpoints/causal_eps10/best.pt
Saved PyTorch checkpoint to results/checkpoints/causal_eps10/best.pt
Saved PyTorch checkpoint to results/checkpoints/causal_eps10/best.pt
Saved PyTorch checkpoint to results/checkpoints/causal_eps10/best.pt
Saved PyTorch checkpoint to results/checkpoints/causal_eps10/best.pt
Saved PyTorch checkpoint to results/checkpoints/causal_eps10/best.pt
Saved PyTorch checkpoint to results/checkpoints/causal_eps10/best.pt
Saved PyTorch checkpoint to results/checkpoints/causal_eps10/best.pt
Saved PyTorch checkpoint to results/checkpoints/causal_eps10/best.pt
Saved PyTorch checkpoint to results/checkpoints/causal_eps10/best.pt
Saved PyTorch checkpoint to results/checkpoints/causal_eps10/best.pt
Saved PyTorch checkpoint to results/checkpoints/causal_eps10/best.pt
Saved PyTorch checkpoint to results/checkpoints/causal_eps10/best.pt
Saved PyTorch checkpoint to results/checkpoints/causal_eps10/best.pt
Saved PyTorch checkpoint to results/checkpoints/causal_eps10/best.pt
Saved PyTorch checkpoint to results/checkpoints/causal_eps10/best.pt
Saved PyTorch checkpoint to results/checkpoints/causal_eps10/best.pt
Saved PyTorch checkpoint to results/checkpoints/causal_eps10/best.pt
Saved PyTorch checkpoint to results/checkpoints/causal_eps10/best.pt
Saved PyTorch checkpoint to results/checkpoints/causal_eps10/best.pt
Saved PyTorch checkpoint to results/checkpoints/causal_eps10/best.pt
Saved PyTorch checkpoint to results/checkpoints/causal_eps10/best.pt
Saved PyTorch checkpoint to results/checkpoints/causal_eps10/best.pt
Saved PyTorch checkpoint to results/checkpoints/causal_eps10/best.pt
Saved PyTorch checkpoint to results/checkpoints/causal_eps10/best.pt
Saved PyTorch checkpoint to results/checkpoints/causal_eps10/best.pt
Saved PyTorch checkpoint to results/checkpoints/causal_eps10/best.pt
Saved PyTorch checkpoint to results/checkpoints/causal_eps10/best.pt
Saved PyTorch checkpoint to results/checkpoints/causal_eps10/best.pt
Saved PyTorch checkpoint to results/checkpoints/causal_eps10/best.pt
Saved PyTorch checkpoint to results/checkpoints/causal_eps10/best.pt
Saved PyTorch checkpoint to results/checkpoints/causal_eps10/best.pt
Saved PyTorch checkpoint to results/checkpoints/causal_eps10/best.pt
Saved PyTorch checkpoint to results/checkpoints/causal_eps10/best.pt
Saved PyTorch checkpoint to results/checkpoints/causal_eps10/best.pt
Saved PyTorch checkpoint to results/checkpoints/causal_eps10/best.pt
Saved PyTorch checkpoint to results/checkpoints/causal_eps10/best.pt
Saved PyTorch checkpoint to results/checkpoints/causal_eps10/best.pt
Saved PyTorch checkpoint to results/checkpoints/causal_eps10/best.pt
Saved PyTorch checkpoint to results/checkpoints/causal_eps10/best.pt
Saved PyTorch checkpoint to results/checkpoints/causal_eps10/best.pt
Saved PyTorch checkpoint to results/checkpoints/causal_eps10/best.pt
Saved PyTorch checkpoint to results/checkpoints/causal_eps10/best.pt
Saved PyTorch checkpoint to results/checkpoints/causal_eps10/best.pt
Saved PyTorch checkpoint to results/checkpoints/causal_eps10/best.pt
Saved PyTorch checkpoint to results/checkpoints/causal_eps10/best.pt
Saved PyTorch checkpoint to results/checkpoints/causal_eps10/best.pt
Saved PyTorch checkpoint to results/checkpoints/causal_eps10/best.pt
Saved PyTorch checkpoint to results/checkpoints/causal_eps10/best.pt
Saved PyTorch checkpoint to results/checkpoints/causal_eps10/best.pt
Saved PyTorch checkpoint to results/checkpoints/causal_eps10/best.pt
Saved PyTorch checkpoint to results/checkpoints/causal_eps10/best.pt
Saved PyTorch checkpoint to results/checkpoints/causal_eps10/best.pt
Adam 100 | total=4.152e-01 f=3.929e-02 ic=6.840e-03 wall=3.103e-02 inlet=4.270e-02 outlet=4.212e-04 min_w=6.256e-01
Saved PyTorch checkpoint to results/checkpoints/causal_eps10/best.pt
Saved PyTorch checkpoint to results/checkpoints/causal_eps10/best.pt
Saved PyTorch checkpoint to results/checkpoints/causal_eps10/best.pt
Saved PyTorch checkpoint to results/checkpoints/causal_eps10/best.pt
Saved PyTorch checkpoint to results/checkpoints/causal_eps10/best.pt
Saved PyTorch checkpoint to results/checkpoints/causal_eps10/best.pt
Saved PyTorch checkpoint to results/checkpoints/causal_eps10/best.pt
Saved PyTorch checkpoint to results/checkpoints/causal_eps10/best.pt
Saved PyTorch checkpoint to results/checkpoints/causal_eps10/best.pt
Saved PyTorch checkpoint to results/checkpoints/causal_eps10/best.pt
Saved PyTorch checkpoint to results/checkpoints/causal_eps10/best.pt
Saved PyTorch checkpoint to results/checkpoints/causal_eps10/best.pt
Saved PyTorch checkpoint to results/checkpoints/causal_eps10/best.pt
Saved PyTorch checkpoint to results/checkpoints/causal_eps10/best.pt
Saved PyTorch checkpoint to results/checkpoints/causal_eps10/best.pt
Saved PyTorch checkpoint to results/checkpoints/causal_eps10/best.pt
Saved PyTorch checkpoint to results/checkpoints/causal_eps10/best.pt
Saved PyTorch checkpoint to results/checkpoints/causal_eps10/best.pt
Saved PyTorch checkpoint to results/checkpoints/causal_eps10/best.pt
Saved PyTorch checkpoint to results/checkpoints/causal_eps10/best.pt
Saved PyTorch checkpoint to results/checkpoints/causal_eps10/best.pt
Saved PyTorch checkpoint to results/checkpoints/causal_eps10/best.pt
Saved PyTorch checkpoint to results/checkpoints/causal_eps10/best.pt
Saved PyTorch checkpoint to results/checkpoints/causal_eps10/best.pt
Saved PyTorch checkpoint to results/checkpoints/causal_eps10/best.pt
Saved PyTorch checkpoint to results/checkpoints/causal_eps10/best.pt
Saved PyTorch checkpoint to results/checkpoints/causal_eps10/best.pt
Saved PyTorch checkpoint to results/checkpoints/causal_eps10/best.pt
Saved PyTorch checkpoint to results/checkpoints/causal_eps10/best.pt
Saved PyTorch checkpoint to results/checkpoints/causal_eps10/best.pt
Saved PyTorch checkpoint to results/checkpoints/causal_eps10/best.pt
Saved PyTorch checkpoint to results/checkpoints/causal_eps10/best.pt
Saved PyTorch checkpoint to results/checkpoints/causal_eps10/best.pt
Saved PyTorch checkpoint to results/checkpoints/causal_eps10/best.pt
Saved PyTorch checkpoint to results/checkpoints/causal_eps10/best.pt
Saved PyTorch checkpoint to results/checkpoints/causal_eps10/best.pt
Saved PyTorch checkpoint to results/checkpoints/causal_eps10/best.pt
Saved PyTorch checkpoint to results/checkpoints/causal_eps10/best.pt
Saved PyTorch checkpoint to results/checkpoints/causal_eps10/best.pt
Saved PyTorch checkpoint to results/checkpoints/causal_eps10/best.pt
Saved PyTorch checkpoint to results/checkpoints/causal_eps10/best.pt
Saved PyTorch checkpoint to results/checkpoints/causal_eps10/best.pt
Saved PyTorch checkpoint to results/checkpoints/causal_eps10/best.pt
Saved PyTorch checkpoint to results/checkpoints/causal_eps10/best.pt
Saved PyTorch checkpoint to results/checkpoints/causal_eps10/best.pt
Saved PyTorch checkpoint to results/checkpoints/causal_eps10/best.pt
Saved PyTorch checkpoint to results/checkpoints/causal_eps10/best.pt
Saved PyTorch checkpoint to results/checkpoints/causal_eps10/best.pt
Saved PyTorch checkpoint to results/checkpoints/causal_eps10/best.pt
Saved PyTorch checkpoint to results/checkpoints/causal_eps10/best.pt
Saved PyTorch checkpoint to results/checkpoints/causal_eps10/best.pt
Saved PyTorch checkpoint to results/checkpoints/causal_eps10/best.pt
Saved PyTorch checkpoint to results/checkpoints/causal_eps10/best.pt
Saved PyTorch checkpoint to results/checkpoints/causal_eps10/best.pt
Saved PyTorch checkpoint to results/checkpoints/causal_eps10/best.pt
Saved PyTorch checkpoint to results/checkpoints/causal_eps10/best.pt
Saved PyTorch checkpoint to results/checkpoints/causal_eps10/best.pt
Saved PyTorch checkpoint to results/checkpoints/causal_eps10/best.pt
Saved PyTorch checkpoint to results/checkpoints/causal_eps10/best.pt
Saved PyTorch checkpoint to results/checkpoints/causal_eps10/best.pt
Saved PyTorch checkpoint to results/checkpoints/causal_eps10/best.pt
Saved PyTorch checkpoint to results/checkpoints/causal_eps10/best.pt
Saved PyTorch checkpoint to results/checkpoints/causal_eps10/best.pt
Saved PyTorch checkpoint to results/checkpoints/causal_eps10/best.pt
Saved PyTorch checkpoint to results/checkpoints/causal_eps10/best.pt
Saved PyTorch checkpoint to results/checkpoints/causal_eps10/best.pt
Saved PyTorch checkpoint to results/checkpoints/causal_eps10/best.pt
Saved PyTorch checkpoint to results/checkpoints/causal_eps10/best.pt
Saved PyTorch checkpoint to results/checkpoints/causal_eps10/best.pt
Saved PyTorch checkpoint to results/checkpoints/causal_eps10/best.pt
Saved PyTorch checkpoint to results/checkpoints/causal_eps10/best.pt
Saved PyTorch checkpoint to results/checkpoints/causal_eps10/best.pt
Saved PyTorch checkpoint to results/checkpoints/causal_eps10/best.pt
Saved PyTorch checkpoint to results/checkpoints/causal_eps10/best.pt
Saved PyTorch checkpoint to results/checkpoints/causal_eps10/best.pt
Saved PyTorch checkpoint to results/checkpoints/causal_eps10/best.pt
Saved PyTorch checkpoint to results/checkpoints/causal_eps10/best.pt
Saved PyTorch checkpoint to results/checkpoints/causal_eps10/best.pt
Saved PyTorch checkpoint to results/checkpoints/causal_eps10/best.pt
Saved PyTorch checkpoint to results/checkpoints/causal_eps10/best.pt
Saved PyTorch checkpoint to results/checkpoints/causal_eps10/best.pt
Saved PyTorch checkpoint to results/checkpoints/causal_eps10/best.pt
Saved PyTorch checkpoint to results/checkpoints/causal_eps10/best.pt
Saved PyTorch checkpoint to results/checkpoints/causal_eps10/best.pt
Saved PyTorch checkpoint to results/checkpoints/causal_eps10/best.pt
Saved PyTorch checkpoint to results/checkpoints/causal_eps10/best.pt
Saved PyTorch checkpoint to results/checkpoints/causal_eps10/best.pt
Saved PyTorch checkpoint to results/checkpoints/causal_eps10/best.pt
Saved PyTorch checkpoint to results/checkpoints/causal_eps10/best.pt
Saved PyTorch checkpoint to results/checkpoints/causal_eps10/best.pt
Saved PyTorch checkpoint to results/checkpoints/causal_eps10/best.pt
Saved PyTorch checkpoint to results/checkpoints/causal_eps10/best.pt
Saved PyTorch checkpoint to results/checkpoints/causal_eps10/best.pt
Saved PyTorch checkpoint to results/checkpoints/causal_eps10/best.pt
Saved PyTorch checkpoint to results/checkpoints/causal_eps10/best.pt
Saved PyTorch checkpoint to results/checkpoints/causal_eps10/best.pt
Saved PyTorch checkpoint to results/checkpoints/causal_eps10/best.pt
Saved PyTorch checkpoint to results/checkpoints/causal_eps10/best.pt
Saved PyTorch checkpoint to results/checkpoints/causal_eps10/best.pt
Saved PyTorch checkpoint to results/checkpoints/causal_eps10/best.pt
Adam 200 | total=3.647e-01 f=2.346e-02 ic=3.821e-03 wall=3.071e-02 inlet=3.675e-02 outlet=1.113e-04 min_w=7.765e-01
Saved PyTorch checkpoint to results/checkpoints/causal_eps10/best.pt
Saved PyTorch checkpoint to results/checkpoints/causal_eps10/best.pt
Saved PyTorch checkpoint to results/checkpoints/causal_eps10/best.pt
Saved PyTorch checkpoint to results/checkpoints/causal_eps10/best.pt
Saved PyTorch checkpoint to results/checkpoints/causal_eps10/best.pt
Saved PyTorch checkpoint to results/checkpoints/causal_eps10/best.pt
Saved PyTorch checkpoint to results/checkpoints/causal_eps10/best.pt
Saved PyTorch checkpoint to results/checkpoints/causal_eps10/best.pt
Saved PyTorch checkpoint to results/checkpoints/causal_eps10/best.pt
Saved PyTorch checkpoint to results/checkpoints/causal_eps10/best.pt
Saved PyTorch checkpoint to results/checkpoints/causal_eps10/best.pt
Saved PyTorch checkpoint to results/checkpoints/causal_eps10/best.pt
Saved PyTorch checkpoint to results/checkpoints/causal_eps10/best.pt
Saved PyTorch checkpoint to results/checkpoints/causal_eps10/best.pt
Saved PyTorch checkpoint to results/checkpoints/causal_eps10/best.pt
Saved PyTorch checkpoint to results/checkpoints/causal_eps10/best.pt
Saved PyTorch checkpoint to results/checkpoints/causal_eps10/best.pt
Saved PyTorch checkpoint to results/checkpoints/causal_eps10/best.pt
Saved PyTorch checkpoint to results/checkpoints/causal_eps10/best.pt
Saved PyTorch checkpoint to results/checkpoints/causal_eps10/best.pt
Saved PyTorch checkpoint to results/checkpoints/causal_eps10/best.pt
Saved PyTorch checkpoint to results/checkpoints/causal_eps10/best.pt
Saved PyTorch checkpoint to results/checkpoints/causal_eps10/best.pt
Saved PyTorch checkpoint to results/checkpoints/causal_eps10/best.pt
Saved PyTorch checkpoint to results/checkpoints/causal_eps10/best.pt
Saved PyTorch checkpoint to results/checkpoints/causal_eps10/best.pt
Saved PyTorch checkpoint to results/checkpoints/causal_eps10/best.pt
Saved PyTorch checkpoint to results/checkpoints/causal_eps10/best.pt
Saved PyTorch checkpoint to results/checkpoints/causal_eps10/best.pt
Saved PyTorch checkpoint to results/checkpoints/causal_eps10/best.pt
Saved PyTorch checkpoint to results/checkpoints/causal_eps10/best.pt
Saved PyTorch checkpoint to results/checkpoints/causal_eps10/best.pt
Saved PyTorch checkpoint to results/checkpoints/causal_eps10/best.pt
Saved PyTorch checkpoint to results/checkpoints/causal_eps10/best.pt
Saved PyTorch checkpoint to results/checkpoints/causal_eps10/best.pt
Saved PyTorch checkpoint to results/checkpoints/causal_eps10/best.pt
Saved PyTorch checkpoint to results/checkpoints/causal_eps10/best.pt
Saved PyTorch checkpoint to results/checkpoints/causal_eps10/best.pt
Saved PyTorch checkpoint to results/checkpoints/causal_eps10/best.pt
Saved PyTorch checkpoint to results/checkpoints/causal_eps10/best.pt
Saved PyTorch checkpoint to results/checkpoints/causal_eps10/best.pt
Saved PyTorch checkpoint to results/checkpoints/causal_eps10/best.pt
Saved PyTorch checkpoint to results/checkpoints/causal_eps10/best.pt
Saved PyTorch checkpoint to results/checkpoints/causal_eps10/best.pt
Saved PyTorch checkpoint to results/checkpoints/causal_eps10/best.pt
Saved PyTorch checkpoint to results/checkpoints/causal_eps10/best.pt
Saved PyTorch checkpoint to results/checkpoints/causal_eps10/best.pt
Saved PyTorch checkpoint to results/checkpoints/causal_eps10/best.pt
Saved PyTorch checkpoint to results/checkpoints/causal_eps10/best.pt
Saved PyTorch checkpoint to results/checkpoints/causal_eps10/best.pt
Saved PyTorch checkpoint to results/checkpoints/causal_eps10/best.pt
Saved PyTorch checkpoint to results/checkpoints/causal_eps10/best.pt
Saved PyTorch checkpoint to results/checkpoints/causal_eps10/best.pt
Saved PyTorch checkpoint to results/checkpoints/causal_eps10/best.pt
Saved PyTorch checkpoint to results/checkpoints/causal_eps10/best.pt
Saved PyTorch checkpoint to results/checkpoints/causal_eps10/best.pt
Saved PyTorch checkpoint to results/checkpoints/causal_eps10/best.pt
Saved PyTorch checkpoint to results/checkpoints/causal_eps10/best.pt
Saved PyTorch checkpoint to results/checkpoints/causal_eps10/best.pt
Saved PyTorch checkpoint to results/checkpoints/causal_eps10/best.pt
Saved PyTorch checkpoint to results/checkpoints/causal_eps10/best.pt
Saved PyTorch checkpoint to results/checkpoints/causal_eps10/best.pt
Saved PyTorch checkpoint to results/checkpoints/causal_eps10/best.pt
Saved PyTorch checkpoint to results/checkpoints/causal_eps10/best.pt
Saved PyTorch checkpoint to results/checkpoints/causal_eps10/best.pt
Saved PyTorch checkpoint to results/checkpoints/causal_eps10/best.pt
Saved PyTorch checkpoint to results/checkpoints/causal_eps10/best.pt
Saved PyTorch checkpoint to results/checkpoints/causal_eps10/best.pt
Saved PyTorch checkpoint to results/checkpoints/causal_eps10/best.pt
Saved PyTorch checkpoint to results/checkpoints/causal_eps10/best.pt
Saved PyTorch checkpoint to results/checkpoints/causal_eps10/best.pt
Saved PyTorch checkpoint to results/checkpoints/causal_eps10/best.pt
Saved PyTorch checkpoint to results/checkpoints/causal_eps10/best.pt
Saved PyTorch checkpoint to results/checkpoints/causal_eps10/best.pt
Saved PyTorch checkpoint to results/checkpoints/causal_eps10/best.pt
Saved PyTorch checkpoint to results/checkpoints/causal_eps10/best.pt
Saved PyTorch checkpoint to results/checkpoints/causal_eps10/best.pt
Saved PyTorch checkpoint to results/checkpoints/causal_eps10/best.pt
Saved PyTorch checkpoint to results/checkpoints/causal_eps10/best.pt
Saved PyTorch checkpoint to results/checkpoints/causal_eps10/best.pt
Saved PyTorch checkpoint to results/checkpoints/causal_eps10/best.pt
Saved PyTorch checkpoint to results/checkpoints/causal_eps10/best.pt
Saved PyTorch checkpoint to results/checkpoints/causal_eps10/best.pt
Saved PyTorch checkpoint to results/checkpoints/causal_eps10/best.pt
Saved PyTorch checkpoint to results/checkpoints/causal_eps10/best.pt
Saved PyTorch checkpoint to results/checkpoints/causal_eps10/best.pt
Saved PyTorch checkpoint to results/checkpoints/causal_eps10/best.pt
Saved PyTorch checkpoint to results/checkpoints/causal_eps10/best.pt
Saved PyTorch checkpoint to results/checkpoints/causal_eps10/best.pt
Saved PyTorch checkpoint to results/checkpoints/causal_eps10/best.pt
Saved PyTorch checkpoint to results/checkpoints/causal_eps10/best.pt
Saved PyTorch checkpoint to results/checkpoints/causal_eps10/best.pt
Saved PyTorch checkpoint to results/checkpoints/causal_eps10/best.pt
Saved PyTorch checkpoint to results/checkpoints/causal_eps10/best.pt
Saved PyTorch checkpoint to results/checkpoints/causal_eps10/best.pt
Saved PyTorch checkpoint to results/checkpoints/causal_eps10/best.pt
Saved PyTorch checkpoint to results/checkpoints/causal_eps10/best.pt
Saved PyTorch checkpoint to results/checkpoints/causal_eps10/best.pt
Saved PyTorch checkpoint to results/checkpoints/causal_eps10/best.pt
Saved PyTorch checkpoint to results/checkpoints/causal_eps10/best.pt
Adam 300 | total=3.288e-01 f=1.609e-02 ic=2.946e-03 wall=2.897e-02 inlet=3.296e-02 outlet=1.453e-04 min_w=8.490e-01
Saved PyTorch checkpoint to results/checkpoints/causal_eps10/best.pt
Saved PyTorch checkpoint to results/checkpoints/causal_eps10/best.pt
Saved PyTorch checkpoint to results/checkpoints/causal_eps10/best.pt
Saved PyTorch checkpoint to results/checkpoints/causal_eps10/best.pt
Saved PyTorch checkpoint to results/checkpoints/causal_eps10/best.pt
Saved PyTorch checkpoint to results/checkpoints/causal_eps10/best.pt
Saved PyTorch checkpoint to results/checkpoints/causal_eps10/best.pt
Saved PyTorch checkpoint to results/checkpoints/causal_eps10/best.pt
Saved PyTorch checkpoint to results/checkpoints/causal_eps10/best.pt
Saved PyTorch checkpoint to results/checkpoints/causal_eps10/best.pt
Saved PyTorch checkpoint to results/checkpoints/causal_eps10/best.pt
Saved PyTorch checkpoint to results/checkpoints/causal_eps10/best.pt
Saved PyTorch checkpoint to results/checkpoints/causal_eps10/best.pt
Saved PyTorch checkpoint to results/checkpoints/causal_eps10/best.pt
Saved PyTorch checkpoint to results/checkpoints/causal_eps10/best.pt
Saved PyTorch checkpoint to results/checkpoints/causal_eps10/best.pt
Saved PyTorch checkpoint to results/checkpoints/causal_eps10/best.pt
Saved PyTorch checkpoint to results/checkpoints/causal_eps10/best.pt
Saved PyTorch checkpoint to results/checkpoints/causal_eps10/best.pt
Saved PyTorch checkpoint to results/checkpoints/causal_eps10/best.pt
Saved PyTorch checkpoint to results/checkpoints/causal_eps10/best.pt
Saved PyTorch checkpoint to results/checkpoints/causal_eps10/best.pt
Saved PyTorch checkpoint to results/checkpoints/causal_eps10/best.pt
Saved PyTorch checkpoint to results/checkpoints/causal_eps10/best.pt
Saved PyTorch checkpoint to results/checkpoints/causal_eps10/best.pt
Saved PyTorch checkpoint to results/checkpoints/causal_eps10/best.pt
Saved PyTorch checkpoint to results/checkpoints/causal_eps10/best.pt
Saved PyTorch checkpoint to results/checkpoints/causal_eps10/best.pt
Saved PyTorch checkpoint to results/checkpoints/causal_eps10/best.pt
Saved PyTorch checkpoint to results/checkpoints/causal_eps10/best.pt
Saved PyTorch checkpoint to results/checkpoints/causal_eps10/best.pt
Saved PyTorch checkpoint to results/checkpoints/causal_eps10/best.pt
Saved PyTorch checkpoint to results/checkpoints/causal_eps10/best.pt
Saved PyTorch checkpoint to results/checkpoints/causal_eps10/best.pt
Saved PyTorch checkpoint to results/checkpoints/causal_eps10/best.pt
Saved PyTorch checkpoint to results/checkpoints/causal_eps10/best.pt
Saved PyTorch checkpoint to results/checkpoints/causal_eps10/best.pt
Saved PyTorch checkpoint to results/checkpoints/causal_eps10/best.pt
Saved PyTorch checkpoint to results/checkpoints/causal_eps10/best.pt
Saved PyTorch checkpoint to results/checkpoints/causal_eps10/best.pt
Saved PyTorch checkpoint to results/checkpoints/causal_eps10/best.pt
Saved PyTorch checkpoint to results/checkpoints/causal_eps10/best.pt
Saved PyTorch checkpoint to results/checkpoints/causal_eps10/best.pt
Saved PyTorch checkpoint to results/checkpoints/causal_eps10/best.pt
Saved PyTorch checkpoint to results/checkpoints/causal_eps10/best.pt
Saved PyTorch checkpoint to results/checkpoints/causal_eps10/best.pt
Saved PyTorch checkpoint to results/checkpoints/causal_eps10/best.pt
Saved PyTorch checkpoint to results/checkpoints/causal_eps10/best.pt
Saved PyTorch checkpoint to results/checkpoints/causal_eps10/best.pt
Saved PyTorch checkpoint to results/checkpoints/causal_eps10/best.pt
Saved PyTorch checkpoint to results/checkpoints/causal_eps10/best.pt
Saved PyTorch checkpoint to results/checkpoints/causal_eps10/best.pt
Saved PyTorch checkpoint to results/checkpoints/causal_eps10/best.pt
Saved PyTorch checkpoint to results/checkpoints/causal_eps10/best.pt
Saved PyTorch checkpoint to results/checkpoints/causal_eps10/best.pt
Saved PyTorch checkpoint to results/checkpoints/causal_eps10/best.pt
Saved PyTorch checkpoint to results/checkpoints/causal_eps10/best.pt
Saved PyTorch checkpoint to results/checkpoints/causal_eps10/best.pt
Saved PyTorch checkpoint to results/checkpoints/causal_eps10/best.pt
Saved PyTorch checkpoint to results/checkpoints/causal_eps10/best.pt
Saved PyTorch checkpoint to results/checkpoints/causal_eps10/best.pt
Saved PyTorch checkpoint to results/checkpoints/causal_eps10/best.pt
Saved PyTorch checkpoint to results/checkpoints/causal_eps10/best.pt
Saved PyTorch checkpoint to results/checkpoints/causal_eps10/best.pt
Saved PyTorch checkpoint to results/checkpoints/causal_eps10/best.pt
Saved PyTorch checkpoint to results/checkpoints/causal_eps10/best.pt
Saved PyTorch checkpoint to results/checkpoints/causal_eps10/best.pt
Saved PyTorch checkpoint to results/checkpoints/causal_eps10/best.pt
Saved PyTorch checkpoint to results/checkpoints/causal_eps10/best.pt
Saved PyTorch checkpoint to results/checkpoints/causal_eps10/best.pt
Saved PyTorch checkpoint to results/checkpoints/causal_eps10/best.pt
Saved PyTorch checkpoint to results/checkpoints/causal_eps10/best.pt
Saved PyTorch checkpoint to results/checkpoints/causal_eps10/best.pt
Saved PyTorch checkpoint to results/checkpoints/causal_eps10/best.pt
Saved PyTorch checkpoint to results/checkpoints/causal_eps10/best.pt
Saved PyTorch checkpoint to results/checkpoints/causal_eps10/best.pt
Saved PyTorch checkpoint to results/checkpoints/causal_eps10/best.pt
Saved PyTorch checkpoint to results/checkpoints/causal_eps10/best.pt
Saved PyTorch checkpoint to results/checkpoints/causal_eps10/best.pt
Saved PyTorch checkpoint to results/checkpoints/causal_eps10/best.pt
Saved PyTorch checkpoint to results/checkpoints/causal_eps10/best.pt
Saved PyTorch checkpoint to results/checkpoints/causal_eps10/best.pt
Saved PyTorch checkpoint to results/checkpoints/causal_eps10/best.pt
Saved PyTorch checkpoint to results/checkpoints/causal_eps10/best.pt
Saved PyTorch checkpoint to results/checkpoints/causal_eps10/best.pt
Saved PyTorch checkpoint to results/checkpoints/causal_eps10/best.pt
Saved PyTorch checkpoint to results/checkpoints/causal_eps10/best.pt
Saved PyTorch checkpoint to results/checkpoints/causal_eps10/best.pt
Saved PyTorch checkpoint to results/checkpoints/causal_eps10/best.pt
Saved PyTorch checkpoint to results/checkpoints/causal_eps10/best.pt
Saved PyTorch checkpoint to results/checkpoints/causal_eps10/best.pt
Saved PyTorch checkpoint to results/checkpoints/causal_eps10/best.pt
Saved PyTorch checkpoint to results/checkpoints/causal_eps10/best.pt
Saved PyTorch checkpoint to results/checkpoints/causal_eps10/best.pt
Saved PyTorch checkpoint to results/checkpoints/causal_eps10/best.pt
Saved PyTorch checkpoint to results/checkpoints/causal_eps10/best.pt
Saved PyTorch checkpoint to results/checkpoints/causal_eps10/best.pt
Saved PyTorch checkpoint to results/checkpoints/causal_eps10/best.pt
Saved PyTorch checkpoint to results/checkpoints/causal_eps10/best.pt
Saved PyTorch checkpoint to results/checkpoints/causal_eps10/best.pt
Adam 400 | total=3.006e-01 f=1.372e-02 ic=1.873e-03 wall=2.707e-02 inlet=2.989e-02 outlet=2.120e-04 min_w=8.731e-01
Saved PyTorch checkpoint to results/checkpoints/causal_eps10/best.pt
Saved PyTorch checkpoint to results/checkpoints/causal_eps10/best.pt
Saved PyTorch checkpoint to results/checkpoints/causal_eps10/best.pt
Saved PyTorch checkpoint to results/checkpoints/causal_eps10/best.pt
Saved PyTorch checkpoint to results/checkpoints/causal_eps10/best.pt
Saved PyTorch checkpoint to results/checkpoints/causal_eps10/best.pt
Saved PyTorch checkpoint to results/checkpoints/causal_eps10/best.pt
Saved PyTorch checkpoint to results/checkpoints/causal_eps10/best.pt
Saved PyTorch checkpoint to results/checkpoints/causal_eps10/best.pt
Saved PyTorch checkpoint to results/checkpoints/causal_eps10/best.pt
Saved PyTorch checkpoint to results/checkpoints/causal_eps10/best.pt
Saved PyTorch checkpoint to results/checkpoints/causal_eps10/best.pt
Saved PyTorch checkpoint to results/checkpoints/causal_eps10/best.pt
Saved PyTorch checkpoint to results/checkpoints/causal_eps10/best.pt
Saved PyTorch checkpoint to results/checkpoints/causal_eps10/best.pt
Saved PyTorch checkpoint to results/checkpoints/causal_eps10/best.pt
Saved PyTorch checkpoint to results/checkpoints/causal_eps10/best.pt
Saved PyTorch checkpoint to results/checkpoints/causal_eps10/best.pt
Saved PyTorch checkpoint to results/checkpoints/causal_eps10/best.pt
Saved PyTorch checkpoint to results/checkpoints/causal_eps10/best.pt
Saved PyTorch checkpoint to results/checkpoints/causal_eps10/best.pt
Saved PyTorch checkpoint to results/checkpoints/causal_eps10/best.pt
Saved PyTorch checkpoint to results/checkpoints/causal_eps10/best.pt
Saved PyTorch checkpoint to results/checkpoints/causal_eps10/best.pt
Saved PyTorch checkpoint to results/checkpoints/causal_eps10/best.pt
Saved PyTorch checkpoint to results/checkpoints/causal_eps10/best.pt
Saved PyTorch checkpoint to results/checkpoints/causal_eps10/best.pt
Saved PyTorch checkpoint to results/checkpoints/causal_eps10/best.pt
Saved PyTorch checkpoint to results/checkpoints/causal_eps10/best.pt
Saved PyTorch checkpoint to results/checkpoints/causal_eps10/best.pt
Saved PyTorch checkpoint to results/checkpoints/causal_eps10/best.pt
Saved PyTorch checkpoint to results/checkpoints/causal_eps10/best.pt
Saved PyTorch checkpoint to results/checkpoints/causal_eps10/best.pt
Saved PyTorch checkpoint to results/checkpoints/causal_eps10/best.pt
Saved PyTorch checkpoint to results/checkpoints/causal_eps10/best.pt
Saved PyTorch checkpoint to results/checkpoints/causal_eps10/best.pt
Saved PyTorch checkpoint to results/checkpoints/causal_eps10/best.pt
Saved PyTorch checkpoint to results/checkpoints/causal_eps10/best.pt
Saved PyTorch checkpoint to results/checkpoints/causal_eps10/best.pt
Saved PyTorch checkpoint to results/checkpoints/causal_eps10/best.pt
Saved PyTorch checkpoint to results/checkpoints/causal_eps10/best.pt
Saved PyTorch checkpoint to results/checkpoints/causal_eps10/best.pt
Saved PyTorch checkpoint to results/checkpoints/causal_eps10/best.pt
Saved PyTorch checkpoint to results/checkpoints/causal_eps10/best.pt
Saved PyTorch checkpoint to results/checkpoints/causal_eps10/best.pt
Saved PyTorch checkpoint to results/checkpoints/causal_eps10/best.pt
Saved PyTorch checkpoint to results/checkpoints/causal_eps10/best.pt
Saved PyTorch checkpoint to results/checkpoints/causal_eps10/best.pt
Saved PyTorch checkpoint to results/checkpoints/causal_eps10/best.pt
Saved PyTorch checkpoint to results/checkpoints/causal_eps10/best.pt
Saved PyTorch checkpoint to results/checkpoints/causal_eps10/best.pt
Saved PyTorch checkpoint to results/checkpoints/causal_eps10/best.pt
Saved PyTorch checkpoint to results/checkpoints/causal_eps10/best.pt
Saved PyTorch checkpoint to results/checkpoints/causal_eps10/best.pt
Saved PyTorch checkpoint to results/checkpoints/causal_eps10/best.pt
Saved PyTorch checkpoint to results/checkpoints/causal_eps10/best.pt
Saved PyTorch checkpoint to results/checkpoints/causal_eps10/best.pt
Saved PyTorch checkpoint to results/checkpoints/causal_eps10/best.pt
Saved PyTorch checkpoint to results/checkpoints/causal_eps10/best.pt
Saved PyTorch checkpoint to results/checkpoints/causal_eps10/best.pt
Saved PyTorch checkpoint to results/checkpoints/causal_eps10/best.pt
Saved PyTorch checkpoint to results/checkpoints/causal_eps10/best.pt
Saved PyTorch checkpoint to results/checkpoints/causal_eps10/best.pt
Saved PyTorch checkpoint to results/checkpoints/causal_eps10/best.pt
Saved PyTorch checkpoint to results/checkpoints/causal_eps10/best.pt
Saved PyTorch checkpoint to results/checkpoints/causal_eps10/best.pt
Saved PyTorch checkpoint to results/checkpoints/causal_eps10/best.pt
Saved PyTorch checkpoint to results/checkpoints/causal_eps10/best.pt
Saved PyTorch checkpoint to results/checkpoints/causal_eps10/best.pt
Saved PyTorch checkpoint to results/checkpoints/causal_eps10/best.pt
Saved PyTorch checkpoint to results/checkpoints/causal_eps10/best.pt
Saved PyTorch checkpoint to results/checkpoints/causal_eps10/best.pt
Saved PyTorch checkpoint to results/checkpoints/causal_eps10/best.pt
Saved PyTorch checkpoint to results/checkpoints/causal_eps10/best.pt
Saved PyTorch checkpoint to results/checkpoints/causal_eps10/best.pt
Saved PyTorch checkpoint to results/checkpoints/causal_eps10/best.pt
Saved PyTorch checkpoint to results/checkpoints/causal_eps10/best.pt
Saved PyTorch checkpoint to results/checkpoints/causal_eps10/best.pt
Saved PyTorch checkpoint to results/checkpoints/causal_eps10/best.pt
Saved PyTorch checkpoint to results/checkpoints/causal_eps10/best.pt
Saved PyTorch checkpoint to results/checkpoints/causal_eps10/best.pt
Saved PyTorch checkpoint to results/checkpoints/causal_eps10/best.pt
Saved PyTorch checkpoint to results/checkpoints/causal_eps10/best.pt
Saved PyTorch checkpoint to results/checkpoints/causal_eps10/best.pt
Saved PyTorch checkpoint to results/checkpoints/causal_eps10/best.pt
Saved PyTorch checkpoint to results/checkpoints/causal_eps10/best.pt
Saved PyTorch checkpoint to results/checkpoints/causal_eps10/best.pt
Saved PyTorch checkpoint to results/checkpoints/causal_eps10/best.pt
Saved PyTorch checkpoint to results/checkpoints/causal_eps10/best.pt
Saved PyTorch checkpoint to results/checkpoints/causal_eps10/best.pt
Saved PyTorch checkpoint to results/checkpoints/causal_eps10/best.pt
Saved PyTorch checkpoint to results/checkpoints/causal_eps10/best.pt
Saved PyTorch checkpoint to results/checkpoints/causal_eps10/best.pt
Saved PyTorch checkpoint to results/checkpoints/causal_eps10/best.pt
Saved PyTorch checkpoint to results/checkpoints/causal_eps10/best.pt
Saved PyTorch checkpoint to results/checkpoints/causal_eps10/best.pt
Saved PyTorch checkpoint to results/checkpoints/causal_eps10/best.pt
Saved PyTorch checkpoint to results/checkpoints/causal_eps10/best.pt
Saved PyTorch checkpoint to results/checkpoints/causal_eps10/best.pt
Saved PyTorch checkpoint to results/checkpoints/causal_eps10/best.pt
Adam 500 | total=2.848e-01 f=1.273e-02 ic=1.261e-03 wall=2.584e-02 inlet=2.828e-02 outlet=2.145e-04 min_w=8.830e-01
Saved PyTorch checkpoint to results/checkpoints/causal_eps10/best.pt
Saved PyTorch checkpoint to results/checkpoints/causal_eps10/best.pt
Saved PyTorch checkpoint to results/checkpoints/causal_eps10/best.pt
Saved PyTorch checkpoint to results/checkpoints/causal_eps10/best.pt
Saved PyTorch checkpoint to results/checkpoints/causal_eps10/best.pt
Saved PyTorch checkpoint to results/checkpoints/causal_eps10/best.pt
Saved PyTorch checkpoint to results/checkpoints/causal_eps10/best.pt
Saved PyTorch checkpoint to results/checkpoints/causal_eps10/best.pt
Saved PyTorch checkpoint to results/checkpoints/causal_eps10/best.pt
Saved PyTorch checkpoint to results/checkpoints/causal_eps10/best.pt
Saved PyTorch checkpoint to results/checkpoints/causal_eps10/best.pt
Saved PyTorch checkpoint to results/checkpoints/causal_eps10/best.pt
Saved PyTorch checkpoint to results/checkpoints/causal_eps10/best.pt
Saved PyTorch checkpoint to results/checkpoints/causal_eps10/best.pt
Saved PyTorch checkpoint to results/checkpoints/causal_eps10/best.pt
Saved PyTorch checkpoint to results/checkpoints/causal_eps10/best.pt
Saved PyTorch checkpoint to results/checkpoints/causal_eps10/best.pt
Saved PyTorch checkpoint to results/checkpoints/causal_eps10/best.pt
Saved PyTorch checkpoint to results/checkpoints/causal_eps10/best.pt
Saved PyTorch checkpoint to results/checkpoints/causal_eps10/best.pt
Saved PyTorch checkpoint to results/checkpoints/causal_eps10/best.pt
Saved PyTorch checkpoint to results/checkpoints/causal_eps10/best.pt
Saved PyTorch checkpoint to results/checkpoints/causal_eps10/best.pt
Saved PyTorch checkpoint to results/checkpoints/causal_eps10/best.pt
Saved PyTorch checkpoint to results/checkpoints/causal_eps10/best.pt
Saved PyTorch checkpoint to results/checkpoints/causal_eps10/best.pt
Saved PyTorch checkpoint to results/checkpoints/causal_eps10/best.pt
Saved PyTorch checkpoint to results/checkpoints/causal_eps10/best.pt
Saved PyTorch checkpoint to results/checkpoints/causal_eps10/best.pt
Saved PyTorch checkpoint to results/checkpoints/causal_eps10/best.pt
Saved PyTorch checkpoint to results/checkpoints/causal_eps10/best.pt
Saved PyTorch checkpoint to results/checkpoints/causal_eps10/best.pt
Saved PyTorch checkpoint to results/checkpoints/causal_eps10/best.pt
Saved PyTorch checkpoint to results/checkpoints/causal_eps10/best.pt
Saved PyTorch checkpoint to results/checkpoints/causal_eps10/best.pt
Saved PyTorch checkpoint to results/checkpoints/causal_eps10/best.pt
Saved PyTorch checkpoint to results/checkpoints/causal_eps10/best.pt
Saved PyTorch checkpoint to results/checkpoints/causal_eps10/best.pt
Saved PyTorch checkpoint to results/checkpoints/causal_eps10/best.pt
Saved PyTorch checkpoint to results/checkpoints/causal_eps10/best.pt
Saved PyTorch checkpoint to results/checkpoints/causal_eps10/best.pt
Saved PyTorch checkpoint to results/checkpoints/causal_eps10/best.pt
Saved PyTorch checkpoint to results/checkpoints/causal_eps10/best.pt
Saved PyTorch checkpoint to results/checkpoints/causal_eps10/best.pt
Saved PyTorch checkpoint to results/checkpoints/causal_eps10/best.pt
Saved PyTorch checkpoint to results/checkpoints/causal_eps10/best.pt
Saved PyTorch checkpoint to results/checkpoints/causal_eps10/best.pt
Saved PyTorch checkpoint to results/checkpoints/causal_eps10/best.pt
Saved PyTorch checkpoint to results/checkpoints/causal_eps10/best.pt
Saved PyTorch checkpoint to results/checkpoints/causal_eps10/best.pt
Saved PyTorch checkpoint to results/checkpoints/causal_eps10/best.pt
Saved PyTorch checkpoint to results/checkpoints/causal_eps10/best.pt
Saved PyTorch checkpoint to results/checkpoints/causal_eps10/best.pt
Saved PyTorch checkpoint to results/checkpoints/causal_eps10/best.pt
Saved PyTorch checkpoint to results/checkpoints/causal_eps10/best.pt
Saved PyTorch checkpoint to results/checkpoints/causal_eps10/best.pt
Saved PyTorch checkpoint to results/checkpoints/causal_eps10/best.pt
Saved PyTorch checkpoint to results/checkpoints/causal_eps10/best.pt
Saved PyTorch checkpoint to results/checkpoints/causal_eps10/best.pt
Saved PyTorch checkpoint to results/checkpoints/causal_eps10/best.pt
Saved PyTorch checkpoint to results/checkpoints/causal_eps10/best.pt
Saved PyTorch checkpoint to results/checkpoints/causal_eps10/best.pt
Saved PyTorch checkpoint to results/checkpoints/causal_eps10/best.pt
Saved PyTorch checkpoint to results/checkpoints/causal_eps10/best.pt
Saved PyTorch checkpoint to results/checkpoints/causal_eps10/best.pt
Saved PyTorch checkpoint to results/checkpoints/causal_eps10/best.pt
Saved PyTorch checkpoint to results/checkpoints/causal_eps10/best.pt
Saved PyTorch checkpoint to results/checkpoints/causal_eps10/best.pt
Saved PyTorch checkpoint to results/checkpoints/causal_eps10/best.pt
Saved PyTorch checkpoint to results/checkpoints/causal_eps10/best.pt
Saved PyTorch checkpoint to results/checkpoints/causal_eps10/best.pt
Saved PyTorch checkpoint to results/checkpoints/causal_eps10/best.pt
Saved PyTorch checkpoint to results/checkpoints/causal_eps10/best.pt
Saved PyTorch checkpoint to results/checkpoints/causal_eps10/best.pt
Saved PyTorch checkpoint to results/checkpoints/causal_eps10/best.pt
Saved PyTorch checkpoint to results/checkpoints/causal_eps10/best.pt
Saved PyTorch checkpoint to results/checkpoints/causal_eps10/best.pt
Saved PyTorch checkpoint to results/checkpoints/causal_eps10/best.pt
Saved PyTorch checkpoint to results/checkpoints/causal_eps10/best.pt
Saved PyTorch checkpoint to results/checkpoints/causal_eps10/best.pt
Saved PyTorch checkpoint to results/checkpoints/causal_eps10/best.pt
Saved PyTorch checkpoint to results/checkpoints/causal_eps10/best.pt
Saved PyTorch checkpoint to results/checkpoints/causal_eps10/best.pt
Saved PyTorch checkpoint to results/checkpoints/causal_eps10/best.pt
Saved PyTorch checkpoint to results/checkpoints/causal_eps10/best.pt
Saved PyTorch checkpoint to results/checkpoints/causal_eps10/best.pt
Saved PyTorch checkpoint to results/checkpoints/causal_eps10/best.pt
Saved PyTorch checkpoint to results/checkpoints/causal_eps10/best.pt
Saved PyTorch checkpoint to results/checkpoints/causal_eps10/best.pt
Saved PyTorch checkpoint to results/checkpoints/causal_eps10/best.pt
Saved PyTorch checkpoint to results/checkpoints/causal_eps10/best.pt
Saved PyTorch checkpoint to results/checkpoints/causal_eps10/best.pt
Saved PyTorch checkpoint to results/checkpoints/causal_eps10/best.pt
Saved PyTorch checkpoint to results/checkpoints/causal_eps10/best.pt
Saved PyTorch checkpoint to results/checkpoints/causal_eps10/best.pt
Saved PyTorch checkpoint to results/checkpoints/causal_eps10/best.pt
Saved PyTorch checkpoint to results/checkpoints/causal_eps10/best.pt
Saved PyTorch checkpoint to results/checkpoints/causal_eps10/best.pt
Saved PyTorch checkpoint to results/checkpoints/causal_eps10/best.pt
Saved PyTorch checkpoint to results/checkpoints/causal_eps10/best.pt
Adam 600 | total=2.744e-01 f=1.239e-02 ic=1.133e-03 wall=2.493e-02 inlet=2.720e-02 outlet=1.930e-04 min_w=8.856e-01
Saved PyTorch checkpoint to results/checkpoints/causal_eps10/best.pt
Saved PyTorch checkpoint to results/checkpoints/causal_eps10/best.pt
Saved PyTorch checkpoint to results/checkpoints/causal_eps10/best.pt
Saved PyTorch checkpoint to results/checkpoints/causal_eps10/best.pt
Saved PyTorch checkpoint to results/checkpoints/causal_eps10/best.pt
Saved PyTorch checkpoint to results/checkpoints/causal_eps10/best.pt
Saved PyTorch checkpoint to results/checkpoints/causal_eps10/best.pt
Saved PyTorch checkpoint to results/checkpoints/causal_eps10/best.pt
Saved PyTorch checkpoint to results/checkpoints/causal_eps10/best.pt
Saved PyTorch checkpoint to results/checkpoints/causal_eps10/best.pt
Saved PyTorch checkpoint to results/checkpoints/causal_eps10/best.pt
Saved PyTorch checkpoint to results/checkpoints/causal_eps10/best.pt
Saved PyTorch checkpoint to results/checkpoints/causal_eps10/best.pt
Saved PyTorch checkpoint to results/checkpoints/causal_eps10/best.pt
Saved PyTorch checkpoint to results/checkpoints/causal_eps10/best.pt
Saved PyTorch checkpoint to results/checkpoints/causal_eps10/best.pt
Saved PyTorch checkpoint to results/checkpoints/causal_eps10/best.pt
Saved PyTorch checkpoint to results/checkpoints/causal_eps10/best.pt
Saved PyTorch checkpoint to results/checkpoints/causal_eps10/best.pt
Saved PyTorch checkpoint to results/checkpoints/causal_eps10/best.pt
Saved PyTorch checkpoint to results/checkpoints/causal_eps10/best.pt
Saved PyTorch checkpoint to results/checkpoints/causal_eps10/best.pt
Saved PyTorch checkpoint to results/checkpoints/causal_eps10/best.pt
Saved PyTorch checkpoint to results/checkpoints/causal_eps10/best.pt
Saved PyTorch checkpoint to results/checkpoints/causal_eps10/best.pt
Saved PyTorch checkpoint to results/checkpoints/causal_eps10/best.pt
Saved PyTorch checkpoint to results/checkpoints/causal_eps10/best.pt
Saved PyTorch checkpoint to results/checkpoints/causal_eps10/best.pt
Saved PyTorch checkpoint to results/checkpoints/causal_eps10/best.pt
Saved PyTorch checkpoint to results/checkpoints/causal_eps10/best.pt
Saved PyTorch checkpoint to results/checkpoints/causal_eps10/best.pt
Saved PyTorch checkpoint to results/checkpoints/causal_eps10/best.pt
Saved PyTorch checkpoint to results/checkpoints/causal_eps10/best.pt
Saved PyTorch checkpoint to results/checkpoints/causal_eps10/best.pt
Saved PyTorch checkpoint to results/checkpoints/causal_eps10/best.pt
Saved PyTorch checkpoint to results/checkpoints/causal_eps10/best.pt
Saved PyTorch checkpoint to results/checkpoints/causal_eps10/best.pt
Saved PyTorch checkpoint to results/checkpoints/causal_eps10/best.pt
Saved PyTorch checkpoint to results/checkpoints/causal_eps10/best.pt
Saved PyTorch checkpoint to results/checkpoints/causal_eps10/best.pt
Saved PyTorch checkpoint to results/checkpoints/causal_eps10/best.pt
Saved PyTorch checkpoint to results/checkpoints/causal_eps10/best.pt
Saved PyTorch checkpoint to results/checkpoints/causal_eps10/best.pt
Saved PyTorch checkpoint to results/checkpoints/causal_eps10/best.pt
Saved PyTorch checkpoint to results/checkpoints/causal_eps10/best.pt
Saved PyTorch checkpoint to results/checkpoints/causal_eps10/best.pt
Saved PyTorch checkpoint to results/checkpoints/causal_eps10/best.pt
Saved PyTorch checkpoint to results/checkpoints/causal_eps10/best.pt
Saved PyTorch checkpoint to results/checkpoints/causal_eps10/best.pt
Saved PyTorch checkpoint to results/checkpoints/causal_eps10/best.pt
Saved PyTorch checkpoint to results/checkpoints/causal_eps10/best.pt
Saved PyTorch checkpoint to results/checkpoints/causal_eps10/best.pt
Saved PyTorch checkpoint to results/checkpoints/causal_eps10/best.pt
Saved PyTorch checkpoint to results/checkpoints/causal_eps10/best.pt
Saved PyTorch checkpoint to results/checkpoints/causal_eps10/best.pt
Adam 700 | total=2.635e-01 f=1.316e-02 ic=1.225e-03 wall=2.408e-02 inlet=2.569e-02 outlet=2.015e-04 min_w=8.781e-01
Saved PyTorch checkpoint to results/checkpoints/causal_eps10/best.pt
Saved PyTorch checkpoint to results/checkpoints/causal_eps10/best.pt
Saved PyTorch checkpoint to results/checkpoints/causal_eps10/best.pt
Saved PyTorch checkpoint to results/checkpoints/causal_eps10/best.pt
Saved PyTorch checkpoint to results/checkpoints/causal_eps10/best.pt
Saved PyTorch checkpoint to results/checkpoints/causal_eps10/best.pt
Saved PyTorch checkpoint to results/checkpoints/causal_eps10/best.pt
Saved PyTorch checkpoint to results/checkpoints/causal_eps10/best.pt
Saved PyTorch checkpoint to results/checkpoints/causal_eps10/best.pt
Saved PyTorch checkpoint to results/checkpoints/causal_eps10/best.pt
Saved PyTorch checkpoint to results/checkpoints/causal_eps10/best.pt
Saved PyTorch checkpoint to results/checkpoints/causal_eps10/best.pt
Saved PyTorch checkpoint to results/checkpoints/causal_eps10/best.pt
Saved PyTorch checkpoint to results/checkpoints/causal_eps10/best.pt
Saved PyTorch checkpoint to results/checkpoints/causal_eps10/best.pt
Saved PyTorch checkpoint to results/checkpoints/causal_eps10/best.pt
Saved PyTorch checkpoint to results/checkpoints/causal_eps10/best.pt
Saved PyTorch checkpoint to results/checkpoints/causal_eps10/best.pt
Saved PyTorch checkpoint to results/checkpoints/causal_eps10/best.pt
Saved PyTorch checkpoint to results/checkpoints/causal_eps10/best.pt
Saved PyTorch checkpoint to results/checkpoints/causal_eps10/best.pt
Saved PyTorch checkpoint to results/checkpoints/causal_eps10/best.pt
Saved PyTorch checkpoint to results/checkpoints/causal_eps10/best.pt
Saved PyTorch checkpoint to results/checkpoints/causal_eps10/best.pt
Saved PyTorch checkpoint to results/checkpoints/causal_eps10/best.pt
Saved PyTorch checkpoint to results/checkpoints/causal_eps10/best.pt
Saved PyTorch checkpoint to results/checkpoints/causal_eps10/best.pt
Saved PyTorch checkpoint to results/checkpoints/causal_eps10/best.pt
Saved PyTorch checkpoint to results/checkpoints/causal_eps10/best.pt
Saved PyTorch checkpoint to results/checkpoints/causal_eps10/best.pt
Saved PyTorch checkpoint to results/checkpoints/causal_eps10/best.pt
Saved PyTorch checkpoint to results/checkpoints/causal_eps10/best.pt
Saved PyTorch checkpoint to results/checkpoints/causal_eps10/best.pt
Saved PyTorch checkpoint to results/checkpoints/causal_eps10/best.pt
Saved PyTorch checkpoint to results/checkpoints/causal_eps10/best.pt
Saved PyTorch checkpoint to results/checkpoints/causal_eps10/best.pt
Saved PyTorch checkpoint to results/checkpoints/causal_eps10/best.pt
Saved PyTorch checkpoint to results/checkpoints/causal_eps10/best.pt
Saved PyTorch checkpoint to results/checkpoints/causal_eps10/best.pt
Saved PyTorch checkpoint to results/checkpoints/causal_eps10/best.pt
Saved PyTorch checkpoint to results/checkpoints/causal_eps10/best.pt
Saved PyTorch checkpoint to results/checkpoints/causal_eps10/best.pt
Saved PyTorch checkpoint to results/checkpoints/causal_eps10/best.pt
Saved PyTorch checkpoint to results/checkpoints/causal_eps10/best.pt
Saved PyTorch checkpoint to results/checkpoints/causal_eps10/best.pt
Saved PyTorch checkpoint to results/checkpoints/causal_eps10/best.pt
Saved PyTorch checkpoint to results/checkpoints/causal_eps10/best.pt
Saved PyTorch checkpoint to results/checkpoints/causal_eps10/best.pt
Saved PyTorch checkpoint to results/checkpoints/causal_eps10/best.pt
Saved PyTorch checkpoint to results/checkpoints/causal_eps10/best.pt
Saved PyTorch checkpoint to results/checkpoints/causal_eps10/best.pt
Saved PyTorch checkpoint to results/checkpoints/causal_eps10/best.pt
Saved PyTorch checkpoint to results/checkpoints/causal_eps10/best.pt
Saved PyTorch checkpoint to results/checkpoints/causal_eps10/best.pt
Saved PyTorch checkpoint to results/checkpoints/causal_eps10/best.pt
Saved PyTorch checkpoint to results/checkpoints/causal_eps10/best.pt
Saved PyTorch checkpoint to results/checkpoints/causal_eps10/best.pt
Saved PyTorch checkpoint to results/checkpoints/causal_eps10/best.pt
Saved PyTorch checkpoint to results/checkpoints/causal_eps10/best.pt
Saved PyTorch checkpoint to results/checkpoints/causal_eps10/best.pt
Saved PyTorch checkpoint to results/checkpoints/causal_eps10/best.pt
Saved PyTorch checkpoint to results/checkpoints/causal_eps10/best.pt
Saved PyTorch checkpoint to results/checkpoints/causal_eps10/best.pt
Saved PyTorch checkpoint to results/checkpoints/causal_eps10/best.pt
Saved PyTorch checkpoint to results/checkpoints/causal_eps10/best.pt
Saved PyTorch checkpoint to results/checkpoints/causal_eps10/best.pt
Saved PyTorch checkpoint to results/checkpoints/causal_eps10/best.pt
Saved PyTorch checkpoint to results/checkpoints/causal_eps10/best.pt
Saved PyTorch checkpoint to results/checkpoints/causal_eps10/best.pt
Saved PyTorch checkpoint to results/checkpoints/causal_eps10/best.pt
Saved PyTorch checkpoint to results/checkpoints/causal_eps10/best.pt
Saved PyTorch checkpoint to results/checkpoints/causal_eps10/best.pt
Saved PyTorch checkpoint to results/checkpoints/causal_eps10/best.pt
Saved PyTorch checkpoint to results/checkpoints/causal_eps10/best.pt
Saved PyTorch checkpoint to results/checkpoints/causal_eps10/best.pt
Saved PyTorch checkpoint to results/checkpoints/causal_eps10/best.pt
Saved PyTorch checkpoint to results/checkpoints/causal_eps10/best.pt
Saved PyTorch checkpoint to results/checkpoints/causal_eps10/best.pt
Saved PyTorch checkpoint to results/checkpoints/causal_eps10/best.pt
Saved PyTorch checkpoint to results/checkpoints/causal_eps10/best.pt
Saved PyTorch checkpoint to results/checkpoints/causal_eps10/best.pt
Saved PyTorch checkpoint to results/checkpoints/causal_eps10/best.pt
Saved PyTorch checkpoint to results/checkpoints/causal_eps10/best.pt
Saved PyTorch checkpoint to results/checkpoints/causal_eps10/best.pt
Saved PyTorch checkpoint to results/checkpoints/causal_eps10/best.pt
Saved PyTorch checkpoint to results/checkpoints/causal_eps10/best.pt
Saved PyTorch checkpoint to results/checkpoints/causal_eps10/best.pt
Saved PyTorch checkpoint to results/checkpoints/causal_eps10/best.pt
Saved PyTorch checkpoint to results/checkpoints/causal_eps10/best.pt
Saved PyTorch checkpoint to results/checkpoints/causal_eps10/best.pt
Saved PyTorch checkpoint to results/checkpoints/causal_eps10/best.pt
Saved PyTorch checkpoint to results/checkpoints/causal_eps10/best.pt
Saved PyTorch checkpoint to results/checkpoints/causal_eps10/best.pt
Saved PyTorch checkpoint to results/checkpoints/causal_eps10/best.pt
Saved PyTorch checkpoint to results/checkpoints/causal_eps10/best.pt
Saved PyTorch checkpoint to results/checkpoints/causal_eps10/best.pt
Saved PyTorch checkpoint to results/checkpoints/causal_eps10/best.pt
Saved PyTorch checkpoint to results/checkpoints/causal_eps10/best.pt
Saved PyTorch checkpoint to results/checkpoints/causal_eps10/best.pt
Saved PyTorch checkpoint to results/checkpoints/causal_eps10/best.pt
Adam 800 | total=2.487e-01 f=1.553e-02 ic=1.378e-03 wall=2.278e-02 inlet=2.353e-02 outlet=2.171e-04 min_w=8.559e-01
Saved PyTorch checkpoint to results/checkpoints/causal_eps10/best.pt
Saved PyTorch checkpoint to results/checkpoints/causal_eps10/best.pt
Saved PyTorch checkpoint to results/checkpoints/causal_eps10/best.pt
Saved PyTorch checkpoint to results/checkpoints/causal_eps10/best.pt
Saved PyTorch checkpoint to results/checkpoints/causal_eps10/best.pt
Saved PyTorch checkpoint to results/checkpoints/causal_eps10/best.pt
Saved PyTorch checkpoint to results/checkpoints/causal_eps10/best.pt
Saved PyTorch checkpoint to results/checkpoints/causal_eps10/best.pt
Saved PyTorch checkpoint to results/checkpoints/causal_eps10/best.pt
Saved PyTorch checkpoint to results/checkpoints/causal_eps10/best.pt
Saved PyTorch checkpoint to results/checkpoints/causal_eps10/best.pt
Saved PyTorch checkpoint to results/checkpoints/causal_eps10/best.pt
Saved PyTorch checkpoint to results/checkpoints/causal_eps10/best.pt
Saved PyTorch checkpoint to results/checkpoints/causal_eps10/best.pt
Saved PyTorch checkpoint to results/checkpoints/causal_eps10/best.pt
Saved PyTorch checkpoint to results/checkpoints/causal_eps10/best.pt
Saved PyTorch checkpoint to results/checkpoints/causal_eps10/best.pt
Saved PyTorch checkpoint to results/checkpoints/causal_eps10/best.pt
Saved PyTorch checkpoint to results/checkpoints/causal_eps10/best.pt
Saved PyTorch checkpoint to results/checkpoints/causal_eps10/best.pt
Saved PyTorch checkpoint to results/checkpoints/causal_eps10/best.pt
Saved PyTorch checkpoint to results/checkpoints/causal_eps10/best.pt
Saved PyTorch checkpoint to results/checkpoints/causal_eps10/best.pt
Saved PyTorch checkpoint to results/checkpoints/causal_eps10/best.pt
Saved PyTorch checkpoint to results/checkpoints/causal_eps10/best.pt
Saved PyTorch checkpoint to results/checkpoints/causal_eps10/best.pt
Saved PyTorch checkpoint to results/checkpoints/causal_eps10/best.pt
Saved PyTorch checkpoint to results/checkpoints/causal_eps10/best.pt
Saved PyTorch checkpoint to results/checkpoints/causal_eps10/best.pt
Saved PyTorch checkpoint to results/checkpoints/causal_eps10/best.pt
Saved PyTorch checkpoint to results/checkpoints/causal_eps10/best.pt
Saved PyTorch checkpoint to results/checkpoints/causal_eps10/best.pt
Saved PyTorch checkpoint to results/checkpoints/causal_eps10/best.pt
Saved PyTorch checkpoint to results/checkpoints/causal_eps10/best.pt
Saved PyTorch checkpoint to results/checkpoints/causal_eps10/best.pt
Saved PyTorch checkpoint to results/checkpoints/causal_eps10/best.pt
Saved PyTorch checkpoint to results/checkpoints/causal_eps10/best.pt
Saved PyTorch checkpoint to results/checkpoints/causal_eps10/best.pt
Saved PyTorch checkpoint to results/checkpoints/causal_eps10/best.pt
Saved PyTorch checkpoint to results/checkpoints/causal_eps10/best.pt
Saved PyTorch checkpoint to results/checkpoints/causal_eps10/best.pt
Saved PyTorch checkpoint to results/checkpoints/causal_eps10/best.pt
Saved PyTorch checkpoint to results/checkpoints/causal_eps10/best.pt
Saved PyTorch checkpoint to results/checkpoints/causal_eps10/best.pt
Saved PyTorch checkpoint to results/checkpoints/causal_eps10/best.pt
Saved PyTorch checkpoint to results/checkpoints/causal_eps10/best.pt
Saved PyTorch checkpoint to results/checkpoints/causal_eps10/best.pt
Saved PyTorch checkpoint to results/checkpoints/causal_eps10/best.pt
Saved PyTorch checkpoint to results/checkpoints/causal_eps10/best.pt
Saved PyTorch checkpoint to results/checkpoints/causal_eps10/best.pt
Saved PyTorch checkpoint to results/checkpoints/causal_eps10/best.pt
Saved PyTorch checkpoint to results/checkpoints/causal_eps10/best.pt
Saved PyTorch checkpoint to results/checkpoints/causal_eps10/best.pt
Saved PyTorch checkpoint to results/checkpoints/causal_eps10/best.pt
Saved PyTorch checkpoint to results/checkpoints/causal_eps10/best.pt
Saved PyTorch checkpoint to results/checkpoints/causal_eps10/best.pt
Adam 900 | total=2.302e-01 f=1.912e-02 ic=1.329e-03 wall=2.042e-02 inlet=2.149e-02 outlet=2.219e-04 min_w=8.233e-01
Saved PyTorch checkpoint to results/checkpoints/causal_eps10/best.pt
Saved PyTorch checkpoint to results/checkpoints/causal_eps10/best.pt
Saved PyTorch checkpoint to results/checkpoints/causal_eps10/best.pt
Saved PyTorch checkpoint to results/checkpoints/causal_eps10/best.pt
Saved PyTorch checkpoint to results/checkpoints/causal_eps10/best.pt
Saved PyTorch checkpoint to results/checkpoints/causal_eps10/best.pt
Saved PyTorch checkpoint to results/checkpoints/causal_eps10/best.pt
Saved PyTorch checkpoint to results/checkpoints/causal_eps10/best.pt
Saved PyTorch checkpoint to results/checkpoints/causal_eps10/best.pt
Saved PyTorch checkpoint to results/checkpoints/causal_eps10/best.pt
Saved PyTorch checkpoint to results/checkpoints/causal_eps10/best.pt
Saved PyTorch checkpoint to results/checkpoints/causal_eps10/best.pt
Saved PyTorch checkpoint to results/checkpoints/causal_eps10/best.pt
Saved PyTorch checkpoint to results/checkpoints/causal_eps10/best.pt
Saved PyTorch checkpoint to results/checkpoints/causal_eps10/best.pt
Saved PyTorch checkpoint to results/checkpoints/causal_eps10/best.pt
Saved PyTorch checkpoint to results/checkpoints/causal_eps10/best.pt
Saved PyTorch checkpoint to results/checkpoints/causal_eps10/best.pt
Saved PyTorch checkpoint to results/checkpoints/causal_eps10/best.pt
Saved PyTorch checkpoint to results/checkpoints/causal_eps10/best.pt
Saved PyTorch checkpoint to results/checkpoints/causal_eps10/best.pt
Saved PyTorch checkpoint to results/checkpoints/causal_eps10/best.pt
Saved PyTorch checkpoint to results/checkpoints/causal_eps10/best.pt
Saved PyTorch checkpoint to results/checkpoints/causal_eps10/best.pt
Saved PyTorch checkpoint to results/checkpoints/causal_eps10/best.pt
Saved PyTorch checkpoint to results/checkpoints/causal_eps10/best.pt
Saved PyTorch checkpoint to results/checkpoints/causal_eps10/best.pt
Saved PyTorch checkpoint to results/checkpoints/causal_eps10/best.pt
Saved PyTorch checkpoint to results/checkpoints/causal_eps10/best.pt
Saved PyTorch checkpoint to results/checkpoints/causal_eps10/best.pt
Saved PyTorch checkpoint to results/checkpoints/causal_eps10/best.pt
Saved PyTorch checkpoint to results/checkpoints/causal_eps10/best.pt
Saved PyTorch checkpoint to results/checkpoints/causal_eps10/best.pt
Saved PyTorch checkpoint to results/checkpoints/causal_eps10/best.pt
Saved PyTorch checkpoint to results/checkpoints/causal_eps10/best.pt
Saved PyTorch checkpoint to results/checkpoints/causal_eps10/best.pt
Saved PyTorch checkpoint to results/checkpoints/causal_eps10/best.pt
Saved PyTorch checkpoint to results/checkpoints/causal_eps10/best.pt
Saved PyTorch checkpoint to results/checkpoints/causal_eps10/best.pt
Saved PyTorch checkpoint to results/checkpoints/causal_eps10/best.pt
Saved PyTorch checkpoint to results/checkpoints/causal_eps10/best.pt
Saved PyTorch checkpoint to results/checkpoints/causal_eps10/best.pt
Saved PyTorch checkpoint to results/checkpoints/causal_eps10/best.pt
Saved PyTorch checkpoint to results/checkpoints/causal_eps10/best.pt
Saved PyTorch checkpoint to results/checkpoints/causal_eps10/best.pt
Saved PyTorch checkpoint to results/checkpoints/causal_eps10/best.pt
Saved PyTorch checkpoint to results/checkpoints/causal_eps10/best.pt
Saved PyTorch checkpoint to results/checkpoints/causal_eps10/best.pt
Saved PyTorch checkpoint to results/checkpoints/causal_eps10/best.pt
Saved PyTorch checkpoint to results/checkpoints/causal_eps10/best.pt
Saved PyTorch checkpoint to results/checkpoints/causal_eps10/best.pt
Saved PyTorch checkpoint to results/checkpoints/causal_eps10/best.pt
Saved PyTorch checkpoint to results/checkpoints/causal_eps10/best.pt
Saved PyTorch checkpoint to results/checkpoints/causal_eps10/best.pt
Saved PyTorch checkpoint to results/checkpoints/causal_eps10/best.pt
Saved PyTorch checkpoint to results/checkpoints/causal_eps10/best.pt
Saved PyTorch checkpoint to results/checkpoints/causal_eps10/best.pt
Saved PyTorch checkpoint to results/checkpoints/causal_eps10/best.pt
Saved PyTorch checkpoint to results/checkpoints/causal_eps10/best.pt
Saved PyTorch checkpoint to results/checkpoints/causal_eps10/best.pt
Saved PyTorch checkpoint to results/checkpoints/causal_eps10/best.pt
Saved PyTorch checkpoint to results/checkpoints/causal_eps10/best.pt
Adam 1000 | total=2.110e-01 f=2.261e-02 ic=1.635e-03 wall=1.999e-02 inlet=1.733e-02 outlet=1.672e-04 min_w=7.931e-01
Saved PyTorch checkpoint to results/checkpoints/causal_eps10/best.pt
Saved PyTorch checkpoint to results/checkpoints/causal_eps10/best.pt
Saved PyTorch checkpoint to results/checkpoints/causal_eps10/best.pt
Saved PyTorch checkpoint to results/checkpoints/causal_eps10/best.pt
Saved PyTorch checkpoint to results/checkpoints/causal_eps10/best.pt
Saved PyTorch checkpoint to results/checkpoints/causal_eps10/best.pt
Saved PyTorch checkpoint to results/checkpoints/causal_eps10/best.pt
Saved PyTorch checkpoint to results/checkpoints/causal_eps10/best.pt
Saved PyTorch checkpoint to results/checkpoints/causal_eps10/best.pt
Saved PyTorch checkpoint to results/checkpoints/causal_eps10/best.pt
Saved PyTorch checkpoint to results/checkpoints/causal_eps10/best.pt
Saved PyTorch checkpoint to results/checkpoints/causal_eps10/best.pt
Saved PyTorch checkpoint to results/checkpoints/causal_eps10/best.pt
Saved PyTorch checkpoint to results/checkpoints/causal_eps10/best.pt
Saved PyTorch checkpoint to results/checkpoints/causal_eps10/best.pt
Saved PyTorch checkpoint to results/checkpoints/causal_eps10/best.pt
Saved PyTorch checkpoint to results/checkpoints/causal_eps10/best.pt
Saved PyTorch checkpoint to results/checkpoints/causal_eps10/best.pt
Saved PyTorch checkpoint to results/checkpoints/causal_eps10/best.pt
Saved PyTorch checkpoint to results/checkpoints/causal_eps10/best.pt
Saved PyTorch checkpoint to results/checkpoints/causal_eps10/best.pt
Saved PyTorch checkpoint to results/checkpoints/causal_eps10/best.pt
Saved PyTorch checkpoint to results/checkpoints/causal_eps10/best.pt
Saved PyTorch checkpoint to results/checkpoints/causal_eps10/best.pt
Saved PyTorch checkpoint to results/checkpoints/causal_eps10/best.pt
Saved PyTorch checkpoint to results/checkpoints/causal_eps10/best.pt
Saved PyTorch checkpoint to results/checkpoints/causal_eps10/best.pt
Saved PyTorch checkpoint to results/checkpoints/causal_eps10/best.pt
Saved PyTorch checkpoint to results/checkpoints/causal_eps10/best.pt
Saved PyTorch checkpoint to results/checkpoints/causal_eps10/best.pt
Saved PyTorch checkpoint to results/checkpoints/causal_eps10/best.pt
Saved PyTorch checkpoint to results/checkpoints/causal_eps10/best.pt
Saved PyTorch checkpoint to results/checkpoints/causal_eps10/best.pt
Saved PyTorch checkpoint to results/checkpoints/causal_eps10/best.pt
Saved PyTorch checkpoint to results/checkpoints/causal_eps10/best.pt
Saved PyTorch checkpoint to results/checkpoints/causal_eps10/best.pt
Saved PyTorch checkpoint to results/checkpoints/causal_eps10/best.pt
Saved PyTorch checkpoint to results/checkpoints/causal_eps10/best.pt
Saved PyTorch checkpoint to results/checkpoints/causal_eps10/best.pt
Saved PyTorch checkpoint to results/checkpoints/causal_eps10/best.pt
Saved PyTorch checkpoint to results/checkpoints/causal_eps10/best.pt
Saved PyTorch checkpoint to results/checkpoints/causal_eps10/best.pt
Saved PyTorch checkpoint to results/checkpoints/causal_eps10/best.pt
Saved PyTorch checkpoint to results/checkpoints/causal_eps10/best.pt
Saved PyTorch checkpoint to results/checkpoints/causal_eps10/best.pt
Saved PyTorch checkpoint to results/checkpoints/causal_eps10/best.pt
Saved PyTorch checkpoint to results/checkpoints/causal_eps10/best.pt
Saved PyTorch checkpoint to results/checkpoints/causal_eps10/best.pt
Saved PyTorch checkpoint to results/checkpoints/causal_eps10/best.pt
Saved PyTorch checkpoint to results/checkpoints/causal_eps10/best.pt
Saved PyTorch checkpoint to results/checkpoints/causal_eps10/best.pt
Saved PyTorch checkpoint to results/checkpoints/causal_eps10/best.pt
Saved PyTorch checkpoint to results/checkpoints/causal_eps10/best.pt
Saved PyTorch checkpoint to results/checkpoints/causal_eps10/best.pt
Saved PyTorch checkpoint to results/checkpoints/causal_eps10/best.pt
Saved PyTorch checkpoint to results/checkpoints/causal_eps10/best.pt
Saved PyTorch checkpoint to results/checkpoints/causal_eps10/best.pt
Saved PyTorch checkpoint to results/checkpoints/causal_eps10/best.pt
Saved PyTorch checkpoint to results/checkpoints/causal_eps10/best.pt
Saved PyTorch checkpoint to results/checkpoints/causal_eps10/best.pt
Saved PyTorch checkpoint to results/checkpoints/causal_eps10/best.pt
Saved PyTorch checkpoint to results/checkpoints/causal_eps10/best.pt
Saved PyTorch checkpoint to results/checkpoints/causal_eps10/best.pt
Saved PyTorch checkpoint to results/checkpoints/causal_eps10/best.pt
Saved PyTorch checkpoint to results/checkpoints/causal_eps10/best.pt
Saved PyTorch checkpoint to results/checkpoints/causal_eps10/best.pt
Saved PyTorch checkpoint to results/checkpoints/causal_eps10/best.pt
Saved PyTorch checkpoint to results/checkpoints/causal_eps10/best.pt
Saved PyTorch checkpoint to results/checkpoints/causal_eps10/best.pt
Saved PyTorch checkpoint to results/checkpoints/causal_eps10/best.pt
Saved PyTorch checkpoint to results/checkpoints/causal_eps10/best.pt
Saved PyTorch checkpoint to results/checkpoints/causal_eps10/best.pt
Saved PyTorch checkpoint to results/checkpoints/causal_eps10/best.pt
Saved PyTorch checkpoint to results/checkpoints/causal_eps10/best.pt
Adam 1100 | total=2.167e-01 f=3.014e-02 ic=3.975e-03 wall=2.500e-02 inlet=1.151e-02 outlet=8.773e-05 min_w=7.282e-01
Saved PyTorch checkpoint to results/checkpoints/causal_eps10/best.pt
Saved PyTorch checkpoint to results/checkpoints/causal_eps10/best.pt
Saved PyTorch checkpoint to results/checkpoints/causal_eps10/best.pt
Saved PyTorch checkpoint to results/checkpoints/causal_eps10/best.pt
Saved PyTorch checkpoint to results/checkpoints/causal_eps10/best.pt
Saved PyTorch checkpoint to results/checkpoints/causal_eps10/best.pt
Saved PyTorch checkpoint to results/checkpoints/causal_eps10/best.pt
Saved PyTorch checkpoint to results/checkpoints/causal_eps10/best.pt
Saved PyTorch checkpoint to results/checkpoints/causal_eps10/best.pt
Saved PyTorch checkpoint to results/checkpoints/causal_eps10/best.pt
Saved PyTorch checkpoint to results/checkpoints/causal_eps10/best.pt
Saved PyTorch checkpoint to results/checkpoints/causal_eps10/best.pt
Saved PyTorch checkpoint to results/checkpoints/causal_eps10/best.pt
Saved PyTorch checkpoint to results/checkpoints/causal_eps10/best.pt
Saved PyTorch checkpoint to results/checkpoints/causal_eps10/best.pt
Saved PyTorch checkpoint to results/checkpoints/causal_eps10/best.pt
Saved PyTorch checkpoint to results/checkpoints/causal_eps10/best.pt
Saved PyTorch checkpoint to results/checkpoints/causal_eps10/best.pt
Saved PyTorch checkpoint to results/checkpoints/causal_eps10/best.pt
Saved PyTorch checkpoint to results/checkpoints/causal_eps10/best.pt
Saved PyTorch checkpoint to results/checkpoints/causal_eps10/best.pt
Saved PyTorch checkpoint to results/checkpoints/causal_eps10/best.pt
Saved PyTorch checkpoint to results/checkpoints/causal_eps10/best.pt
Saved PyTorch checkpoint to results/checkpoints/causal_eps10/best.pt
Saved PyTorch checkpoint to results/checkpoints/causal_eps10/best.pt
Saved PyTorch checkpoint to results/checkpoints/causal_eps10/best.pt
Saved PyTorch checkpoint to results/checkpoints/causal_eps10/best.pt
Saved PyTorch checkpoint to results/checkpoints/causal_eps10/best.pt
Saved PyTorch checkpoint to results/checkpoints/causal_eps10/best.pt
Saved PyTorch checkpoint to results/checkpoints/causal_eps10/best.pt
Saved PyTorch checkpoint to results/checkpoints/causal_eps10/best.pt
Saved PyTorch checkpoint to results/checkpoints/causal_eps10/best.pt
Saved PyTorch checkpoint to results/checkpoints/causal_eps10/best.pt
Saved PyTorch checkpoint to results/checkpoints/causal_eps10/best.pt
Saved PyTorch checkpoint to results/checkpoints/causal_eps10/best.pt
Saved PyTorch checkpoint to results/checkpoints/causal_eps10/best.pt
Saved PyTorch checkpoint to results/checkpoints/causal_eps10/best.pt
Saved PyTorch checkpoint to results/checkpoints/causal_eps10/best.pt
Saved PyTorch checkpoint to results/checkpoints/causal_eps10/best.pt
Saved PyTorch checkpoint to results/checkpoints/causal_eps10/best.pt
Saved PyTorch checkpoint to results/checkpoints/causal_eps10/best.pt
Saved PyTorch checkpoint to results/checkpoints/causal_eps10/best.pt
Saved PyTorch checkpoint to results/checkpoints/causal_eps10/best.pt
Saved PyTorch checkpoint to results/checkpoints/causal_eps10/best.pt
Saved PyTorch checkpoint to results/checkpoints/causal_eps10/best.pt
Saved PyTorch checkpoint to results/checkpoints/causal_eps10/best.pt
Saved PyTorch checkpoint to results/checkpoints/causal_eps10/best.pt
Saved PyTorch checkpoint to results/checkpoints/causal_eps10/best.pt
Saved PyTorch checkpoint to results/checkpoints/causal_eps10/best.pt
Saved PyTorch checkpoint to results/checkpoints/causal_eps10/best.pt
Saved PyTorch checkpoint to results/checkpoints/causal_eps10/best.pt
Saved PyTorch checkpoint to results/checkpoints/causal_eps10/best.pt
Saved PyTorch checkpoint to results/checkpoints/causal_eps10/best.pt
Saved PyTorch checkpoint to results/checkpoints/causal_eps10/best.pt
Saved PyTorch checkpoint to results/checkpoints/causal_eps10/best.pt
Saved PyTorch checkpoint to results/checkpoints/causal_eps10/best.pt
Saved PyTorch checkpoint to results/checkpoints/causal_eps10/best.pt
Saved PyTorch checkpoint to results/checkpoints/causal_eps10/best.pt
Saved PyTorch checkpoint to results/checkpoints/causal_eps10/best.pt
Saved PyTorch checkpoint to results/checkpoints/causal_eps10/best.pt
Saved PyTorch checkpoint to results/checkpoints/causal_eps10/best.pt
Saved PyTorch checkpoint to results/checkpoints/causal_eps10/best.pt
Saved PyTorch checkpoint to results/checkpoints/causal_eps10/best.pt
Saved PyTorch checkpoint to results/checkpoints/causal_eps10/best.pt
Saved PyTorch checkpoint to results/checkpoints/causal_eps10/best.pt
Saved PyTorch checkpoint to results/checkpoints/causal_eps10/best.pt
Saved PyTorch checkpoint to results/checkpoints/causal_eps10/best.pt
Adam 1200 | total=1.891e-01 f=3.173e-02 ic=2.067e-03 wall=1.208e-02 inlet=1.897e-02 outlet=7.234e-05 min_w=7.081e-01
Saved PyTorch checkpoint to results/checkpoints/causal_eps10/best.pt
Saved PyTorch checkpoint to results/checkpoints/causal_eps10/best.pt
Saved PyTorch checkpoint to results/checkpoints/causal_eps10/best.pt
Saved PyTorch checkpoint to results/checkpoints/causal_eps10/best.pt
Saved PyTorch checkpoint to results/checkpoints/causal_eps10/best.pt
Saved PyTorch checkpoint to results/checkpoints/causal_eps10/best.pt
Saved PyTorch checkpoint to results/checkpoints/causal_eps10/best.pt
Saved PyTorch checkpoint to results/checkpoints/causal_eps10/best.pt
Saved PyTorch checkpoint to results/checkpoints/causal_eps10/best.pt
Saved PyTorch checkpoint to results/checkpoints/causal_eps10/best.pt
Saved PyTorch checkpoint to results/checkpoints/causal_eps10/best.pt
Saved PyTorch checkpoint to results/checkpoints/causal_eps10/best.pt
Saved PyTorch checkpoint to results/checkpoints/causal_eps10/best.pt
Saved PyTorch checkpoint to results/checkpoints/causal_eps10/best.pt
Saved PyTorch checkpoint to results/checkpoints/causal_eps10/best.pt
Saved PyTorch checkpoint to results/checkpoints/causal_eps10/best.pt
Saved PyTorch checkpoint to results/checkpoints/causal_eps10/best.pt
Saved PyTorch checkpoint to results/checkpoints/causal_eps10/best.pt
Saved PyTorch checkpoint to results/checkpoints/causal_eps10/best.pt
Saved PyTorch checkpoint to results/checkpoints/causal_eps10/best.pt
Saved PyTorch checkpoint to results/checkpoints/causal_eps10/best.pt
Saved PyTorch checkpoint to results/checkpoints/causal_eps10/best.pt
Saved PyTorch checkpoint to results/checkpoints/causal_eps10/best.pt
Saved PyTorch checkpoint to results/checkpoints/causal_eps10/best.pt
Saved PyTorch checkpoint to results/checkpoints/causal_eps10/best.pt
Saved PyTorch checkpoint to results/checkpoints/causal_eps10/best.pt
Saved PyTorch checkpoint to results/checkpoints/causal_eps10/best.pt
Saved PyTorch checkpoint to results/checkpoints/causal_eps10/best.pt
Saved PyTorch checkpoint to results/checkpoints/causal_eps10/best.pt
Saved PyTorch checkpoint to results/checkpoints/causal_eps10/best.pt
Saved PyTorch checkpoint to results/checkpoints/causal_eps10/best.pt
Saved PyTorch checkpoint to results/checkpoints/causal_eps10/best.pt
Saved PyTorch checkpoint to results/checkpoints/causal_eps10/best.pt
Saved PyTorch checkpoint to results/checkpoints/causal_eps10/best.pt
Saved PyTorch checkpoint to results/checkpoints/causal_eps10/best.pt
Saved PyTorch checkpoint to results/checkpoints/causal_eps10/best.pt
Saved PyTorch checkpoint to results/checkpoints/causal_eps10/best.pt
Saved PyTorch checkpoint to results/checkpoints/causal_eps10/best.pt
Saved PyTorch checkpoint to results/checkpoints/causal_eps10/best.pt
Saved PyTorch checkpoint to results/checkpoints/causal_eps10/best.pt
Saved PyTorch checkpoint to results/checkpoints/causal_eps10/best.pt
Saved PyTorch checkpoint to results/checkpoints/causal_eps10/best.pt
Saved PyTorch checkpoint to results/checkpoints/causal_eps10/best.pt
Saved PyTorch checkpoint to results/checkpoints/causal_eps10/best.pt
Saved PyTorch checkpoint to results/checkpoints/causal_eps10/best.pt
Saved PyTorch checkpoint to results/checkpoints/causal_eps10/best.pt
Saved PyTorch checkpoint to results/checkpoints/causal_eps10/best.pt
Saved PyTorch checkpoint to results/checkpoints/causal_eps10/best.pt
Saved PyTorch checkpoint to results/checkpoints/causal_eps10/best.pt
Adam 1300 | total=1.941e-01 f=4.044e-02 ic=5.100e-03 wall=2.056e-02 inlet=9.141e-03 outlet=2.169e-05 min_w=6.336e-01
Saved PyTorch checkpoint to results/checkpoints/causal_eps10/best.pt
Saved PyTorch checkpoint to results/checkpoints/causal_eps10/best.pt
Saved PyTorch checkpoint to results/checkpoints/causal_eps10/best.pt
Saved PyTorch checkpoint to results/checkpoints/causal_eps10/best.pt
Saved PyTorch checkpoint to results/checkpoints/causal_eps10/best.pt
Saved PyTorch checkpoint to results/checkpoints/causal_eps10/best.pt
Saved PyTorch checkpoint to results/checkpoints/causal_eps10/best.pt
Saved PyTorch checkpoint to results/checkpoints/causal_eps10/best.pt
Saved PyTorch checkpoint to results/checkpoints/causal_eps10/best.pt
Saved PyTorch checkpoint to results/checkpoints/causal_eps10/best.pt
Saved PyTorch checkpoint to results/checkpoints/causal_eps10/best.pt
Saved PyTorch checkpoint to results/checkpoints/causal_eps10/best.pt
Saved PyTorch checkpoint to results/checkpoints/causal_eps10/best.pt
Saved PyTorch checkpoint to results/checkpoints/causal_eps10/best.pt
Saved PyTorch checkpoint to results/checkpoints/causal_eps10/best.pt
Saved PyTorch checkpoint to results/checkpoints/causal_eps10/best.pt
Saved PyTorch checkpoint to results/checkpoints/causal_eps10/best.pt
Saved PyTorch checkpoint to results/checkpoints/causal_eps10/best.pt
Saved PyTorch checkpoint to results/checkpoints/causal_eps10/best.pt
Saved PyTorch checkpoint to results/checkpoints/causal_eps10/best.pt
Saved PyTorch checkpoint to results/checkpoints/causal_eps10/best.pt
Saved PyTorch checkpoint to results/checkpoints/causal_eps10/best.pt
Saved PyTorch checkpoint to results/checkpoints/causal_eps10/best.pt
Saved PyTorch checkpoint to results/checkpoints/causal_eps10/best.pt
Saved PyTorch checkpoint to results/checkpoints/causal_eps10/best.pt
Saved PyTorch checkpoint to results/checkpoints/causal_eps10/best.pt
Saved PyTorch checkpoint to results/checkpoints/causal_eps10/best.pt
Saved PyTorch checkpoint to results/checkpoints/causal_eps10/best.pt
Saved PyTorch checkpoint to results/checkpoints/causal_eps10/best.pt
Saved PyTorch checkpoint to results/checkpoints/causal_eps10/best.pt
Saved PyTorch checkpoint to results/checkpoints/causal_eps10/best.pt
Saved PyTorch checkpoint to results/checkpoints/causal_eps10/best.pt
Saved PyTorch checkpoint to results/checkpoints/causal_eps10/best.pt
Saved PyTorch checkpoint to results/checkpoints/causal_eps10/best.pt
Saved PyTorch checkpoint to results/checkpoints/causal_eps10/best.pt
Saved PyTorch checkpoint to results/checkpoints/causal_eps10/best.pt
Saved PyTorch checkpoint to results/checkpoints/causal_eps10/best.pt
Adam 1400 | total=1.478e-01 f=3.252e-02 ic=2.212e-03 wall=1.408e-02 inlet=8.527e-03 outlet=1.932e-05 min_w=7.070e-01
Saved PyTorch checkpoint to results/checkpoints/causal_eps10/best.pt
Saved PyTorch checkpoint to results/checkpoints/causal_eps10/best.pt
Saved PyTorch checkpoint to results/checkpoints/causal_eps10/best.pt
Saved PyTorch checkpoint to results/checkpoints/causal_eps10/best.pt
Saved PyTorch checkpoint to results/checkpoints/causal_eps10/best.pt
Saved PyTorch checkpoint to results/checkpoints/causal_eps10/best.pt
Saved PyTorch checkpoint to results/checkpoints/causal_eps10/best.pt
Saved PyTorch checkpoint to results/checkpoints/causal_eps10/best.pt
Saved PyTorch checkpoint to results/checkpoints/causal_eps10/best.pt
Saved PyTorch checkpoint to results/checkpoints/causal_eps10/best.pt
Saved PyTorch checkpoint to results/checkpoints/causal_eps10/best.pt
Saved PyTorch checkpoint to results/checkpoints/causal_eps10/best.pt
Saved PyTorch checkpoint to results/checkpoints/causal_eps10/best.pt
Saved PyTorch checkpoint to results/checkpoints/causal_eps10/best.pt
Saved PyTorch checkpoint to results/checkpoints/causal_eps10/best.pt
Saved PyTorch checkpoint to results/checkpoints/causal_eps10/best.pt
Saved PyTorch checkpoint to results/checkpoints/causal_eps10/best.pt
Saved PyTorch checkpoint to results/checkpoints/causal_eps10/best.pt
Saved PyTorch checkpoint to results/checkpoints/causal_eps10/best.pt
Saved PyTorch checkpoint to results/checkpoints/causal_eps10/best.pt
Saved PyTorch checkpoint to results/checkpoints/causal_eps10/best.pt
Saved PyTorch checkpoint to results/checkpoints/causal_eps10/best.pt
Saved PyTorch checkpoint to results/checkpoints/causal_eps10/best.pt
Adam 1500 | total=1.338e-01 f=3.005e-02 ic=1.554e-03 wall=1.162e-02 inlet=8.807e-03 outlet=2.395e-05 min_w=7.299e-01
Saved PyTorch checkpoint to results/checkpoints/causal_eps10/best.pt
Saved PyTorch checkpoint to results/checkpoints/causal_eps10/best.pt
Saved PyTorch checkpoint to results/checkpoints/causal_eps10/best.pt
Saved PyTorch checkpoint to results/checkpoints/causal_eps10/best.pt
Saved PyTorch checkpoint to results/checkpoints/causal_eps10/best.pt
Saved PyTorch checkpoint to results/checkpoints/causal_eps10/best.pt
Saved PyTorch checkpoint to results/checkpoints/causal_eps10/best.pt
Saved PyTorch checkpoint to results/checkpoints/causal_eps10/best.pt
Saved PyTorch checkpoint to results/checkpoints/causal_eps10/best.pt
Saved PyTorch checkpoint to results/checkpoints/causal_eps10/best.pt
Saved PyTorch checkpoint to results/checkpoints/causal_eps10/best.pt
Saved PyTorch checkpoint to results/checkpoints/causal_eps10/best.pt
Saved PyTorch checkpoint to results/checkpoints/causal_eps10/best.pt
Saved PyTorch checkpoint to results/checkpoints/causal_eps10/best.pt
Saved PyTorch checkpoint to results/checkpoints/causal_eps10/best.pt
Saved PyTorch checkpoint to results/checkpoints/causal_eps10/best.pt
Saved PyTorch checkpoint to results/checkpoints/causal_eps10/best.pt
Saved PyTorch checkpoint to results/checkpoints/causal_eps10/best.pt
Saved PyTorch checkpoint to results/checkpoints/causal_eps10/best.pt
Saved PyTorch checkpoint to results/checkpoints/causal_eps10/best.pt
Saved PyTorch checkpoint to results/checkpoints/causal_eps10/best.pt
Saved PyTorch checkpoint to results/checkpoints/causal_eps10/best.pt
Saved PyTorch checkpoint to results/checkpoints/causal_eps10/best.pt
Saved PyTorch checkpoint to results/checkpoints/causal_eps10/best.pt
Saved PyTorch checkpoint to results/checkpoints/causal_eps10/best.pt
Saved PyTorch checkpoint to results/checkpoints/causal_eps10/best.pt
Saved PyTorch checkpoint to results/checkpoints/causal_eps10/best.pt
Saved PyTorch checkpoint to results/checkpoints/causal_eps10/best.pt
Saved PyTorch checkpoint to results/checkpoints/causal_eps10/best.pt
Saved PyTorch checkpoint to results/checkpoints/causal_eps10/best.pt
Saved PyTorch checkpoint to results/checkpoints/causal_eps10/best.pt
Saved PyTorch checkpoint to results/checkpoints/causal_eps10/best.pt
Saved PyTorch checkpoint to results/checkpoints/causal_eps10/best.pt
Saved PyTorch checkpoint to results/checkpoints/causal_eps10/best.pt
Saved PyTorch checkpoint to results/checkpoints/causal_eps10/best.pt
Saved PyTorch checkpoint to results/checkpoints/causal_eps10/best.pt
Saved PyTorch checkpoint to results/checkpoints/causal_eps10/best.pt
Saved PyTorch checkpoint to results/checkpoints/causal_eps10/best.pt
Saved PyTorch checkpoint to results/checkpoints/causal_eps10/best.pt
Saved PyTorch checkpoint to results/checkpoints/causal_eps10/best.pt
Saved PyTorch checkpoint to results/checkpoints/causal_eps10/best.pt
Saved PyTorch checkpoint to results/checkpoints/causal_eps10/best.pt
Saved PyTorch checkpoint to results/checkpoints/causal_eps10/best.pt
Saved PyTorch checkpoint to results/checkpoints/causal_eps10/best.pt
Saved PyTorch checkpoint to results/checkpoints/causal_eps10/best.pt
Saved PyTorch checkpoint to results/checkpoints/causal_eps10/best.pt
Saved PyTorch checkpoint to results/checkpoints/causal_eps10/best.pt
Saved PyTorch checkpoint to results/checkpoints/causal_eps10/best.pt
Saved PyTorch checkpoint to results/checkpoints/causal_eps10/best.pt
Saved PyTorch checkpoint to results/checkpoints/causal_eps10/best.pt
Saved PyTorch checkpoint to results/checkpoints/causal_eps10/best.pt
Saved PyTorch checkpoint to results/checkpoints/causal_eps10/best.pt
Saved PyTorch checkpoint to results/checkpoints/causal_eps10/best.pt
Saved PyTorch checkpoint to results/checkpoints/causal_eps10/best.pt
Saved PyTorch checkpoint to results/checkpoints/causal_eps10/best.pt
Saved PyTorch checkpoint to results/checkpoints/causal_eps10/best.pt
Adam 1600 | total=1.291e-01 f=2.906e-02 ic=1.436e-03 wall=1.234e-02 inlet=7.378e-03 outlet=3.326e-05 min_w=7.396e-01
Saved PyTorch checkpoint to results/checkpoints/causal_eps10/best.pt
Saved PyTorch checkpoint to results/checkpoints/causal_eps10/best.pt
Saved PyTorch checkpoint to results/checkpoints/causal_eps10/best.pt
Saved PyTorch checkpoint to results/checkpoints/causal_eps10/best.pt
Saved PyTorch checkpoint to results/checkpoints/causal_eps10/best.pt
Saved PyTorch checkpoint to results/checkpoints/causal_eps10/best.pt
Saved PyTorch checkpoint to results/checkpoints/causal_eps10/best.pt
Saved PyTorch checkpoint to results/checkpoints/causal_eps10/best.pt
Saved PyTorch checkpoint to results/checkpoints/causal_eps10/best.pt
Saved PyTorch checkpoint to results/checkpoints/causal_eps10/best.pt
Saved PyTorch checkpoint to results/checkpoints/causal_eps10/best.pt
Saved PyTorch checkpoint to results/checkpoints/causal_eps10/best.pt
Saved PyTorch checkpoint to results/checkpoints/causal_eps10/best.pt
Saved PyTorch checkpoint to results/checkpoints/causal_eps10/best.pt
Saved PyTorch checkpoint to results/checkpoints/causal_eps10/best.pt
Saved PyTorch checkpoint to results/checkpoints/causal_eps10/best.pt
Saved PyTorch checkpoint to results/checkpoints/causal_eps10/best.pt
Saved PyTorch checkpoint to results/checkpoints/causal_eps10/best.pt
Saved PyTorch checkpoint to results/checkpoints/causal_eps10/best.pt
Saved PyTorch checkpoint to results/checkpoints/causal_eps10/best.pt
Saved PyTorch checkpoint to results/checkpoints/causal_eps10/best.pt
Saved PyTorch checkpoint to results/checkpoints/causal_eps10/best.pt
Saved PyTorch checkpoint to results/checkpoints/causal_eps10/best.pt
Saved PyTorch checkpoint to results/checkpoints/causal_eps10/best.pt
Saved PyTorch checkpoint to results/checkpoints/causal_eps10/best.pt
Saved PyTorch checkpoint to results/checkpoints/causal_eps10/best.pt
Saved PyTorch checkpoint to results/checkpoints/causal_eps10/best.pt
Saved PyTorch checkpoint to results/checkpoints/causal_eps10/best.pt
Saved PyTorch checkpoint to results/checkpoints/causal_eps10/best.pt
Saved PyTorch checkpoint to results/checkpoints/causal_eps10/best.pt
Saved PyTorch checkpoint to results/checkpoints/causal_eps10/best.pt
Saved PyTorch checkpoint to results/checkpoints/causal_eps10/best.pt
Saved PyTorch checkpoint to results/checkpoints/causal_eps10/best.pt
Saved PyTorch checkpoint to results/checkpoints/causal_eps10/best.pt
Saved PyTorch checkpoint to results/checkpoints/causal_eps10/best.pt
Adam 1700 | total=1.222e-01 f=2.718e-02 ic=1.080e-03 wall=1.130e-02 inlet=7.488e-03 outlet=4.105e-05 min_w=7.566e-01
Saved PyTorch checkpoint to results/checkpoints/causal_eps10/best.pt
Saved PyTorch checkpoint to results/checkpoints/causal_eps10/best.pt
Saved PyTorch checkpoint to results/checkpoints/causal_eps10/best.pt
Saved PyTorch checkpoint to results/checkpoints/causal_eps10/best.pt
Saved PyTorch checkpoint to results/checkpoints/causal_eps10/best.pt
Saved PyTorch checkpoint to results/checkpoints/causal_eps10/best.pt
Saved PyTorch checkpoint to results/checkpoints/causal_eps10/best.pt
Saved PyTorch checkpoint to results/checkpoints/causal_eps10/best.pt
Saved PyTorch checkpoint to results/checkpoints/causal_eps10/best.pt
Saved PyTorch checkpoint to results/checkpoints/causal_eps10/best.pt
Saved PyTorch checkpoint to results/checkpoints/causal_eps10/best.pt
Saved PyTorch checkpoint to results/checkpoints/causal_eps10/best.pt
Saved PyTorch checkpoint to results/checkpoints/causal_eps10/best.pt
Saved PyTorch checkpoint to results/checkpoints/causal_eps10/best.pt
Saved PyTorch checkpoint to results/checkpoints/causal_eps10/best.pt
Saved PyTorch checkpoint to results/checkpoints/causal_eps10/best.pt
Saved PyTorch checkpoint to results/checkpoints/causal_eps10/best.pt
Saved PyTorch checkpoint to results/checkpoints/causal_eps10/best.pt
Saved PyTorch checkpoint to results/checkpoints/causal_eps10/best.pt
Saved PyTorch checkpoint to results/checkpoints/causal_eps10/best.pt
Saved PyTorch checkpoint to results/checkpoints/causal_eps10/best.pt
Saved PyTorch checkpoint to results/checkpoints/causal_eps10/best.pt
Saved PyTorch checkpoint to results/checkpoints/causal_eps10/best.pt
Saved PyTorch checkpoint to results/checkpoints/causal_eps10/best.pt
Saved PyTorch checkpoint to results/checkpoints/causal_eps10/best.pt
Saved PyTorch checkpoint to results/checkpoints/causal_eps10/best.pt
Saved PyTorch checkpoint to results/checkpoints/causal_eps10/best.pt
Saved PyTorch checkpoint to results/checkpoints/causal_eps10/best.pt
Saved PyTorch checkpoint to results/checkpoints/causal_eps10/best.pt
Saved PyTorch checkpoint to results/checkpoints/causal_eps10/best.pt
Saved PyTorch checkpoint to results/checkpoints/causal_eps10/best.pt
Saved PyTorch checkpoint to results/checkpoints/causal_eps10/best.pt
Saved PyTorch checkpoint to results/checkpoints/causal_eps10/best.pt
Saved PyTorch checkpoint to results/checkpoints/causal_eps10/best.pt
Saved PyTorch checkpoint to results/checkpoints/causal_eps10/best.pt
Saved PyTorch checkpoint to results/checkpoints/causal_eps10/best.pt
Saved PyTorch checkpoint to results/checkpoints/causal_eps10/best.pt
Saved PyTorch checkpoint to results/checkpoints/causal_eps10/best.pt
Saved PyTorch checkpoint to results/checkpoints/causal_eps10/best.pt
Saved PyTorch checkpoint to results/checkpoints/causal_eps10/best.pt
Saved PyTorch checkpoint to results/checkpoints/causal_eps10/best.pt
Saved PyTorch checkpoint to results/checkpoints/causal_eps10/best.pt
Saved PyTorch checkpoint to results/checkpoints/causal_eps10/best.pt
Saved PyTorch checkpoint to results/checkpoints/causal_eps10/best.pt
Saved PyTorch checkpoint to results/checkpoints/causal_eps10/best.pt
Saved PyTorch checkpoint to results/checkpoints/causal_eps10/best.pt
Saved PyTorch checkpoint to results/checkpoints/causal_eps10/best.pt
Saved PyTorch checkpoint to results/checkpoints/causal_eps10/best.pt
Saved PyTorch checkpoint to results/checkpoints/causal_eps10/best.pt
Saved PyTorch checkpoint to results/checkpoints/causal_eps10/best.pt
Saved PyTorch checkpoint to results/checkpoints/causal_eps10/best.pt
Adam 1800 | total=1.171e-01 f=2.526e-02 ic=8.277e-04 wall=1.079e-02 inlet=7.402e-03 outlet=4.491e-05 min_w=7.740e-01
Saved PyTorch checkpoint to results/checkpoints/causal_eps10/best.pt
Saved PyTorch checkpoint to results/checkpoints/causal_eps10/best.pt
Saved PyTorch checkpoint to results/checkpoints/causal_eps10/best.pt
Saved PyTorch checkpoint to results/checkpoints/causal_eps10/best.pt
Saved PyTorch checkpoint to results/checkpoints/causal_eps10/best.pt
Saved PyTorch checkpoint to results/checkpoints/causal_eps10/best.pt
Saved PyTorch checkpoint to results/checkpoints/causal_eps10/best.pt
Saved PyTorch checkpoint to results/checkpoints/causal_eps10/best.pt
Saved PyTorch checkpoint to results/checkpoints/causal_eps10/best.pt
Saved PyTorch checkpoint to results/checkpoints/causal_eps10/best.pt
Saved PyTorch checkpoint to results/checkpoints/causal_eps10/best.pt
Saved PyTorch checkpoint to results/checkpoints/causal_eps10/best.pt
Saved PyTorch checkpoint to results/checkpoints/causal_eps10/best.pt
Saved PyTorch checkpoint to results/checkpoints/causal_eps10/best.pt
Saved PyTorch checkpoint to results/checkpoints/causal_eps10/best.pt
Saved PyTorch checkpoint to results/checkpoints/causal_eps10/best.pt
Saved PyTorch checkpoint to results/checkpoints/causal_eps10/best.pt
Saved PyTorch checkpoint to results/checkpoints/causal_eps10/best.pt
Saved PyTorch checkpoint to results/checkpoints/causal_eps10/best.pt
Saved PyTorch checkpoint to results/checkpoints/causal_eps10/best.pt
Saved PyTorch checkpoint to results/checkpoints/causal_eps10/best.pt
Saved PyTorch checkpoint to results/checkpoints/causal_eps10/best.pt
Saved PyTorch checkpoint to results/checkpoints/causal_eps10/best.pt
Saved PyTorch checkpoint to results/checkpoints/causal_eps10/best.pt
Saved PyTorch checkpoint to results/checkpoints/causal_eps10/best.pt
Saved PyTorch checkpoint to results/checkpoints/causal_eps10/best.pt
Saved PyTorch checkpoint to results/checkpoints/causal_eps10/best.pt
Saved PyTorch checkpoint to results/checkpoints/causal_eps10/best.pt
Saved PyTorch checkpoint to results/checkpoints/causal_eps10/best.pt
Saved PyTorch checkpoint to results/checkpoints/causal_eps10/best.pt
Saved PyTorch checkpoint to results/checkpoints/causal_eps10/best.pt
Saved PyTorch checkpoint to results/checkpoints/causal_eps10/best.pt
Saved PyTorch checkpoint to results/checkpoints/causal_eps10/best.pt
Saved PyTorch checkpoint to results/checkpoints/causal_eps10/best.pt
Saved PyTorch checkpoint to results/checkpoints/causal_eps10/best.pt
Adam 1900 | total=1.272e-01 f=2.691e-02 ic=1.161e-03 wall=1.075e-02 inlet=9.058e-03 outlet=4.038e-05 min_w=7.561e-01
Saved PyTorch checkpoint to results/checkpoints/causal_eps10/best.pt
Saved PyTorch checkpoint to results/checkpoints/causal_eps10/best.pt
Saved PyTorch checkpoint to results/checkpoints/causal_eps10/best.pt
Saved PyTorch checkpoint to results/checkpoints/causal_eps10/best.pt
Saved PyTorch checkpoint to results/checkpoints/causal_eps10/best.pt
Saved PyTorch checkpoint to results/checkpoints/causal_eps10/best.pt
Saved PyTorch checkpoint to results/checkpoints/causal_eps10/best.pt
Saved PyTorch checkpoint to results/checkpoints/causal_eps10/best.pt
Saved PyTorch checkpoint to results/checkpoints/causal_eps10/best.pt
Saved PyTorch checkpoint to results/checkpoints/causal_eps10/best.pt
Saved PyTorch checkpoint to results/checkpoints/causal_eps10/best.pt
Saved PyTorch checkpoint to results/checkpoints/causal_eps10/best.pt
Saved PyTorch checkpoint to results/checkpoints/causal_eps10/best.pt
Saved PyTorch checkpoint to results/checkpoints/causal_eps10/best.pt
Saved PyTorch checkpoint to results/checkpoints/causal_eps10/best.pt
Saved PyTorch checkpoint to results/checkpoints/causal_eps10/best.pt
Saved PyTorch checkpoint to results/checkpoints/causal_eps10/best.pt
Saved PyTorch checkpoint to results/checkpoints/causal_eps10/best.pt
Saved PyTorch checkpoint to results/checkpoints/causal_eps10/best.pt
Saved PyTorch checkpoint to results/checkpoints/causal_eps10/best.pt
Saved PyTorch checkpoint to results/checkpoints/causal_eps10/best.pt
Saved PyTorch checkpoint to results/checkpoints/causal_eps10/best.pt
Saved PyTorch checkpoint to results/checkpoints/causal_eps10/best.pt
Saved PyTorch checkpoint to results/checkpoints/causal_eps10/best.pt
Saved PyTorch checkpoint to results/checkpoints/causal_eps10/best.pt
Saved PyTorch checkpoint to results/checkpoints/causal_eps10/best.pt
Saved PyTorch checkpoint to results/checkpoints/causal_eps10/best.pt
Saved PyTorch checkpoint to results/checkpoints/causal_eps10/best.pt
Saved PyTorch checkpoint to results/checkpoints/causal_eps10/best.pt
Saved PyTorch checkpoint to results/checkpoints/causal_eps10/best.pt
Adam 2000 | total=1.070e-01 f=2.277e-02 ic=6.560e-04 wall=1.050e-02 inlet=6.219e-03 outlet=3.592e-05 min_w=7.964e-01
Saved PyTorch checkpoint to results/checkpoints/causal_eps10/best.pt
Saved PyTorch checkpoint to results/checkpoints/causal_eps10/snapshot_iter2000.pt
[snapshot] iter 2000 → results/checkpoints/causal_eps10/snapshot_iter2000.pt
Saved PyTorch checkpoint to results/checkpoints/causal_eps10/best.pt
Saved PyTorch checkpoint to results/checkpoints/causal_eps10/best.pt
Saved PyTorch checkpoint to results/checkpoints/causal_eps10/best.pt
Saved PyTorch checkpoint to results/checkpoints/causal_eps10/best.pt
Saved PyTorch checkpoint to results/checkpoints/causal_eps10/best.pt
Saved PyTorch checkpoint to results/checkpoints/causal_eps10/best.pt
Saved PyTorch checkpoint to results/checkpoints/causal_eps10/best.pt
Saved PyTorch checkpoint to results/checkpoints/causal_eps10/best.pt
Saved PyTorch checkpoint to results/checkpoints/causal_eps10/best.pt
Saved PyTorch checkpoint to results/checkpoints/causal_eps10/best.pt
Saved PyTorch checkpoint to results/checkpoints/causal_eps10/best.pt
Saved PyTorch checkpoint to results/checkpoints/causal_eps10/best.pt
Saved PyTorch checkpoint to results/checkpoints/causal_eps10/best.pt
Saved PyTorch checkpoint to results/checkpoints/causal_eps10/best.pt
Saved PyTorch checkpoint to results/checkpoints/causal_eps10/best.pt
Saved PyTorch checkpoint to results/checkpoints/causal_eps10/best.pt
Adam 2100 | total=1.050e-01 f=2.189e-02 ic=7.196e-04 wall=1.041e-02 inlet=6.064e-03 outlet=2.843e-05 min_w=8.037e-01
Saved PyTorch checkpoint to results/checkpoints/causal_eps10/best.pt
Saved PyTorch checkpoint to results/checkpoints/causal_eps10/best.pt
Saved PyTorch checkpoint to results/checkpoints/causal_eps10/best.pt
Saved PyTorch checkpoint to results/checkpoints/causal_eps10/best.pt
Saved PyTorch checkpoint to results/checkpoints/causal_eps10/best.pt
Saved PyTorch checkpoint to results/checkpoints/causal_eps10/best.pt
Saved PyTorch checkpoint to results/checkpoints/causal_eps10/best.pt
Saved PyTorch checkpoint to results/checkpoints/causal_eps10/best.pt
Saved PyTorch checkpoint to results/checkpoints/causal_eps10/best.pt
Saved PyTorch checkpoint to results/checkpoints/causal_eps10/best.pt
Saved PyTorch checkpoint to results/checkpoints/causal_eps10/best.pt
Saved PyTorch checkpoint to results/checkpoints/causal_eps10/best.pt
Saved PyTorch checkpoint to results/checkpoints/causal_eps10/best.pt
Saved PyTorch checkpoint to results/checkpoints/causal_eps10/best.pt
Adam 2200 | total=1.049e-01 f=2.304e-02 ic=7.888e-04 wall=1.239e-02 inlet=3.812e-03 outlet=2.346e-05 min_w=7.931e-01
Saved PyTorch checkpoint to results/checkpoints/causal_eps10/best.pt
Saved PyTorch checkpoint to results/checkpoints/causal_eps10/best.pt
Saved PyTorch checkpoint to results/checkpoints/causal_eps10/best.pt
Saved PyTorch checkpoint to results/checkpoints/causal_eps10/best.pt
Saved PyTorch checkpoint to results/checkpoints/causal_eps10/best.pt
Saved PyTorch checkpoint to results/checkpoints/causal_eps10/best.pt
Saved PyTorch checkpoint to results/checkpoints/causal_eps10/best.pt
Saved PyTorch checkpoint to results/checkpoints/causal_eps10/best.pt
Saved PyTorch checkpoint to results/checkpoints/causal_eps10/best.pt
Adam 2300 | total=9.980e-02 f=2.171e-02 ic=5.618e-04 wall=1.113e-02 inlet=4.370e-03 outlet=2.370e-05 min_w=8.049e-01
Saved PyTorch checkpoint to results/checkpoints/causal_eps10/best.pt
Saved PyTorch checkpoint to results/checkpoints/causal_eps10/best.pt
Saved PyTorch checkpoint to results/checkpoints/causal_eps10/best.pt
Saved PyTorch checkpoint to results/checkpoints/causal_eps10/best.pt
Saved PyTorch checkpoint to results/checkpoints/causal_eps10/best.pt
Saved PyTorch checkpoint to results/checkpoints/causal_eps10/best.pt
Saved PyTorch checkpoint to results/checkpoints/causal_eps10/best.pt
Saved PyTorch checkpoint to results/checkpoints/causal_eps10/best.pt
Adam 2400 | total=9.207e-02 f=1.900e-02 ic=5.446e-04 wall=1.028e-02 inlet=4.221e-03 outlet=1.744e-05 min_w=8.295e-01
Saved PyTorch checkpoint to results/checkpoints/causal_eps10/best.pt
Saved PyTorch checkpoint to results/checkpoints/causal_eps10/best.pt
Saved PyTorch checkpoint to results/checkpoints/causal_eps10/best.pt
Saved PyTorch checkpoint to results/checkpoints/causal_eps10/best.pt
Saved PyTorch checkpoint to results/checkpoints/causal_eps10/best.pt
Saved PyTorch checkpoint to results/checkpoints/causal_eps10/best.pt
Saved PyTorch checkpoint to results/checkpoints/causal_eps10/best.pt
Saved PyTorch checkpoint to results/checkpoints/causal_eps10/best.pt
Adam 2500 | total=9.054e-02 f=1.860e-02 ic=4.684e-04 wall=9.566e-03 inlet=4.725e-03 outlet=1.871e-05 min_w=8.334e-01
Saved PyTorch checkpoint to results/checkpoints/causal_eps10/best.pt
Saved PyTorch checkpoint to results/checkpoints/causal_eps10/best.pt
Saved PyTorch checkpoint to results/checkpoints/causal_eps10/best.pt
Saved PyTorch checkpoint to results/checkpoints/causal_eps10/best.pt
Saved PyTorch checkpoint to results/checkpoints/causal_eps10/best.pt
Saved PyTorch checkpoint to results/checkpoints/causal_eps10/best.pt
Saved PyTorch checkpoint to results/checkpoints/causal_eps10/best.pt
Saved PyTorch checkpoint to results/checkpoints/causal_eps10/best.pt
Adam 2600 | total=1.084e-01 f=2.180e-02 ic=8.758e-04 wall=8.073e-03 inlet=9.062e-03 outlet=1.841e-05 min_w=8.048e-01
Saved PyTorch checkpoint to results/checkpoints/causal_eps10/best.pt
Saved PyTorch checkpoint to results/checkpoints/causal_eps10/best.pt
Saved PyTorch checkpoint to results/checkpoints/causal_eps10/best.pt
Saved PyTorch checkpoint to results/checkpoints/causal_eps10/best.pt
Saved PyTorch checkpoint to results/checkpoints/causal_eps10/best.pt
Saved PyTorch checkpoint to results/checkpoints/causal_eps10/best.pt
Adam 2700 | total=9.480e-02 f=2.075e-02 ic=7.463e-04 wall=1.196e-02 inlet=2.696e-03 outlet=1.815e-05 min_w=8.115e-01
Saved PyTorch checkpoint to results/checkpoints/causal_eps10/best.pt
Saved PyTorch checkpoint to results/checkpoints/causal_eps10/best.pt
Saved PyTorch checkpoint to results/checkpoints/causal_eps10/best.pt
Saved PyTorch checkpoint to results/checkpoints/causal_eps10/best.pt
Saved PyTorch checkpoint to results/checkpoints/causal_eps10/best.pt
Saved PyTorch checkpoint to results/checkpoints/causal_eps10/best.pt
Saved PyTorch checkpoint to results/checkpoints/causal_eps10/best.pt
Saved PyTorch checkpoint to results/checkpoints/causal_eps10/best.pt
Saved PyTorch checkpoint to results/checkpoints/causal_eps10/best.pt
Saved PyTorch checkpoint to results/checkpoints/causal_eps10/best.pt
Adam 2800 | total=8.616e-02 f=1.790e-02 ic=6.327e-04 wall=8.988e-03 inlet=4.533e-03 outlet=1.668e-05 min_w=8.386e-01
Saved PyTorch checkpoint to results/checkpoints/causal_eps10/best.pt
Saved PyTorch checkpoint to results/checkpoints/causal_eps10/best.pt
Saved PyTorch checkpoint to results/checkpoints/causal_eps10/best.pt
Saved PyTorch checkpoint to results/checkpoints/causal_eps10/best.pt
Saved PyTorch checkpoint to results/checkpoints/causal_eps10/best.pt
Saved PyTorch checkpoint to results/checkpoints/causal_eps10/best.pt
Saved PyTorch checkpoint to results/checkpoints/causal_eps10/best.pt
Saved PyTorch checkpoint to results/checkpoints/causal_eps10/best.pt
Saved PyTorch checkpoint to results/checkpoints/causal_eps10/best.pt
Adam 2900 | total=8.059e-02 f=1.676e-02 ic=5.012e-04 wall=9.097e-03 inlet=3.565e-03 outlet=1.805e-05 min_w=8.498e-01
Saved PyTorch checkpoint to results/checkpoints/causal_eps10/best.pt
Saved PyTorch checkpoint to results/checkpoints/causal_eps10/best.pt
Saved PyTorch checkpoint to results/checkpoints/causal_eps10/best.pt
Saved PyTorch checkpoint to results/checkpoints/causal_eps10/best.pt
Saved PyTorch checkpoint to results/checkpoints/causal_eps10/best.pt
Saved PyTorch checkpoint to results/checkpoints/causal_eps10/best.pt
Adam 3000 | total=8.033e-02 f=1.710e-02 ic=5.414e-04 wall=9.848e-03 inlet=2.686e-03 outlet=1.854e-05 min_w=8.459e-01
Saved PyTorch checkpoint to results/checkpoints/causal_eps10/best.pt
Saved PyTorch checkpoint to results/checkpoints/causal_eps10/best.pt
Saved PyTorch checkpoint to results/checkpoints/causal_eps10/best.pt
Saved PyTorch checkpoint to results/checkpoints/causal_eps10/best.pt
Saved PyTorch checkpoint to results/checkpoints/causal_eps10/best.pt
Saved PyTorch checkpoint to results/checkpoints/causal_eps10/best.pt
Saved PyTorch checkpoint to results/checkpoints/causal_eps10/best.pt
Saved PyTorch checkpoint to results/checkpoints/causal_eps10/best.pt
Adam 3100 | total=8.298e-02 f=1.839e-02 ic=6.592e-04 wall=8.630e-03 inlet=4.152e-03 outlet=1.686e-05 min_w=8.341e-01
Saved PyTorch checkpoint to results/checkpoints/causal_eps10/best.pt
Saved PyTorch checkpoint to results/checkpoints/causal_eps10/best.pt
Saved PyTorch checkpoint to results/checkpoints/causal_eps10/best.pt
Saved PyTorch checkpoint to results/checkpoints/causal_eps10/best.pt
Saved PyTorch checkpoint to results/checkpoints/causal_eps10/best.pt
Saved PyTorch checkpoint to results/checkpoints/causal_eps10/best.pt
Adam 3200 | total=7.818e-02 f=1.646e-02 ic=5.731e-04 wall=8.164e-03 inlet=4.060e-03 outlet=1.815e-05 min_w=8.527e-01
Saved PyTorch checkpoint to results/checkpoints/causal_eps10/best.pt
Saved PyTorch checkpoint to results/checkpoints/causal_eps10/best.pt
Saved PyTorch checkpoint to results/checkpoints/causal_eps10/best.pt
Saved PyTorch checkpoint to results/checkpoints/causal_eps10/best.pt
Saved PyTorch checkpoint to results/checkpoints/causal_eps10/best.pt
Saved PyTorch checkpoint to results/checkpoints/causal_eps10/best.pt
Saved PyTorch checkpoint to results/checkpoints/causal_eps10/best.pt
Saved PyTorch checkpoint to results/checkpoints/causal_eps10/best.pt
Saved PyTorch checkpoint to results/checkpoints/causal_eps10/best.pt
Adam 3300 | total=7.572e-02 f=1.594e-02 ic=5.306e-04 wall=7.979e-03 inlet=3.867e-03 outlet=1.933e-05 min_w=8.578e-01
Saved PyTorch checkpoint to results/checkpoints/causal_eps10/best.pt
Saved PyTorch checkpoint to results/checkpoints/causal_eps10/best.pt
Saved PyTorch checkpoint to results/checkpoints/causal_eps10/best.pt
Saved PyTorch checkpoint to results/checkpoints/causal_eps10/best.pt
Saved PyTorch checkpoint to results/checkpoints/causal_eps10/best.pt
Saved PyTorch checkpoint to results/checkpoints/causal_eps10/best.pt
Saved PyTorch checkpoint to results/checkpoints/causal_eps10/best.pt
Saved PyTorch checkpoint to results/checkpoints/causal_eps10/best.pt
Saved PyTorch checkpoint to results/checkpoints/causal_eps10/best.pt
Saved PyTorch checkpoint to results/checkpoints/causal_eps10/best.pt
Adam 3400 | total=7.975e-02 f=1.669e-02 ic=6.673e-04 wall=7.570e-03 inlet=4.904e-03 outlet=1.828e-05 min_w=8.507e-01
Saved PyTorch checkpoint to results/checkpoints/causal_eps10/best.pt
Saved PyTorch checkpoint to results/checkpoints/causal_eps10/best.pt
Saved PyTorch checkpoint to results/checkpoints/causal_eps10/best.pt
Saved PyTorch checkpoint to results/checkpoints/causal_eps10/best.pt
Saved PyTorch checkpoint to results/checkpoints/causal_eps10/best.pt
Saved PyTorch checkpoint to results/checkpoints/causal_eps10/best.pt
Saved PyTorch checkpoint to results/checkpoints/causal_eps10/best.pt
Saved PyTorch checkpoint to results/checkpoints/causal_eps10/best.pt
Adam 3500 | total=7.435e-02 f=1.565e-02 ic=5.612e-04 wall=7.568e-03 inlet=4.056e-03 outlet=1.925e-05 min_w=8.605e-01
Saved PyTorch checkpoint to results/checkpoints/causal_eps10/best.pt
Saved PyTorch checkpoint to results/checkpoints/causal_eps10/best.pt
Saved PyTorch checkpoint to results/checkpoints/causal_eps10/best.pt
Saved PyTorch checkpoint to results/checkpoints/causal_eps10/best.pt
Adam 3600 | total=7.180e-02 f=1.567e-02 ic=5.505e-04 wall=7.920e-03 inlet=3.191e-03 outlet=1.844e-05 min_w=8.599e-01
Saved PyTorch checkpoint to results/checkpoints/causal_eps10/best.pt
Saved PyTorch checkpoint to results/checkpoints/causal_eps10/best.pt
Saved PyTorch checkpoint to results/checkpoints/causal_eps10/best.pt
Adam 3700 | total=7.249e-02 f=1.612e-02 ic=5.682e-04 wall=7.856e-03 inlet=3.301e-03 outlet=1.878e-05 min_w=8.557e-01
Saved PyTorch checkpoint to results/checkpoints/causal_eps10/best.pt
Saved PyTorch checkpoint to results/checkpoints/causal_eps10/best.pt
Saved PyTorch checkpoint to results/checkpoints/causal_eps10/best.pt
Saved PyTorch checkpoint to results/checkpoints/causal_eps10/best.pt
Saved PyTorch checkpoint to results/checkpoints/causal_eps10/best.pt
Saved PyTorch checkpoint to results/checkpoints/causal_eps10/best.pt
Saved PyTorch checkpoint to results/checkpoints/causal_eps10/best.pt
Adam 3800 | total=7.040e-02 f=1.584e-02 ic=5.912e-04 wall=8.745e-03 inlet=2.046e-03 outlet=2.441e-05 min_w=8.573e-01
Saved PyTorch checkpoint to results/checkpoints/causal_eps10/best.pt
Saved PyTorch checkpoint to results/checkpoints/causal_eps10/best.pt
Saved PyTorch checkpoint to results/checkpoints/causal_eps10/best.pt
Saved PyTorch checkpoint to results/checkpoints/causal_eps10/best.pt
Saved PyTorch checkpoint to results/checkpoints/causal_eps10/best.pt
Saved PyTorch checkpoint to results/checkpoints/causal_eps10/best.pt
Adam 3900 | total=7.194e-02 f=1.616e-02 ic=6.640e-04 wall=9.083e-03 inlet=1.936e-03 outlet=1.984e-05 min_w=8.539e-01
Saved PyTorch checkpoint to results/checkpoints/causal_eps10/best.pt
Saved PyTorch checkpoint to results/checkpoints/causal_eps10/best.pt
Saved PyTorch checkpoint to results/checkpoints/causal_eps10/best.pt
Saved PyTorch checkpoint to results/checkpoints/causal_eps10/best.pt
Saved PyTorch checkpoint to results/checkpoints/causal_eps10/best.pt
Saved PyTorch checkpoint to results/checkpoints/causal_eps10/best.pt
Adam 4000 | total=6.760e-02 f=1.449e-02 ic=5.801e-04 wall=7.010e-03 inlet=3.492e-03 outlet=2.005e-05 min_w=8.713e-01
Saved PyTorch checkpoint to results/checkpoints/causal_eps10/best.pt
Saved PyTorch checkpoint to results/checkpoints/causal_eps10/best.pt
Saved PyTorch checkpoint to results/checkpoints/causal_eps10/best.pt
Saved PyTorch checkpoint to results/checkpoints/causal_eps10/best.pt
Saved PyTorch checkpoint to results/checkpoints/causal_eps10/best.pt
Adam 4100 | total=6.500e-02 f=1.405e-02 ic=5.523e-04 wall=7.177e-03 inlet=2.897e-03 outlet=2.401e-05 min_w=8.749e-01
Saved PyTorch checkpoint to results/checkpoints/causal_eps10/best.pt
Saved PyTorch checkpoint to results/checkpoints/causal_eps10/best.pt
Saved PyTorch checkpoint to results/checkpoints/causal_eps10/best.pt
Saved PyTorch checkpoint to results/checkpoints/causal_eps10/best.pt
Adam 4200 | total=6.445e-02 f=1.409e-02 ic=5.724e-04 wall=7.209e-03 inlet=2.743e-03 outlet=2.409e-05 min_w=8.740e-01
Saved PyTorch checkpoint to results/checkpoints/causal_eps10/best.pt
Saved PyTorch checkpoint to results/checkpoints/causal_eps10/best.pt
Saved PyTorch checkpoint to results/checkpoints/causal_eps10/best.pt
Saved PyTorch checkpoint to results/checkpoints/causal_eps10/best.pt
Adam 4300 | total=7.953e-02 f=1.958e-02 ic=9.749e-04 wall=9.694e-03 inlet=2.095e-03 outlet=2.712e-05 min_w=8.208e-01
Saved PyTorch checkpoint to results/checkpoints/causal_eps10/best.pt
Saved PyTorch checkpoint to results/checkpoints/causal_eps10/best.pt
Saved PyTorch checkpoint to results/checkpoints/causal_eps10/best.pt
Saved PyTorch checkpoint to results/checkpoints/causal_eps10/best.pt
Saved PyTorch checkpoint to results/checkpoints/causal_eps10/best.pt
Saved PyTorch checkpoint to results/checkpoints/causal_eps10/best.pt
Saved PyTorch checkpoint to results/checkpoints/causal_eps10/best.pt
Adam 4400 | total=6.325e-02 f=1.439e-02 ic=6.658e-04 wall=7.774e-03 inlet=1.859e-03 outlet=2.266e-05 min_w=8.708e-01
Saved PyTorch checkpoint to results/checkpoints/causal_eps10/best.pt
Saved PyTorch checkpoint to results/checkpoints/causal_eps10/best.pt
Saved PyTorch checkpoint to results/checkpoints/causal_eps10/best.pt
Adam 4500 | total=6.393e-02 f=1.423e-02 ic=6.485e-04 wall=6.478e-03 inlet=3.328e-03 outlet=2.657e-05 min_w=8.730e-01
Saved PyTorch checkpoint to results/checkpoints/causal_eps10/best.pt
Saved PyTorch checkpoint to results/checkpoints/causal_eps10/best.pt
Saved PyTorch checkpoint to results/checkpoints/causal_eps10/best.pt
Saved PyTorch checkpoint to results/checkpoints/causal_eps10/best.pt
Saved PyTorch checkpoint to results/checkpoints/causal_eps10/best.pt
Saved PyTorch checkpoint to results/checkpoints/causal_eps10/best.pt
Adam 4600 | total=6.174e-02 f=1.309e-02 ic=6.548e-04 wall=6.280e-03 inlet=3.314e-03 outlet=2.582e-05 min_w=8.839e-01
Saved PyTorch checkpoint to results/checkpoints/causal_eps10/best.pt
Saved PyTorch checkpoint to results/checkpoints/causal_eps10/best.pt
Saved PyTorch checkpoint to results/checkpoints/causal_eps10/best.pt
Adam 4700 | total=5.906e-02 f=1.326e-02 ic=6.474e-04 wall=6.766e-03 inlet=2.259e-03 outlet=2.527e-05 min_w=8.816e-01
Saved PyTorch checkpoint to results/checkpoints/causal_eps10/best.pt
Saved PyTorch checkpoint to results/checkpoints/causal_eps10/best.pt
Saved PyTorch checkpoint to results/checkpoints/causal_eps10/best.pt
Saved PyTorch checkpoint to results/checkpoints/causal_eps10/best.pt
Saved PyTorch checkpoint to results/checkpoints/causal_eps10/best.pt
Adam 4800 | total=6.294e-02 f=1.416e-02 ic=7.200e-04 wall=6.075e-03 inlet=3.531e-03 outlet=2.646e-05 min_w=8.738e-01
Saved PyTorch checkpoint to results/checkpoints/causal_eps10/best.pt
Saved PyTorch checkpoint to results/checkpoints/causal_eps10/best.pt
Saved PyTorch checkpoint to results/checkpoints/causal_eps10/best.pt
Saved PyTorch checkpoint to results/checkpoints/causal_eps10/best.pt
Adam 4900 | total=6.097e-02 f=1.484e-02 ic=7.038e-04 wall=6.546e-03 inlet=2.533e-03 outlet=2.659e-05 min_w=8.667e-01
Saved PyTorch checkpoint to results/checkpoints/causal_eps10/best.pt
Saved PyTorch checkpoint to results/checkpoints/causal_eps10/best.pt
Saved PyTorch checkpoint to results/checkpoints/causal_eps10/best.pt
Saved PyTorch checkpoint to results/checkpoints/causal_eps10/best.pt
Saved PyTorch checkpoint to results/checkpoints/causal_eps10/best.pt
Saved PyTorch checkpoint to results/checkpoints/causal_eps10/best.pt
Saved PyTorch checkpoint to results/checkpoints/causal_eps10/best.pt
Saved PyTorch checkpoint to results/checkpoints/causal_eps10/best.pt
Saved PyTorch checkpoint to results/checkpoints/causal_eps10/best.pt
Saved PyTorch checkpoint to results/checkpoints/causal_eps10/best.pt
Saved PyTorch checkpoint to results/checkpoints/causal_eps10/best.pt
Adam 5000 | total=5.690e-02 f=1.330e-02 ic=7.495e-04 wall=6.849e-03 inlet=1.717e-03 outlet=2.801e-05 min_w=8.804e-01
Saved PyTorch checkpoint to results/checkpoints/causal_eps10/snapshot_iter5000.pt
[snapshot] iter 5000 → results/checkpoints/causal_eps10/snapshot_iter5000.pt
Adam 5100 | total=5.752e-02 f=1.413e-02 ic=7.649e-04 wall=6.837e-03 inlet=1.682e-03 outlet=3.148e-05 min_w=8.716e-01
Saved PyTorch checkpoint to results/checkpoints/causal_eps10/best.pt
Saved PyTorch checkpoint to results/checkpoints/causal_eps10/best.pt
Saved PyTorch checkpoint to results/checkpoints/causal_eps10/best.pt
Saved PyTorch checkpoint to results/checkpoints/causal_eps10/best.pt
Saved PyTorch checkpoint to results/checkpoints/causal_eps10/best.pt
Saved PyTorch checkpoint to results/checkpoints/causal_eps10/best.pt
Saved PyTorch checkpoint to results/checkpoints/causal_eps10/best.pt
Saved PyTorch checkpoint to results/checkpoints/causal_eps10/best.pt
Adam 5200 | total=5.842e-02 f=1.415e-02 ic=7.917e-04 wall=5.602e-03 inlet=3.088e-03 outlet=3.290e-05 min_w=8.726e-01
Saved PyTorch checkpoint to results/checkpoints/causal_eps10/best.pt
Saved PyTorch checkpoint to results/checkpoints/causal_eps10/best.pt
Saved PyTorch checkpoint to results/checkpoints/causal_eps10/best.pt
Saved PyTorch checkpoint to results/checkpoints/causal_eps10/best.pt
Saved PyTorch checkpoint to results/checkpoints/causal_eps10/best.pt
Saved PyTorch checkpoint to results/checkpoints/causal_eps10/best.pt
Saved PyTorch checkpoint to results/checkpoints/causal_eps10/best.pt
Saved PyTorch checkpoint to results/checkpoints/causal_eps10/best.pt
Adam 5300 | total=5.083e-02 f=1.170e-02 ic=7.442e-04 wall=5.846e-03 inlet=1.825e-03 outlet=3.245e-05 min_w=8.950e-01
Saved PyTorch checkpoint to results/checkpoints/causal_eps10/best.pt
Adam 5400 | total=5.716e-02 f=1.497e-02 ic=7.901e-04 wall=5.605e-03 inlet=2.669e-03 outlet=3.230e-05 min_w=8.655e-01
Saved PyTorch checkpoint to results/checkpoints/causal_eps10/best.pt
Saved PyTorch checkpoint to results/checkpoints/causal_eps10/best.pt
Saved PyTorch checkpoint to results/checkpoints/causal_eps10/best.pt
Saved PyTorch checkpoint to results/checkpoints/causal_eps10/best.pt
Saved PyTorch checkpoint to results/checkpoints/causal_eps10/best.pt
Saved PyTorch checkpoint to results/checkpoints/causal_eps10/best.pt
Adam 5500 | total=5.293e-02 f=1.236e-02 ic=8.025e-04 wall=5.134e-03 inlet=2.813e-03 outlet=3.437e-05 min_w=8.897e-01
Saved PyTorch checkpoint to results/checkpoints/causal_eps10/best.pt
Saved PyTorch checkpoint to results/checkpoints/causal_eps10/best.pt
Saved PyTorch checkpoint to results/checkpoints/causal_eps10/best.pt
Saved PyTorch checkpoint to results/checkpoints/causal_eps10/best.pt
Saved PyTorch checkpoint to results/checkpoints/causal_eps10/best.pt
Adam 5600 | total=5.383e-02 f=1.289e-02 ic=8.310e-04 wall=4.950e-03 inlet=3.064e-03 outlet=3.604e-05 min_w=8.843e-01
Saved PyTorch checkpoint to results/checkpoints/causal_eps10/best.pt
Saved PyTorch checkpoint to results/checkpoints/causal_eps10/best.pt
Saved PyTorch checkpoint to results/checkpoints/causal_eps10/best.pt
Saved PyTorch checkpoint to results/checkpoints/causal_eps10/best.pt
Saved PyTorch checkpoint to results/checkpoints/causal_eps10/best.pt
Saved PyTorch checkpoint to results/checkpoints/causal_eps10/best.pt
Adam 5700 | total=4.722e-02 f=1.143e-02 ic=7.735e-04 wall=5.562e-03 inlet=1.432e-03 outlet=3.617e-05 min_w=8.969e-01
Saved PyTorch checkpoint to results/checkpoints/causal_eps10/best.pt
Saved PyTorch checkpoint to results/checkpoints/causal_eps10/best.pt
Saved PyTorch checkpoint to results/checkpoints/causal_eps10/best.pt
Saved PyTorch checkpoint to results/checkpoints/causal_eps10/best.pt
Saved PyTorch checkpoint to results/checkpoints/causal_eps10/best.pt
Adam 5800 | total=4.520e-02 f=1.099e-02 ic=7.862e-04 wall=5.136e-03 inlet=1.542e-03 outlet=3.740e-05 min_w=9.013e-01
Saved PyTorch checkpoint to results/checkpoints/causal_eps10/best.pt
Saved PyTorch checkpoint to results/checkpoints/causal_eps10/best.pt
Saved PyTorch checkpoint to results/checkpoints/causal_eps10/best.pt
Adam 5900 | total=4.607e-02 f=1.153e-02 ic=8.058e-04 wall=4.785e-03 inlet=1.954e-03 outlet=3.886e-05 min_w=8.968e-01
Saved PyTorch checkpoint to results/checkpoints/causal_eps10/best.pt
Saved PyTorch checkpoint to results/checkpoints/causal_eps10/best.pt
Saved PyTorch checkpoint to results/checkpoints/causal_eps10/best.pt
Adam 6000 | total=6.309e-02 f=1.835e-02 ic=1.047e-03 wall=4.568e-03 inlet=4.163e-03 outlet=3.585e-05 min_w=8.344e-01
Saved PyTorch checkpoint to results/checkpoints/causal_eps10/best.pt
Saved PyTorch checkpoint to results/checkpoints/causal_eps10/best.pt
Saved PyTorch checkpoint to results/checkpoints/causal_eps10/best.pt
Saved PyTorch checkpoint to results/checkpoints/causal_eps10/best.pt
Saved PyTorch checkpoint to results/checkpoints/causal_eps10/best.pt
Saved PyTorch checkpoint to results/checkpoints/causal_eps10/best.pt
Adam 6100 | total=4.519e-02 f=1.213e-02 ic=8.629e-04 wall=4.494e-03 inlet=1.939e-03 outlet=3.754e-05 min_w=8.912e-01
Saved PyTorch checkpoint to results/checkpoints/causal_eps10/best.pt
Saved PyTorch checkpoint to results/checkpoints/causal_eps10/best.pt
Saved PyTorch checkpoint to results/checkpoints/causal_eps10/best.pt
Saved PyTorch checkpoint to results/checkpoints/causal_eps10/best.pt
Saved PyTorch checkpoint to results/checkpoints/causal_eps10/best.pt
Adam 6200 | total=4.763e-02 f=1.455e-02 ic=9.364e-04 wall=4.870e-03 inlet=1.551e-03 outlet=4.131e-05 min_w=8.666e-01
Saved PyTorch checkpoint to results/checkpoints/causal_eps10/best.pt
Saved PyTorch checkpoint to results/checkpoints/causal_eps10/best.pt
Saved PyTorch checkpoint to results/checkpoints/causal_eps10/best.pt
Adam 6300 | total=4.440e-02 f=1.216e-02 ic=8.652e-04 wall=4.203e-03 inlet=2.064e-03 outlet=3.872e-05 min_w=8.908e-01
Saved PyTorch checkpoint to results/checkpoints/causal_eps10/best.pt
Saved PyTorch checkpoint to results/checkpoints/causal_eps10/best.pt
Adam 6400 | total=4.656e-02 f=1.376e-02 ic=9.035e-04 wall=4.135e-03 inlet=2.236e-03 outlet=3.936e-05 min_w=8.761e-01
Saved PyTorch checkpoint to results/checkpoints/causal_eps10/best.pt
Saved PyTorch checkpoint to results/checkpoints/causal_eps10/best.pt
Adam 6500 | total=4.480e-02 f=1.389e-02 ic=9.301e-04 wall=4.196e-03 inlet=1.792e-03 outlet=3.658e-05 min_w=8.744e-01
Saved PyTorch checkpoint to results/checkpoints/causal_eps10/best.pt
Saved PyTorch checkpoint to results/checkpoints/causal_eps10/best.pt
Saved PyTorch checkpoint to results/checkpoints/causal_eps10/best.pt
Saved PyTorch checkpoint to results/checkpoints/causal_eps10/best.pt
Saved PyTorch checkpoint to results/checkpoints/causal_eps10/best.pt
Adam 6600 | total=3.858e-02 f=1.109e-02 ic=8.971e-04 wall=4.092e-03 inlet=1.217e-03 outlet=4.251e-05 min_w=8.997e-01
Saved PyTorch checkpoint to results/checkpoints/causal_eps10/best.pt
Saved PyTorch checkpoint to results/checkpoints/causal_eps10/best.pt
Saved PyTorch checkpoint to results/checkpoints/causal_eps10/best.pt
Saved PyTorch checkpoint to results/checkpoints/causal_eps10/best.pt
Adam 6700 | total=5.014e-02 f=1.499e-02 ic=1.016e-03 wall=3.727e-03 inlet=3.092e-03 outlet=4.369e-05 min_w=8.647e-01
Saved PyTorch checkpoint to results/checkpoints/causal_eps10/best.pt
Saved PyTorch checkpoint to results/checkpoints/causal_eps10/best.pt
Saved PyTorch checkpoint to results/checkpoints/causal_eps10/best.pt
Saved PyTorch checkpoint to results/checkpoints/causal_eps10/best.pt
Adam 6800 | total=3.836e-02 f=1.199e-02 ic=9.629e-04 wall=3.997e-03 inlet=1.074e-03 outlet=4.367e-05 min_w=8.908e-01
Adam 6900 | total=4.461e-02 f=1.478e-02 ic=9.591e-04 wall=3.566e-03 inlet=2.199e-03 outlet=4.589e-05 min_w=8.656e-01
Saved PyTorch checkpoint to results/checkpoints/causal_eps10/best.pt
Saved PyTorch checkpoint to results/checkpoints/causal_eps10/best.pt
Saved PyTorch checkpoint to results/checkpoints/causal_eps10/best.pt
Saved PyTorch checkpoint to results/checkpoints/causal_eps10/best.pt
Saved PyTorch checkpoint to results/checkpoints/causal_eps10/best.pt
Adam 7000 | total=4.242e-02 f=1.515e-02 ic=1.066e-03 wall=3.986e-03 inlet=1.245e-03 outlet=4.690e-05 min_w=8.609e-01
Saved PyTorch checkpoint to results/checkpoints/causal_eps10/best.pt
Saved PyTorch checkpoint to results/checkpoints/causal_eps10/best.pt
Saved PyTorch checkpoint to results/checkpoints/causal_eps10/best.pt
Saved PyTorch checkpoint to results/checkpoints/causal_eps10/best.pt
Saved PyTorch checkpoint to results/checkpoints/causal_eps10/best.pt
Adam 7100 | total=3.557e-02 f=1.149e-02 ic=9.729e-04 wall=3.623e-03 inlet=9.914e-04 outlet=4.414e-05 min_w=8.958e-01
Adam 7200 | total=4.120e-02 f=1.327e-02 ic=9.763e-04 wall=3.251e-03 inlet=2.131e-03 outlet=4.543e-05 min_w=8.806e-01
Saved PyTorch checkpoint to results/checkpoints/causal_eps10/best.pt
Saved PyTorch checkpoint to results/checkpoints/causal_eps10/best.pt
Saved PyTorch checkpoint to results/checkpoints/causal_eps10/best.pt
Saved PyTorch checkpoint to results/checkpoints/causal_eps10/best.pt
Saved PyTorch checkpoint to results/checkpoints/causal_eps10/best.pt
Adam 7300 | total=4.262e-02 f=1.407e-02 ic=9.750e-04 wall=3.194e-03 inlet=2.311e-03 outlet=4.542e-05 min_w=8.729e-01
Saved PyTorch checkpoint to results/checkpoints/causal_eps10/best.pt
Saved PyTorch checkpoint to results/checkpoints/causal_eps10/best.pt
Adam 7400 | total=3.723e-02 f=1.332e-02 ic=9.505e-04 wall=3.279e-03 inlet=1.303e-03 outlet=4.877e-05 min_w=8.786e-01
Saved PyTorch checkpoint to results/checkpoints/causal_eps10/best.pt
Saved PyTorch checkpoint to results/checkpoints/causal_eps10/best.pt
Saved PyTorch checkpoint to results/checkpoints/causal_eps10/best.pt
Adam 7500 | total=4.664e-02 f=1.746e-02 ic=1.314e-03 wall=4.310e-03 inlet=1.253e-03 outlet=4.934e-05 min_w=8.384e-01
Adam 7600 | total=3.881e-02 f=1.469e-02 ic=9.213e-04 wall=3.095e-03 inlet=1.536e-03 outlet=4.939e-05 min_w=8.659e-01
Saved PyTorch checkpoint to results/checkpoints/causal_eps10/best.pt
Saved PyTorch checkpoint to results/checkpoints/causal_eps10/best.pt
Saved PyTorch checkpoint to results/checkpoints/causal_eps10/best.pt
Adam 7700 | total=3.299e-02 f=1.167e-02 ic=9.642e-04 wall=3.316e-03 inlet=7.467e-04 outlet=4.704e-05 min_w=8.938e-01
Saved PyTorch checkpoint to results/checkpoints/causal_eps10/best.pt
Saved PyTorch checkpoint to results/checkpoints/causal_eps10/best.pt
Saved PyTorch checkpoint to results/checkpoints/causal_eps10/best.pt
Saved PyTorch checkpoint to results/checkpoints/causal_eps10/best.pt
Adam 7800 | total=3.466e-02 f=1.271e-02 ic=1.064e-03 wall=3.436e-03 inlet=7.317e-04 outlet=4.615e-05 min_w=8.840e-01
Adam 7900 | total=3.468e-02 f=1.340e-02 ic=9.801e-04 wall=3.033e-03 inlet=1.018e-03 outlet=4.474e-05 min_w=8.786e-01
Saved PyTorch checkpoint to results/checkpoints/causal_eps10/best.pt
Adam 8000 | total=4.022e-02 f=1.682e-02 ic=9.946e-04 wall=3.017e-03 inlet=1.455e-03 outlet=4.287e-05 min_w=8.472e-01
Saved PyTorch checkpoint to results/checkpoints/causal_eps10/best.pt
Saved PyTorch checkpoint to results/checkpoints/causal_eps10/best.pt
Saved PyTorch checkpoint to results/checkpoints/causal_eps10/best.pt
Saved PyTorch checkpoint to results/checkpoints/causal_eps10/best.pt
Saved PyTorch checkpoint to results/checkpoints/causal_eps10/best.pt
Saved PyTorch checkpoint to results/checkpoints/causal_eps10/best.pt
Saved PyTorch checkpoint to results/checkpoints/causal_eps10/best.pt
Saved PyTorch checkpoint to results/checkpoints/causal_eps10/best.pt
Adam 8100 | total=3.848e-02 f=1.485e-02 ic=9.234e-04 wall=2.723e-03 inlet=1.809e-03 outlet=4.482e-05 min_w=8.663e-01
Adam 8200 | total=3.158e-02 f=1.214e-02 ic=9.415e-04 wall=2.959e-03 inlet=7.312e-04 outlet=4.743e-05 min_w=8.897e-01
Saved PyTorch checkpoint to results/checkpoints/causal_eps10/best.pt
Saved PyTorch checkpoint to results/checkpoints/causal_eps10/best.pt
Saved PyTorch checkpoint to results/checkpoints/causal_eps10/best.pt
Adam 8300 | total=3.539e-02 f=1.305e-02 ic=8.895e-04 wall=2.545e-03 inlet=1.734e-03 outlet=4.959e-05 min_w=8.823e-01
Saved PyTorch checkpoint to results/checkpoints/causal_eps10/best.pt
Saved PyTorch checkpoint to results/checkpoints/causal_eps10/best.pt
Saved PyTorch checkpoint to results/checkpoints/causal_eps10/best.pt
Saved PyTorch checkpoint to results/checkpoints/causal_eps10/best.pt
Adam 8400 | total=3.336e-02 f=1.274e-02 ic=8.760e-04 wall=2.508e-03 inlet=1.431e-03 outlet=4.800e-05 min_w=8.852e-01
Saved PyTorch checkpoint to results/checkpoints/causal_eps10/best.pt
Saved PyTorch checkpoint to results/checkpoints/causal_eps10/best.pt
Saved PyTorch checkpoint to results/checkpoints/causal_eps10/best.pt
Saved PyTorch checkpoint to results/checkpoints/causal_eps10/best.pt
Adam 8500 | total=3.024e-02 f=1.174e-02 ic=9.696e-04 wall=2.906e-03 inlet=5.894e-04 outlet=5.076e-05 min_w=8.926e-01
Saved PyTorch checkpoint to results/checkpoints/causal_eps10/best.pt
Saved PyTorch checkpoint to results/checkpoints/causal_eps10/best.pt
Adam 8600 | total=4.168e-02 f=1.759e-02 ic=1.191e-03 wall=3.440e-03 inlet=1.130e-03 outlet=5.204e-05 min_w=8.375e-01
Saved PyTorch checkpoint to results/checkpoints/causal_eps10/best.pt
Saved PyTorch checkpoint to results/checkpoints/causal_eps10/best.pt
Adam 8700 | total=3.656e-02 f=1.628e-02 ic=9.806e-04 wall=2.817e-03 inlet=1.032e-03 outlet=5.338e-05 min_w=8.504e-01
Saved PyTorch checkpoint to results/checkpoints/causal_eps10/best.pt
Saved PyTorch checkpoint to results/checkpoints/causal_eps10/best.pt
Saved PyTorch checkpoint to results/checkpoints/causal_eps10/best.pt
Saved PyTorch checkpoint to results/checkpoints/causal_eps10/best.pt
Adam 8800 | total=3.197e-02 f=1.392e-02 ic=8.793e-04 wall=2.482e-03 inlet=9.416e-04 outlet=5.237e-05 min_w=8.728e-01
Saved PyTorch checkpoint to results/checkpoints/causal_eps10/best.pt
Saved PyTorch checkpoint to results/checkpoints/causal_eps10/best.pt
Saved PyTorch checkpoint to results/checkpoints/causal_eps10/best.pt
Saved PyTorch checkpoint to results/checkpoints/causal_eps10/best.pt
Saved PyTorch checkpoint to results/checkpoints/causal_eps10/best.pt
Adam 8900 | total=2.997e-02 f=1.205e-02 ic=8.260e-04 wall=2.291e-03 inlet=1.118e-03 outlet=4.953e-05 min_w=8.912e-01
Adam 9000 | total=3.211e-02 f=1.405e-02 ic=9.352e-04 wall=2.612e-03 inlet=8.036e-04 outlet=4.657e-05 min_w=8.719e-01
Saved PyTorch checkpoint to results/checkpoints/causal_eps10/best.pt
Saved PyTorch checkpoint to results/checkpoints/causal_eps10/best.pt
Saved PyTorch checkpoint to results/checkpoints/causal_eps10/best.pt
Saved PyTorch checkpoint to results/checkpoints/causal_eps10/best.pt
Saved PyTorch checkpoint to results/checkpoints/causal_eps10/best.pt
Adam 9100 | total=2.880e-02 f=1.229e-02 ic=8.406e-04 wall=2.478e-03 inlet=6.461e-04 outlet=4.856e-05 min_w=8.880e-01
Saved PyTorch checkpoint to results/checkpoints/causal_eps10/best.pt
Saved PyTorch checkpoint to results/checkpoints/causal_eps10/best.pt
Adam 9200 | total=2.873e-02 f=1.242e-02 ic=8.265e-04 wall=2.339e-03 inlet=7.475e-04 outlet=5.467e-05 min_w=8.863e-01
Saved PyTorch checkpoint to results/checkpoints/causal_eps10/best.pt
Saved PyTorch checkpoint to results/checkpoints/causal_eps10/best.pt
Saved PyTorch checkpoint to results/checkpoints/causal_eps10/best.pt
Saved PyTorch checkpoint to results/checkpoints/causal_eps10/best.pt
Saved PyTorch checkpoint to results/checkpoints/causal_eps10/best.pt
Adam 9300 | total=2.693e-02 f=1.157e-02 ic=8.239e-04 wall=2.247e-03 inlet=6.511e-04 outlet=5.134e-05 min_w=8.946e-01
Saved PyTorch checkpoint to results/checkpoints/causal_eps10/best.pt
Saved PyTorch checkpoint to results/checkpoints/causal_eps10/best.pt
Adam 9400 | total=2.794e-02 f=1.205e-02 ic=8.712e-04 wall=2.430e-03 inlet=5.625e-04 outlet=5.432e-05 min_w=8.891e-01
Saved PyTorch checkpoint to results/checkpoints/causal_eps10/best.pt
Saved PyTorch checkpoint to results/checkpoints/causal_eps10/best.pt
Saved PyTorch checkpoint to results/checkpoints/causal_eps10/best.pt
Saved PyTorch checkpoint to results/checkpoints/causal_eps10/best.pt
Adam 9500 | total=4.337e-02 f=1.752e-02 ic=9.308e-04 wall=2.344e-03 inlet=2.629e-03 outlet=5.064e-05 min_w=8.412e-01
Adam 9600 | total=2.838e-02 f=1.223e-02 ic=7.642e-04 wall=2.058e-03 inlet=1.009e-03 outlet=5.245e-05 min_w=8.887e-01
Adam 9700 | total=3.922e-02 f=1.856e-02 ic=1.032e-03 wall=2.776e-03 inlet=1.138e-03 outlet=5.330e-05 min_w=8.285e-01
Saved PyTorch checkpoint to results/checkpoints/causal_eps10/best.pt
Saved PyTorch checkpoint to results/checkpoints/causal_eps10/best.pt
Saved PyTorch checkpoint to results/checkpoints/causal_eps10/best.pt
Saved PyTorch checkpoint to results/checkpoints/causal_eps10/best.pt
Adam 9800 | total=2.871e-02 f=1.291e-02 ic=7.703e-04 wall=2.010e-03 inlet=9.850e-04 outlet=4.996e-05 min_w=8.827e-01
Saved PyTorch checkpoint to results/checkpoints/causal_eps10/best.pt
Saved PyTorch checkpoint to results/checkpoints/causal_eps10/best.pt
Adam 9900 | total=2.622e-02 f=1.216e-02 ic=7.389e-04 wall=2.025e-03 inlet=6.294e-04 outlet=4.562e-05 min_w=8.888e-01
Adam 10000 | total=2.637e-02 f=1.213e-02 ic=7.739e-04 wall=2.084e-03 inlet=5.982e-04 outlet=5.114e-05 min_w=8.888e-01
Saved PyTorch checkpoint to results/checkpoints/causal_eps10/snapshot_iter10000.pt
[snapshot] iter 10000 → results/checkpoints/causal_eps10/snapshot_iter10000.pt
--- 1169.71 seconds ---
Saved PyTorch checkpoint to results/checkpoints/causal_eps10/latest.pt
Causal weight curve saved to results/figures/causal_eps10/causal_weight_curve.png
