WARNING: All log messages before absl::InitializeLog() is called are written to STDERR
I0000 00:00:1781396752.723201     126 cpu_feature_guard.cc:227] This TensorFlow binary is optimized to use available CPU instructions in performance-critical operations.
To enable the following instructions: AVX2 FMA, in other operations, rebuild TensorFlow with the appropriate compiler flags.
Total collocation points: (21112, 2)
Saved colloc_points.png
W0000 00:00:1781396755.529334     126 gpu_bfc_allocator.cc:47] Overriding orig_value setting because the TF_FORCE_GPU_ALLOW_GROWTH environment variable is set. Original config value was false.
I0000 00:00:1781396755.531600     126 gpu_device.cc:2043] Created device /job:localhost/replica:0/task:0/device:GPU:0 with 79191 MB memory:  -> device: 0, name: NVIDIA A100-SXM4-80GB, pci bus id: 0000:10:00.0, compute capability: 8.0
  [adaptive] base collocation set stored: 21112 pts (will never be removed)
>>> SWEEP CONFIG: n_seed_neighbors=5, accept_quantile=0.95, n_exploration_pts=1000
WARNING:tensorflow:Calling GradientTape.gradient on a persistent tape inside its context is significantly less efficient than calling it outside the context (it causes the gradient ops to be recorded on the tape, leading to increased CPU and memory usage). Only call GradientTape.gradient inside the context if you actually want to trace the gradient in order to compute higher order derivatives.
It: 0, Loss: 7.906e-01  (f=3.83e-01 W=2.07e-01 I=1.78e-01 O=2.32e-02)
It: 10, Loss: 3.464e-01  (f=1.19e-02 W=3.65e-02 I=2.94e-01 O=4.28e-03)
It: 20, Loss: 2.635e-01  (f=1.03e-02 W=1.34e-01 I=1.19e-01 O=3.84e-04)
It: 30, Loss: 2.314e-01  (f=1.05e-02 W=9.45e-02 I=1.26e-01 O=9.62e-05)
It: 40, Loss: 1.966e-01  (f=1.02e-02 W=9.36e-02 I=9.28e-02 O=6.76e-05)
It: 50, Loss: 1.737e-01  (f=2.01e-02 W=8.06e-02 I=7.30e-02 O=5.80e-05)
It: 60, Loss: 1.622e-01  (f=2.22e-02 W=8.12e-02 I=5.88e-02 O=4.88e-05)
It: 70, Loss: 1.527e-01  (f=1.26e-02 W=8.44e-02 I=5.57e-02 O=4.75e-06)
It: 80, Loss: 1.475e-01  (f=7.90e-03 W=8.89e-02 I=5.07e-02 O=1.02e-05)
It: 90, Loss: 1.437e-01  (f=6.94e-03 W=8.94e-02 I=4.74e-02 O=1.18e-05)
It: 100, Loss: 1.403e-01  (f=6.24e-03 W=8.81e-02 I=4.60e-02 O=2.25e-05)
It: 110, Loss: 1.372e-01  (f=5.13e-03 W=8.64e-02 I=4.57e-02 O=2.26e-05)
It: 120, Loss: 1.338e-01  (f=4.32e-03 W=8.48e-02 I=4.47e-02 O=2.63e-05)
It: 130, Loss: 1.306e-01  (f=3.75e-03 W=8.36e-02 I=4.32e-02 O=3.32e-05)
It: 140, Loss: 1.275e-01  (f=3.24e-03 W=8.20e-02 I=4.22e-02 O=4.31e-05)
It: 150, Loss: 1.244e-01  (f=2.98e-03 W=8.00e-02 I=4.14e-02 O=5.40e-05)
It: 160, Loss: 1.224e-01  (f=2.90e-03 W=7.85e-02 I=4.10e-02 O=5.91e-05)
It: 170, Loss: 1.209e-01  (f=2.92e-03 W=7.64e-02 I=4.15e-02 O=5.88e-05)
It: 180, Loss: 1.194e-01  (f=2.97e-03 W=7.50e-02 I=4.14e-02 O=5.65e-05)
It: 190, Loss: 1.179e-01  (f=2.97e-03 W=7.37e-02 I=4.12e-02 O=4.98e-05)
It: 200, Loss: 1.170e-01  (f=2.94e-03 W=7.14e-02 I=4.26e-02 O=4.27e-05)
It: 210, Loss: 1.204e-01  (f=4.36e-03 W=6.01e-02 I=5.59e-02 O=6.73e-05)
It: 220, Loss: 1.147e-01  (f=2.87e-03 W=6.70e-02 I=4.48e-02 O=3.37e-05)
It: 230, Loss: 1.139e-01  (f=3.06e-03 W=6.68e-02 I=4.41e-02 O=2.53e-05)
It: 240, Loss: 1.131e-01  (f=3.25e-03 W=6.51e-02 I=4.47e-02 O=2.47e-05)
It: 250, Loss: 1.134e-01  (f=4.05e-03 W=7.21e-02 I=3.73e-02 O=2.51e-05)
It: 260, Loss: 1.148e-01  (f=4.59e-03 W=5.78e-02 I=5.24e-02 O=4.48e-05)
It: 270, Loss: 1.117e-01  (f=3.78e-03 W=6.23e-02 I=4.55e-02 O=1.71e-05)
It: 280, Loss: 1.109e-01  (f=3.74e-03 W=6.31e-02 I=4.41e-02 O=1.29e-05)
It: 290, Loss: 1.105e-01  (f=4.00e-03 W=6.19e-02 I=4.46e-02 O=1.42e-05)
It: 300, Loss: 1.101e-01  (f=3.98e-03 W=6.47e-02 I=4.14e-02 O=1.28e-05)
It: 310, Loss: 1.205e-01  (f=9.20e-03 W=7.84e-02 I=3.28e-02 O=7.49e-05)
It: 320, Loss: 1.111e-01  (f=4.53e-03 W=5.82e-02 I=4.83e-02 O=4.49e-05)
It: 330, Loss: 1.097e-01  (f=4.12e-03 W=6.21e-02 I=4.35e-02 O=9.85e-06)
It: 340, Loss: 1.093e-01  (f=4.31e-03 W=6.49e-02 I=4.01e-02 O=1.29e-05)
It: 350, Loss: 1.090e-01  (f=4.29e-03 W=6.44e-02 I=4.03e-02 O=1.41e-05)
It: 360, Loss: 1.085e-01  (f=4.12e-03 W=6.18e-02 I=4.26e-02 O=1.50e-05)
It: 370, Loss: 1.082e-01  (f=4.11e-03 W=6.08e-02 I=4.33e-02 O=1.67e-05)
It: 380, Loss: 1.082e-01  (f=4.31e-03 W=6.31e-02 I=4.08e-02 O=1.64e-05)
It: 390, Loss: 1.201e-01  (f=1.10e-02 W=7.77e-02 I=3.13e-02 O=6.76e-05)
It: 400, Loss: 1.130e-01  (f=6.63e-03 W=7.33e-02 I=3.30e-02 O=2.58e-05)
It: 410, Loss: 1.090e-01  (f=4.64e-03 W=5.58e-02 I=4.85e-02 O=1.23e-05)
It: 420, Loss: 1.075e-01  (f=4.58e-03 W=6.44e-02 I=3.85e-02 O=9.69e-06)
It: 430, Loss: 1.073e-01  (f=4.70e-03 W=6.44e-02 I=3.82e-02 O=9.83e-06)
It: 440, Loss: 1.069e-01  (f=4.42e-03 W=6.29e-02 I=3.95e-02 O=1.27e-05)
It: 450, Loss: 1.063e-01  (f=4.36e-03 W=6.12e-02 I=4.07e-02 O=1.29e-05)
It: 460, Loss: 1.059e-01  (f=4.50e-03 W=6.17e-02 I=3.97e-02 O=1.31e-05)
It: 470, Loss: 1.057e-01  (f=4.39e-03 W=5.82e-02 I=4.31e-02 O=1.34e-05)
It: 480, Loss: 1.251e-01  (f=1.10e-02 W=4.14e-02 I=7.27e-02 O=3.90e-05)
It: 490, Loss: 1.117e-01  (f=6.21e-03 W=4.84e-02 I=5.70e-02 O=2.27e-05)
It: 500, Loss: 1.047e-01  (f=4.60e-03 W=6.09e-02 I=3.92e-02 O=9.45e-06)
It: 510, Loss: 1.049e-01  (f=5.45e-03 W=6.43e-02 I=3.51e-02 O=3.91e-06)
It: 520, Loss: 1.039e-01  (f=4.97e-03 W=6.19e-02 I=3.70e-02 O=6.52e-06)
It: 530, Loss: 1.031e-01  (f=4.75e-03 W=5.73e-02 I=4.11e-02 O=1.13e-05)
It: 540, Loss: 1.025e-01  (f=5.17e-03 W=6.01e-02 I=3.72e-02 O=7.77e-06)
It: 550, Loss: 1.342e-01  (f=1.96e-02 W=9.33e-02 I=2.12e-02 O=7.32e-07)
It: 560, Loss: 1.171e-01  (f=9.29e-03 W=4.21e-02 I=6.57e-02 O=3.99e-05)
It: 570, Loss: 1.018e-01  (f=4.70e-03 W=5.68e-02 I=4.03e-02 O=5.28e-06)
It: 580, Loss: 1.033e-01  (f=7.00e-03 W=6.60e-02 I=3.03e-02 O=7.80e-07)
It: 590, Loss: 1.009e-01  (f=5.68e-03 W=5.59e-02 I=3.92e-02 O=3.21e-05)
It: 600, Loss: 9.921e-02  (f=5.90e-03 W=5.74e-02 I=3.59e-02 O=7.86e-06)
It: 610, Loss: 9.812e-02  (f=5.89e-03 W=5.46e-02 I=3.76e-02 O=9.29e-06)
It: 620, Loss: 9.730e-02  (f=6.25e-03 W=5.38e-02 I=3.73e-02 O=5.56e-06)
It: 630, Loss: 9.615e-02  (f=6.84e-03 W=5.24e-02 I=3.69e-02 O=8.20e-06)
It: 640, Loss: 1.189e-01  (f=1.38e-02 W=3.32e-02 I=7.19e-02 O=1.46e-05)
It: 650, Loss: 9.929e-02  (f=9.72e-03 W=5.89e-02 I=3.06e-02 O=1.06e-04)
It: 660, Loss: 1.042e-01  (f=1.32e-02 W=6.82e-02 I=2.28e-02 O=2.83e-07)
It: 670, Loss: 9.579e-02  (f=8.57e-03 W=5.78e-02 I=2.94e-02 O=5.04e-06)
It: 680, Loss: 9.383e-02  (f=7.92e-03 W=4.90e-02 I=3.69e-02 O=1.01e-05)
It: 690, Loss: 9.298e-02  (f=8.72e-03 W=4.89e-02 I=3.53e-02 O=3.70e-06)
It: 700, Loss: 9.184e-02  (f=9.31e-03 W=4.99e-02 I=3.26e-02 O=3.58e-06)
It: 710, Loss: 9.115e-02  (f=9.66e-03 W=4.93e-02 I=3.22e-02 O=4.18e-06)
It: 720, Loss: 9.052e-02  (f=9.79e-03 W=4.81e-02 I=3.26e-02 O=4.46e-06)
It: 730, Loss: 8.980e-02  (f=9.90e-03 W=4.77e-02 I=3.22e-02 O=4.04e-06)
It: 740, Loss: 8.929e-02  (f=1.02e-02 W=4.87e-02 I=3.04e-02 O=3.21e-06)
It: 750, Loss: 9.696e-02  (f=1.62e-02 W=5.93e-02 I=2.15e-02 O=1.98e-06)
It: 760, Loss: 9.348e-02  (f=1.15e-02 W=3.83e-02 I=4.37e-02 O=6.47e-06)
It: 770, Loss: 8.810e-02  (f=1.02e-02 W=4.91e-02 I=2.88e-02 O=1.40e-06)
It: 780, Loss: 8.754e-02  (f=9.83e-03 W=4.32e-02 I=3.45e-02 O=3.12e-06)
It: 790, Loss: 8.838e-02  (f=1.18e-02 W=5.11e-02 I=2.55e-02 O=1.24e-06)
It: 800, Loss: 9.210e-02  (f=1.17e-02 W=3.86e-02 I=4.17e-02 O=2.06e-05)
It: 810, Loss: 8.791e-02  (f=1.00e-02 W=4.18e-02 I=3.61e-02 O=8.61e-06)
It: 820, Loss: 8.631e-02  (f=9.63e-03 W=4.28e-02 I=3.39e-02 O=9.53e-06)
It: 830, Loss: 8.497e-02  (f=1.02e-02 W=4.51e-02 I=2.98e-02 O=3.74e-06)
It: 840, Loss: 8.440e-02  (f=1.00e-02 W=4.31e-02 I=3.13e-02 O=3.91e-06)
It: 850, Loss: 8.365e-02  (f=1.03e-02 W=4.51e-02 I=2.82e-02 O=4.24e-06)
It: 860, Loss: 8.456e-02  (f=1.08e-02 W=3.99e-02 I=3.38e-02 O=4.35e-06)
It: 870, Loss: 9.616e-02  (f=1.76e-02 W=5.87e-02 I=1.98e-02 O=2.40e-05)
It: 880, Loss: 8.852e-02  (f=1.00e-02 W=3.76e-02 I=4.09e-02 O=2.09e-06)
It: 890, Loss: 8.368e-02  (f=9.55e-03 W=4.92e-02 I=2.49e-02 O=3.65e-06)
It: 900, Loss: 8.236e-02  (f=9.57e-03 W=4.21e-02 I=3.07e-02 O=7.84e-07)
It: 910, Loss: 8.119e-02  (f=1.01e-02 W=4.43e-02 I=2.68e-02 O=6.48e-06)
It: 920, Loss: 8.046e-02  (f=1.03e-02 W=4.47e-02 I=2.54e-02 O=4.66e-06)
It: 930, Loss: 7.940e-02  (f=1.03e-02 W=4.33e-02 I=2.58e-02 O=1.77e-06)
It: 940, Loss: 7.852e-02  (f=1.00e-02 W=4.18e-02 I=2.66e-02 O=2.32e-06)
It: 950, Loss: 7.967e-02  (f=1.07e-02 W=3.81e-02 I=3.08e-02 O=5.86e-06)
It: 960, Loss: 8.891e-02  (f=1.71e-02 W=5.16e-02 I=2.02e-02 O=4.50e-05)
It: 970, Loss: 8.005e-02  (f=1.10e-02 W=4.65e-02 I=2.25e-02 O=4.11e-05)
It: 980, Loss: 7.775e-02  (f=1.02e-02 W=4.65e-02 I=2.11e-02 O=7.09e-06)
It: 990, Loss: 7.631e-02  (f=1.04e-02 W=4.39e-02 I=2.21e-02 O=5.01e-06)
It: 1000, Loss: 7.540e-02  (f=1.02e-02 W=4.09e-02 I=2.43e-02 O=4.04e-06)
It: 1010, Loss: 7.666e-02  (f=1.16e-02 W=4.08e-02 I=2.43e-02 O=1.42e-05)
It: 1020, Loss: 7.967e-02  (f=1.44e-02 W=4.52e-02 I=2.01e-02 O=2.02e-05)
It: 1030, Loss: 8.004e-02  (f=1.42e-02 W=4.60e-02 I=1.98e-02 O=1.15e-05)
It: 1040, Loss: 7.426e-02  (f=9.10e-03 W=4.16e-02 I=2.35e-02 O=5.83e-05)
It: 1050, Loss: 7.370e-02  (f=9.78e-03 W=4.04e-02 I=2.35e-02 O=4.21e-06)
It: 1060, Loss: 7.244e-02  (f=9.67e-03 W=3.91e-02 I=2.37e-02 O=4.07e-06)
It: 1070, Loss: 8.301e-02  (f=1.58e-02 W=3.04e-02 I=3.69e-02 O=3.63e-06)
It: 1080, Loss: 7.587e-02  (f=1.41e-02 W=4.66e-02 I=1.52e-02 O=7.02e-06)
It: 1090, Loss: 7.300e-02  (f=1.19e-02 W=4.46e-02 I=1.65e-02 O=6.86e-06)
It: 1100, Loss: 7.432e-02  (f=1.37e-02 W=4.40e-02 I=1.66e-02 O=7.41e-06)
It: 1110, Loss: 7.188e-02  (f=7.79e-03 W=4.09e-02 I=2.32e-02 O=6.14e-06)
It: 1120, Loss: 7.663e-02  (f=1.20e-02 W=4.29e-02 I=2.16e-02 O=2.99e-05)
It: 1130, Loss: 7.026e-02  (f=9.10e-03 W=4.26e-02 I=1.85e-02 O=6.75e-06)
It: 1140, Loss: 6.956e-02  (f=9.46e-03 W=4.10e-02 I=1.91e-02 O=2.56e-06)
It: 1150, Loss: 6.783e-02  (f=9.15e-03 W=3.97e-02 I=1.90e-02 O=4.59e-06)
It: 1160, Loss: 6.691e-02  (f=9.18e-03 W=3.95e-02 I=1.82e-02 O=2.71e-06)
It: 1170, Loss: 6.683e-02  (f=9.46e-03 W=4.06e-02 I=1.68e-02 O=2.93e-06)
It: 1180, Loss: 8.755e-02  (f=2.75e-02 W=5.00e-02 I=1.01e-02 O=6.01e-06)
It: 1190, Loss: 7.128e-02  (f=1.26e-02 W=4.50e-02 I=1.37e-02 O=1.72e-05)
It: 1200, Loss: 6.815e-02  (f=1.00e-02 W=4.07e-02 I=1.74e-02 O=3.59e-05)
It: 1210, Loss: 6.767e-02  (f=1.08e-02 W=4.22e-02 I=1.47e-02 O=6.63e-06)
It: 1220, Loss: 6.777e-02  (f=9.52e-03 W=3.62e-02 I=2.20e-02 O=2.39e-06)
It: 1230, Loss: 6.551e-02  (f=8.69e-03 W=3.92e-02 I=1.76e-02 O=3.89e-06)
It: 1240, Loss: 6.459e-02  (f=8.87e-03 W=3.94e-02 I=1.63e-02 O=2.69e-06)
It: 1250, Loss: 6.324e-02  (f=8.41e-03 W=3.97e-02 I=1.51e-02 O=1.97e-06)
It: 1260, Loss: 9.210e-02  (f=2.77e-02 W=3.22e-02 I=3.23e-02 O=2.46e-05)
It: 1270, Loss: 6.642e-02  (f=9.21e-03 W=3.60e-02 I=2.12e-02 O=4.66e-06)
It: 1280, Loss: 6.275e-02  (f=7.81e-03 W=3.97e-02 I=1.53e-02 O=3.11e-06)
It: 1290, Loss: 6.198e-02  (f=8.05e-03 W=3.94e-02 I=1.46e-02 O=3.46e-06)
It: 1300, Loss: 7.361e-02  (f=1.81e-02 W=4.25e-02 I=1.30e-02 O=8.59e-06)
It: 1310, Loss: 6.470e-02  (f=9.02e-03 W=3.44e-02 I=2.13e-02 O=1.47e-06)
It: 1320, Loss: 6.185e-02  (f=8.48e-03 W=4.03e-02 I=1.31e-02 O=1.78e-06)
It: 1330, Loss: 6.212e-02  (f=8.67e-03 W=3.53e-02 I=1.82e-02 O=1.77e-06)
It: 1340, Loss: 6.667e-02  (f=1.21e-02 W=3.44e-02 I=2.01e-02 O=5.90e-06)
It: 1350, Loss: 6.540e-02  (f=1.16e-02 W=3.67e-02 I=1.71e-02 O=7.93e-06)
It: 1360, Loss: 6.428e-02  (f=1.14e-02 W=3.95e-02 I=1.33e-02 O=2.39e-06)
It: 1370, Loss: 6.647e-02  (f=1.39e-02 W=4.19e-02 I=1.06e-02 O=1.05e-05)
It: 1380, Loss: 5.876e-02  (f=7.24e-03 W=3.74e-02 I=1.41e-02 O=1.39e-06)
It: 1390, Loss: 5.949e-02  (f=8.22e-03 W=3.72e-02 I=1.41e-02 O=2.47e-06)
It: 1400, Loss: 7.678e-02  (f=2.01e-02 W=3.02e-02 I=2.65e-02 O=3.98e-06)
It: 1410, Loss: 6.928e-02  (f=1.71e-02 W=4.17e-02 I=1.05e-02 O=4.91e-06)
It: 1420, Loss: 6.250e-02  (f=1.10e-02 W=4.03e-02 I=1.11e-02 O=1.06e-05)
It: 1430, Loss: 5.885e-02  (f=8.11e-03 W=3.73e-02 I=1.34e-02 O=2.15e-06)
It: 1440, Loss: 5.776e-02  (f=8.51e-03 W=3.86e-02 I=1.07e-02 O=1.23e-06)
It: 1450, Loss: 6.005e-02  (f=1.11e-02 W=4.01e-02 I=8.89e-03 O=1.93e-06)
It: 1460, Loss: 5.980e-02  (f=1.02e-02 W=3.83e-02 I=1.13e-02 O=8.16e-06)
It: 1470, Loss: 5.724e-02  (f=8.39e-03 W=3.79e-02 I=1.10e-02 O=2.06e-06)
It: 1480, Loss: 6.596e-02  (f=1.55e-02 W=3.85e-02 I=1.19e-02 O=1.21e-05)
It: 1490, Loss: 5.651e-02  (f=7.62e-03 W=3.68e-02 I=1.21e-02 O=1.62e-06)
It: 1500, Loss: 5.650e-02  (f=8.22e-03 W=3.80e-02 I=1.03e-02 O=2.33e-06)
It: 1510, Loss: 5.703e-02  (f=8.33e-03 W=3.34e-02 I=1.53e-02 O=2.30e-06)
It: 1520, Loss: 5.503e-02  (f=7.54e-03 W=3.48e-02 I=1.27e-02 O=8.42e-07)
It: 1530, Loss: 6.369e-02  (f=1.41e-02 W=3.01e-02 I=1.95e-02 O=1.72e-06)
It: 1540, Loss: 6.329e-02  (f=1.62e-02 W=4.07e-02 I=6.44e-03 O=1.25e-06)
It: 1550, Loss: 5.486e-02  (f=7.45e-03 W=3.36e-02 I=1.38e-02 O=2.43e-06)
It: 1560, Loss: 5.953e-02  (f=1.10e-02 W=3.39e-02 I=1.46e-02 O=4.60e-06)
It: 1570, Loss: 5.641e-02  (f=9.81e-03 W=3.68e-02 I=9.83e-03 O=3.92e-06)
It: 1580, Loss: 5.788e-02  (f=1.09e-02 W=3.67e-02 I=1.03e-02 O=3.79e-06)
It: 1590, Loss: 5.796e-02  (f=1.06e-02 W=3.27e-02 I=1.47e-02 O=2.16e-06)
It: 1600, Loss: 5.396e-02  (f=8.37e-03 W=3.58e-02 I=9.74e-03 O=1.47e-06)
It: 1610, Loss: 6.135e-02  (f=1.49e-02 W=3.28e-02 I=1.37e-02 O=3.44e-06)
It: 1620, Loss: 6.504e-02  (f=1.84e-02 W=3.08e-02 I=1.58e-02 O=1.44e-06)
It: 1630, Loss: 5.683e-02  (f=1.22e-02 W=3.76e-02 I=7.07e-03 O=3.63e-06)
It: 1640, Loss: 5.741e-02  (f=1.13e-02 W=3.09e-02 I=1.52e-02 O=1.44e-06)
It: 1650, Loss: 5.467e-02  (f=1.04e-02 W=3.64e-02 I=7.83e-03 O=1.10e-06)
It: 1660, Loss: 5.344e-02  (f=8.90e-03 W=3.13e-02 I=1.32e-02 O=1.14e-06)
It: 1670, Loss: 5.153e-02  (f=6.76e-03 W=3.40e-02 I=1.08e-02 O=1.02e-06)
It: 1680, Loss: 5.364e-02  (f=8.56e-03 W=3.46e-02 I=1.05e-02 O=6.93e-06)
It: 1690, Loss: 5.087e-02  (f=7.16e-03 W=3.31e-02 I=1.06e-02 O=1.15e-06)
It: 1700, Loss: 6.132e-02  (f=1.58e-02 W=2.83e-02 I=1.72e-02 O=1.03e-06)
It: 1710, Loss: 6.189e-02  (f=1.82e-02 W=3.80e-02 I=5.73e-03 O=7.10e-06)
It: 1720, Loss: 5.230e-02  (f=9.58e-03 W=3.53e-02 I=7.45e-03 O=9.34e-07)
It: 1730, Loss: 4.930e-02  (f=7.36e-03 W=3.34e-02 I=8.50e-03 O=1.60e-06)
It: 1740, Loss: 4.991e-02  (f=7.93e-03 W=3.25e-02 I=9.49e-03 O=1.80e-06)
It: 1750, Loss: 5.979e-02  (f=1.46e-02 W=3.12e-02 I=1.40e-02 O=1.63e-05)
It: 1760, Loss: 5.068e-02  (f=7.47e-03 W=3.17e-02 I=1.15e-02 O=2.78e-06)
It: 1770, Loss: 4.894e-02  (f=6.83e-03 W=3.23e-02 I=9.84e-03 O=1.36e-06)
It: 1780, Loss: 4.856e-02  (f=7.30e-03 W=3.20e-02 I=9.26e-03 O=2.43e-06)
It: 1790, Loss: 5.034e-02  (f=9.15e-03 W=2.94e-02 I=1.18e-02 O=2.19e-06)
It: 1800, Loss: 5.868e-02  (f=1.64e-02 W=3.46e-02 I=7.60e-03 O=2.37e-05)
It: 1810, Loss: 5.314e-02  (f=1.19e-02 W=3.36e-02 I=7.70e-03 O=1.46e-06)
It: 1820, Loss: 4.997e-02  (f=9.31e-03 W=3.21e-02 I=8.55e-03 O=5.25e-06)
It: 1830, Loss: 4.746e-02  (f=7.99e-03 W=3.26e-02 I=6.84e-03 O=2.21e-06)
It: 1840, Loss: 4.616e-02  (f=7.29e-03 W=3.11e-02 I=7.74e-03 O=2.55e-06)
It: 1850, Loss: 6.211e-02  (f=1.61e-02 W=3.37e-02 I=1.23e-02 O=2.33e-06)
It: 1860, Loss: 5.808e-02  (f=1.28e-02 W=3.42e-02 I=1.11e-02 O=1.60e-05)
It: 1870, Loss: 5.222e-02  (f=1.03e-02 W=3.20e-02 I=9.87e-03 O=2.50e-05)
It: 1880, Loss: 4.687e-02  (f=6.97e-03 W=3.25e-02 I=7.37e-03 O=7.77e-06)
It: 1890, Loss: 4.597e-02  (f=7.22e-03 W=3.07e-02 I=8.09e-03 O=7.03e-06)
It: 1900, Loss: 4.517e-02  (f=6.96e-03 W=2.89e-02 I=9.28e-03 O=3.66e-06)
It: 1910, Loss: 4.496e-02  (f=7.34e-03 W=2.81e-02 I=9.48e-03 O=4.78e-06)
It: 1920, Loss: 8.982e-02  (f=4.26e-02 W=2.09e-02 I=2.63e-02 O=6.69e-06)
It: 1930, Loss: 5.573e-02  (f=1.43e-02 W=2.48e-02 I=1.66e-02 O=3.98e-06)
It: 1940, Loss: 4.488e-02  (f=7.32e-03 W=3.03e-02 I=7.22e-03 O=9.31e-06)
It: 1950, Loss: 4.461e-02  (f=7.90e-03 W=3.04e-02 I=6.34e-03 O=5.87e-06)
It: 1960, Loss: 4.447e-02  (f=8.12e-03 W=2.98e-02 I=6.52e-03 O=4.76e-06)
It: 1970, Loss: 4.444e-02  (f=8.58e-03 W=2.84e-02 I=7.47e-03 O=6.59e-06)
It: 1980, Loss: 4.841e-02  (f=1.09e-02 W=2.59e-02 I=1.16e-02 O=5.17e-06)
It: 1990, Loss: 4.484e-02  (f=8.64e-03 W=2.76e-02 I=8.56e-03 O=3.29e-06)
It: 2000, Loss: 4.468e-02  (f=9.29e-03 W=3.00e-02 I=5.35e-03 O=6.08e-06)
It: 2010, Loss: 4.302e-02  (f=8.30e-03 W=2.86e-02 I=6.07e-03 O=8.11e-06)
It: 2020, Loss: 5.676e-02  (f=2.06e-02 W=3.22e-02 I=3.98e-03 O=2.19e-05)
It: 2030, Loss: 4.527e-02  (f=1.04e-02 W=2.91e-02 I=5.79e-03 O=5.08e-06)
It: 2040, Loss: 5.010e-02  (f=1.45e-02 W=2.81e-02 I=7.45e-03 O=1.17e-05)
It: 2050, Loss: 5.172e-02  (f=1.54e-02 W=3.06e-02 I=5.70e-03 O=8.11e-06)
It: 2060, Loss: 4.413e-02  (f=9.59e-03 W=2.89e-02 I=5.62e-03 O=4.74e-06)
It: 2070, Loss: 4.143e-02  (f=7.60e-03 W=2.72e-02 I=6.58e-03 O=7.17e-06)
It: 2080, Loss: 4.591e-02  (f=1.14e-02 W=2.73e-02 I=7.22e-03 O=5.69e-06)
It: 2090, Loss: 4.696e-02  (f=1.23e-02 W=2.64e-02 I=8.28e-03 O=1.26e-05)
WARNING:tensorflow:Calling GradientTape.gradient on a persistent tape inside its context is significantly less efficient than calling it outside the context (it causes the gradient ops to be recorded on the tape, leading to increased CPU and memory usage). Only call GradientTape.gradient inside the context if you actually want to trace the gradient in order to compute higher order derivatives.
WARNING:tensorflow:Calling GradientTape.gradient on a persistent tape inside its context is significantly less efficient than calling it outside the context (it causes the gradient ops to be recorded on the tape, leading to increased CPU and memory usage). Only call GradientTape.gradient inside the context if you actually want to trace the gradient in order to compute higher order derivatives.
WARNING:tensorflow:Calling GradientTape.gradient on a persistent tape inside its context is significantly less efficient than calling it outside the context (it causes the gradient ops to be recorded on the tape, leading to increased CPU and memory usage). Only call GradientTape.gradient inside the context if you actually want to trace the gradient in order to compute higher order derivatives.
WARNING:tensorflow:Calling GradientTape.gradient on a persistent tape inside its context is significantly less efficient than calling it outside the context (it causes the gradient ops to be recorded on the tape, leading to increased CPU and memory usage). Only call GradientTape.gradient inside the context if you actually want to trace the gradient in order to compute higher order derivatives.
[1m-------------Baseline Loss---------------[0m
It: 2100, Loss: 4.495e-02  (f=1.16e-02 W=2.85e-02 I=4.92e-03 O=4.47e-06)
[1m-------------Baseline Loss---------------[0m
It: 2100, Loss: 4.206e-02  (f=8.67e-03 W=2.85e-02 I=4.92e-03 O=4.47e-06)
It: 2110, Loss: 4.356e-02  (f=9.66e-03 W=2.71e-02 I=6.79e-03 O=1.25e-05)
It: 2120, Loss: 4.204e-02  (f=9.00e-03 W=2.60e-02 I=7.00e-03 O=7.33e-06)
It: 2130, Loss: 4.189e-02  (f=8.60e-03 W=2.43e-02 I=8.94e-03 O=4.35e-06)
It: 2140, Loss: 4.219e-02  (f=9.39e-03 W=2.45e-02 I=8.24e-03 O=7.28e-06)
It: 2150, Loss: 4.361e-02  (f=1.01e-02 W=2.36e-02 I=9.90e-03 O=1.31e-05)
It: 2160, Loss: 4.127e-02  (f=9.47e-03 W=2.68e-02 I=5.03e-03 O=6.68e-06)
It: 2170, Loss: 5.576e-02  (f=2.21e-02 W=2.99e-02 I=3.69e-03 O=6.33e-06)
It: 2180, Loss: 4.073e-02  (f=8.06e-03 W=2.49e-02 I=7.76e-03 O=4.25e-06)
It: 2190, Loss: 4.154e-02  (f=9.42e-03 W=2.53e-02 I=6.80e-03 O=1.22e-05)
[1m-------------Baseline Loss---------------[0m
It: 2200, Loss: 4.281e-02  (f=1.13e-02 W=2.58e-02 I=5.74e-03 O=8.97e-06)
[1m-------------Baseline Loss---------------[0m
It: 2200, Loss: 3.969e-02  (f=8.15e-03 W=2.58e-02 I=5.74e-03 O=8.97e-06)
It: 2210, Loss: 5.306e-02  (f=2.09e-02 W=2.96e-02 I=2.53e-03 O=1.22e-05)
It: 2220, Loss: 4.123e-02  (f=9.44e-03 W=2.32e-02 I=8.59e-03 O=5.19e-06)
It: 2230, Loss: 4.082e-02  (f=9.72e-03 W=2.39e-02 I=7.17e-03 O=5.59e-06)
It: 2240, Loss: 3.984e-02  (f=8.95e-03 W=2.66e-02 I=4.31e-03 O=4.89e-06)
It: 2250, Loss: 4.177e-02  (f=1.06e-02 W=2.43e-02 I=6.89e-03 O=9.06e-06)
It: 2260, Loss: 3.743e-02  (f=6.98e-03 W=2.51e-02 I=5.32e-03 O=7.17e-06)
It: 2270, Loss: 4.233e-02  (f=1.18e-02 W=2.61e-02 I=4.43e-03 O=1.44e-05)
It: 2280, Loss: 3.710e-02  (f=7.19e-03 W=2.38e-02 I=6.06e-03 O=5.62e-06)
It: 2290, Loss: 5.913e-02  (f=2.52e-02 W=2.73e-02 I=6.64e-03 O=1.15e-05)
[1m-------------Baseline Loss---------------[0m
It: 2300, Loss: 5.426e-02  (f=2.11e-02 W=2.20e-02 I=1.12e-02 O=4.06e-06)
[1m-------------Baseline Loss---------------[0m
It: 2300, Loss: 4.934e-02  (f=1.61e-02 W=2.20e-02 I=1.12e-02 O=4.06e-06)
It: 2310, Loss: 4.178e-02  (f=1.04e-02 W=2.24e-02 I=8.97e-03 O=1.09e-05)
It: 2320, Loss: 3.772e-02  (f=7.81e-03 W=2.45e-02 I=5.44e-03 O=7.51e-06)
It: 2330, Loss: 3.752e-02  (f=7.89e-03 W=2.29e-02 I=6.72e-03 O=7.23e-06)
It: 2340, Loss: 3.870e-02  (f=9.67e-03 W=2.54e-02 I=3.57e-03 O=9.07e-06)
It: 2350, Loss: 4.419e-02  (f=1.39e-02 W=2.54e-02 I=4.92e-03 O=1.36e-05)
It: 2360, Loss: 3.676e-02  (f=7.87e-03 W=2.35e-02 I=5.33e-03 O=8.76e-06)
It: 2370, Loss: 3.618e-02  (f=7.47e-03 W=2.34e-02 I=5.27e-03 O=6.78e-06)
It: 2380, Loss: 4.749e-02  (f=1.83e-02 W=2.71e-02 I=2.02e-03 O=8.01e-06)
It: 2390, Loss: 4.152e-02  (f=1.11e-02 W=2.45e-02 I=5.90e-03 O=1.53e-05)
[1m-------------Baseline Loss---------------[0m
It: 2400, Loss: 4.507e-02  (f=1.50e-02 W=2.47e-02 I=5.32e-03 O=7.66e-06)
[1m-------------Baseline Loss---------------[0m
It: 2400, Loss: 4.117e-02  (f=1.11e-02 W=2.47e-02 I=5.32e-03 O=7.66e-06)
It: 2410, Loss: 3.832e-02  (f=8.55e-03 W=2.23e-02 I=7.46e-03 O=2.01e-05)
It: 2420, Loss: 3.694e-02  (f=8.32e-03 W=2.45e-02 I=4.09e-03 O=1.49e-05)
It: 2430, Loss: 3.547e-02  (f=7.03e-03 W=2.30e-02 I=5.38e-03 O=5.75e-06)
It: 2440, Loss: 3.534e-02  (f=7.28e-03 W=2.28e-02 I=5.28e-03 O=6.74e-06)
It: 2450, Loss: 3.503e-02  (f=7.35e-03 W=2.30e-02 I=4.68e-03 O=7.30e-06)
It: 2460, Loss: 3.831e-02  (f=1.04e-02 W=2.37e-02 I=4.22e-03 O=6.05e-06)
It: 2470, Loss: 4.621e-02  (f=1.64e-02 W=2.31e-02 I=6.65e-03 O=2.49e-05)
It: 2480, Loss: 3.935e-02  (f=1.07e-02 W=2.36e-02 I=5.08e-03 O=8.70e-06)
It: 2490, Loss: 3.596e-02  (f=8.19e-03 W=2.31e-02 I=4.63e-03 O=1.20e-05)
[1m-------------Baseline Loss---------------[0m
It: 2500, Loss: 3.839e-02  (f=1.12e-02 W=2.24e-02 I=4.79e-03 O=7.93e-06)
[1m-------------Baseline Loss---------------[0m
It: 2500, Loss: 3.448e-02  (f=7.28e-03 W=2.24e-02 I=4.79e-03 O=7.93e-06)
It: 2510, Loss: 3.465e-02  (f=7.65e-03 W=2.26e-02 I=4.36e-03 O=6.93e-06)
It: 2520, Loss: 3.429e-02  (f=7.56e-03 W=2.19e-02 I=4.84e-03 O=7.11e-06)
It: 2530, Loss: 5.988e-02  (f=2.90e-02 W=1.89e-02 I=1.20e-02 O=2.24e-05)
It: 2540, Loss: 3.728e-02  (f=9.42e-03 W=2.20e-02 I=5.80e-03 O=2.62e-05)
It: 2550, Loss: 3.659e-02  (f=9.22e-03 W=2.23e-02 I=5.03e-03 O=1.50e-05)
It: 2560, Loss: 3.427e-02  (f=7.57e-03 W=2.26e-02 I=4.13e-03 O=1.23e-05)
It: 2570, Loss: 3.456e-02  (f=7.95e-03 W=2.26e-02 I=4.03e-03 O=7.22e-06)
It: 2580, Loss: 3.458e-02  (f=8.04e-03 W=2.21e-02 I=4.44e-03 O=9.89e-06)
It: 2590, Loss: 3.436e-02  (f=8.06e-03 W=2.13e-02 I=4.96e-03 O=8.44e-06)
[1m-------------Baseline Loss---------------[0m
It: 2600, Loss: 3.821e-02  (f=1.24e-02 W=2.22e-02 I=3.66e-03 O=8.14e-06)
[1m-------------Baseline Loss---------------[0m
It: 2600, Loss: 3.410e-02  (f=8.26e-03 W=2.22e-02 I=3.66e-03 O=8.14e-06)
It: 2610, Loss: 4.612e-02  (f=1.90e-02 W=2.43e-02 I=2.82e-03 O=8.05e-06)
It: 2620, Loss: 3.524e-02  (f=8.61e-03 W=2.02e-02 I=6.38e-03 O=7.76e-06)
It: 2630, Loss: 3.517e-02  (f=8.87e-03 W=2.01e-02 I=6.20e-03 O=1.06e-05)
It: 2640, Loss: 3.460e-02  (f=8.91e-03 W=2.17e-02 I=4.01e-03 O=9.24e-06)
It: 2650, Loss: 4.313e-02  (f=1.55e-02 W=2.19e-02 I=5.66e-03 O=1.13e-05)
It: 2660, Loss: 3.501e-02  (f=8.66e-03 W=2.13e-02 I=5.08e-03 O=9.50e-06)
It: 2670, Loss: 3.465e-02  (f=8.84e-03 W=2.10e-02 I=4.78e-03 O=1.13e-05)
It: 2680, Loss: 3.569e-02  (f=9.93e-03 W=2.06e-02 I=5.14e-03 O=1.08e-05)
It: 2690, Loss: 3.355e-02  (f=8.21e-03 W=2.05e-02 I=4.83e-03 O=8.55e-06)
[1m-------------Baseline Loss---------------[0m
It: 2700, Loss: 5.238e-02  (f=2.51e-02 W=1.95e-02 I=7.74e-03 O=2.07e-05)
[1m-------------Baseline Loss---------------[0m
It: 2700, Loss: 4.464e-02  (f=1.74e-02 W=1.95e-02 I=7.74e-03 O=2.07e-05)
It: 2710, Loss: 3.358e-02  (f=8.12e-03 W=2.12e-02 I=4.25e-03 O=7.73e-06)
It: 2720, Loss: 3.288e-02  (f=7.83e-03 W=2.12e-02 I=3.88e-03 O=1.12e-05)
It: 2730, Loss: 3.304e-02  (f=8.15e-03 W=2.05e-02 I=4.36e-03 O=9.58e-06)
It: 2740, Loss: 5.169e-02  (f=2.36e-02 W=2.00e-02 I=8.04e-03 O=3.07e-05)
It: 2750, Loss: 3.514e-02  (f=9.14e-03 W=2.04e-02 I=5.56e-03 O=7.84e-06)
It: 2760, Loss: 3.380e-02  (f=8.77e-03 W=2.14e-02 I=3.60e-03 O=1.12e-05)
It: 2770, Loss: 3.393e-02  (f=9.13e-03 W=2.15e-02 I=3.29e-03 O=1.56e-05)
It: 2780, Loss: 3.306e-02  (f=8.50e-03 W=2.10e-02 I=3.52e-03 O=9.15e-06)
It: 2790, Loss: 3.862e-02  (f=1.34e-02 W=2.15e-02 I=3.69e-03 O=1.21e-05)
[1m-------------Baseline Loss---------------[0m
It: 2800, Loss: 3.937e-02  (f=1.47e-02 W=2.01e-02 I=4.57e-03 O=1.35e-05)
[1m-------------Baseline Loss---------------[0m
It: 2800, Loss: 3.424e-02  (f=9.59e-03 W=2.01e-02 I=4.57e-03 O=1.35e-05)
It: 2810, Loss: 3.263e-02  (f=8.07e-03 W=2.00e-02 I=4.54e-03 O=1.02e-05)
It: 2820, Loss: 3.273e-02  (f=8.30e-03 W=1.98e-02 I=4.61e-03 O=1.03e-05)
It: 2830, Loss: 3.311e-02  (f=9.03e-03 W=2.00e-02 I=4.07e-03 O=1.08e-05)
It: 2840, Loss: 3.758e-02  (f=1.23e-02 W=1.97e-02 I=5.64e-03 O=1.48e-05)
It: 2850, Loss: 3.742e-02  (f=1.20e-02 W=1.91e-02 I=6.29e-03 O=1.43e-05)
It: 2860, Loss: 3.218e-02  (f=7.85e-03 W=1.99e-02 I=4.46e-03 O=1.31e-05)
It: 2870, Loss: 3.264e-02  (f=8.53e-03 W=2.00e-02 I=4.09e-03 O=1.13e-05)
It: 2880, Loss: 3.243e-02  (f=8.66e-03 W=1.97e-02 I=4.06e-03 O=1.03e-05)
It: 2890, Loss: 3.525e-02  (f=1.09e-02 W=1.86e-02 I=5.73e-03 O=1.51e-05)
[1m-------------Baseline Loss---------------[0m
It: 2900, Loss: 5.046e-02  (f=2.50e-02 W=2.12e-02 I=4.23e-03 O=1.49e-05)
[1m-------------Baseline Loss---------------[0m
It: 2900, Loss: 4.346e-02  (f=1.80e-02 W=2.12e-02 I=4.23e-03 O=1.49e-05)
It: 2910, Loss: 3.334e-02  (f=9.03e-03 W=1.91e-02 I=5.23e-03 O=1.27e-05)
It: 2920, Loss: 3.331e-02  (f=9.46e-03 W=1.99e-02 I=3.96e-03 O=1.71e-05)
It: 2930, Loss: 3.222e-02  (f=8.61e-03 W=1.90e-02 I=4.54e-03 O=1.13e-05)
It: 2940, Loss: 3.270e-02  (f=9.23e-03 W=1.95e-02 I=3.99e-03 O=1.15e-05)
It: 2950, Loss: 3.959e-02  (f=1.47e-02 W=1.82e-02 I=6.65e-03 O=2.03e-05)
It: 2960, Loss: 3.476e-02  (f=1.11e-02 W=1.96e-02 I=4.01e-03 O=1.49e-05)
It: 2970, Loss: 3.545e-02  (f=1.13e-02 W=1.81e-02 I=6.01e-03 O=1.40e-05)
It: 2980, Loss: 3.290e-02  (f=9.63e-03 W=1.99e-02 I=3.36e-03 O=1.41e-05)
It: 2990, Loss: 3.178e-02  (f=8.49e-03 W=1.87e-02 I=4.54e-03 O=1.18e-05)
  [iter 3000] refining (adding high-residual pts) ...
  [adaptive] protected set locked in: 1535 boundary + 4222/21112 base coverage
  [adaptive] 21112 -> 25240  (+5059 added, -853 pruned, protected=5354, thr_accept=3.92e-02)
[1m-------------Baseline Loss---------------[0m
It: 3000, Loss: 3.858e-02  (f=1.52e-02 W=1.79e-02 I=5.54e-03 O=1.22e-05)
[1m-------------Baseline Loss---------------[0m
It: 3000, Loss: 3.355e-02  (f=1.01e-02 W=1.79e-02 I=5.54e-03 O=1.22e-05)
It: 3010, Loss: 3.380e-02  (f=1.05e-02 W=1.84e-02 I=4.91e-03 O=1.47e-05)
It: 3020, Loss: 3.726e-02  (f=1.34e-02 W=2.04e-02 I=3.44e-03 O=1.90e-05)
It: 3030, Loss: 3.276e-02  (f=9.65e-03 W=1.94e-02 I=3.65e-03 O=1.32e-05)
It: 3040, Loss: 3.375e-02  (f=1.09e-02 W=2.02e-02 I=2.66e-03 O=1.86e-05)
It: 3050, Loss: 3.273e-02  (f=9.89e-03 W=1.83e-02 I=4.53e-03 O=1.20e-05)
It: 3060, Loss: 3.255e-02  (f=9.97e-03 W=1.98e-02 I=2.79e-03 O=1.37e-05)
It: 3070, Loss: 3.349e-02  (f=1.09e-02 W=1.99e-02 I=2.66e-03 O=1.26e-05)
It: 3080, Loss: 4.224e-02  (f=1.82e-02 W=1.84e-02 I=5.64e-03 O=2.85e-05)
It: 3090, Loss: 4.260e-02  (f=1.76e-02 W=1.89e-02 I=6.08e-03 O=2.84e-05)
[1m-------------Baseline Loss---------------[0m
It: 3100, Loss: 3.799e-02  (f=1.45e-02 W=1.91e-02 I=4.39e-03 O=1.50e-05)
[1m-------------Baseline Loss---------------[0m
It: 3100, Loss: 3.324e-02  (f=9.72e-03 W=1.91e-02 I=4.39e-03 O=1.50e-05)
It: 3110, Loss: 3.129e-02  (f=8.27e-03 W=1.89e-02 I=4.07e-03 O=1.95e-05)
It: 3120, Loss: 3.176e-02  (f=9.05e-03 W=1.94e-02 I=3.32e-03 O=1.29e-05)
It: 3130, Loss: 3.151e-02  (f=8.83e-03 W=1.80e-02 I=4.65e-03 O=1.33e-05)
It: 3140, Loss: 3.234e-02  (f=1.00e-02 W=1.93e-02 I=3.00e-03 O=1.32e-05)
It: 3150, Loss: 3.279e-02  (f=1.05e-02 W=1.95e-02 I=2.77e-03 O=1.35e-05)
It: 3160, Loss: 3.317e-02  (f=1.07e-02 W=1.92e-02 I=3.26e-03 O=1.52e-05)
It: 3170, Loss: 3.236e-02  (f=9.90e-03 W=1.78e-02 I=4.67e-03 O=1.68e-05)
It: 3180, Loss: 3.294e-02  (f=1.09e-02 W=1.91e-02 I=2.93e-03 O=2.21e-05)
It: 3190, Loss: 3.100e-02  (f=8.98e-03 W=1.80e-02 I=4.05e-03 O=1.41e-05)
[1m-------------Baseline Loss---------------[0m
It: 3200, Loss: 3.595e-02  (f=1.42e-02 W=1.84e-02 I=3.34e-03 O=1.51e-05)
[1m-------------Baseline Loss---------------[0m
It: 3200, Loss: 3.089e-02  (f=9.13e-03 W=1.84e-02 I=3.34e-03 O=1.51e-05)
It: 3210, Loss: 3.208e-02  (f=1.02e-02 W=1.84e-02 I=3.46e-03 O=1.45e-05)
It: 3220, Loss: 4.604e-02  (f=2.23e-02 W=1.68e-02 I=6.95e-03 O=4.56e-05)
It: 3230, Loss: 3.169e-02  (f=9.69e-03 W=1.88e-02 I=3.21e-03 O=1.56e-05)
It: 3240, Loss: 3.160e-02  (f=9.76e-03 W=1.83e-02 I=3.56e-03 O=1.52e-05)
It: 3250, Loss: 3.741e-02  (f=1.43e-02 W=1.63e-02 I=6.83e-03 O=1.69e-05)
It: 3260, Loss: 3.368e-02  (f=1.17e-02 W=1.95e-02 I=2.46e-03 O=1.48e-05)
It: 3270, Loss: 3.153e-02  (f=9.68e-03 W=1.74e-02 I=4.44e-03 O=1.51e-05)
It: 3280, Loss: 3.541e-02  (f=1.31e-02 W=1.81e-02 I=4.14e-03 O=2.60e-05)
It: 3290, Loss: 3.106e-02  (f=9.46e-03 W=1.76e-02 I=3.95e-03 O=1.86e-05)
[1m-------------Baseline Loss---------------[0m
It: 3300, Loss: 4.254e-02  (f=2.01e-02 W=1.61e-02 I=6.26e-03 O=1.49e-05)
[1m-------------Baseline Loss---------------[0m
It: 3300, Loss: 3.572e-02  (f=1.33e-02 W=1.61e-02 I=6.26e-03 O=1.49e-05)
It: 3310, Loss: 3.300e-02  (f=1.10e-02 W=1.71e-02 I=4.90e-03 O=1.75e-05)
It: 3320, Loss: 3.139e-02  (f=9.94e-03 W=1.83e-02 I=3.09e-03 O=1.56e-05)
It: 3330, Loss: 3.616e-02  (f=1.39e-02 W=1.88e-02 I=3.45e-03 O=2.00e-05)
It: 3340, Loss: 3.004e-02  (f=8.68e-03 W=1.80e-02 I=3.38e-03 O=1.49e-05)
It: 3350, Loss: 2.996e-02  (f=8.92e-03 W=1.78e-02 I=3.23e-03 O=1.58e-05)
It: 3360, Loss: 2.998e-02  (f=8.96e-03 W=1.74e-02 I=3.63e-03 O=1.53e-05)
It: 3370, Loss: 6.361e-02  (f=3.87e-02 W=1.73e-02 I=7.45e-03 O=9.60e-05)
It: 3380, Loss: 4.269e-02  (f=1.86e-02 W=1.66e-02 I=7.48e-03 O=2.65e-05)
It: 3390, Loss: 3.087e-02  (f=8.78e-03 W=1.77e-02 I=4.39e-03 O=1.79e-05)
[1m-------------Baseline Loss---------------[0m
It: 3400, Loss: 3.737e-02  (f=1.57e-02 W=1.81e-02 I=3.51e-03 O=2.85e-05)
[1m-------------Baseline Loss---------------[0m
It: 3400, Loss: 3.167e-02  (f=1.00e-02 W=1.81e-02 I=3.51e-03 O=2.85e-05)
It: 3410, Loss: 3.041e-02  (f=9.01e-03 W=1.81e-02 I=3.27e-03 O=1.70e-05)
It: 3420, Loss: 3.075e-02  (f=9.50e-03 W=1.84e-02 I=2.80e-03 O=1.63e-05)
It: 3430, Loss: 3.007e-02  (f=9.09e-03 W=1.77e-02 I=3.31e-03 O=1.83e-05)
It: 3440, Loss: 2.972e-02  (f=8.94e-03 W=1.74e-02 I=3.36e-03 O=1.69e-05)
It: 3450, Loss: 2.975e-02  (f=9.05e-03 W=1.69e-02 I=3.79e-03 O=1.74e-05)
It: 3460, Loss: 3.170e-02  (f=1.10e-02 W=1.69e-02 I=3.83e-03 O=1.64e-05)
It: 3470, Loss: 4.843e-02  (f=2.46e-02 W=1.95e-02 I=4.20e-03 O=4.37e-05)
It: 3480, Loss: 3.679e-02  (f=1.39e-02 W=1.84e-02 I=4.47e-03 O=3.81e-05)
It: 3490, Loss: 3.038e-02  (f=8.62e-03 W=1.82e-02 I=3.49e-03 O=1.91e-05)
[1m-------------Baseline Loss---------------[0m
It: 3500, Loss: 3.556e-02  (f=1.40e-02 W=1.78e-02 I=3.74e-03 O=1.45e-05)
[1m-------------Baseline Loss---------------[0m
It: 3500, Loss: 3.048e-02  (f=8.93e-03 W=1.78e-02 I=3.74e-03 O=1.45e-05)
It: 3510, Loss: 3.033e-02  (f=9.01e-03 W=1.72e-02 I=4.13e-03 O=1.47e-05)
It: 3520, Loss: 2.963e-02  (f=8.71e-03 W=1.76e-02 I=3.34e-03 O=1.64e-05)
It: 3530, Loss: 2.946e-02  (f=8.84e-03 W=1.73e-02 I=3.31e-03 O=1.76e-05)
It: 3540, Loss: 3.362e-02  (f=1.25e-02 W=1.57e-02 I=5.32e-03 O=1.73e-05)
It: 3550, Loss: 2.977e-02  (f=9.34e-03 W=1.73e-02 I=3.11e-03 O=1.89e-05)
It: 3560, Loss: 3.060e-02  (f=1.01e-02 W=1.66e-02 I=3.91e-03 O=1.96e-05)
It: 3570, Loss: 2.945e-02  (f=9.12e-03 W=1.69e-02 I=3.42e-03 O=1.76e-05)
It: 3580, Loss: 3.217e-02  (f=1.19e-02 W=1.80e-02 I=2.22e-03 O=1.83e-05)
It: 3590, Loss: 2.935e-02  (f=9.23e-03 W=1.64e-02 I=3.68e-03 O=1.82e-05)
[1m-------------Baseline Loss---------------[0m
It: 3600, Loss: 3.884e-02  (f=1.84e-02 W=1.56e-02 I=4.83e-03 O=2.02e-05)
[1m-------------Baseline Loss---------------[0m
It: 3600, Loss: 3.204e-02  (f=1.16e-02 W=1.56e-02 I=4.83e-03 O=2.02e-05)
It: 3610, Loss: 2.972e-02  (f=9.52e-03 W=1.72e-02 I=3.02e-03 O=1.86e-05)
It: 3620, Loss: 3.067e-02  (f=1.05e-02 W=1.70e-02 I=3.16e-03 O=2.56e-05)
It: 3630, Loss: 3.253e-02  (f=1.24e-02 W=1.81e-02 I=2.03e-03 O=1.91e-05)
It: 3640, Loss: 2.972e-02  (f=9.64e-03 W=1.67e-02 I=3.41e-03 O=2.00e-05)
It: 3650, Loss: 3.560e-02  (f=1.52e-02 W=1.78e-02 I=2.59e-03 O=3.47e-05)
It: 3660, Loss: 3.162e-02  (f=1.10e-02 W=1.60e-02 I=4.56e-03 O=2.08e-05)
It: 3670, Loss: 3.030e-02  (f=1.03e-02 W=1.68e-02 I=3.20e-03 O=2.14e-05)
It: 3680, Loss: 3.044e-02  (f=1.06e-02 W=1.74e-02 I=2.51e-03 O=1.85e-05)
It: 3690, Loss: 3.162e-02  (f=1.19e-02 W=1.70e-02 I=2.75e-03 O=2.91e-05)
[1m-------------Baseline Loss---------------[0m
It: 3700, Loss: 3.964e-02  (f=1.94e-02 W=1.63e-02 I=3.98e-03 O=2.68e-05)
[1m-------------Baseline Loss---------------[0m
It: 3700, Loss: 3.282e-02  (f=1.26e-02 W=1.63e-02 I=3.98e-03 O=2.68e-05)
It: 3710, Loss: 3.294e-02  (f=1.22e-02 W=1.56e-02 I=5.21e-03 O=1.97e-05)
It: 3720, Loss: 3.174e-02  (f=1.14e-02 W=1.62e-02 I=4.07e-03 O=2.21e-05)
It: 3730, Loss: 3.131e-02  (f=1.13e-02 W=1.67e-02 I=3.31e-03 O=2.80e-05)
It: 3740, Loss: 3.045e-02  (f=1.03e-02 W=1.63e-02 I=3.85e-03 O=2.10e-05)
It: 3750, Loss: 3.242e-02  (f=1.21e-02 W=1.65e-02 I=3.74e-03 O=2.20e-05)
It: 3760, Loss: 3.013e-02  (f=1.03e-02 W=1.68e-02 I=2.94e-03 O=1.92e-05)
It: 3770, Loss: 2.996e-02  (f=1.05e-02 W=1.68e-02 I=2.57e-03 O=1.91e-05)
It: 3780, Loss: 3.253e-02  (f=1.26e-02 W=1.65e-02 I=3.39e-03 O=2.37e-05)
It: 3790, Loss: 3.159e-02  (f=1.14e-02 W=1.53e-02 I=4.87e-03 O=1.90e-05)
[1m-------------Baseline Loss---------------[0m
It: 3800, Loss: 3.559e-02  (f=1.61e-02 W=1.61e-02 I=3.39e-03 O=2.11e-05)
[1m-------------Baseline Loss---------------[0m
It: 3800, Loss: 2.953e-02  (f=1.00e-02 W=1.61e-02 I=3.39e-03 O=2.11e-05)
It: 3810, Loss: 3.919e-02  (f=1.84e-02 W=1.56e-02 I=5.08e-03 O=3.53e-05)
It: 3820, Loss: 3.203e-02  (f=1.20e-02 W=1.71e-02 I=2.93e-03 O=1.98e-05)
It: 3830, Loss: 2.898e-02  (f=9.21e-03 W=1.62e-02 I=3.60e-03 O=1.96e-05)
It: 3840, Loss: 2.953e-02  (f=9.68e-03 W=1.56e-02 I=4.23e-03 O=1.94e-05)
It: 3850, Loss: 3.065e-02  (f=1.12e-02 W=1.67e-02 I=2.81e-03 O=2.63e-05)
It: 3860, Loss: 2.981e-02  (f=1.02e-02 W=1.54e-02 I=4.14e-03 O=1.99e-05)
It: 3870, Loss: 3.292e-02  (f=1.31e-02 W=1.64e-02 I=3.35e-03 O=2.20e-05)
It: 3880, Loss: 3.143e-02  (f=1.20e-02 W=1.60e-02 I=3.49e-03 O=2.49e-05)
It: 3890, Loss: 3.440e-02  (f=1.46e-02 W=1.49e-02 I=4.91e-03 O=1.98e-05)
[1m-------------Baseline Loss---------------[0m
It: 3900, Loss: 3.637e-02  (f=1.72e-02 W=1.65e-02 I=2.60e-03 O=2.09e-05)
[1m-------------Baseline Loss---------------[0m
It: 3900, Loss: 2.996e-02  (f=1.08e-02 W=1.65e-02 I=2.60e-03 O=2.09e-05)
It: 3910, Loss: 2.982e-02  (f=1.07e-02 W=1.65e-02 I=2.65e-03 O=1.90e-05)
It: 3920, Loss: 2.919e-02  (f=1.01e-02 W=1.54e-02 I=3.72e-03 O=2.11e-05)
It: 3930, Loss: 4.231e-02  (f=2.17e-02 W=1.47e-02 I=5.89e-03 O=4.79e-05)
It: 3940, Loss: 3.243e-02  (f=1.25e-02 W=1.51e-02 I=4.73e-03 O=2.20e-05)
It: 3950, Loss: 2.854e-02  (f=9.51e-03 W=1.63e-02 I=2.73e-03 O=2.06e-05)
It: 3960, Loss: 3.288e-02  (f=1.33e-02 W=1.67e-02 I=2.89e-03 O=2.03e-05)
It: 3970, Loss: 2.998e-02  (f=1.08e-02 W=1.64e-02 I=2.67e-03 O=2.88e-05)
It: 3980, Loss: 2.992e-02  (f=1.06e-02 W=1.59e-02 I=3.35e-03 O=2.40e-05)
It: 3990, Loss: 3.077e-02  (f=1.14e-02 W=1.54e-02 I=3.94e-03 O=2.30e-05)
  [iter 4000] refining (adding high-residual pts) ...
  [adaptive] 25240 -> 30328  (+6009 added, -921 pruned, protected=5279, thr_accept=9.30e-02)
[1m-------------Baseline Loss---------------[0m
It: 4000, Loss: 3.681e-02  (f=1.77e-02 W=1.58e-02 I=3.24e-03 O=2.95e-05)
[1m-------------Baseline Loss---------------[0m
It: 4000, Loss: 3.024e-02  (f=1.12e-02 W=1.58e-02 I=3.24e-03 O=2.95e-05)
It: 4010, Loss: 3.084e-02  (f=1.20e-02 W=1.68e-02 I=2.01e-03 O=2.29e-05)
It: 4020, Loss: 2.860e-02  (f=9.83e-03 W=1.59e-02 I=2.84e-03 O=2.04e-05)
It: 4030, Loss: 3.039e-02  (f=1.15e-02 W=1.49e-02 I=3.95e-03 O=2.02e-05)
It: 4040, Loss: 3.421e-02  (f=1.43e-02 W=1.54e-02 I=4.54e-03 O=2.37e-05)
It: 4050, Loss: 2.832e-02  (f=9.23e-03 W=1.55e-02 I=3.54e-03 O=2.05e-05)
It: 4060, Loss: 3.205e-02  (f=1.30e-02 W=1.69e-02 I=2.15e-03 O=3.26e-05)
It: 4070, Loss: 3.032e-02  (f=1.12e-02 W=1.51e-02 I=4.05e-03 O=2.09e-05)
It: 4080, Loss: 2.884e-02  (f=1.02e-02 W=1.58e-02 I=2.85e-03 O=2.05e-05)
It: 4090, Loss: 4.042e-02  (f=2.10e-02 W=1.70e-02 I=2.34e-03 O=5.08e-05)
[1m-------------Baseline Loss---------------[0m
It: 4100, Loss: 4.249e-02  (f=2.23e-02 W=1.52e-02 I=4.94e-03 O=3.65e-05)
[1m-------------Baseline Loss---------------[0m
It: 4100, Loss: 3.529e-02  (f=1.51e-02 W=1.52e-02 I=4.94e-03 O=3.65e-05)
It: 4110, Loss: 3.086e-02  (f=1.16e-02 W=1.52e-02 I=4.00e-03 O=2.70e-05)
It: 4120, Loss: 2.811e-02  (f=9.23e-03 W=1.56e-02 I=3.21e-03 O=2.07e-05)
It: 4130, Loss: 2.869e-02  (f=1.01e-02 W=1.59e-02 I=2.69e-03 O=2.00e-05)
It: 4140, Loss: 3.317e-02  (f=1.38e-02 W=1.44e-02 I=4.97e-03 O=2.15e-05)
It: 4150, Loss: 2.802e-02  (f=9.42e-03 W=1.55e-02 I=3.05e-03 O=2.01e-05)
It: 4160, Loss: 3.293e-02  (f=1.39e-02 W=1.63e-02 I=2.78e-03 O=2.18e-05)
It: 4170, Loss: 3.310e-02  (f=1.39e-02 W=1.46e-02 I=4.58e-03 O=2.08e-05)
It: 4180, Loss: 2.886e-02  (f=1.02e-02 W=1.52e-02 I=3.40e-03 O=2.30e-05)
It: 4190, Loss: 2.925e-02  (f=1.06e-02 W=1.57e-02 I=2.90e-03 O=2.40e-05)
[1m-------------Baseline Loss---------------[0m
It: 4200, Loss: 3.697e-02  (f=1.85e-02 W=1.52e-02 I=3.25e-03 O=2.32e-05)
[1m-------------Baseline Loss---------------[0m
It: 4200, Loss: 3.009e-02  (f=1.16e-02 W=1.52e-02 I=3.25e-03 O=2.32e-05)
It: 4210, Loss: 3.060e-02  (f=1.19e-02 W=1.44e-02 I=4.30e-03 O=2.20e-05)
It: 4220, Loss: 3.072e-02  (f=1.20e-02 W=1.50e-02 I=3.69e-03 O=1.99e-05)
It: 4230, Loss: 2.870e-02  (f=1.04e-02 W=1.53e-02 I=3.00e-03 O=2.01e-05)
It: 4240, Loss: 2.859e-02  (f=1.04e-02 W=1.55e-02 I=2.69e-03 O=2.03e-05)
It: 4250, Loss: 2.969e-02  (f=1.12e-02 W=1.48e-02 I=3.66e-03 O=2.36e-05)
It: 4260, Loss: 2.934e-02  (f=1.12e-02 W=1.55e-02 I=2.56e-03 O=2.18e-05)
It: 4270, Loss: 4.689e-02  (f=2.52e-02 W=1.53e-02 I=6.42e-03 O=2.75e-05)
It: 4280, Loss: 3.498e-02  (f=1.49e-02 W=1.64e-02 I=3.63e-03 O=2.39e-05)
It: 4290, Loss: 3.020e-02  (f=1.06e-02 W=1.68e-02 I=2.86e-03 O=2.04e-05)
[1m-------------Baseline Loss---------------[0m
It: 4300, Loss: 3.566e-02  (f=1.63e-02 W=1.62e-02 I=3.11e-03 O=2.08e-05)
[1m-------------Baseline Loss---------------[0m
It: 4300, Loss: 2.959e-02  (f=1.03e-02 W=1.62e-02 I=3.11e-03 O=2.08e-05)
It: 4310, Loss: 2.925e-02  (f=1.03e-02 W=1.58e-02 I=3.11e-03 O=2.31e-05)
It: 4320, Loss: 2.800e-02  (f=9.36e-03 W=1.53e-02 I=3.33e-03 O=2.12e-05)
It: 4330, Loss: 2.829e-02  (f=9.79e-03 W=1.49e-02 I=3.59e-03 O=2.02e-05)
It: 4340, Loss: 3.155e-02  (f=1.29e-02 W=1.42e-02 I=4.45e-03 O=1.95e-05)
It: 4350, Loss: 2.848e-02  (f=1.02e-02 W=1.46e-02 I=3.66e-03 O=2.07e-05)
It: 4360, Loss: 3.221e-02  (f=1.35e-02 W=1.43e-02 I=4.41e-03 O=2.26e-05)
It: 4370, Loss: 2.885e-02  (f=1.06e-02 W=1.45e-02 I=3.65e-03 O=1.99e-05)
It: 4380, Loss: 2.811e-02  (f=1.02e-02 W=1.54e-02 I=2.49e-03 O=2.01e-05)
It: 4390, Loss: 2.869e-02  (f=1.07e-02 W=1.47e-02 I=3.19e-03 O=2.12e-05)
[1m-------------Baseline Loss---------------[0m
It: 4400, Loss: 4.214e-02  (f=2.40e-02 W=1.65e-02 I=1.57e-03 O=3.26e-05)
[1m-------------Baseline Loss---------------[0m
It: 4400, Loss: 3.525e-02  (f=1.71e-02 W=1.65e-02 I=1.57e-03 O=3.26e-05)
It: 4410, Loss: 3.071e-02  (f=1.23e-02 W=1.38e-02 I=4.61e-03 O=2.23e-05)
It: 4420, Loss: 2.981e-02  (f=1.18e-02 W=1.50e-02 I=2.95e-03 O=2.16e-05)
It: 4430, Loss: 3.086e-02  (f=1.27e-02 W=1.53e-02 I=2.89e-03 O=2.05e-05)
It: 4440, Loss: 2.809e-02  (f=1.01e-02 W=1.52e-02 I=2.79e-03 O=2.02e-05)
It: 4450, Loss: 2.921e-02  (f=1.11e-02 W=1.48e-02 I=3.24e-03 O=2.08e-05)
It: 4460, Loss: 3.143e-02  (f=1.31e-02 W=1.54e-02 I=2.93e-03 O=2.52e-05)
It: 4470, Loss: 3.044e-02  (f=1.22e-02 W=1.49e-02 I=3.26e-03 O=2.29e-05)
It: 4480, Loss: 2.776e-02  (f=9.91e-03 W=1.49e-02 I=2.94e-03 O=1.90e-05)
It: 4490, Loss: 2.779e-02  (f=1.01e-02 W=1.50e-02 I=2.67e-03 O=1.84e-05)
[1m-------------Baseline Loss---------------[0m
It: 4500, Loss: 3.625e-02  (f=1.85e-02 W=1.51e-02 I=2.57e-03 O=2.34e-05)
[1m-------------Baseline Loss---------------[0m
It: 4500, Loss: 2.946e-02  (f=1.17e-02 W=1.51e-02 I=2.57e-03 O=2.34e-05)
It: 4510, Loss: 3.874e-02  (f=2.05e-02 W=1.64e-02 I=1.77e-03 O=4.99e-05)
It: 4520, Loss: 2.757e-02  (f=9.80e-03 W=1.49e-02 I=2.88e-03 O=1.86e-05)
It: 4530, Loss: 2.929e-02  (f=1.14e-02 W=1.42e-02 I=3.71e-03 O=2.05e-05)
It: 4540, Loss: 3.372e-02  (f=1.55e-02 W=1.49e-02 I=3.27e-03 O=2.57e-05)
It: 4550, Loss: 3.101e-02  (f=1.29e-02 W=1.54e-02 I=2.67e-03 O=1.75e-05)
It: 4560, Loss: 2.792e-02  (f=1.02e-02 W=1.46e-02 I=3.11e-03 O=1.89e-05)
It: 4570, Loss: 2.746e-02  (f=9.98e-03 W=1.49e-02 I=2.57e-03 O=1.90e-05)
It: 4580, Loss: 3.223e-02  (f=1.46e-02 W=1.48e-02 I=2.74e-03 O=2.09e-05)
It: 4590, Loss: 2.868e-02  (f=1.13e-02 W=1.49e-02 I=2.37e-03 O=2.41e-05)
[1m-------------Baseline Loss---------------[0m
It: 4600, Loss: 3.897e-02  (f=2.00e-02 W=1.50e-02 I=3.93e-03 O=1.96e-05)
[1m-------------Baseline Loss---------------[0m
It: 4600, Loss: 3.147e-02  (f=1.25e-02 W=1.50e-02 I=3.93e-03 O=1.96e-05)
It: 4610, Loss: 2.886e-02  (f=1.06e-02 W=1.51e-02 I=3.13e-03 O=2.27e-05)
It: 4620, Loss: 2.897e-02  (f=1.09e-02 W=1.54e-02 I=2.65e-03 O=2.99e-05)
It: 4630, Loss: 2.828e-02  (f=1.03e-02 W=1.45e-02 I=3.46e-03 O=1.73e-05)
It: 4640, Loss: 2.856e-02  (f=1.08e-02 W=1.52e-02 I=2.57e-03 O=1.69e-05)
It: 4650, Loss: 2.720e-02  (f=9.70e-03 W=1.47e-02 I=2.76e-03 O=1.85e-05)
It: 4660, Loss: 2.957e-02  (f=1.22e-02 W=1.50e-02 I=2.38e-03 O=2.18e-05)
It: 4670, Loss: 2.975e-02  (f=1.22e-02 W=1.50e-02 I=2.58e-03 O=1.94e-05)
It: 4680, Loss: 2.968e-02  (f=1.18e-02 W=1.38e-02 I=3.99e-03 O=1.79e-05)
It: 4690, Loss: 2.723e-02  (f=9.58e-03 W=1.48e-02 I=2.88e-03 O=1.83e-05)
[1m-------------Baseline Loss---------------[0m
It: 4700, Loss: 3.595e-02  (f=1.83e-02 W=1.41e-02 I=3.58e-03 O=1.82e-05)
[1m-------------Baseline Loss---------------[0m
It: 4700, Loss: 2.857e-02  (f=1.09e-02 W=1.41e-02 I=3.58e-03 O=1.82e-05)
It: 4710, Loss: 2.887e-02  (f=1.14e-02 W=1.54e-02 I=2.05e-03 O=1.77e-05)
It: 4720, Loss: 2.838e-02  (f=1.10e-02 W=1.44e-02 I=3.01e-03 O=1.94e-05)
It: 4730, Loss: 2.978e-02  (f=1.26e-02 W=1.53e-02 I=1.84e-03 O=2.05e-05)
It: 4740, Loss: 2.884e-02  (f=1.14e-02 W=1.38e-02 I=3.63e-03 O=1.71e-05)
It: 4750, Loss: 2.816e-02  (f=1.08e-02 W=1.38e-02 I=3.48e-03 O=1.74e-05)
It: 4760, Loss: 2.767e-02  (f=1.05e-02 W=1.44e-02 I=2.81e-03 O=1.92e-05)
It: 4770, Loss: 3.346e-02  (f=1.59e-02 W=1.50e-02 I=2.51e-03 O=2.57e-05)
It: 4780, Loss: 3.805e-02  (f=1.92e-02 W=1.45e-02 I=4.37e-03 O=5.21e-05)
It: 4790, Loss: 3.092e-02  (f=1.30e-02 W=1.46e-02 I=3.37e-03 O=2.74e-05)
[1m-------------Baseline Loss---------------[0m
It: 4800, Loss: 3.701e-02  (f=1.93e-02 W=1.53e-02 I=2.40e-03 O=1.68e-05)
[1m-------------Baseline Loss---------------[0m
It: 4800, Loss: 2.946e-02  (f=1.17e-02 W=1.53e-02 I=2.40e-03 O=1.68e-05)
It: 4810, Loss: 2.843e-02  (f=1.08e-02 W=1.41e-02 I=3.57e-03 O=1.86e-05)
It: 4820, Loss: 2.766e-02  (f=1.04e-02 W=1.50e-02 I=2.19e-03 O=1.80e-05)
It: 4830, Loss: 3.029e-02  (f=1.29e-02 W=1.38e-02 I=3.51e-03 O=2.08e-05)
It: 4840, Loss: 2.711e-02  (f=1.01e-02 W=1.44e-02 I=2.50e-03 O=1.84e-05)
It: 4850, Loss: 3.140e-02  (f=1.44e-02 W=1.48e-02 I=2.19e-03 O=2.08e-05)
It: 4860, Loss: 3.200e-02  (f=1.44e-02 W=1.41e-02 I=3.45e-03 O=1.89e-05)
It: 4870, Loss: 2.904e-02  (f=1.17e-02 W=1.52e-02 I=2.13e-03 O=1.65e-05)
It: 4880, Loss: 2.798e-02  (f=1.05e-02 W=1.41e-02 I=3.30e-03 O=1.57e-05)
It: 4890, Loss: 2.809e-02  (f=1.07e-02 W=1.38e-02 I=3.54e-03 O=1.67e-05)
[1m-------------Baseline Loss---------------[0m
It: 4900, Loss: 3.407e-02  (f=1.70e-02 W=1.44e-02 I=2.61e-03 O=1.59e-05)
[1m-------------Baseline Loss---------------[0m
It: 4900, Loss: 2.711e-02  (f=1.00e-02 W=1.44e-02 I=2.61e-03 O=1.59e-05)
It: 4910, Loss: 2.750e-02  (f=1.05e-02 W=1.39e-02 I=3.11e-03 O=1.65e-05)
It: 4920, Loss: 2.905e-02  (f=1.23e-02 W=1.49e-02 I=1.88e-03 O=1.94e-05)
It: 4930, Loss: 2.829e-02  (f=1.14e-02 W=1.45e-02 I=2.39e-03 O=1.54e-05)
It: 4940, Loss: 2.984e-02  (f=1.26e-02 W=1.32e-02 I=4.06e-03 O=1.95e-05)
It: 4950, Loss: 4.470e-02  (f=2.58e-02 W=1.55e-02 I=3.37e-03 O=3.18e-05)
It: 4960, Loss: 3.139e-02  (f=1.35e-02 W=1.45e-02 I=3.39e-03 O=1.99e-05)
It: 4970, Loss: 2.726e-02  (f=9.79e-03 W=1.49e-02 I=2.58e-03 O=1.66e-05)
It: 4980, Loss: 2.730e-02  (f=9.86e-03 W=1.41e-02 I=3.28e-03 O=1.53e-05)
It: 4990, Loss: 2.796e-02  (f=1.10e-02 W=1.48e-02 I=2.16e-03 O=1.77e-05)
  [iter 5000] refining (adding high-residual pts) ...
  [adaptive] 30328 -> 34576  (+5210 added, -961 pruned, protected=5279, thr_accept=1.47e-01)
[1m-------------Baseline Loss---------------[0m
It: 5000, Loss: 3.684e-02  (f=1.99e-02 W=1.51e-02 I=1.86e-03 O=1.53e-05)
[1m-------------Baseline Loss---------------[0m
It: 5000, Loss: 2.927e-02  (f=1.23e-02 W=1.51e-02 I=1.86e-03 O=1.53e-05)
It: 5010, Loss: 2.702e-02  (f=1.02e-02 W=1.39e-02 I=2.88e-03 O=1.47e-05)
It: 5020, Loss: 2.879e-02  (f=1.18e-02 W=1.38e-02 I=3.25e-03 O=1.75e-05)
It: 5030, Loss: 3.537e-02  (f=1.77e-02 W=1.30e-02 I=4.71e-03 O=1.99e-05)
It: 5040, Loss: 3.665e-02  (f=1.92e-02 W=1.56e-02 I=1.83e-03 O=2.73e-05)
It: 5050, Loss: 2.917e-02  (f=1.20e-02 W=1.50e-02 I=2.15e-03 O=1.37e-05)
It: 5060, Loss: 2.732e-02  (f=1.02e-02 W=1.41e-02 I=2.92e-03 O=1.46e-05)
It: 5070, Loss: 2.712e-02  (f=1.03e-02 W=1.43e-02 I=2.49e-03 O=1.45e-05)
It: 5080, Loss: 2.694e-02  (f=1.02e-02 W=1.38e-02 I=2.96e-03 O=1.40e-05)
It: 5090, Loss: 3.015e-02  (f=1.30e-02 W=1.36e-02 I=3.50e-03 O=1.63e-05)
[1m-------------Baseline Loss---------------[0m
It: 5100, Loss: 3.663e-02  (f=1.94e-02 W=1.34e-02 I=3.88e-03 O=1.50e-05)
[1m-------------Baseline Loss---------------[0m
It: 5100, Loss: 2.886e-02  (f=1.16e-02 W=1.34e-02 I=3.88e-03 O=1.50e-05)
It: 5110, Loss: 2.858e-02  (f=1.19e-02 W=1.41e-02 I=2.52e-03 O=1.56e-05)
It: 5120, Loss: 3.048e-02  (f=1.36e-02 W=1.42e-02 I=2.69e-03 O=1.85e-05)
It: 5130, Loss: 2.818e-02  (f=1.14e-02 W=1.42e-02 I=2.59e-03 O=1.37e-05)
It: 5140, Loss: 2.693e-02  (f=1.01e-02 W=1.44e-02 I=2.35e-03 O=1.50e-05)
It: 5150, Loss: 2.731e-02  (f=1.04e-02 W=1.37e-02 I=3.19e-03 O=1.49e-05)
It: 5160, Loss: 2.686e-02  (f=1.03e-02 W=1.43e-02 I=2.22e-03 O=1.36e-05)
It: 5170, Loss: 2.737e-02  (f=1.07e-02 W=1.34e-02 I=3.18e-03 O=1.42e-05)
It: 5180, Loss: 3.819e-02  (f=2.07e-02 W=1.45e-02 I=2.96e-03 O=3.23e-05)
It: 5190, Loss: 2.935e-02  (f=1.24e-02 W=1.50e-02 I=1.89e-03 O=1.45e-05)
[1m-------------Baseline Loss---------------[0m
It: 5200, Loss: 3.868e-02  (f=2.13e-02 W=1.35e-02 I=3.86e-03 O=1.64e-05)
[1m-------------Baseline Loss---------------[0m
It: 5200, Loss: 3.021e-02  (f=1.28e-02 W=1.35e-02 I=3.86e-03 O=1.64e-05)
It: 5210, Loss: 2.728e-02  (f=1.04e-02 W=1.41e-02 I=2.79e-03 O=1.30e-05)
It: 5220, Loss: 2.954e-02  (f=1.29e-02 W=1.47e-02 I=1.92e-03 O=1.78e-05)
It: 5230, Loss: 2.713e-02  (f=1.03e-02 W=1.37e-02 I=3.14e-03 O=1.42e-05)
It: 5240, Loss: 2.818e-02  (f=1.17e-02 W=1.47e-02 I=1.76e-03 O=1.36e-05)
It: 5250, Loss: 3.075e-02  (f=1.35e-02 W=1.45e-02 I=2.75e-03 O=1.25e-05)
It: 5260, Loss: 3.026e-02  (f=1.33e-02 W=1.49e-02 I=1.98e-03 O=1.65e-05)
It: 5270, Loss: 2.732e-02  (f=1.03e-02 W=1.40e-02 I=2.97e-03 O=1.35e-05)
It: 5280, Loss: 2.705e-02  (f=1.04e-02 W=1.38e-02 I=2.89e-03 O=1.28e-05)
It: 5290, Loss: 2.747e-02  (f=1.08e-02 W=1.33e-02 I=3.37e-03 O=1.41e-05)
[1m-------------Baseline Loss---------------[0m
It: 5300, Loss: 3.418e-02  (f=1.78e-02 W=1.36e-02 I=2.82e-03 O=1.39e-05)
[1m-------------Baseline Loss---------------[0m
It: 5300, Loss: 2.670e-02  (f=1.03e-02 W=1.36e-02 I=2.82e-03 O=1.39e-05)
It: 5310, Loss: 2.701e-02  (f=1.08e-02 W=1.39e-02 I=2.28e-03 O=1.42e-05)
It: 5320, Loss: 3.043e-02  (f=1.38e-02 W=1.36e-02 I=3.00e-03 O=1.49e-05)
It: 5330, Loss: 2.867e-02  (f=1.23e-02 W=1.41e-02 I=2.29e-03 O=1.23e-05)
It: 5340, Loss: 3.033e-02  (f=1.39e-02 W=1.48e-02 I=1.55e-03 O=2.37e-05)
It: 5350, Loss: 2.735e-02  (f=1.09e-02 W=1.37e-02 I=2.78e-03 O=1.24e-05)
It: 5360, Loss: 2.667e-02  (f=1.04e-02 W=1.39e-02 I=2.37e-03 O=1.20e-05)
It: 5370, Loss: 3.410e-02  (f=1.75e-02 W=1.52e-02 I=1.35e-03 O=2.63e-05)
It: 5380, Loss: 3.396e-02  (f=1.65e-02 W=1.24e-02 I=5.05e-03 O=4.67e-05)
It: 5390, Loss: 2.840e-02  (f=1.20e-02 W=1.41e-02 I=2.26e-03 O=2.21e-05)
[1m-------------Baseline Loss---------------[0m
It: 5400, Loss: 3.681e-02  (f=2.02e-02 W=1.34e-02 I=3.25e-03 O=1.51e-05)
[1m-------------Baseline Loss---------------[0m
It: 5400, Loss: 2.887e-02  (f=1.22e-02 W=1.34e-02 I=3.25e-03 O=1.51e-05)
It: 5410, Loss: 2.725e-02  (f=1.08e-02 W=1.38e-02 I=2.64e-03 O=1.23e-05)
It: 5420, Loss: 2.868e-02  (f=1.23e-02 W=1.38e-02 I=2.55e-03 O=1.35e-05)
It: 5430, Loss: 2.659e-02  (f=1.05e-02 W=1.40e-02 I=2.04e-03 O=1.25e-05)
It: 5440, Loss: 2.651e-02  (f=1.05e-02 W=1.38e-02 I=2.12e-03 O=1.28e-05)
It: 5450, Loss: 3.147e-02  (f=1.52e-02 W=1.45e-02 I=1.74e-03 O=1.13e-05)
It: 5460, Loss: 3.071e-02  (f=1.34e-02 W=1.34e-02 I=3.86e-03 O=9.91e-06)
It: 5470, Loss: 2.708e-02  (f=1.05e-02 W=1.38e-02 I=2.77e-03 O=1.20e-05)
It: 5480, Loss: 2.871e-02  (f=1.21e-02 W=1.42e-02 I=2.39e-03 O=1.22e-05)
It: 5490, Loss: 2.964e-02  (f=1.28e-02 W=1.39e-02 I=2.90e-03 O=1.20e-05)
[1m-------------Baseline Loss---------------[0m
It: 5500, Loss: 3.391e-02  (f=1.76e-02 W=1.38e-02 I=2.51e-03 O=1.26e-05)
[1m-------------Baseline Loss---------------[0m
It: 5500, Loss: 2.651e-02  (f=1.02e-02 W=1.38e-02 I=2.51e-03 O=1.26e-05)
It: 5510, Loss: 2.726e-02  (f=1.11e-02 W=1.39e-02 I=2.26e-03 O=1.39e-05)
It: 5520, Loss: 2.788e-02  (f=1.13e-02 W=1.38e-02 I=2.76e-03 O=1.17e-05)
It: 5530, Loss: 2.675e-02  (f=1.06e-02 W=1.41e-02 I=2.00e-03 O=1.09e-05)
It: 5540, Loss: 2.776e-02  (f=1.17e-02 W=1.40e-02 I=2.06e-03 O=1.95e-05)
It: 5550, Loss: 3.267e-02  (f=1.61e-02 W=1.44e-02 I=2.16e-03 O=9.94e-06)
It: 5560, Loss: 3.065e-02  (f=1.37e-02 W=1.28e-02 I=4.15e-03 O=1.06e-05)
It: 5570, Loss: 2.693e-02  (f=1.08e-02 W=1.38e-02 I=2.35e-03 O=1.14e-05)
It: 5580, Loss: 2.676e-02  (f=1.08e-02 W=1.39e-02 I=2.00e-03 O=1.10e-05)
It: 5590, Loss: 3.383e-02  (f=1.75e-02 W=1.49e-02 I=1.40e-03 O=2.66e-05)
[1m-------------Baseline Loss---------------[0m
It: 5600, Loss: 3.530e-02  (f=1.91e-02 W=1.28e-02 I=3.42e-03 O=1.45e-05)
[1m-------------Baseline Loss---------------[0m
It: 5600, Loss: 2.729e-02  (f=1.11e-02 W=1.28e-02 I=3.42e-03 O=1.45e-05)
It: 5610, Loss: 2.764e-02  (f=1.16e-02 W=1.34e-02 I=2.66e-03 O=1.26e-05)
It: 5620, Loss: 2.922e-02  (f=1.28e-02 W=1.38e-02 I=2.62e-03 O=1.37e-05)
It: 5630, Loss: 2.895e-02  (f=1.28e-02 W=1.40e-02 I=2.09e-03 O=9.68e-06)
It: 5640, Loss: 2.740e-02  (f=1.12e-02 W=1.34e-02 I=2.78e-03 O=1.04e-05)
It: 5650, Loss: 2.768e-02  (f=1.17e-02 W=1.40e-02 I=1.99e-03 O=1.01e-05)
It: 5660, Loss: 2.819e-02  (f=1.20e-02 W=1.36e-02 I=2.61e-03 O=1.07e-05)
It: 5670, Loss: 2.962e-02  (f=1.33e-02 W=1.33e-02 I=3.01e-03 O=1.41e-05)
It: 5680, Loss: 2.642e-02  (f=1.05e-02 W=1.36e-02 I=2.35e-03 O=1.08e-05)
It: 5690, Loss: 2.774e-02  (f=1.16e-02 W=1.36e-02 I=2.53e-03 O=1.30e-05)
[1m-------------Baseline Loss---------------[0m
It: 5700, Loss: 3.576e-02  (f=1.97e-02 W=1.36e-02 I=2.43e-03 O=9.10e-06)
[1m-------------Baseline Loss---------------[0m
It: 5700, Loss: 2.766e-02  (f=1.16e-02 W=1.36e-02 I=2.43e-03 O=9.10e-06)
It: 5710, Loss: 3.081e-02  (f=1.42e-02 W=1.30e-02 I=3.55e-03 O=1.46e-05)
It: 5720, Loss: 2.692e-02  (f=1.09e-02 W=1.35e-02 I=2.46e-03 O=1.04e-05)
It: 5730, Loss: 2.747e-02  (f=1.16e-02 W=1.38e-02 I=1.99e-03 O=1.13e-05)
It: 5740, Loss: 3.069e-02  (f=1.48e-02 W=1.45e-02 I=1.39e-03 O=1.64e-05)
It: 5750, Loss: 2.628e-02  (f=1.05e-02 W=1.33e-02 I=2.42e-03 O=1.03e-05)
It: 5760, Loss: 3.057e-02  (f=1.42e-02 W=1.29e-02 I=3.43e-03 O=1.21e-05)
It: 5770, Loss: 2.742e-02  (f=1.17e-02 W=1.35e-02 I=2.23e-03 O=9.32e-06)
It: 5780, Loss: 3.259e-02  (f=1.58e-02 W=1.20e-02 I=4.76e-03 O=1.81e-05)
It: 5790, Loss: 2.894e-02  (f=1.30e-02 W=1.37e-02 I=2.18e-03 O=8.88e-06)
[1m-------------Baseline Loss---------------[0m
It: 5800, Loss: 3.472e-02  (f=1.84e-02 W=1.35e-02 I=2.78e-03 O=8.43e-06)
[1m-------------Baseline Loss---------------[0m
It: 5800, Loss: 2.696e-02  (f=1.07e-02 W=1.35e-02 I=2.78e-03 O=8.43e-06)
It: 5810, Loss: 2.737e-02  (f=1.12e-02 W=1.38e-02 I=2.37e-03 O=8.18e-06)
It: 5820, Loss: 2.620e-02  (f=1.03e-02 W=1.36e-02 I=2.27e-03 O=9.19e-06)
It: 5830, Loss: 2.682e-02  (f=1.10e-02 W=1.31e-02 I=2.72e-03 O=9.11e-06)
It: 5840, Loss: 2.616e-02  (f=1.06e-02 W=1.34e-02 I=2.13e-03 O=9.20e-06)
It: 5850, Loss: 2.779e-02  (f=1.20e-02 W=1.29e-02 I=2.87e-03 O=8.07e-06)
It: 5860, Loss: 2.771e-02  (f=1.22e-02 W=1.34e-02 I=2.13e-03 O=8.59e-06)
It: 5870, Loss: 2.953e-02  (f=1.29e-02 W=1.34e-02 I=3.22e-03 O=8.69e-06)
It: 5880, Loss: 3.074e-02  (f=1.43e-02 W=1.36e-02 I=2.79e-03 O=1.20e-05)
It: 5890, Loss: 2.709e-02  (f=1.09e-02 W=1.38e-02 I=2.43e-03 O=8.90e-06)
[1m-------------Baseline Loss---------------[0m
It: 5900, Loss: 3.366e-02  (f=1.78e-02 W=1.37e-02 I=2.21e-03 O=1.04e-05)
[1m-------------Baseline Loss---------------[0m
It: 5900, Loss: 2.615e-02  (f=1.03e-02 W=1.37e-02 I=2.21e-03 O=1.04e-05)
It: 5910, Loss: 2.645e-02  (f=1.07e-02 W=1.32e-02 I=2.61e-03 O=8.25e-06)
It: 5920, Loss: 2.653e-02  (f=1.10e-02 W=1.35e-02 I=2.02e-03 O=7.93e-06)
It: 5930, Loss: 3.043e-02  (f=1.48e-02 W=1.39e-02 I=1.74e-03 O=1.41e-05)
It: 5940, Loss: 3.447e-02  (f=1.83e-02 W=1.41e-02 I=2.13e-03 O=2.21e-05)
It: 5950, Loss: 3.085e-02  (f=1.51e-02 W=1.41e-02 I=1.63e-03 O=2.47e-05)
It: 5960, Loss: 2.642e-02  (f=1.07e-02 W=1.35e-02 I=2.24e-03 O=7.82e-06)
It: 5970, Loss: 2.596e-02  (f=1.04e-02 W=1.32e-02 I=2.35e-03 O=7.82e-06)
It: 5980, Loss: 2.677e-02  (f=1.12e-02 W=1.29e-02 I=2.70e-03 O=7.30e-06)
It: 5990, Loss: 2.921e-02  (f=1.34e-02 W=1.28e-02 I=3.00e-03 O=7.14e-06)
  [iter 6000] refining (adding high-residual pts) ...
  [adaptive] 34576 -> 37737  (+4022 added, -859 pruned, protected=5279, thr_accept=1.35e-01)
[1m-------------Baseline Loss---------------[0m
It: 6000, Loss: 3.382e-02  (f=1.83e-02 W=1.33e-02 I=2.19e-03 O=7.30e-06)
[1m-------------Baseline Loss---------------[0m
It: 6000, Loss: 2.596e-02  (f=1.05e-02 W=1.33e-02 I=2.19e-03 O=7.30e-06)
It: 6010, Loss: 2.803e-02  (f=1.25e-02 W=1.37e-02 I=1.80e-03 O=7.99e-06)
It: 6020, Loss: 2.607e-02  (f=1.07e-02 W=1.32e-02 I=2.16e-03 O=8.11e-06)
It: 6030, Loss: 2.659e-02  (f=1.11e-02 W=1.28e-02 I=2.70e-03 O=6.94e-06)
It: 6040, Loss: 2.629e-02  (f=1.09e-02 W=1.29e-02 I=2.40e-03 O=7.80e-06)
It: 6050, Loss: 2.653e-02  (f=1.12e-02 W=1.30e-02 I=2.32e-03 O=1.19e-05)
It: 6060, Loss: 3.338e-02  (f=1.77e-02 W=1.32e-02 I=2.48e-03 O=1.73e-05)
It: 6070, Loss: 3.025e-02  (f=1.46e-02 W=1.31e-02 I=2.59e-03 O=8.67e-06)
It: 6080, Loss: 2.995e-02  (f=1.43e-02 W=1.42e-02 I=1.34e-03 O=1.47e-05)
It: 6090, Loss: 2.779e-02  (f=1.18e-02 W=1.26e-02 I=3.44e-03 O=1.69e-05)
[1m-------------Baseline Loss---------------[0m
It: 6100, Loss: 3.466e-02  (f=1.91e-02 W=1.36e-02 I=1.93e-03 O=9.72e-06)
[1m-------------Baseline Loss---------------[0m
It: 6100, Loss: 2.679e-02  (f=1.13e-02 W=1.36e-02 I=1.93e-03 O=9.72e-06)
It: 6110, Loss: 2.591e-02  (f=1.04e-02 W=1.29e-02 I=2.53e-03 O=6.56e-06)
It: 6120, Loss: 2.589e-02  (f=1.06e-02 W=1.29e-02 I=2.38e-03 O=6.82e-06)
It: 6130, Loss: 2.650e-02  (f=1.12e-02 W=1.25e-02 I=2.80e-03 O=6.16e-06)
It: 6140, Loss: 3.810e-02  (f=2.15e-02 W=1.25e-02 I=4.05e-03 O=1.81e-05)
It: 6150, Loss: 2.993e-02  (f=1.40e-02 W=1.35e-02 I=2.47e-03 O=1.32e-05)
It: 6160, Loss: 2.635e-02  (f=1.08e-02 W=1.37e-02 I=1.87e-03 O=7.00e-06)
It: 6170, Loss: 2.638e-02  (f=1.09e-02 W=1.29e-02 I=2.59e-03 O=6.24e-06)
It: 6180, Loss: 2.561e-02  (f=1.04e-02 W=1.30e-02 I=2.19e-03 O=6.95e-06)
It: 6190, Loss: 2.904e-02  (f=1.38e-02 W=1.40e-02 I=1.18e-03 O=1.13e-05)
[1m-------------Baseline Loss---------------[0m
It: 6200, Loss: 3.550e-02  (f=2.05e-02 W=1.33e-02 I=1.70e-03 O=7.59e-06)
[1m-------------Baseline Loss---------------[0m
It: 6200, Loss: 2.727e-02  (f=1.22e-02 W=1.33e-02 I=1.70e-03 O=7.59e-06)
It: 6210, Loss: 2.851e-02  (f=1.29e-02 W=1.23e-02 I=3.29e-03 O=7.67e-06)
It: 6220, Loss: 2.734e-02  (f=1.19e-02 W=1.37e-02 I=1.69e-03 O=9.11e-06)
It: 6230, Loss: 2.787e-02  (f=1.21e-02 W=1.24e-02 I=3.29e-03 O=1.21e-05)
It: 6240, Loss: 2.638e-02  (f=1.09e-02 W=1.28e-02 I=2.63e-03 O=5.91e-06)
It: 6250, Loss: 2.720e-02  (f=1.21e-02 W=1.35e-02 I=1.59e-03 O=1.20e-05)
It: 6260, Loss: 2.885e-02  (f=1.34e-02 W=1.28e-02 I=2.65e-03 O=8.77e-06)
It: 6270, Loss: 2.590e-02  (f=1.05e-02 W=1.31e-02 I=2.27e-03 O=7.60e-06)
It: 6280, Loss: 2.629e-02  (f=1.07e-02 W=1.31e-02 I=2.47e-03 O=5.62e-06)
It: 6290, Loss: 2.823e-02  (f=1.29e-02 W=1.35e-02 I=1.81e-03 O=5.89e-06)
[1m-------------Baseline Loss---------------[0m
It: 6300, Loss: 3.858e-02  (f=2.28e-02 W=1.23e-02 I=3.49e-03 O=5.93e-06)
[1m-------------Baseline Loss---------------[0m
It: 6300, Loss: 2.919e-02  (f=1.34e-02 W=1.23e-02 I=3.49e-03 O=5.93e-06)
It: 6310, Loss: 2.624e-02  (f=1.10e-02 W=1.33e-02 I=1.89e-03 O=7.68e-06)
It: 6320, Loss: 2.936e-02  (f=1.38e-02 W=1.22e-02 I=3.34e-03 O=6.40e-06)
It: 6330, Loss: 2.709e-02  (f=1.19e-02 W=1.32e-02 I=1.99e-03 O=5.28e-06)
It: 6340, Loss: 2.744e-02  (f=1.21e-02 W=1.27e-02 I=2.67e-03 O=8.23e-06)
It: 6350, Loss: 2.672e-02  (f=1.16e-02 W=1.30e-02 I=2.14e-03 O=5.18e-06)
It: 6360, Loss: 2.784e-02  (f=1.24e-02 W=1.27e-02 I=2.70e-03 O=9.36e-06)
It: 6370, Loss: 2.728e-02  (f=1.21e-02 W=1.26e-02 I=2.55e-03 O=6.84e-06)
It: 6380, Loss: 2.707e-02  (f=1.15e-02 W=1.23e-02 I=3.24e-03 O=7.98e-06)
It: 6390, Loss: 3.109e-02  (f=1.59e-02 W=1.37e-02 I=1.46e-03 O=2.59e-05)
[1m-------------Baseline Loss---------------[0m
It: 6400, Loss: 3.651e-02  (f=2.12e-02 W=1.25e-02 I=2.83e-03 O=5.08e-06)
[1m-------------Baseline Loss---------------[0m
It: 6400, Loss: 2.794e-02  (f=1.26e-02 W=1.25e-02 I=2.83e-03 O=5.08e-06)
It: 6410, Loss: 2.752e-02  (f=1.24e-02 W=1.31e-02 I=2.01e-03 O=6.22e-06)
It: 6420, Loss: 2.610e-02  (f=1.09e-02 W=1.25e-02 I=2.67e-03 O=4.99e-06)
It: 6430, Loss: 2.677e-02  (f=1.17e-02 W=1.26e-02 I=2.47e-03 O=4.35e-06)
It: 6440, Loss: 2.631e-02  (f=1.14e-02 W=1.24e-02 I=2.52e-03 O=6.48e-06)
It: 6450, Loss: 2.946e-02  (f=1.42e-02 W=1.24e-02 I=2.90e-03 O=6.70e-06)
It: 6460, Loss: 2.589e-02  (f=1.09e-02 W=1.30e-02 I=1.97e-03 O=7.18e-06)
It: 6470, Loss: 2.626e-02  (f=1.14e-02 W=1.32e-02 I=1.69e-03 O=6.47e-06)
It: 6480, Loss: 3.492e-02  (f=1.88e-02 W=1.42e-02 I=1.91e-03 O=5.41e-06)
It: 6490, Loss: 3.061e-02  (f=1.46e-02 W=1.29e-02 I=3.11e-03 O=7.91e-06)
[1m-------------Baseline Loss---------------[0m
It: 6500, Loss: 3.530e-02  (f=1.98e-02 W=1.32e-02 I=2.23e-03 O=4.70e-06)
[1m-------------Baseline Loss---------------[0m
It: 6500, Loss: 2.682e-02  (f=1.13e-02 W=1.32e-02 I=2.23e-03 O=4.70e-06)
It: 6510, Loss: 2.570e-02  (f=1.05e-02 W=1.31e-02 I=2.10e-03 O=5.85e-06)
It: 6520, Loss: 2.587e-02  (f=1.09e-02 W=1.28e-02 I=2.24e-03 O=5.47e-06)
It: 6530, Loss: 2.548e-02  (f=1.07e-02 W=1.27e-02 I=2.08e-03 O=5.67e-06)
It: 6540, Loss: 3.450e-02  (f=1.95e-02 W=1.41e-02 I=9.35e-04 O=3.84e-05)
It: 6550, Loss: 3.044e-02  (f=1.47e-02 W=1.16e-02 I=4.11e-03 O=9.44e-06)
It: 6560, Loss: 2.580e-02  (f=1.09e-02 W=1.26e-02 I=2.27e-03 O=5.40e-06)
It: 6570, Loss: 2.727e-02  (f=1.23e-02 W=1.26e-02 I=2.39e-03 O=4.63e-06)
It: 6580, Loss: 2.540e-02  (f=1.03e-02 W=1.27e-02 I=2.49e-03 O=3.99e-06)
It: 6590, Loss: 2.598e-02  (f=1.10e-02 W=1.28e-02 I=2.20e-03 O=4.58e-06)
[1m-------------Baseline Loss---------------[0m
It: 6600, Loss: 3.440e-02  (f=1.95e-02 W=1.27e-02 I=2.19e-03 O=3.72e-06)
[1m-------------Baseline Loss---------------[0m
It: 6600, Loss: 2.608e-02  (f=1.12e-02 W=1.27e-02 I=2.19e-03 O=3.72e-06)
It: 6610, Loss: 2.864e-02  (f=1.35e-02 W=1.28e-02 I=2.26e-03 O=7.72e-06)
It: 6620, Loss: 2.571e-02  (f=1.09e-02 W=1.24e-02 I=2.39e-03 O=5.99e-06)
It: 6630, Loss: 3.399e-02  (f=1.85e-02 W=1.36e-02 I=1.82e-03 O=9.99e-06)
It: 6640, Loss: 2.835e-02  (f=1.29e-02 W=1.20e-02 I=3.46e-03 O=6.87e-06)
It: 6650, Loss: 2.829e-02  (f=1.34e-02 W=1.30e-02 I=1.91e-03 O=2.11e-05)
It: 6660, Loss: 2.601e-02  (f=1.10e-02 W=1.24e-02 I=2.59e-03 O=4.49e-06)
It: 6670, Loss: 2.703e-02  (f=1.23e-02 W=1.32e-02 I=1.55e-03 O=6.84e-06)
It: 6680, Loss: 2.562e-02  (f=1.09e-02 W=1.27e-02 I=1.99e-03 O=4.44e-06)
It: 6690, Loss: 2.626e-02  (f=1.16e-02 W=1.22e-02 I=2.46e-03 O=9.15e-06)
[1m-------------Baseline Loss---------------[0m
It: 6700, Loss: 3.763e-02  (f=2.27e-02 W=1.18e-02 I=3.15e-03 O=1.11e-05)
[1m-------------Baseline Loss---------------[0m
It: 6700, Loss: 2.816e-02  (f=1.32e-02 W=1.18e-02 I=3.15e-03 O=1.11e-05)
It: 6710, Loss: 2.556e-02  (f=1.10e-02 W=1.26e-02 I=1.89e-03 O=3.49e-06)
It: 6720, Loss: 2.737e-02  (f=1.29e-02 W=1.30e-02 I=1.49e-03 O=3.86e-06)
It: 6730, Loss: 2.606e-02  (f=1.14e-02 W=1.25e-02 I=2.15e-03 O=3.65e-06)
It: 6740, Loss: 2.535e-02  (f=1.08e-02 W=1.26e-02 I=1.91e-03 O=5.24e-06)
It: 6750, Loss: 2.884e-02  (f=1.42e-02 W=1.31e-02 I=1.54e-03 O=3.44e-06)
It: 6760, Loss: 2.789e-02  (f=1.25e-02 W=1.19e-02 I=3.50e-03 O=5.00e-06)
It: 6770, Loss: 2.683e-02  (f=1.19e-02 W=1.29e-02 I=1.93e-03 O=1.19e-05)
It: 6780, Loss: 2.560e-02  (f=1.09e-02 W=1.25e-02 I=2.24e-03 O=3.31e-06)
It: 6790, Loss: 2.570e-02  (f=1.11e-02 W=1.22e-02 I=2.36e-03 O=5.60e-06)
[1m-------------Baseline Loss---------------[0m
It: 6800, Loss: 3.978e-02  (f=2.46e-02 W=1.18e-02 I=3.37e-03 O=8.49e-06)
[1m-------------Baseline Loss---------------[0m
It: 6800, Loss: 3.019e-02  (f=1.50e-02 W=1.18e-02 I=3.37e-03 O=8.49e-06)
It: 6810, Loss: 2.774e-02  (f=1.32e-02 W=1.28e-02 I=1.76e-03 O=1.05e-05)
It: 6820, Loss: 2.722e-02  (f=1.22e-02 W=1.19e-02 I=3.12e-03 O=3.60e-06)
It: 6830, Loss: 2.540e-02  (f=1.08e-02 W=1.25e-02 I=2.10e-03 O=4.37e-06)
It: 6840, Loss: 2.639e-02  (f=1.18e-02 W=1.21e-02 I=2.46e-03 O=4.19e-06)
It: 6850, Loss: 2.642e-02  (f=1.17e-02 W=1.19e-02 I=2.83e-03 O=4.91e-06)
It: 6860, Loss: 2.980e-02  (f=1.49e-02 W=1.18e-02 I=3.06e-03 O=1.88e-05)
It: 6870, Loss: 2.578e-02  (f=1.13e-02 W=1.27e-02 I=1.79e-03 O=4.88e-06)
It: 6880, Loss: 2.767e-02  (f=1.31e-02 W=1.25e-02 I=2.09e-03 O=4.02e-06)
It: 6890, Loss: 2.571e-02  (f=1.12e-02 W=1.27e-02 I=1.84e-03 O=4.04e-06)
[1m-------------Baseline Loss---------------[0m
It: 6900, Loss: 3.737e-02  (f=2.24e-02 W=1.19e-02 I=3.11e-03 O=6.35e-06)
[1m-------------Baseline Loss---------------[0m
It: 6900, Loss: 2.777e-02  (f=1.28e-02 W=1.19e-02 I=3.11e-03 O=6.35e-06)
It: 6910, Loss: 2.846e-02  (f=1.38e-02 W=1.22e-02 I=2.45e-03 O=5.09e-06)
It: 6920, Loss: 2.545e-02  (f=1.10e-02 W=1.23e-02 I=2.14e-03 O=2.71e-06)
It: 6930, Loss: 2.707e-02  (f=1.26e-02 W=1.17e-02 I=2.72e-03 O=7.98e-06)
It: 6940, Loss: 2.848e-02  (f=1.34e-02 W=1.30e-02 I=2.04e-03 O=5.14e-06)
It: 6950, Loss: 2.774e-02  (f=1.27e-02 W=1.19e-02 I=3.09e-03 O=7.56e-06)
It: 6960, Loss: 2.536e-02  (f=1.08e-02 W=1.26e-02 I=2.01e-03 O=3.03e-06)
It: 6970, Loss: 2.516e-02  (f=1.07e-02 W=1.23e-02 I=2.18e-03 O=3.73e-06)
It: 6980, Loss: 2.688e-02  (f=1.23e-02 W=1.19e-02 I=2.67e-03 O=3.44e-06)
It: 6990, Loss: 2.632e-02  (f=1.19e-02 W=1.18e-02 I=2.68e-03 O=1.28e-05)
  [iter 7000] refining (adding high-residual pts) ...
  [adaptive] 37737 -> 40017  (+3059 added, -773 pruned, protected=5279, thr_accept=1.51e-01)
[1m-------------Baseline Loss---------------[0m
It: 7000, Loss: 3.538e-02  (f=2.10e-02 W=1.23e-02 I=2.07e-03 O=3.22e-06)
[1m-------------Baseline Loss---------------[0m
It: 7000, Loss: 2.620e-02  (f=1.18e-02 W=1.23e-02 I=2.07e-03 O=3.22e-06)
It: 7010, Loss: 2.719e-02  (f=1.29e-02 W=1.28e-02 I=1.43e-03 O=1.04e-05)
It: 7020, Loss: 2.871e-02  (f=1.43e-02 W=1.28e-02 I=1.56e-03 O=2.97e-06)
It: 7030, Loss: 2.825e-02  (f=1.36e-02 W=1.17e-02 I=2.90e-03 O=3.51e-06)
It: 7040, Loss: 3.024e-02  (f=1.54e-02 W=1.14e-02 I=3.36e-03 O=1.77e-05)
It: 7050, Loss: 2.882e-02  (f=1.42e-02 W=1.24e-02 I=2.28e-03 O=3.16e-06)
It: 7060, Loss: 2.582e-02  (f=1.13e-02 W=1.20e-02 I=2.45e-03 O=2.87e-06)
It: 7070, Loss: 2.538e-02  (f=1.12e-02 W=1.23e-02 I=1.87e-03 O=2.39e-06)
It: 7080, Loss: 2.578e-02  (f=1.17e-02 W=1.23e-02 I=1.79e-03 O=4.42e-06)
It: 7090, Loss: 2.788e-02  (f=1.35e-02 W=1.20e-02 I=2.32e-03 O=3.70e-06)
[1m-------------Baseline Loss---------------[0m
It: 7100, Loss: 4.131e-02  (f=2.58e-02 W=1.14e-02 I=4.13e-03 O=7.32e-06)
[1m-------------Baseline Loss---------------[0m
It: 7100, Loss: 3.075e-02  (f=1.53e-02 W=1.14e-02 I=4.13e-03 O=7.32e-06)
It: 7110, Loss: 2.805e-02  (f=1.33e-02 W=1.29e-02 I=1.87e-03 O=1.21e-05)
It: 7120, Loss: 2.503e-02  (f=1.05e-02 W=1.22e-02 I=2.36e-03 O=2.81e-06)
It: 7130, Loss: 2.522e-02  (f=1.08e-02 W=1.20e-02 I=2.44e-03 O=3.90e-06)
It: 7140, Loss: 2.752e-02  (f=1.33e-02 W=1.24e-02 I=1.89e-03 O=2.10e-06)
It: 7150, Loss: 2.886e-02  (f=1.44e-02 W=1.26e-02 I=1.89e-03 O=7.01e-06)
It: 7160, Loss: 2.667e-02  (f=1.22e-02 W=1.17e-02 I=2.75e-03 O=2.43e-06)
It: 7170, Loss: 2.638e-02  (f=1.15e-02 W=1.16e-02 I=3.21e-03 O=6.31e-06)
It: 7180, Loss: 2.655e-02  (f=1.21e-02 W=1.27e-02 I=1.69e-03 O=2.46e-06)
It: 7190, Loss: 2.628e-02  (f=1.18e-02 W=1.22e-02 I=2.28e-03 O=6.65e-06)
[1m-------------Baseline Loss---------------[0m
It: 7200, Loss: 3.682e-02  (f=2.23e-02 W=1.17e-02 I=2.79e-03 O=1.18e-05)
[1m-------------Baseline Loss---------------[0m
It: 7200, Loss: 2.688e-02  (f=1.24e-02 W=1.17e-02 I=2.79e-03 O=1.18e-05)
It: 7210, Loss: 2.560e-02  (f=1.14e-02 W=1.18e-02 I=2.41e-03 O=6.70e-06)
It: 7220, Loss: 2.588e-02  (f=1.16e-02 W=1.20e-02 I=2.35e-03 O=2.87e-06)
It: 7230, Loss: 2.998e-02  (f=1.53e-02 W=1.12e-02 I=3.49e-03 O=6.63e-06)
It: 7240, Loss: 2.576e-02  (f=1.18e-02 W=1.21e-02 I=1.90e-03 O=3.62e-06)
It: 7250, Loss: 2.527e-02  (f=1.13e-02 W=1.21e-02 I=1.80e-03 O=3.32e-06)
It: 7260, Loss: 2.628e-02  (f=1.24e-02 W=1.24e-02 I=1.43e-03 O=3.18e-06)
It: 7270, Loss: 2.835e-02  (f=1.39e-02 W=1.16e-02 I=2.83e-03 O=8.60e-06)
It: 7280, Loss: 2.636e-02  (f=1.22e-02 W=1.22e-02 I=1.95e-03 O=2.87e-06)
It: 7290, Loss: 2.887e-02  (f=1.45e-02 W=1.17e-02 I=2.67e-03 O=5.73e-06)
[1m-------------Baseline Loss---------------[0m
It: 7300, Loss: 3.505e-02  (f=2.10e-02 W=1.18e-02 I=2.17e-03 O=2.35e-06)
[1m-------------Baseline Loss---------------[0m
It: 7300, Loss: 2.558e-02  (f=1.16e-02 W=1.18e-02 I=2.17e-03 O=2.35e-06)
It: 7310, Loss: 2.559e-02  (f=1.15e-02 W=1.16e-02 I=2.43e-03 O=3.99e-06)
It: 7320, Loss: 2.709e-02  (f=1.29e-02 W=1.21e-02 I=2.08e-03 O=2.64e-06)
It: 7330, Loss: 2.627e-02  (f=1.23e-02 W=1.21e-02 I=1.86e-03 O=1.09e-05)
It: 7340, Loss: 2.768e-02  (f=1.38e-02 W=1.27e-02 I=1.17e-03 O=1.47e-05)
It: 7350, Loss: 2.861e-02  (f=1.45e-02 W=1.24e-02 I=1.70e-03 O=1.36e-05)
It: 7360, Loss: 2.612e-02  (f=1.21e-02 W=1.17e-02 I=2.34e-03 O=8.37e-06)
It: 7370, Loss: 2.559e-02  (f=1.16e-02 W=1.18e-02 I=2.21e-03 O=2.75e-06)
It: 7380, Loss: 2.523e-02  (f=1.13e-02 W=1.19e-02 I=2.00e-03 O=2.70e-06)
It: 7390, Loss: 3.589e-02  (f=2.08e-02 W=1.15e-02 I=3.60e-03 O=4.47e-06)
[1m-------------Baseline Loss---------------[0m
It: 7400, Loss: 3.719e-02  (f=2.26e-02 W=1.22e-02 I=2.46e-03 O=2.08e-06)
[1m-------------Baseline Loss---------------[0m
It: 7400, Loss: 2.749e-02  (f=1.29e-02 W=1.22e-02 I=2.46e-03 O=2.08e-06)
It: 7410, Loss: 2.612e-02  (f=1.17e-02 W=1.26e-02 I=1.78e-03 O=2.80e-06)
It: 7420, Loss: 2.583e-02  (f=1.16e-02 W=1.22e-02 I=2.03e-03 O=4.06e-06)
It: 7430, Loss: 2.568e-02  (f=1.16e-02 W=1.19e-02 I=2.14e-03 O=1.71e-06)
It: 7440, Loss: 2.599e-02  (f=1.18e-02 W=1.16e-02 I=2.57e-03 O=2.25e-06)
It: 7450, Loss: 2.479e-02  (f=1.10e-02 W=1.18e-02 I=1.99e-03 O=2.88e-06)
It: 7460, Loss: 3.187e-02  (f=1.78e-02 W=1.19e-02 I=2.15e-03 O=6.75e-06)
It: 7470, Loss: 2.852e-02  (f=1.45e-02 W=1.29e-02 I=1.14e-03 O=5.95e-06)
It: 7480, Loss: 2.634e-02  (f=1.21e-02 W=1.19e-02 I=2.31e-03 O=2.99e-06)
It: 7490, Loss: 2.502e-02  (f=1.10e-02 W=1.20e-02 I=2.05e-03 O=2.96e-06)
[1m-------------Baseline Loss---------------[0m
It: 7500, Loss: 3.445e-02  (f=2.03e-02 W=1.15e-02 I=2.66e-03 O=1.93e-06)
[1m-------------Baseline Loss---------------[0m
It: 7500, Loss: 2.525e-02  (f=1.11e-02 W=1.15e-02 I=2.66e-03 O=1.93e-06)
It: 7510, Loss: 2.540e-02  (f=1.16e-02 W=1.19e-02 I=1.86e-03 O=3.42e-06)
It: 7520, Loss: 2.688e-02  (f=1.31e-02 W=1.22e-02 I=1.55e-03 O=3.75e-06)
It: 7530, Loss: 2.700e-02  (f=1.31e-02 W=1.24e-02 I=1.46e-03 O=1.35e-05)
It: 7540, Loss: 2.759e-02  (f=1.34e-02 W=1.24e-02 I=1.81e-03 O=6.69e-06)
It: 7550, Loss: 2.657e-02  (f=1.21e-02 W=1.15e-02 I=2.89e-03 O=6.28e-06)
It: 7560, Loss: 2.483e-02  (f=1.08e-02 W=1.19e-02 I=2.13e-03 O=1.75e-06)
It: 7570, Loss: 2.521e-02  (f=1.13e-02 W=1.19e-02 I=2.02e-03 O=1.75e-06)
It: 7580, Loss: 2.446e-02  (f=1.08e-02 W=1.18e-02 I=1.88e-03 O=1.68e-06)
It: 7590, Loss: 2.461e-02  (f=1.10e-02 W=1.15e-02 I=2.07e-03 O=1.46e-06)
[1m-------------Baseline Loss---------------[0m
It: 7600, Loss: 3.441e-02  (f=2.08e-02 W=1.14e-02 I=2.20e-03 O=1.66e-06)
[1m-------------Baseline Loss---------------[0m
It: 7600, Loss: 2.476e-02  (f=1.12e-02 W=1.14e-02 I=2.20e-03 O=1.66e-06)
It: 7610, Loss: 3.746e-02  (f=2.20e-02 W=1.06e-02 I=4.78e-03 O=3.69e-05)
It: 7620, Loss: 2.580e-02  (f=1.19e-02 W=1.16e-02 I=2.33e-03 O=1.90e-06)
It: 7630, Loss: 2.610e-02  (f=1.21e-02 W=1.21e-02 I=1.91e-03 O=2.28e-06)
It: 7640, Loss: 2.563e-02  (f=1.17e-02 W=1.18e-02 I=2.09e-03 O=1.30e-06)
It: 7650, Loss: 2.550e-02  (f=1.17e-02 W=1.16e-02 I=2.25e-03 O=4.85e-06)
It: 7660, Loss: 2.560e-02  (f=1.19e-02 W=1.17e-02 I=2.01e-03 O=1.86e-06)
It: 7670, Loss: 2.618e-02  (f=1.24e-02 W=1.15e-02 I=2.25e-03 O=3.20e-06)
It: 7680, Loss: 2.707e-02  (f=1.31e-02 W=1.11e-02 I=2.85e-03 O=1.00e-05)
It: 7690, Loss: 2.493e-02  (f=1.13e-02 W=1.18e-02 I=1.85e-03 O=6.32e-06)
[1m-------------Baseline Loss---------------[0m
It: 7700, Loss: 3.382e-02  (f=2.02e-02 W=1.17e-02 I=1.94e-03 O=1.49e-06)
[1m-------------Baseline Loss---------------[0m
It: 7700, Loss: 2.446e-02  (f=1.08e-02 W=1.17e-02 I=1.94e-03 O=1.49e-06)
It: 7710, Loss: 2.461e-02  (f=1.12e-02 W=1.17e-02 I=1.74e-03 O=1.88e-06)
It: 7720, Loss: 2.458e-02  (f=1.12e-02 W=1.16e-02 I=1.78e-03 O=1.62e-06)
It: 7730, Loss: 2.558e-02  (f=1.22e-02 W=1.16e-02 I=1.76e-03 O=1.84e-06)
It: 7740, Loss: 2.752e-02  (f=1.30e-02 W=1.14e-02 I=3.02e-03 O=1.83e-05)
It: 7750, Loss: 2.623e-02  (f=1.19e-02 W=1.19e-02 I=2.41e-03 O=5.06e-06)
It: 7760, Loss: 2.661e-02  (f=1.24e-02 W=1.20e-02 I=2.14e-03 O=1.97e-06)
It: 7770, Loss: 2.535e-02  (f=1.15e-02 W=1.20e-02 I=1.85e-03 O=1.70e-06)
It: 7780, Loss: 2.563e-02  (f=1.20e-02 W=1.21e-02 I=1.61e-03 O=4.11e-06)
It: 7790, Loss: 2.480e-02  (f=1.11e-02 W=1.16e-02 I=2.14e-03 O=2.60e-06)
[1m-------------Baseline Loss---------------[0m
It: 7800, Loss: 3.414e-02  (f=2.06e-02 W=1.19e-02 I=1.57e-03 O=4.62e-06)
[1m-------------Baseline Loss---------------[0m
It: 7800, Loss: 2.478e-02  (f=1.13e-02 W=1.19e-02 I=1.57e-03 O=4.62e-06)
It: 7810, Loss: 2.524e-02  (f=1.16e-02 W=1.12e-02 I=2.43e-03 O=1.50e-06)
It: 7820, Loss: 2.637e-02  (f=1.25e-02 W=1.10e-02 I=2.80e-03 O=1.27e-05)
It: 7830, Loss: 2.458e-02  (f=1.12e-02 W=1.17e-02 I=1.68e-03 O=2.03e-06)
It: 7840, Loss: 2.444e-02  (f=1.10e-02 W=1.15e-02 I=1.94e-03 O=5.90e-06)
It: 7850, Loss: 2.447e-02  (f=1.11e-02 W=1.13e-02 I=2.09e-03 O=1.49e-06)
It: 7860, Loss: 2.446e-02  (f=1.12e-02 W=1.14e-02 I=1.84e-03 O=6.14e-06)
It: 7870, Loss: 2.512e-02  (f=1.18e-02 W=1.12e-02 I=2.14e-03 O=2.96e-06)
It: 7880, Loss: 2.826e-02  (f=1.46e-02 W=1.14e-02 I=2.22e-03 O=2.22e-06)
It: 7890, Loss: 2.434e-02  (f=1.08e-02 W=1.13e-02 I=2.17e-03 O=1.22e-06)
[1m-------------Baseline Loss---------------[0m
It: 7900, Loss: 4.039e-02  (f=2.64e-02 W=1.11e-02 I=2.89e-03 O=1.04e-05)
[1m-------------Baseline Loss---------------[0m
It: 7900, Loss: 2.977e-02  (f=1.58e-02 W=1.11e-02 I=2.89e-03 O=1.04e-05)
It: 7910, Loss: 2.621e-02  (f=1.26e-02 W=1.16e-02 I=2.01e-03 O=2.54e-06)
It: 7920, Loss: 2.500e-02  (f=1.15e-02 W=1.16e-02 I=1.84e-03 O=1.27e-06)
It: 7930, Loss: 2.644e-02  (f=1.29e-02 W=1.10e-02 I=2.45e-03 O=1.57e-05)
It: 7940, Loss: 2.484e-02  (f=1.15e-02 W=1.12e-02 I=2.17e-03 O=4.30e-06)
It: 7950, Loss: 2.597e-02  (f=1.27e-02 W=1.13e-02 I=1.99e-03 O=3.51e-06)
It: 7960, Loss: 2.638e-02  (f=1.32e-02 W=1.17e-02 I=1.49e-03 O=6.55e-06)
It: 7970, Loss: 2.639e-02  (f=1.31e-02 W=1.16e-02 I=1.67e-03 O=1.17e-05)
It: 7980, Loss: 2.593e-02  (f=1.27e-02 W=1.19e-02 I=1.36e-03 O=1.24e-05)
It: 7990, Loss: 2.716e-02  (f=1.39e-02 W=1.17e-02 I=1.60e-03 O=1.43e-06)
  [iter 8000] refining (adding high-residual pts) ...
  [adaptive] 40017 -> 41139  (+1901 added, -773 pruned, protected=5279, thr_accept=1.45e-01)
[1m-------------Baseline Loss---------------[0m
It: 8000, Loss: 3.578e-02  (f=2.25e-02 W=1.13e-02 I=1.96e-03 O=4.68e-06)
[1m-------------Baseline Loss---------------[0m
It: 8000, Loss: 2.543e-02  (f=1.21e-02 W=1.13e-02 I=1.96e-03 O=4.68e-06)
It: 8010, Loss: 3.103e-02  (f=1.74e-02 W=1.21e-02 I=1.51e-03 O=2.10e-05)
It: 8020, Loss: 2.601e-02  (f=1.25e-02 W=1.12e-02 I=2.35e-03 O=3.17e-06)
It: 8030, Loss: 2.509e-02  (f=1.17e-02 W=1.15e-02 I=1.82e-03 O=2.28e-06)
It: 8040, Loss: 2.507e-02  (f=1.16e-02 W=1.11e-02 I=2.34e-03 O=1.94e-06)
It: 8050, Loss: 2.415e-02  (f=1.10e-02 W=1.13e-02 I=1.84e-03 O=1.14e-06)
It: 8060, Loss: 2.965e-02  (f=1.62e-02 W=1.15e-02 I=1.90e-03 O=1.07e-06)
It: 8070, Loss: 3.131e-02  (f=1.67e-02 W=1.16e-02 I=3.04e-03 O=2.20e-06)
It: 8080, Loss: 2.759e-02  (f=1.35e-02 W=1.17e-02 I=2.37e-03 O=1.51e-06)
It: 8090, Loss: 2.521e-02  (f=1.15e-02 W=1.20e-02 I=1.66e-03 O=3.68e-06)
[1m-------------Baseline Loss---------------[0m
It: 8100, Loss: 3.448e-02  (f=2.10e-02 W=1.15e-02 I=1.97e-03 O=4.06e-06)
[1m-------------Baseline Loss---------------[0m
It: 8100, Loss: 2.468e-02  (f=1.12e-02 W=1.15e-02 I=1.97e-03 O=4.06e-06)
It: 8110, Loss: 2.562e-02  (f=1.23e-02 W=1.17e-02 I=1.54e-03 O=1.00e-05)
It: 8120, Loss: 2.525e-02  (f=1.19e-02 W=1.11e-02 I=2.26e-03 O=8.96e-06)
It: 8130, Loss: 2.503e-02  (f=1.18e-02 W=1.13e-02 I=1.88e-03 O=8.56e-07)
It: 8140, Loss: 2.593e-02  (f=1.27e-02 W=1.11e-02 I=2.17e-03 O=4.04e-06)
It: 8150, Loss: 2.781e-02  (f=1.44e-02 W=1.15e-02 I=1.99e-03 O=1.40e-06)
It: 8160, Loss: 2.487e-02  (f=1.15e-02 W=1.15e-02 I=1.83e-03 O=6.88e-06)
It: 8170, Loss: 2.986e-02  (f=1.65e-02 W=1.23e-02 I=1.06e-03 O=2.59e-05)
It: 8180, Loss: 2.738e-02  (f=1.38e-02 W=1.06e-02 I=2.95e-03 O=1.33e-05)
It: 8190, Loss: 2.476e-02  (f=1.17e-02 W=1.15e-02 I=1.55e-03 O=4.89e-06)
[1m-------------Baseline Loss---------------[0m
It: 8200, Loss: 3.450e-02  (f=2.15e-02 W=1.14e-02 I=1.62e-03 O=4.81e-06)
[1m-------------Baseline Loss---------------[0m
It: 8200, Loss: 2.443e-02  (f=1.14e-02 W=1.14e-02 I=1.62e-03 O=4.81e-06)
It: 8210, Loss: 2.757e-02  (f=1.43e-02 W=1.15e-02 I=1.72e-03 O=5.68e-06)
It: 8220, Loss: 2.892e-02  (f=1.56e-02 W=1.15e-02 I=1.87e-03 O=1.25e-06)
It: 8230, Loss: 2.486e-02  (f=1.17e-02 W=1.13e-02 I=1.89e-03 O=1.24e-06)
It: 8240, Loss: 2.492e-02  (f=1.17e-02 W=1.09e-02 I=2.36e-03 O=6.02e-06)
It: 8250, Loss: 2.544e-02  (f=1.24e-02 W=1.14e-02 I=1.60e-03 O=8.39e-06)
It: 8260, Loss: 2.595e-02  (f=1.30e-02 W=1.15e-02 I=1.37e-03 O=1.15e-05)
It: 8270, Loss: 2.548e-02  (f=1.25e-02 W=1.15e-02 I=1.49e-03 O=9.26e-06)
It: 8280, Loss: 2.629e-02  (f=1.31e-02 W=1.08e-02 I=2.41e-03 O=1.54e-06)
It: 8290, Loss: 2.550e-02  (f=1.25e-02 W=1.12e-02 I=1.75e-03 O=2.73e-06)
[1m-------------Baseline Loss---------------[0m
It: 8300, Loss: 3.684e-02  (f=2.34e-02 W=1.15e-02 I=1.94e-03 O=1.93e-06)
[1m-------------Baseline Loss---------------[0m
It: 8300, Loss: 2.612e-02  (f=1.26e-02 W=1.15e-02 I=1.94e-03 O=1.93e-06)
It: 8310, Loss: 2.490e-02  (f=1.16e-02 W=1.18e-02 I=1.49e-03 O=5.80e-06)
It: 8320, Loss: 2.551e-02  (f=1.23e-02 W=1.16e-02 I=1.63e-03 O=3.27e-06)
It: 8330, Loss: 2.502e-02  (f=1.19e-02 W=1.16e-02 I=1.51e-03 O=7.86e-06)
It: 8340, Loss: 2.520e-02  (f=1.23e-02 W=1.14e-02 I=1.57e-03 O=6.41e-07)
It: 8350, Loss: 2.524e-02  (f=1.22e-02 W=1.13e-02 I=1.65e-03 O=7.88e-07)
It: 8360, Loss: 2.538e-02  (f=1.24e-02 W=1.09e-02 I=2.09e-03 O=1.15e-06)
It: 8370, Loss: 2.417e-02  (f=1.13e-02 W=1.12e-02 I=1.69e-03 O=2.22e-06)
It: 8380, Loss: 2.872e-02  (f=1.54e-02 W=1.12e-02 I=2.09e-03 O=3.31e-06)
It: 8390, Loss: 2.817e-02  (f=1.48e-02 W=1.09e-02 I=2.41e-03 O=2.57e-06)
[1m-------------Baseline Loss---------------[0m
It: 8400, Loss: 3.574e-02  (f=2.25e-02 W=1.11e-02 I=2.15e-03 O=1.04e-05)
[1m-------------Baseline Loss---------------[0m
It: 8400, Loss: 2.528e-02  (f=1.21e-02 W=1.11e-02 I=2.15e-03 O=1.04e-05)
It: 8410, Loss: 2.461e-02  (f=1.17e-02 W=1.14e-02 I=1.59e-03 O=9.11e-07)
It: 8420, Loss: 2.474e-02  (f=1.18e-02 W=1.13e-02 I=1.65e-03 O=3.06e-06)
It: 8430, Loss: 2.506e-02  (f=1.22e-02 W=1.11e-02 I=1.72e-03 O=6.70e-06)
It: 8440, Loss: 2.771e-02  (f=1.47e-02 W=1.15e-02 I=1.50e-03 O=2.17e-05)
It: 8450, Loss: 2.503e-02  (f=1.17e-02 W=1.09e-02 I=2.41e-03 O=4.84e-06)
It: 8460, Loss: 2.478e-02  (f=1.18e-02 W=1.13e-02 I=1.73e-03 O=3.65e-06)
It: 8470, Loss: 2.494e-02  (f=1.18e-02 W=1.11e-02 I=2.05e-03 O=1.13e-06)
It: 8480, Loss: 2.544e-02  (f=1.24e-02 W=1.10e-02 I=2.03e-03 O=5.49e-07)
It: 8490, Loss: 2.414e-02  (f=1.13e-02 W=1.12e-02 I=1.64e-03 O=1.05e-06)
[1m-------------Baseline Loss---------------[0m
It: 8500, Loss: 3.749e-02  (f=2.44e-02 W=1.10e-02 I=2.07e-03 O=1.02e-06)
[1m-------------Baseline Loss---------------[0m
It: 8500, Loss: 2.638e-02  (f=1.33e-02 W=1.10e-02 I=2.07e-03 O=1.02e-06)
It: 8510, Loss: 2.694e-02  (f=1.39e-02 W=1.14e-02 I=1.65e-03 O=9.21e-07)
It: 8520, Loss: 2.668e-02  (f=1.37e-02 W=1.15e-02 I=1.49e-03 O=1.30e-05)
It: 8530, Loss: 2.485e-02  (f=1.19e-02 W=1.11e-02 I=1.85e-03 O=1.71e-06)
It: 8540, Loss: 2.619e-02  (f=1.33e-02 W=1.17e-02 I=1.25e-03 O=1.33e-05)
It: 8550, Loss: 2.430e-02  (f=1.15e-02 W=1.13e-02 I=1.45e-03 O=1.31e-06)
It: 8560, Loss: 2.738e-02  (f=1.45e-02 W=1.18e-02 I=1.07e-03 O=1.48e-05)
It: 8570, Loss: 2.587e-02  (f=1.29e-02 W=1.07e-02 I=2.27e-03 O=9.25e-06)
It: 8580, Loss: 2.473e-02  (f=1.18e-02 W=1.07e-02 I=2.24e-03 O=6.99e-07)
It: 8590, Loss: 2.416e-02  (f=1.15e-02 W=1.11e-02 I=1.52e-03 O=6.75e-07)
[1m-------------Baseline Loss---------------[0m
It: 8600, Loss: 3.698e-02  (f=2.43e-02 W=1.08e-02 I=1.92e-03 O=3.48e-06)
[1m-------------Baseline Loss---------------[0m
It: 8600, Loss: 2.527e-02  (f=1.26e-02 W=1.08e-02 I=1.92e-03 O=3.48e-06)
It: 8610, Loss: 2.392e-02  (f=1.13e-02 W=1.10e-02 I=1.64e-03 O=1.42e-06)
It: 8620, Loss: 2.618e-02  (f=1.35e-02 W=1.10e-02 I=1.67e-03 O=9.64e-06)
It: 8630, Loss: 2.580e-02  (f=1.32e-02 W=1.14e-02 I=1.22e-03 O=1.06e-05)
It: 8640, Loss: 2.541e-02  (f=1.28e-02 W=1.13e-02 I=1.28e-03 O=1.20e-05)
It: 8650, Loss: 2.432e-02  (f=1.16e-02 W=1.07e-02 I=1.95e-03 O=1.44e-06)
It: 8660, Loss: 2.397e-02  (f=1.14e-02 W=1.08e-02 I=1.73e-03 O=1.25e-06)
It: 8670, Loss: 2.801e-02  (f=1.53e-02 W=1.11e-02 I=1.61e-03 O=1.78e-06)
It: 8680, Loss: 2.852e-02  (f=1.57e-02 W=1.11e-02 I=1.66e-03 O=4.15e-05)
It: 8690, Loss: 2.543e-02  (f=1.26e-02 W=1.09e-02 I=1.95e-03 O=1.01e-06)
[1m-------------Baseline Loss---------------[0m
It: 8700, Loss: 3.562e-02  (f=2.29e-02 W=1.07e-02 I=2.07e-03 O=2.81e-06)
[1m-------------Baseline Loss---------------[0m
It: 8700, Loss: 2.480e-02  (f=1.20e-02 W=1.07e-02 I=2.07e-03 O=2.81e-06)
It: 8710, Loss: 2.749e-02  (f=1.46e-02 W=1.06e-02 I=2.27e-03 O=2.04e-05)
It: 8720, Loss: 2.440e-02  (f=1.17e-02 W=1.12e-02 I=1.56e-03 O=6.10e-07)
It: 8730, Loss: 2.464e-02  (f=1.19e-02 W=1.08e-02 I=1.99e-03 O=6.77e-06)
It: 8740, Loss: 2.442e-02  (f=1.19e-02 W=1.08e-02 I=1.75e-03 O=1.03e-06)
It: 8750, Loss: 2.529e-02  (f=1.25e-02 W=1.04e-02 I=2.33e-03 O=3.63e-06)
It: 8760, Loss: 2.940e-02  (f=1.63e-02 W=1.08e-02 I=2.28e-03 O=2.20e-06)
It: 8770, Loss: 2.657e-02  (f=1.37e-02 W=1.15e-02 I=1.29e-03 O=3.48e-05)
It: 8780, Loss: 2.454e-02  (f=1.17e-02 W=1.08e-02 I=1.98e-03 O=4.30e-07)
It: 8790, Loss: 2.487e-02  (f=1.23e-02 W=1.12e-02 I=1.37e-03 O=2.05e-06)
[1m-------------Baseline Loss---------------[0m
It: 8800, Loss: 3.557e-02  (f=2.28e-02 W=1.04e-02 I=2.33e-03 O=5.41e-06)
[1m-------------Baseline Loss---------------[0m
It: 8800, Loss: 2.460e-02  (f=1.19e-02 W=1.04e-02 I=2.33e-03 O=5.41e-06)
It: 8810, Loss: 2.384e-02  (f=1.13e-02 W=1.06e-02 I=1.90e-03 O=1.14e-06)
It: 8820, Loss: 2.360e-02  (f=1.12e-02 W=1.07e-02 I=1.64e-03 O=6.76e-07)
It: 8830, Loss: 2.378e-02  (f=1.14e-02 W=1.07e-02 I=1.66e-03 O=9.71e-07)
It: 8840, Loss: 2.809e-02  (f=1.55e-02 W=1.12e-02 I=1.39e-03 O=3.34e-06)
It: 8850, Loss: 2.934e-02  (f=1.57e-02 W=1.06e-02 I=3.12e-03 O=1.83e-06)
It: 8860, Loss: 2.445e-02  (f=1.12e-02 W=1.14e-02 I=1.81e-03 O=5.97e-06)
It: 8870, Loss: 2.438e-02  (f=1.14e-02 W=1.15e-02 I=1.50e-03 O=3.87e-06)
It: 8880, Loss: 2.455e-02  (f=1.18e-02 W=1.11e-02 I=1.64e-03 O=2.06e-06)
It: 8890, Loss: 2.582e-02  (f=1.31e-02 W=1.05e-02 I=2.29e-03 O=1.80e-05)
[1m-------------Baseline Loss---------------[0m
It: 8900, Loss: 3.522e-02  (f=2.27e-02 W=1.08e-02 I=1.72e-03 O=3.14e-06)
[1m-------------Baseline Loss---------------[0m
It: 8900, Loss: 2.405e-02  (f=1.16e-02 W=1.08e-02 I=1.72e-03 O=3.14e-06)
It: 8910, Loss: 2.419e-02  (f=1.18e-02 W=1.10e-02 I=1.46e-03 O=4.57e-07)
It: 8920, Loss: 2.426e-02  (f=1.18e-02 W=1.03e-02 I=2.14e-03 O=3.27e-06)
It: 8930, Loss: 2.404e-02  (f=1.18e-02 W=1.08e-02 I=1.46e-03 O=1.19e-06)
It: 8940, Loss: 2.446e-02  (f=1.23e-02 W=1.05e-02 I=1.66e-03 O=1.35e-06)
It: 8950, Loss: 3.044e-02  (f=1.73e-02 W=9.69e-03 I=3.43e-03 O=1.78e-05)
It: 8960, Loss: 2.505e-02  (f=1.25e-02 W=1.10e-02 I=1.56e-03 O=7.46e-06)
It: 8970, Loss: 2.515e-02  (f=1.23e-02 W=1.08e-02 I=2.03e-03 O=1.08e-06)
It: 8980, Loss: 2.496e-02  (f=1.22e-02 W=1.08e-02 I=1.94e-03 O=4.51e-07)
It: 8990, Loss: 2.478e-02  (f=1.22e-02 W=1.10e-02 I=1.56e-03 O=5.99e-07)
  [iter 9000] refining (adding high-residual pts) ...
  [adaptive] 41139 -> 41532  (+1113 added, -712 pruned, protected=5279, thr_accept=1.47e-01)
[1m-------------Baseline Loss---------------[0m
It: 9000, Loss: 3.505e-02  (f=2.25e-02 W=1.07e-02 I=1.84e-03 O=6.78e-07)
[1m-------------Baseline Loss---------------[0m
It: 9000, Loss: 2.402e-02  (f=1.15e-02 W=1.07e-02 I=1.84e-03 O=6.78e-07)
It: 9010, Loss: 2.523e-02  (f=1.27e-02 W=1.07e-02 I=1.87e-03 O=1.31e-06)
It: 9020, Loss: 2.528e-02  (f=1.28e-02 W=1.08e-02 I=1.66e-03 O=5.34e-07)
It: 9030, Loss: 2.368e-02  (f=1.13e-02 W=1.05e-02 I=1.84e-03 O=8.20e-07)
It: 9040, Loss: 2.688e-02  (f=1.43e-02 W=1.07e-02 I=1.87e-03 O=3.95e-06)
It: 9050, Loss: 2.457e-02  (f=1.21e-02 W=1.08e-02 I=1.67e-03 O=1.62e-06)
It: 9060, Loss: 2.406e-02  (f=1.16e-02 W=1.08e-02 I=1.69e-03 O=3.23e-06)
It: 9070, Loss: 2.558e-02  (f=1.31e-02 W=1.11e-02 I=1.35e-03 O=2.11e-05)
It: 9080, Loss: 2.502e-02  (f=1.26e-02 W=1.09e-02 I=1.57e-03 O=4.44e-06)
It: 9090, Loss: 2.433e-02  (f=1.19e-02 W=1.05e-02 I=1.93e-03 O=6.99e-06)
[1m-------------Baseline Loss---------------[0m
It: 9100, Loss: 3.824e-02  (f=2.58e-02 W=1.09e-02 I=1.47e-03 O=1.07e-06)
[1m-------------Baseline Loss---------------[0m
It: 9100, Loss: 2.618e-02  (f=1.38e-02 W=1.09e-02 I=1.47e-03 O=1.07e-06)
It: 9110, Loss: 2.500e-02  (f=1.24e-02 W=1.03e-02 I=2.31e-03 O=1.96e-06)
It: 9120, Loss: 2.451e-02  (f=1.22e-02 W=1.03e-02 I=2.03e-03 O=3.85e-06)
It: 9130, Loss: 2.355e-02  (f=1.13e-02 W=1.04e-02 I=1.76e-03 O=4.06e-07)
It: 9140, Loss: 2.377e-02  (f=1.17e-02 W=1.03e-02 I=1.74e-03 O=1.72e-06)
It: 9150, Loss: 2.721e-02  (f=1.47e-02 W=9.71e-03 I=2.79e-03 O=1.41e-05)
It: 9160, Loss: 2.384e-02  (f=1.17e-02 W=1.06e-02 I=1.60e-03 O=4.78e-07)
It: 9170, Loss: 2.602e-02  (f=1.36e-02 W=1.04e-02 I=1.96e-03 O=4.33e-06)
It: 9180, Loss: 2.392e-02  (f=1.16e-02 W=1.06e-02 I=1.68e-03 O=8.45e-07)
It: 9190, Loss: 2.658e-02  (f=1.40e-02 W=1.05e-02 I=2.08e-03 O=2.12e-06)
[1m-------------Baseline Loss---------------[0m
It: 9200, Loss: 3.712e-02  (f=2.48e-02 W=1.08e-02 I=1.47e-03 O=2.12e-05)
[1m-------------Baseline Loss---------------[0m
It: 9200, Loss: 2.541e-02  (f=1.31e-02 W=1.08e-02 I=1.47e-03 O=2.12e-05)
It: 9210, Loss: 2.374e-02  (f=1.14e-02 W=1.04e-02 I=1.87e-03 O=2.23e-06)
It: 9220, Loss: 2.409e-02  (f=1.19e-02 W=1.03e-02 I=1.95e-03 O=8.97e-07)
It: 9230, Loss: 3.441e-02  (f=2.17e-02 W=1.14e-02 I=1.26e-03 O=3.94e-05)
It: 9240, Loss: 2.935e-02  (f=1.63e-02 W=9.94e-03 I=3.13e-03 O=1.90e-05)
It: 9250, Loss: 2.476e-02  (f=1.22e-02 W=1.09e-02 I=1.61e-03 O=1.50e-05)
It: 9260, Loss: 2.373e-02  (f=1.13e-02 W=1.05e-02 I=1.86e-03 O=7.32e-07)
It: 9270, Loss: 2.444e-02  (f=1.23e-02 W=1.07e-02 I=1.39e-03 O=1.08e-06)
It: 9280, Loss: 2.421e-02  (f=1.21e-02 W=1.06e-02 I=1.47e-03 O=3.00e-06)
It: 9290, Loss: 2.400e-02  (f=1.19e-02 W=1.05e-02 I=1.61e-03 O=1.50e-06)
[1m-------------Baseline Loss---------------[0m
It: 9300, Loss: 3.908e-02  (f=2.69e-02 W=1.06e-02 I=1.51e-03 O=4.30e-06)
[1m-------------Baseline Loss---------------[0m
It: 9300, Loss: 2.584e-02  (f=1.37e-02 W=1.06e-02 I=1.51e-03 O=4.30e-06)
It: 9310, Loss: 2.438e-02  (f=1.22e-02 W=1.04e-02 I=1.78e-03 O=4.60e-07)
It: 9320, Loss: 2.388e-02  (f=1.18e-02 W=1.05e-02 I=1.57e-03 O=1.22e-06)
It: 9330, Loss: 2.352e-02  (f=1.16e-02 W=1.04e-02 I=1.51e-03 O=1.10e-06)
It: 9340, Loss: 2.376e-02  (f=1.18e-02 W=1.01e-02 I=1.85e-03 O=1.52e-06)
It: 9350, Loss: 2.609e-02  (f=1.39e-02 W=1.02e-02 I=1.92e-03 O=1.49e-06)
It: 9360, Loss: 2.436e-02  (f=1.24e-02 W=1.05e-02 I=1.44e-03 O=1.58e-05)
It: 9370, Loss: 2.338e-02  (f=1.14e-02 W=1.02e-02 I=1.77e-03 O=5.13e-07)
It: 9380, Loss: 2.393e-02  (f=1.20e-02 W=1.02e-02 I=1.73e-03 O=5.37e-07)
It: 9390, Loss: 2.361e-02  (f=1.17e-02 W=9.92e-03 I=2.04e-03 O=4.36e-07)
[1m-------------Baseline Loss---------------[0m
It: 9400, Loss: 3.834e-02  (f=2.64e-02 W=9.87e-03 I=2.04e-03 O=7.97e-06)
[1m-------------Baseline Loss---------------[0m
It: 9400, Loss: 2.506e-02  (f=1.31e-02 W=9.87e-03 I=2.04e-03 O=7.97e-06)
It: 9410, Loss: 3.004e-02  (f=1.72e-02 W=1.14e-02 I=1.39e-03 O=3.22e-05)
It: 9420, Loss: 2.732e-02  (f=1.43e-02 W=1.10e-02 I=2.06e-03 O=2.07e-06)
It: 9430, Loss: 2.651e-02  (f=1.36e-02 W=1.08e-02 I=2.05e-03 O=2.98e-06)
It: 9440, Loss: 2.360e-02  (f=1.10e-02 W=1.07e-02 I=1.87e-03 O=1.88e-06)
It: 9450, Loss: 2.367e-02  (f=1.13e-02 W=1.04e-02 I=1.96e-03 O=4.49e-06)
It: 9460, Loss: 2.337e-02  (f=1.13e-02 W=1.06e-02 I=1.51e-03 O=4.94e-07)
It: 9470, Loss: 2.331e-02  (f=1.14e-02 W=1.03e-02 I=1.67e-03 O=1.22e-06)
It: 9480, Loss: 2.465e-02  (f=1.27e-02 W=1.03e-02 I=1.67e-03 O=8.72e-07)
It: 9490, Loss: 3.128e-02  (f=1.83e-02 W=9.55e-03 I=3.39e-03 O=3.67e-05)
[1m-------------Baseline Loss---------------[0m
It: 9500, Loss: 3.785e-02  (f=2.53e-02 W=1.00e-02 I=2.46e-03 O=6.38e-06)
[1m-------------Baseline Loss---------------[0m
It: 9500, Loss: 2.579e-02  (f=1.33e-02 W=1.00e-02 I=2.46e-03 O=6.38e-06)
It: 9510, Loss: 2.365e-02  (f=1.13e-02 W=1.06e-02 I=1.76e-03 O=1.81e-06)
It: 9520, Loss: 2.332e-02  (f=1.12e-02 W=1.06e-02 I=1.54e-03 O=9.90e-07)
It: 9530, Loss: 2.328e-02  (f=1.13e-02 W=1.04e-02 I=1.64e-03 O=8.60e-07)
It: 9540, Loss: 2.332e-02  (f=1.14e-02 W=1.02e-02 I=1.73e-03 O=4.88e-07)
It: 9550, Loss: 2.411e-02  (f=1.21e-02 W=1.01e-02 I=1.87e-03 O=9.51e-07)
It: 9560, Loss: 2.386e-02  (f=1.19e-02 W=1.01e-02 I=1.88e-03 O=1.32e-06)
It: 9570, Loss: 2.441e-02  (f=1.26e-02 W=1.04e-02 I=1.45e-03 O=4.45e-06)
It: 9580, Loss: 2.477e-02  (f=1.29e-02 W=1.04e-02 I=1.45e-03 O=1.88e-06)
It: 9590, Loss: 2.462e-02  (f=1.26e-02 W=1.03e-02 I=1.73e-03 O=1.65e-06)
[1m-------------Baseline Loss---------------[0m
It: 9600, Loss: 3.634e-02  (f=2.43e-02 W=1.01e-02 I=1.92e-03 O=9.81e-06)
[1m-------------Baseline Loss---------------[0m
It: 9600, Loss: 2.396e-02  (f=1.20e-02 W=1.01e-02 I=1.92e-03 O=9.81e-06)
It: 9610, Loss: 2.360e-02  (f=1.18e-02 W=1.02e-02 I=1.62e-03 O=2.81e-06)
It: 9620, Loss: 2.359e-02  (f=1.19e-02 W=1.01e-02 I=1.59e-03 O=8.89e-07)
It: 9630, Loss: 2.319e-02  (f=1.16e-02 W=9.92e-03 I=1.71e-03 O=1.17e-06)
It: 9640, Loss: 2.680e-02  (f=1.49e-02 W=1.03e-02 I=1.60e-03 O=1.35e-06)
It: 9650, Loss: 2.475e-02  (f=1.28e-02 W=1.02e-02 I=1.74e-03 O=4.33e-06)
It: 9660, Loss: 2.732e-02  (f=1.52e-02 W=9.58e-03 I=2.55e-03 O=2.55e-05)
It: 9670, Loss: 2.361e-02  (f=1.18e-02 W=1.03e-02 I=1.54e-03 O=2.75e-06)
It: 9680, Loss: 2.365e-02  (f=1.17e-02 W=1.01e-02 I=1.82e-03 O=1.09e-06)
It: 9690, Loss: 2.399e-02  (f=1.22e-02 W=1.05e-02 I=1.30e-03 O=5.47e-06)
[1m-------------Baseline Loss---------------[0m
It: 9700, Loss: 3.837e-02  (f=2.65e-02 W=9.99e-03 I=1.92e-03 O=1.01e-06)
[1m-------------Baseline Loss---------------[0m
It: 9700, Loss: 2.548e-02  (f=1.36e-02 W=9.99e-03 I=1.92e-03 O=1.01e-06)
It: 9710, Loss: 2.467e-02  (f=1.27e-02 W=1.02e-02 I=1.78e-03 O=1.49e-06)
It: 9720, Loss: 2.424e-02  (f=1.23e-02 W=1.03e-02 I=1.63e-03 O=1.13e-06)
It: 9730, Loss: 2.681e-02  (f=1.47e-02 W=9.93e-03 I=2.18e-03 O=1.29e-05)
It: 9740, Loss: 2.333e-02  (f=1.16e-02 W=1.02e-02 I=1.51e-03 O=2.43e-06)
It: 9750, Loss: 2.442e-02  (f=1.25e-02 W=9.61e-03 I=2.33e-03 O=1.34e-05)
It: 9760, Loss: 2.370e-02  (f=1.19e-02 W=9.67e-03 I=2.15e-03 O=2.13e-06)
It: 9770, Loss: 2.580e-02  (f=1.40e-02 W=1.01e-02 I=1.68e-03 O=2.52e-06)
It: 9780, Loss: 2.327e-02  (f=1.17e-02 W=1.02e-02 I=1.43e-03 O=1.53e-06)
It: 9790, Loss: 2.356e-02  (f=1.19e-02 W=1.00e-02 I=1.59e-03 O=3.85e-06)
[1m-------------Baseline Loss---------------[0m
It: 9800, Loss: 3.594e-02  (f=2.45e-02 W=1.01e-02 I=1.35e-03 O=3.49e-06)
[1m-------------Baseline Loss---------------[0m
It: 9800, Loss: 2.337e-02  (f=1.19e-02 W=1.01e-02 I=1.35e-03 O=3.49e-06)
It: 9810, Loss: 2.683e-02  (f=1.52e-02 W=1.03e-02 I=1.28e-03 O=1.63e-05)
It: 9820, Loss: 2.378e-02  (f=1.22e-02 W=1.01e-02 I=1.45e-03 O=4.56e-06)
It: 9830, Loss: 2.539e-02  (f=1.37e-02 W=9.84e-03 I=1.85e-03 O=1.50e-05)
It: 9840, Loss: 2.446e-02  (f=1.26e-02 W=9.65e-03 I=2.22e-03 O=1.46e-05)
It: 9850, Loss: 2.301e-02  (f=1.13e-02 W=9.94e-03 I=1.77e-03 O=2.14e-06)
It: 9860, Loss: 2.373e-02  (f=1.20e-02 W=1.02e-02 I=1.52e-03 O=6.05e-06)
It: 9870, Loss: 2.499e-02  (f=1.33e-02 W=1.01e-02 I=1.56e-03 O=1.95e-06)
It: 9880, Loss: 2.310e-02  (f=1.16e-02 W=1.00e-02 I=1.49e-03 O=7.13e-07)
It: 9890, Loss: 2.946e-02  (f=1.74e-02 W=9.89e-03 I=2.19e-03 O=3.50e-06)
[1m-------------Baseline Loss---------------[0m
It: 9900, Loss: 3.896e-02  (f=2.70e-02 W=1.02e-02 I=1.73e-03 O=2.63e-06)
[1m-------------Baseline Loss---------------[0m
It: 9900, Loss: 2.546e-02  (f=1.35e-02 W=1.02e-02 I=1.73e-03 O=2.63e-06)
It: 9910, Loss: 2.556e-02  (f=1.36e-02 W=9.74e-03 I=2.19e-03 O=1.13e-05)
It: 9920, Loss: 2.446e-02  (f=1.27e-02 W=1.02e-02 I=1.48e-03 O=1.29e-05)
It: 9930, Loss: 2.795e-02  (f=1.58e-02 W=9.33e-03 I=2.82e-03 O=3.80e-05)
It: 9940, Loss: 2.540e-02  (f=1.38e-02 W=1.04e-02 I=1.17e-03 O=1.23e-05)
It: 9950, Loss: 2.440e-02  (f=1.27e-02 W=9.56e-03 I=2.16e-03 O=5.59e-06)
It: 9960, Loss: 2.508e-02  (f=1.35e-02 W=1.00e-02 I=1.50e-03 O=7.85e-06)
It: 9970, Loss: 2.425e-02  (f=1.25e-02 W=9.68e-03 I=2.11e-03 O=1.48e-06)
It: 9980, Loss: 2.653e-02  (f=1.49e-02 W=1.04e-02 I=1.17e-03 O=8.24e-06)
It: 9990, Loss: 2.615e-02  (f=1.42e-02 W=9.71e-03 I=2.22e-03 O=2.14e-06)
  [iter 10000] refining (adding high-residual pts) ...
  [adaptive] 41532 -> 43991  (+2937 added, -469 pruned, protected=5279, thr_accept=1.42e-01)
[1m-------------Baseline Loss---------------[0m
It: 10000, Loss: 3.566e-02  (f=2.41e-02 W=1.02e-02 I=1.36e-03 O=8.26e-07)
[1m-------------Baseline Loss---------------[0m
It: 10000, Loss: 2.326e-02  (f=1.17e-02 W=1.02e-02 I=1.36e-03 O=8.26e-07)
It: 10010, Loss: 2.470e-02  (f=1.33e-02 W=1.04e-02 I=1.04e-03 O=7.67e-06)
It: 10020, Loss: 2.572e-02  (f=1.40e-02 W=9.60e-03 I=2.08e-03 O=4.17e-06)
It: 10030, Loss: 2.346e-02  (f=1.18e-02 W=9.73e-03 I=1.90e-03 O=7.31e-06)
It: 10040, Loss: 2.327e-02  (f=1.17e-02 W=9.61e-03 I=1.91e-03 O=7.33e-06)
It: 10050, Loss: 2.522e-02  (f=1.38e-02 W=9.94e-03 I=1.51e-03 O=7.96e-07)
It: 10060, Loss: 2.431e-02  (f=1.29e-02 W=1.01e-02 I=1.24e-03 O=9.73e-06)
It: 10070, Loss: 2.687e-02  (f=1.53e-02 W=1.03e-02 I=1.23e-03 O=8.17e-06)
It: 10080, Loss: 2.345e-02  (f=1.20e-02 W=9.82e-03 I=1.65e-03 O=1.12e-06)
It: 10090, Loss: 2.283e-02  (f=1.14e-02 W=9.69e-03 I=1.70e-03 O=9.34e-07)
[1m-------------Baseline Loss---------------[0m
It: 10100, Loss: 4.023e-02  (f=2.86e-02 W=9.51e-03 I=2.07e-03 O=1.94e-06)
[1m-------------Baseline Loss---------------[0m
It: 10100, Loss: 2.551e-02  (f=1.39e-02 W=9.51e-03 I=2.07e-03 O=1.94e-06)
It: 10110, Loss: 2.421e-02  (f=1.27e-02 W=9.84e-03 I=1.66e-03 O=3.54e-06)
It: 10120, Loss: 2.527e-02  (f=1.35e-02 W=9.79e-03 I=1.93e-03 O=9.29e-06)
It: 10130, Loss: 2.420e-02  (f=1.26e-02 W=9.61e-03 I=2.00e-03 O=1.09e-05)
It: 10140, Loss: 2.550e-02  (f=1.41e-02 W=1.03e-02 I=1.07e-03 O=1.54e-05)
It: 10150, Loss: 2.346e-02  (f=1.21e-02 W=9.51e-03 I=1.84e-03 O=3.26e-06)
It: 10160, Loss: 2.409e-02  (f=1.27e-02 W=9.86e-03 I=1.52e-03 O=2.52e-06)
It: 10170, Loss: 2.395e-02  (f=1.26e-02 W=9.90e-03 I=1.47e-03 O=4.20e-06)
It: 10180, Loss: 2.462e-02  (f=1.33e-02 W=1.00e-02 I=1.29e-03 O=1.31e-05)
It: 10190, Loss: 2.321e-02  (f=1.18e-02 W=9.66e-03 I=1.76e-03 O=8.82e-07)
[1m-------------Baseline Loss---------------[0m
It: 10200, Loss: 4.110e-02  (f=2.93e-02 W=9.15e-03 I=2.67e-03 O=1.15e-05)
[1m-------------Baseline Loss---------------[0m
It: 10200, Loss: 2.646e-02  (f=1.46e-02 W=9.15e-03 I=2.67e-03 O=1.15e-05)
It: 10210, Loss: 2.380e-02  (f=1.26e-02 W=9.83e-03 I=1.39e-03 O=1.05e-06)
It: 10220, Loss: 2.288e-02  (f=1.13e-02 W=9.62e-03 I=1.96e-03 O=1.30e-06)
It: 10230, Loss: 2.528e-02  (f=1.37e-02 W=9.68e-03 I=1.92e-03 O=1.06e-05)
It: 10240, Loss: 2.370e-02  (f=1.23e-02 W=9.81e-03 I=1.59e-03 O=1.02e-06)
It: 10250, Loss: 2.601e-02  (f=1.48e-02 W=9.78e-03 I=1.47e-03 O=3.82e-06)
It: 10260, Loss: 2.301e-02  (f=1.15e-02 W=9.63e-03 I=1.88e-03 O=2.12e-06)
It: 10270, Loss: 2.408e-02  (f=1.25e-02 W=9.34e-03 I=2.23e-03 O=8.32e-07)
It: 10280, Loss: 2.399e-02  (f=1.27e-02 W=1.00e-02 I=1.23e-03 O=4.44e-06)
It: 10290, Loss: 2.431e-02  (f=1.30e-02 W=9.65e-03 I=1.64e-03 O=2.37e-06)
[1m-------------Baseline Loss---------------[0m
It: 10300, Loss: 3.655e-02  (f=2.54e-02 W=9.46e-03 I=1.74e-03 O=8.28e-06)
[1m-------------Baseline Loss---------------[0m
It: 10300, Loss: 2.307e-02  (f=1.19e-02 W=9.46e-03 I=1.74e-03 O=8.28e-06)
It: 10310, Loss: 2.341e-02  (f=1.21e-02 W=9.44e-03 I=1.83e-03 O=2.26e-06)
It: 10320, Loss: 2.423e-02  (f=1.31e-02 W=1.00e-02 I=1.05e-03 O=1.49e-05)
It: 10330, Loss: 2.326e-02  (f=1.21e-02 W=9.51e-03 I=1.60e-03 O=2.98e-06)
It: 10340, Loss: 2.537e-02  (f=1.40e-02 W=9.47e-03 I=1.88e-03 O=2.14e-06)
It: 10350, Loss: 2.325e-02  (f=1.20e-02 W=9.62e-03 I=1.60e-03 O=6.00e-06)
It: 10360, Loss: 2.440e-02  (f=1.33e-02 W=9.62e-03 I=1.47e-03 O=9.36e-06)
It: 10370, Loss: 2.242e-02  (f=1.14e-02 W=9.52e-03 I=1.54e-03 O=1.39e-06)
It: 10380, Loss: 2.521e-02  (f=1.41e-02 W=9.74e-03 I=1.33e-03 O=7.52e-06)
It: 10390, Loss: 2.401e-02  (f=1.28e-02 W=9.13e-03 I=2.08e-03 O=3.83e-06)
[1m-------------Baseline Loss---------------[0m
It: 10400, Loss: 3.763e-02  (f=2.61e-02 W=9.42e-03 I=2.14e-03 O=1.33e-06)
[1m-------------Baseline Loss---------------[0m
It: 10400, Loss: 2.385e-02  (f=1.23e-02 W=9.42e-03 I=2.14e-03 O=1.33e-06)
It: 10410, Loss: 2.422e-02  (f=1.25e-02 W=9.39e-03 I=2.30e-03 O=2.66e-06)
It: 10420, Loss: 2.333e-02  (f=1.20e-02 W=9.74e-03 I=1.61e-03 O=2.84e-06)
It: 10430, Loss: 2.406e-02  (f=1.27e-02 W=9.15e-03 I=2.23e-03 O=4.68e-06)
It: 10440, Loss: 2.243e-02  (f=1.14e-02 W=9.43e-03 I=1.63e-03 O=1.79e-06)
It: 10450, Loss: 2.507e-02  (f=1.38e-02 W=8.87e-03 I=2.40e-03 O=1.48e-05)
It: 10460, Loss: 2.257e-02  (f=1.17e-02 W=9.54e-03 I=1.33e-03 O=1.17e-06)
It: 10470, Loss: 3.382e-02  (f=2.23e-02 W=9.72e-03 I=1.78e-03 O=3.30e-06)
It: 10480, Loss: 2.513e-02  (f=1.33e-02 W=9.65e-03 I=2.21e-03 O=1.88e-06)
It: 10490, Loss: 2.482e-02  (f=1.33e-02 W=1.02e-02 I=1.31e-03 O=1.45e-06)
[1m-------------Baseline Loss---------------[0m
It: 10500, Loss: 3.629e-02  (f=2.49e-02 W=9.78e-03 I=1.56e-03 O=1.76e-06)
[1m-------------Baseline Loss---------------[0m
It: 10500, Loss: 2.277e-02  (f=1.14e-02 W=9.78e-03 I=1.56e-03 O=1.76e-06)
It: 10510, Loss: 2.275e-02  (f=1.15e-02 W=9.62e-03 I=1.61e-03 O=4.36e-06)
It: 10520, Loss: 2.251e-02  (f=1.14e-02 W=9.64e-03 I=1.43e-03 O=1.13e-06)
It: 10530, Loss: 2.635e-02  (f=1.50e-02 W=8.98e-03 I=2.35e-03 O=2.10e-05)
It: 10540, Loss: 2.269e-02  (f=1.17e-02 W=9.37e-03 I=1.62e-03 O=1.66e-06)
It: 10550, Loss: 2.337e-02  (f=1.23e-02 W=9.33e-03 I=1.69e-03 O=1.93e-06)
It: 10560, Loss: 2.375e-02  (f=1.28e-02 W=9.89e-03 I=1.07e-03 O=6.51e-06)
It: 10570, Loss: 2.354e-02  (f=1.25e-02 W=9.27e-03 I=1.76e-03 O=5.03e-06)
It: 10580, Loss: 2.250e-02  (f=1.16e-02 W=9.41e-03 I=1.48e-03 O=1.49e-06)
It: 10590, Loss: 2.438e-02  (f=1.34e-02 W=9.33e-03 I=1.62e-03 O=5.02e-06)
[1m-------------Baseline Loss---------------[0m
It: 10600, Loss: 3.820e-02  (f=2.73e-02 W=9.27e-03 I=1.67e-03 O=1.81e-06)
[1m-------------Baseline Loss---------------[0m
It: 10600, Loss: 2.397e-02  (f=1.30e-02 W=9.27e-03 I=1.67e-03 O=1.81e-06)
It: 10610, Loss: 2.456e-02  (f=1.33e-02 W=9.00e-03 I=2.22e-03 O=7.79e-06)
It: 10620, Loss: 2.280e-02  (f=1.20e-02 W=9.55e-03 I=1.30e-03 O=2.12e-06)
It: 10630, Loss: 2.255e-02  (f=1.18e-02 W=9.47e-03 I=1.30e-03 O=1.96e-06)
It: 10640, Loss: 2.662e-02  (f=1.56e-02 W=9.53e-03 I=1.46e-03 O=4.86e-06)
It: 10650, Loss: 2.304e-02  (f=1.20e-02 W=9.31e-03 I=1.75e-03 O=1.30e-06)
It: 10660, Loss: 2.328e-02  (f=1.23e-02 W=9.47e-03 I=1.48e-03 O=1.87e-06)
It: 10670, Loss: 2.411e-02  (f=1.32e-02 W=9.46e-03 I=1.44e-03 O=1.70e-06)
It: 10680, Loss: 2.352e-02  (f=1.27e-02 W=9.48e-03 I=1.34e-03 O=2.58e-06)
It: 10690, Loss: 2.226e-02  (f=1.15e-02 W=9.20e-03 I=1.56e-03 O=1.80e-06)
[1m-------------Baseline Loss---------------[0m
It: 10700, Loss: 3.648e-02  (f=2.57e-02 W=9.10e-03 I=1.64e-03 O=1.89e-06)
[1m-------------Baseline Loss---------------[0m
It: 10700, Loss: 2.245e-02  (f=1.17e-02 W=9.10e-03 I=1.64e-03 O=1.89e-06)
It: 10710, Loss: 3.686e-02  (f=2.51e-02 W=8.89e-03 I=2.86e-03 O=3.94e-05)
It: 10720, Loss: 2.453e-02  (f=1.32e-02 W=9.64e-03 I=1.71e-03 O=3.73e-06)
It: 10730, Loss: 2.327e-02  (f=1.19e-02 W=9.66e-03 I=1.69e-03 O=2.49e-06)
It: 10740, Loss: 2.326e-02  (f=1.21e-02 W=9.66e-03 I=1.47e-03 O=8.43e-06)
It: 10750, Loss: 2.563e-02  (f=1.45e-02 W=9.76e-03 I=1.32e-03 O=7.48e-06)
It: 10760, Loss: 2.241e-02  (f=1.15e-02 W=9.30e-03 I=1.62e-03 O=2.20e-06)
It: 10770, Loss: 2.325e-02  (f=1.23e-02 W=9.10e-03 I=1.84e-03 O=5.11e-06)
It: 10780, Loss: 2.471e-02  (f=1.36e-02 W=8.95e-03 I=2.10e-03 O=7.83e-06)
It: 10790, Loss: 2.270e-02  (f=1.18e-02 W=9.13e-03 I=1.75e-03 O=1.93e-06)
[1m-------------Baseline Loss---------------[0m
It: 10800, Loss: 3.691e-02  (f=2.61e-02 W=9.13e-03 I=1.70e-03 O=2.63e-06)
[1m-------------Baseline Loss---------------[0m
It: 10800, Loss: 2.257e-02  (f=1.17e-02 W=9.13e-03 I=1.70e-03 O=2.63e-06)
It: 10810, Loss: 2.307e-02  (f=1.23e-02 W=9.01e-03 I=1.79e-03 O=1.58e-06)
It: 10820, Loss: 2.307e-02  (f=1.22e-02 W=9.04e-03 I=1.86e-03 O=1.81e-06)
It: 10830, Loss: 2.489e-02  (f=1.39e-02 W=8.79e-03 I=2.21e-03 O=2.14e-05)
It: 10840, Loss: 2.315e-02  (f=1.26e-02 W=9.38e-03 I=1.21e-03 O=3.50e-06)
It: 10850, Loss: 2.313e-02  (f=1.24e-02 W=9.20e-03 I=1.55e-03 O=1.56e-06)
It: 10860, Loss: 2.646e-02  (f=1.53e-02 W=8.62e-03 I=2.52e-03 O=2.17e-05)
It: 10870, Loss: 2.245e-02  (f=1.18e-02 W=9.22e-03 I=1.39e-03 O=2.11e-06)
It: 10880, Loss: 2.461e-02  (f=1.40e-02 W=9.25e-03 I=1.40e-03 O=1.74e-06)
It: 10890, Loss: 2.238e-02  (f=1.17e-02 W=9.01e-03 I=1.65e-03 O=2.74e-06)
[1m-------------Baseline Loss---------------[0m
It: 10900, Loss: 3.683e-02  (f=2.63e-02 W=8.97e-03 I=1.56e-03 O=2.23e-06)
[1m-------------Baseline Loss---------------[0m
It: 10900, Loss: 2.228e-02  (f=1.18e-02 W=8.97e-03 I=1.56e-03 O=2.23e-06)
It: 10910, Loss: 2.449e-02  (f=1.37e-02 W=8.77e-03 I=1.98e-03 O=3.64e-06)
It: 10920, Loss: 2.398e-02  (f=1.31e-02 W=8.54e-03 I=2.33e-03 O=1.13e-05)
It: 10930, Loss: 2.206e-02  (f=1.16e-02 W=9.13e-03 I=1.32e-03 O=1.81e-06)
It: 10940, Loss: 2.530e-02  (f=1.47e-02 W=9.25e-03 I=1.36e-03 O=4.24e-06)
It: 10950, Loss: 2.262e-02  (f=1.19e-02 W=8.97e-03 I=1.75e-03 O=3.69e-06)
It: 10960, Loss: 2.201e-02  (f=1.15e-02 W=9.08e-03 I=1.39e-03 O=1.77e-06)
It: 10970, Loss: 2.241e-02  (f=1.19e-02 W=9.03e-03 I=1.43e-03 O=3.96e-06)
It: 10980, Loss: 2.396e-02  (f=1.35e-02 W=9.20e-03 I=1.26e-03 O=2.87e-06)
It: 10990, Loss: 2.210e-02  (f=1.16e-02 W=8.91e-03 I=1.57e-03 O=2.11e-06)
  [iter 11000] refining (adding high-residual pts) ...
  [adaptive] 43991 -> 45963  (+2442 added, -465 pruned, protected=5279, thr_accept=1.46e-01)
[1m-------------Baseline Loss---------------[0m
It: 11000, Loss: 3.828e-02  (f=2.78e-02 W=9.21e-03 I=1.25e-03 O=2.05e-06)
[1m-------------Baseline Loss---------------[0m
It: 11000, Loss: 2.347e-02  (f=1.30e-02 W=9.21e-03 I=1.25e-03 O=2.05e-06)
It: 11010, Loss: 3.472e-02  (f=2.39e-02 W=9.85e-03 I=9.98e-04 O=1.30e-05)
It: 11020, Loss: 2.356e-02  (f=1.27e-02 W=9.38e-03 I=1.46e-03 O=2.03e-06)
It: 11030, Loss: 2.251e-02  (f=1.17e-02 W=9.24e-03 I=1.54e-03 O=4.13e-06)
It: 11040, Loss: 2.289e-02  (f=1.22e-02 W=9.10e-03 I=1.60e-03 O=3.05e-06)
It: 11050, Loss: 2.324e-02  (f=1.24e-02 W=8.84e-03 I=1.95e-03 O=5.97e-06)
It: 11060, Loss: 2.336e-02  (f=1.28e-02 W=9.29e-03 I=1.30e-03 O=3.11e-06)
It: 11070, Loss: 2.246e-02  (f=1.20e-02 W=9.04e-03 I=1.47e-03 O=2.27e-06)
It: 11080, Loss: 2.242e-02  (f=1.20e-02 W=9.15e-03 I=1.29e-03 O=3.11e-06)
It: 11090, Loss: 2.373e-02  (f=1.33e-02 W=9.02e-03 I=1.39e-03 O=4.00e-06)
[1m-------------Baseline Loss---------------[0m
It: 11100, Loss: 4.109e-02  (f=3.03e-02 W=9.29e-03 I=1.50e-03 O=1.01e-05)
[1m-------------Baseline Loss---------------[0m
It: 11100, Loss: 2.500e-02  (f=1.42e-02 W=9.29e-03 I=1.50e-03 O=1.01e-05)
It: 11110, Loss: 2.413e-02  (f=1.32e-02 W=9.65e-03 I=1.27e-03 O=3.92e-06)
It: 11120, Loss: 2.239e-02  (f=1.17e-02 W=9.25e-03 I=1.47e-03 O=3.27e-06)
It: 11130, Loss: 2.200e-02  (f=1.15e-02 W=9.15e-03 I=1.37e-03 O=2.32e-06)
It: 11140, Loss: 2.194e-02  (f=1.16e-02 W=8.94e-03 I=1.45e-03 O=2.23e-06)
It: 11150, Loss: 2.401e-02  (f=1.35e-02 W=8.94e-03 I=1.56e-03 O=2.00e-06)
It: 11160, Loss: 2.253e-02  (f=1.22e-02 W=8.86e-03 I=1.50e-03 O=3.44e-06)
It: 11170, Loss: 2.383e-02  (f=1.34e-02 W=8.95e-03 I=1.46e-03 O=2.96e-06)
It: 11180, Loss: 2.233e-02  (f=1.19e-02 W=9.00e-03 I=1.42e-03 O=4.04e-06)
It: 11190, Loss: 2.487e-02  (f=1.44e-02 W=9.26e-03 I=1.16e-03 O=2.26e-05)
[1m-------------Baseline Loss---------------[0m
It: 11200, Loss: 3.742e-02  (f=2.71e-02 W=9.10e-03 I=1.25e-03 O=2.27e-06)
[1m-------------Baseline Loss---------------[0m
It: 11200, Loss: 2.259e-02  (f=1.22e-02 W=9.10e-03 I=1.25e-03 O=2.27e-06)
It: 11210, Loss: 2.326e-02  (f=1.28e-02 W=9.00e-03 I=1.44e-03 O=2.24e-06)
It: 11220, Loss: 2.231e-02  (f=1.20e-02 W=8.95e-03 I=1.38e-03 O=3.60e-06)
It: 11230, Loss: 2.499e-02  (f=1.44e-02 W=8.54e-03 I=2.07e-03 O=3.57e-06)
It: 11240, Loss: 2.363e-02  (f=1.32e-02 W=9.23e-03 I=1.20e-03 O=1.47e-05)
It: 11250, Loss: 2.263e-02  (f=1.21e-02 W=8.90e-03 I=1.61e-03 O=3.82e-06)
It: 11260, Loss: 2.234e-02  (f=1.18e-02 W=8.75e-03 I=1.77e-03 O=2.49e-06)
It: 11270, Loss: 2.296e-02  (f=1.26e-02 W=9.12e-03 I=1.19e-03 O=8.49e-06)
It: 11280, Loss: 2.266e-02  (f=1.24e-02 W=9.02e-03 I=1.25e-03 O=2.82e-06)
It: 11290, Loss: 2.580e-02  (f=1.55e-02 W=9.21e-03 I=1.11e-03 O=1.55e-05)
[1m-------------Baseline Loss---------------[0m
It: 11300, Loss: 3.803e-02  (f=2.77e-02 W=8.94e-03 I=1.43e-03 O=2.58e-06)
[1m-------------Baseline Loss---------------[0m
It: 11300, Loss: 2.249e-02  (f=1.21e-02 W=8.94e-03 I=1.43e-03 O=2.58e-06)
It: 11310, Loss: 2.299e-02  (f=1.27e-02 W=8.88e-03 I=1.46e-03 O=2.98e-06)
It: 11320, Loss: 2.251e-02  (f=1.23e-02 W=8.94e-03 I=1.31e-03 O=4.36e-06)
It: 11330, Loss: 2.225e-02  (f=1.21e-02 W=8.92e-03 I=1.20e-03 O=7.11e-06)
It: 11340, Loss: 2.332e-02  (f=1.31e-02 W=8.54e-03 I=1.67e-03 O=2.65e-06)
It: 11350, Loss: 2.485e-02  (f=1.42e-02 W=9.28e-03 I=1.35e-03 O=6.99e-06)
It: 11360, Loss: 2.427e-02  (f=1.34e-02 W=8.84e-03 I=2.01e-03 O=3.02e-06)
It: 11370, Loss: 2.200e-02  (f=1.15e-02 W=9.04e-03 I=1.50e-03 O=2.58e-06)
It: 11380, Loss: 2.245e-02  (f=1.20e-02 W=8.79e-03 I=1.61e-03 O=3.23e-06)
It: 11390, Loss: 2.402e-02  (f=1.36e-02 W=8.93e-03 I=1.49e-03 O=2.99e-06)
[1m-------------Baseline Loss---------------[0m
It: 11400, Loss: 4.246e-02  (f=3.21e-02 W=8.86e-03 I=1.54e-03 O=4.90e-06)
[1m-------------Baseline Loss---------------[0m
It: 11400, Loss: 2.480e-02  (f=1.44e-02 W=8.86e-03 I=1.54e-03 O=4.90e-06)
It: 11410, Loss: 2.245e-02  (f=1.21e-02 W=8.63e-03 I=1.68e-03 O=3.50e-06)
It: 11420, Loss: 2.219e-02  (f=1.20e-02 W=8.79e-03 I=1.35e-03 O=2.83e-06)
It: 11430, Loss: 2.552e-02  (f=1.50e-02 W=8.05e-03 I=2.41e-03 O=2.00e-05)
It: 11440, Loss: 2.393e-02  (f=1.36e-02 W=9.04e-03 I=1.27e-03 O=2.56e-05)
It: 11450, Loss: 2.303e-02  (f=1.25e-02 W=8.51e-03 I=2.03e-03 O=5.95e-06)
It: 11460, Loss: 2.244e-02  (f=1.21e-02 W=8.85e-03 I=1.46e-03 O=2.71e-06)
It: 11470, Loss: 2.233e-02  (f=1.22e-02 W=9.00e-03 I=1.15e-03 O=4.40e-06)
It: 11480, Loss: 2.294e-02  (f=1.28e-02 W=8.98e-03 I=1.18e-03 O=6.49e-06)
It: 11490, Loss: 2.212e-02  (f=1.21e-02 W=8.83e-03 I=1.23e-03 O=6.65e-06)
[1m-------------Baseline Loss---------------[0m
It: 11500, Loss: 3.791e-02  (f=2.79e-02 W=8.69e-03 I=1.31e-03 O=4.13e-06)
[1m-------------Baseline Loss---------------[0m
It: 11500, Loss: 2.202e-02  (f=1.20e-02 W=8.69e-03 I=1.31e-03 O=4.13e-06)
It: 11510, Loss: 2.525e-02  (f=1.50e-02 W=8.93e-03 I=1.29e-03 O=8.72e-06)
It: 11520, Loss: 2.267e-02  (f=1.25e-02 W=8.77e-03 I=1.42e-03 O=5.27e-06)
It: 11530, Loss: 2.181e-02  (f=1.18e-02 W=8.83e-03 I=1.17e-03 O=2.48e-06)
It: 11540, Loss: 2.519e-02  (f=1.48e-02 W=8.59e-03 I=1.76e-03 O=3.73e-06)
It: 11550, Loss: 2.397e-02  (f=1.35e-02 W=8.38e-03 I=2.04e-03 O=7.63e-06)
It: 11560, Loss: 2.169e-02  (f=1.16e-02 W=8.58e-03 I=1.55e-03 O=2.41e-06)
It: 11570, Loss: 2.303e-02  (f=1.29e-02 W=8.51e-03 I=1.66e-03 O=3.51e-06)
It: 11580, Loss: 2.168e-02  (f=1.16e-02 W=8.54e-03 I=1.50e-03 O=2.63e-06)
It: 11590, Loss: 2.263e-02  (f=1.26e-02 W=8.48e-03 I=1.57e-03 O=4.10e-06)
[1m-------------Baseline Loss---------------[0m
It: 11600, Loss: 4.164e-02  (f=3.15e-02 W=8.22e-03 I=1.91e-03 O=1.51e-05)
[1m-------------Baseline Loss---------------[0m
It: 11600, Loss: 2.384e-02  (f=1.37e-02 W=8.22e-03 I=1.91e-03 O=1.51e-05)
It: 11610, Loss: 2.284e-02  (f=1.27e-02 W=8.21e-03 I=1.90e-03 O=9.86e-06)
It: 11620, Loss: 2.199e-02  (f=1.22e-02 W=8.46e-03 I=1.36e-03 O=2.39e-06)
It: 11630, Loss: 2.944e-02  (f=1.91e-02 W=8.59e-03 I=1.77e-03 O=1.15e-05)
It: 11640, Loss: 2.489e-02  (f=1.44e-02 W=8.69e-03 I=1.79e-03 O=3.48e-06)
It: 11650, Loss: 2.219e-02  (f=1.20e-02 W=8.75e-03 I=1.45e-03 O=3.87e-06)
It: 11660, Loss: 2.176e-02  (f=1.16e-02 W=8.58e-03 I=1.55e-03 O=5.73e-06)
It: 11670, Loss: 2.266e-02  (f=1.26e-02 W=8.59e-03 I=1.46e-03 O=3.05e-06)
It: 11680, Loss: 2.307e-02  (f=1.29e-02 W=8.60e-03 I=1.53e-03 O=3.39e-06)
It: 11690, Loss: 2.798e-02  (f=1.77e-02 W=9.26e-03 I=9.79e-04 O=1.88e-05)
[1m-------------Baseline Loss---------------[0m
It: 11700, Loss: 3.899e-02  (f=2.85e-02 W=8.50e-03 I=2.00e-03 O=1.12e-05)
[1m-------------Baseline Loss---------------[0m
It: 11700, Loss: 2.291e-02  (f=1.24e-02 W=8.50e-03 I=2.00e-03 O=1.12e-05)
It: 11710, Loss: 2.219e-02  (f=1.20e-02 W=8.94e-03 I=1.21e-03 O=4.16e-06)
It: 11720, Loss: 2.155e-02  (f=1.15e-02 W=8.53e-03 I=1.53e-03 O=3.19e-06)
It: 11730, Loss: 2.142e-02  (f=1.16e-02 W=8.53e-03 I=1.34e-03 O=3.12e-06)
It: 11740, Loss: 2.347e-02  (f=1.35e-02 W=8.29e-03 I=1.65e-03 O=6.00e-06)
It: 11750, Loss: 2.376e-02  (f=1.38e-02 W=8.76e-03 I=1.21e-03 O=3.51e-06)
It: 11760, Loss: 2.176e-02  (f=1.18e-02 W=8.51e-03 I=1.44e-03 O=4.84e-06)
It: 11770, Loss: 2.636e-02  (f=1.64e-02 W=9.04e-03 I=9.26e-04 O=1.33e-05)
It: 11780, Loss: 2.280e-02  (f=1.27e-02 W=8.43e-03 I=1.71e-03 O=5.67e-06)
It: 11790, Loss: 2.272e-02  (f=1.26e-02 W=8.46e-03 I=1.62e-03 O=1.08e-05)
[1m-------------Baseline Loss---------------[0m
It: 11800, Loss: 3.800e-02  (f=2.79e-02 W=8.27e-03 I=1.83e-03 O=4.72e-06)
[1m-------------Baseline Loss---------------[0m
It: 11800, Loss: 2.186e-02  (f=1.18e-02 W=8.27e-03 I=1.83e-03 O=4.72e-06)
It: 11810, Loss: 2.248e-02  (f=1.26e-02 W=8.68e-03 I=1.15e-03 O=4.92e-06)
It: 11820, Loss: 2.418e-02  (f=1.43e-02 W=8.81e-03 I=1.00e-03 O=2.09e-05)
It: 11830, Loss: 2.464e-02  (f=1.48e-02 W=8.26e-03 I=1.57e-03 O=6.53e-06)
It: 11840, Loss: 2.246e-02  (f=1.27e-02 W=8.66e-03 I=1.10e-03 O=3.22e-06)
It: 11850, Loss: 2.288e-02  (f=1.31e-02 W=8.46e-03 I=1.28e-03 O=4.55e-06)
It: 11860, Loss: 2.450e-02  (f=1.46e-02 W=8.51e-03 I=1.36e-03 O=3.27e-06)
It: 11870, Loss: 2.450e-02  (f=1.43e-02 W=8.51e-03 I=1.66e-03 O=3.21e-06)
It: 11880, Loss: 2.232e-02  (f=1.21e-02 W=8.85e-03 I=1.34e-03 O=3.54e-06)
It: 11890, Loss: 2.180e-02  (f=1.18e-02 W=8.75e-03 I=1.26e-03 O=3.19e-06)
[1m-------------Baseline Loss---------------[0m
It: 11900, Loss: 3.852e-02  (f=2.86e-02 W=8.65e-03 I=1.25e-03 O=2.71e-06)
[1m-------------Baseline Loss---------------[0m
It: 11900, Loss: 2.223e-02  (f=1.23e-02 W=8.65e-03 I=1.25e-03 O=2.71e-06)
It: 11910, Loss: 2.202e-02  (f=1.21e-02 W=8.39e-03 I=1.54e-03 O=2.97e-06)
It: 11920, Loss: 2.180e-02  (f=1.21e-02 W=8.41e-03 I=1.32e-03 O=2.65e-06)
It: 11930, Loss: 2.206e-02  (f=1.24e-02 W=8.33e-03 I=1.27e-03 O=5.03e-06)
It: 11940, Loss: 2.261e-02  (f=1.30e-02 W=8.41e-03 I=1.21e-03 O=5.98e-06)
It: 11950, Loss: 2.242e-02  (f=1.25e-02 W=8.46e-03 I=1.44e-03 O=3.38e-06)
It: 11960, Loss: 2.214e-02  (f=1.22e-02 W=8.69e-03 I=1.27e-03 O=3.98e-06)
It: 11970, Loss: 2.311e-02  (f=1.32e-02 W=8.61e-03 I=1.31e-03 O=7.58e-06)
It: 11980, Loss: 2.267e-02  (f=1.29e-02 W=8.32e-03 I=1.48e-03 O=5.45e-06)
It: 11990, Loss: 2.262e-02  (f=1.25e-02 W=8.07e-03 I=2.01e-03 O=1.01e-05)
  [iter 12000] refining (adding high-residual pts) ...
  [adaptive] 45963 -> 48408  (+2831 added, -382 pruned, protected=5279, thr_accept=1.48e-01)
[1m-------------Baseline Loss---------------[0m
It: 12000, Loss: 3.967e-02  (f=2.98e-02 W=8.62e-03 I=1.28e-03 O=7.22e-06)
[1m-------------Baseline Loss---------------[0m
It: 12000, Loss: 2.298e-02  (f=1.31e-02 W=8.62e-03 I=1.28e-03 O=7.22e-06)
It: 12010, Loss: 2.220e-02  (f=1.24e-02 W=8.61e-03 I=1.15e-03 O=6.92e-06)
It: 12020, Loss: 2.296e-02  (f=1.32e-02 W=8.14e-03 I=1.58e-03 O=2.90e-06)
It: 12030, Loss: 2.181e-02  (f=1.20e-02 W=8.03e-03 I=1.76e-03 O=4.89e-06)
It: 12040, Loss: 2.769e-02  (f=1.73e-02 W=7.50e-03 I=2.83e-03 O=5.49e-05)
It: 12050, Loss: 2.221e-02  (f=1.26e-02 W=8.44e-03 I=1.18e-03 O=5.77e-06)
It: 12060, Loss: 2.166e-02  (f=1.21e-02 W=8.41e-03 I=1.17e-03 O=3.27e-06)
It: 12070, Loss: 2.117e-02  (f=1.16e-02 W=8.10e-03 I=1.50e-03 O=3.10e-06)
It: 12080, Loss: 2.149e-02  (f=1.19e-02 W=8.08e-03 I=1.50e-03 O=3.03e-06)
It: 12090, Loss: 2.412e-02  (f=1.44e-02 W=8.08e-03 I=1.63e-03 O=3.10e-06)
[1m-------------Baseline Loss---------------[0m
It: 12100, Loss: 5.337e-02  (f=4.28e-02 W=8.93e-03 I=1.62e-03 O=4.58e-06)
[1m-------------Baseline Loss---------------[0m
It: 12100, Loss: 2.918e-02  (f=1.86e-02 W=8.93e-03 I=1.62e-03 O=4.58e-06)
It: 12110, Loss: 2.500e-02  (f=1.43e-02 W=8.84e-03 I=1.87e-03 O=8.19e-06)
It: 12120, Loss: 2.322e-02  (f=1.29e-02 W=9.02e-03 I=1.24e-03 O=2.11e-05)
It: 12130, Loss: 2.207e-02  (f=1.19e-02 W=8.28e-03 I=1.91e-03 O=3.68e-06)
It: 12140, Loss: 2.136e-02  (f=1.15e-02 W=8.40e-03 I=1.44e-03 O=3.92e-06)
It: 12150, Loss: 2.178e-02  (f=1.21e-02 W=8.34e-03 I=1.38e-03 O=2.69e-06)
It: 12160, Loss: 2.137e-02  (f=1.18e-02 W=8.34e-03 I=1.24e-03 O=5.11e-06)
It: 12170, Loss: 2.509e-02  (f=1.54e-02 W=8.52e-03 I=1.12e-03 O=1.74e-05)
It: 12180, Loss: 2.285e-02  (f=1.32e-02 W=8.67e-03 I=9.77e-04 O=1.33e-05)
It: 12190, Loss: 2.236e-02  (f=1.28e-02 W=8.25e-03 I=1.31e-03 O=5.51e-06)
[1m-------------Baseline Loss---------------[0m
It: 12200, Loss: 3.829e-02  (f=2.88e-02 W=8.10e-03 I=1.41e-03 O=2.75e-06)
[1m-------------Baseline Loss---------------[0m
It: 12200, Loss: 2.142e-02  (f=1.19e-02 W=8.10e-03 I=1.41e-03 O=2.75e-06)
It: 12210, Loss: 2.158e-02  (f=1.21e-02 W=8.05e-03 I=1.43e-03 O=3.13e-06)
It: 12220, Loss: 2.151e-02  (f=1.20e-02 W=8.08e-03 I=1.42e-03 O=3.77e-06)
It: 12230, Loss: 2.440e-02  (f=1.45e-02 W=8.07e-03 I=1.80e-03 O=1.16e-05)
It: 12240, Loss: 2.122e-02  (f=1.15e-02 W=8.34e-03 I=1.33e-03 O=3.58e-06)
It: 12250, Loss: 2.425e-02  (f=1.47e-02 W=8.46e-03 I=1.07e-03 O=8.22e-06)
It: 12260, Loss: 2.176e-02  (f=1.21e-02 W=8.06e-03 I=1.61e-03 O=4.59e-06)
It: 12270, Loss: 2.324e-02  (f=1.35e-02 W=8.15e-03 I=1.58e-03 O=5.33e-06)
It: 12280, Loss: 2.263e-02  (f=1.30e-02 W=8.52e-03 I=1.11e-03 O=1.54e-05)
It: 12290, Loss: 2.219e-02  (f=1.26e-02 W=8.59e-03 I=9.83e-04 O=5.89e-06)
[1m-------------Baseline Loss---------------[0m
It: 12300, Loss: 3.844e-02  (f=2.89e-02 W=8.37e-03 I=1.15e-03 O=5.48e-06)
[1m-------------Baseline Loss---------------[0m
It: 12300, Loss: 2.160e-02  (f=1.21e-02 W=8.37e-03 I=1.15e-03 O=5.48e-06)
It: 12310, Loss: 2.638e-02  (f=1.66e-02 W=8.61e-03 I=1.12e-03 O=1.04e-05)
It: 12320, Loss: 2.274e-02  (f=1.29e-02 W=7.90e-03 I=1.90e-03 O=8.35e-06)
It: 12330, Loss: 2.195e-02  (f=1.21e-02 W=8.06e-03 I=1.74e-03 O=5.26e-06)
It: 12340, Loss: 2.152e-02  (f=1.19e-02 W=8.29e-03 I=1.33e-03 O=3.80e-06)
It: 12350, Loss: 2.107e-02  (f=1.16e-02 W=8.00e-03 I=1.49e-03 O=3.27e-06)
It: 12360, Loss: 2.243e-02  (f=1.29e-02 W=7.86e-03 I=1.65e-03 O=4.96e-06)
It: 12370, Loss: 2.471e-02  (f=1.51e-02 W=8.41e-03 I=1.18e-03 O=9.32e-06)
It: 12380, Loss: 2.304e-02  (f=1.33e-02 W=7.97e-03 I=1.75e-03 O=3.99e-06)
It: 12390, Loss: 2.396e-02  (f=1.45e-02 W=8.39e-03 I=1.07e-03 O=1.00e-05)
[1m-------------Baseline Loss---------------[0m
It: 12400, Loss: 3.870e-02  (f=2.92e-02 W=8.11e-03 I=1.40e-03 O=4.96e-06)
[1m-------------Baseline Loss---------------[0m
It: 12400, Loss: 2.139e-02  (f=1.19e-02 W=8.11e-03 I=1.40e-03 O=4.96e-06)
It: 12410, Loss: 2.308e-02  (f=1.35e-02 W=8.29e-03 I=1.32e-03 O=3.32e-06)
It: 12420, Loss: 2.157e-02  (f=1.21e-02 W=8.28e-03 I=1.22e-03 O=8.65e-06)
It: 12430, Loss: 2.129e-02  (f=1.19e-02 W=8.24e-03 I=1.11e-03 O=3.57e-06)
It: 12440, Loss: 2.115e-02  (f=1.18e-02 W=7.89e-03 I=1.47e-03 O=4.70e-06)
It: 12450, Loss: 3.025e-02  (f=2.05e-02 W=8.46e-03 I=1.29e-03 O=1.49e-05)
It: 12460, Loss: 2.437e-02  (f=1.43e-02 W=8.30e-03 I=1.72e-03 O=4.52e-06)
It: 12470, Loss: 2.221e-02  (f=1.24e-02 W=8.44e-03 I=1.37e-03 O=3.68e-06)
It: 12480, Loss: 2.142e-02  (f=1.17e-02 W=8.20e-03 I=1.47e-03 O=4.72e-06)
It: 12490, Loss: 2.214e-02  (f=1.26e-02 W=8.31e-03 I=1.19e-03 O=4.92e-06)
[1m-------------Baseline Loss---------------[0m
It: 12500, Loss: 3.994e-02  (f=3.04e-02 W=8.44e-03 I=1.04e-03 O=1.36e-05)
[1m-------------Baseline Loss---------------[0m
It: 12500, Loss: 2.296e-02  (f=1.35e-02 W=8.44e-03 I=1.04e-03 O=1.36e-05)
It: 12510, Loss: 2.185e-02  (f=1.24e-02 W=7.82e-03 I=1.66e-03 O=4.99e-06)
It: 12520, Loss: 2.149e-02  (f=1.21e-02 W=8.09e-03 I=1.30e-03 O=7.58e-06)
It: 12530, Loss: 2.257e-02  (f=1.32e-02 W=8.41e-03 I=9.17e-04 O=1.47e-05)
It: 12540, Loss: 2.089e-02  (f=1.16e-02 W=7.95e-03 I=1.35e-03 O=3.31e-06)
It: 12550, Loss: 2.168e-02  (f=1.24e-02 W=8.23e-03 I=1.06e-03 O=5.99e-06)
It: 12560, Loss: 2.258e-02  (f=1.33e-02 W=8.06e-03 I=1.26e-03 O=9.78e-06)
It: 12570, Loss: 2.264e-02  (f=1.33e-02 W=8.12e-03 I=1.26e-03 O=5.43e-06)
It: 12580, Loss: 2.294e-02  (f=1.34e-02 W=7.72e-03 I=1.79e-03 O=6.45e-06)
It: 12590, Loss: 2.094e-02  (f=1.16e-02 W=7.94e-03 I=1.43e-03 O=3.29e-06)
[1m-------------Baseline Loss---------------[0m
It: 12600, Loss: 4.082e-02  (f=3.15e-02 W=8.37e-03 I=9.12e-04 O=1.92e-05)
[1m-------------Baseline Loss---------------[0m
It: 12600, Loss: 2.298e-02  (f=1.37e-02 W=8.37e-03 I=9.12e-04 O=1.92e-05)
It: 12610, Loss: 2.224e-02  (f=1.30e-02 W=8.11e-03 I=1.11e-03 O=1.54e-05)
It: 12620, Loss: 2.214e-02  (f=1.27e-02 W=7.89e-03 I=1.51e-03 O=5.67e-06)
It: 12630, Loss: 2.282e-02  (f=1.35e-02 W=7.92e-03 I=1.42e-03 O=4.12e-06)
It: 12640, Loss: 2.119e-02  (f=1.18e-02 W=7.99e-03 I=1.39e-03 O=5.16e-06)
It: 12650, Loss: 2.092e-02  (f=1.16e-02 W=8.04e-03 I=1.24e-03 O=3.20e-06)
It: 12660, Loss: 2.200e-02  (f=1.27e-02 W=8.08e-03 I=1.23e-03 O=3.68e-06)
It: 12670, Loss: 2.161e-02  (f=1.23e-02 W=7.79e-03 I=1.55e-03 O=3.77e-06)
It: 12680, Loss: 2.145e-02  (f=1.21e-02 W=7.79e-03 I=1.52e-03 O=4.07e-06)
It: 12690, Loss: 2.120e-02  (f=1.20e-02 W=7.86e-03 I=1.38e-03 O=3.32e-06)
[1m-------------Baseline Loss---------------[0m
It: 12700, Loss: 6.887e-02  (f=5.87e-02 W=8.25e-03 I=1.91e-03 O=6.34e-06)
[1m-------------Baseline Loss---------------[0m
It: 12700, Loss: 3.526e-02  (f=2.51e-02 W=8.25e-03 I=1.91e-03 O=6.34e-06)
It: 12710, Loss: 2.387e-02  (f=1.37e-02 W=8.34e-03 I=1.84e-03 O=8.11e-06)
It: 12720, Loss: 2.317e-02  (f=1.32e-02 W=8.65e-03 I=1.33e-03 O=4.84e-06)
It: 12730, Loss: 2.199e-02  (f=1.22e-02 W=8.53e-03 I=1.21e-03 O=1.23e-05)
It: 12740, Loss: 2.104e-02  (f=1.14e-02 W=8.18e-03 I=1.42e-03 O=3.52e-06)
It: 12750, Loss: 2.155e-02  (f=1.22e-02 W=8.22e-03 I=1.12e-03 O=6.00e-06)
It: 12760, Loss: 2.184e-02  (f=1.26e-02 W=8.24e-03 I=1.00e-03 O=8.70e-06)
It: 12770, Loss: 2.206e-02  (f=1.28e-02 W=7.99e-03 I=1.27e-03 O=9.39e-06)
It: 12780, Loss: 2.184e-02  (f=1.26e-02 W=8.03e-03 I=1.20e-03 O=6.90e-06)
It: 12790, Loss: 2.271e-02  (f=1.35e-02 W=8.28e-03 I=9.63e-04 O=9.04e-06)
[1m-------------Baseline Loss---------------[0m
It: 12800, Loss: 4.213e-02  (f=3.28e-02 W=7.69e-03 I=1.69e-03 O=5.16e-06)
[1m-------------Baseline Loss---------------[0m
It: 12800, Loss: 2.288e-02  (f=1.35e-02 W=7.69e-03 I=1.69e-03 O=5.16e-06)
It: 12810, Loss: 2.258e-02  (f=1.34e-02 W=8.19e-03 I=1.01e-03 O=1.06e-05)
It: 12820, Loss: 2.207e-02  (f=1.28e-02 W=7.98e-03 I=1.24e-03 O=6.77e-06)
It: 12830, Loss: 2.130e-02  (f=1.21e-02 W=8.04e-03 I=1.15e-03 O=5.87e-06)
It: 12840, Loss: 2.160e-02  (f=1.24e-02 W=8.07e-03 I=1.08e-03 O=1.09e-05)
It: 12850, Loss: 2.410e-02  (f=1.48e-02 W=7.90e-03 I=1.42e-03 O=9.03e-06)
It: 12860, Loss: 2.265e-02  (f=1.32e-02 W=7.96e-03 I=1.45e-03 O=5.57e-06)
It: 12870, Loss: 2.322e-02  (f=1.37e-02 W=7.53e-03 I=1.99e-03 O=3.02e-05)
It: 12880, Loss: 2.245e-02  (f=1.32e-02 W=8.20e-03 I=1.01e-03 O=6.22e-06)
It: 12890, Loss: 2.276e-02  (f=1.33e-02 W=7.52e-03 I=1.89e-03 O=7.79e-06)
[1m-------------Baseline Loss---------------[0m
It: 12900, Loss: 3.968e-02  (f=3.04e-02 W=8.04e-03 I=1.19e-03 O=6.47e-06)
[1m-------------Baseline Loss---------------[0m
It: 12900, Loss: 2.164e-02  (f=1.24e-02 W=8.04e-03 I=1.19e-03 O=6.47e-06)
It: 12910, Loss: 2.092e-02  (f=1.17e-02 W=7.71e-03 I=1.53e-03 O=3.50e-06)
It: 12920, Loss: 2.163e-02  (f=1.26e-02 W=8.05e-03 I=1.00e-03 O=4.09e-06)
It: 12930, Loss: 2.216e-02  (f=1.30e-02 W=7.82e-03 I=1.36e-03 O=5.00e-06)
It: 12940, Loss: 2.149e-02  (f=1.23e-02 W=8.09e-03 I=1.06e-03 O=3.80e-06)
It: 12950, Loss: 2.316e-02  (f=1.39e-02 W=7.82e-03 I=1.43e-03 O=4.15e-06)
It: 12960, Loss: 2.222e-02  (f=1.31e-02 W=8.21e-03 I=8.87e-04 O=1.55e-05)
It: 12970, Loss: 2.081e-02  (f=1.18e-02 W=7.93e-03 I=1.11e-03 O=6.09e-06)
It: 12980, Loss: 2.140e-02  (f=1.23e-02 W=7.56e-03 I=1.56e-03 O=1.33e-05)
It: 12990, Loss: 2.746e-02  (f=1.80e-02 W=7.70e-03 I=1.74e-03 O=1.15e-05)
  [iter 13000] refining (adding high-residual pts) ...
  [adaptive] cap enforced: trimmed to 50000
  [adaptive] 48408 -> 50000  (+5849 added, -466 pruned, protected=5279, thr_accept=1.47e-01)
[1m-------------Baseline Loss---------------[0m
It: 13000, Loss: 4.220e-02  (f=3.28e-02 W=8.12e-03 I=1.31e-03 O=9.43e-06)
[1m-------------Baseline Loss---------------[0m
It: 13000, Loss: 2.298e-02  (f=1.35e-02 W=8.12e-03 I=1.31e-03 O=9.43e-06)
It: 13010, Loss: 2.353e-02  (f=1.42e-02 W=8.33e-03 I=9.73e-04 O=7.91e-06)
It: 13020, Loss: 2.108e-02  (f=1.18e-02 W=7.82e-03 I=1.47e-03 O=3.76e-06)
It: 13030, Loss: 2.115e-02  (f=1.21e-02 W=8.03e-03 I=1.03e-03 O=7.87e-06)
It: 13040, Loss: 2.499e-02  (f=1.58e-02 W=8.20e-03 I=9.40e-04 O=1.69e-05)
It: 13050, Loss: 2.271e-02  (f=1.33e-02 W=7.94e-03 I=1.42e-03 O=5.31e-06)
It: 13060, Loss: 2.163e-02  (f=1.24e-02 W=8.12e-03 I=1.12e-03 O=1.16e-05)
It: 13070, Loss: 2.167e-02  (f=1.25e-02 W=7.95e-03 I=1.22e-03 O=4.19e-06)
It: 13080, Loss: 2.158e-02  (f=1.23e-02 W=7.64e-03 I=1.58e-03 O=1.48e-05)
It: 13090, Loss: 2.192e-02  (f=1.28e-02 W=7.66e-03 I=1.47e-03 O=9.01e-06)
[1m-------------Baseline Loss---------------[0m
It: 13100, Loss: 4.511e-02  (f=3.58e-02 W=7.66e-03 I=1.63e-03 O=1.14e-05)
[1m-------------Baseline Loss---------------[0m
It: 13100, Loss: 2.396e-02  (f=1.47e-02 W=7.66e-03 I=1.63e-03 O=1.14e-05)
It: 13110, Loss: 2.214e-02  (f=1.29e-02 W=8.05e-03 I=1.16e-03 O=9.11e-06)
It: 13120, Loss: 2.364e-02  (f=1.42e-02 W=7.82e-03 I=1.61e-03 O=1.27e-05)
It: 13130, Loss: 2.184e-02  (f=1.26e-02 W=8.16e-03 I=1.03e-03 O=7.87e-06)
It: 13140, Loss: 2.079e-02  (f=1.17e-02 W=7.74e-03 I=1.39e-03 O=4.60e-06)
It: 13150, Loss: 2.161e-02  (f=1.25e-02 W=7.72e-03 I=1.41e-03 O=4.55e-06)
It: 13160, Loss: 2.090e-02  (f=1.19e-02 W=7.80e-03 I=1.18e-03 O=5.17e-06)
It: 13170, Loss: 2.221e-02  (f=1.32e-02 W=7.97e-03 I=1.03e-03 O=4.42e-06)
It: 13180, Loss: 2.241e-02  (f=1.34e-02 W=7.99e-03 I=9.63e-04 O=7.49e-06)
It: 13190, Loss: 2.157e-02  (f=1.26e-02 W=7.63e-03 I=1.31e-03 O=3.57e-06)
[1m-------------Baseline Loss---------------[0m
It: 13200, Loss: 4.181e-02  (f=3.27e-02 W=7.47e-03 I=1.63e-03 O=6.13e-06)
[1m-------------Baseline Loss---------------[0m
It: 13200, Loss: 2.211e-02  (f=1.30e-02 W=7.47e-03 I=1.63e-03 O=6.13e-06)
It: 13210, Loss: 2.177e-02  (f=1.29e-02 W=7.68e-03 I=1.23e-03 O=4.70e-06)
It: 13220, Loss: 2.100e-02  (f=1.20e-02 W=7.65e-03 I=1.34e-03 O=2.96e-06)
It: 13230, Loss: 2.230e-02  (f=1.33e-02 W=7.82e-03 I=1.14e-03 O=1.14e-05)
It: 13240, Loss: 2.597e-02  (f=1.67e-02 W=7.69e-03 I=1.62e-03 O=4.58e-06)
It: 13250, Loss: 2.207e-02  (f=1.29e-02 W=7.91e-03 I=1.30e-03 O=3.29e-06)
It: 13260, Loss: 2.148e-02  (f=1.23e-02 W=7.74e-03 I=1.40e-03 O=4.64e-06)
It: 13270, Loss: 2.153e-02  (f=1.26e-02 W=7.94e-03 I=1.03e-03 O=4.56e-06)
It: 13280, Loss: 2.168e-02  (f=1.28e-02 W=7.86e-03 I=1.04e-03 O=4.20e-06)
It: 13290, Loss: 2.227e-02  (f=1.33e-02 W=8.03e-03 I=9.68e-04 O=9.58e-06)
[1m-------------Baseline Loss---------------[0m
It: 13300, Loss: 4.157e-02  (f=3.24e-02 W=7.90e-03 I=1.25e-03 O=6.04e-06)
[1m-------------Baseline Loss---------------[0m
It: 13300, Loss: 2.209e-02  (f=1.29e-02 W=7.90e-03 I=1.25e-03 O=6.04e-06)
It: 13310, Loss: 2.352e-02  (f=1.41e-02 W=7.54e-03 I=1.82e-03 O=3.51e-06)
It: 13320, Loss: 2.135e-02  (f=1.23e-02 W=7.94e-03 I=1.13e-03 O=7.11e-06)
It: 13330, Loss: 2.075e-02  (f=1.18e-02 W=7.70e-03 I=1.29e-03 O=4.51e-06)
It: 13340, Loss: 2.395e-02  (f=1.50e-02 W=8.09e-03 I=8.88e-04 O=2.31e-05)
It: 13350, Loss: 2.188e-02  (f=1.28e-02 W=7.43e-03 I=1.65e-03 O=6.92e-06)
It: 13360, Loss: 2.089e-02  (f=1.19e-02 W=7.67e-03 I=1.28e-03 O=4.93e-06)
It: 13370, Loss: 2.295e-02  (f=1.39e-02 W=7.66e-03 I=1.37e-03 O=6.44e-06)
It: 13380, Loss: 2.151e-02  (f=1.24e-02 W=7.56e-03 I=1.57e-03 O=1.14e-05)
It: 13390, Loss: 2.118e-02  (f=1.22e-02 W=7.81e-03 I=1.14e-03 O=3.90e-06)
[1m-------------Baseline Loss---------------[0m
It: 13400, Loss: 4.527e-02  (f=3.59e-02 W=7.07e-03 I=2.28e-03 O=1.97e-05)
[1m-------------Baseline Loss---------------[0m
It: 13400, Loss: 2.468e-02  (f=1.53e-02 W=7.07e-03 I=2.28e-03 O=1.97e-05)
It: 13410, Loss: 2.160e-02  (f=1.27e-02 W=7.87e-03 I=9.89e-04 O=9.45e-06)
It: 13420, Loss: 2.161e-02  (f=1.27e-02 W=7.56e-03 I=1.38e-03 O=4.55e-06)
It: 13430, Loss: 2.075e-02  (f=1.18e-02 W=7.43e-03 I=1.53e-03 O=4.58e-06)
It: 13440, Loss: 2.210e-02  (f=1.33e-02 W=7.87e-03 I=9.38e-04 O=1.58e-05)
It: 13450, Loss: 2.053e-02  (f=1.17e-02 W=7.46e-03 I=1.36e-03 O=3.98e-06)
It: 13460, Loss: 2.259e-02  (f=1.37e-02 W=7.31e-03 I=1.58e-03 O=6.08e-06)
It: 13470, Loss: 2.096e-02  (f=1.19e-02 W=7.63e-03 I=1.44e-03 O=2.92e-06)
It: 13480, Loss: 2.195e-02  (f=1.28e-02 W=7.92e-03 I=1.23e-03 O=6.49e-06)
It: 13490, Loss: 2.069e-02  (f=1.17e-02 W=7.92e-03 I=1.09e-03 O=3.54e-06)
[1m-------------Baseline Loss---------------[0m
It: 13500, Loss: 4.060e-02  (f=3.16e-02 W=7.65e-03 I=1.32e-03 O=6.73e-06)
[1m-------------Baseline Loss---------------[0m
It: 13500, Loss: 2.164e-02  (f=1.27e-02 W=7.65e-03 I=1.32e-03 O=6.73e-06)
It: 13510, Loss: 2.070e-02  (f=1.18e-02 W=7.55e-03 I=1.34e-03 O=3.38e-06)
It: 13520, Loss: 2.050e-02  (f=1.17e-02 W=7.60e-03 I=1.18e-03 O=3.68e-06)
It: 13530, Loss: 2.284e-02  (f=1.40e-02 W=7.78e-03 I=1.02e-03 O=3.96e-06)
It: 13540, Loss: 2.138e-02  (f=1.25e-02 W=7.38e-03 I=1.53e-03 O=4.44e-06)
It: 13550, Loss: 2.340e-02  (f=1.46e-02 W=7.95e-03 I=8.87e-04 O=1.00e-05)
It: 13560, Loss: 2.301e-02  (f=1.39e-02 W=7.26e-03 I=1.86e-03 O=1.75e-05)
It: 13570, Loss: 2.122e-02  (f=1.23e-02 W=7.84e-03 I=1.05e-03 O=8.22e-06)
It: 13580, Loss: 2.066e-02  (f=1.19e-02 W=7.40e-03 I=1.39e-03 O=3.75e-06)
It: 13590, Loss: 2.048e-02  (f=1.18e-02 W=7.55e-03 I=1.09e-03 O=3.89e-06)
[1m-------------Baseline Loss---------------[0m
It: 13600, Loss: 4.206e-02  (f=3.34e-02 W=7.56e-03 I=1.13e-03 O=4.22e-06)
[1m-------------Baseline Loss---------------[0m
It: 13600, Loss: 2.190e-02  (f=1.32e-02 W=7.56e-03 I=1.13e-03 O=4.22e-06)
It: 13610, Loss: 2.441e-02  (f=1.56e-02 W=7.64e-03 I=1.19e-03 O=4.51e-06)
It: 13620, Loss: 2.091e-02  (f=1.20e-02 W=7.82e-03 I=1.09e-03 O=4.69e-06)
It: 13630, Loss: 2.160e-02  (f=1.27e-02 W=7.52e-03 I=1.36e-03 O=6.48e-06)
It: 13640, Loss: 2.048e-02  (f=1.17e-02 W=7.67e-03 I=1.09e-03 O=4.32e-06)
It: 13650, Loss: 2.194e-02  (f=1.31e-02 W=7.58e-03 I=1.27e-03 O=3.53e-06)
It: 13660, Loss: 2.209e-02  (f=1.31e-02 W=7.55e-03 I=1.47e-03 O=1.01e-05)
It: 13670, Loss: 2.090e-02  (f=1.21e-02 W=7.62e-03 I=1.14e-03 O=3.43e-06)
It: 13680, Loss: 2.049e-02  (f=1.16e-02 W=7.45e-03 I=1.41e-03 O=4.04e-06)
It: 13690, Loss: 2.036e-02  (f=1.16e-02 W=7.36e-03 I=1.42e-03 O=4.42e-06)
[1m-------------Baseline Loss---------------[0m
It: 13700, Loss: 4.865e-02  (f=3.98e-02 W=7.70e-03 I=1.09e-03 O=1.10e-05)
[1m-------------Baseline Loss---------------[0m
It: 13700, Loss: 2.511e-02  (f=1.63e-02 W=7.70e-03 I=1.09e-03 O=1.10e-05)
It: 13710, Loss: 2.772e-02  (f=1.80e-02 W=7.93e-03 I=1.76e-03 O=4.18e-06)
It: 13720, Loss: 2.233e-02  (f=1.26e-02 W=7.81e-03 I=1.87e-03 O=1.92e-05)
It: 13730, Loss: 2.112e-02  (f=1.18e-02 W=8.02e-03 I=1.26e-03 O=3.48e-06)
It: 13740, Loss: 2.056e-02  (f=1.15e-02 W=7.70e-03 I=1.35e-03 O=4.66e-06)
It: 13750, Loss: 2.047e-02  (f=1.16e-02 W=7.76e-03 I=1.13e-03 O=8.14e-06)
It: 13760, Loss: 2.078e-02  (f=1.20e-02 W=7.53e-03 I=1.27e-03 O=5.11e-06)
It: 13770, Loss: 2.065e-02  (f=1.19e-02 W=7.65e-03 I=1.09e-03 O=6.04e-06)
It: 13780, Loss: 2.146e-02  (f=1.28e-02 W=7.76e-03 I=8.94e-04 O=1.62e-05)
It: 13790, Loss: 2.065e-02  (f=1.20e-02 W=7.43e-03 I=1.20e-03 O=4.12e-06)
[1m-------------Baseline Loss---------------[0m
It: 13800, Loss: 4.367e-02  (f=3.48e-02 W=7.01e-03 I=1.88e-03 O=1.79e-05)
[1m-------------Baseline Loss---------------[0m
It: 13800, Loss: 2.308e-02  (f=1.42e-02 W=7.01e-03 I=1.88e-03 O=1.79e-05)
It: 13810, Loss: 2.099e-02  (f=1.24e-02 W=7.71e-03 I=8.72e-04 O=4.58e-06)
It: 13820, Loss: 2.037e-02  (f=1.17e-02 W=7.45e-03 I=1.20e-03 O=3.08e-06)
It: 13830, Loss: 2.184e-02  (f=1.32e-02 W=7.34e-03 I=1.31e-03 O=1.43e-05)
It: 13840, Loss: 2.151e-02  (f=1.29e-02 W=7.46e-03 I=1.19e-03 O=3.02e-06)
It: 13850, Loss: 2.166e-02  (f=1.27e-02 W=7.34e-03 I=1.59e-03 O=1.28e-05)
It: 13860, Loss: 2.226e-02  (f=1.34e-02 W=7.95e-03 I=8.70e-04 O=5.52e-06)
It: 13870, Loss: 2.239e-02  (f=1.35e-02 W=7.94e-03 I=9.40e-04 O=7.55e-06)
It: 13880, Loss: 2.116e-02  (f=1.23e-02 W=7.74e-03 I=1.15e-03 O=5.99e-06)
It: 13890, Loss: 2.043e-02  (f=1.16e-02 W=7.44e-03 I=1.35e-03 O=4.38e-06)
[1m-------------Baseline Loss---------------[0m
It: 13900, Loss: 3.928e-02  (f=3.06e-02 W=7.46e-03 I=1.26e-03 O=5.73e-06)
[1m-------------Baseline Loss---------------[0m
It: 13900, Loss: 2.058e-02  (f=1.19e-02 W=7.46e-03 I=1.26e-03 O=5.73e-06)
It: 13910, Loss: 2.033e-02  (f=1.17e-02 W=7.46e-03 I=1.11e-03 O=4.00e-06)
It: 13920, Loss: 2.026e-02  (f=1.17e-02 W=7.30e-03 I=1.23e-03 O=4.10e-06)
It: 13930, Loss: 2.129e-02  (f=1.28e-02 W=7.49e-03 I=1.04e-03 O=3.12e-06)
It: 13940, Loss: 2.157e-02  (f=1.30e-02 W=7.37e-03 I=1.23e-03 O=7.54e-06)
It: 13950, Loss: 2.048e-02  (f=1.19e-02 W=7.49e-03 I=1.06e-03 O=4.99e-06)
It: 13960, Loss: 2.795e-02  (f=1.92e-02 W=7.96e-03 I=7.05e-04 O=4.95e-05)
It: 13970, Loss: 2.629e-02  (f=1.69e-02 W=6.96e-03 I=2.37e-03 O=5.40e-05)
It: 13980, Loss: 2.145e-02  (f=1.27e-02 W=7.60e-03 I=1.15e-03 O=5.26e-06)
It: 13990, Loss: 2.228e-02  (f=1.35e-02 W=7.45e-03 I=1.36e-03 O=3.74e-06)
  [iter 14000] refining (adding high-residual pts) ...
  [adaptive] cap enforced: trimmed to 50000
  [adaptive] 50000 -> 50000  (+6639 added, -0 pruned, protected=5279, thr_accept=2.08e-01)
[1m-------------Baseline Loss---------------[0m
It: 14000, Loss: 3.949e-02  (f=3.08e-02 W=7.54e-03 I=1.18e-03 O=6.26e-06)
[1m-------------Baseline Loss---------------[0m
It: 14000, Loss: 2.071e-02  (f=1.20e-02 W=7.54e-03 I=1.18e-03 O=6.26e-06)
It: 14010, Loss: 2.216e-02  (f=1.35e-02 W=7.46e-03 I=1.24e-03 O=4.74e-06)
It: 14020, Loss: 2.026e-02  (f=1.16e-02 W=7.49e-03 I=1.18e-03 O=3.89e-06)
It: 14030, Loss: 2.057e-02  (f=1.20e-02 W=7.44e-03 I=1.16e-03 O=4.01e-06)
It: 14040, Loss: 2.189e-02  (f=1.33e-02 W=7.40e-03 I=1.22e-03 O=9.93e-06)
It: 14050, Loss: 2.145e-02  (f=1.28e-02 W=7.27e-03 I=1.39e-03 O=4.03e-06)
It: 14060, Loss: 2.015e-02  (f=1.17e-02 W=7.39e-03 I=1.03e-03 O=4.12e-06)
It: 14070, Loss: 2.021e-02  (f=1.18e-02 W=7.23e-03 I=1.16e-03 O=3.36e-06)
It: 14080, Loss: 2.080e-02  (f=1.23e-02 W=7.22e-03 I=1.24e-03 O=5.23e-06)
It: 14090, Loss: 2.171e-02  (f=1.32e-02 W=7.09e-03 I=1.37e-03 O=2.97e-06)
[1m-------------Baseline Loss---------------[0m
It: 14100, Loss: 4.052e-02  (f=3.11e-02 W=7.79e-03 I=1.65e-03 O=3.81e-06)
[1m-------------Baseline Loss---------------[0m
It: 14100, Loss: 2.178e-02  (f=1.23e-02 W=7.79e-03 I=1.65e-03 O=3.81e-06)
It: 14110, Loss: 2.813e-02  (f=1.79e-02 W=8.31e-03 I=1.95e-03 O=3.09e-06)
It: 14120, Loss: 2.247e-02  (f=1.26e-02 W=8.60e-03 I=1.22e-03 O=3.98e-06)
It: 14130, Loss: 2.050e-02  (f=1.10e-02 W=8.08e-03 I=1.41e-03 O=7.83e-06)
It: 14140, Loss: 2.030e-02  (f=1.11e-02 W=7.66e-03 I=1.52e-03 O=4.07e-06)
It: 14150, Loss: 2.043e-02  (f=1.15e-02 W=7.70e-03 I=1.23e-03 O=6.85e-06)
It: 14160, Loss: 2.009e-02  (f=1.14e-02 W=7.53e-03 I=1.16e-03 O=3.83e-06)
It: 14170, Loss: 2.018e-02  (f=1.16e-02 W=7.27e-03 I=1.34e-03 O=3.37e-06)
It: 14180, Loss: 2.038e-02  (f=1.18e-02 W=7.22e-03 I=1.32e-03 O=2.95e-06)
It: 14190, Loss: 2.542e-02  (f=1.63e-02 W=6.77e-03 I=2.31e-03 O=3.25e-05)
[1m-------------Baseline Loss---------------[0m
It: 14200, Loss: 3.924e-02  (f=3.06e-02 W=7.44e-03 I=1.16e-03 O=1.13e-05)
[1m-------------Baseline Loss---------------[0m
It: 14200, Loss: 2.041e-02  (f=1.18e-02 W=7.44e-03 I=1.16e-03 O=1.13e-05)
It: 14210, Loss: 2.144e-02  (f=1.28e-02 W=7.69e-03 I=9.83e-04 O=1.68e-05)
It: 14220, Loss: 2.104e-02  (f=1.23e-02 W=7.11e-03 I=1.62e-03 O=1.75e-05)
It: 14230, Loss: 2.217e-02  (f=1.34e-02 W=6.95e-03 I=1.84e-03 O=1.86e-05)
It: 14240, Loss: 2.067e-02  (f=1.21e-02 W=7.08e-03 I=1.53e-03 O=6.03e-06)
It: 14250, Loss: 2.076e-02  (f=1.22e-02 W=7.10e-03 I=1.41e-03 O=3.11e-06)
It: 14260, Loss: 2.108e-02  (f=1.25e-02 W=7.05e-03 I=1.49e-03 O=4.00e-06)
It: 14270, Loss: 2.063e-02  (f=1.21e-02 W=7.06e-03 I=1.42e-03 O=4.79e-06)
It: 14280, Loss: 2.153e-02  (f=1.30e-02 W=7.09e-03 I=1.45e-03 O=6.22e-06)
It: 14290, Loss: 2.146e-02  (f=1.29e-02 W=7.44e-03 I=1.08e-03 O=4.71e-06)
[1m-------------Baseline Loss---------------[0m
It: 14300, Loss: 4.211e-02  (f=3.35e-02 W=7.58e-03 I=9.94e-04 O=7.88e-06)
[1m-------------Baseline Loss---------------[0m
It: 14300, Loss: 2.187e-02  (f=1.33e-02 W=7.58e-03 I=9.94e-04 O=7.88e-06)
It: 14310, Loss: 2.104e-02  (f=1.24e-02 W=7.28e-03 I=1.34e-03 O=9.91e-06)
It: 14320, Loss: 2.082e-02  (f=1.22e-02 W=7.17e-03 I=1.41e-03 O=3.87e-06)
It: 14330, Loss: 2.060e-02  (f=1.21e-02 W=7.09e-03 I=1.43e-03 O=5.98e-06)
It: 14340, Loss: 2.041e-02  (f=1.20e-02 W=7.06e-03 I=1.38e-03 O=6.90e-06)
It: 14350, Loss: 2.104e-02  (f=1.27e-02 W=7.32e-03 I=1.02e-03 O=6.75e-06)
It: 14360, Loss: 2.458e-02  (f=1.58e-02 W=7.10e-03 I=1.62e-03 O=1.58e-05)
It: 14370, Loss: 2.314e-02  (f=1.44e-02 W=7.79e-03 I=8.80e-04 O=3.43e-05)
It: 14380, Loss: 2.224e-02  (f=1.33e-02 W=6.96e-03 I=1.98e-03 O=1.97e-05)
It: 14390, Loss: 2.200e-02  (f=1.34e-02 W=7.65e-03 I=9.26e-04 O=7.66e-06)
[1m-------------Baseline Loss---------------[0m
It: 14400, Loss: 3.923e-02  (f=3.07e-02 W=7.27e-03 I=1.25e-03 O=3.05e-06)
[1m-------------Baseline Loss---------------[0m
It: 14400, Loss: 2.005e-02  (f=1.15e-02 W=7.27e-03 I=1.25e-03 O=3.05e-06)
It: 14410, Loss: 2.123e-02  (f=1.27e-02 W=7.36e-03 I=1.13e-03 O=9.52e-06)
It: 14420, Loss: 2.184e-02  (f=1.33e-02 W=7.28e-03 I=1.29e-03 O=3.82e-06)
It: 14430, Loss: 2.045e-02  (f=1.18e-02 W=7.26e-03 I=1.34e-03 O=2.91e-06)
It: 14440, Loss: 2.076e-02  (f=1.22e-02 W=6.99e-03 I=1.56e-03 O=7.37e-06)
It: 14450, Loss: 2.798e-02  (f=1.93e-02 W=7.34e-03 I=1.38e-03 O=4.88e-06)
It: 14460, Loss: 2.269e-02  (f=1.37e-02 W=7.44e-03 I=1.50e-03 O=5.24e-06)
It: 14470, Loss: 2.123e-02  (f=1.25e-02 W=7.45e-03 I=1.26e-03 O=1.18e-05)
It: 14480, Loss: 2.046e-02  (f=1.19e-02 W=7.44e-03 I=1.14e-03 O=1.16e-05)
It: 14490, Loss: 2.031e-02  (f=1.18e-02 W=7.25e-03 I=1.26e-03 O=4.63e-06)
[1m-------------Baseline Loss---------------[0m
It: 14500, Loss: 3.911e-02  (f=3.07e-02 W=7.25e-03 I=1.14e-03 O=4.09e-06)
[1m-------------Baseline Loss---------------[0m
It: 14500, Loss: 2.000e-02  (f=1.16e-02 W=7.25e-03 I=1.14e-03 O=4.09e-06)
It: 14510, Loss: 1.997e-02  (f=1.17e-02 W=7.12e-03 I=1.19e-03 O=5.47e-06)
It: 14520, Loss: 2.226e-02  (f=1.39e-02 W=7.28e-03 I=1.05e-03 O=8.68e-06)
It: 14530, Loss: 2.384e-02  (f=1.55e-02 W=7.65e-03 I=6.96e-04 O=2.50e-05)
It: 14540, Loss: 2.214e-02  (f=1.35e-02 W=6.95e-03 I=1.68e-03 O=5.99e-06)
It: 14550, Loss: 2.068e-02  (f=1.23e-02 W=7.20e-03 I=1.18e-03 O=7.14e-06)
It: 14560, Loss: 2.123e-02  (f=1.28e-02 W=7.05e-03 I=1.38e-03 O=7.78e-06)
It: 14570, Loss: 2.218e-02  (f=1.36e-02 W=6.78e-03 I=1.82e-03 O=2.24e-05)
It: 14580, Loss: 2.138e-02  (f=1.30e-02 W=7.07e-03 I=1.29e-03 O=3.99e-06)
It: 14590, Loss: 2.020e-02  (f=1.17e-02 W=7.08e-03 I=1.37e-03 O=3.20e-06)
[1m-------------Baseline Loss---------------[0m
It: 14600, Loss: 4.070e-02  (f=3.24e-02 W=7.20e-03 I=1.14e-03 O=4.91e-06)
[1m-------------Baseline Loss---------------[0m
It: 14600, Loss: 2.073e-02  (f=1.24e-02 W=7.20e-03 I=1.14e-03 O=4.91e-06)
It: 14610, Loss: 2.159e-02  (f=1.31e-02 W=7.32e-03 I=1.18e-03 O=6.47e-06)
It: 14620, Loss: 2.092e-02  (f=1.25e-02 W=7.54e-03 I=8.52e-04 O=9.00e-06)
It: 14630, Loss: 2.227e-02  (f=1.38e-02 W=7.52e-03 I=9.36e-04 O=7.11e-06)
It: 14640, Loss: 2.084e-02  (f=1.23e-02 W=7.19e-03 I=1.33e-03 O=5.23e-06)
It: 14650, Loss: 2.033e-02  (f=1.19e-02 W=7.17e-03 I=1.24e-03 O=3.14e-06)
It: 14660, Loss: 1.998e-02  (f=1.17e-02 W=7.25e-03 I=1.07e-03 O=4.61e-06)
It: 14670, Loss: 2.008e-02  (f=1.18e-02 W=7.19e-03 I=1.09e-03 O=3.77e-06)
It: 14680, Loss: 2.134e-02  (f=1.32e-02 W=7.35e-03 I=7.90e-04 O=7.23e-06)
It: 14690, Loss: 2.394e-02  (f=1.56e-02 W=7.22e-03 I=1.13e-03 O=3.49e-06)
[1m-------------Baseline Loss---------------[0m
It: 14700, Loss: 4.081e-02  (f=3.23e-02 W=7.03e-03 I=1.52e-03 O=9.44e-06)
[1m-------------Baseline Loss---------------[0m
It: 14700, Loss: 2.079e-02  (f=1.22e-02 W=7.03e-03 I=1.52e-03 O=9.44e-06)
It: 14710, Loss: 2.264e-02  (f=1.41e-02 W=7.07e-03 I=1.42e-03 O=4.36e-06)
It: 14720, Loss: 2.101e-02  (f=1.26e-02 W=7.28e-03 I=1.16e-03 O=5.99e-06)
It: 14730, Loss: 2.023e-02  (f=1.18e-02 W=7.20e-03 I=1.23e-03 O=3.80e-06)
It: 14740, Loss: 2.289e-02  (f=1.45e-02 W=7.38e-03 I=1.06e-03 O=3.05e-06)
It: 14750, Loss: 2.110e-02  (f=1.26e-02 W=7.29e-03 I=1.23e-03 O=8.60e-06)
It: 14760, Loss: 2.172e-02  (f=1.31e-02 W=6.95e-03 I=1.67e-03 O=1.38e-05)
It: 14770, Loss: 2.145e-02  (f=1.29e-02 W=7.26e-03 I=1.24e-03 O=3.41e-06)
It: 14780, Loss: 2.044e-02  (f=1.20e-02 W=7.00e-03 I=1.48e-03 O=4.98e-06)
It: 14790, Loss: 1.992e-02  (f=1.16e-02 W=7.20e-03 I=1.07e-03 O=5.50e-06)
[1m-------------Baseline Loss---------------[0m
It: 14800, Loss: 5.030e-02  (f=4.19e-02 W=7.16e-03 I=1.24e-03 O=3.34e-06)
[1m-------------Baseline Loss---------------[0m
It: 14800, Loss: 2.520e-02  (f=1.68e-02 W=7.16e-03 I=1.24e-03 O=3.34e-06)
It: 14810, Loss: 2.433e-02  (f=1.56e-02 W=7.51e-03 I=1.18e-03 O=3.73e-06)
It: 14820, Loss: 2.105e-02  (f=1.23e-02 W=7.44e-03 I=1.26e-03 O=3.16e-06)
It: 14830, Loss: 2.030e-02  (f=1.17e-02 W=7.52e-03 I=1.07e-03 O=6.25e-06)
It: 14840, Loss: 2.046e-02  (f=1.19e-02 W=7.22e-03 I=1.30e-03 O=3.04e-06)
It: 14850, Loss: 2.016e-02  (f=1.18e-02 W=7.16e-03 I=1.21e-03 O=4.27e-06)
It: 14860, Loss: 2.028e-02  (f=1.20e-02 W=7.12e-03 I=1.11e-03 O=3.73e-06)
It: 14870, Loss: 2.111e-02  (f=1.29e-02 W=7.37e-03 I=8.44e-04 O=1.36e-05)
It: 14880, Loss: 2.440e-02  (f=1.60e-02 W=7.52e-03 I=8.29e-04 O=4.45e-05)
It: 14890, Loss: 2.060e-02  (f=1.22e-02 W=6.90e-03 I=1.50e-03 O=1.26e-05)
[1m-------------Baseline Loss---------------[0m
It: 14900, Loss: 3.983e-02  (f=3.15e-02 W=7.03e-03 I=1.33e-03 O=5.56e-06)
[1m-------------Baseline Loss---------------[0m
It: 14900, Loss: 2.035e-02  (f=1.20e-02 W=7.03e-03 I=1.33e-03 O=5.56e-06)
It: 14910, Loss: 2.019e-02  (f=1.19e-02 W=7.19e-03 I=1.08e-03 O=3.80e-06)
It: 14920, Loss: 2.061e-02  (f=1.23e-02 W=7.15e-03 I=1.15e-03 O=6.22e-06)
It: 14930, Loss: 2.168e-02  (f=1.33e-02 W=7.16e-03 I=1.24e-03 O=9.70e-06)
It: 14940, Loss: 2.148e-02  (f=1.30e-02 W=7.10e-03 I=1.33e-03 O=3.66e-06)
It: 14950, Loss: 2.040e-02  (f=1.20e-02 W=7.32e-03 I=1.03e-03 O=1.38e-05)
It: 14960, Loss: 1.995e-02  (f=1.17e-02 W=7.24e-03 I=9.76e-04 O=4.60e-06)
It: 14970, Loss: 1.991e-02  (f=1.17e-02 W=6.92e-03 I=1.30e-03 O=5.01e-06)
It: 14980, Loss: 2.708e-02  (f=1.84e-02 W=6.82e-03 I=1.79e-03 O=2.30e-05)
It: 14990, Loss: 2.232e-02  (f=1.36e-02 W=7.40e-03 I=1.30e-03 O=3.15e-06)
  [iter 15000] refining (adding high-residual pts) ...
  [adaptive] cap enforced: trimmed to 50000
  [adaptive] 50000 -> 50000  (+2620 added, -0 pruned, protected=5279, thr_accept=2.45e-01)
[1m-------------Baseline Loss---------------[0m
It: 15000, Loss: 4.043e-02  (f=3.18e-02 W=7.49e-03 I=1.13e-03 O=1.08e-05)
[1m-------------Baseline Loss---------------[0m
It: 15000, Loss: 2.100e-02  (f=1.24e-02 W=7.49e-03 I=1.13e-03 O=1.08e-05)
It: 15010, Loss: 2.010e-02  (f=1.16e-02 W=7.40e-03 I=1.10e-03 O=4.46e-06)
It: 15020, Loss: 2.026e-02  (f=1.19e-02 W=7.25e-03 I=1.11e-03 O=7.83e-06)
It: 15030, Loss: 1.984e-02  (f=1.16e-02 W=7.02e-03 I=1.25e-03 O=3.85e-06)
It: 15040, Loss: 1.992e-02  (f=1.18e-02 W=7.07e-03 I=1.09e-03 O=3.15e-06)
It: 15050, Loss: 2.003e-02  (f=1.19e-02 W=7.10e-03 I=9.97e-04 O=4.49e-06)
It: 15060, Loss: 1.980e-02  (f=1.17e-02 W=7.07e-03 I=1.00e-03 O=4.37e-06)
It: 15070, Loss: 2.140e-02  (f=1.33e-02 W=7.20e-03 I=8.95e-04 O=2.35e-05)
It: 15080, Loss: 1.982e-02  (f=1.17e-02 W=6.95e-03 I=1.14e-03 O=3.45e-06)
It: 15090, Loss: 1.987e-02  (f=1.18e-02 W=7.05e-03 I=9.92e-04 O=3.25e-06)
[1m-------------Baseline Loss---------------[0m
It: 15100, Loss: 3.953e-02  (f=3.15e-02 W=6.96e-03 I=1.07e-03 O=3.61e-06)
[1m-------------Baseline Loss---------------[0m
It: 15100, Loss: 1.983e-02  (f=1.18e-02 W=6.96e-03 I=1.07e-03 O=3.61e-06)
It: 15110, Loss: 2.393e-02  (f=1.58e-02 W=7.25e-03 I=8.43e-04 O=2.05e-05)
It: 15120, Loss: 2.272e-02  (f=1.42e-02 W=6.91e-03 I=1.61e-03 O=2.35e-05)
It: 15130, Loss: 2.053e-02  (f=1.20e-02 W=7.16e-03 I=1.37e-03 O=3.07e-06)
It: 15140, Loss: 2.062e-02  (f=1.22e-02 W=7.16e-03 I=1.30e-03 O=9.48e-06)
It: 15150, Loss: 2.223e-02  (f=1.36e-02 W=7.09e-03 I=1.51e-03 O=8.15e-06)
It: 15160, Loss: 2.197e-02  (f=1.34e-02 W=6.99e-03 I=1.56e-03 O=6.21e-06)
It: 15170, Loss: 2.019e-02  (f=1.17e-02 W=7.05e-03 I=1.40e-03 O=1.43e-05)
It: 15180, Loss: 2.108e-02  (f=1.27e-02 W=6.94e-03 I=1.46e-03 O=4.00e-06)
It: 15190, Loss: 2.143e-02  (f=1.30e-02 W=6.92e-03 I=1.49e-03 O=1.16e-05)
[1m-------------Baseline Loss---------------[0m
It: 15200, Loss: 4.064e-02  (f=3.24e-02 W=6.84e-03 I=1.43e-03 O=3.87e-06)
[1m-------------Baseline Loss---------------[0m
It: 15200, Loss: 2.046e-02  (f=1.22e-02 W=6.84e-03 I=1.43e-03 O=3.87e-06)
It: 15210, Loss: 2.174e-02  (f=1.33e-02 W=6.67e-03 I=1.74e-03 O=1.22e-05)
It: 15220, Loss: 2.083e-02  (f=1.24e-02 W=7.25e-03 I=1.15e-03 O=4.65e-06)
It: 15230, Loss: 2.040e-02  (f=1.20e-02 W=7.02e-03 I=1.40e-03 O=5.72e-06)
It: 15240, Loss: 1.997e-02  (f=1.18e-02 W=7.14e-03 I=1.07e-03 O=3.85e-06)
It: 15250, Loss: 1.997e-02  (f=1.18e-02 W=6.97e-03 I=1.16e-03 O=4.91e-06)
It: 15260, Loss: 1.985e-02  (f=1.18e-02 W=7.02e-03 I=1.01e-03 O=3.50e-06)
It: 15270, Loss: 2.238e-02  (f=1.43e-02 W=6.83e-03 I=1.27e-03 O=5.43e-06)
It: 15280, Loss: 2.106e-02  (f=1.26e-02 W=6.94e-03 I=1.48e-03 O=3.46e-06)
It: 15290, Loss: 2.085e-02  (f=1.25e-02 W=7.14e-03 I=1.22e-03 O=4.32e-06)
[1m-------------Baseline Loss---------------[0m
It: 15300, Loss: 3.959e-02  (f=3.14e-02 W=7.07e-03 I=1.13e-03 O=4.50e-06)
[1m-------------Baseline Loss---------------[0m
It: 15300, Loss: 2.002e-02  (f=1.18e-02 W=7.07e-03 I=1.13e-03 O=4.50e-06)
It: 15310, Loss: 2.020e-02  (f=1.20e-02 W=7.02e-03 I=1.15e-03 O=4.47e-06)
It: 15320, Loss: 2.153e-02  (f=1.34e-02 W=7.22e-03 I=9.19e-04 O=4.98e-06)
It: 15330, Loss: 2.054e-02  (f=1.24e-02 W=7.22e-03 I=9.13e-04 O=9.24e-06)
It: 15340, Loss: 2.181e-02  (f=1.36e-02 W=7.36e-03 I=8.27e-04 O=2.10e-05)
It: 15350, Loss: 2.142e-02  (f=1.30e-02 W=6.95e-03 I=1.46e-03 O=1.56e-05)
It: 15360, Loss: 2.057e-02  (f=1.23e-02 W=7.31e-03 I=9.48e-04 O=4.28e-06)
It: 15370, Loss: 2.003e-02  (f=1.18e-02 W=6.94e-03 I=1.26e-03 O=5.27e-06)
It: 15380, Loss: 2.056e-02  (f=1.24e-02 W=7.07e-03 I=1.03e-03 O=7.05e-06)
It: 15390, Loss: 2.105e-02  (f=1.30e-02 W=7.05e-03 I=1.02e-03 O=8.04e-06)
[1m-------------Baseline Loss---------------[0m
It: 15400, Loss: 4.338e-02  (f=3.53e-02 W=7.39e-03 I=6.72e-04 O=1.82e-05)
[1m-------------Baseline Loss---------------[0m
It: 15400, Loss: 2.304e-02  (f=1.50e-02 W=7.39e-03 I=6.72e-04 O=1.82e-05)
It: 15410, Loss: 2.094e-02  (f=1.27e-02 W=6.74e-03 I=1.47e-03 O=4.58e-06)
It: 15420, Loss: 2.343e-02  (f=1.52e-02 W=7.13e-03 I=1.09e-03 O=1.71e-05)
It: 15430, Loss: 2.286e-02  (f=1.44e-02 W=7.15e-03 I=1.33e-03 O=6.59e-06)
It: 15440, Loss: 2.048e-02  (f=1.22e-02 W=7.20e-03 I=1.11e-03 O=5.78e-06)
It: 15450, Loss: 2.119e-02  (f=1.29e-02 W=7.43e-03 I=8.78e-04 O=7.35e-06)
It: 15460, Loss: 1.990e-02  (f=1.17e-02 W=7.04e-03 I=1.16e-03 O=4.03e-06)
It: 15470, Loss: 2.046e-02  (f=1.22e-02 W=6.77e-03 I=1.52e-03 O=7.05e-06)
It: 15480, Loss: 1.986e-02  (f=1.18e-02 W=6.97e-03 I=1.08e-03 O=4.39e-06)
It: 15490, Loss: 2.139e-02  (f=1.32e-02 W=6.75e-03 I=1.41e-03 O=2.91e-06)
[1m-------------Baseline Loss---------------[0m
It: 15500, Loss: 4.067e-02  (f=3.26e-02 W=7.02e-03 I=1.07e-03 O=1.13e-05)
[1m-------------Baseline Loss---------------[0m
It: 15500, Loss: 2.046e-02  (f=1.24e-02 W=7.02e-03 I=1.07e-03 O=1.13e-05)
It: 15510, Loss: 1.958e-02  (f=1.16e-02 W=6.89e-03 I=1.09e-03 O=3.56e-06)
It: 15520, Loss: 1.973e-02  (f=1.18e-02 W=6.76e-03 I=1.19e-03 O=4.84e-06)
It: 15530, Loss: 2.000e-02  (f=1.22e-02 W=6.97e-03 I=8.70e-04 O=5.34e-06)
It: 15540, Loss: 2.461e-02  (f=1.66e-02 W=7.13e-03 I=8.45e-04 O=1.52e-05)
It: 15550, Loss: 2.336e-02  (f=1.50e-02 W=6.90e-03 I=1.49e-03 O=1.23e-05)
It: 15560, Loss: 2.084e-02  (f=1.26e-02 W=7.26e-03 I=9.67e-04 O=1.91e-05)
It: 15570, Loss: 2.125e-02  (f=1.31e-02 W=7.20e-03 I=9.43e-04 O=6.84e-06)
It: 15580, Loss: 1.985e-02  (f=1.17e-02 W=6.85e-03 I=1.33e-03 O=3.76e-06)
It: 15590, Loss: 1.966e-02  (f=1.16e-02 W=6.93e-03 I=1.14e-03 O=3.10e-06)
[1m-------------Baseline Loss---------------[0m
It: 15600, Loss: 4.052e-02  (f=3.25e-02 W=7.15e-03 I=8.22e-04 O=9.83e-06)
[1m-------------Baseline Loss---------------[0m
It: 15600, Loss: 2.071e-02  (f=1.27e-02 W=7.15e-03 I=8.22e-04 O=9.83e-06)
It: 15610, Loss: 2.148e-02  (f=1.32e-02 W=6.80e-03 I=1.44e-03 O=1.14e-05)
It: 15620, Loss: 2.154e-02  (f=1.33e-02 W=7.10e-03 I=1.14e-03 O=3.63e-06)
It: 15630, Loss: 1.972e-02  (f=1.15e-02 W=6.96e-03 I=1.28e-03 O=3.44e-06)
It: 15640, Loss: 2.063e-02  (f=1.25e-02 W=6.96e-03 I=1.20e-03 O=1.32e-05)
It: 15650, Loss: 2.345e-02  (f=1.52e-02 W=7.24e-03 I=9.53e-04 O=3.55e-05)
It: 15660, Loss: 2.037e-02  (f=1.22e-02 W=7.10e-03 I=1.09e-03 O=6.42e-06)
It: 15670, Loss: 2.011e-02  (f=1.19e-02 W=6.82e-03 I=1.36e-03 O=8.37e-06)
It: 15680, Loss: 2.097e-02  (f=1.29e-02 W=6.88e-03 I=1.23e-03 O=7.45e-06)
It: 15690, Loss: 2.006e-02  (f=1.20e-02 W=7.07e-03 I=9.33e-04 O=8.60e-06)
[1m-------------Baseline Loss---------------[0m
It: 15700, Loss: 4.301e-02  (f=3.48e-02 W=6.83e-03 I=1.41e-03 O=1.78e-05)
[1m-------------Baseline Loss---------------[0m
It: 15700, Loss: 2.182e-02  (f=1.36e-02 W=6.83e-03 I=1.41e-03 O=1.78e-05)
It: 15710, Loss: 2.004e-02  (f=1.19e-02 W=7.01e-03 I=1.11e-03 O=4.49e-06)
It: 15720, Loss: 2.145e-02  (f=1.34e-02 W=7.08e-03 I=9.95e-04 O=1.12e-05)
It: 15730, Loss: 2.115e-02  (f=1.31e-02 W=7.10e-03 I=9.21e-04 O=1.29e-05)
It: 15740, Loss: 2.068e-02  (f=1.26e-02 W=7.08e-03 I=1.01e-03 O=9.96e-06)
It: 15750, Loss: 1.991e-02  (f=1.19e-02 W=7.01e-03 I=1.01e-03 O=4.56e-06)
It: 15760, Loss: 2.079e-02  (f=1.27e-02 W=7.14e-03 I=9.35e-04 O=8.81e-06)
It: 15770, Loss: 1.997e-02  (f=1.19e-02 W=7.03e-03 I=1.00e-03 O=7.92e-06)
It: 15780, Loss: 2.148e-02  (f=1.34e-02 W=6.97e-03 I=1.11e-03 O=7.37e-06)
It: 15790, Loss: 1.992e-02  (f=1.18e-02 W=6.98e-03 I=1.09e-03 O=8.16e-06)
[1m-------------Baseline Loss---------------[0m
It: 15800, Loss: 4.345e-02  (f=3.53e-02 W=6.67e-03 I=1.45e-03 O=9.67e-06)
[1m-------------Baseline Loss---------------[0m
It: 15800, Loss: 2.139e-02  (f=1.33e-02 W=6.67e-03 I=1.45e-03 O=9.67e-06)
It: 15810, Loss: 2.113e-02  (f=1.31e-02 W=7.07e-03 I=9.25e-04 O=4.48e-06)
It: 15820, Loss: 2.167e-02  (f=1.34e-02 W=6.54e-03 I=1.70e-03 O=2.15e-05)
It: 15830, Loss: 2.379e-02  (f=1.55e-02 W=7.16e-03 I=1.08e-03 O=1.38e-05)
It: 15840, Loss: 2.130e-02  (f=1.29e-02 W=6.92e-03 I=1.45e-03 O=3.39e-06)
It: 15850, Loss: 1.972e-02  (f=1.15e-02 W=6.93e-03 I=1.29e-03 O=5.23e-06)
It: 15860, Loss: 1.980e-02  (f=1.17e-02 W=7.03e-03 I=1.07e-03 O=6.50e-06)
It: 15870, Loss: 2.110e-02  (f=1.29e-02 W=6.98e-03 I=1.18e-03 O=5.81e-06)
It: 15880, Loss: 1.998e-02  (f=1.19e-02 W=7.02e-03 I=1.06e-03 O=4.81e-06)
It: 15890, Loss: 1.983e-02  (f=1.18e-02 W=6.82e-03 I=1.16e-03 O=1.00e-05)
[1m-------------Baseline Loss---------------[0m
It: 15900, Loss: 3.924e-02  (f=3.13e-02 W=6.75e-03 I=1.17e-03 O=4.04e-06)
[1m-------------Baseline Loss---------------[0m
It: 15900, Loss: 1.960e-02  (f=1.17e-02 W=6.75e-03 I=1.17e-03 O=4.04e-06)
It: 15910, Loss: 2.048e-02  (f=1.26e-02 W=6.86e-03 I=1.01e-03 O=3.22e-06)
It: 15920, Loss: 2.023e-02  (f=1.23e-02 W=6.75e-03 I=1.19e-03 O=5.43e-06)
It: 15930, Loss: 2.158e-02  (f=1.34e-02 W=6.67e-03 I=1.49e-03 O=4.28e-06)
It: 15940, Loss: 2.355e-02  (f=1.54e-02 W=7.28e-03 I=8.29e-04 O=2.85e-05)
It: 15950, Loss: 2.147e-02  (f=1.32e-02 W=6.72e-03 I=1.52e-03 O=4.37e-06)
It: 15960, Loss: 2.024e-02  (f=1.22e-02 W=7.09e-03 I=9.49e-04 O=5.28e-06)
It: 15970, Loss: 1.972e-02  (f=1.17e-02 W=6.89e-03 I=1.13e-03 O=9.03e-06)
It: 15980, Loss: 1.971e-02  (f=1.17e-02 W=6.82e-03 I=1.17e-03 O=4.29e-06)
It: 15990, Loss: 2.013e-02  (f=1.22e-02 W=6.80e-03 I=1.13e-03 O=3.97e-06)
  [iter 16000] refining (adding high-residual pts) ...
  [adaptive] cap enforced: trimmed to 50000
  [adaptive] 50000 -> 50000  (+1586 added, -0 pruned, protected=5279, thr_accept=3.12e-01)
[1m-------------Baseline Loss---------------[0m
It: 16000, Loss: 4.243e-02  (f=3.45e-02 W=6.68e-03 I=1.24e-03 O=4.92e-06)
[1m-------------Baseline Loss---------------[0m
It: 16000, Loss: 2.072e-02  (f=1.28e-02 W=6.68e-03 I=1.24e-03 O=4.92e-06)
It: 16010, Loss: 2.030e-02  (f=1.22e-02 W=6.75e-03 I=1.37e-03 O=3.15e-06)
It: 16020, Loss: 2.044e-02  (f=1.24e-02 W=7.20e-03 I=8.73e-04 O=1.01e-05)
It: 16030, Loss: 1.980e-02  (f=1.17e-02 W=6.97e-03 I=1.12e-03 O=2.87e-06)
It: 16040, Loss: 2.061e-02  (f=1.25e-02 W=6.76e-03 I=1.33e-03 O=1.92e-05)
It: 16050, Loss: 1.972e-02  (f=1.19e-02 W=6.80e-03 I=1.06e-03 O=3.04e-06)
It: 16060, Loss: 2.033e-02  (f=1.25e-02 W=6.79e-03 I=1.03e-03 O=3.19e-06)
It: 16070, Loss: 2.197e-02  (f=1.40e-02 W=6.82e-03 I=1.17e-03 O=4.16e-06)
It: 16080, Loss: 2.041e-02  (f=1.24e-02 W=7.02e-03 I=9.33e-04 O=5.56e-06)
It: 16090, Loss: 1.967e-02  (f=1.18e-02 W=6.71e-03 I=1.19e-03 O=3.57e-06)
[1m-------------Baseline Loss---------------[0m
It: 16100, Loss: 4.031e-02  (f=3.24e-02 W=6.66e-03 I=1.21e-03 O=2.90e-06)
[1m-------------Baseline Loss---------------[0m
It: 16100, Loss: 1.999e-02  (f=1.21e-02 W=6.66e-03 I=1.21e-03 O=2.90e-06)
It: 16110, Loss: 2.164e-02  (f=1.37e-02 W=6.85e-03 I=1.13e-03 O=4.61e-06)
It: 16120, Loss: 2.276e-02  (f=1.47e-02 W=7.27e-03 I=7.92e-04 O=1.97e-05)
It: 16130, Loss: 2.009e-02  (f=1.20e-02 W=6.73e-03 I=1.37e-03 O=9.62e-06)
It: 16140, Loss: 1.999e-02  (f=1.20e-02 W=6.70e-03 I=1.29e-03 O=3.96e-06)
It: 16150, Loss: 2.025e-02  (f=1.23e-02 W=6.59e-03 I=1.36e-03 O=7.15e-06)
It: 16160, Loss: 1.985e-02  (f=1.20e-02 W=6.84e-03 I=1.00e-03 O=4.76e-06)
It: 16170, Loss: 2.110e-02  (f=1.32e-02 W=6.68e-03 I=1.19e-03 O=8.21e-06)
It: 16180, Loss: 2.194e-02  (f=1.41e-02 W=6.98e-03 I=8.37e-04 O=1.46e-05)
It: 16190, Loss: 1.956e-02  (f=1.17e-02 W=6.84e-03 I=1.03e-03 O=4.26e-06)
[1m-------------Baseline Loss---------------[0m
It: 16200, Loss: 4.174e-02  (f=3.37e-02 W=6.64e-03 I=1.36e-03 O=1.08e-05)
[1m-------------Baseline Loss---------------[0m
It: 16200, Loss: 2.051e-02  (f=1.25e-02 W=6.64e-03 I=1.36e-03 O=1.08e-05)
It: 16210, Loss: 2.400e-02  (f=1.59e-02 W=7.12e-03 I=9.99e-04 O=5.81e-06)
It: 16220, Loss: 2.253e-02  (f=1.43e-02 W=6.92e-03 I=1.34e-03 O=8.97e-06)
It: 16230, Loss: 2.010e-02  (f=1.19e-02 W=7.05e-03 I=1.17e-03 O=5.37e-06)
It: 16240, Loss: 1.976e-02  (f=1.17e-02 W=7.00e-03 I=1.04e-03 O=5.97e-06)
It: 16250, Loss: 2.000e-02  (f=1.20e-02 W=6.79e-03 I=1.23e-03 O=3.67e-06)
It: 16260, Loss: 2.001e-02  (f=1.21e-02 W=6.77e-03 I=1.13e-03 O=5.09e-06)
It: 16270, Loss: 2.108e-02  (f=1.31e-02 W=6.55e-03 I=1.41e-03 O=7.53e-06)
It: 16280, Loss: 2.031e-02  (f=1.24e-02 W=6.61e-03 I=1.29e-03 O=7.27e-06)
It: 16290, Loss: 2.472e-02  (f=1.63e-02 W=6.75e-03 I=1.59e-03 O=2.91e-05)
[1m-------------Baseline Loss---------------[0m
It: 16300, Loss: 4.214e-02  (f=3.40e-02 W=7.08e-03 I=1.04e-03 O=4.97e-06)
[1m-------------Baseline Loss---------------[0m
It: 16300, Loss: 2.119e-02  (f=1.31e-02 W=7.08e-03 I=1.04e-03 O=4.97e-06)
It: 16310, Loss: 2.000e-02  (f=1.18e-02 W=6.94e-03 I=1.25e-03 O=1.12e-05)
It: 16320, Loss: 1.984e-02  (f=1.18e-02 W=6.90e-03 I=1.15e-03 O=6.55e-06)
It: 16330, Loss: 1.999e-02  (f=1.20e-02 W=6.91e-03 I=1.07e-03 O=5.95e-06)
It: 16340, Loss: 2.012e-02  (f=1.22e-02 W=6.76e-03 I=1.18e-03 O=7.39e-06)
It: 16350, Loss: 2.018e-02  (f=1.23e-02 W=6.84e-03 I=1.02e-03 O=4.82e-06)
It: 16360, Loss: 2.006e-02  (f=1.22e-02 W=6.84e-03 I=1.00e-03 O=6.56e-06)
It: 16370, Loss: 2.037e-02  (f=1.26e-02 W=6.92e-03 I=8.49e-04 O=6.57e-06)
It: 16380, Loss: 2.075e-02  (f=1.29e-02 W=6.69e-03 I=1.18e-03 O=6.59e-06)
It: 16390, Loss: 2.105e-02  (f=1.29e-02 W=6.84e-03 I=1.31e-03 O=7.39e-06)
[1m-------------Baseline Loss---------------[0m
It: 16400, Loss: 3.900e-02  (f=3.07e-02 W=7.01e-03 I=1.32e-03 O=5.55e-06)
[1m-------------Baseline Loss---------------[0m
It: 16400, Loss: 1.986e-02  (f=1.15e-02 W=7.01e-03 I=1.32e-03 O=5.55e-06)
It: 16410, Loss: 1.996e-02  (f=1.17e-02 W=6.94e-03 I=1.30e-03 O=8.65e-06)
It: 16420, Loss: 1.977e-02  (f=1.17e-02 W=7.00e-03 I=1.04e-03 O=3.36e-06)
It: 16430, Loss: 2.150e-02  (f=1.34e-02 W=6.96e-03 I=1.10e-03 O=8.24e-06)
It: 16440, Loss: 2.074e-02  (f=1.27e-02 W=6.96e-03 I=1.03e-03 O=1.21e-05)
It: 16450, Loss: 2.006e-02  (f=1.21e-02 W=6.93e-03 I=1.01e-03 O=6.22e-06)
It: 16460, Loss: 1.993e-02  (f=1.20e-02 W=6.83e-03 I=1.09e-03 O=3.54e-06)
It: 16470, Loss: 2.002e-02  (f=1.22e-02 W=6.82e-03 I=1.01e-03 O=7.64e-06)
It: 16480, Loss: 2.059e-02  (f=1.27e-02 W=6.84e-03 I=1.01e-03 O=9.96e-06)
It: 16490, Loss: 2.056e-02  (f=1.27e-02 W=6.88e-03 I=9.30e-04 O=1.82e-05)
[1m-------------Baseline Loss---------------[0m
It: 16500, Loss: 4.256e-02  (f=3.48e-02 W=7.07e-03 I=7.21e-04 O=1.36e-05)
[1m-------------Baseline Loss---------------[0m
It: 16500, Loss: 2.146e-02  (f=1.37e-02 W=7.07e-03 I=7.21e-04 O=1.36e-05)
It: 16510, Loss: 1.961e-02  (f=1.18e-02 W=6.66e-03 I=1.18e-03 O=3.72e-06)
It: 16520, Loss: 2.061e-02  (f=1.28e-02 W=6.86e-03 I=9.24e-04 O=7.45e-06)
It: 16530, Loss: 2.094e-02  (f=1.32e-02 W=6.87e-03 I=8.71e-04 O=1.04e-05)
It: 16540, Loss: 1.985e-02  (f=1.21e-02 W=6.79e-03 I=9.19e-04 O=1.25e-05)
It: 16550, Loss: 1.993e-02  (f=1.23e-02 W=6.64e-03 I=1.03e-03 O=2.83e-06)
It: 16560, Loss: 2.323e-02  (f=1.51e-02 W=6.25e-03 I=1.81e-03 O=3.73e-05)
It: 16570, Loss: 2.131e-02  (f=1.34e-02 W=6.99e-03 I=8.79e-04 O=1.13e-05)
It: 16580, Loss: 2.116e-02  (f=1.32e-02 W=6.46e-03 I=1.49e-03 O=7.03e-06)
It: 16590, Loss: 2.123e-02  (f=1.33e-02 W=6.96e-03 I=1.01e-03 O=9.23e-06)
[1m-------------Baseline Loss---------------[0m
It: 16600, Loss: 4.035e-02  (f=3.23e-02 W=6.69e-03 I=1.31e-03 O=5.19e-06)
[1m-------------Baseline Loss---------------[0m
It: 16600, Loss: 2.000e-02  (f=1.20e-02 W=6.69e-03 I=1.31e-03 O=5.19e-06)
It: 16610, Loss: 2.101e-02  (f=1.31e-02 W=6.88e-03 I=1.05e-03 O=1.20e-05)
It: 16620, Loss: 1.980e-02  (f=1.20e-02 W=6.85e-03 I=9.59e-04 O=5.36e-06)
It: 16630, Loss: 2.137e-02  (f=1.36e-02 W=6.80e-03 I=9.97e-04 O=7.03e-06)
It: 16640, Loss: 1.963e-02  (f=1.17e-02 W=6.72e-03 I=1.20e-03 O=3.08e-06)
It: 16650, Loss: 1.960e-02  (f=1.18e-02 W=6.84e-03 I=9.74e-04 O=5.04e-06)
It: 16660, Loss: 2.005e-02  (f=1.23e-02 W=6.87e-03 I=8.73e-04 O=8.64e-06)
It: 16670, Loss: 2.001e-02  (f=1.22e-02 W=6.60e-03 I=1.21e-03 O=5.65e-06)
It: 16680, Loss: 2.124e-02  (f=1.32e-02 W=6.33e-03 I=1.66e-03 O=1.29e-05)
It: 16690, Loss: 2.035e-02  (f=1.26e-02 W=6.71e-03 I=1.06e-03 O=4.10e-06)
[1m-------------Baseline Loss---------------[0m
It: 16700, Loss: 4.332e-02  (f=3.55e-02 W=6.57e-03 I=1.26e-03 O=8.44e-06)
[1m-------------Baseline Loss---------------[0m
It: 16700, Loss: 2.109e-02  (f=1.32e-02 W=6.57e-03 I=1.26e-03 O=8.44e-06)
It: 16710, Loss: 1.961e-02  (f=1.18e-02 W=6.71e-03 I=1.09e-03 O=2.97e-06)
It: 16720, Loss: 1.998e-02  (f=1.22e-02 W=6.66e-03 I=1.07e-03 O=4.62e-06)
It: 16730, Loss: 1.951e-02  (f=1.18e-02 W=6.65e-03 I=1.07e-03 O=4.18e-06)
It: 16740, Loss: 2.064e-02  (f=1.30e-02 W=6.91e-03 I=7.27e-04 O=1.48e-05)
It: 16750, Loss: 2.008e-02  (f=1.23e-02 W=6.63e-03 I=1.12e-03 O=6.97e-06)
It: 16760, Loss: 2.163e-02  (f=1.36e-02 W=6.36e-03 I=1.63e-03 O=1.92e-05)
It: 16770, Loss: 2.035e-02  (f=1.25e-02 W=6.71e-03 I=1.16e-03 O=6.58e-06)
It: 16780, Loss: 2.000e-02  (f=1.21e-02 W=6.60e-03 I=1.26e-03 O=8.97e-06)
It: 16790, Loss: 1.956e-02  (f=1.18e-02 W=6.65e-03 I=1.11e-03 O=4.08e-06)
[1m-------------Baseline Loss---------------[0m
It: 16800, Loss: 4.056e-02  (f=3.28e-02 W=6.64e-03 I=1.10e-03 O=4.32e-06)
[1m-------------Baseline Loss---------------[0m
It: 16800, Loss: 1.988e-02  (f=1.21e-02 W=6.64e-03 I=1.10e-03 O=4.32e-06)
It: 16810, Loss: 1.981e-02  (f=1.21e-02 W=6.67e-03 I=1.01e-03 O=5.42e-06)
It: 16820, Loss: 2.527e-02  (f=1.68e-02 W=6.91e-03 I=1.53e-03 O=1.66e-05)
It: 16830, Loss: 2.164e-02  (f=1.30e-02 W=7.13e-03 I=1.55e-03 O=3.69e-06)
It: 16840, Loss: 1.981e-02  (f=1.14e-02 W=7.26e-03 I=1.10e-03 O=3.81e-06)
It: 16850, Loss: 1.960e-02  (f=1.14e-02 W=7.07e-03 I=1.10e-03 O=4.70e-06)
It: 16860, Loss: 1.939e-02  (f=1.14e-02 W=6.85e-03 I=1.15e-03 O=6.57e-06)
It: 16870, Loss: 1.929e-02  (f=1.15e-02 W=6.74e-03 I=1.08e-03 O=2.75e-06)
It: 16880, Loss: 2.009e-02  (f=1.24e-02 W=6.88e-03 I=8.29e-04 O=1.17e-05)
It: 16890, Loss: 1.969e-02  (f=1.20e-02 W=6.71e-03 I=9.62e-04 O=1.09e-05)
[1m-------------Baseline Loss---------------[0m
It: 16900, Loss: 4.140e-02  (f=3.37e-02 W=6.85e-03 I=8.36e-04 O=1.77e-05)
[1m-------------Baseline Loss---------------[0m
It: 16900, Loss: 2.122e-02  (f=1.35e-02 W=6.85e-03 I=8.36e-04 O=1.77e-05)
It: 16910, Loss: 1.953e-02  (f=1.18e-02 W=6.55e-03 I=1.16e-03 O=6.83e-06)
It: 16920, Loss: 1.998e-02  (f=1.22e-02 W=6.45e-03 I=1.32e-03 O=1.19e-05)
It: 16930, Loss: 2.046e-02  (f=1.27e-02 W=6.48e-03 I=1.24e-03 O=1.17e-05)
It: 16940, Loss: 1.999e-02  (f=1.23e-02 W=6.44e-03 I=1.29e-03 O=5.62e-06)
It: 16950, Loss: 2.066e-02  (f=1.28e-02 W=6.43e-03 I=1.38e-03 O=1.20e-05)
It: 16960, Loss: 2.247e-02  (f=1.46e-02 W=6.83e-03 I=1.00e-03 O=4.56e-06)
It: 16970, Loss: 2.053e-02  (f=1.27e-02 W=6.92e-03 I=9.12e-04 O=3.51e-06)
It: 16980, Loss: 2.071e-02  (f=1.28e-02 W=6.64e-03 I=1.30e-03 O=5.36e-06)
It: 16990, Loss: 2.032e-02  (f=1.25e-02 W=6.66e-03 I=1.20e-03 O=2.86e-06)
  [iter 17000] refining (adding high-residual pts) ...
  [adaptive] cap enforced: trimmed to 50000
  [adaptive] 50000 -> 50000  (+1762 added, -0 pruned, protected=5279, thr_accept=2.77e-01)
[1m-------------Baseline Loss---------------[0m
It: 17000, Loss: 4.189e-02  (f=3.40e-02 W=6.63e-03 I=1.25e-03 O=1.33e-05)
[1m-------------Baseline Loss---------------[0m
It: 17000, Loss: 2.143e-02  (f=1.35e-02 W=6.63e-03 I=1.25e-03 O=1.33e-05)
It: 17010, Loss: 1.978e-02  (f=1.20e-02 W=6.66e-03 I=1.14e-03 O=3.23e-06)
It: 17020, Loss: 2.059e-02  (f=1.29e-02 W=6.93e-03 I=7.92e-04 O=9.05e-06)
It: 17030, Loss: 1.923e-02  (f=1.16e-02 W=6.60e-03 I=1.08e-03 O=2.70e-06)
It: 17040, Loss: 2.146e-02  (f=1.35e-02 W=6.36e-03 I=1.56e-03 O=1.46e-05)
It: 17050, Loss: 2.055e-02  (f=1.28e-02 W=6.52e-03 I=1.26e-03 O=3.36e-06)
It: 17060, Loss: 1.929e-02  (f=1.15e-02 W=6.61e-03 I=1.20e-03 O=5.70e-06)
It: 17070, Loss: 1.938e-02  (f=1.17e-02 W=6.64e-03 I=1.08e-03 O=3.39e-06)
It: 17080, Loss: 2.025e-02  (f=1.25e-02 W=6.35e-03 I=1.40e-03 O=1.14e-05)
It: 17090, Loss: 2.140e-02  (f=1.35e-02 W=6.19e-03 I=1.72e-03 O=1.79e-05)
[1m-------------Baseline Loss---------------[0m
It: 17100, Loss: 4.111e-02  (f=3.35e-02 W=6.65e-03 I=9.15e-04 O=5.18e-06)
[1m-------------Baseline Loss---------------[0m
It: 17100, Loss: 2.021e-02  (f=1.26e-02 W=6.65e-03 I=9.15e-04 O=5.18e-06)
It: 17110, Loss: 1.983e-02  (f=1.22e-02 W=6.60e-03 I=1.03e-03 O=4.55e-06)
It: 17120, Loss: 1.995e-02  (f=1.23e-02 W=6.34e-03 I=1.35e-03 O=4.77e-06)
It: 17130, Loss: 2.058e-02  (f=1.30e-02 W=6.77e-03 I=8.23e-04 O=8.58e-06)
It: 17140, Loss: 2.078e-02  (f=1.28e-02 W=6.56e-03 I=1.40e-03 O=2.55e-06)
It: 17150, Loss: 2.009e-02  (f=1.22e-02 W=7.00e-03 I=9.33e-04 O=5.60e-06)
It: 17160, Loss: 2.004e-02  (f=1.21e-02 W=6.67e-03 I=1.31e-03 O=3.46e-06)
It: 17170, Loss: 1.964e-02  (f=1.19e-02 W=6.63e-03 I=1.12e-03 O=3.95e-06)
It: 17180, Loss: 1.945e-02  (f=1.18e-02 W=6.72e-03 I=8.90e-04 O=4.95e-06)
It: 17190, Loss: 1.930e-02  (f=1.17e-02 W=6.49e-03 I=1.08e-03 O=2.67e-06)
[1m-------------Baseline Loss---------------[0m
It: 17200, Loss: 6.080e-02  (f=5.29e-02 W=6.81e-03 I=1.08e-03 O=1.47e-05)
[1m-------------Baseline Loss---------------[0m
It: 17200, Loss: 2.871e-02  (f=2.08e-02 W=6.81e-03 I=1.08e-03 O=1.47e-05)
It: 17210, Loss: 2.279e-02  (f=1.45e-02 W=6.76e-03 I=1.48e-03 O=1.04e-05)
It: 17220, Loss: 1.988e-02  (f=1.18e-02 W=6.96e-03 I=1.13e-03 O=3.06e-06)
It: 17230, Loss: 1.951e-02  (f=1.15e-02 W=6.76e-03 I=1.28e-03 O=2.65e-06)
It: 17240, Loss: 2.038e-02  (f=1.25e-02 W=6.97e-03 I=8.84e-04 O=1.00e-05)
It: 17250, Loss: 1.975e-02  (f=1.20e-02 W=6.71e-03 I=1.05e-03 O=5.08e-06)
It: 17260, Loss: 1.922e-02  (f=1.16e-02 W=6.56e-03 I=1.10e-03 O=4.17e-06)
It: 17270, Loss: 2.084e-02  (f=1.31e-02 W=6.31e-03 I=1.40e-03 O=8.05e-06)
It: 17280, Loss: 1.930e-02  (f=1.17e-02 W=6.54e-03 I=1.07e-03 O=3.86e-06)
It: 17290, Loss: 1.919e-02  (f=1.16e-02 W=6.60e-03 I=9.77e-04 O=4.16e-06)
[1m-------------Baseline Loss---------------[0m
It: 17300, Loss: 4.336e-02  (f=3.57e-02 W=6.43e-03 I=1.22e-03 O=4.12e-06)
[1m-------------Baseline Loss---------------[0m
It: 17300, Loss: 2.107e-02  (f=1.34e-02 W=6.43e-03 I=1.22e-03 O=4.12e-06)
It: 17310, Loss: 1.961e-02  (f=1.20e-02 W=6.71e-03 I=9.27e-04 O=2.81e-06)
It: 17320, Loss: 1.995e-02  (f=1.23e-02 W=6.58e-03 I=1.03e-03 O=3.41e-06)
It: 17330, Loss: 1.939e-02  (f=1.19e-02 W=6.64e-03 I=9.01e-04 O=3.63e-06)
It: 17340, Loss: 2.675e-02  (f=1.89e-02 W=7.05e-03 I=7.65e-04 O=5.59e-05)
It: 17350, Loss: 2.362e-02  (f=1.53e-02 W=6.25e-03 I=2.08e-03 O=2.47e-05)
It: 17360, Loss: 1.969e-02  (f=1.18e-02 W=6.54e-03 I=1.31e-03 O=3.30e-06)
It: 17370, Loss: 1.940e-02  (f=1.17e-02 W=6.71e-03 I=1.03e-03 O=3.64e-06)
It: 17380, Loss: 1.947e-02  (f=1.18e-02 W=6.54e-03 I=1.10e-03 O=2.64e-06)
It: 17390, Loss: 1.955e-02  (f=1.19e-02 W=6.52e-03 I=1.08e-03 O=3.44e-06)
[1m-------------Baseline Loss---------------[0m
It: 17400, Loss: 4.221e-02  (f=3.46e-02 W=6.66e-03 I=9.14e-04 O=3.79e-06)
[1m-------------Baseline Loss---------------[0m
It: 17400, Loss: 2.051e-02  (f=1.29e-02 W=6.66e-03 I=9.14e-04 O=3.79e-06)
It: 17410, Loss: 1.923e-02  (f=1.17e-02 W=6.54e-03 I=9.86e-04 O=3.22e-06)
It: 17420, Loss: 1.972e-02  (f=1.22e-02 W=6.38e-03 I=1.14e-03 O=2.87e-06)
It: 17430, Loss: 2.044e-02  (f=1.28e-02 W=6.36e-03 I=1.23e-03 O=4.26e-06)
It: 17440, Loss: 2.029e-02  (f=1.27e-02 W=6.47e-03 I=1.11e-03 O=5.13e-06)
It: 17450, Loss: 2.222e-02  (f=1.44e-02 W=6.50e-03 I=1.29e-03 O=3.04e-06)
It: 17460, Loss: 2.109e-02  (f=1.32e-02 W=6.82e-03 I=1.10e-03 O=4.14e-06)
It: 17470, Loss: 2.030e-02  (f=1.25e-02 W=6.71e-03 I=1.09e-03 O=5.89e-06)
It: 17480, Loss: 1.996e-02  (f=1.22e-02 W=6.75e-03 I=1.04e-03 O=5.81e-06)
It: 17490, Loss: 2.002e-02  (f=1.23e-02 W=6.76e-03 I=9.34e-04 O=5.39e-06)
[1m-------------Baseline Loss---------------[0m
It: 17500, Loss: 3.946e-02  (f=3.18e-02 W=6.54e-03 I=1.10e-03 O=2.61e-06)
[1m-------------Baseline Loss---------------[0m
It: 17500, Loss: 1.932e-02  (f=1.17e-02 W=6.54e-03 I=1.10e-03 O=2.61e-06)
It: 17510, Loss: 2.060e-02  (f=1.29e-02 W=6.31e-03 I=1.34e-03 O=6.37e-06)
It: 17520, Loss: 1.947e-02  (f=1.19e-02 W=6.42e-03 I=1.15e-03 O=2.38e-06)
It: 17530, Loss: 2.170e-02  (f=1.41e-02 W=6.73e-03 I=8.21e-04 O=1.21e-05)
It: 17540, Loss: 1.948e-02  (f=1.19e-02 W=6.57e-03 I=9.64e-04 O=4.13e-06)
It: 17550, Loss: 1.943e-02  (f=1.19e-02 W=6.51e-03 I=1.03e-03 O=2.81e-06)
It: 17560, Loss: 2.031e-02  (f=1.28e-02 W=6.60e-03 I=9.01e-04 O=5.54e-06)
It: 17570, Loss: 1.922e-02  (f=1.16e-02 W=6.59e-03 I=9.88e-04 O=3.25e-06)
It: 17580, Loss: 2.126e-02  (f=1.36e-02 W=6.64e-03 I=1.03e-03 O=8.14e-06)
It: 17590, Loss: 1.981e-02  (f=1.22e-02 W=6.75e-03 I=8.91e-04 O=9.89e-06)
[1m-------------Baseline Loss---------------[0m
It: 17600, Loss: 4.024e-02  (f=3.26e-02 W=6.61e-03 I=9.91e-04 O=3.56e-06)
[1m-------------Baseline Loss---------------[0m
It: 17600, Loss: 1.992e-02  (f=1.23e-02 W=6.61e-03 I=9.91e-04 O=3.56e-06)
It: 17610, Loss: 2.015e-02  (f=1.25e-02 W=6.67e-03 I=9.50e-04 O=4.97e-06)
It: 17620, Loss: 1.997e-02  (f=1.24e-02 W=6.48e-03 I=1.12e-03 O=6.94e-06)
It: 17630, Loss: 1.962e-02  (f=1.21e-02 W=6.48e-03 I=1.06e-03 O=3.84e-06)
It: 17640, Loss: 2.093e-02  (f=1.34e-02 W=6.55e-03 I=9.32e-04 O=4.93e-06)
It: 17650, Loss: 1.957e-02  (f=1.19e-02 W=6.54e-03 I=1.07e-03 O=7.13e-06)
It: 17660, Loss: 1.985e-02  (f=1.23e-02 W=6.45e-03 I=1.14e-03 O=3.00e-06)
It: 17670, Loss: 2.042e-02  (f=1.27e-02 W=6.34e-03 I=1.35e-03 O=8.42e-06)
It: 17680, Loss: 2.041e-02  (f=1.28e-02 W=6.50e-03 I=1.07e-03 O=4.94e-06)
It: 17690, Loss: 1.968e-02  (f=1.21e-02 W=6.44e-03 I=1.18e-03 O=2.42e-06)
[1m-------------Baseline Loss---------------[0m
It: 17700, Loss: 4.045e-02  (f=3.29e-02 W=6.44e-03 I=1.11e-03 O=8.39e-06)
[1m-------------Baseline Loss---------------[0m
It: 17700, Loss: 2.017e-02  (f=1.26e-02 W=6.44e-03 I=1.11e-03 O=8.39e-06)
It: 17710, Loss: 2.423e-02  (f=1.67e-02 W=6.91e-03 I=6.32e-04 O=3.39e-05)
It: 17720, Loss: 2.080e-02  (f=1.30e-02 W=6.39e-03 I=1.36e-03 O=3.41e-06)
It: 17730, Loss: 1.923e-02  (f=1.17e-02 W=6.52e-03 I=1.03e-03 O=8.84e-06)
It: 17740, Loss: 1.930e-02  (f=1.18e-02 W=6.53e-03 I=9.33e-04 O=5.57e-06)
It: 17750, Loss: 2.050e-02  (f=1.30e-02 W=6.55e-03 I=9.36e-04 O=6.20e-06)
It: 17760, Loss: 1.987e-02  (f=1.21e-02 W=6.71e-03 I=1.06e-03 O=5.24e-06)
It: 17770, Loss: 2.146e-02  (f=1.35e-02 W=6.65e-03 I=1.34e-03 O=3.41e-06)
It: 17780, Loss: 1.961e-02  (f=1.17e-02 W=6.56e-03 I=1.35e-03 O=6.90e-06)
It: 17790, Loss: 1.938e-02  (f=1.17e-02 W=6.65e-03 I=1.01e-03 O=3.71e-06)
[1m-------------Baseline Loss---------------[0m
It: 17800, Loss: 3.973e-02  (f=3.22e-02 W=6.75e-03 I=7.75e-04 O=1.32e-05)
[1m-------------Baseline Loss---------------[0m
It: 17800, Loss: 1.971e-02  (f=1.22e-02 W=6.75e-03 I=7.75e-04 O=1.32e-05)
It: 17810, Loss: 2.129e-02  (f=1.37e-02 W=6.72e-03 I=8.57e-04 O=6.75e-06)
It: 17820, Loss: 1.957e-02  (f=1.19e-02 W=6.50e-03 I=1.16e-03 O=2.71e-06)
It: 17830, Loss: 1.923e-02  (f=1.17e-02 W=6.51e-03 I=1.05e-03 O=3.42e-06)
It: 17840, Loss: 2.032e-02  (f=1.28e-02 W=6.39e-03 I=1.17e-03 O=9.83e-06)
It: 17850, Loss: 1.955e-02  (f=1.21e-02 W=6.55e-03 I=9.36e-04 O=5.73e-06)
It: 17860, Loss: 1.974e-02  (f=1.22e-02 W=6.36e-03 I=1.15e-03 O=3.59e-06)
It: 17870, Loss: 2.020e-02  (f=1.28e-02 W=6.61e-03 I=8.22e-04 O=5.45e-06)
It: 17880, Loss: 1.973e-02  (f=1.21e-02 W=6.31e-03 I=1.36e-03 O=2.65e-06)
It: 17890, Loss: 2.028e-02  (f=1.27e-02 W=6.81e-03 I=8.03e-04 O=5.41e-06)
[1m-------------Baseline Loss---------------[0m
It: 17900, Loss: 4.097e-02  (f=3.33e-02 W=6.27e-03 I=1.44e-03 O=1.53e-05)
[1m-------------Baseline Loss---------------[0m
It: 17900, Loss: 2.023e-02  (f=1.25e-02 W=6.27e-03 I=1.44e-03 O=1.53e-05)
It: 17910, Loss: 2.049e-02  (f=1.29e-02 W=6.47e-03 I=1.12e-03 O=3.67e-06)
It: 17920, Loss: 2.125e-02  (f=1.36e-02 W=6.62e-03 I=1.07e-03 O=6.98e-06)
It: 17930, Loss: 1.915e-02  (f=1.15e-02 W=6.57e-03 I=1.08e-03 O=2.56e-06)
It: 17940, Loss: 2.021e-02  (f=1.26e-02 W=6.64e-03 I=9.56e-04 O=7.50e-06)
It: 17950, Loss: 2.050e-02  (f=1.29e-02 W=6.77e-03 I=7.89e-04 O=1.12e-05)
It: 17960, Loss: 2.001e-02  (f=1.25e-02 W=6.38e-03 I=1.16e-03 O=3.09e-06)
It: 17970, Loss: 1.954e-02  (f=1.21e-02 W=6.60e-03 I=8.54e-04 O=4.44e-06)
It: 17980, Loss: 1.920e-02  (f=1.18e-02 W=6.31e-03 I=1.12e-03 O=3.33e-06)
It: 17990, Loss: 2.387e-02  (f=1.63e-02 W=6.55e-03 I=9.83e-04 O=2.17e-06)
  [iter 18000] refining (adding high-residual pts) ...
  [adaptive] cap enforced: trimmed to 50000
  [adaptive] 50000 -> 50000  (+1256 added, -0 pruned, protected=5279, thr_accept=2.97e-01)
[1m-------------Baseline Loss---------------[0m
It: 18000, Loss: 4.674e-02  (f=3.90e-02 W=6.62e-03 I=1.10e-03 O=4.93e-06)
[1m-------------Baseline Loss---------------[0m
It: 18000, Loss: 2.262e-02  (f=1.49e-02 W=6.62e-03 I=1.10e-03 O=4.93e-06)
It: 18010, Loss: 2.040e-02  (f=1.27e-02 W=6.54e-03 I=1.18e-03 O=3.05e-06)
It: 18020, Loss: 1.988e-02  (f=1.22e-02 W=6.62e-03 I=1.04e-03 O=3.44e-06)
It: 18030, Loss: 1.967e-02  (f=1.21e-02 W=6.55e-03 I=1.01e-03 O=4.35e-06)
It: 18040, Loss: 1.935e-02  (f=1.18e-02 W=6.41e-03 I=1.15e-03 O=3.77e-06)
It: 18050, Loss: 2.376e-02  (f=1.58e-02 W=6.34e-03 I=1.59e-03 O=4.64e-05)
It: 18060, Loss: 2.148e-02  (f=1.38e-02 W=6.91e-03 I=7.14e-04 O=3.10e-05)
It: 18070, Loss: 2.005e-02  (f=1.23e-02 W=6.42e-03 I=1.28e-03 O=2.81e-05)
It: 18080, Loss: 1.926e-02  (f=1.17e-02 W=6.44e-03 I=1.13e-03 O=2.59e-06)
It: 18090, Loss: 1.923e-02  (f=1.18e-02 W=6.44e-03 I=1.03e-03 O=4.65e-06)
[1m-------------Baseline Loss---------------[0m
It: 18100, Loss: 4.188e-02  (f=3.43e-02 W=6.52e-03 I=1.01e-03 O=8.01e-06)
[1m-------------Baseline Loss---------------[0m
It: 18100, Loss: 2.019e-02  (f=1.27e-02 W=6.52e-03 I=1.01e-03 O=8.01e-06)
It: 18110, Loss: 2.028e-02  (f=1.28e-02 W=6.59e-03 I=8.67e-04 O=6.62e-06)
It: 18120, Loss: 2.070e-02  (f=1.32e-02 W=6.55e-03 I=9.03e-04 O=7.34e-06)
It: 18130, Loss: 1.943e-02  (f=1.19e-02 W=6.37e-03 I=1.11e-03 O=4.24e-06)
It: 18140, Loss: 1.921e-02  (f=1.18e-02 W=6.41e-03 I=1.03e-03 O=1.24e-05)
It: 18150, Loss: 1.908e-02  (f=1.17e-02 W=6.32e-03 I=1.03e-03 O=4.95e-06)
It: 18160, Loss: 2.193e-02  (f=1.45e-02 W=6.69e-03 I=7.52e-04 O=5.91e-06)
It: 18170, Loss: 1.928e-02  (f=1.18e-02 W=6.43e-03 I=1.09e-03 O=6.54e-06)
It: 18180, Loss: 1.976e-02  (f=1.21e-02 W=6.34e-03 I=1.28e-03 O=7.78e-06)
It: 18190, Loss: 1.974e-02  (f=1.22e-02 W=6.36e-03 I=1.15e-03 O=1.96e-05)
[1m-------------Baseline Loss---------------[0m
It: 18200, Loss: 4.063e-02  (f=3.32e-02 W=6.38e-03 I=1.08e-03 O=4.29e-06)
[1m-------------Baseline Loss---------------[0m
It: 18200, Loss: 1.975e-02  (f=1.23e-02 W=6.38e-03 I=1.08e-03 O=4.29e-06)
It: 18210, Loss: 1.972e-02  (f=1.23e-02 W=6.49e-03 I=9.16e-04 O=5.42e-06)
It: 18220, Loss: 2.096e-02  (f=1.36e-02 W=6.57e-03 I=8.25e-04 O=3.32e-06)
It: 18230, Loss: 1.967e-02  (f=1.22e-02 W=6.40e-03 I=1.05e-03 O=2.82e-06)
It: 18240, Loss: 2.145e-02  (f=1.37e-02 W=6.06e-03 I=1.68e-03 O=1.62e-05)
It: 18250, Loss: 2.116e-02  (f=1.36e-02 W=6.66e-03 I=9.30e-04 O=1.07e-05)
It: 18260, Loss: 1.973e-02  (f=1.20e-02 W=6.47e-03 I=1.22e-03 O=4.94e-06)
It: 18270, Loss: 1.994e-02  (f=1.23e-02 W=6.33e-03 I=1.29e-03 O=2.63e-06)
It: 18280, Loss: 2.103e-02  (f=1.34e-02 W=6.53e-03 I=1.10e-03 O=7.68e-06)
It: 18290, Loss: 2.082e-02  (f=1.32e-02 W=6.61e-03 I=9.66e-04 O=2.71e-06)
[1m-------------Baseline Loss---------------[0m
It: 18300, Loss: 3.873e-02  (f=3.12e-02 W=6.44e-03 I=1.12e-03 O=2.49e-06)
[1m-------------Baseline Loss---------------[0m
It: 18300, Loss: 1.901e-02  (f=1.14e-02 W=6.44e-03 I=1.12e-03 O=2.49e-06)
It: 18310, Loss: 1.966e-02  (f=1.22e-02 W=6.55e-03 I=8.80e-04 O=4.23e-06)
It: 18320, Loss: 1.973e-02  (f=1.22e-02 W=6.29e-03 I=1.19e-03 O=2.16e-06)
It: 18330, Loss: 1.906e-02  (f=1.17e-02 W=6.41e-03 I=9.86e-04 O=4.03e-06)
It: 18340, Loss: 1.981e-02  (f=1.23e-02 W=6.33e-03 I=1.17e-03 O=3.19e-06)
It: 18350, Loss: 1.937e-02  (f=1.20e-02 W=6.41e-03 I=9.77e-04 O=2.99e-06)
It: 18360, Loss: 1.991e-02  (f=1.25e-02 W=6.48e-03 I=9.34e-04 O=6.24e-06)
It: 18370, Loss: 2.155e-02  (f=1.41e-02 W=6.46e-03 I=9.87e-04 O=7.62e-06)
It: 18380, Loss: 2.044e-02  (f=1.29e-02 W=6.66e-03 I=8.67e-04 O=8.67e-06)
It: 18390, Loss: 2.117e-02  (f=1.37e-02 W=6.58e-03 I=8.95e-04 O=1.54e-05)
[1m-------------Baseline Loss---------------[0m
It: 18400, Loss: 4.061e-02  (f=3.30e-02 W=6.34e-03 I=1.22e-03 O=4.35e-06)
[1m-------------Baseline Loss---------------[0m
It: 18400, Loss: 1.997e-02  (f=1.24e-02 W=6.34e-03 I=1.22e-03 O=4.35e-06)
It: 18410, Loss: 2.012e-02  (f=1.26e-02 W=6.47e-03 I=1.04e-03 O=8.37e-06)
It: 18420, Loss: 2.103e-02  (f=1.35e-02 W=6.45e-03 I=1.09e-03 O=3.28e-06)
It: 18430, Loss: 1.981e-02  (f=1.23e-02 W=6.52e-03 I=1.00e-03 O=1.35e-05)
It: 18440, Loss: 2.058e-02  (f=1.31e-02 W=6.62e-03 I=9.02e-04 O=2.08e-06)
It: 18450, Loss: 1.902e-02  (f=1.15e-02 W=6.36e-03 I=1.13e-03 O=4.16e-06)
It: 18460, Loss: 2.426e-02  (f=1.65e-02 W=5.92e-03 I=1.83e-03 O=4.49e-05)
It: 18470, Loss: 2.176e-02  (f=1.42e-02 W=6.81e-03 I=7.44e-04 O=1.17e-05)
It: 18480, Loss: 2.188e-02  (f=1.39e-02 W=6.19e-03 I=1.72e-03 O=2.59e-05)
It: 18490, Loss: 2.040e-02  (f=1.27e-02 W=6.40e-03 I=1.27e-03 O=9.49e-06)
[1m-------------Baseline Loss---------------[0m
It: 18500, Loss: 3.913e-02  (f=3.15e-02 W=6.45e-03 I=1.19e-03 O=3.33e-06)
[1m-------------Baseline Loss---------------[0m
It: 18500, Loss: 1.931e-02  (f=1.17e-02 W=6.45e-03 I=1.19e-03 O=3.33e-06)
It: 18510, Loss: 1.929e-02  (f=1.18e-02 W=6.56e-03 I=8.85e-04 O=6.28e-06)
It: 18520, Loss: 2.033e-02  (f=1.29e-02 W=6.44e-03 I=1.01e-03 O=3.37e-06)
It: 18530, Loss: 1.945e-02  (f=1.20e-02 W=6.33e-03 I=1.08e-03 O=4.23e-06)
It: 18540, Loss: 1.925e-02  (f=1.19e-02 W=6.32e-03 I=1.03e-03 O=6.64e-06)
It: 18550, Loss: 1.981e-02  (f=1.25e-02 W=6.30e-03 I=1.00e-03 O=1.13e-05)
It: 18560, Loss: 2.071e-02  (f=1.34e-02 W=6.28e-03 I=1.07e-03 O=3.53e-06)
It: 18570, Loss: 1.936e-02  (f=1.19e-02 W=6.33e-03 I=1.10e-03 O=2.54e-06)
It: 18580, Loss: 2.167e-02  (f=1.40e-02 W=6.49e-03 I=1.16e-03 O=8.74e-06)
It: 18590, Loss: 1.933e-02  (f=1.17e-02 W=6.43e-03 I=1.18e-03 O=5.04e-06)
[1m-------------Baseline Loss---------------[0m
It: 18600, Loss: 4.042e-02  (f=3.29e-02 W=6.63e-03 I=8.76e-04 O=6.85e-06)
[1m-------------Baseline Loss---------------[0m
It: 18600, Loss: 1.999e-02  (f=1.25e-02 W=6.63e-03 I=8.76e-04 O=6.85e-06)
It: 18610, Loss: 1.969e-02  (f=1.22e-02 W=6.41e-03 I=1.09e-03 O=3.26e-06)
It: 18620, Loss: 1.966e-02  (f=1.22e-02 W=6.48e-03 I=9.48e-04 O=6.38e-06)
It: 18630, Loss: 1.910e-02  (f=1.18e-02 W=6.38e-03 I=9.49e-04 O=3.43e-06)
It: 18640, Loss: 1.998e-02  (f=1.27e-02 W=6.21e-03 I=1.10e-03 O=2.52e-06)
It: 18650, Loss: 1.946e-02  (f=1.21e-02 W=6.30e-03 I=1.02e-03 O=5.51e-06)
It: 18660, Loss: 1.959e-02  (f=1.23e-02 W=6.33e-03 I=9.59e-04 O=1.96e-06)
It: 18670, Loss: 2.279e-02  (f=1.49e-02 W=6.06e-03 I=1.77e-03 O=5.71e-05)
It: 18680, Loss: 2.025e-02  (f=1.28e-02 W=6.65e-03 I=7.77e-04 O=1.15e-05)
It: 18690, Loss: 1.959e-02  (f=1.22e-02 W=6.36e-03 I=1.04e-03 O=7.61e-06)
[1m-------------Baseline Loss---------------[0m
It: 18700, Loss: 4.261e-02  (f=3.52e-02 W=6.22e-03 I=1.21e-03 O=7.27e-06)
[1m-------------Baseline Loss---------------[0m
It: 18700, Loss: 2.086e-02  (f=1.34e-02 W=6.22e-03 I=1.21e-03 O=7.27e-06)
It: 18710, Loss: 1.935e-02  (f=1.20e-02 W=6.46e-03 I=9.28e-04 O=4.53e-06)
It: 18720, Loss: 2.125e-02  (f=1.38e-02 W=6.53e-03 I=9.28e-04 O=7.01e-06)
It: 18730, Loss: 1.953e-02  (f=1.21e-02 W=6.36e-03 I=1.07e-03 O=2.48e-06)
It: 18740, Loss: 1.951e-02  (f=1.21e-02 W=6.37e-03 I=1.08e-03 O=8.59e-06)
It: 18750, Loss: 1.961e-02  (f=1.22e-02 W=6.36e-03 I=1.03e-03 O=5.42e-06)
It: 18760, Loss: 2.067e-02  (f=1.32e-02 W=6.32e-03 I=1.17e-03 O=4.69e-06)
It: 18770, Loss: 1.930e-02  (f=1.18e-02 W=6.31e-03 I=1.15e-03 O=3.84e-06)
It: 18780, Loss: 2.318e-02  (f=1.53e-02 W=5.90e-03 I=1.96e-03 O=1.83e-05)
It: 18790, Loss: 1.914e-02  (f=1.17e-02 W=6.39e-03 I=1.03e-03 O=6.17e-06)
[1m-------------Baseline Loss---------------[0m
It: 18800, Loss: 3.916e-02  (f=3.18e-02 W=6.38e-03 I=9.38e-04 O=5.49e-06)
[1m-------------Baseline Loss---------------[0m
It: 18800, Loss: 1.913e-02  (f=1.18e-02 W=6.38e-03 I=9.38e-04 O=5.49e-06)
It: 18810, Loss: 1.916e-02  (f=1.18e-02 W=6.26e-03 I=1.05e-03 O=2.86e-06)
It: 18820, Loss: 2.069e-02  (f=1.32e-02 W=6.35e-03 I=1.10e-03 O=1.73e-05)
It: 18830, Loss: 2.270e-02  (f=1.52e-02 W=6.65e-03 I=8.68e-04 O=1.69e-05)
It: 18840, Loss: 1.903e-02  (f=1.15e-02 W=6.35e-03 I=1.15e-03 O=5.26e-06)
It: 18850, Loss: 1.950e-02  (f=1.21e-02 W=6.38e-03 I=1.02e-03 O=2.27e-06)
It: 18860, Loss: 1.917e-02  (f=1.18e-02 W=6.29e-03 I=1.10e-03 O=7.60e-06)
It: 18870, Loss: 2.115e-02  (f=1.35e-02 W=6.03e-03 I=1.56e-03 O=1.56e-05)
It: 18880, Loss: 2.004e-02  (f=1.27e-02 W=6.42e-03 I=8.74e-04 O=2.89e-05)
It: 18890, Loss: 2.146e-02  (f=1.40e-02 W=6.20e-03 I=1.29e-03 O=1.53e-05)
[1m-------------Baseline Loss---------------[0m
It: 18900, Loss: 4.049e-02  (f=3.31e-02 W=6.46e-03 I=9.67e-04 O=2.21e-06)
[1m-------------Baseline Loss---------------[0m
It: 18900, Loss: 1.974e-02  (f=1.23e-02 W=6.46e-03 I=9.67e-04 O=2.21e-06)
It: 18910, Loss: 1.929e-02  (f=1.19e-02 W=6.47e-03 I=9.12e-04 O=2.07e-06)
It: 18920, Loss: 2.009e-02  (f=1.27e-02 W=6.36e-03 I=9.92e-04 O=5.44e-06)
It: 18930, Loss: 1.940e-02  (f=1.20e-02 W=6.31e-03 I=1.04e-03 O=8.02e-06)
It: 18940, Loss: 2.079e-02  (f=1.33e-02 W=6.25e-03 I=1.20e-03 O=3.78e-06)
It: 18950, Loss: 1.935e-02  (f=1.20e-02 W=6.32e-03 I=1.07e-03 O=7.91e-06)
It: 18960, Loss: 1.962e-02  (f=1.23e-02 W=6.22e-03 I=1.08e-03 O=1.06e-05)
It: 18970, Loss: 2.216e-02  (f=1.45e-02 W=6.06e-03 I=1.55e-03 O=9.13e-06)
It: 18980, Loss: 2.016e-02  (f=1.27e-02 W=6.52e-03 I=8.96e-04 O=7.81e-06)
It: 18990, Loss: 2.096e-02  (f=1.35e-02 W=6.51e-03 I=9.67e-04 O=1.32e-05)
  [iter 19000] refining (adding high-residual pts) ...
  [adaptive] cap enforced: trimmed to 50000
  [adaptive] 50000 -> 50000  (+2888 added, -0 pruned, protected=5279, thr_accept=3.01e-01)
[1m-------------Baseline Loss---------------[0m
It: 19000, Loss: 4.275e-02  (f=3.52e-02 W=6.27e-03 I=1.31e-03 O=2.00e-06)
[1m-------------Baseline Loss---------------[0m
It: 19000, Loss: 2.093e-02  (f=1.33e-02 W=6.27e-03 I=1.31e-03 O=2.00e-06)
It: 19010, Loss: 1.960e-02  (f=1.22e-02 W=6.50e-03 I=9.17e-04 O=5.07e-06)
It: 19020, Loss: 1.918e-02  (f=1.19e-02 W=6.27e-03 I=1.02e-03 O=3.19e-06)
It: 19030, Loss: 1.902e-02  (f=1.18e-02 W=6.28e-03 I=9.89e-04 O=2.18e-06)
It: 19040, Loss: 1.968e-02  (f=1.25e-02 W=6.30e-03 I=9.05e-04 O=1.35e-05)
It: 19050, Loss: 2.117e-02  (f=1.37e-02 W=6.31e-03 I=1.14e-03 O=6.58e-06)
It: 19060, Loss: 2.129e-02  (f=1.36e-02 W=6.12e-03 I=1.57e-03 O=2.12e-05)
It: 19070, Loss: 1.930e-02  (f=1.19e-02 W=6.41e-03 I=9.75e-04 O=2.87e-06)
It: 19080, Loss: 1.975e-02  (f=1.24e-02 W=6.35e-03 I=1.01e-03 O=2.15e-06)
It: 19090, Loss: 1.945e-02  (f=1.21e-02 W=6.30e-03 I=1.06e-03 O=5.08e-06)
[1m-------------Baseline Loss---------------[0m
It: 19100, Loss: 4.322e-02  (f=3.57e-02 W=6.32e-03 I=1.17e-03 O=1.09e-05)
[1m-------------Baseline Loss---------------[0m
It: 19100, Loss: 2.115e-02  (f=1.36e-02 W=6.32e-03 I=1.17e-03 O=1.09e-05)
It: 19110, Loss: 2.025e-02  (f=1.29e-02 W=6.34e-03 I=1.02e-03 O=1.18e-05)
It: 19120, Loss: 2.085e-02  (f=1.35e-02 W=6.67e-03 I=6.62e-04 O=1.43e-05)
It: 19130, Loss: 1.925e-02  (f=1.20e-02 W=6.36e-03 I=8.60e-04 O=8.87e-06)
It: 19140, Loss: 1.970e-02  (f=1.24e-02 W=6.03e-03 I=1.24e-03 O=3.10e-06)
It: 19150, Loss: 1.998e-02  (f=1.25e-02 W=6.01e-03 I=1.42e-03 O=1.47e-05)
It: 19160, Loss: 1.975e-02  (f=1.24e-02 W=6.17e-03 I=1.19e-03 O=5.90e-06)
It: 19170, Loss: 1.962e-02  (f=1.22e-02 W=6.17e-03 I=1.25e-03 O=1.99e-05)
It: 19180, Loss: 1.966e-02  (f=1.23e-02 W=6.26e-03 I=1.05e-03 O=4.30e-06)
It: 19190, Loss: 2.093e-02  (f=1.36e-02 W=6.52e-03 I=8.02e-04 O=1.23e-05)
[1m-------------Baseline Loss---------------[0m
It: 19200, Loss: 3.964e-02  (f=3.22e-02 W=6.17e-03 I=1.25e-03 O=2.13e-06)
[1m-------------Baseline Loss---------------[0m
It: 19200, Loss: 1.940e-02  (f=1.20e-02 W=6.17e-03 I=1.25e-03 O=2.13e-06)
It: 19210, Loss: 1.928e-02  (f=1.20e-02 W=6.45e-03 I=8.11e-04 O=2.94e-06)
It: 19220, Loss: 1.950e-02  (f=1.23e-02 W=6.30e-03 I=9.31e-04 O=3.21e-06)
It: 19230, Loss: 1.968e-02  (f=1.25e-02 W=6.36e-03 I=8.68e-04 O=2.20e-06)
It: 19240, Loss: 2.179e-02  (f=1.43e-02 W=6.07e-03 I=1.38e-03 O=2.90e-06)
It: 19250, Loss: 2.043e-02  (f=1.30e-02 W=6.40e-03 I=1.00e-03 O=8.36e-06)
It: 19260, Loss: 2.104e-02  (f=1.35e-02 W=6.17e-03 I=1.37e-03 O=6.48e-06)
It: 19270, Loss: 2.013e-02  (f=1.26e-02 W=6.42e-03 I=1.07e-03 O=2.18e-06)
It: 19280, Loss: 1.935e-02  (f=1.20e-02 W=6.41e-03 I=9.72e-04 O=2.28e-06)
It: 19290, Loss: 1.950e-02  (f=1.21e-02 W=6.23e-03 I=1.16e-03 O=2.07e-06)
[1m-------------Baseline Loss---------------[0m
It: 19300, Loss: 3.906e-02  (f=3.18e-02 W=6.31e-03 I=9.82e-04 O=2.89e-06)
[1m-------------Baseline Loss---------------[0m
It: 19300, Loss: 1.896e-02  (f=1.17e-02 W=6.31e-03 I=9.82e-04 O=2.89e-06)
It: 19310, Loss: 1.896e-02  (f=1.18e-02 W=6.21e-03 I=1.00e-03 O=1.82e-06)
It: 19320, Loss: 1.983e-02  (f=1.26e-02 W=6.36e-03 I=8.19e-04 O=4.99e-06)
It: 19330, Loss: 1.960e-02  (f=1.24e-02 W=6.32e-03 I=8.72e-04 O=4.39e-06)
It: 19340, Loss: 1.969e-02  (f=1.25e-02 W=6.38e-03 I=8.51e-04 O=4.67e-06)
It: 19350, Loss: 1.941e-02  (f=1.22e-02 W=6.38e-03 I=8.27e-04 O=1.34e-05)
It: 19360, Loss: 1.911e-02  (f=1.18e-02 W=6.24e-03 I=1.03e-03 O=3.81e-06)
It: 19370, Loss: 1.909e-02  (f=1.19e-02 W=6.32e-03 I=8.43e-04 O=2.93e-06)
It: 19380, Loss: 2.192e-02  (f=1.46e-02 W=6.24e-03 I=1.05e-03 O=2.22e-06)
It: 19390, Loss: 2.235e-02  (f=1.48e-02 W=6.33e-03 I=1.23e-03 O=2.26e-05)
[1m-------------Baseline Loss---------------[0m
It: 19400, Loss: 4.149e-02  (f=3.38e-02 W=6.17e-03 I=1.45e-03 O=2.29e-05)
[1m-------------Baseline Loss---------------[0m
It: 19400, Loss: 2.075e-02  (f=1.31e-02 W=6.17e-03 I=1.45e-03 O=2.29e-05)
It: 19410, Loss: 2.027e-02  (f=1.27e-02 W=6.36e-03 I=1.16e-03 O=3.33e-06)
It: 19420, Loss: 1.899e-02  (f=1.16e-02 W=6.34e-03 I=1.00e-03 O=2.71e-06)
It: 19430, Loss: 1.982e-02  (f=1.25e-02 W=6.34e-03 I=9.87e-04 O=8.89e-06)
It: 19440, Loss: 1.930e-02  (f=1.20e-02 W=6.10e-03 I=1.21e-03 O=8.50e-06)
It: 19450, Loss: 2.088e-02  (f=1.36e-02 W=6.07e-03 I=1.23e-03 O=1.03e-05)
It: 19460, Loss: 1.909e-02  (f=1.19e-02 W=6.33e-03 I=8.49e-04 O=2.91e-06)
It: 19470, Loss: 1.895e-02  (f=1.18e-02 W=6.18e-03 I=9.65e-04 O=7.53e-06)
It: 19480, Loss: 2.023e-02  (f=1.31e-02 W=6.26e-03 I=8.95e-04 O=7.65e-06)
It: 19490, Loss: 2.004e-02  (f=1.30e-02 W=6.32e-03 I=7.44e-04 O=1.48e-05)
[1m-------------Baseline Loss---------------[0m
It: 19500, Loss: 4.466e-02  (f=3.73e-02 W=6.38e-03 I=9.59e-04 O=1.92e-05)
[1m-------------Baseline Loss---------------[0m
It: 19500, Loss: 2.172e-02  (f=1.44e-02 W=6.38e-03 I=9.59e-04 O=1.92e-05)
It: 19510, Loss: 1.969e-02  (f=1.23e-02 W=6.08e-03 I=1.34e-03 O=3.10e-06)
It: 19520, Loss: 1.994e-02  (f=1.26e-02 W=6.24e-03 I=1.09e-03 O=4.89e-06)
It: 19530, Loss: 1.906e-02  (f=1.18e-02 W=6.22e-03 I=1.08e-03 O=3.10e-06)
It: 19540, Loss: 1.907e-02  (f=1.18e-02 W=6.25e-03 I=1.02e-03 O=4.23e-06)
It: 19550, Loss: 2.010e-02  (f=1.28e-02 W=6.28e-03 I=9.77e-04 O=2.77e-06)
It: 19560, Loss: 1.908e-02  (f=1.18e-02 W=6.15e-03 I=1.08e-03 O=5.35e-06)
It: 19570, Loss: 2.268e-02  (f=1.52e-02 W=5.84e-03 I=1.67e-03 O=1.37e-05)
It: 19580, Loss: 2.087e-02  (f=1.35e-02 W=6.58e-03 I=8.10e-04 O=1.60e-05)
It: 19590, Loss: 1.918e-02  (f=1.18e-02 W=6.17e-03 I=1.25e-03 O=4.62e-06)
[1m-------------Baseline Loss---------------[0m
It: 19600, Loss: 3.961e-02  (f=3.23e-02 W=6.12e-03 I=1.23e-03 O=2.16e-06)
[1m-------------Baseline Loss---------------[0m
It: 19600, Loss: 1.920e-02  (f=1.18e-02 W=6.12e-03 I=1.23e-03 O=2.16e-06)
It: 19610, Loss: 1.973e-02  (f=1.26e-02 W=6.35e-03 I=7.98e-04 O=1.06e-05)
It: 19620, Loss: 2.267e-02  (f=1.53e-02 W=6.04e-03 I=1.31e-03 O=4.59e-06)
It: 19630, Loss: 2.073e-02  (f=1.33e-02 W=6.57e-03 I=8.49e-04 O=1.18e-05)
It: 19640, Loss: 1.918e-02  (f=1.18e-02 W=6.23e-03 I=1.17e-03 O=8.98e-06)
It: 19650, Loss: 1.976e-02  (f=1.24e-02 W=6.10e-03 I=1.28e-03 O=2.55e-06)
It: 19660, Loss: 1.962e-02  (f=1.23e-02 W=6.23e-03 I=1.06e-03 O=6.16e-06)
It: 19670, Loss: 1.905e-02  (f=1.19e-02 W=6.26e-03 I=9.20e-04 O=3.18e-06)
It: 19680, Loss: 1.873e-02  (f=1.16e-02 W=6.18e-03 I=1.00e-03 O=2.97e-06)
It: 19690, Loss: 1.905e-02  (f=1.19e-02 W=6.11e-03 I=1.05e-03 O=5.80e-06)
[1m-------------Baseline Loss---------------[0m
It: 19700, Loss: 3.909e-02  (f=3.19e-02 W=6.09e-03 I=1.06e-03 O=5.45e-06)
[1m-------------Baseline Loss---------------[0m
It: 19700, Loss: 1.888e-02  (f=1.17e-02 W=6.09e-03 I=1.06e-03 O=5.45e-06)
It: 19710, Loss: 2.103e-02  (f=1.36e-02 W=5.99e-03 I=1.38e-03 O=2.68e-05)
It: 19720, Loss: 1.992e-02  (f=1.26e-02 W=6.07e-03 I=1.24e-03 O=3.68e-06)
It: 19730, Loss: 2.002e-02  (f=1.28e-02 W=6.40e-03 I=8.04e-04 O=9.30e-06)
It: 19740, Loss: 2.199e-02  (f=1.46e-02 W=6.17e-03 I=1.25e-03 O=7.80e-06)
It: 19750, Loss: 2.032e-02  (f=1.29e-02 W=6.56e-03 I=8.86e-04 O=3.59e-06)
It: 19760, Loss: 1.990e-02  (f=1.24e-02 W=6.10e-03 I=1.37e-03 O=9.40e-06)
It: 19770, Loss: 1.933e-02  (f=1.21e-02 W=6.35e-03 I=8.78e-04 O=1.00e-05)
It: 19780, Loss: 2.023e-02  (f=1.30e-02 W=6.22e-03 I=9.84e-04 O=1.13e-05)
It: 19790, Loss: 1.931e-02  (f=1.21e-02 W=6.14e-03 I=1.07e-03 O=3.69e-06)
[1m-------------Baseline Loss---------------[0m
It: 19800, Loss: 4.169e-02  (f=3.45e-02 W=6.29e-03 I=9.16e-04 O=9.48e-06)
[1m-------------Baseline Loss---------------[0m
It: 19800, Loss: 2.047e-02  (f=1.33e-02 W=6.29e-03 I=9.16e-04 O=9.48e-06)
It: 19810, Loss: 1.890e-02  (f=1.17e-02 W=6.19e-03 I=9.99e-04 O=1.89e-06)
It: 19820, Loss: 2.123e-02  (f=1.40e-02 W=5.99e-03 I=1.26e-03 O=5.29e-06)
It: 19830, Loss: 2.101e-02  (f=1.34e-02 W=5.91e-03 I=1.62e-03 O=2.71e-05)
It: 19840, Loss: 2.046e-02  (f=1.32e-02 W=6.41e-03 I=8.49e-04 O=1.12e-05)
It: 19850, Loss: 1.939e-02  (f=1.22e-02 W=6.10e-03 I=1.11e-03 O=1.50e-05)
It: 19860, Loss: 1.945e-02  (f=1.23e-02 W=6.24e-03 I=8.68e-04 O=7.29e-06)
It: 19870, Loss: 2.118e-02  (f=1.39e-02 W=6.19e-03 I=1.12e-03 O=4.60e-06)
It: 19880, Loss: 1.906e-02  (f=1.19e-02 W=6.13e-03 I=1.05e-03 O=6.48e-06)
It: 19890, Loss: 1.911e-02  (f=1.19e-02 W=6.27e-03 I=8.96e-04 O=3.35e-06)
[1m-------------Baseline Loss---------------[0m
It: 19900, Loss: 3.962e-02  (f=3.24e-02 W=6.12e-03 I=1.07e-03 O=2.72e-06)
[1m-------------Baseline Loss---------------[0m
It: 19900, Loss: 1.921e-02  (f=1.20e-02 W=6.12e-03 I=1.07e-03 O=2.72e-06)
It: 19910, Loss: 1.964e-02  (f=1.24e-02 W=6.04e-03 I=1.20e-03 O=6.32e-06)
It: 19920, Loss: 1.958e-02  (f=1.23e-02 W=5.95e-03 I=1.32e-03 O=3.17e-06)
It: 19930, Loss: 1.977e-02  (f=1.27e-02 W=6.24e-03 I=8.76e-04 O=1.02e-05)
It: 19940, Loss: 1.945e-02  (f=1.23e-02 W=6.29e-03 I=8.80e-04 O=4.12e-06)
It: 19950, Loss: 2.116e-02  (f=1.39e-02 W=6.49e-03 I=7.12e-04 O=1.61e-05)
It: 19960, Loss: 1.939e-02  (f=1.21e-02 W=6.14e-03 I=1.11e-03 O=3.57e-06)
It: 19970, Loss: 1.912e-02  (f=1.20e-02 W=6.17e-03 I=9.83e-04 O=2.54e-06)
It: 19980, Loss: 1.973e-02  (f=1.25e-02 W=6.09e-03 I=1.15e-03 O=1.57e-05)
It: 19990, Loss: 1.987e-02  (f=1.26e-02 W=6.08e-03 I=1.18e-03 O=6.22e-06)
Saved colloc_adaptive.png

>>> Starting L-BFGS-B optimisation (float64)
    Loss before L-BFGS: 2.150220e-02
    parameters: 11805
100 th iterations (L-BFGS), Loss: 3.489867e-02
  [L-BFGS] iter   100  loss = 3.376792e-02  (nfev 106)
200 th iterations (L-BFGS), Loss: 2.450490e-02
  [L-BFGS] iter   200  loss = 2.398793e-02  (nfev 207)
300 th iterations (L-BFGS), Loss: 1.961332e-02
  [L-BFGS] iter   300  loss = 1.932184e-02  (nfev 310)
400 th iterations (L-BFGS), Loss: 1.762014e-02
  [L-BFGS] iter   400  loss = 1.740178e-02  (nfev 414)
500 th iterations (L-BFGS), Loss: 1.619011e-02
  [L-BFGS] iter   500  loss = 1.597888e-02  (nfev 517)
600 th iterations (L-BFGS), Loss: 1.504614e-02
  [L-BFGS] iter   600  loss = 1.476117e-02  (nfev 624)
700 th iterations (L-BFGS), Loss: 1.396968e-02
  [L-BFGS] iter   700  loss = 1.375209e-02  (nfev 730)
800 th iterations (L-BFGS), Loss: 1.325426e-02
  [L-BFGS] iter   800  loss = 1.301623e-02  (nfev 835)
900 th iterations (L-BFGS), Loss: 1.259571e-02
  [L-BFGS] iter   900  loss = 1.230917e-02  (nfev 943)
1000 th iterations (L-BFGS), Loss: 1.194734e-02
  [L-BFGS] iter  1000  loss = 1.169015e-02  (nfev 1050)
1100 th iterations (L-BFGS), Loss: 1.146152e-02
  [L-BFGS] iter  1100  loss = 1.124456e-02  (nfev 1158)
1200 th iterations (L-BFGS), Loss: 1.111260e-02
  [L-BFGS] iter  1200  loss = 1.096856e-02  (nfev 1264)
1300 th iterations (L-BFGS), Loss: 1.087540e-02
  [L-BFGS] iter  1300  loss = 1.069093e-02  (nfev 1370)
1400 th iterations (L-BFGS), Loss: 1.062620e-02
  [L-BFGS] iter  1400  loss = 1.045772e-02  (nfev 1481)
1500 th iterations (L-BFGS), Loss: 1.041963e-02
  [L-BFGS] iter  1500  loss = 1.023026e-02  (nfev 1590)
1600 th iterations (L-BFGS), Loss: 1.020524e-02
  [L-BFGS] iter  1600  loss = 1.002437e-02  (nfev 1694)
1700 th iterations (L-BFGS), Loss: 1.001265e-02
  [L-BFGS] iter  1700  loss = 9.865680e-03  (nfev 1795)
1800 th iterations (L-BFGS), Loss: 9.859496e-03
1900 th iterations (L-BFGS), Loss: 9.716879e-03
  [L-BFGS] iter  1800  loss = 9.715257e-03  (nfev 1902)
2000 th iterations (L-BFGS), Loss: 9.590959e-03
  [L-BFGS] iter  1900  loss = 9.576133e-03  (nfev 2011)
2100 th iterations (L-BFGS), Loss: 9.478150e-03
  [L-BFGS] iter  2000  loss = 9.457334e-03  (nfev 2119)
2200 th iterations (L-BFGS), Loss: 9.369050e-03
  [L-BFGS] iter  2100  loss = 9.346963e-03  (nfev 2226)
2300 th iterations (L-BFGS), Loss: 9.278580e-03
  [L-BFGS] iter  2200  loss = 9.245380e-03  (nfev 2334)
2400 th iterations (L-BFGS), Loss: 9.157653e-03
  [L-BFGS] iter  2300  loss = 9.118941e-03  (nfev 2438)
2500 th iterations (L-BFGS), Loss: 9.056630e-03
  [L-BFGS] iter  2400  loss = 9.014436e-03  (nfev 2545)
2600 th iterations (L-BFGS), Loss: 8.969645e-03
  [L-BFGS] iter  2500  loss = 8.926549e-03  (nfev 2656)
2700 th iterations (L-BFGS), Loss: 8.895772e-03
  [L-BFGS] iter  2600  loss = 8.848991e-03  (nfev 2764)
2800 th iterations (L-BFGS), Loss: 8.817177e-03
  [L-BFGS] iter  2700  loss = 8.749835e-03  (nfev 2870)
2900 th iterations (L-BFGS), Loss: 8.715993e-03
  [L-BFGS] iter  2800  loss = 8.652097e-03  (nfev 2975)
3000 th iterations (L-BFGS), Loss: 8.628397e-03
  [L-BFGS] iter  2900  loss = 8.559851e-03  (nfev 3082)
3100 th iterations (L-BFGS), Loss: 8.545949e-03
  [L-BFGS] iter  3000  loss = 8.480559e-03  (nfev 3187)
3200 th iterations (L-BFGS), Loss: 8.475013e-03
  [L-BFGS] iter  3100  loss = 8.414396e-03  (nfev 3292)
3300 th iterations (L-BFGS), Loss: 8.408716e-03
  [L-BFGS] iter  3200  loss = 8.340429e-03  (nfev 3398)
3400 th iterations (L-BFGS), Loss: 8.337474e-03
3500 th iterations (L-BFGS), Loss: 8.270021e-03
  [L-BFGS] iter  3300  loss = 8.263854e-03  (nfev 3510)
3600 th iterations (L-BFGS), Loss: 8.203515e-03
  [L-BFGS] iter  3400  loss = 8.188363e-03  (nfev 3619)
3700 th iterations (L-BFGS), Loss: 8.133994e-03
  [L-BFGS] iter  3500  loss = 8.118519e-03  (nfev 3725)
3800 th iterations (L-BFGS), Loss: 8.061474e-03
  [L-BFGS] iter  3600  loss = 8.030652e-03  (nfev 3834)
3900 th iterations (L-BFGS), Loss: 7.984018e-03
  [L-BFGS] iter  3700  loss = 7.952783e-03  (nfev 3941)
4000 th iterations (L-BFGS), Loss: 7.915500e-03
  [L-BFGS] iter  3800  loss = 7.871763e-03  (nfev 4048)
4100 th iterations (L-BFGS), Loss: 7.838729e-03
  [L-BFGS] iter  3900  loss = 7.798153e-03  (nfev 4160)
4200 th iterations (L-BFGS), Loss: 7.767373e-03
  [L-BFGS] iter  4000  loss = 7.719906e-03  (nfev 4271)
4300 th iterations (L-BFGS), Loss: 7.697693e-03
  [L-BFGS] iter  4100  loss = 7.643678e-03  (nfev 4378)
4400 th iterations (L-BFGS), Loss: 7.629107e-03
  [L-BFGS] iter  4200  loss = 7.578856e-03  (nfev 4487)
4500 th iterations (L-BFGS), Loss: 7.568400e-03
  [L-BFGS] iter  4300  loss = 7.521784e-03  (nfev 4595)
4600 th iterations (L-BFGS), Loss: 7.519652e-03
4700 th iterations (L-BFGS), Loss: 7.464772e-03
  [L-BFGS] iter  4400  loss = 7.464534e-03  (nfev 4701)
4800 th iterations (L-BFGS), Loss: 7.415064e-03
  [L-BFGS] iter  4500  loss = 7.411101e-03  (nfev 4809)
4900 th iterations (L-BFGS), Loss: 7.366225e-03
  [L-BFGS] iter  4600  loss = 7.358802e-03  (nfev 4917)
5000 th iterations (L-BFGS), Loss: 7.324104e-03
  [L-BFGS] iter  4700  loss = 7.313917e-03  (nfev 5024)
5100 th iterations (L-BFGS), Loss: 7.283098e-03
  [L-BFGS] iter  4800  loss = 7.271183e-03  (nfev 5133)
5200 th iterations (L-BFGS), Loss: 7.243816e-03
  [L-BFGS] iter  4900  loss = 7.230920e-03  (nfev 5240)
5300 th iterations (L-BFGS), Loss: 7.211003e-03
  [L-BFGS] iter  5000  loss = 7.193288e-03  (nfev 5347)
5400 th iterations (L-BFGS), Loss: 7.171901e-03
  [L-BFGS] iter  5100  loss = 7.148027e-03  (nfev 5462)
5500 th iterations (L-BFGS), Loss: 7.136667e-03
  [L-BFGS] iter  5200  loss = 7.111210e-03  (nfev 5568)
5600 th iterations (L-BFGS), Loss: 7.099777e-03
  [L-BFGS] iter  5300  loss = 7.067171e-03  (nfev 5678)
5700 th iterations (L-BFGS), Loss: 7.059202e-03
  [L-BFGS] iter  5400  loss = 7.019641e-03  (nfev 5788)
5800 th iterations (L-BFGS), Loss: 7.015554e-03
  [L-BFGS] iter  5500  loss = 6.974951e-03  (nfev 5898)
5900 th iterations (L-BFGS), Loss: 6.973385e-03
6000 th iterations (L-BFGS), Loss: 6.932736e-03
  [L-BFGS] iter  5600  loss = 6.930464e-03  (nfev 6006)
6100 th iterations (L-BFGS), Loss: 6.901520e-03
  [L-BFGS] iter  5700  loss = 6.896375e-03  (nfev 6116)
6200 th iterations (L-BFGS), Loss: 6.868439e-03
  [L-BFGS] iter  5800  loss = 6.858695e-03  (nfev 6230)
6300 th iterations (L-BFGS), Loss: 6.824437e-03
  [L-BFGS] iter  5900  loss = 6.808951e-03  (nfev 6342)
6400 th iterations (L-BFGS), Loss: 6.793903e-03
  [L-BFGS] iter  6000  loss = 6.766500e-03  (nfev 6454)
6500 th iterations (L-BFGS), Loss: 6.750901e-03
  [L-BFGS] iter  6100  loss = 6.730206e-03  (nfev 6567)
6600 th iterations (L-BFGS), Loss: 6.719745e-03
  [L-BFGS] iter  6200  loss = 6.691140e-03  (nfev 6675)
6700 th iterations (L-BFGS), Loss: 6.683980e-03
  [L-BFGS] iter  6300  loss = 6.656782e-03  (nfev 6786)
6800 th iterations (L-BFGS), Loss: 6.653011e-03
  [L-BFGS] iter  6400  loss = 6.621151e-03  (nfev 6899)
6900 th iterations (L-BFGS), Loss: 6.620951e-03
7000 th iterations (L-BFGS), Loss: 6.592038e-03
  [L-BFGS] iter  6500  loss = 6.588966e-03  (nfev 7008)
7100 th iterations (L-BFGS), Loss: 6.559894e-03
  [L-BFGS] iter  6600  loss = 6.553375e-03  (nfev 7113)
7200 th iterations (L-BFGS), Loss: 6.523122e-03
  [L-BFGS] iter  6700  loss = 6.515018e-03  (nfev 7221)
7300 th iterations (L-BFGS), Loss: 6.488905e-03
  [L-BFGS] iter  6800  loss = 6.479746e-03  (nfev 7326)
7400 th iterations (L-BFGS), Loss: 6.456635e-03
  [L-BFGS] iter  6900  loss = 6.446379e-03  (nfev 7432)
7500 th iterations (L-BFGS), Loss: 6.426931e-03
  [L-BFGS] iter  7000  loss = 6.411486e-03  (nfev 7543)
7600 th iterations (L-BFGS), Loss: 6.388330e-03
  [L-BFGS] iter  7100  loss = 6.364337e-03  (nfev 7651)
7700 th iterations (L-BFGS), Loss: 6.343936e-03
  [L-BFGS] iter  7200  loss = 6.313341e-03  (nfev 7760)
7800 th iterations (L-BFGS), Loss: 6.289595e-03
  [L-BFGS] iter  7300  loss = 6.264067e-03  (nfev 7867)
7900 th iterations (L-BFGS), Loss: 6.253366e-03
  [L-BFGS] iter  7400  loss = 6.229488e-03  (nfev 7971)
8000 th iterations (L-BFGS), Loss: 6.218896e-03
  [L-BFGS] iter  7500  loss = 6.193851e-03  (nfev 8081)
8100 th iterations (L-BFGS), Loss: 6.189804e-03
  [L-BFGS] iter  7600  loss = 6.149330e-03  (nfev 8191)
8200 th iterations (L-BFGS), Loss: 6.144971e-03
8300 th iterations (L-BFGS), Loss: 6.107238e-03
  [L-BFGS] iter  7700  loss = 6.106971e-03  (nfev 8301)
8400 th iterations (L-BFGS), Loss: 6.075406e-03
  [L-BFGS] iter  7800  loss = 6.069777e-03  (nfev 8411)
8500 th iterations (L-BFGS), Loss: 6.032489e-03
  [L-BFGS] iter  7900  loss = 6.023035e-03  (nfev 8520)
8600 th iterations (L-BFGS), Loss: 5.988296e-03
  [L-BFGS] iter  8000  loss = 5.978203e-03  (nfev 8629)
8700 th iterations (L-BFGS), Loss: 5.953950e-03
  [L-BFGS] iter  8100  loss = 5.940130e-03  (nfev 8737)
8800 th iterations (L-BFGS), Loss: 5.915872e-03
  [L-BFGS] iter  8200  loss = 5.896506e-03  (nfev 8844)
8900 th iterations (L-BFGS), Loss: 5.876472e-03
  [L-BFGS] iter  8300  loss = 5.855259e-03  (nfev 8955)
9000 th iterations (L-BFGS), Loss: 5.837427e-03
  [L-BFGS] iter  8400  loss = 5.811649e-03  (nfev 9060)
9100 th iterations (L-BFGS), Loss: 5.800814e-03
  [L-BFGS] iter  8500  loss = 5.773647e-03  (nfev 9168)
9200 th iterations (L-BFGS), Loss: 5.759206e-03
  [L-BFGS] iter  8600  loss = 5.727794e-03  (nfev 9276)
9300 th iterations (L-BFGS), Loss: 5.719765e-03
  [L-BFGS] iter  8700  loss = 5.691057e-03  (nfev 9384)
9400 th iterations (L-BFGS), Loss: 5.686133e-03
  [L-BFGS] iter  8800  loss = 5.651168e-03  (nfev 9492)
9500 th iterations (L-BFGS), Loss: 5.648420e-03
  [L-BFGS] iter  8900  loss = 5.618623e-03  (nfev 9596)
9600 th iterations (L-BFGS), Loss: 5.618244e-03
9700 th iterations (L-BFGS), Loss: 5.594178e-03
  [L-BFGS] iter  9000  loss = 5.591418e-03  (nfev 9706)
9800 th iterations (L-BFGS), Loss: 5.567210e-03
  [L-BFGS] iter  9100  loss = 5.562547e-03  (nfev 9816)
9900 th iterations (L-BFGS), Loss: 5.534609e-03
  [L-BFGS] iter  9200  loss = 5.527024e-03  (nfev 9923)
10000 th iterations (L-BFGS), Loss: 5.499907e-03
  [L-BFGS] iter  9300  loss = 5.487826e-03  (nfev 10031)
10100 th iterations (L-BFGS), Loss: 5.464859e-03
  [L-BFGS] iter  9400  loss = 5.453524e-03  (nfev 10140)
10200 th iterations (L-BFGS), Loss: 5.430038e-03
  [L-BFGS] iter  9500  loss = 5.410635e-03  (nfev 10248)
10300 th iterations (L-BFGS), Loss: 5.391174e-03
  [L-BFGS] iter  9600  loss = 5.367730e-03  (nfev 10356)
10400 th iterations (L-BFGS), Loss: 5.354565e-03
  [L-BFGS] iter  9700  loss = 5.333728e-03  (nfev 10461)
10500 th iterations (L-BFGS), Loss: 5.318280e-03
  [L-BFGS] iter  9800  loss = 5.289231e-03  (nfev 10569)
10600 th iterations (L-BFGS), Loss: 5.273178e-03
  [L-BFGS] iter  9900  loss = 5.238312e-03  (nfev 10679)
10700 th iterations (L-BFGS), Loss: 5.232586e-03
  [L-BFGS] iter 10000  loss = 5.201819e-03  (nfev 10788)
10800 th iterations (L-BFGS), Loss: 5.199093e-03
  [L-BFGS] iter 10100  loss = 5.168047e-03  (nfev 10898)
10900 th iterations (L-BFGS), Loss: 5.167964e-03
11000 th iterations (L-BFGS), Loss: 5.119552e-03
  [L-BFGS] iter 10200  loss = 5.117295e-03  (nfev 11006)
11100 th iterations (L-BFGS), Loss: 5.081585e-03
  [L-BFGS] iter 10300  loss = 5.077553e-03  (nfev 11112)
11200 th iterations (L-BFGS), Loss: 5.050725e-03
  [L-BFGS] iter 10400  loss = 5.042321e-03  (nfev 11223)
11300 th iterations (L-BFGS), Loss: 5.020862e-03
  [L-BFGS] iter 10500  loss = 5.007571e-03  (nfev 11334)
11400 th iterations (L-BFGS), Loss: 4.981413e-03
  [L-BFGS] iter 10600  loss = 4.967212e-03  (nfev 11443)
11500 th iterations (L-BFGS), Loss: 4.946848e-03
  [L-BFGS] iter 10700  loss = 4.933066e-03  (nfev 11549)
11600 th iterations (L-BFGS), Loss: 4.916107e-03
  [L-BFGS] iter 10800  loss = 4.895497e-03  (nfev 11657)
11700 th iterations (L-BFGS), Loss: 4.879244e-03
  [L-BFGS] iter 10900  loss = 4.860451e-03  (nfev 11770)
11800 th iterations (L-BFGS), Loss: 4.848896e-03
  [L-BFGS] iter 11000  loss = 4.813202e-03  (nfev 11884)
11900 th iterations (L-BFGS), Loss: 4.806127e-03
  [L-BFGS] iter 11100  loss = 4.769087e-03  (nfev 11997)
12000 th iterations (L-BFGS), Loss: 4.767804e-03
12100 th iterations (L-BFGS), Loss: 4.735741e-03
  [L-BFGS] iter 11200  loss = 4.733520e-03  (nfev 12106)
12200 th iterations (L-BFGS), Loss: 4.699514e-03
  [L-BFGS] iter 11300  loss = 4.692574e-03  (nfev 12215)
12300 th iterations (L-BFGS), Loss: 4.662774e-03
  [L-BFGS] iter 11400  loss = 4.654081e-03  (nfev 12323)
12400 th iterations (L-BFGS), Loss: 4.626564e-03
  [L-BFGS] iter 11500  loss = 4.614529e-03  (nfev 12432)
12500 th iterations (L-BFGS), Loss: 4.591560e-03
  [L-BFGS] iter 11600  loss = 4.577631e-03  (nfev 12538)
12600 th iterations (L-BFGS), Loss: 4.556068e-03
  [L-BFGS] iter 11700  loss = 4.535830e-03  (nfev 12644)
12700 th iterations (L-BFGS), Loss: 4.516762e-03
  [L-BFGS] iter 11800  loss = 4.493994e-03  (nfev 12758)
12800 th iterations (L-BFGS), Loss: 4.481977e-03
  [L-BFGS] iter 11900  loss = 4.460309e-03  (nfev 12867)
12900 th iterations (L-BFGS), Loss: 4.448927e-03
  [L-BFGS] iter 12000  loss = 4.421017e-03  (nfev 12973)
13000 th iterations (L-BFGS), Loss: 4.409788e-03
  [L-BFGS] iter 12100  loss = 4.372957e-03  (nfev 13082)
13100 th iterations (L-BFGS), Loss: 4.363754e-03
  [L-BFGS] iter 12200  loss = 4.325216e-03  (nfev 13189)
13200 th iterations (L-BFGS), Loss: 4.320386e-03
  [L-BFGS] iter 12300  loss = 4.281360e-03  (nfev 13296)
13300 th iterations (L-BFGS), Loss: 4.279675e-03
13400 th iterations (L-BFGS), Loss: 4.240343e-03
  [L-BFGS] iter 12400  loss = 4.237916e-03  (nfev 13404)
13500 th iterations (L-BFGS), Loss: 4.202917e-03
  [L-BFGS] iter 12500  loss = 4.199712e-03  (nfev 13514)
13600 th iterations (L-BFGS), Loss: 4.168532e-03
  [L-BFGS] iter 12600  loss = 4.160612e-03  (nfev 13624)
13700 th iterations (L-BFGS), Loss: 4.129542e-03
  [L-BFGS] iter 12700  loss = 4.119185e-03  (nfev 13734)
13800 th iterations (L-BFGS), Loss: 4.097408e-03
  [L-BFGS] iter 12800  loss = 4.082779e-03  (nfev 13840)
13900 th iterations (L-BFGS), Loss: 4.059866e-03
  [L-BFGS] iter 12900  loss = 4.041698e-03  (nfev 13948)
14000 th iterations (L-BFGS), Loss: 4.026961e-03
  [L-BFGS] iter 13000  loss = 4.008803e-03  (nfev 14058)
14100 th iterations (L-BFGS), Loss: 3.996300e-03
  [L-BFGS] iter 13100  loss = 3.971481e-03  (nfev 14166)
14200 th iterations (L-BFGS), Loss: 3.960929e-03
  [L-BFGS] iter 13200  loss = 3.935551e-03  (nfev 14278)
14300 th iterations (L-BFGS), Loss: 3.926254e-03
  [L-BFGS] iter 13300  loss = 3.898208e-03  (nfev 14381)
14400 th iterations (L-BFGS), Loss: 3.891254e-03
  [L-BFGS] iter 13400  loss = 3.859181e-03  (nfev 14492)
14500 th iterations (L-BFGS), Loss: 3.856041e-03
  [L-BFGS] iter 13500  loss = 3.826947e-03  (nfev 14596)
14600 th iterations (L-BFGS), Loss: 3.825297e-03
14700 th iterations (L-BFGS), Loss: 3.793648e-03
  [L-BFGS] iter 13600  loss = 3.792490e-03  (nfev 14702)
14800 th iterations (L-BFGS), Loss: 3.757152e-03
  [L-BFGS] iter 13700  loss = 3.754915e-03  (nfev 14808)
14900 th iterations (L-BFGS), Loss: 3.722912e-03
  [L-BFGS] iter 13800  loss = 3.710078e-03  (nfev 14915)
15000 th iterations (L-BFGS), Loss: 3.677787e-03
  [L-BFGS] iter 13900  loss = 3.671136e-03  (nfev 15018)
15100 th iterations (L-BFGS), Loss: 3.641246e-03
  [L-BFGS] iter 14000  loss = 3.630249e-03  (nfev 15131)
15200 th iterations (L-BFGS), Loss: 3.603014e-03
  [L-BFGS] iter 14100  loss = 3.588220e-03  (nfev 15238)
15300 th iterations (L-BFGS), Loss: 3.562499e-03
  [L-BFGS] iter 14200  loss = 3.546141e-03  (nfev 15344)
15400 th iterations (L-BFGS), Loss: 3.523955e-03
  [L-BFGS] iter 14300  loss = 3.502412e-03  (nfev 15449)
15500 th iterations (L-BFGS), Loss: 3.479976e-03
  [L-BFGS] iter 14400  loss = 3.447506e-03  (nfev 15554)
15600 th iterations (L-BFGS), Loss: 3.420080e-03
  [L-BFGS] iter 14500  loss = 3.394199e-03  (nfev 15661)
15700 th iterations (L-BFGS), Loss: 3.376312e-03
  [L-BFGS] iter 14600  loss = 3.350619e-03  (nfev 15769)
15800 th iterations (L-BFGS), Loss: 3.338496e-03
  [L-BFGS] iter 14700  loss = 3.306597e-03  (nfev 15879)
15900 th iterations (L-BFGS), Loss: 3.301561e-03
  [L-BFGS] iter 14800  loss = 3.276407e-03  (nfev 15991)
16000 th iterations (L-BFGS), Loss: 3.274074e-03
16100 th iterations (L-BFGS), Loss: 3.242696e-03
  [L-BFGS] iter 14900  loss = 3.242129e-03  (nfev 16101)
16200 th iterations (L-BFGS), Loss: 3.213723e-03
  [L-BFGS] iter 15000  loss = 3.209196e-03  (nfev 16213)
16300 th iterations (L-BFGS), Loss: 3.181764e-03
  [L-BFGS] iter 15100  loss = 3.175103e-03  (nfev 16322)
16400 th iterations (L-BFGS), Loss: 3.146628e-03
  [L-BFGS] iter 15200  loss = 3.136835e-03  (nfev 16433)
16500 th iterations (L-BFGS), Loss: 3.117316e-03
  [L-BFGS] iter 15300  loss = 3.103818e-03  (nfev 16542)
16600 th iterations (L-BFGS), Loss: 3.089425e-03
  [L-BFGS] iter 15400  loss = 3.076744e-03  (nfev 16652)
16700 th iterations (L-BFGS), Loss: 3.065970e-03
  [L-BFGS] iter 15500  loss = 3.051010e-03  (nfev 16767)
16800 th iterations (L-BFGS), Loss: 3.044622e-03
  [L-BFGS] iter 15600  loss = 3.024563e-03  (nfev 16877)
16900 th iterations (L-BFGS), Loss: 3.019655e-03
  [L-BFGS] iter 15700  loss = 2.999525e-03  (nfev 16988)
17000 th iterations (L-BFGS), Loss: 2.997008e-03
17100 th iterations (L-BFGS), Loss: 2.971885e-03
  [L-BFGS] iter 15800  loss = 2.971885e-03  (nfev 17100)
17200 th iterations (L-BFGS), Loss: 2.945965e-03
  [L-BFGS] iter 15900  loss = 2.944290e-03  (nfev 17207)
17300 th iterations (L-BFGS), Loss: 2.920476e-03
  [L-BFGS] iter 16000  loss = 2.915231e-03  (nfev 17316)
17400 th iterations (L-BFGS), Loss: 2.894822e-03
  [L-BFGS] iter 16100  loss = 2.887902e-03  (nfev 17429)
17500 th iterations (L-BFGS), Loss: 2.871150e-03
  [L-BFGS] iter 16200  loss = 2.860796e-03  (nfev 17537)
17600 th iterations (L-BFGS), Loss: 2.840021e-03
  [L-BFGS] iter 16300  loss = 2.826265e-03  (nfev 17644)
17700 th iterations (L-BFGS), Loss: 2.816695e-03
  [L-BFGS] iter 16400  loss = 2.807012e-03  (nfev 17752)
17800 th iterations (L-BFGS), Loss: 2.797789e-03
  [L-BFGS] iter 16500  loss = 2.786034e-03  (nfev 17860)
17900 th iterations (L-BFGS), Loss: 2.777382e-03
  [L-BFGS] iter 16600  loss = 2.764020e-03  (nfev 17970)
18000 th iterations (L-BFGS), Loss: 2.759920e-03
  [L-BFGS] iter 16700  loss = 2.744807e-03  (nfev 18080)
18100 th iterations (L-BFGS), Loss: 2.741621e-03
  [L-BFGS] iter 16800  loss = 2.729014e-03  (nfev 18189)
18200 th iterations (L-BFGS), Loss: 2.726528e-03
  [L-BFGS] iter 16900  loss = 2.710201e-03  (nfev 18297)
18300 th iterations (L-BFGS), Loss: 2.709737e-03
18400 th iterations (L-BFGS), Loss: 2.692442e-03
  [L-BFGS] iter 17000  loss = 2.690809e-03  (nfev 18408)
18500 th iterations (L-BFGS), Loss: 2.674834e-03
  [L-BFGS] iter 17100  loss = 2.671948e-03  (nfev 18517)
18600 th iterations (L-BFGS), Loss: 2.655991e-03
  [L-BFGS] iter 17200  loss = 2.651714e-03  (nfev 18625)
18700 th iterations (L-BFGS), Loss: 2.639418e-03
  [L-BFGS] iter 17300  loss = 2.635420e-03  (nfev 18734)
18800 th iterations (L-BFGS), Loss: 2.625092e-03
  [L-BFGS] iter 17400  loss = 2.619075e-03  (nfev 18847)
18900 th iterations (L-BFGS), Loss: 2.611101e-03
  [L-BFGS] iter 17500  loss = 2.601141e-03  (nfev 18959)
19000 th iterations (L-BFGS), Loss: 2.592364e-03
  [L-BFGS] iter 17600  loss = 2.581180e-03  (nfev 19071)
19100 th iterations (L-BFGS), Loss: 2.576424e-03
  [L-BFGS] iter 17700  loss = 2.565458e-03  (nfev 19184)
19200 th iterations (L-BFGS), Loss: 2.563158e-03
  [L-BFGS] iter 17800  loss = 2.551066e-03  (nfev 19293)
19300 th iterations (L-BFGS), Loss: 2.550342e-03
19400 th iterations (L-BFGS), Loss: 2.539244e-03
  [L-BFGS] iter 17900  loss = 2.538244e-03  (nfev 19409)
19500 th iterations (L-BFGS), Loss: 2.528253e-03
  [L-BFGS] iter 18000  loss = 2.526237e-03  (nfev 19516)
19600 th iterations (L-BFGS), Loss: 2.516589e-03
  [L-BFGS] iter 18100  loss = 2.514266e-03  (nfev 19631)
19700 th iterations (L-BFGS), Loss: 2.507209e-03
  [L-BFGS] iter 18200  loss = 2.501103e-03  (nfev 19742)
19800 th iterations (L-BFGS), Loss: 2.492492e-03
  [L-BFGS] iter 18300  loss = 2.485156e-03  (nfev 19851)
19900 th iterations (L-BFGS), Loss: 2.477253e-03
  [L-BFGS] iter 18400  loss = 2.469635e-03  (nfev 19962)
20000 th iterations (L-BFGS), Loss: 2.463998e-03
  [L-BFGS] iter 18500  loss = 2.452524e-03  (nfev 20070)
20100 th iterations (L-BFGS), Loss: 2.449097e-03
  [L-BFGS] iter 18600  loss = 2.436730e-03  (nfev 20179)
20200 th iterations (L-BFGS), Loss: 2.434163e-03
  [L-BFGS] iter 18700  loss = 2.421958e-03  (nfev 20291)
20300 th iterations (L-BFGS), Loss: 2.420281e-03
20400 th iterations (L-BFGS), Loss: 2.404522e-03
  [L-BFGS] iter 18800  loss = 2.404464e-03  (nfev 20401)
20500 th iterations (L-BFGS), Loss: 2.388304e-03
  [L-BFGS] iter 18900  loss = 2.386802e-03  (nfev 20511)
20600 th iterations (L-BFGS), Loss: 2.375577e-03
  [L-BFGS] iter 19000  loss = 2.373953e-03  (nfev 20618)
20700 th iterations (L-BFGS), Loss: 2.363080e-03
  [L-BFGS] iter 19100  loss = 2.359832e-03  (nfev 20729)
20800 th iterations (L-BFGS), Loss: 2.350458e-03
  [L-BFGS] iter 19200  loss = 2.345350e-03  (nfev 20838)
20900 th iterations (L-BFGS), Loss: 2.338149e-03
  [L-BFGS] iter 19300  loss = 2.329318e-03  (nfev 20950)
21000 th iterations (L-BFGS), Loss: 2.321720e-03
  [L-BFGS] iter 19400  loss = 2.314089e-03  (nfev 21058)
21100 th iterations (L-BFGS), Loss: 2.307827e-03
  [L-BFGS] iter 19500  loss = 2.298582e-03  (nfev 21167)
21200 th iterations (L-BFGS), Loss: 2.295092e-03
  [L-BFGS] iter 19600  loss = 2.286446e-03  (nfev 21273)
21300 th iterations (L-BFGS), Loss: 2.283929e-03
  [L-BFGS] iter 19700  loss = 2.274572e-03  (nfev 21380)
21400 th iterations (L-BFGS), Loss: 2.272516e-03
  [L-BFGS] iter 19800  loss = 2.262026e-03  (nfev 21492)
21500 th iterations (L-BFGS), Loss: 2.261526e-03
21600 th iterations (L-BFGS), Loss: 2.252131e-03
  [L-BFGS] iter 19900  loss = 2.251482e-03  (nfev 21607)
21700 th iterations (L-BFGS), Loss: 2.241648e-03
  [L-BFGS] iter 20000  loss = 2.240035e-03  (nfev 21717)
21800 th iterations (L-BFGS), Loss: 2.232923e-03
  [L-BFGS] iter 20100  loss = 2.230711e-03  (nfev 21828)
21900 th iterations (L-BFGS), Loss: 2.223417e-03
  [L-BFGS] iter 20200  loss = 2.218766e-03  (nfev 21938)
22000 th iterations (L-BFGS), Loss: 2.210590e-03
  [L-BFGS] iter 20300  loss = 2.205589e-03  (nfev 22047)
22100 th iterations (L-BFGS), Loss: 2.198364e-03
  [L-BFGS] iter 20400  loss = 2.189437e-03  (nfev 22158)
22200 th iterations (L-BFGS), Loss: 2.182848e-03
  [L-BFGS] iter 20500  loss = 2.173800e-03  (nfev 22263)
22300 th iterations (L-BFGS), Loss: 2.168789e-03
  [L-BFGS] iter 20600  loss = 2.160099e-03  (nfev 22369)
22400 th iterations (L-BFGS), Loss: 2.156988e-03
  [L-BFGS] iter 20700  loss = 2.147124e-03  (nfev 22482)
22500 th iterations (L-BFGS), Loss: 2.145506e-03
  [L-BFGS] iter 20800  loss = 2.135574e-03  (nfev 22595)
22600 th iterations (L-BFGS), Loss: 2.135957e-03
22700 th iterations (L-BFGS), Loss: 2.125247e-03
  [L-BFGS] iter 20900  loss = 2.124534e-03  (nfev 22704)
22800 th iterations (L-BFGS), Loss: 2.114650e-03
  [L-BFGS] iter 21000  loss = 2.113308e-03  (nfev 22817)
22900 th iterations (L-BFGS), Loss: 2.104491e-03
  [L-BFGS] iter 21100  loss = 2.102645e-03  (nfev 22926)
23000 th iterations (L-BFGS), Loss: 2.096441e-03
  [L-BFGS] iter 21200  loss = 2.091539e-03  (nfev 23037)
23100 th iterations (L-BFGS), Loss: 2.084427e-03
  [L-BFGS] iter 21300  loss = 2.079593e-03  (nfev 23149)
23200 th iterations (L-BFGS), Loss: 2.072424e-03
  [L-BFGS] iter 21400  loss = 2.064504e-03  (nfev 23257)
23300 th iterations (L-BFGS), Loss: 2.059275e-03
  [L-BFGS] iter 21500  loss = 2.052397e-03  (nfev 23370)
23400 th iterations (L-BFGS), Loss: 2.049454e-03
  [L-BFGS] iter 21600  loss = 2.041620e-03  (nfev 23481)
23500 th iterations (L-BFGS), Loss: 2.039990e-03
  [L-BFGS] iter 21700  loss = 2.029125e-03  (nfev 23592)
23600 th iterations (L-BFGS), Loss: 2.028457e-03
23700 th iterations (L-BFGS), Loss: 2.016232e-03
  [L-BFGS] iter 21800  loss = 2.015898e-03  (nfev 23702)
23800 th iterations (L-BFGS), Loss: 2.004755e-03
  [L-BFGS] iter 21900  loss = 2.003208e-03  (nfev 23816)
23900 th iterations (L-BFGS), Loss: 1.995324e-03
  [L-BFGS] iter 22000  loss = 1.993435e-03  (nfev 23927)
24000 th iterations (L-BFGS), Loss: 1.986327e-03
  [L-BFGS] iter 22100  loss = 1.982753e-03  (nfev 24036)
24100 th iterations (L-BFGS), Loss: 1.977344e-03
  [L-BFGS] iter 22200  loss = 1.973435e-03  (nfev 24146)
24200 th iterations (L-BFGS), Loss: 1.969217e-03
  [L-BFGS] iter 22300  loss = 1.964997e-03  (nfev 24251)
24300 th iterations (L-BFGS), Loss: 1.961554e-03
  [L-BFGS] iter 22400  loss = 1.956190e-03  (nfev 24363)
24400 th iterations (L-BFGS), Loss: 1.952864e-03
  [L-BFGS] iter 22500  loss = 1.947503e-03  (nfev 24473)
24500 th iterations (L-BFGS), Loss: 1.945544e-03
  [L-BFGS] iter 22600  loss = 1.940325e-03  (nfev 24588)
24600 th iterations (L-BFGS), Loss: 1.939529e-03
  [L-BFGS] iter 22700  loss = 1.933063e-03  (nfev 24696)
24700 th iterations (L-BFGS), Loss: 1.932894e-03
24800 th iterations (L-BFGS), Loss: 1.925609e-03
  [L-BFGS] iter 22800  loss = 1.925316e-03  (nfev 24804)
24900 th iterations (L-BFGS), Loss: 1.918377e-03
  [L-BFGS] iter 22900  loss = 1.917557e-03  (nfev 24916)
25000 th iterations (L-BFGS), Loss: 1.912196e-03
  [L-BFGS] iter 23000  loss = 1.910596e-03  (nfev 25024)
25100 th iterations (L-BFGS), Loss: 1.906113e-03
  [L-BFGS] iter 23100  loss = 1.903047e-03  (nfev 25137)
25200 th iterations (L-BFGS), Loss: 1.897521e-03
  [L-BFGS] iter 23200  loss = 1.891793e-03  (nfev 25248)
25300 th iterations (L-BFGS), Loss: 1.887025e-03
  [L-BFGS] iter 23300  loss = 1.882504e-03  (nfev 25357)
25400 th iterations (L-BFGS), Loss: 1.879378e-03
  [L-BFGS] iter 23400  loss = 1.874704e-03  (nfev 25470)
25500 th iterations (L-BFGS), Loss: 1.872412e-03
  [L-BFGS] iter 23500  loss = 1.866559e-03  (nfev 25577)
25600 th iterations (L-BFGS), Loss: 1.865288e-03
  [L-BFGS] iter 23600  loss = 1.860265e-03  (nfev 25683)
25700 th iterations (L-BFGS), Loss: 1.859206e-03
  [L-BFGS] iter 23700  loss = 1.852770e-03  (nfev 25793)
25800 th iterations (L-BFGS), Loss: 1.852498e-03
25900 th iterations (L-BFGS), Loss: 1.844596e-03
  [L-BFGS] iter 23800  loss = 1.844479e-03  (nfev 25902)
26000 th iterations (L-BFGS), Loss: 1.839736e-03
  [L-BFGS] iter 23900  loss = 1.839021e-03  (nfev 26011)
26100 th iterations (L-BFGS), Loss: 1.832571e-03
  [L-BFGS] iter 24000  loss = 1.830482e-03  (nfev 26122)
26200 th iterations (L-BFGS), Loss: 1.823644e-03
  [L-BFGS] iter 24100  loss = 1.820892e-03  (nfev 26236)
26300 th iterations (L-BFGS), Loss: 1.816210e-03
  [L-BFGS] iter 24200  loss = 1.812901e-03  (nfev 26347)
26400 th iterations (L-BFGS), Loss: 1.808389e-03
  [L-BFGS] iter 24300  loss = 1.804648e-03  (nfev 26455)
26500 th iterations (L-BFGS), Loss: 1.800272e-03
  [L-BFGS] iter 24400  loss = 1.795762e-03  (nfev 26567)
26600 th iterations (L-BFGS), Loss: 1.793938e-03
  [L-BFGS] iter 24500  loss = 1.789128e-03  (nfev 26678)
26700 th iterations (L-BFGS), Loss: 1.788083e-03
  [L-BFGS] iter 24600  loss = 1.783517e-03  (nfev 26787)
26800 th iterations (L-BFGS), Loss: 1.783734e-03
  [L-BFGS] iter 24700  loss = 1.777767e-03  (nfev 26896)
26900 th iterations (L-BFGS), Loss: 1.777598e-03
27000 th iterations (L-BFGS), Loss: 1.772257e-03
  [L-BFGS] iter 24800  loss = 1.771924e-03  (nfev 27009)
27100 th iterations (L-BFGS), Loss: 1.767320e-03
  [L-BFGS] iter 24900  loss = 1.766061e-03  (nfev 27120)
27200 th iterations (L-BFGS), Loss: 1.761265e-03
  [L-BFGS] iter 25000  loss = 1.759371e-03  (nfev 27229)
27300 th iterations (L-BFGS), Loss: 1.755529e-03
  [L-BFGS] iter 25100  loss = 1.752800e-03  (nfev 27344)
27400 th iterations (L-BFGS), Loss: 1.749274e-03
  [L-BFGS] iter 25200  loss = 1.744373e-03  (nfev 27459)
27500 th iterations (L-BFGS), Loss: 1.740843e-03
  [L-BFGS] iter 25300  loss = 1.736179e-03  (nfev 27567)
27600 th iterations (L-BFGS), Loss: 1.734443e-03
  [L-BFGS] iter 25400  loss = 1.729484e-03  (nfev 27676)
27700 th iterations (L-BFGS), Loss: 1.727662e-03
  [L-BFGS] iter 25500  loss = 1.722278e-03  (nfev 27782)
27800 th iterations (L-BFGS), Loss: 1.720602e-03
  [L-BFGS] iter 25600  loss = 1.715140e-03  (nfev 27893)
27900 th iterations (L-BFGS), Loss: 1.714675e-03
28000 th iterations (L-BFGS), Loss: 1.708876e-03
  [L-BFGS] iter 25700  loss = 1.708502e-03  (nfev 28007)
28100 th iterations (L-BFGS), Loss: 1.702284e-03
  [L-BFGS] iter 25800  loss = 1.701350e-03  (nfev 28117)
28200 th iterations (L-BFGS), Loss: 1.696642e-03
  [L-BFGS] iter 25900  loss = 1.694702e-03  (nfev 28230)
28300 th iterations (L-BFGS), Loss: 1.691024e-03
  [L-BFGS] iter 26000  loss = 1.688795e-03  (nfev 28337)
28400 th iterations (L-BFGS), Loss: 1.684718e-03
  [L-BFGS] iter 26100  loss = 1.682594e-03  (nfev 28448)
28500 th iterations (L-BFGS), Loss: 1.679557e-03
  [L-BFGS] iter 26200  loss = 1.676266e-03  (nfev 28559)
28600 th iterations (L-BFGS), Loss: 1.673673e-03
  [L-BFGS] iter 26300  loss = 1.670060e-03  (nfev 28668)
28700 th iterations (L-BFGS), Loss: 1.667880e-03
  [L-BFGS] iter 26400  loss = 1.661897e-03  (nfev 28779)
28800 th iterations (L-BFGS), Loss: 1.660629e-03
  [L-BFGS] iter 26500  loss = 1.654279e-03  (nfev 28891)
28900 th iterations (L-BFGS), Loss: 1.653957e-03
29000 th iterations (L-BFGS), Loss: 1.649145e-03
  [L-BFGS] iter 26600  loss = 1.649145e-03  (nfev 29000)
29100 th iterations (L-BFGS), Loss: 1.644407e-03
  [L-BFGS] iter 26700  loss = 1.643534e-03  (nfev 29111)
29200 th iterations (L-BFGS), Loss: 1.638574e-03
  [L-BFGS] iter 26800  loss = 1.637138e-03  (nfev 29220)
29300 th iterations (L-BFGS), Loss: 1.633076e-03
  [L-BFGS] iter 26900  loss = 1.631111e-03  (nfev 29331)
29400 th iterations (L-BFGS), Loss: 1.627099e-03
  [L-BFGS] iter 27000  loss = 1.624787e-03  (nfev 29443)
29500 th iterations (L-BFGS), Loss: 1.622345e-03
  [L-BFGS] iter 27100  loss = 1.620159e-03  (nfev 29551)
29600 th iterations (L-BFGS), Loss: 1.617750e-03
  [L-BFGS] iter 27200  loss = 1.615071e-03  (nfev 29661)
29700 th iterations (L-BFGS), Loss: 1.613342e-03
  [L-BFGS] iter 27300  loss = 1.610084e-03  (nfev 29769)
29800 th iterations (L-BFGS), Loss: 1.608885e-03
  [L-BFGS] iter 27400  loss = 1.604753e-03  (nfev 29879)
29900 th iterations (L-BFGS), Loss: 1.603571e-03
  [L-BFGS] iter 27500  loss = 1.599854e-03  (nfev 29988)
30000 th iterations (L-BFGS), Loss: 1.598605e-03
30100 th iterations (L-BFGS), Loss: 1.594228e-03
  [L-BFGS] iter 27600  loss = 1.594228e-03  (nfev 30100)
30200 th iterations (L-BFGS), Loss: 1.589429e-03
  [L-BFGS] iter 27700  loss = 1.589025e-03  (nfev 30209)
30300 th iterations (L-BFGS), Loss: 1.584990e-03
  [L-BFGS] iter 27800  loss = 1.583961e-03  (nfev 30319)
30400 th iterations (L-BFGS), Loss: 1.579962e-03
  [L-BFGS] iter 27900  loss = 1.578671e-03  (nfev 30431)
30500 th iterations (L-BFGS), Loss: 1.575554e-03
  [L-BFGS] iter 28000  loss = 1.573895e-03  (nfev 30546)
30600 th iterations (L-BFGS), Loss: 1.570812e-03
  [L-BFGS] iter 28100  loss = 1.568196e-03  (nfev 30655)
30700 th iterations (L-BFGS), Loss: 1.566603e-03
  [L-BFGS] iter 28200  loss = 1.563795e-03  (nfev 30763)
30800 th iterations (L-BFGS), Loss: 1.562223e-03
  [L-BFGS] iter 28300  loss = 1.559259e-03  (nfev 30874)
30900 th iterations (L-BFGS), Loss: 1.558546e-03
  [L-BFGS] iter 28400  loss = 1.555574e-03  (nfev 30985)
31000 th iterations (L-BFGS), Loss: 1.555118e-03
  [L-BFGS] iter 28500  loss = 1.551594e-03  (nfev 31094)
31100 th iterations (L-BFGS), Loss: 1.551281e-03
  [L-BFGS] iter 28600  loss = 1.546890e-03  (nfev 31199)
31200 th iterations (L-BFGS), Loss: 1.546844e-03
31300 th iterations (L-BFGS), Loss: 1.542220e-03
  [L-BFGS] iter 28700  loss = 1.542089e-03  (nfev 31304)
31400 th iterations (L-BFGS), Loss: 1.537498e-03
  [L-BFGS] iter 28800  loss = 1.536714e-03  (nfev 31414)
31500 th iterations (L-BFGS), Loss: 1.532818e-03
  [L-BFGS] iter 28900  loss = 1.531896e-03  (nfev 31526)
31600 th iterations (L-BFGS), Loss: 1.529027e-03
  [L-BFGS] iter 29000  loss = 1.527539e-03  (nfev 31639)
31700 th iterations (L-BFGS), Loss: 1.524979e-03
  [L-BFGS] iter 29100  loss = 1.523042e-03  (nfev 31746)
31800 th iterations (L-BFGS), Loss: 1.520679e-03
  [L-BFGS] iter 29200  loss = 1.517312e-03  (nfev 31857)
31900 th iterations (L-BFGS), Loss: 1.515292e-03
  [L-BFGS] iter 29300  loss = 1.512480e-03  (nfev 31969)
32000 th iterations (L-BFGS), Loss: 1.511403e-03
  [L-BFGS] iter 29400  loss = 1.507828e-03  (nfev 32080)
32100 th iterations (L-BFGS), Loss: 1.507136e-03
  [L-BFGS] iter 29500  loss = 1.502599e-03  (nfev 32190)
32200 th iterations (L-BFGS), Loss: 1.502579e-03
  [L-BFGS] iter 29600  loss = 1.497489e-03  (nfev 32299)
32300 th iterations (L-BFGS), Loss: 1.497457e-03
32400 th iterations (L-BFGS), Loss: 1.493878e-03
  [L-BFGS] iter 29700  loss = 1.493490e-03  (nfev 32411)
32500 th iterations (L-BFGS), Loss: 1.489745e-03
  [L-BFGS] iter 29800  loss = 1.488793e-03  (nfev 32522)
32600 th iterations (L-BFGS), Loss: 1.485248e-03
  [L-BFGS] iter 29900  loss = 1.483784e-03  (nfev 32634)
32700 th iterations (L-BFGS), Loss: 1.481318e-03
  [L-BFGS] iter 30000  loss = 1.479837e-03  (nfev 32740)
32800 th iterations (L-BFGS), Loss: 1.477174e-03
  [L-BFGS] iter 30100  loss = 1.474024e-03  (nfev 32851)
32900 th iterations (L-BFGS), Loss: 1.471507e-03
  [L-BFGS] iter 30200  loss = 1.468739e-03  (nfev 32963)
33000 th iterations (L-BFGS), Loss: 1.467162e-03
  [L-BFGS] iter 30300  loss = 1.463660e-03  (nfev 33075)
33100 th iterations (L-BFGS), Loss: 1.462656e-03
  [L-BFGS] iter 30400  loss = 1.458796e-03  (nfev 33186)
33200 th iterations (L-BFGS), Loss: 1.458365e-03
  [L-BFGS] iter 30500  loss = 1.455005e-03  (nfev 33297)
33300 th iterations (L-BFGS), Loss: 1.454968e-03
33400 th iterations (L-BFGS), Loss: 1.451591e-03
  [L-BFGS] iter 30600  loss = 1.451285e-03  (nfev 33407)
33500 th iterations (L-BFGS), Loss: 1.450596e-03
  [L-BFGS] iter 30700  loss = 1.447327e-03  (nfev 33515)
33600 th iterations (L-BFGS), Loss: 1.443248e-03
  [L-BFGS] iter 30800  loss = 1.442226e-03  (nfev 33625)
33700 th iterations (L-BFGS), Loss: 1.438954e-03
  [L-BFGS] iter 30900  loss = 1.436219e-03  (nfev 33737)
33800 th iterations (L-BFGS), Loss: 1.433003e-03
  [L-BFGS] iter 31000  loss = 1.431407e-03  (nfev 33844)
33900 th iterations (L-BFGS), Loss: 1.429459e-03
  [L-BFGS] iter 31100  loss = 1.427673e-03  (nfev 33956)
34000 th iterations (L-BFGS), Loss: 1.426346e-03
  [L-BFGS] iter 31200  loss = 1.423926e-03  (nfev 34064)
34100 th iterations (L-BFGS), Loss: 1.422235e-03
  [L-BFGS] iter 31300  loss = 1.419023e-03  (nfev 34173)
34200 th iterations (L-BFGS), Loss: 1.417865e-03
  [L-BFGS] iter 31400  loss = 1.414200e-03  (nfev 34280)
34300 th iterations (L-BFGS), Loss: 1.412903e-03
  [L-BFGS] iter 31500  loss = 1.409498e-03  (nfev 34391)
34400 th iterations (L-BFGS), Loss: 1.409246e-03
34500 th iterations (L-BFGS), Loss: 1.405476e-03
  [L-BFGS] iter 31600  loss = 1.405436e-03  (nfev 34501)
34600 th iterations (L-BFGS), Loss: 1.402248e-03
  [L-BFGS] iter 31700  loss = 1.401979e-03  (nfev 34611)
34700 th iterations (L-BFGS), Loss: 1.399363e-03
  [L-BFGS] iter 31800  loss = 1.398712e-03  (nfev 34718)
34800 th iterations (L-BFGS), Loss: 1.395947e-03
  [L-BFGS] iter 31900  loss = 1.394815e-03  (nfev 34827)
34900 th iterations (L-BFGS), Loss: 1.392319e-03
  [L-BFGS] iter 32000  loss = 1.390857e-03  (nfev 34938)
35000 th iterations (L-BFGS), Loss: 1.389082e-03
  [L-BFGS] iter 32100  loss = 1.386777e-03  (nfev 35050)
35100 th iterations (L-BFGS), Loss: 1.385098e-03
  [L-BFGS] iter 32200  loss = 1.382639e-03  (nfev 35163)
35200 th iterations (L-BFGS), Loss: 1.380715e-03
  [L-BFGS] iter 32300  loss = 1.377854e-03  (nfev 35273)
35300 th iterations (L-BFGS), Loss: 1.376522e-03
  [L-BFGS] iter 32400  loss = 1.372692e-03  (nfev 35383)
35400 th iterations (L-BFGS), Loss: 1.372004e-03
  [L-BFGS] iter 32500  loss = 1.368369e-03  (nfev 35493)
35500 th iterations (L-BFGS), Loss: 1.368180e-03
35600 th iterations (L-BFGS), Loss: 1.363970e-03
  [L-BFGS] iter 32600  loss = 1.363888e-03  (nfev 35604)
35700 th iterations (L-BFGS), Loss: 1.359935e-03
  [L-BFGS] iter 32700  loss = 1.359066e-03  (nfev 35717)
35800 th iterations (L-BFGS), Loss: 1.354476e-03
  [L-BFGS] iter 32800  loss = 1.352879e-03  (nfev 35825)
35900 th iterations (L-BFGS), Loss: 1.348978e-03
  [L-BFGS] iter 32900  loss = 1.347582e-03  (nfev 35934)
36000 th iterations (L-BFGS), Loss: 1.345025e-03
  [L-BFGS] iter 33000  loss = 1.343385e-03  (nfev 36045)
36100 th iterations (L-BFGS), Loss: 1.341617e-03
  [L-BFGS] iter 33100  loss = 1.339493e-03  (nfev 36155)
36200 th iterations (L-BFGS), Loss: 1.338296e-03
  [L-BFGS] iter 33200  loss = 1.336153e-03  (nfev 36265)
36300 th iterations (L-BFGS), Loss: 1.334788e-03
  [L-BFGS] iter 33300  loss = 1.331761e-03  (nfev 36375)
36400 th iterations (L-BFGS), Loss: 1.330871e-03
  [L-BFGS] iter 33400  loss = 1.327752e-03  (nfev 36485)
36500 th iterations (L-BFGS), Loss: 1.327105e-03
36600 th iterations (L-BFGS), Loss: 1.322395e-03
  [L-BFGS] iter 33500  loss = 1.322395e-03  (nfev 36600)
36700 th iterations (L-BFGS), Loss: 1.317879e-03
  [L-BFGS] iter 33600  loss = 1.317441e-03  (nfev 36710)
36800 th iterations (L-BFGS), Loss: 1.314602e-03
  [L-BFGS] iter 33700  loss = 1.313985e-03  (nfev 36820)
36900 th iterations (L-BFGS), Loss: 1.311417e-03
  [L-BFGS] iter 33800  loss = 1.309418e-03  (nfev 36933)
37000 th iterations (L-BFGS), Loss: 1.307120e-03
  [L-BFGS] iter 33900  loss = 1.305722e-03  (nfev 37043)
37100 th iterations (L-BFGS), Loss: 1.303853e-03
  [L-BFGS] iter 34000  loss = 1.302453e-03  (nfev 37158)
37200 th iterations (L-BFGS), Loss: 1.301024e-03
  [L-BFGS] iter 34100  loss = 1.298506e-03  (nfev 37269)
37300 th iterations (L-BFGS), Loss: 1.297432e-03
  [L-BFGS] iter 34200  loss = 1.295082e-03  (nfev 37377)
37400 th iterations (L-BFGS), Loss: 1.294506e-03
  [L-BFGS] iter 34300  loss = 1.292385e-03  (nfev 37490)
37500 th iterations (L-BFGS), Loss: 1.292132e-03
37600 th iterations (L-BFGS), Loss: 1.289258e-03
  [L-BFGS] iter 34400  loss = 1.289258e-03  (nfev 37600)
37700 th iterations (L-BFGS), Loss: 1.286190e-03
  [L-BFGS] iter 34500  loss = 1.286017e-03  (nfev 37706)
37800 th iterations (L-BFGS), Loss: 1.283340e-03
  [L-BFGS] iter 34600  loss = 1.282473e-03  (nfev 37818)
37900 th iterations (L-BFGS), Loss: 1.279964e-03
  [L-BFGS] iter 34700  loss = 1.278990e-03  (nfev 37930)
38000 th iterations (L-BFGS), Loss: 1.276791e-03
  [L-BFGS] iter 34800  loss = 1.275688e-03  (nfev 38039)
38100 th iterations (L-BFGS), Loss: 1.274069e-03
  [L-BFGS] iter 34900  loss = 1.273072e-03  (nfev 38147)
38200 th iterations (L-BFGS), Loss: 1.271482e-03
  [L-BFGS] iter 35000  loss = 1.269239e-03  (nfev 38257)
38300 th iterations (L-BFGS), Loss: 1.267733e-03
  [L-BFGS] iter 35100  loss = 1.265300e-03  (nfev 38366)
38400 th iterations (L-BFGS), Loss: 1.264147e-03
  [L-BFGS] iter 35200  loss = 1.261279e-03  (nfev 38474)
38500 th iterations (L-BFGS), Loss: 1.260568e-03
  [L-BFGS] iter 35300  loss = 1.258044e-03  (nfev 38589)
38600 th iterations (L-BFGS), Loss: 1.257786e-03
38700 th iterations (L-BFGS), Loss: 1.254743e-03
  [L-BFGS] iter 35400  loss = 1.254690e-03  (nfev 38702)
38800 th iterations (L-BFGS), Loss: 1.250791e-03
  [L-BFGS] iter 35500  loss = 1.250345e-03  (nfev 38809)
38900 th iterations (L-BFGS), Loss: 1.247354e-03
  [L-BFGS] iter 35600  loss = 1.246656e-03  (nfev 38922)
39000 th iterations (L-BFGS), Loss: 1.243624e-03
  [L-BFGS] iter 35700  loss = 1.242739e-03  (nfev 39030)
39100 th iterations (L-BFGS), Loss: 1.240113e-03
  [L-BFGS] iter 35800  loss = 1.238847e-03  (nfev 39142)
39200 th iterations (L-BFGS), Loss: 1.237374e-03
  [L-BFGS] iter 35900  loss = 1.235531e-03  (nfev 39252)
39300 th iterations (L-BFGS), Loss: 1.234295e-03
  [L-BFGS] iter 36000  loss = 1.232325e-03  (nfev 39360)
39400 th iterations (L-BFGS), Loss: 1.231080e-03
  [L-BFGS] iter 36100  loss = 1.229211e-03  (nfev 39467)
39500 th iterations (L-BFGS), Loss: 1.232780e-03
  [L-BFGS] iter 36200  loss = 1.226160e-03  (nfev 39579)
39600 th iterations (L-BFGS), Loss: 1.225492e-03
  [L-BFGS] iter 36300  loss = 1.222807e-03  (nfev 39687)
39700 th iterations (L-BFGS), Loss: 1.222427e-03
  [L-BFGS] iter 36400  loss = 1.219369e-03  (nfev 39793)
39800 th iterations (L-BFGS), Loss: 1.219308e-03
39900 th iterations (L-BFGS), Loss: 1.217109e-03
  [L-BFGS] iter 36500  loss = 1.217056e-03  (nfev 39903)
40000 th iterations (L-BFGS), Loss: 1.214836e-03
  [L-BFGS] iter 36600  loss = 1.214390e-03  (nfev 40015)
40100 th iterations (L-BFGS), Loss: 1.211483e-03
  [L-BFGS] iter 36700  loss = 1.210155e-03  (nfev 40127)
40200 th iterations (L-BFGS), Loss: 1.207993e-03
  [L-BFGS] iter 36800  loss = 1.206801e-03  (nfev 40242)
40300 th iterations (L-BFGS), Loss: 1.204674e-03
  [L-BFGS] iter 36900  loss = 1.202718e-03  (nfev 40351)
40400 th iterations (L-BFGS), Loss: 1.201103e-03
  [L-BFGS] iter 37000  loss = 1.198934e-03  (nfev 40464)
40500 th iterations (L-BFGS), Loss: 1.197522e-03
  [L-BFGS] iter 37100  loss = 1.194626e-03  (nfev 40574)
40600 th iterations (L-BFGS), Loss: 1.193336e-03
  [L-BFGS] iter 37200  loss = 1.190510e-03  (nfev 40682)
40700 th iterations (L-BFGS), Loss: 1.189783e-03
  [L-BFGS] iter 37300  loss = 1.186777e-03  (nfev 40787)
40800 th iterations (L-BFGS), Loss: 1.186460e-03
  [L-BFGS] iter 37400  loss = 1.183398e-03  (nfev 40897)
40900 th iterations (L-BFGS), Loss: 1.183323e-03
41000 th iterations (L-BFGS), Loss: 1.180791e-03
  [L-BFGS] iter 37500  loss = 1.180650e-03  (nfev 41006)
41100 th iterations (L-BFGS), Loss: 1.177936e-03
  [L-BFGS] iter 37600  loss = 1.177436e-03  (nfev 41119)
41200 th iterations (L-BFGS), Loss: 1.175546e-03
  [L-BFGS] iter 37700  loss = 1.174894e-03  (nfev 41231)
41300 th iterations (L-BFGS), Loss: 1.173213e-03
  [L-BFGS] iter 37800  loss = 1.172067e-03  (nfev 41342)
41400 th iterations (L-BFGS), Loss: 1.170118e-03
  [L-BFGS] iter 37900  loss = 1.168941e-03  (nfev 41451)
41500 th iterations (L-BFGS), Loss: 1.167622e-03
  [L-BFGS] iter 38000  loss = 1.166088e-03  (nfev 41561)
41600 th iterations (L-BFGS), Loss: 1.165044e-03
  [L-BFGS] iter 38100  loss = 1.163128e-03  (nfev 41673)
41700 th iterations (L-BFGS), Loss: 1.162259e-03
  [L-BFGS] iter 38200  loss = 1.160361e-03  (nfev 41789)
41800 th iterations (L-BFGS), Loss: 1.159984e-03
41900 th iterations (L-BFGS), Loss: 1.157058e-03
  [L-BFGS] iter 38300  loss = 1.156899e-03  (nfev 41902)
42000 th iterations (L-BFGS), Loss: 1.153912e-03
  [L-BFGS] iter 38400  loss = 1.153526e-03  (nfev 42013)
42100 th iterations (L-BFGS), Loss: 1.151177e-03
  [L-BFGS] iter 38500  loss = 1.150398e-03  (nfev 42125)
42200 th iterations (L-BFGS), Loss: 1.148497e-03
  [L-BFGS] iter 38600  loss = 1.147720e-03  (nfev 42235)
42300 th iterations (L-BFGS), Loss: 1.145748e-03
  [L-BFGS] iter 38700  loss = 1.144037e-03  (nfev 42350)
42400 th iterations (L-BFGS), Loss: 1.142249e-03
  [L-BFGS] iter 38800  loss = 1.139872e-03  (nfev 42466)
42500 th iterations (L-BFGS), Loss: 1.138981e-03
  [L-BFGS] iter 38900  loss = 1.136926e-03  (nfev 42578)
42600 th iterations (L-BFGS), Loss: 1.136301e-03
  [L-BFGS] iter 39000  loss = 1.132960e-03  (nfev 42688)
42700 th iterations (L-BFGS), Loss: 1.132723e-03
  [L-BFGS] iter 39100  loss = 1.130099e-03  (nfev 42797)
42800 th iterations (L-BFGS), Loss: 1.130067e-03
42900 th iterations (L-BFGS), Loss: 1.127172e-03
  [L-BFGS] iter 39200  loss = 1.126938e-03  (nfev 42907)
43000 th iterations (L-BFGS), Loss: 1.124330e-03
  [L-BFGS] iter 39300  loss = 1.123900e-03  (nfev 43014)
43100 th iterations (L-BFGS), Loss: 1.121026e-03
  [L-BFGS] iter 39400  loss = 1.120299e-03  (nfev 43121)
43200 th iterations (L-BFGS), Loss: 1.118231e-03
  [L-BFGS] iter 39500  loss = 1.117671e-03  (nfev 43232)
43300 th iterations (L-BFGS), Loss: 1.115593e-03
  [L-BFGS] iter 39600  loss = 1.114374e-03  (nfev 43343)
43400 th iterations (L-BFGS), Loss: 1.113181e-03
  [L-BFGS] iter 39700  loss = 1.111800e-03  (nfev 43454)
43500 th iterations (L-BFGS), Loss: 1.110811e-03
  [L-BFGS] iter 39800  loss = 1.109254e-03  (nfev 43562)
43600 th iterations (L-BFGS), Loss: 1.108353e-03
  [L-BFGS] iter 39900  loss = 1.106850e-03  (nfev 43673)
43700 th iterations (L-BFGS), Loss: 1.106145e-03
  [L-BFGS] iter 40000  loss = 1.104164e-03  (nfev 43782)
43800 th iterations (L-BFGS), Loss: 1.103750e-03
  [L-BFGS] iter 40100  loss = 1.101269e-03  (nfev 43893)
43900 th iterations (L-BFGS), Loss: 1.101113e-03
44000 th iterations (L-BFGS), Loss: 1.098247e-03
  [L-BFGS] iter 40200  loss = 1.098168e-03  (nfev 44003)
44100 th iterations (L-BFGS), Loss: 1.096133e-03
  [L-BFGS] iter 40300  loss = 1.095774e-03  (nfev 44113)
44200 th iterations (L-BFGS), Loss: 1.093156e-03
  [L-BFGS] iter 40400  loss = 1.092529e-03  (nfev 44223)
44300 th iterations (L-BFGS), Loss: 1.090063e-03
  [L-BFGS] iter 40500  loss = 1.088811e-03  (nfev 44335)
44400 th iterations (L-BFGS), Loss: 1.086769e-03
  [L-BFGS] iter 40600  loss = 1.085508e-03  (nfev 44447)
44500 th iterations (L-BFGS), Loss: 1.083834e-03
  [L-BFGS] iter 40700  loss = 1.082304e-03  (nfev 44558)
44600 th iterations (L-BFGS), Loss: 1.081250e-03
  [L-BFGS] iter 40800  loss = 1.079128e-03  (nfev 44671)
44700 th iterations (L-BFGS), Loss: 1.078169e-03
  [L-BFGS] iter 40900  loss = 1.075669e-03  (nfev 44781)
44800 th iterations (L-BFGS), Loss: 1.075201e-03
  [L-BFGS] iter 41000  loss = 1.072662e-03  (nfev 44892)
44900 th iterations (L-BFGS), Loss: 1.072436e-03
45000 th iterations (L-BFGS), Loss: 1.070066e-03
  [L-BFGS] iter 41100  loss = 1.069909e-03  (nfev 45006)
45100 th iterations (L-BFGS), Loss: 1.067777e-03
  [L-BFGS] iter 41200  loss = 1.067470e-03  (nfev 45118)
45200 th iterations (L-BFGS), Loss: 1.065244e-03
  [L-BFGS] iter 41300  loss = 1.064589e-03  (nfev 45231)
45300 th iterations (L-BFGS), Loss: 1.062726e-03
  [L-BFGS] iter 41400  loss = 1.061621e-03  (nfev 45345)
45400 th iterations (L-BFGS), Loss: 1.060184e-03
  [L-BFGS] iter 41500  loss = 1.058717e-03  (nfev 45452)
45500 th iterations (L-BFGS), Loss: 1.057563e-03
  [L-BFGS] iter 41600  loss = 1.056185e-03  (nfev 45557)
45600 th iterations (L-BFGS), Loss: 1.054744e-03
  [L-BFGS] iter 41700  loss = 1.052679e-03  (nfev 45663)
45700 th iterations (L-BFGS), Loss: 1.051862e-03
  [L-BFGS] iter 41800  loss = 1.049643e-03  (nfev 45775)
45800 th iterations (L-BFGS), Loss: 1.048934e-03
  [L-BFGS] iter 41900  loss = 1.046339e-03  (nfev 45884)
45900 th iterations (L-BFGS), Loss: 1.045886e-03
  [L-BFGS] iter 42000  loss = 1.043064e-03  (nfev 45991)
46000 th iterations (L-BFGS), Loss: 1.042848e-03
46100 th iterations (L-BFGS), Loss: 1.039974e-03
  [L-BFGS] iter 42100  loss = 1.039788e-03  (nfev 46104)
46200 th iterations (L-BFGS), Loss: 1.036886e-03
  [L-BFGS] iter 42200  loss = 1.036584e-03  (nfev 46214)
46300 th iterations (L-BFGS), Loss: 1.034281e-03
  [L-BFGS] iter 42300  loss = 1.033454e-03  (nfev 46328)
46400 th iterations (L-BFGS), Loss: 1.031760e-03
  [L-BFGS] iter 42400  loss = 1.030694e-03  (nfev 46441)
46500 th iterations (L-BFGS), Loss: 1.029163e-03
  [L-BFGS] iter 42500  loss = 1.027919e-03  (nfev 46551)
46600 th iterations (L-BFGS), Loss: 1.026347e-03
  [L-BFGS] iter 42600  loss = 1.024374e-03  (nfev 46662)
46700 th iterations (L-BFGS), Loss: 1.023061e-03
  [L-BFGS] iter 42700  loss = 1.020777e-03  (nfev 46772)
46800 th iterations (L-BFGS), Loss: 1.020035e-03
  [L-BFGS] iter 42800  loss = 1.017028e-03  (nfev 46881)
46900 th iterations (L-BFGS), Loss: 1.016525e-03
  [L-BFGS] iter 42900  loss = 1.014212e-03  (nfev 46991)
47000 th iterations (L-BFGS), Loss: 1.013909e-03
47100 th iterations (L-BFGS), Loss: 1.011370e-03
  [L-BFGS] iter 43000  loss = 1.011325e-03  (nfev 47102)
47200 th iterations (L-BFGS), Loss: 1.008132e-03
  [L-BFGS] iter 43100  loss = 1.007674e-03  (nfev 47214)
47300 th iterations (L-BFGS), Loss: 1.005188e-03
  [L-BFGS] iter 43200  loss = 1.004636e-03  (nfev 47323)
47400 th iterations (L-BFGS), Loss: 1.002762e-03
  [L-BFGS] iter 43300  loss = 1.002295e-03  (nfev 47428)
47500 th iterations (L-BFGS), Loss: 1.000469e-03
  [L-BFGS] iter 43400  loss = 9.994582e-04  (nfev 47539)
47600 th iterations (L-BFGS), Loss: 9.974989e-04
  [L-BFGS] iter 43500  loss = 9.959572e-04  (nfev 47649)
47700 th iterations (L-BFGS), Loss: 9.941214e-04
  [L-BFGS] iter 43600  loss = 9.920105e-04  (nfev 47759)
47800 th iterations (L-BFGS), Loss: 9.905405e-04
  [L-BFGS] iter 43700  loss = 9.886955e-04  (nfev 47866)
47900 th iterations (L-BFGS), Loss: 9.880375e-04
  [L-BFGS] iter 43800  loss = 9.856659e-04  (nfev 47970)
48000 th iterations (L-BFGS), Loss: 9.846205e-04
  [L-BFGS] iter 43900  loss = 9.818422e-04  (nfev 48082)
48100 th iterations (L-BFGS), Loss: 9.812432e-04
  [L-BFGS] iter 44000  loss = 9.784077e-04  (nfev 48195)
48200 th iterations (L-BFGS), Loss: 9.783334e-04
48300 th iterations (L-BFGS), Loss: 9.757495e-04
  [L-BFGS] iter 44100  loss = 9.756472e-04  (nfev 48303)
48400 th iterations (L-BFGS), Loss: 9.728371e-04
  [L-BFGS] iter 44200  loss = 9.725047e-04  (nfev 48415)
48500 th iterations (L-BFGS), Loss: 9.702051e-04
  [L-BFGS] iter 44300  loss = 9.696047e-04  (nfev 48522)
48600 th iterations (L-BFGS), Loss: 9.675362e-04
  [L-BFGS] iter 44400  loss = 9.667253e-04  (nfev 48637)
48700 th iterations (L-BFGS), Loss: 9.654210e-04
  [L-BFGS] iter 44500  loss = 9.643943e-04  (nfev 48748)
48800 th iterations (L-BFGS), Loss: 9.634032e-04
  [L-BFGS] iter 44600  loss = 9.620321e-04  (nfev 48860)
48900 th iterations (L-BFGS), Loss: 9.611384e-04
  [L-BFGS] iter 44700  loss = 9.596774e-04  (nfev 48967)
49000 th iterations (L-BFGS), Loss: 9.589059e-04
  [L-BFGS] iter 44800  loss = 9.568838e-04  (nfev 49079)
49100 th iterations (L-BFGS), Loss: 9.563858e-04
  [L-BFGS] iter 44900  loss = 9.538645e-04  (nfev 49191)
49200 th iterations (L-BFGS), Loss: 9.535561e-04
  [L-BFGS] iter 45000  loss = 9.511650e-04  (nfev 49299)
49300 th iterations (L-BFGS), Loss: 9.511825e-04
49400 th iterations (L-BFGS), Loss: 9.490595e-04
  [L-BFGS] iter 45100  loss = 9.489266e-04  (nfev 49408)
49500 th iterations (L-BFGS), Loss: 9.470181e-04
  [L-BFGS] iter 45200  loss = 9.467022e-04  (nfev 49512)
49600 th iterations (L-BFGS), Loss: 9.444383e-04
  [L-BFGS] iter 45300  loss = 9.435553e-04  (nfev 49621)
49700 th iterations (L-BFGS), Loss: 9.416432e-04
  [L-BFGS] iter 45400  loss = 9.406510e-04  (nfev 49733)
49800 th iterations (L-BFGS), Loss: 9.391649e-04
  [L-BFGS] iter 45500  loss = 9.381486e-04  (nfev 49846)
49900 th iterations (L-BFGS), Loss: 9.367174e-04
  [L-BFGS] iter 45600  loss = 9.349938e-04  (nfev 49954)
50000 th iterations (L-BFGS), Loss: 9.335637e-04
    L-BFGS-B finished: STOP: TOTAL NO. OF F,G EVALUATIONS EXCEEDS LIMIT
    Loss after  L-BFGS: 9.335176e-04
    Total iters: 45642, total nfev: 50001
--- 17719.7 seconds ---
Save uv NN parameters successfully...
Saved loss_history.pickle  (keys: ['loss', 'loss_f', 'loss_WALL', 'loss_INLET', 'loss_OUTLET'], length: 70002)

============================================================
  Relative L2 error vs Fluent reference (FluentReferenceMu002/FluentSol.mat)
  evaluated at 19314 reference nodes outside the cylinder
============================================================
    u      :  4.3467e-02   (4.35 %)
    v      :  1.3221e-01   (13.22 %)
    p      :  1.1161e-01   (11.16 %)
============================================================

