WARNING: All log messages before absl::InitializeLog() is called are written to STDERR
I0000 00:00:1781158086.480781    2456 port.cc:153] oneDNN custom operations are on. You may see slightly different numerical results due to floating-point round-off errors from different computation orders. To turn them off, set the environment variable `TF_ENABLE_ONEDNN_OPTS=0`.
I0000 00:00:1781158086.517963    2456 cpu_feature_guard.cc:227] This TensorFlow binary is optimized to use available CPU instructions in performance-critical operations.
To enable the following instructions: AVX2 AVX512F AVX512_VNNI AVX512_BF16 AVX_VNNI FMA, in other operations, rebuild TensorFlow with the appropriate compiler flags.
WARNING: All log messages before absl::InitializeLog() is called are written to STDERR
I0000 00:00:1781158087.355007    2456 port.cc:153] oneDNN custom operations are on. You may see slightly different numerical results due to floating-point round-off errors from different computation orders. To turn them off, set the environment variable `TF_ENABLE_ONEDNN_OPTS=0`.
Total collocation points: (29164, 2)
Saved colloc_points.png
W0000 00:00:1781158091.177381    2456 gpu_bfc_allocator.cc:47] Overriding orig_value setting because the TF_FORCE_GPU_ALLOW_GROWTH environment variable is set. Original config value was false.
I0000 00:00:1781158091.178758    2456 gpu_device.cc:2043] Created device /job:localhost/replica:0/task:0/device:GPU:0 with 79191 MB memory:  -> device: 0, name: NVIDIA A100 80GB PCIe, pci bus id: 0000:a8:00.0, compute capability: 8.0
WARNING:tensorflow:Calling GradientTape.gradient on a persistent tape inside its context is significantly less efficient than calling it outside the context (it causes the gradient ops to be recorded on the tape, leading to increased CPU and memory usage). Only call GradientTape.gradient inside the context if you actually want to trace the gradient in order to compute higher order derivatives.
It: 0, Loss: 1.199e+00  (f=3.83e-01 W=2.07e-01 I=1.78e-01 O=2.32e-02)
It: 10, Loss: 6.224e-01  (f=1.24e-02 W=4.52e-02 I=2.57e-01 O=2.84e-03)
It: 20, Loss: 4.946e-01  (f=3.24e-02 W=9.18e-02 I=1.39e-01 O=2.59e-04)
It: 30, Loss: 3.911e-01  (f=1.62e-02 W=8.08e-02 I=1.07e-01 O=7.01e-05)
It: 40, Loss: 3.235e-01  (f=3.42e-02 W=7.35e-02 I=7.10e-02 O=4.50e-05)
It: 50, Loss: 3.117e-01  (f=4.32e-02 W=8.95e-02 I=4.46e-02 O=9.26e-05)
It: 60, Loss: 2.936e-01  (f=2.05e-02 W=8.53e-02 I=5.12e-02 O=3.05e-05)
It: 70, Loss: 2.862e-01  (f=1.45e-02 W=8.53e-02 I=5.06e-02 O=4.11e-05)
It: 80, Loss: 2.791e-01  (f=1.48e-02 W=8.70e-02 I=4.51e-02 O=1.20e-05)
It: 90, Loss: 2.722e-01  (f=1.33e-02 W=8.53e-02 I=4.41e-02 O=1.08e-05)
It: 100, Loss: 2.664e-01  (f=1.12e-02 W=8.32e-02 I=4.44e-02 O=1.60e-05)
It: 110, Loss: 2.607e-01  (f=1.01e-02 W=8.18e-02 I=4.35e-02 O=2.17e-05)
It: 120, Loss: 2.551e-01  (f=8.45e-03 W=7.94e-02 I=4.39e-02 O=2.41e-05)
It: 130, Loss: 2.488e-01  (f=6.75e-03 W=7.84e-02 I=4.25e-02 O=3.14e-05)
It: 140, Loss: 2.432e-01  (f=5.58e-03 W=7.62e-02 I=4.26e-02 O=4.15e-05)
It: 150, Loss: 2.385e-01  (f=4.83e-03 W=7.49e-02 I=4.19e-02 O=4.50e-05)
It: 160, Loss: 2.348e-01  (f=4.44e-03 W=7.27e-02 I=4.24e-02 O=4.78e-05)
It: 170, Loss: 2.895e-01  (f=1.36e-02 W=4.62e-02 I=9.15e-02 O=1.69e-04)
It: 180, Loss: 2.356e-01  (f=4.46e-03 W=8.10e-02 I=3.45e-02 O=2.00e-05)
It: 190, Loss: 2.320e-01  (f=5.61e-03 W=7.95e-02 I=3.36e-02 O=3.07e-05)
It: 200, Loss: 2.277e-01  (f=4.99e-03 W=7.45e-02 I=3.68e-02 O=1.57e-05)
It: 210, Loss: 2.238e-01  (f=4.80e-03 W=6.90e-02 I=4.04e-02 O=1.89e-05)
It: 220, Loss: 2.224e-01  (f=5.27e-03 W=6.43e-02 I=4.43e-02 O=2.08e-05)
It: 230, Loss: 2.196e-01  (f=5.67e-03 W=6.63e-02 I=4.06e-02 O=1.25e-05)
It: 240, Loss: 2.184e-01  (f=6.22e-03 W=6.44e-02 I=4.17e-02 O=1.11e-05)
It: 250, Loss: 2.169e-01  (f=6.87e-03 W=6.24e-02 I=4.26e-02 O=1.01e-05)
It: 260, Loss: 2.151e-01  (f=7.59e-03 W=6.17e-02 I=4.21e-02 O=8.21e-06)
It: 270, Loss: 2.141e-01  (f=8.37e-03 W=6.23e-02 I=4.06e-02 O=6.85e-06)
It: 280, Loss: 2.136e-01  (f=9.14e-03 W=5.83e-02 I=4.39e-02 O=1.25e-05)
It: 290, Loss: 2.339e-01  (f=1.69e-02 W=7.91e-02 I=2.93e-02 O=5.62e-05)
It: 300, Loss: 2.192e-01  (f=1.10e-02 W=5.10e-02 I=5.32e-02 O=2.36e-05)
It: 310, Loss: 2.110e-01  (f=9.79e-03 W=6.07e-02 I=3.99e-02 O=4.08e-06)
It: 320, Loss: 2.102e-01  (f=1.07e-02 W=6.07e-02 I=3.90e-02 O=5.56e-06)
It: 330, Loss: 2.094e-01  (f=1.04e-02 W=5.87e-02 I=4.08e-02 O=8.59e-06)
It: 340, Loss: 2.088e-01  (f=1.07e-02 W=5.83e-02 I=4.07e-02 O=1.11e-05)
It: 350, Loss: 2.080e-01  (f=1.10e-02 W=5.93e-02 I=3.92e-02 O=1.19e-05)
It: 360, Loss: 2.075e-01  (f=1.11e-02 W=5.90e-02 I=3.92e-02 O=1.38e-05)
It: 370, Loss: 2.065e-01  (f=1.12e-02 W=5.81e-02 I=3.96e-02 O=1.41e-05)
It: 380, Loss: 2.060e-01  (f=1.12e-02 W=5.75e-02 I=3.99e-02 O=1.42e-05)
It: 390, Loss: 2.064e-01  (f=1.12e-02 W=5.30e-02 I=4.46e-02 O=1.61e-05)
It: 400, Loss: 2.106e-01  (f=1.25e-02 W=6.63e-02 I=3.27e-02 O=1.48e-05)
It: 410, Loss: 2.060e-01  (f=1.36e-02 W=6.25e-02 I=3.37e-02 O=1.06e-05)
It: 420, Loss: 2.063e-01  (f=1.14e-02 W=5.08e-02 I=4.67e-02 O=7.89e-06)
It: 430, Loss: 2.023e-01  (f=1.29e-02 W=5.89e-02 I=3.59e-02 O=8.45e-06)
It: 440, Loss: 2.009e-01  (f=1.25e-02 W=5.81e-02 I=3.60e-02 O=7.57e-06)
It: 450, Loss: 1.994e-01  (f=1.26e-02 W=5.67e-02 I=3.67e-02 O=1.02e-05)
It: 460, Loss: 1.978e-01  (f=1.27e-02 W=5.54e-02 I=3.72e-02 O=1.05e-05)
It: 470, Loss: 2.054e-01  (f=1.43e-02 W=4.54e-02 I=5.02e-02 O=1.59e-05)
It: 480, Loss: 2.192e-01  (f=1.15e-02 W=5.98e-02 I=4.33e-02 O=7.72e-04)
It: 490, Loss: 2.001e-01  (f=1.33e-02 W=5.76e-02 I=3.57e-02 O=1.11e-04)
It: 500, Loss: 2.038e-01  (f=1.50e-02 W=5.78e-02 I=3.65e-02 O=1.24e-04)
It: 510, Loss: 1.967e-01  (f=1.45e-02 W=5.62e-02 I=3.49e-02 O=4.03e-05)
It: 520, Loss: 1.943e-01  (f=1.34e-02 W=5.22e-02 I=3.83e-02 O=4.02e-06)
It: 530, Loss: 1.919e-01  (f=1.43e-02 W=5.33e-02 I=3.56e-02 O=2.54e-06)
It: 540, Loss: 1.896e-01  (f=1.52e-02 W=5.22e-02 I=3.51e-02 O=5.48e-06)
It: 550, Loss: 1.873e-01  (f=1.59e-02 W=5.18e-02 I=3.39e-02 O=7.02e-06)
It: 560, Loss: 1.849e-01  (f=1.65e-02 W=5.11e-02 I=3.31e-02 O=5.80e-06)
It: 570, Loss: 1.826e-01  (f=1.71e-02 W=4.97e-02 I=3.30e-02 O=5.89e-06)
It: 580, Loss: 1.800e-01  (f=1.82e-02 W=4.94e-02 I=3.15e-02 O=5.77e-06)
It: 590, Loss: 1.778e-01  (f=1.90e-02 W=4.80e-02 I=3.14e-02 O=5.06e-06)
It: 600, Loss: 1.771e-01  (f=1.98e-02 W=4.43e-02 I=3.43e-02 O=8.91e-06)
It: 610, Loss: 2.042e-01  (f=3.37e-02 W=6.88e-02 I=1.65e-02 O=9.85e-06)
It: 620, Loss: 1.765e-01  (f=1.80e-02 W=4.24e-02 I=3.68e-02 O=1.63e-05)
It: 630, Loss: 1.728e-01  (f=2.12e-02 W=4.97e-02 I=2.61e-02 O=7.56e-06)
It: 640, Loss: 1.707e-01  (f=2.12e-02 W=4.73e-02 I=2.74e-02 O=4.25e-06)
It: 650, Loss: 1.696e-01  (f=2.11e-02 W=4.30e-02 I=3.12e-02 O=4.32e-06)
It: 660, Loss: 1.677e-01  (f=2.15e-02 W=4.27e-02 I=3.04e-02 O=5.97e-06)
It: 670, Loss: 1.662e-01  (f=2.25e-02 W=4.49e-02 I=2.69e-02 O=5.30e-06)
It: 680, Loss: 1.647e-01  (f=2.16e-02 W=4.13e-02 I=3.03e-02 O=7.43e-06)
It: 690, Loss: 1.683e-01  (f=2.22e-02 W=3.63e-02 I=3.68e-02 O=1.11e-05)
It: 700, Loss: 1.817e-01  (f=3.32e-02 W=5.84e-02 I=1.58e-02 O=3.82e-06)
It: 710, Loss: 1.709e-01  (f=2.28e-02 W=3.55e-02 I=3.86e-02 O=1.66e-05)
It: 720, Loss: 1.602e-01  (f=2.16e-02 W=4.38e-02 I=2.55e-02 O=4.16e-06)
It: 730, Loss: 1.592e-01  (f=2.27e-02 W=4.40e-02 I=2.42e-02 O=4.01e-06)
It: 740, Loss: 1.568e-01  (f=2.23e-02 W=4.20e-02 I=2.53e-02 O=9.13e-06)
It: 750, Loss: 1.551e-01  (f=2.21e-02 W=4.09e-02 I=2.55e-02 O=6.14e-06)
It: 760, Loss: 1.532e-01  (f=2.16e-02 W=3.93e-02 I=2.66e-02 O=5.72e-06)
It: 770, Loss: 1.520e-01  (f=2.25e-02 W=4.04e-02 I=2.43e-02 O=7.34e-06)
It: 780, Loss: 1.801e-01  (f=2.71e-02 W=3.60e-02 I=4.04e-02 O=1.77e-04)
It: 790, Loss: 2.049e-01  (f=4.81e-02 W=5.88e-02 I=1.94e-02 O=1.96e-04)
It: 800, Loss: 1.609e-01  (f=2.21e-02 W=4.90e-02 I=2.03e-02 O=3.65e-05)
It: 810, Loss: 1.515e-01  (f=1.97e-02 W=4.25e-02 I=2.34e-02 O=7.12e-06)
It: 820, Loss: 1.493e-01  (f=1.92e-02 W=3.87e-02 I=2.64e-02 O=2.20e-06)
It: 830, Loss: 1.476e-01  (f=2.05e-02 W=3.75e-02 I=2.60e-02 O=3.63e-06)
It: 840, Loss: 1.458e-01  (f=2.18e-02 W=3.96e-02 I=2.24e-02 O=2.31e-06)
It: 850, Loss: 1.441e-01  (f=2.12e-02 W=3.72e-02 I=2.42e-02 O=1.25e-06)
It: 860, Loss: 1.426e-01  (f=2.16e-02 W=3.81e-02 I=2.24e-02 O=1.93e-06)
It: 870, Loss: 1.409e-01  (f=2.14e-02 W=3.76e-02 I=2.22e-02 O=2.26e-06)
It: 880, Loss: 1.396e-01  (f=2.11e-02 W=3.68e-02 I=2.25e-02 O=2.20e-06)
It: 890, Loss: 1.380e-01  (f=2.12e-02 W=3.70e-02 I=2.14e-02 O=2.44e-06)
It: 900, Loss: 1.492e-01  (f=3.14e-02 W=3.98e-02 I=1.90e-02 O=4.05e-05)
It: 910, Loss: 1.412e-01  (f=2.09e-02 W=3.54e-02 I=2.47e-02 O=2.45e-05)
It: 920, Loss: 1.371e-01  (f=2.12e-02 W=3.61e-02 I=2.18e-02 O=8.05e-06)
It: 930, Loss: 1.348e-01  (f=2.26e-02 W=3.93e-02 I=1.68e-02 O=6.35e-06)
It: 940, Loss: 1.350e-01  (f=2.18e-02 W=3.91e-02 I=1.75e-02 O=1.07e-05)
It: 950, Loss: 1.351e-01  (f=2.09e-02 W=3.40e-02 I=2.31e-02 O=9.25e-06)
It: 960, Loss: 1.344e-01  (f=2.30e-02 W=3.92e-02 I=1.65e-02 O=1.72e-05)
It: 970, Loss: 1.518e-01  (f=2.89e-02 W=2.81e-02 I=3.33e-02 O=8.42e-06)
It: 980, Loss: 1.324e-01  (f=2.25e-02 W=3.99e-02 I=1.50e-02 O=1.31e-05)
It: 990, Loss: 1.335e-01  (f=2.57e-02 W=4.11e-02 I=1.28e-02 O=1.30e-05)
It: 1000, Loss: 1.341e-01  (f=2.36e-02 W=3.63e-02 I=1.89e-02 O=2.98e-05)
It: 1010, Loss: 1.372e-01  (f=2.13e-02 W=4.03e-02 I=1.76e-02 O=4.38e-05)
It: 1020, Loss: 1.287e-01  (f=1.98e-02 W=3.71e-02 I=1.73e-02 O=1.34e-05)
It: 1030, Loss: 1.231e-01  (f=1.73e-02 W=3.66e-02 I=1.63e-02 O=1.02e-05)
It: 1040, Loss: 1.231e-01  (f=2.00e-02 W=3.76e-02 I=1.39e-02 O=1.13e-05)
It: 1050, Loss: 1.343e-01  (f=3.04e-02 W=4.10e-02 I=1.09e-02 O=2.20e-05)
It: 1060, Loss: 1.390e-01  (f=2.74e-02 W=3.11e-02 I=2.47e-02 O=3.43e-05)
It: 1070, Loss: 1.216e-01  (f=1.94e-02 W=3.94e-02 I=1.17e-02 O=1.48e-05)
It: 1080, Loss: 1.211e-01  (f=2.03e-02 W=3.59e-02 I=1.45e-02 O=1.33e-05)
It: 1090, Loss: 1.198e-01  (f=1.98e-02 W=3.78e-02 I=1.22e-02 O=1.80e-05)
It: 1100, Loss: 1.465e-01  (f=4.10e-02 W=4.33e-02 I=9.42e-03 O=2.16e-05)
It: 1110, Loss: 1.290e-01  (f=2.71e-02 W=4.36e-02 I=7.34e-03 O=2.94e-05)
It: 1120, Loss: 1.203e-01  (f=2.23e-02 W=4.03e-02 I=8.69e-03 O=1.23e-05)
It: 1130, Loss: 1.175e-01  (f=2.08e-02 W=3.76e-02 I=1.07e-02 O=1.06e-05)
It: 1140, Loss: 1.130e-01  (f=1.79e-02 W=3.76e-02 I=9.94e-03 O=1.07e-05)
It: 1150, Loss: 1.280e-01  (f=2.59e-02 W=3.29e-02 I=1.81e-02 O=3.11e-05)
It: 1160, Loss: 1.135e-01  (f=1.67e-02 W=3.79e-02 I=1.05e-02 O=1.65e-05)
It: 1170, Loss: 1.175e-01  (f=2.00e-02 W=3.88e-02 I=9.91e-03 O=2.32e-05)
It: 1180, Loss: 1.089e-01  (f=1.46e-02 W=3.47e-02 I=1.24e-02 O=1.41e-05)
It: 1190, Loss: 1.080e-01  (f=1.63e-02 W=3.63e-02 I=9.57e-03 O=8.37e-06)
It: 1200, Loss: 1.398e-01  (f=3.92e-02 W=3.89e-02 I=1.14e-02 O=1.92e-05)
It: 1210, Loss: 1.202e-01  (f=2.79e-02 W=3.99e-02 I=6.23e-03 O=1.09e-05)
It: 1220, Loss: 1.125e-01  (f=2.10e-02 W=3.93e-02 I=6.44e-03 O=7.90e-06)
It: 1230, Loss: 1.051e-01  (f=1.47e-02 W=3.59e-02 I=9.29e-03 O=6.50e-06)
It: 1240, Loss: 1.056e-01  (f=1.45e-02 W=3.23e-02 I=1.33e-02 O=1.02e-05)
It: 1250, Loss: 1.290e-01  (f=2.89e-02 W=3.35e-02 I=1.65e-02 O=3.06e-05)
It: 1260, Loss: 1.044e-01  (f=1.60e-02 W=3.63e-02 I=7.91e-03 O=6.90e-06)
It: 1270, Loss: 1.020e-01  (f=1.30e-02 W=3.34e-02 I=1.11e-02 O=5.39e-06)
It: 1280, Loss: 1.040e-01  (f=1.64e-02 W=3.58e-02 I=8.00e-03 O=1.21e-05)
It: 1290, Loss: 1.007e-01  (f=1.44e-02 W=3.45e-02 I=8.65e-03 O=5.78e-06)
It: 1300, Loss: 1.286e-01  (f=3.84e-02 W=3.99e-02 I=5.23e-03 O=1.32e-05)
It: 1310, Loss: 1.092e-01  (f=2.22e-02 W=3.72e-02 I=6.28e-03 O=1.24e-05)
It: 1320, Loss: 1.016e-01  (f=1.61e-02 W=3.59e-02 I=6.87e-03 O=7.29e-06)
It: 1330, Loss: 1.010e-01  (f=1.55e-02 W=3.48e-02 I=7.90e-03 O=2.75e-06)
It: 1340, Loss: 9.906e-02  (f=1.42e-02 W=3.33e-02 I=9.14e-03 O=6.89e-06)
It: 1350, Loss: 9.906e-02  (f=1.30e-02 W=3.24e-02 I=1.07e-02 O=2.99e-06)
It: 1360, Loss: 9.993e-02  (f=1.38e-02 W=3.29e-02 I=1.02e-02 O=2.69e-06)
It: 1370, Loss: 9.970e-02  (f=1.45e-02 W=3.16e-02 I=1.10e-02 O=5.68e-06)
It: 1380, Loss: 9.545e-02  (f=1.29e-02 W=3.24e-02 I=8.85e-03 O=5.06e-06)
It: 1390, Loss: 9.469e-02  (f=1.35e-02 W=3.33e-02 I=7.31e-03 O=2.37e-06)
It: 1400, Loss: 9.391e-02  (f=1.29e-02 W=3.07e-02 I=9.84e-03 O=2.98e-06)
It: 1410, Loss: 9.720e-02  (f=1.54e-02 W=2.92e-02 I=1.17e-02 O=5.27e-06)
It: 1420, Loss: 1.250e-01  (f=4.01e-02 W=3.86e-02 I=3.81e-03 O=7.34e-06)
It: 1430, Loss: 1.033e-01  (f=2.05e-02 W=3.65e-02 I=4.86e-03 O=2.55e-05)
It: 1440, Loss: 9.527e-02  (f=1.36e-02 W=3.18e-02 I=8.99e-03 O=2.59e-05)
It: 1450, Loss: 9.272e-02  (f=1.28e-02 W=3.11e-02 I=8.81e-03 O=1.88e-06)
It: 1460, Loss: 9.071e-02  (f=1.22e-02 W=3.04e-02 I=8.83e-03 O=1.99e-06)
It: 1470, Loss: 8.931e-02  (f=1.22e-02 W=3.08e-02 I=7.72e-03 O=1.76e-06)
It: 1480, Loss: 1.189e-01  (f=3.02e-02 W=2.89e-02 I=1.54e-02 O=2.11e-05)
It: 1490, Loss: 1.141e-01  (f=2.57e-02 W=2.88e-02 I=1.54e-02 O=1.00e-05)
It: 1500, Loss: 1.008e-01  (f=2.08e-02 W=3.06e-02 I=9.37e-03 O=1.70e-06)
It: 1510, Loss: 9.334e-02  (f=1.63e-02 W=3.13e-02 I=7.16e-03 O=7.00e-06)
It: 1520, Loss: 8.991e-02  (f=1.38e-02 W=3.09e-02 I=7.19e-03 O=6.75e-06)
It: 1530, Loss: 8.681e-02  (f=1.18e-02 W=2.95e-02 I=8.07e-03 O=3.35e-06)
It: 1540, Loss: 9.190e-02  (f=1.61e-02 W=3.08e-02 I=7.06e-03 O=6.87e-06)
It: 1550, Loss: 8.515e-02  (f=1.17e-02 W=2.97e-02 I=6.97e-03 O=1.63e-06)
It: 1560, Loss: 8.604e-02  (f=1.28e-02 W=2.77e-02 I=8.88e-03 O=2.05e-06)
It: 1570, Loss: 1.792e-01  (f=7.51e-02 W=2.76e-02 I=2.44e-02 O=5.52e-05)
It: 1580, Loss: 9.256e-02  (f=1.42e-02 W=3.08e-02 I=8.41e-03 O=2.10e-06)
It: 1590, Loss: 8.882e-02  (f=1.42e-02 W=3.00e-02 I=7.24e-03 O=3.62e-05)
It: 1600, Loss: 8.599e-02  (f=1.33e-02 W=2.86e-02 I=7.76e-03 O=1.45e-05)
It: 1610, Loss: 8.339e-02  (f=1.18e-02 W=2.80e-02 I=7.86e-03 O=3.26e-06)
It: 1620, Loss: 8.191e-02  (f=1.20e-02 W=2.81e-02 I=6.83e-03 O=2.68e-06)
It: 1630, Loss: 8.414e-02  (f=1.50e-02 W=2.99e-02 I=4.63e-03 O=2.39e-06)
It: 1640, Loss: 1.020e-01  (f=2.78e-02 W=3.04e-02 I=6.71e-03 O=1.72e-05)
It: 1650, Loss: 8.601e-02  (f=1.49e-02 W=2.74e-02 I=8.18e-03 O=4.17e-06)
It: 1660, Loss: 8.218e-02  (f=1.33e-02 W=2.63e-02 I=8.09e-03 O=4.73e-06)
It: 1670, Loss: 8.695e-02  (f=1.70e-02 W=2.47e-02 I=1.03e-02 O=6.41e-06)
It: 1680, Loss: 1.036e-01  (f=3.19e-02 W=3.13e-02 I=4.51e-03 O=9.83e-06)
It: 1690, Loss: 8.884e-02  (f=1.76e-02 W=2.56e-02 I=1.00e-02 O=1.10e-05)
It: 1700, Loss: 8.886e-02  (f=1.89e-02 W=2.37e-02 I=1.13e-02 O=2.11e-06)
It: 1710, Loss: 7.884e-02  (f=1.26e-02 W=2.62e-02 I=6.89e-03 O=3.90e-06)
It: 1720, Loss: 8.262e-02  (f=1.69e-02 W=2.84e-02 I=4.47e-03 O=3.12e-06)
It: 1730, Loss: 8.290e-02  (f=1.60e-02 W=2.91e-02 I=4.38e-03 O=3.28e-06)
It: 1740, Loss: 8.535e-02  (f=1.72e-02 W=2.96e-02 I=4.44e-03 O=2.19e-05)
It: 1750, Loss: 7.968e-02  (f=1.50e-02 W=2.75e-02 I=4.87e-03 O=2.92e-06)
It: 1760, Loss: 7.646e-02  (f=1.30e-02 W=2.68e-02 I=4.89e-03 O=5.42e-06)
It: 1770, Loss: 7.531e-02  (f=1.28e-02 W=2.57e-02 I=5.54e-03 O=3.25e-06)
It: 1780, Loss: 1.311e-01  (f=5.29e-02 W=2.51e-02 I=1.40e-02 O=4.16e-05)
It: 1790, Loss: 8.665e-02  (f=1.70e-02 W=2.61e-02 I=8.75e-03 O=2.63e-06)
It: 1800, Loss: 7.740e-02  (f=1.40e-02 W=2.58e-02 I=5.89e-03 O=1.17e-05)
It: 1810, Loss: 7.458e-02  (f=1.31e-02 W=2.54e-02 I=5.35e-03 O=9.53e-06)
It: 1820, Loss: 7.396e-02  (f=1.34e-02 W=2.53e-02 I=5.01e-03 O=4.42e-06)
It: 1830, Loss: 7.284e-02  (f=1.31e-02 W=2.43e-02 I=5.58e-03 O=4.54e-06)
It: 1840, Loss: 1.769e-01  (f=9.16e-02 W=2.36e-02 I=1.90e-02 O=5.50e-05)
It: 1850, Loss: 9.471e-02  (f=2.80e-02 W=2.70e-02 I=6.38e-03 O=5.46e-06)
It: 1860, Loss: 8.293e-02  (f=1.96e-02 W=2.52e-02 I=6.50e-03 O=1.92e-05)
It: 1870, Loss: 7.556e-02  (f=1.46e-02 W=2.47e-02 I=5.69e-03 O=2.38e-05)
It: 1880, Loss: 7.317e-02  (f=1.38e-02 W=2.50e-02 I=4.64e-03 O=1.12e-05)
It: 1890, Loss: 7.183e-02  (f=1.32e-02 W=2.34e-02 I=5.91e-03 O=4.94e-06)
It: 1900, Loss: 7.210e-02  (f=1.47e-02 W=2.47e-02 I=3.95e-03 O=3.76e-06)
It: 1910, Loss: 7.497e-02  (f=1.77e-02 W=2.50e-02 I=3.63e-03 O=3.92e-06)
It: 1920, Loss: 7.623e-02  (f=1.85e-02 W=2.33e-02 I=5.53e-03 O=6.83e-06)
It: 1930, Loss: 6.990e-02  (f=1.38e-02 W=2.38e-02 I=4.27e-03 O=3.87e-06)
It: 1940, Loss: 7.503e-02  (f=1.81e-02 W=2.33e-02 I=5.17e-03 O=7.22e-06)
It: 1950, Loss: 9.177e-02  (f=2.84e-02 W=1.91e-02 I=1.26e-02 O=5.86e-06)
It: 1960, Loss: 7.949e-02  (f=2.05e-02 W=2.06e-02 I=8.94e-03 O=1.16e-05)
It: 1970, Loss: 7.002e-02  (f=1.43e-02 W=2.32e-02 I=4.58e-03 O=7.44e-06)
It: 1980, Loss: 7.174e-02  (f=1.67e-02 W=2.42e-02 I=3.33e-03 O=5.24e-06)
It: 1990, Loss: 7.036e-02  (f=1.63e-02 W=2.38e-02 I=3.23e-03 O=4.80e-06)
It: 2000, Loss: 1.135e-01  (f=4.92e-02 W=2.24e-02 I=9.69e-03 O=2.21e-05)
It: 2010, Loss: 8.407e-02  (f=2.30e-02 W=2.24e-02 I=8.13e-03 O=4.74e-06)
It: 2020, Loss: 7.416e-02  (f=1.85e-02 W=2.23e-02 I=5.57e-03 O=7.63e-06)
It: 2030, Loss: 6.878e-02  (f=1.48e-02 W=2.20e-02 I=5.02e-03 O=8.34e-06)
It: 2040, Loss: 6.724e-02  (f=1.41e-02 W=2.19e-02 I=4.66e-03 O=6.40e-06)
It: 2050, Loss: 6.656e-02  (f=1.44e-02 W=2.17e-02 I=4.43e-03 O=4.88e-06)
It: 2060, Loss: 1.225e-01  (f=5.83e-02 W=2.09e-02 I=1.11e-02 O=2.80e-05)
It: 2070, Loss: 7.334e-02  (f=1.75e-02 W=2.31e-02 I=4.80e-03 O=5.22e-06)
It: 2080, Loss: 6.982e-02  (f=1.73e-02 W=2.26e-02 I=3.65e-03 O=1.26e-05)
It: 2090, Loss: 6.692e-02  (f=1.47e-02 W=2.07e-02 I=5.38e-03 O=1.27e-05)
It: 2100, Loss: 6.972e-02  (f=1.81e-02 W=2.20e-02 I=3.79e-03 O=5.81e-06)
It: 2110, Loss: 6.711e-02  (f=1.59e-02 W=2.16e-02 I=3.99e-03 O=8.98e-06)
It: 2120, Loss: 6.838e-02  (f=1.72e-02 W=2.03e-02 I=5.24e-03 O=7.98e-06)
It: 2130, Loss: 7.776e-02  (f=2.34e-02 W=2.09e-02 I=6.28e-03 O=1.37e-05)
It: 2140, Loss: 6.915e-02  (f=1.76e-02 W=2.05e-02 I=5.25e-03 O=9.43e-06)
It: 2150, Loss: 6.773e-02  (f=1.70e-02 W=2.15e-02 I=3.84e-03 O=1.13e-05)
It: 2160, Loss: 6.596e-02  (f=1.65e-02 W=2.14e-02 I=3.37e-03 O=1.07e-05)
It: 2170, Loss: 6.365e-02  (f=1.47e-02 W=2.01e-02 I=4.35e-03 O=6.33e-06)
It: 2180, Loss: 8.363e-02  (f=3.26e-02 W=2.02e-02 I=5.32e-03 O=1.70e-05)
It: 2190, Loss: 6.962e-02  (f=1.83e-02 W=2.16e-02 I=4.04e-03 O=7.65e-06)
It: 2200, Loss: 6.741e-02  (f=1.80e-02 W=2.01e-02 I=4.56e-03 O=1.72e-05)
It: 2210, Loss: 6.516e-02  (f=1.67e-02 W=2.07e-02 I=3.51e-03 O=1.57e-05)
It: 2220, Loss: 6.459e-02  (f=1.64e-02 W=1.97e-02 I=4.44e-03 O=9.33e-06)
It: 2230, Loss: 7.094e-02  (f=2.15e-02 W=1.95e-02 I=5.20e-03 O=8.17e-06)
It: 2240, Loss: 6.378e-02  (f=1.52e-02 W=2.01e-02 I=4.16e-03 O=7.70e-06)
It: 2250, Loss: 6.877e-02  (f=1.92e-02 W=1.80e-02 I=6.80e-03 O=8.55e-06)
It: 2260, Loss: 6.424e-02  (f=1.72e-02 W=2.07e-02 I=2.84e-03 O=1.00e-05)
It: 2270, Loss: 6.204e-02  (f=1.55e-02 W=1.94e-02 I=3.83e-03 O=8.90e-06)
It: 2280, Loss: 6.118e-02  (f=1.54e-02 W=1.95e-02 I=3.38e-03 O=8.32e-06)
It: 2290, Loss: 7.534e-02  (f=2.81e-02 W=2.06e-02 I=2.94e-03 O=9.57e-06)
It: 2300, Loss: 8.944e-02  (f=3.70e-02 W=2.25e-02 I=3.68e-03 O=1.97e-05)
It: 2310, Loss: 7.735e-02  (f=2.54e-02 W=2.16e-02 I=4.36e-03 O=2.46e-05)
It: 2320, Loss: 6.490e-02  (f=1.58e-02 W=2.10e-02 I=3.50e-03 O=2.37e-05)
It: 2330, Loss: 6.333e-02  (f=1.57e-02 W=1.97e-02 I=4.09e-03 O=1.46e-05)
It: 2340, Loss: 6.167e-02  (f=1.46e-02 W=1.90e-02 I=4.48e-03 O=1.17e-05)
It: 2350, Loss: 6.033e-02  (f=1.46e-02 W=1.86e-02 I=4.20e-03 O=8.28e-06)
It: 2360, Loss: 5.963e-02  (f=1.48e-02 W=1.87e-02 I=3.70e-03 O=7.90e-06)
It: 2370, Loss: 5.932e-02  (f=1.51e-02 W=1.82e-02 I=3.89e-03 O=7.81e-06)
It: 2380, Loss: 7.027e-02  (f=2.40e-02 W=1.76e-02 I=5.54e-03 O=9.88e-06)
It: 2390, Loss: 6.067e-02  (f=1.63e-02 W=1.92e-02 I=2.99e-03 O=7.90e-06)
It: 2400, Loss: 6.495e-02  (f=2.03e-02 W=1.69e-02 I=5.38e-03 O=1.24e-05)
It: 2410, Loss: 5.911e-02  (f=1.58e-02 W=1.83e-02 I=3.40e-03 O=1.04e-05)
It: 2420, Loss: 6.448e-02  (f=2.00e-02 W=1.72e-02 I=5.05e-03 O=1.32e-05)
It: 2430, Loss: 6.162e-02  (f=1.77e-02 W=1.65e-02 I=5.40e-03 O=9.19e-06)
It: 2440, Loss: 7.527e-02  (f=2.94e-02 W=1.94e-02 I=3.55e-03 O=1.50e-05)
It: 2450, Loss: 6.079e-02  (f=1.72e-02 W=1.75e-02 I=4.30e-03 O=1.18e-05)
It: 2460, Loss: 6.116e-02  (f=1.80e-02 W=1.64e-02 I=5.15e-03 O=1.45e-05)
It: 2470, Loss: 5.787e-02  (f=1.59e-02 W=1.78e-02 I=3.14e-03 O=1.28e-05)
It: 2480, Loss: 7.371e-02  (f=2.97e-02 W=1.87e-02 I=3.30e-03 O=1.48e-05)
It: 2490, Loss: 5.765e-02  (f=1.53e-02 W=1.69e-02 I=4.25e-03 O=9.81e-06)
It: 2500, Loss: 6.092e-02  (f=1.92e-02 W=1.72e-02 I=3.66e-03 O=1.31e-05)
It: 2510, Loss: 6.502e-02  (f=2.28e-02 W=1.78e-02 I=3.25e-03 O=1.27e-05)
It: 2520, Loss: 6.777e-02  (f=2.52e-02 W=1.73e-02 I=3.95e-03 O=1.05e-05)
It: 2530, Loss: 6.162e-02  (f=1.94e-02 W=1.66e-02 I=4.48e-03 O=1.24e-05)
It: 2540, Loss: 5.803e-02  (f=1.70e-02 W=1.80e-02 I=2.53e-03 O=1.08e-05)
It: 2550, Loss: 5.655e-02  (f=1.63e-02 W=1.72e-02 I=2.96e-03 O=1.26e-05)
It: 2560, Loss: 5.917e-02  (f=1.83e-02 W=1.56e-02 I=4.81e-03 O=1.09e-05)
It: 2570, Loss: 6.762e-02  (f=2.40e-02 W=1.98e-02 I=1.99e-03 O=2.20e-05)
It: 2580, Loss: 6.765e-02  (f=2.45e-02 W=1.89e-02 I=2.69e-03 O=1.85e-05)
It: 2590, Loss: 6.263e-02  (f=1.99e-02 W=1.73e-02 I=4.07e-03 O=1.85e-05)
It: 2600, Loss: 5.694e-02  (f=1.63e-02 W=1.72e-02 I=3.11e-03 O=1.66e-05)
It: 2610, Loss: 5.655e-02  (f=1.63e-02 W=1.62e-02 I=3.87e-03 O=1.13e-05)
It: 2620, Loss: 5.552e-02  (f=1.61e-02 W=1.70e-02 I=2.67e-03 O=1.02e-05)
It: 2630, Loss: 5.841e-02  (f=1.92e-02 W=1.62e-02 I=3.44e-03 O=1.09e-05)
It: 2640, Loss: 7.100e-02  (f=2.96e-02 W=1.66e-02 I=4.05e-03 O=1.07e-05)
It: 2650, Loss: 6.969e-02  (f=2.77e-02 W=1.82e-02 I=2.80e-03 O=2.43e-05)
It: 2660, Loss: 6.006e-02  (f=1.98e-02 W=1.68e-02 I=3.27e-03 O=2.10e-05)
It: 2670, Loss: 5.471e-02  (f=1.56e-02 W=1.63e-02 I=3.27e-03 O=1.26e-05)
It: 2680, Loss: 5.769e-02  (f=1.84e-02 W=1.60e-02 I=3.59e-03 O=9.81e-06)
It: 2690, Loss: 5.396e-02  (f=1.57e-02 W=1.60e-02 I=3.10e-03 O=1.04e-05)
It: 2700, Loss: 6.772e-02  (f=2.77e-02 W=1.50e-02 I=5.03e-03 O=1.19e-05)
It: 2710, Loss: 5.695e-02  (f=1.84e-02 W=1.63e-02 I=2.94e-03 O=1.02e-05)
It: 2720, Loss: 5.529e-02  (f=1.75e-02 W=1.58e-02 I=3.03e-03 O=1.16e-05)
It: 2730, Loss: 5.484e-02  (f=1.74e-02 W=1.61e-02 I=2.60e-03 O=1.12e-05)
It: 2740, Loss: 7.850e-02  (f=3.94e-02 W=1.57e-02 I=3.84e-03 O=1.60e-05)
It: 2750, Loss: 5.517e-02  (f=1.69e-02 W=1.52e-02 I=3.92e-03 O=1.20e-05)
It: 2760, Loss: 5.714e-02  (f=1.91e-02 W=1.51e-02 I=3.91e-03 O=1.20e-05)
It: 2770, Loss: 5.874e-02  (f=2.07e-02 W=1.62e-02 I=2.81e-03 O=9.73e-06)
It: 2780, Loss: 6.313e-02  (f=2.44e-02 W=1.52e-02 I=4.14e-03 O=1.22e-05)
It: 2790, Loss: 5.640e-02  (f=1.88e-02 W=1.57e-02 I=3.04e-03 O=9.45e-06)
It: 2800, Loss: 5.306e-02  (f=1.63e-02 W=1.54e-02 I=2.94e-03 O=1.18e-05)
It: 2810, Loss: 6.647e-02  (f=2.73e-02 W=1.47e-02 I=4.83e-03 O=1.36e-05)
It: 2820, Loss: 5.498e-02  (f=1.81e-02 W=1.59e-02 I=2.54e-03 O=9.11e-06)
It: 2830, Loss: 5.276e-02  (f=1.61e-02 W=1.53e-02 I=3.08e-03 O=1.22e-05)
It: 2840, Loss: 5.262e-02  (f=1.63e-02 W=1.52e-02 I=3.00e-03 O=1.09e-05)
It: 2850, Loss: 5.342e-02  (f=1.74e-02 W=1.59e-02 I=2.06e-03 O=9.74e-06)
It: 2860, Loss: 5.517e-02  (f=1.86e-02 W=1.40e-02 I=4.32e-03 O=1.05e-05)
It: 2870, Loss: 5.992e-02  (f=2.12e-02 W=1.53e-02 I=4.02e-03 O=1.48e-05)
It: 2880, Loss: 6.071e-02  (f=2.21e-02 W=1.46e-02 I=4.66e-03 O=1.35e-05)
It: 2890, Loss: 5.385e-02  (f=1.77e-02 W=1.58e-02 I=2.26e-03 O=1.22e-05)
It: 2900, Loss: 5.481e-02  (f=1.87e-02 W=1.61e-02 I=1.94e-03 O=1.07e-05)
It: 2910, Loss: 5.587e-02  (f=2.00e-02 W=1.51e-02 I=2.85e-03 O=1.06e-05)
It: 2920, Loss: 5.255e-02  (f=1.70e-02 W=1.49e-02 I=2.81e-03 O=1.04e-05)
It: 2930, Loss: 5.482e-02  (f=1.93e-02 W=1.52e-02 I=2.60e-03 O=9.16e-06)
It: 2940, Loss: 5.225e-02  (f=1.75e-02 W=1.49e-02 I=2.47e-03 O=1.02e-05)
It: 2950, Loss: 5.771e-02  (f=2.22e-02 W=1.38e-02 I=3.96e-03 O=1.15e-05)
It: 2960, Loss: 5.348e-02  (f=1.90e-02 W=1.39e-02 I=3.31e-03 O=8.82e-06)
It: 2970, Loss: 6.022e-02  (f=2.46e-02 W=1.54e-02 I=2.41e-03 O=9.84e-06)
It: 2980, Loss: 6.804e-02  (f=2.89e-02 W=1.52e-02 I=4.38e-03 O=3.78e-05)
It: 2990, Loss: 5.706e-02  (f=2.12e-02 W=1.53e-02 I=2.62e-03 O=1.90e-05)
It: 3000, Loss: 5.197e-02  (f=1.65e-02 W=1.51e-02 I=2.65e-03 O=1.26e-05)
It: 3010, Loss: 5.264e-02  (f=1.77e-02 W=1.50e-02 I=2.50e-03 O=9.93e-06)
It: 3020, Loss: 5.560e-02  (f=2.11e-02 W=1.47e-02 I=2.51e-03 O=9.49e-06)
It: 3030, Loss: 5.418e-02  (f=1.97e-02 W=1.48e-02 I=2.40e-03 O=7.77e-06)
It: 3040, Loss: 5.072e-02  (f=1.69e-02 W=1.40e-02 I=2.91e-03 O=8.53e-06)
It: 3050, Loss: 5.387e-02  (f=2.03e-02 W=1.44e-02 I=2.42e-03 O=1.02e-05)
It: 3060, Loss: 5.957e-02  (f=2.44e-02 W=1.35e-02 I=4.12e-03 O=1.14e-05)
It: 3070, Loss: 5.227e-02  (f=1.86e-02 W=1.44e-02 I=2.43e-03 O=1.17e-05)
It: 3080, Loss: 7.794e-02  (f=3.92e-02 W=1.50e-02 I=4.35e-03 O=2.22e-05)
It: 3090, Loss: 5.895e-02  (f=2.30e-02 W=1.46e-02 I=3.37e-03 O=1.98e-05)
It: 3100, Loss: 5.106e-02  (f=1.67e-02 W=1.41e-02 I=3.11e-03 O=1.21e-05)
It: 3110, Loss: 5.106e-02  (f=1.70e-02 W=1.40e-02 I=3.07e-03 O=1.04e-05)
It: 3120, Loss: 5.163e-02  (f=1.82e-02 W=1.43e-02 I=2.40e-03 O=7.73e-06)
It: 3130, Loss: 5.225e-02  (f=1.81e-02 W=1.31e-02 I=3.95e-03 O=8.67e-06)
It: 3140, Loss: 5.680e-02  (f=2.32e-02 W=1.48e-02 I=2.02e-03 O=1.11e-05)
It: 3150, Loss: 5.327e-02  (f=2.02e-02 W=1.41e-02 I=2.45e-03 O=1.03e-05)
It: 3160, Loss: 5.160e-02  (f=1.86e-02 W=1.39e-02 I=2.54e-03 O=8.94e-06)
It: 3170, Loss: 5.377e-02  (f=2.05e-02 W=1.37e-02 I=2.90e-03 O=7.85e-06)
It: 3180, Loss: 5.707e-02  (f=2.43e-02 W=1.32e-02 I=3.16e-03 O=9.22e-06)
It: 3190, Loss: 5.786e-02  (f=2.40e-02 W=1.34e-02 I=3.45e-03 O=1.13e-05)
It: 3200, Loss: 4.967e-02  (f=1.71e-02 W=1.33e-02 I=2.99e-03 O=8.89e-06)
It: 3210, Loss: 6.091e-02  (f=2.68e-02 W=1.31e-02 I=3.92e-03 O=1.20e-05)
It: 3220, Loss: 5.504e-02  (f=2.16e-02 W=1.41e-02 I=2.57e-03 O=9.22e-06)
It: 3230, Loss: 5.052e-02  (f=1.78e-02 W=1.34e-02 I=2.90e-03 O=8.89e-06)
It: 3240, Loss: 6.310e-02  (f=2.85e-02 W=1.40e-02 I=3.29e-03 O=1.63e-05)
It: 3250, Loss: 5.988e-02  (f=2.57e-02 W=1.44e-02 I=2.70e-03 O=8.99e-06)
It: 3260, Loss: 5.244e-02  (f=1.91e-02 W=1.33e-02 I=3.40e-03 O=1.11e-05)
It: 3270, Loss: 5.154e-02  (f=1.92e-02 W=1.32e-02 I=2.94e-03 O=7.99e-06)
It: 3280, Loss: 5.176e-02  (f=1.97e-02 W=1.34e-02 I=2.64e-03 O=8.92e-06)
It: 3290, Loss: 5.167e-02  (f=1.99e-02 W=1.35e-02 I=2.35e-03 O=8.20e-06)
It: 3300, Loss: 6.481e-02  (f=2.97e-02 W=1.43e-02 I=3.22e-03 O=1.02e-05)
It: 3310, Loss: 5.371e-02  (f=2.14e-02 W=1.33e-02 I=2.88e-03 O=1.33e-05)
It: 3320, Loss: 5.182e-02  (f=1.97e-02 W=1.32e-02 I=2.84e-03 O=9.29e-06)
It: 3330, Loss: 5.015e-02  (f=1.85e-02 W=1.34e-02 I=2.42e-03 O=8.04e-06)
It: 3340, Loss: 4.952e-02  (f=1.77e-02 W=1.26e-02 I=3.28e-03 O=7.71e-06)
It: 3350, Loss: 5.401e-02  (f=2.25e-02 W=1.40e-02 I=1.80e-03 O=8.35e-06)
It: 3360, Loss: 5.517e-02  (f=2.19e-02 W=1.25e-02 I=4.16e-03 O=1.10e-05)
It: 3370, Loss: 5.090e-02  (f=1.94e-02 W=1.37e-02 I=2.07e-03 O=8.49e-06)
It: 3380, Loss: 5.269e-02  (f=2.08e-02 W=1.24e-02 I=3.51e-03 O=8.28e-06)
It: 3390, Loss: 5.155e-02  (f=2.06e-02 W=1.32e-02 I=2.29e-03 O=9.46e-06)
It: 3400, Loss: 4.976e-02  (f=1.84e-02 W=1.25e-02 I=3.13e-03 O=8.43e-06)
It: 3410, Loss: 5.876e-02  (f=2.59e-02 W=1.34e-02 I=3.00e-03 O=8.78e-06)
It: 3420, Loss: 5.184e-02  (f=1.96e-02 W=1.22e-02 I=3.91e-03 O=8.28e-06)
It: 3430, Loss: 5.550e-02  (f=2.36e-02 W=1.40e-02 I=1.93e-03 O=1.92e-05)
It: 3440, Loss: 5.024e-02  (f=1.89e-02 W=1.32e-02 I=2.46e-03 O=8.70e-06)
It: 3450, Loss: 5.079e-02  (f=1.98e-02 W=1.30e-02 I=2.49e-03 O=8.06e-06)
It: 3460, Loss: 5.068e-02  (f=1.98e-02 W=1.30e-02 I=2.37e-03 O=7.49e-06)
It: 3470, Loss: 4.886e-02  (f=1.76e-02 W=1.33e-02 I=2.29e-03 O=7.38e-06)
It: 3480, Loss: 4.978e-02  (f=1.90e-02 W=1.33e-02 I=2.11e-03 O=8.59e-06)
It: 3490, Loss: 5.535e-02  (f=2.27e-02 W=1.25e-02 I=3.78e-03 O=1.28e-05)
It: 3500, Loss: 5.535e-02  (f=2.42e-02 W=1.34e-02 I=2.19e-03 O=6.79e-06)
It: 3510, Loss: 4.955e-02  (f=1.85e-02 W=1.20e-02 I=3.47e-03 O=9.28e-06)
It: 3520, Loss: 5.502e-02  (f=2.42e-02 W=1.33e-02 I=2.04e-03 O=9.85e-06)
It: 3530, Loss: 4.833e-02  (f=1.77e-02 W=1.24e-02 I=2.94e-03 O=6.99e-06)
It: 3540, Loss: 4.869e-02  (f=1.85e-02 W=1.23e-02 I=2.77e-03 O=8.24e-06)
It: 3550, Loss: 4.752e-02  (f=1.77e-02 W=1.22e-02 I=2.75e-03 O=7.23e-06)
It: 3560, Loss: 6.177e-02  (f=3.06e-02 W=1.16e-02 I=3.94e-03 O=5.85e-06)
It: 3570, Loss: 5.347e-02  (f=2.28e-02 W=1.25e-02 I=2.86e-03 O=8.91e-06)
It: 3580, Loss: 5.101e-02  (f=2.13e-02 W=1.25e-02 I=2.33e-03 O=9.10e-06)
It: 3590, Loss: 4.741e-02  (f=1.78e-02 W=1.27e-02 I=2.07e-03 O=7.17e-06)
It: 3600, Loss: 4.711e-02  (f=1.77e-02 W=1.23e-02 I=2.39e-03 O=6.40e-06)
It: 3610, Loss: 5.084e-02  (f=2.13e-02 W=1.23e-02 I=2.52e-03 O=8.01e-06)
It: 3620, Loss: 8.336e-02  (f=4.49e-02 W=1.41e-02 I=5.06e-03 O=3.50e-05)
It: 3630, Loss: 6.186e-02  (f=2.85e-02 W=1.37e-02 I=2.92e-03 O=3.20e-05)
It: 3640, Loss: 5.355e-02  (f=2.02e-02 W=1.33e-02 I=3.39e-03 O=1.31e-05)
It: 3650, Loss: 4.866e-02  (f=1.76e-02 W=1.35e-02 I=2.04e-03 O=6.68e-06)
It: 3660, Loss: 4.738e-02  (f=1.67e-02 W=1.32e-02 I=2.10e-03 O=5.88e-06)
It: 3670, Loss: 4.809e-02  (f=1.81e-02 W=1.30e-02 I=1.94e-03 O=6.55e-06)
It: 3680, Loss: 4.727e-02  (f=1.74e-02 W=1.21e-02 I=2.83e-03 O=5.92e-06)
It: 3690, Loss: 4.672e-02  (f=1.74e-02 W=1.23e-02 I=2.35e-03 O=6.57e-06)
It: 3700, Loss: 4.802e-02  (f=1.86e-02 W=1.21e-02 I=2.65e-03 O=8.52e-06)
It: 3710, Loss: 5.417e-02  (f=2.36e-02 W=1.18e-02 I=3.47e-03 O=9.66e-06)
It: 3720, Loss: 4.784e-02  (f=1.85e-02 W=1.29e-02 I=1.76e-03 O=7.26e-06)
It: 3730, Loss: 5.304e-02  (f=2.34e-02 W=1.29e-02 I=1.96e-03 O=7.42e-06)
It: 3740, Loss: 5.256e-02  (f=2.25e-02 W=1.18e-02 I=3.21e-03 O=9.44e-06)
It: 3750, Loss: 4.813e-02  (f=1.90e-02 W=1.19e-02 I=2.66e-03 O=9.19e-06)
It: 3760, Loss: 4.719e-02  (f=1.85e-02 W=1.26e-02 I=1.75e-03 O=6.79e-06)
It: 3770, Loss: 5.009e-02  (f=2.12e-02 W=1.31e-02 I=1.37e-03 O=6.34e-06)
It: 3780, Loss: 4.739e-02  (f=1.85e-02 W=1.14e-02 I=3.04e-03 O=6.99e-06)
It: 3790, Loss: 6.757e-02  (f=3.57e-02 W=1.18e-02 I=4.11e-03 O=6.14e-06)
It: 3800, Loss: 6.186e-02  (f=2.93e-02 W=1.15e-02 I=4.78e-03 O=1.79e-05)
It: 3810, Loss: 4.901e-02  (f=2.02e-02 W=1.24e-02 I=2.02e-03 O=7.94e-06)
It: 3820, Loss: 4.888e-02  (f=2.01e-02 W=1.25e-02 I=1.82e-03 O=1.03e-05)
It: 3830, Loss: 4.713e-02  (f=1.85e-02 W=1.15e-02 I=2.77e-03 O=6.37e-06)
It: 3840, Loss: 4.703e-02  (f=1.89e-02 W=1.23e-02 I=1.70e-03 O=6.43e-06)
It: 3850, Loss: 4.702e-02  (f=1.89e-02 W=1.16e-02 I=2.45e-03 O=6.09e-06)
It: 3860, Loss: 4.648e-02  (f=1.88e-02 W=1.18e-02 I=2.02e-03 O=6.40e-06)
It: 3870, Loss: 4.843e-02  (f=2.05e-02 W=1.21e-02 I=1.89e-03 O=7.72e-06)
It: 3880, Loss: 5.654e-02  (f=2.38e-02 W=1.12e-02 I=5.18e-03 O=9.30e-06)
It: 3890, Loss: 4.833e-02  (f=1.92e-02 W=1.17e-02 I=2.82e-03 O=8.92e-06)
It: 3900, Loss: 4.988e-02  (f=2.01e-02 W=1.19e-02 I=2.97e-03 O=8.52e-06)
It: 3910, Loss: 4.745e-02  (f=1.83e-02 W=1.16e-02 I=2.92e-03 O=1.54e-05)
It: 3920, Loss: 4.737e-02  (f=1.90e-02 W=1.21e-02 I=2.11e-03 O=5.53e-06)
It: 3930, Loss: 4.865e-02  (f=1.98e-02 W=1.17e-02 I=2.72e-03 O=6.73e-06)
It: 3940, Loss: 4.817e-02  (f=2.01e-02 W=1.18e-02 I=2.27e-03 O=5.78e-06)
It: 3950, Loss: 4.691e-02  (f=1.91e-02 W=1.20e-02 I=1.94e-03 O=5.99e-06)
It: 3960, Loss: 4.566e-02  (f=1.83e-02 W=1.17e-02 I=1.97e-03 O=6.13e-06)
It: 3970, Loss: 4.637e-02  (f=1.91e-02 W=1.17e-02 I=1.94e-03 O=6.23e-06)
It: 3980, Loss: 5.355e-02  (f=2.52e-02 W=1.18e-02 I=2.36e-03 O=9.47e-06)
It: 3990, Loss: 4.875e-02  (f=2.11e-02 W=1.26e-02 I=1.23e-03 O=1.00e-05)
It: 4000, Loss: 4.750e-02  (f=1.99e-02 W=1.20e-02 I=1.80e-03 O=6.66e-06)
It: 4010, Loss: 4.878e-02  (f=2.04e-02 W=1.14e-02 I=2.75e-03 O=9.69e-06)
It: 4020, Loss: 4.673e-02  (f=1.92e-02 W=1.17e-02 I=2.06e-03 O=7.49e-06)
It: 4030, Loss: 4.838e-02  (f=2.06e-02 W=1.16e-02 I=2.30e-03 O=9.98e-06)
It: 4040, Loss: 4.603e-02  (f=1.85e-02 W=1.21e-02 I=1.65e-03 O=6.18e-06)
It: 4050, Loss: 4.539e-02  (f=1.81e-02 W=1.17e-02 I=1.97e-03 O=6.52e-06)
It: 4060, Loss: 4.755e-02  (f=2.01e-02 W=1.14e-02 I=2.25e-03 O=7.50e-06)
It: 4070, Loss: 4.695e-02  (f=2.00e-02 W=1.15e-02 I=1.97e-03 O=8.26e-06)
It: 4080, Loss: 4.761e-02  (f=2.01e-02 W=1.11e-02 I=2.65e-03 O=6.68e-06)
It: 4090, Loss: 4.777e-02  (f=2.00e-02 W=1.14e-02 I=2.50e-03 O=9.27e-06)
It: 4100, Loss: 5.374e-02  (f=2.54e-02 W=1.11e-02 I=3.08e-03 O=7.81e-06)
It: 4110, Loss: 4.588e-02  (f=1.83e-02 W=1.09e-02 I=2.91e-03 O=5.66e-06)
It: 4120, Loss: 4.953e-02  (f=2.24e-02 W=1.20e-02 I=1.53e-03 O=6.57e-06)
It: 4130, Loss: 4.546e-02  (f=1.86e-02 W=1.12e-02 I=2.26e-03 O=5.90e-06)
It: 4140, Loss: 4.529e-02  (f=1.85e-02 W=1.10e-02 I=2.44e-03 O=5.43e-06)
It: 4150, Loss: 4.654e-02  (f=2.01e-02 W=1.18e-02 I=1.46e-03 O=6.69e-06)
It: 4160, Loss: 6.871e-02  (f=3.68e-02 W=1.18e-02 I=4.16e-03 O=4.29e-05)
It: 4170, Loss: 5.506e-02  (f=2.74e-02 W=1.27e-02 I=1.13e-03 O=5.75e-06)
It: 4180, Loss: 4.930e-02  (f=2.12e-02 W=1.21e-02 I=1.94e-03 O=1.00e-05)
It: 4190, Loss: 4.597e-02  (f=1.91e-02 W=1.17e-02 I=1.77e-03 O=7.78e-06)
It: 4200, Loss: 4.791e-02  (f=2.05e-02 W=1.11e-02 I=2.61e-03 O=5.47e-06)
It: 4210, Loss: 4.578e-02  (f=1.94e-02 W=1.18e-02 I=1.38e-03 O=8.26e-06)
It: 4220, Loss: 5.012e-02  (f=2.22e-02 W=1.06e-02 I=3.33e-03 O=5.99e-06)
It: 4230, Loss: 4.552e-02  (f=1.87e-02 W=1.12e-02 I=2.19e-03 O=6.06e-06)
It: 4240, Loss: 4.636e-02  (f=1.95e-02 W=1.06e-02 I=2.88e-03 O=6.33e-06)
It: 4250, Loss: 4.872e-02  (f=2.16e-02 W=1.06e-02 I=3.01e-03 O=6.28e-06)
It: 4260, Loss: 4.706e-02  (f=1.96e-02 W=1.11e-02 I=2.65e-03 O=1.25e-05)
It: 4270, Loss: 4.952e-02  (f=2.22e-02 W=1.13e-02 I=2.35e-03 O=1.04e-05)
It: 4280, Loss: 4.696e-02  (f=2.08e-02 W=1.17e-02 I=1.40e-03 O=7.46e-06)
It: 4290, Loss: 5.824e-02  (f=2.95e-02 W=1.11e-02 I=3.22e-03 O=1.48e-05)
It: 4300, Loss: 4.728e-02  (f=2.06e-02 W=1.11e-02 I=2.21e-03 O=6.12e-06)
It: 4310, Loss: 4.635e-02  (f=2.00e-02 W=1.14e-02 I=1.77e-03 O=7.11e-06)
It: 4320, Loss: 4.445e-02  (f=1.85e-02 W=1.11e-02 I=1.85e-03 O=5.63e-06)
It: 4330, Loss: 4.454e-02  (f=1.86e-02 W=1.08e-02 I=2.13e-03 O=5.54e-06)
It: 4340, Loss: 4.848e-02  (f=2.25e-02 W=1.05e-02 I=2.51e-03 O=5.63e-06)
It: 4350, Loss: 4.903e-02  (f=2.22e-02 W=1.04e-02 I=3.03e-03 O=7.94e-06)
It: 4360, Loss: 6.268e-02  (f=3.23e-02 W=1.08e-02 I=4.36e-03 O=2.53e-05)
It: 4370, Loss: 4.776e-02  (f=2.12e-02 W=1.15e-02 I=1.84e-03 O=6.96e-06)
It: 4380, Loss: 4.481e-02  (f=1.86e-02 W=1.12e-02 I=1.95e-03 O=8.23e-06)
It: 4390, Loss: 4.414e-02  (f=1.82e-02 W=1.09e-02 I=2.03e-03 O=5.62e-06)
It: 4400, Loss: 4.430e-02  (f=1.87e-02 W=1.10e-02 I=1.80e-03 O=5.65e-06)
It: 4410, Loss: 4.914e-02  (f=2.22e-02 W=1.05e-02 I=2.92e-03 O=1.05e-05)
It: 4420, Loss: 6.552e-02  (f=3.46e-02 W=1.25e-02 I=2.88e-03 O=5.22e-05)
It: 4430, Loss: 5.231e-02  (f=2.47e-02 W=1.17e-02 I=2.11e-03 O=1.79e-05)
It: 4440, Loss: 4.506e-02  (f=1.83e-02 W=1.15e-02 I=1.81e-03 O=6.87e-06)
It: 4450, Loss: 4.451e-02  (f=1.82e-02 W=1.14e-02 I=1.76e-03 O=8.15e-06)
It: 4460, Loss: 4.407e-02  (f=1.80e-02 W=1.09e-02 I=2.07e-03 O=6.04e-06)
It: 4470, Loss: 4.487e-02  (f=1.94e-02 W=1.11e-02 I=1.65e-03 O=5.74e-06)
It: 4480, Loss: 4.792e-02  (f=2.20e-02 W=1.17e-02 I=1.28e-03 O=6.28e-06)
It: 4490, Loss: 5.073e-02  (f=2.45e-02 W=1.07e-02 I=2.41e-03 O=7.18e-06)
It: 4500, Loss: 4.560e-02  (f=2.03e-02 W=1.13e-02 I=1.32e-03 O=6.14e-06)
It: 4510, Loss: 4.852e-02  (f=2.22e-02 W=1.13e-02 I=1.87e-03 O=6.04e-06)
It: 4520, Loss: 4.527e-02  (f=1.95e-02 W=1.12e-02 I=1.71e-03 O=6.31e-06)
It: 4530, Loss: 4.483e-02  (f=1.93e-02 W=1.09e-02 I=1.84e-03 O=7.66e-06)
It: 4540, Loss: 4.664e-02  (f=2.07e-02 W=1.04e-02 I=2.61e-03 O=6.70e-06)
It: 4550, Loss: 4.969e-02  (f=2.44e-02 W=1.15e-02 I=1.13e-03 O=7.19e-06)
It: 4560, Loss: 4.501e-02  (f=1.95e-02 W=1.02e-02 I=2.54e-03 O=6.37e-06)
It: 4570, Loss: 5.231e-02  (f=2.64e-02 W=1.06e-02 I=2.31e-03 O=8.65e-06)
It: 4580, Loss: 4.731e-02  (f=2.23e-02 W=1.07e-02 I=1.81e-03 O=5.93e-06)
It: 4590, Loss: 4.852e-02  (f=2.24e-02 W=1.12e-02 I=1.84e-03 O=6.62e-06)
It: 4600, Loss: 4.573e-02  (f=2.00e-02 W=1.06e-02 I=2.23e-03 O=6.74e-06)
It: 4610, Loss: 4.434e-02  (f=1.88e-02 W=1.08e-02 I=1.93e-03 O=7.63e-06)
It: 4620, Loss: 4.783e-02  (f=2.11e-02 W=9.79e-03 I=3.54e-03 O=6.00e-06)
It: 4630, Loss: 4.391e-02  (f=1.89e-02 W=1.06e-02 I=1.93e-03 O=5.76e-06)
It: 4640, Loss: 4.829e-02  (f=2.18e-02 W=9.62e-03 I=3.63e-03 O=6.36e-06)
It: 4650, Loss: 4.774e-02  (f=2.19e-02 W=1.05e-02 I=2.37e-03 O=7.84e-06)
It: 4660, Loss: 4.340e-02  (f=1.85e-02 W=1.07e-02 I=1.73e-03 O=6.82e-06)
It: 4670, Loss: 4.467e-02  (f=1.99e-02 W=1.09e-02 I=1.43e-03 O=6.11e-06)
It: 4680, Loss: 4.609e-02  (f=2.11e-02 W=1.07e-02 I=1.78e-03 O=7.19e-06)
It: 4690, Loss: 4.745e-02  (f=2.20e-02 W=9.97e-03 I=2.74e-03 O=6.15e-06)
It: 4700, Loss: 4.751e-02  (f=2.22e-02 W=9.93e-03 I=2.72e-03 O=5.95e-06)
It: 4710, Loss: 4.591e-02  (f=2.00e-02 W=9.85e-03 I=3.12e-03 O=6.79e-06)
It: 4720, Loss: 4.706e-02  (f=2.08e-02 W=1.01e-02 I=3.01e-03 O=6.90e-06)
It: 4730, Loss: 4.679e-02  (f=2.17e-02 W=1.14e-02 I=1.18e-03 O=6.28e-06)
It: 4740, Loss: 4.575e-02  (f=2.11e-02 W=1.04e-02 I=1.90e-03 O=6.57e-06)
It: 4750, Loss: 4.455e-02  (f=2.01e-02 W=1.08e-02 I=1.43e-03 O=7.40e-06)
It: 4760, Loss: 5.879e-02  (f=3.02e-02 W=1.03e-02 I=3.97e-03 O=1.14e-05)
It: 4770, Loss: 4.596e-02  (f=2.08e-02 W=1.11e-02 I=1.45e-03 O=6.62e-06)
It: 4780, Loss: 4.467e-02  (f=1.98e-02 W=1.02e-02 I=2.23e-03 O=6.98e-06)
It: 4790, Loss: 4.805e-02  (f=2.31e-02 W=1.12e-02 I=1.28e-03 O=7.12e-06)
It: 4800, Loss: 4.490e-02  (f=1.99e-02 W=1.00e-02 I=2.47e-03 O=7.32e-06)
It: 4810, Loss: 4.350e-02  (f=1.89e-02 W=1.01e-02 I=2.15e-03 O=6.87e-06)
It: 4820, Loss: 4.625e-02  (f=2.17e-02 W=1.02e-02 I=2.02e-03 O=1.18e-05)
It: 4830, Loss: 4.455e-02  (f=1.97e-02 W=1.05e-02 I=1.86e-03 O=6.20e-06)
It: 4840, Loss: 4.551e-02  (f=2.07e-02 W=1.07e-02 I=1.71e-03 O=9.09e-06)
It: 4850, Loss: 4.314e-02  (f=1.88e-02 W=1.05e-02 I=1.66e-03 O=7.36e-06)
It: 4860, Loss: 4.328e-02  (f=1.89e-02 W=1.03e-02 I=1.86e-03 O=6.49e-06)
It: 4870, Loss: 4.837e-02  (f=2.31e-02 W=9.75e-03 I=2.88e-03 O=6.82e-06)
It: 4880, Loss: 5.261e-02  (f=2.77e-02 W=1.17e-02 I=7.56e-04 O=7.34e-06)
It: 4890, Loss: 4.468e-02  (f=2.03e-02 W=1.01e-02 I=2.05e-03 O=8.09e-06)
It: 4900, Loss: 4.490e-02  (f=1.99e-02 W=1.00e-02 I=2.46e-03 O=6.94e-06)
It: 4910, Loss: 4.677e-02  (f=2.18e-02 W=9.65e-03 I=2.84e-03 O=6.63e-06)
It: 4920, Loss: 4.735e-02  (f=2.28e-02 W=9.98e-03 I=2.28e-03 O=7.22e-06)
It: 4930, Loss: 4.333e-02  (f=1.94e-02 W=1.02e-02 I=1.79e-03 O=6.74e-06)
It: 4940, Loss: 4.649e-02  (f=2.25e-02 W=1.05e-02 I=1.43e-03 O=7.68e-06)
It: 4950, Loss: 4.480e-02  (f=2.04e-02 W=9.68e-03 I=2.53e-03 O=1.09e-05)
It: 4960, Loss: 4.395e-02  (f=2.01e-02 W=9.94e-03 I=2.00e-03 O=7.49e-06)
It: 4970, Loss: 6.287e-02  (f=3.52e-02 W=1.02e-02 I=3.60e-03 O=3.76e-05)
It: 4980, Loss: 5.027e-02  (f=2.38e-02 W=1.07e-02 I=2.54e-03 O=7.49e-06)
It: 4990, Loss: 4.600e-02  (f=2.03e-02 W=1.03e-02 I=2.57e-03 O=1.20e-05)
It: 5000, Loss: 4.470e-02  (f=1.98e-02 W=1.01e-02 I=2.37e-03 O=1.21e-05)
It: 5010, Loss: 4.280e-02  (f=1.86e-02 W=1.03e-02 I=1.79e-03 O=8.71e-06)
It: 5020, Loss: 4.433e-02  (f=2.02e-02 W=1.07e-02 I=1.34e-03 O=7.18e-06)
It: 5030, Loss: 4.360e-02  (f=1.94e-02 W=1.04e-02 I=1.73e-03 O=8.03e-06)
It: 5040, Loss: 4.813e-02  (f=2.32e-02 W=1.09e-02 I=1.55e-03 O=7.76e-06)
It: 5050, Loss: 4.547e-02  (f=2.08e-02 W=9.82e-03 I=2.52e-03 O=7.32e-06)
It: 5060, Loss: 5.112e-02  (f=2.68e-02 W=1.14e-02 I=7.12e-04 O=7.63e-06)
It: 5070, Loss: 4.546e-02  (f=2.12e-02 W=9.66e-03 I=2.48e-03 O=8.66e-06)
It: 5080, Loss: 4.497e-02  (f=2.09e-02 W=9.95e-03 I=2.05e-03 O=1.19e-05)
It: 5090, Loss: 4.445e-02  (f=2.10e-02 W=1.07e-02 I=1.08e-03 O=9.88e-06)
It: 5100, Loss: 4.480e-02  (f=2.09e-02 W=1.00e-02 I=1.95e-03 O=7.77e-06)
It: 5110, Loss: 5.156e-02  (f=2.68e-02 W=1.13e-02 I=1.10e-03 O=1.93e-05)
It: 5120, Loss: 4.287e-02  (f=1.90e-02 W=9.83e-03 I=2.09e-03 O=7.66e-06)
It: 5130, Loss: 4.262e-02  (f=1.91e-02 W=9.93e-03 I=1.83e-03 O=7.58e-06)
It: 5140, Loss: 4.699e-02  (f=2.38e-02 W=1.01e-02 I=1.49e-03 O=7.70e-06)
It: 5150, Loss: 4.422e-02  (f=2.01e-02 W=9.64e-03 I=2.42e-03 O=7.34e-06)
It: 5160, Loss: 5.532e-02  (f=3.13e-02 W=1.10e-02 I=9.99e-04 O=8.62e-06)
It: 5170, Loss: 4.656e-02  (f=2.29e-02 W=9.49e-03 I=2.34e-03 O=6.86e-06)
It: 5180, Loss: 4.434e-02  (f=2.03e-02 W=9.63e-03 I=2.38e-03 O=6.93e-06)
It: 5190, Loss: 4.551e-02  (f=2.05e-02 W=1.03e-02 I=2.15e-03 O=7.57e-06)
It: 5200, Loss: 4.507e-02  (f=2.05e-02 W=1.03e-02 I=1.95e-03 O=8.68e-06)
It: 5210, Loss: 4.296e-02  (f=1.91e-02 W=9.97e-03 I=1.96e-03 O=8.01e-06)
It: 5220, Loss: 4.379e-02  (f=2.02e-02 W=1.04e-02 I=1.40e-03 O=8.70e-06)
It: 5230, Loss: 4.398e-02  (f=2.06e-02 W=1.02e-02 I=1.42e-03 O=1.05e-05)
It: 5240, Loss: 4.236e-02  (f=1.90e-02 W=9.70e-03 I=1.98e-03 O=7.04e-06)
It: 5250, Loss: 4.318e-02  (f=1.99e-02 W=1.01e-02 I=1.52e-03 O=9.03e-06)
It: 5260, Loss: 4.237e-02  (f=1.92e-02 W=9.66e-03 I=1.93e-03 O=7.12e-06)
It: 5270, Loss: 4.862e-02  (f=2.45e-02 W=9.01e-03 I=3.04e-03 O=8.03e-06)
It: 5280, Loss: 4.938e-02  (f=2.46e-02 W=1.09e-02 I=1.51e-03 O=1.48e-05)
It: 5290, Loss: 4.871e-02  (f=2.35e-02 W=9.43e-03 I=3.19e-03 O=1.03e-05)
It: 5300, Loss: 4.401e-02  (f=2.08e-02 W=1.02e-02 I=1.36e-03 O=8.19e-06)
It: 5310, Loss: 4.908e-02  (f=2.37e-02 W=1.01e-02 I=2.56e-03 O=9.26e-06)
It: 5320, Loss: 4.384e-02  (f=1.99e-02 W=9.83e-03 I=2.15e-03 O=7.73e-06)
It: 5330, Loss: 4.746e-02  (f=2.37e-02 W=1.07e-02 I=1.20e-03 O=1.90e-05)
It: 5340, Loss: 4.416e-02  (f=2.01e-02 W=9.47e-03 I=2.54e-03 O=7.93e-06)
It: 5350, Loss: 4.406e-02  (f=2.09e-02 W=9.93e-03 I=1.63e-03 O=1.30e-05)
It: 5360, Loss: 4.394e-02  (f=2.09e-02 W=1.03e-02 I=1.27e-03 O=9.88e-06)
It: 5370, Loss: 4.362e-02  (f=2.06e-02 W=9.67e-03 I=1.82e-03 O=7.24e-06)
It: 5380, Loss: 4.524e-02  (f=2.20e-02 W=1.00e-02 I=1.58e-03 O=9.87e-06)
It: 5390, Loss: 4.378e-02  (f=2.10e-02 W=9.99e-03 I=1.40e-03 O=7.18e-06)
It: 5400, Loss: 4.510e-02  (f=2.24e-02 W=1.01e-02 I=1.24e-03 O=9.36e-06)
It: 5410, Loss: 4.510e-02  (f=2.20e-02 W=9.94e-03 I=1.60e-03 O=2.05e-05)
It: 5420, Loss: 4.575e-02  (f=2.25e-02 W=9.82e-03 I=1.81e-03 O=7.96e-06)
It: 5430, Loss: 4.456e-02  (f=2.13e-02 W=9.47e-03 I=2.13e-03 O=1.05e-05)
It: 5440, Loss: 4.418e-02  (f=2.15e-02 W=1.05e-02 I=7.70e-04 O=7.51e-06)
It: 5450, Loss: 4.348e-02  (f=2.05e-02 W=9.42e-03 I=2.04e-03 O=9.78e-06)
It: 5460, Loss: 4.380e-02  (f=2.11e-02 W=9.73e-03 I=1.59e-03 O=7.35e-06)
It: 5470, Loss: 4.331e-02  (f=2.05e-02 W=9.79e-03 I=1.63e-03 O=7.44e-06)
It: 5480, Loss: 5.366e-02  (f=2.81e-02 W=1.00e-02 I=2.77e-03 O=2.38e-05)
It: 5490, Loss: 5.005e-02  (f=2.58e-02 W=1.01e-02 I=2.04e-03 O=8.87e-06)
It: 5500, Loss: 4.316e-02  (f=1.97e-02 W=9.69e-03 I=2.02e-03 O=8.16e-06)
It: 5510, Loss: 4.421e-02  (f=2.10e-02 W=1.01e-02 I=1.48e-03 O=7.58e-06)
It: 5520, Loss: 4.196e-02  (f=1.92e-02 W=9.66e-03 I=1.71e-03 O=7.58e-06)
It: 5530, Loss: 4.244e-02  (f=2.01e-02 W=9.98e-03 I=1.19e-03 O=7.55e-06)
It: 5540, Loss: 4.720e-02  (f=2.47e-02 W=1.02e-02 I=1.01e-03 O=7.24e-06)
It: 5550, Loss: 4.304e-02  (f=2.06e-02 W=9.24e-03 I=1.99e-03 O=7.04e-06)
It: 5560, Loss: 4.493e-02  (f=2.20e-02 W=9.35e-03 I=2.12e-03 O=7.63e-06)
It: 5570, Loss: 4.790e-02  (f=2.39e-02 W=1.06e-02 I=1.40e-03 O=6.86e-06)
It: 5580, Loss: 4.665e-02  (f=2.27e-02 W=9.44e-03 I=2.53e-03 O=1.12e-05)
It: 5590, Loss: 4.274e-02  (f=1.98e-02 W=9.91e-03 I=1.57e-03 O=7.31e-06)
It: 5600, Loss: 4.224e-02  (f=1.96e-02 W=1.01e-02 I=1.22e-03 O=7.65e-06)
It: 5610, Loss: 4.165e-02  (f=1.91e-02 W=9.53e-03 I=1.75e-03 O=7.27e-06)
It: 5620, Loss: 4.189e-02  (f=1.97e-02 W=9.66e-03 I=1.45e-03 O=7.58e-06)
It: 5630, Loss: 4.549e-02  (f=2.33e-02 W=1.00e-02 I=1.05e-03 O=7.22e-06)
It: 5640, Loss: 4.200e-02  (f=2.01e-02 W=9.85e-03 I=1.11e-03 O=7.69e-06)
It: 5650, Loss: 4.710e-02  (f=2.35e-02 W=9.12e-03 I=2.65e-03 O=1.51e-05)
It: 5660, Loss: 4.346e-02  (f=2.13e-02 W=9.81e-03 I=1.27e-03 O=1.11e-05)
It: 5670, Loss: 4.340e-02  (f=2.10e-02 W=9.77e-03 I=1.40e-03 O=8.65e-06)
It: 5680, Loss: 4.935e-02  (f=2.65e-02 W=1.10e-02 I=4.25e-04 O=7.80e-06)
It: 5690, Loss: 5.380e-02  (f=2.78e-02 W=9.14e-03 I=3.84e-03 O=1.03e-05)
It: 5700, Loss: 4.613e-02  (f=2.28e-02 W=9.98e-03 I=1.66e-03 O=8.71e-06)
It: 5710, Loss: 4.414e-02  (f=2.16e-02 W=9.99e-03 I=1.28e-03 O=7.07e-06)
It: 5720, Loss: 4.542e-02  (f=2.22e-02 W=9.30e-03 I=2.32e-03 O=7.73e-06)
It: 5730, Loss: 4.427e-02  (f=2.21e-02 W=9.67e-03 I=1.39e-03 O=7.39e-06)
It: 5740, Loss: 4.250e-02  (f=2.05e-02 W=9.84e-03 I=1.13e-03 O=7.07e-06)
It: 5750, Loss: 4.712e-02  (f=2.51e-02 W=9.83e-03 I=1.17e-03 O=7.15e-06)
It: 5760, Loss: 4.338e-02  (f=2.05e-02 W=8.85e-03 I=2.60e-03 O=7.02e-06)
It: 5770, Loss: 4.162e-02  (f=1.99e-02 W=9.73e-03 I=1.10e-03 O=7.45e-06)
It: 5780, Loss: 4.502e-02  (f=2.32e-02 W=1.03e-02 I=6.39e-04 O=7.70e-06)
It: 5790, Loss: 5.398e-02  (f=2.90e-02 W=9.84e-03 I=2.62e-03 O=2.97e-05)
It: 5800, Loss: 4.148e-02  (f=1.92e-02 W=9.37e-03 I=1.74e-03 O=1.42e-05)
It: 5810, Loss: 4.474e-02  (f=2.24e-02 W=9.45e-03 I=1.73e-03 O=7.67e-06)
It: 5820, Loss: 4.148e-02  (f=1.92e-02 W=9.38e-03 I=1.76e-03 O=7.11e-06)
It: 5830, Loss: 4.239e-02  (f=1.99e-02 W=9.09e-03 I=2.17e-03 O=8.33e-06)
It: 5840, Loss: 4.796e-02  (f=2.53e-02 W=8.70e-03 I=2.61e-03 O=1.34e-05)
It: 5850, Loss: 4.673e-02  (f=2.41e-02 W=9.85e-03 I=1.47e-03 O=1.05e-05)
It: 5860, Loss: 4.112e-02  (f=1.93e-02 W=9.51e-03 I=1.39e-03 O=6.86e-06)
It: 5870, Loss: 4.224e-02  (f=2.03e-02 W=9.48e-03 I=1.47e-03 O=6.85e-06)
It: 5880, Loss: 5.437e-02  (f=3.04e-02 W=9.40e-03 I=2.55e-03 O=2.98e-05)
It: 5890, Loss: 4.493e-02  (f=2.31e-02 W=9.79e-03 I=1.14e-03 O=9.96e-06)
It: 5900, Loss: 4.459e-02  (f=2.22e-02 W=9.53e-03 I=1.66e-03 O=8.67e-06)
It: 5910, Loss: 4.385e-02  (f=2.12e-02 W=9.63e-03 I=1.67e-03 O=8.36e-06)
It: 5920, Loss: 4.149e-02  (f=1.93e-02 W=9.19e-03 I=1.87e-03 O=6.88e-06)
It: 5930, Loss: 4.717e-02  (f=2.46e-02 W=9.46e-03 I=1.79e-03 O=1.72e-05)
It: 5940, Loss: 4.233e-02  (f=2.07e-02 W=9.90e-03 I=9.05e-04 O=7.19e-06)
It: 5950, Loss: 4.556e-02  (f=2.27e-02 W=9.15e-03 I=2.28e-03 O=8.63e-06)
It: 5960, Loss: 4.162e-02  (f=1.98e-02 W=9.24e-03 I=1.65e-03 O=6.49e-06)
It: 5970, Loss: 4.293e-02  (f=2.13e-02 W=9.95e-03 I=8.47e-04 O=6.81e-06)
It: 5980, Loss: 4.339e-02  (f=2.17e-02 W=9.79e-03 I=1.07e-03 O=6.41e-06)
It: 5990, Loss: 4.750e-02  (f=2.51e-02 W=9.62e-03 I=1.58e-03 O=1.71e-05)
It: 6000, Loss: 4.188e-02  (f=2.03e-02 W=9.60e-03 I=1.16e-03 O=1.02e-05)
It: 6010, Loss: 4.399e-02  (f=2.20e-02 W=9.31e-03 I=1.65e-03 O=9.55e-06)
It: 6020, Loss: 4.145e-02  (f=1.98e-02 W=9.31e-03 I=1.49e-03 O=7.09e-06)
It: 6030, Loss: 4.949e-02  (f=2.64e-02 W=9.78e-03 I=1.78e-03 O=6.82e-06)
It: 6040, Loss: 4.652e-02  (f=2.38e-02 W=9.40e-03 I=1.95e-03 O=9.64e-06)
It: 6050, Loss: 4.270e-02  (f=2.08e-02 W=9.20e-03 I=1.73e-03 O=8.86e-06)
It: 6060, Loss: 4.240e-02  (f=2.08e-02 W=9.59e-03 I=1.19e-03 O=8.01e-06)
It: 6070, Loss: 4.486e-02  (f=2.22e-02 W=8.60e-03 I=2.70e-03 O=9.90e-06)
It: 6080, Loss: 4.193e-02  (f=2.06e-02 W=9.50e-03 I=1.14e-03 O=6.59e-06)
It: 6090, Loss: 4.329e-02  (f=2.18e-02 W=9.27e-03 I=1.44e-03 O=6.78e-06)
It: 6100, Loss: 4.468e-02  (f=2.34e-02 W=9.45e-03 I=1.20e-03 O=1.00e-05)
It: 6110, Loss: 4.170e-02  (f=2.01e-02 W=9.14e-03 I=1.65e-03 O=7.00e-06)
It: 6120, Loss: 4.751e-02  (f=2.44e-02 W=9.12e-03 I=2.44e-03 O=7.97e-06)
It: 6130, Loss: 4.404e-02  (f=2.27e-02 W=9.76e-03 I=9.08e-04 O=8.70e-06)
It: 6140, Loss: 4.516e-02  (f=2.25e-02 W=8.71e-03 I=2.61e-03 O=7.58e-06)
It: 6150, Loss: 4.135e-02  (f=2.01e-02 W=9.56e-03 I=1.04e-03 O=6.61e-06)
It: 6160, Loss: 4.764e-02  (f=2.62e-02 W=9.87e-03 I=8.45e-04 O=7.16e-06)
It: 6170, Loss: 4.594e-02  (f=2.33e-02 W=8.97e-03 I=2.33e-03 O=1.84e-05)
It: 6180, Loss: 4.809e-02  (f=2.62e-02 W=9.51e-03 I=1.42e-03 O=1.39e-05)
It: 6190, Loss: 4.270e-02  (f=2.12e-02 W=9.35e-03 I=1.38e-03 O=6.63e-06)
It: 6200, Loss: 4.194e-02  (f=2.05e-02 W=9.44e-03 I=1.25e-03 O=7.42e-06)
It: 6210, Loss: 4.247e-02  (f=2.05e-02 W=8.68e-03 I=2.28e-03 O=6.76e-06)
It: 6220, Loss: 4.174e-02  (f=2.03e-02 W=8.74e-03 I=1.97e-03 O=7.02e-06)
It: 6230, Loss: 4.326e-02  (f=2.17e-02 W=9.04e-03 I=1.73e-03 O=1.41e-05)
It: 6240, Loss: 4.673e-02  (f=2.50e-02 W=9.24e-03 I=1.59e-03 O=1.90e-05)
It: 6250, Loss: 4.428e-02  (f=2.33e-02 W=9.58e-03 I=8.92e-04 O=7.25e-06)
It: 6260, Loss: 5.169e-02  (f=2.79e-02 W=8.05e-03 I=3.83e-03 O=1.04e-05)
It: 6270, Loss: 4.527e-02  (f=2.39e-02 W=9.97e-03 I=6.99e-04 O=1.02e-05)
It: 6280, Loss: 4.291e-02  (f=2.12e-02 W=8.79e-03 I=2.06e-03 O=7.50e-06)
It: 6290, Loss: 4.338e-02  (f=2.18e-02 W=9.78e-03 I=1.00e-03 O=6.13e-06)
It: 6300, Loss: 4.347e-02  (f=2.13e-02 W=9.20e-03 I=1.91e-03 O=8.31e-06)
It: 6310, Loss: 4.626e-02  (f=2.38e-02 W=9.10e-03 I=2.15e-03 O=6.57e-06)
It: 6320, Loss: 4.658e-02  (f=2.53e-02 W=9.76e-03 I=8.52e-04 O=6.99e-06)
It: 6330, Loss: 4.210e-02  (f=2.06e-02 W=9.01e-03 I=1.75e-03 O=6.55e-06)
It: 6340, Loss: 4.047e-02  (f=1.97e-02 W=9.26e-03 I=1.14e-03 O=8.71e-06)
It: 6350, Loss: 4.372e-02  (f=2.23e-02 W=9.02e-03 I=1.65e-03 O=1.64e-05)
It: 6360, Loss: 4.034e-02  (f=1.98e-02 W=9.09e-03 I=1.19e-03 O=6.03e-06)
It: 6370, Loss: 5.248e-02  (f=3.00e-02 W=9.82e-03 I=1.38e-03 O=2.20e-05)
It: 6380, Loss: 4.861e-02  (f=2.62e-02 W=8.93e-03 I=2.26e-03 O=2.95e-05)
It: 6390, Loss: 4.174e-02  (f=1.97e-02 W=8.76e-03 I=2.28e-03 O=6.17e-06)
It: 6400, Loss: 4.102e-02  (f=1.95e-02 W=9.14e-03 I=1.61e-03 O=6.73e-06)
It: 6410, Loss: 4.015e-02  (f=1.92e-02 W=9.16e-03 I=1.29e-03 O=6.78e-06)
It: 6420, Loss: 4.279e-02  (f=2.17e-02 W=9.13e-03 I=1.42e-03 O=5.79e-06)
It: 6430, Loss: 4.694e-02  (f=2.48e-02 W=8.73e-03 I=2.35e-03 O=8.48e-06)
It: 6440, Loss: 4.244e-02  (f=2.15e-02 W=9.22e-03 I=1.26e-03 O=5.95e-06)
It: 6450, Loss: 4.487e-02  (f=2.34e-02 W=9.38e-03 I=1.36e-03 O=6.10e-06)
It: 6460, Loss: 4.685e-02  (f=2.43e-02 W=9.02e-03 I=2.27e-03 O=7.12e-06)
It: 6470, Loss: 4.461e-02  (f=2.32e-02 W=9.07e-03 I=1.63e-03 O=1.01e-05)
It: 6480, Loss: 4.270e-02  (f=2.12e-02 W=8.49e-03 I=2.26e-03 O=6.11e-06)
It: 6490, Loss: 4.170e-02  (f=2.06e-02 W=8.51e-03 I=2.05e-03 O=9.53e-06)
It: 6500, Loss: 4.066e-02  (f=2.02e-02 W=9.10e-03 I=1.13e-03 O=6.54e-06)
It: 6510, Loss: 4.390e-02  (f=2.24e-02 W=8.75e-03 I=2.01e-03 O=1.13e-05)
It: 6520, Loss: 4.339e-02  (f=2.22e-02 W=8.97e-03 I=1.59e-03 O=7.04e-06)
It: 6530, Loss: 4.351e-02  (f=2.18e-02 W=8.54e-03 I=2.33e-03 O=9.77e-06)
It: 6540, Loss: 4.214e-02  (f=2.11e-02 W=8.92e-03 I=1.57e-03 O=6.96e-06)
It: 6550, Loss: 4.373e-02  (f=2.21e-02 W=8.45e-03 I=2.37e-03 O=5.69e-06)
It: 6560, Loss: 6.201e-02  (f=4.02e-02 W=8.57e-03 I=2.33e-03 O=1.00e-05)
It: 6570, Loss: 4.503e-02  (f=2.35e-02 W=9.02e-03 I=1.72e-03 O=1.95e-05)
It: 6580, Loss: 4.080e-02  (f=1.96e-02 W=8.75e-03 I=1.86e-03 O=7.66e-06)
It: 6590, Loss: 4.267e-02  (f=2.18e-02 W=9.24e-03 I=1.17e-03 O=1.25e-05)
It: 6600, Loss: 4.005e-02  (f=1.95e-02 W=8.89e-03 I=1.35e-03 O=6.14e-06)
It: 6610, Loss: 4.105e-02  (f=2.06e-02 W=9.09e-03 I=1.14e-03 O=6.69e-06)
It: 6620, Loss: 4.517e-02  (f=2.38e-02 W=8.90e-03 I=1.78e-03 O=7.66e-06)
It: 6630, Loss: 4.411e-02  (f=2.27e-02 W=8.26e-03 I=2.44e-03 O=5.70e-06)
It: 6640, Loss: 4.196e-02  (f=2.14e-02 W=8.98e-03 I=1.29e-03 O=5.86e-06)
It: 6650, Loss: 4.556e-02  (f=2.50e-02 W=9.42e-03 I=8.71e-04 O=9.22e-06)
It: 6660, Loss: 4.443e-02  (f=2.35e-02 W=9.00e-03 I=1.46e-03 O=1.15e-05)
It: 6670, Loss: 4.192e-02  (f=2.09e-02 W=8.38e-03 I=2.10e-03 O=6.26e-06)
It: 6680, Loss: 4.310e-02  (f=2.25e-02 W=8.91e-03 I=1.37e-03 O=2.19e-05)
It: 6690, Loss: 4.029e-02  (f=1.97e-02 W=8.52e-03 I=1.77e-03 O=6.37e-06)
It: 6700, Loss: 4.935e-02  (f=2.81e-02 W=8.81e-03 I=1.81e-03 O=1.22e-05)
It: 6710, Loss: 4.506e-02  (f=2.34e-02 W=8.36e-03 I=2.45e-03 O=7.35e-06)
It: 6720, Loss: 4.256e-02  (f=2.22e-02 W=9.12e-03 I=1.06e-03 O=7.46e-06)
It: 6730, Loss: 4.145e-02  (f=2.11e-02 W=9.20e-03 I=9.42e-04 O=7.51e-06)
It: 6740, Loss: 4.385e-02  (f=2.28e-02 W=9.26e-03 I=1.26e-03 O=5.68e-06)
It: 6750, Loss: 4.838e-02  (f=2.75e-02 W=8.96e-03 I=1.45e-03 O=1.54e-05)
It: 6760, Loss: 4.322e-02  (f=2.17e-02 W=8.48e-03 I=2.28e-03 O=5.85e-06)
It: 6770, Loss: 4.044e-02  (f=2.02e-02 W=9.06e-03 I=1.03e-03 O=5.59e-06)
It: 6780, Loss: 3.981e-02  (f=1.96e-02 W=8.80e-03 I=1.29e-03 O=5.77e-06)
It: 6790, Loss: 4.071e-02  (f=2.08e-02 W=9.15e-03 I=8.22e-04 O=5.71e-06)
It: 6800, Loss: 4.209e-02  (f=2.22e-02 W=9.27e-03 I=6.69e-04 O=5.93e-06)
It: 6810, Loss: 4.130e-02  (f=2.11e-02 W=8.56e-03 I=1.55e-03 O=7.03e-06)
It: 6820, Loss: 4.300e-02  (f=2.24e-02 W=8.92e-03 I=1.38e-03 O=8.68e-06)
It: 6830, Loss: 4.957e-02  (f=2.82e-02 W=9.19e-03 I=1.47e-03 O=1.68e-05)
It: 6840, Loss: 4.295e-02  (f=2.23e-02 W=8.55e-03 I=1.78e-03 O=1.18e-05)
It: 6850, Loss: 3.999e-02  (f=1.98e-02 W=8.93e-03 I=1.18e-03 O=6.66e-06)
It: 6860, Loss: 3.984e-02  (f=1.96e-02 W=8.68e-03 I=1.45e-03 O=6.36e-06)
It: 6870, Loss: 4.372e-02  (f=2.31e-02 W=8.24e-03 I=2.04e-03 O=8.05e-06)
It: 6880, Loss: 4.451e-02  (f=2.44e-02 W=9.58e-03 I=4.65e-04 O=4.91e-06)
It: 6890, Loss: 4.109e-02  (f=2.07e-02 W=8.39e-03 I=1.80e-03 O=5.85e-06)
It: 6900, Loss: 4.156e-02  (f=2.10e-02 W=8.21e-03 I=2.04e-03 O=5.36e-06)
It: 6910, Loss: 4.431e-02  (f=2.42e-02 W=8.58e-03 I=1.47e-03 O=5.00e-06)
It: 6920, Loss: 4.774e-02  (f=2.66e-02 W=9.17e-03 I=1.38e-03 O=1.99e-05)
It: 6930, Loss: 4.258e-02  (f=2.15e-02 W=8.45e-03 I=2.06e-03 O=7.84e-06)
It: 6940, Loss: 4.046e-02  (f=2.04e-02 W=8.71e-03 I=1.31e-03 O=6.60e-06)
It: 6950, Loss: 4.194e-02  (f=2.17e-02 W=8.72e-03 I=1.39e-03 O=5.56e-06)
It: 6960, Loss: 4.037e-02  (f=2.05e-02 W=8.59e-03 I=1.34e-03 O=5.08e-06)
It: 6970, Loss: 4.038e-02  (f=2.05e-02 W=8.47e-03 I=1.48e-03 O=7.02e-06)
It: 6980, Loss: 4.100e-02  (f=2.06e-02 W=8.38e-03 I=1.80e-03 O=5.29e-06)
It: 6990, Loss: 4.998e-02  (f=2.87e-02 W=8.10e-03 I=2.53e-03 O=7.15e-06)
It: 7000, Loss: 4.328e-02  (f=2.27e-02 W=8.52e-03 I=1.78e-03 O=5.10e-06)
It: 7010, Loss: 4.301e-02  (f=2.29e-02 W=9.04e-03 I=1.02e-03 O=5.07e-06)
It: 7020, Loss: 4.043e-02  (f=2.04e-02 W=8.36e-03 I=1.67e-03 O=5.44e-06)
It: 7030, Loss: 3.992e-02  (f=2.03e-02 W=8.57e-03 I=1.26e-03 O=6.30e-06)
It: 7040, Loss: 4.235e-02  (f=2.22e-02 W=8.44e-03 I=1.64e-03 O=8.93e-06)
It: 7050, Loss: 4.055e-02  (f=2.02e-02 W=8.42e-03 I=1.77e-03 O=5.55e-06)
It: 7060, Loss: 3.953e-02  (f=1.97e-02 W=8.87e-03 I=1.04e-03 O=4.81e-06)
It: 7070, Loss: 4.085e-02  (f=2.08e-02 W=8.55e-03 I=1.46e-03 O=7.59e-06)
It: 7080, Loss: 4.479e-02  (f=2.46e-02 W=9.21e-03 I=8.66e-04 O=5.84e-06)
It: 7090, Loss: 4.210e-02  (f=2.14e-02 W=8.03e-03 I=2.31e-03 O=5.30e-06)
It: 7100, Loss: 4.417e-02  (f=2.39e-02 W=9.09e-03 I=1.03e-03 O=1.42e-05)
It: 7110, Loss: 4.286e-02  (f=2.18e-02 W=8.19e-03 I=2.36e-03 O=6.31e-06)
It: 7120, Loss: 4.125e-02  (f=2.12e-02 W=8.85e-03 I=1.15e-03 O=9.50e-06)
It: 7130, Loss: 4.078e-02  (f=2.11e-02 W=8.86e-03 I=9.81e-04 O=5.07e-06)
It: 7140, Loss: 4.264e-02  (f=2.28e-02 W=8.97e-03 I=9.51e-04 O=5.78e-06)
It: 7150, Loss: 4.011e-02  (f=2.03e-02 W=8.41e-03 I=1.48e-03 O=6.04e-06)
It: 7160, Loss: 4.871e-02  (f=2.78e-02 W=9.29e-03 I=1.16e-03 O=9.32e-06)
It: 7170, Loss: 4.195e-02  (f=2.21e-02 W=8.52e-03 I=1.39e-03 O=5.98e-06)
It: 7180, Loss: 4.234e-02  (f=2.24e-02 W=8.37e-03 I=1.57e-03 O=5.17e-06)
It: 7190, Loss: 4.034e-02  (f=2.03e-02 W=8.21e-03 I=1.81e-03 O=5.19e-06)
It: 7200, Loss: 4.145e-02  (f=2.11e-02 W=8.57e-03 I=1.59e-03 O=1.13e-05)
It: 7210, Loss: 5.031e-02  (f=2.97e-02 W=8.84e-03 I=1.45e-03 O=2.52e-05)
It: 7220, Loss: 4.513e-02  (f=2.52e-02 W=9.18e-03 I=8.03e-04 O=6.75e-06)
It: 7230, Loss: 4.303e-02  (f=2.25e-02 W=8.24e-03 I=2.01e-03 O=5.02e-06)
It: 7240, Loss: 4.216e-02  (f=2.21e-02 W=8.58e-03 I=1.44e-03 O=6.66e-06)
It: 7250, Loss: 4.113e-02  (f=2.13e-02 W=8.75e-03 I=1.15e-03 O=4.91e-06)
It: 7260, Loss: 4.276e-02  (f=2.26e-02 W=8.18e-03 I=1.89e-03 O=6.31e-06)
It: 7270, Loss: 4.063e-02  (f=2.12e-02 W=8.75e-03 I=9.65e-04 O=5.53e-06)
It: 7280, Loss: 3.935e-02  (f=1.99e-02 W=8.23e-03 I=1.51e-03 O=4.63e-06)
It: 7290, Loss: 4.355e-02  (f=2.40e-02 W=8.35e-03 I=1.40e-03 O=9.63e-06)
It: 7300, Loss: 4.526e-02  (f=2.43e-02 W=8.09e-03 I=2.37e-03 O=9.28e-06)
It: 7310, Loss: 4.207e-02  (f=2.23e-02 W=8.85e-03 I=1.05e-03 O=8.66e-06)
It: 7320, Loss: 3.964e-02  (f=2.04e-02 W=8.71e-03 I=8.92e-04 O=5.06e-06)
It: 7330, Loss: 3.985e-02  (f=2.07e-02 W=8.66e-03 I=8.96e-04 O=7.98e-06)
It: 7340, Loss: 4.234e-02  (f=2.31e-02 W=8.55e-03 I=1.06e-03 O=7.97e-06)
It: 7350, Loss: 4.011e-02  (f=2.07e-02 W=8.21e-03 I=1.50e-03 O=9.12e-06)
It: 7360, Loss: 3.914e-02  (f=2.01e-02 W=8.41e-03 I=1.11e-03 O=5.12e-06)
It: 7370, Loss: 3.923e-02  (f=2.00e-02 W=8.06e-03 I=1.55e-03 O=4.45e-06)
It: 7380, Loss: 5.987e-02  (f=3.57e-02 W=8.20e-03 I=3.87e-03 O=3.13e-05)
It: 7390, Loss: 4.270e-02  (f=2.24e-02 W=8.44e-03 I=1.71e-03 O=1.37e-05)
It: 7400, Loss: 4.092e-02  (f=2.14e-02 W=8.90e-03 I=8.65e-04 O=6.06e-06)
It: 7410, Loss: 4.064e-02  (f=2.08e-02 W=8.31e-03 I=1.59e-03 O=5.09e-06)
It: 7420, Loss: 3.972e-02  (f=2.01e-02 W=8.09e-03 I=1.72e-03 O=4.58e-06)
It: 7430, Loss: 4.649e-02  (f=2.65e-02 W=8.71e-03 I=1.27e-03 O=4.14e-06)
It: 7440, Loss: 4.710e-02  (f=2.76e-02 W=8.37e-03 I=1.37e-03 O=5.13e-06)
It: 7450, Loss: 4.475e-02  (f=2.42e-02 W=8.00e-03 I=2.28e-03 O=4.27e-06)
It: 7460, Loss: 4.149e-02  (f=2.18e-02 W=8.75e-03 I=1.11e-03 O=5.68e-06)
It: 7470, Loss: 4.092e-02  (f=2.14e-02 W=8.49e-03 I=1.24e-03 O=7.90e-06)
It: 7480, Loss: 4.000e-02  (f=2.06e-02 W=8.03e-03 I=1.68e-03 O=5.35e-06)
It: 7490, Loss: 3.879e-02  (f=1.98e-02 W=8.24e-03 I=1.25e-03 O=4.05e-06)
It: 7500, Loss: 4.048e-02  (f=2.14e-02 W=8.47e-03 I=1.05e-03 O=6.59e-06)
It: 7510, Loss: 4.047e-02  (f=2.15e-02 W=8.33e-03 I=1.18e-03 O=3.99e-06)
It: 7520, Loss: 5.030e-02  (f=3.08e-02 W=8.94e-03 I=7.97e-04 O=2.26e-05)
It: 7530, Loss: 4.413e-02  (f=2.40e-02 W=7.72e-03 I=2.36e-03 O=1.22e-05)
It: 7540, Loss: 4.173e-02  (f=2.26e-02 W=8.69e-03 I=8.54e-04 O=8.81e-06)
It: 7550, Loss: 4.101e-02  (f=2.16e-02 W=7.96e-03 I=1.73e-03 O=7.93e-06)
It: 7560, Loss: 4.212e-02  (f=2.33e-02 W=8.79e-03 I=6.37e-04 O=7.44e-06)
It: 7570, Loss: 3.884e-02  (f=2.00e-02 W=8.17e-03 I=1.24e-03 O=3.81e-06)
It: 7580, Loss: 3.898e-02  (f=2.03e-02 W=8.07e-03 I=1.27e-03 O=3.85e-06)
It: 7590, Loss: 3.971e-02  (f=2.07e-02 W=7.79e-03 I=1.73e-03 O=4.44e-06)
It: 7600, Loss: 5.227e-02  (f=2.98e-02 W=7.27e-03 I=3.95e-03 O=9.51e-06)
It: 7610, Loss: 4.068e-02  (f=2.08e-02 W=8.04e-03 I=1.90e-03 O=4.09e-06)
It: 7620, Loss: 3.966e-02  (f=2.06e-02 W=8.50e-03 I=1.00e-03 O=4.21e-06)
It: 7630, Loss: 4.273e-02  (f=2.36e-02 W=8.43e-03 I=1.15e-03 O=6.72e-06)
It: 7640, Loss: 4.076e-02  (f=2.17e-02 W=8.19e-03 I=1.35e-03 O=4.91e-06)
It: 7650, Loss: 3.982e-02  (f=2.09e-02 W=8.30e-03 I=1.18e-03 O=4.08e-06)
It: 7660, Loss: 4.005e-02  (f=2.11e-02 W=8.26e-03 I=1.21e-03 O=4.19e-06)
It: 7670, Loss: 4.365e-02  (f=2.42e-02 W=8.47e-03 I=1.23e-03 O=4.06e-06)
It: 7680, Loss: 4.411e-02  (f=2.40e-02 W=7.97e-03 I=2.09e-03 O=1.08e-05)
It: 7690, Loss: 4.129e-02  (f=2.16e-02 W=8.36e-03 I=1.47e-03 O=5.60e-06)
It: 7700, Loss: 3.974e-02  (f=2.04e-02 W=8.18e-03 I=1.46e-03 O=6.94e-06)
It: 7710, Loss: 4.023e-02  (f=2.13e-02 W=8.57e-03 I=8.89e-04 O=4.36e-06)
It: 7720, Loss: 3.878e-02  (f=2.00e-02 W=8.15e-03 I=1.22e-03 O=4.39e-06)
It: 7730, Loss: 3.936e-02  (f=2.05e-02 W=8.14e-03 I=1.27e-03 O=5.69e-06)
It: 7740, Loss: 4.643e-02  (f=2.69e-02 W=8.45e-03 I=1.31e-03 O=2.41e-05)
It: 7750, Loss: 3.954e-02  (f=2.06e-02 W=8.43e-03 I=1.02e-03 O=3.66e-06)
It: 7760, Loss: 4.031e-02  (f=2.10e-02 W=8.08e-03 I=1.56e-03 O=4.02e-06)
It: 7770, Loss: 4.106e-02  (f=2.18e-02 W=7.92e-03 I=1.70e-03 O=7.30e-06)
It: 7780, Loss: 4.488e-02  (f=2.58e-02 W=8.04e-03 I=1.50e-03 O=3.84e-06)
It: 7790, Loss: 3.960e-02  (f=2.08e-02 W=8.18e-03 I=1.24e-03 O=3.69e-06)
It: 7800, Loss: 4.182e-02  (f=2.27e-02 W=8.44e-03 I=1.09e-03 O=8.65e-06)
It: 7810, Loss: 4.030e-02  (f=2.10e-02 W=8.07e-03 I=1.57e-03 O=5.68e-06)
It: 7820, Loss: 3.921e-02  (f=2.04e-02 W=8.22e-03 I=1.17e-03 O=3.91e-06)
It: 7830, Loss: 3.957e-02  (f=2.05e-02 W=7.77e-03 I=1.73e-03 O=4.28e-06)
It: 7840, Loss: 3.889e-02  (f=2.05e-02 W=8.21e-03 I=9.62e-04 O=4.11e-06)
It: 7850, Loss: 3.881e-02  (f=2.02e-02 W=7.80e-03 I=1.50e-03 O=3.91e-06)
It: 7860, Loss: 4.111e-02  (f=2.21e-02 W=7.68e-03 I=1.83e-03 O=5.16e-06)
It: 7870, Loss: 3.995e-02  (f=2.13e-02 W=7.63e-03 I=1.69e-03 O=6.06e-06)
It: 7880, Loss: 4.339e-02  (f=2.38e-02 W=7.53e-03 I=2.27e-03 O=4.71e-06)
It: 7890, Loss: 4.682e-02  (f=2.78e-02 W=8.98e-03 I=5.36e-04 O=7.89e-06)
It: 7900, Loss: 4.048e-02  (f=2.13e-02 W=8.09e-03 I=1.48e-03 O=9.10e-06)
It: 7910, Loss: 3.924e-02  (f=2.06e-02 W=8.10e-03 I=1.20e-03 O=6.49e-06)
It: 7920, Loss: 3.878e-02  (f=2.04e-02 W=8.27e-03 I=8.95e-04 O=4.03e-06)
It: 7930, Loss: 4.565e-02  (f=2.65e-02 W=8.08e-03 I=1.46e-03 O=1.86e-05)
It: 7940, Loss: 4.196e-02  (f=2.31e-02 W=8.26e-03 I=1.17e-03 O=4.83e-06)
It: 7950, Loss: 4.199e-02  (f=2.30e-02 W=7.95e-03 I=1.52e-03 O=3.63e-06)
It: 7960, Loss: 4.215e-02  (f=2.31e-02 W=7.56e-03 I=1.98e-03 O=5.01e-06)
It: 7970, Loss: 4.028e-02  (f=2.14e-02 W=7.91e-03 I=1.53e-03 O=1.01e-05)
It: 7980, Loss: 4.448e-02  (f=2.51e-02 W=7.69e-03 I=2.00e-03 O=4.17e-06)
It: 7990, Loss: 4.225e-02  (f=2.30e-02 W=8.04e-03 I=1.57e-03 O=1.01e-05)
It: 8000, Loss: 4.050e-02  (f=2.19e-02 W=8.07e-03 I=1.21e-03 O=4.55e-06)
It: 8010, Loss: 4.260e-02  (f=2.42e-02 W=8.57e-03 I=5.97e-04 O=8.28e-06)
It: 8020, Loss: 4.688e-02  (f=2.74e-02 W=8.07e-03 I=1.65e-03 O=7.12e-06)
It: 8030, Loss: 4.078e-02  (f=2.22e-02 W=8.12e-03 I=1.18e-03 O=3.76e-06)
It: 8040, Loss: 3.948e-02  (f=2.06e-02 W=7.82e-03 I=1.61e-03 O=9.26e-06)
It: 8050, Loss: 3.886e-02  (f=2.07e-02 W=8.03e-03 I=1.04e-03 O=3.68e-06)
It: 8060, Loss: 4.075e-02  (f=2.27e-02 W=8.03e-03 I=9.87e-04 O=5.00e-06)
It: 8070, Loss: 4.386e-02  (f=2.50e-02 W=8.17e-03 I=1.23e-03 O=7.03e-06)
It: 8080, Loss: 4.184e-02  (f=2.32e-02 W=7.78e-03 I=1.51e-03 O=7.18e-06)
It: 8090, Loss: 4.004e-02  (f=2.16e-02 W=8.43e-03 I=8.09e-04 O=4.19e-06)
It: 8100, Loss: 4.368e-02  (f=2.38e-02 W=7.90e-03 I=2.02e-03 O=6.89e-06)
It: 8110, Loss: 3.910e-02  (f=2.09e-02 W=8.28e-03 I=8.17e-04 O=4.59e-06)
It: 8120, Loss: 3.859e-02  (f=2.02e-02 W=7.94e-03 I=1.23e-03 O=8.10e-06)
It: 8130, Loss: 4.161e-02  (f=2.27e-02 W=8.09e-03 I=1.37e-03 O=1.31e-05)
It: 8140, Loss: 3.896e-02  (f=2.05e-02 W=7.78e-03 I=1.43e-03 O=3.34e-06)
It: 8150, Loss: 3.932e-02  (f=2.08e-02 W=7.83e-03 I=1.41e-03 O=4.31e-06)
It: 8160, Loss: 4.446e-02  (f=2.61e-02 W=8.25e-03 I=9.21e-04 O=1.06e-05)
It: 8170, Loss: 4.153e-02  (f=2.23e-02 W=7.41e-03 I=2.19e-03 O=3.42e-06)
It: 8180, Loss: 3.921e-02  (f=2.13e-02 W=8.17e-03 I=7.91e-04 O=3.60e-06)
It: 8190, Loss: 4.192e-02  (f=2.39e-02 W=8.24e-03 I=7.83e-04 O=4.84e-06)
It: 8200, Loss: 4.850e-02  (f=2.88e-02 W=7.11e-03 I=2.73e-03 O=1.36e-05)
It: 8210, Loss: 3.850e-02  (f=2.04e-02 W=7.90e-03 I=1.15e-03 O=5.74e-06)
It: 8220, Loss: 3.928e-02  (f=2.14e-02 W=8.22e-03 I=7.14e-04 O=3.52e-06)
It: 8230, Loss: 3.924e-02  (f=2.08e-02 W=7.51e-03 I=1.69e-03 O=3.98e-06)
It: 8240, Loss: 4.534e-02  (f=2.68e-02 W=8.06e-03 I=1.20e-03 O=3.53e-06)
It: 8250, Loss: 4.358e-02  (f=2.46e-02 W=7.69e-03 I=1.79e-03 O=3.08e-06)
It: 8260, Loss: 3.944e-02  (f=2.10e-02 W=8.23e-03 I=9.93e-04 O=6.79e-06)
It: 8270, Loss: 4.371e-02  (f=2.53e-02 W=8.41e-03 I=7.96e-04 O=1.05e-05)
It: 8280, Loss: 3.952e-02  (f=2.12e-02 W=7.70e-03 I=1.45e-03 O=6.06e-06)
It: 8290, Loss: 3.814e-02  (f=2.02e-02 W=7.91e-03 I=1.04e-03 O=6.03e-06)
It: 8300, Loss: 3.997e-02  (f=2.22e-02 W=8.23e-03 I=6.28e-04 O=7.12e-06)
It: 8310, Loss: 4.330e-02  (f=2.50e-02 W=7.52e-03 I=1.61e-03 O=2.48e-05)
It: 8320, Loss: 3.807e-02  (f=2.02e-02 W=7.85e-03 I=1.07e-03 O=3.22e-06)
It: 8330, Loss: 3.934e-02  (f=2.17e-02 W=8.11e-03 I=7.24e-04 O=3.50e-06)
It: 8340, Loss: 4.230e-02  (f=2.35e-02 W=7.47e-03 I=1.93e-03 O=9.77e-06)
It: 8350, Loss: 4.496e-02  (f=2.64e-02 W=8.20e-03 I=1.07e-03 O=4.80e-06)
It: 8360, Loss: 3.954e-02  (f=2.09e-02 W=8.02e-03 I=1.31e-03 O=9.68e-06)
It: 8370, Loss: 3.901e-02  (f=2.03e-02 W=7.86e-03 I=1.49e-03 O=8.31e-06)
It: 8380, Loss: 4.072e-02  (f=2.24e-02 W=8.17e-03 I=9.54e-04 O=1.29e-05)
It: 8390, Loss: 3.827e-02  (f=2.03e-02 W=7.90e-03 I=1.08e-03 O=4.87e-06)
It: 8400, Loss: 3.976e-02  (f=2.19e-02 W=7.83e-03 I=1.07e-03 O=5.69e-06)
It: 8410, Loss: 4.549e-02  (f=2.52e-02 W=7.35e-03 I=2.81e-03 O=3.45e-06)
It: 8420, Loss: 3.883e-02  (f=2.06e-02 W=8.09e-03 I=1.02e-03 O=6.00e-06)
It: 8430, Loss: 3.941e-02  (f=2.12e-02 W=8.14e-03 I=9.64e-04 O=3.49e-06)
It: 8440, Loss: 3.914e-02  (f=2.11e-02 W=7.96e-03 I=1.04e-03 O=3.50e-06)
It: 8450, Loss: 4.556e-02  (f=2.71e-02 W=7.73e-03 I=1.47e-03 O=5.96e-06)
It: 8460, Loss: 3.933e-02  (f=2.12e-02 W=7.75e-03 I=1.31e-03 O=3.80e-06)
It: 8470, Loss: 4.023e-02  (f=2.18e-02 W=7.48e-03 I=1.72e-03 O=9.68e-06)
It: 8480, Loss: 3.912e-02  (f=2.14e-02 W=7.98e-03 I=8.79e-04 O=3.11e-06)
It: 8490, Loss: 3.934e-02  (f=2.13e-02 W=7.84e-03 I=1.16e-03 O=4.17e-06)
It: 8500, Loss: 3.887e-02  (f=2.11e-02 W=7.73e-03 I=1.13e-03 O=3.33e-06)
It: 8510, Loss: 3.826e-02  (f=2.04e-02 W=7.60e-03 I=1.33e-03 O=2.86e-06)
It: 8520, Loss: 3.915e-02  (f=2.15e-02 W=7.75e-03 I=1.05e-03 O=4.58e-06)
It: 8530, Loss: 4.381e-02  (f=2.56e-02 W=7.72e-03 I=1.35e-03 O=6.55e-06)
It: 8540, Loss: 3.994e-02  (f=2.13e-02 W=7.29e-03 I=2.01e-03 O=2.90e-06)
It: 8550, Loss: 4.000e-02  (f=2.20e-02 W=7.53e-03 I=1.49e-03 O=2.97e-06)
It: 8560, Loss: 3.923e-02  (f=2.14e-02 W=7.92e-03 I=9.84e-04 O=4.08e-06)
It: 8570, Loss: 3.883e-02  (f=2.11e-02 W=7.65e-03 I=1.21e-03 O=3.82e-06)
It: 8580, Loss: 4.184e-02  (f=2.44e-02 W=8.05e-03 I=6.88e-04 O=3.82e-06)
It: 8590, Loss: 3.956e-02  (f=2.18e-02 W=7.94e-03 I=9.43e-04 O=6.74e-06)
It: 8600, Loss: 4.045e-02  (f=2.28e-02 W=8.13e-03 I=6.76e-04 O=3.15e-06)
It: 8610, Loss: 3.881e-02  (f=2.12e-02 W=7.85e-03 I=9.51e-04 O=6.49e-06)
It: 8620, Loss: 4.051e-02  (f=2.31e-02 W=8.10e-03 I=5.94e-04 O=3.44e-06)
It: 8630, Loss: 4.229e-02  (f=2.46e-02 W=7.88e-03 I=9.38e-04 O=1.20e-05)
It: 8640, Loss: 4.080e-02  (f=2.29e-02 W=7.87e-03 I=1.07e-03 O=7.18e-06)
It: 8650, Loss: 4.001e-02  (f=2.26e-02 W=7.85e-03 I=8.54e-04 O=5.36e-06)
It: 8660, Loss: 4.569e-02  (f=2.69e-02 W=7.57e-03 I=1.82e-03 O=1.17e-05)
It: 8670, Loss: 4.000e-02  (f=2.20e-02 W=8.00e-03 I=9.98e-04 O=2.66e-06)
It: 8680, Loss: 3.899e-02  (f=2.12e-02 W=7.87e-03 I=1.01e-03 O=5.22e-06)
It: 8690, Loss: 4.073e-02  (f=2.22e-02 W=7.35e-03 I=1.93e-03 O=3.23e-06)
It: 8700, Loss: 3.928e-02  (f=2.20e-02 W=7.86e-03 I=7.89e-04 O=5.10e-06)
It: 8710, Loss: 4.087e-02  (f=2.34e-02 W=8.03e-03 I=6.74e-04 O=8.34e-06)
It: 8720, Loss: 4.415e-02  (f=2.53e-02 W=7.24e-03 I=2.20e-03 O=3.12e-06)
It: 8730, Loss: 3.968e-02  (f=2.20e-02 W=7.89e-03 I=9.32e-04 O=3.14e-06)
It: 8740, Loss: 3.989e-02  (f=2.17e-02 W=7.56e-03 I=1.55e-03 O=2.85e-06)
It: 8750, Loss: 3.938e-02  (f=2.19e-02 W=7.98e-03 I=7.47e-04 O=3.07e-06)
It: 8760, Loss: 4.110e-02  (f=2.34e-02 W=7.84e-03 I=9.83e-04 O=1.23e-05)
It: 8770, Loss: 3.780e-02  (f=2.05e-02 W=7.70e-03 I=9.53e-04 O=3.08e-06)
It: 8780, Loss: 3.853e-02  (f=2.11e-02 W=7.51e-03 I=1.17e-03 O=1.31e-05)
It: 8790, Loss: 3.801e-02  (f=2.05e-02 W=7.40e-03 I=1.34e-03 O=7.38e-06)
It: 8800, Loss: 3.989e-02  (f=2.18e-02 W=7.33e-03 I=1.73e-03 O=3.79e-06)
It: 8810, Loss: 3.968e-02  (f=2.26e-02 W=7.99e-03 I=5.68e-04 O=2.89e-06)
It: 8820, Loss: 3.852e-02  (f=2.11e-02 W=7.49e-03 I=1.21e-03 O=7.73e-06)
It: 8830, Loss: 4.435e-02  (f=2.71e-02 W=8.04e-03 I=6.00e-04 O=2.89e-06)
It: 8840, Loss: 4.894e-02  (f=2.94e-02 W=7.72e-03 I=2.04e-03 O=1.16e-05)
It: 8850, Loss: 4.006e-02  (f=2.15e-02 W=7.86e-03 I=1.42e-03 O=6.81e-06)
It: 8860, Loss: 3.784e-02  (f=1.99e-02 W=7.99e-03 I=9.87e-04 O=2.78e-06)
It: 8870, Loss: 3.826e-02  (f=2.03e-02 W=7.68e-03 I=1.30e-03 O=5.98e-06)
It: 8880, Loss: 3.887e-02  (f=2.14e-02 W=7.82e-03 I=9.30e-04 O=3.12e-06)
It: 8890, Loss: 3.774e-02  (f=2.05e-02 W=7.70e-03 I=8.99e-04 O=2.70e-06)
It: 8900, Loss: 3.843e-02  (f=2.13e-02 W=7.68e-03 I=8.61e-04 O=4.00e-06)
It: 8910, Loss: 4.832e-02  (f=2.96e-02 W=7.54e-03 I=1.78e-03 O=2.05e-05)
It: 8920, Loss: 4.501e-02  (f=2.72e-02 W=7.94e-03 I=9.84e-04 O=8.99e-06)
It: 8930, Loss: 3.974e-02  (f=2.12e-02 W=7.24e-03 I=2.03e-03 O=2.86e-06)
It: 8940, Loss: 3.904e-02  (f=2.07e-02 W=7.40e-03 I=1.75e-03 O=3.87e-06)
It: 8950, Loss: 3.770e-02  (f=2.03e-02 W=7.63e-03 I=1.08e-03 O=3.06e-06)
It: 8960, Loss: 4.071e-02  (f=2.35e-02 W=8.01e-03 I=5.97e-04 O=2.94e-06)
It: 8970, Loss: 3.896e-02  (f=2.18e-02 W=7.80e-03 I=7.98e-04 O=3.76e-06)
It: 8980, Loss: 3.812e-02  (f=2.09e-02 W=7.71e-03 I=9.08e-04 O=4.75e-06)
It: 8990, Loss: 4.017e-02  (f=2.25e-02 W=7.46e-03 I=1.38e-03 O=2.89e-06)
It: 9000, Loss: 3.930e-02  (f=2.22e-02 W=7.87e-03 I=6.85e-04 O=5.55e-06)
It: 9010, Loss: 3.785e-02  (f=2.05e-02 W=7.42e-03 I=1.24e-03 O=2.63e-06)
It: 9020, Loss: 3.798e-02  (f=2.10e-02 W=7.46e-03 I=1.02e-03 O=4.29e-06)
It: 9030, Loss: 4.234e-02  (f=2.54e-02 W=7.93e-03 I=5.44e-04 O=5.74e-06)
It: 9040, Loss: 3.966e-02  (f=2.18e-02 W=7.07e-03 I=1.88e-03 O=2.78e-06)
It: 9050, Loss: 3.823e-02  (f=2.09e-02 W=7.40e-03 I=1.25e-03 O=3.93e-06)
It: 9060, Loss: 3.919e-02  (f=2.17e-02 W=7.54e-03 I=1.19e-03 O=4.56e-06)
It: 9070, Loss: 3.761e-02  (f=2.03e-02 W=7.37e-03 I=1.29e-03 O=4.39e-06)
It: 9080, Loss: 3.946e-02  (f=2.21e-02 W=7.65e-03 I=1.00e-03 O=6.10e-06)
It: 9090, Loss: 4.708e-02  (f=2.88e-02 W=7.60e-03 I=1.50e-03 O=5.16e-05)
It: 9100, Loss: 4.248e-02  (f=2.52e-02 W=7.54e-03 I=1.10e-03 O=1.84e-05)
It: 9110, Loss: 3.972e-02  (f=2.22e-02 W=7.72e-03 I=1.01e-03 O=7.90e-06)
It: 9120, Loss: 3.956e-02  (f=2.21e-02 W=7.31e-03 I=1.40e-03 O=3.84e-06)
It: 9130, Loss: 3.988e-02  (f=2.20e-02 W=7.20e-03 I=1.72e-03 O=3.04e-06)
It: 9140, Loss: 3.829e-02  (f=2.13e-02 W=7.68e-03 I=8.02e-04 O=2.68e-06)
It: 9150, Loss: 3.843e-02  (f=2.11e-02 W=7.49e-03 I=1.20e-03 O=3.57e-06)
It: 9160, Loss: 4.481e-02  (f=2.72e-02 W=8.03e-03 I=7.43e-04 O=1.41e-05)
It: 9170, Loss: 3.885e-02  (f=2.15e-02 W=7.44e-03 I=1.21e-03 O=3.59e-06)
It: 9180, Loss: 3.854e-02  (f=2.12e-02 W=7.35e-03 I=1.32e-03 O=6.23e-06)
It: 9190, Loss: 3.773e-02  (f=2.06e-02 W=7.53e-03 I=1.05e-03 O=5.74e-06)
It: 9200, Loss: 4.160e-02  (f=2.43e-02 W=7.72e-03 I=9.52e-04 O=4.87e-06)
It: 9210, Loss: 3.799e-02  (f=2.08e-02 W=7.46e-03 I=1.12e-03 O=2.97e-06)
It: 9220, Loss: 4.087e-02  (f=2.26e-02 W=6.88e-03 I=2.24e-03 O=4.22e-06)
It: 9230, Loss: 3.836e-02  (f=2.14e-02 W=7.53e-03 I=9.44e-04 O=2.90e-06)
It: 9240, Loss: 4.441e-02  (f=2.68e-02 W=7.47e-03 I=1.33e-03 O=5.03e-06)
It: 9250, Loss: 3.950e-02  (f=2.21e-02 W=7.50e-03 I=1.17e-03 O=2.63e-06)
It: 9260, Loss: 3.781e-02  (f=2.08e-02 W=7.47e-03 I=1.02e-03 O=2.92e-06)
It: 9270, Loss: 4.240e-02  (f=2.48e-02 W=7.36e-03 I=1.46e-03 O=2.67e-06)
It: 9280, Loss: 3.791e-02  (f=2.11e-02 W=7.52e-03 I=8.95e-04 O=3.21e-06)
It: 9290, Loss: 3.885e-02  (f=2.13e-02 W=7.30e-03 I=1.49e-03 O=2.66e-06)
It: 9300, Loss: 4.107e-02  (f=2.33e-02 W=7.35e-03 I=1.52e-03 O=9.52e-06)
It: 9310, Loss: 4.200e-02  (f=2.50e-02 W=7.91e-03 I=5.91e-04 O=4.62e-06)
It: 9320, Loss: 3.877e-02  (f=2.11e-02 W=7.07e-03 I=1.74e-03 O=2.89e-06)
It: 9330, Loss: 4.014e-02  (f=2.29e-02 W=7.78e-03 I=8.13e-04 O=2.68e-06)
It: 9340, Loss: 3.905e-02  (f=2.14e-02 W=6.99e-03 I=1.80e-03 O=7.74e-06)
It: 9350, Loss: 3.901e-02  (f=2.18e-02 W=7.18e-03 I=1.39e-03 O=3.92e-06)
It: 9360, Loss: 4.713e-02  (f=3.01e-02 W=7.12e-03 I=1.39e-03 O=1.12e-05)
It: 9370, Loss: 4.156e-02  (f=2.46e-02 W=7.62e-03 I=8.38e-04 O=7.25e-06)
It: 9380, Loss: 4.055e-02  (f=2.32e-02 W=7.07e-03 I=1.61e-03 O=1.19e-05)
It: 9390, Loss: 3.787e-02  (f=2.10e-02 W=7.45e-03 I=9.56e-04 O=2.75e-06)
It: 9400, Loss: 3.778e-02  (f=2.10e-02 W=7.31e-03 I=1.08e-03 O=4.88e-06)
It: 9410, Loss: 3.745e-02  (f=2.08e-02 W=7.42e-03 I=8.90e-04 O=2.52e-06)
It: 9420, Loss: 3.786e-02  (f=2.10e-02 W=7.13e-03 I=1.30e-03 O=2.47e-06)
It: 9430, Loss: 4.151e-02  (f=2.49e-02 W=7.40e-03 I=8.89e-04 O=2.43e-05)
It: 9440, Loss: 3.817e-02  (f=2.12e-02 W=7.31e-03 I=1.17e-03 O=8.13e-06)
It: 9450, Loss: 3.827e-02  (f=2.16e-02 W=7.45e-03 I=8.81e-04 O=3.04e-06)
It: 9460, Loss: 4.038e-02  (f=2.37e-02 W=7.24e-03 I=1.08e-03 O=3.06e-06)
It: 9470, Loss: 4.166e-02  (f=2.38e-02 W=7.59e-03 I=1.32e-03 O=4.70e-06)
It: 9480, Loss: 3.958e-02  (f=2.18e-02 W=7.28e-03 I=1.59e-03 O=2.51e-06)
It: 9490, Loss: 3.751e-02  (f=2.06e-02 W=7.48e-03 I=9.71e-04 O=2.57e-06)
It: 9500, Loss: 3.896e-02  (f=2.17e-02 W=7.34e-03 I=1.27e-03 O=6.48e-06)
It: 9510, Loss: 3.805e-02  (f=2.11e-02 W=7.30e-03 I=1.16e-03 O=3.20e-06)
It: 9520, Loss: 4.329e-02  (f=2.49e-02 W=6.75e-03 I=2.42e-03 O=5.91e-06)
It: 9530, Loss: 4.103e-02  (f=2.44e-02 W=7.65e-03 I=6.68e-04 O=6.05e-06)
It: 9540, Loss: 3.866e-02  (f=2.18e-02 W=7.13e-03 I=1.27e-03 O=1.31e-05)
It: 9550, Loss: 3.837e-02  (f=2.14e-02 W=7.03e-03 I=1.43e-03 O=5.70e-06)
It: 9560, Loss: 3.863e-02  (f=2.17e-02 W=7.03e-03 I=1.41e-03 O=7.20e-06)
It: 9570, Loss: 3.757e-02  (f=2.10e-02 W=7.42e-03 I=8.40e-04 O=2.45e-06)
It: 9580, Loss: 4.504e-02  (f=2.67e-02 W=7.43e-03 I=1.72e-03 O=1.30e-05)
It: 9590, Loss: 4.106e-02  (f=2.44e-02 W=7.45e-03 I=8.67e-04 O=1.30e-05)
It: 9600, Loss: 3.887e-02  (f=2.15e-02 W=7.28e-03 I=1.41e-03 O=1.93e-05)
It: 9610, Loss: 3.776e-02  (f=2.11e-02 W=7.39e-03 I=9.27e-04 O=3.22e-06)
It: 9620, Loss: 4.430e-02  (f=2.75e-02 W=7.84e-03 I=5.35e-04 O=1.53e-05)
It: 9630, Loss: 4.053e-02  (f=2.25e-02 W=6.90e-03 I=2.11e-03 O=3.03e-06)
It: 9640, Loss: 4.070e-02  (f=2.40e-02 W=7.67e-03 I=6.86e-04 O=3.36e-06)
It: 9650, Loss: 3.755e-02  (f=2.08e-02 W=7.40e-03 I=9.60e-04 O=7.85e-06)
It: 9660, Loss: 3.739e-02  (f=2.07e-02 W=7.29e-03 I=1.07e-03 O=3.68e-06)
It: 9670, Loss: 4.105e-02  (f=2.46e-02 W=7.65e-03 I=5.89e-04 O=2.37e-06)
It: 9680, Loss: 4.148e-02  (f=2.46e-02 W=7.39e-03 I=1.05e-03 O=5.92e-06)
It: 9690, Loss: 3.865e-02  (f=2.17e-02 W=7.30e-03 I=1.17e-03 O=3.36e-06)
It: 9700, Loss: 3.887e-02  (f=2.22e-02 W=7.24e-03 I=1.08e-03 O=6.62e-06)
It: 9710, Loss: 3.798e-02  (f=2.10e-02 W=7.39e-03 I=1.07e-03 O=4.19e-06)
It: 9720, Loss: 3.746e-02  (f=2.09e-02 W=7.39e-03 I=9.06e-04 O=2.51e-06)
It: 9730, Loss: 4.413e-02  (f=2.64e-02 W=7.47e-03 I=1.38e-03 O=3.40e-06)
It: 9740, Loss: 3.857e-02  (f=2.14e-02 W=7.45e-03 I=1.11e-03 O=5.12e-06)
It: 9750, Loss: 3.887e-02  (f=2.21e-02 W=7.63e-03 I=7.51e-04 O=3.95e-06)
It: 9760, Loss: 3.797e-02  (f=2.14e-02 W=7.39e-03 I=8.89e-04 O=2.96e-06)
It: 9770, Loss: 3.913e-02  (f=2.28e-02 W=7.25e-03 I=9.08e-04 O=9.46e-06)
It: 9780, Loss: 3.938e-02  (f=2.27e-02 W=7.12e-03 I=1.20e-03 O=6.28e-06)
It: 9790, Loss: 3.899e-02  (f=2.26e-02 W=7.05e-03 I=1.16e-03 O=1.36e-05)
It: 9800, Loss: 3.913e-02  (f=2.28e-02 W=7.62e-03 I=5.35e-04 O=4.28e-06)
It: 9810, Loss: 4.204e-02  (f=2.49e-02 W=7.18e-03 I=1.35e-03 O=2.02e-05)
It: 9820, Loss: 4.048e-02  (f=2.33e-02 W=6.75e-03 I=1.82e-03 O=1.33e-05)
It: 9830, Loss: 4.530e-02  (f=2.87e-02 W=7.59e-03 I=6.91e-04 O=1.67e-05)
It: 9840, Loss: 3.852e-02  (f=2.13e-02 W=6.91e-03 I=1.73e-03 O=4.30e-06)
It: 9850, Loss: 3.791e-02  (f=2.14e-02 W=7.39e-03 I=8.48e-04 O=2.80e-06)
It: 9860, Loss: 3.868e-02  (f=2.19e-02 W=6.98e-03 I=1.38e-03 O=7.82e-06)
It: 9870, Loss: 4.095e-02  (f=2.42e-02 W=7.26e-03 I=1.10e-03 O=2.36e-05)
It: 9880, Loss: 4.196e-02  (f=2.40e-02 W=6.85e-03 I=2.10e-03 O=2.61e-06)
It: 9890, Loss: 3.710e-02  (f=2.07e-02 W=7.26e-03 I=9.48e-04 O=2.59e-06)
It: 9900, Loss: 4.218e-02  (f=2.54e-02 W=7.58e-03 I=8.16e-04 O=2.75e-06)
It: 9910, Loss: 3.898e-02  (f=2.21e-02 W=7.05e-03 I=1.40e-03 O=3.28e-06)
It: 9920, Loss: 3.939e-02  (f=2.22e-02 W=7.04e-03 I=1.55e-03 O=2.58e-06)
It: 9930, Loss: 3.903e-02  (f=2.25e-02 W=7.48e-03 I=7.70e-04 O=3.27e-06)
It: 9940, Loss: 3.809e-02  (f=2.14e-02 W=7.15e-03 I=1.19e-03 O=6.72e-06)
It: 9950, Loss: 3.716e-02  (f=2.07e-02 W=7.20e-03 I=1.04e-03 O=2.76e-06)
It: 9960, Loss: 4.205e-02  (f=2.56e-02 W=7.02e-03 I=1.17e-03 O=3.13e-05)
It: 9970, Loss: 3.838e-02  (f=2.20e-02 W=7.17e-03 I=1.03e-03 O=2.55e-06)
It: 9980, Loss: 3.738e-02  (f=2.09e-02 W=7.12e-03 I=1.13e-03 O=2.89e-06)
It: 9990, Loss: 3.819e-02  (f=2.15e-02 W=6.83e-03 I=1.49e-03 O=4.48e-06)
It: 10000, Loss: 3.840e-02  (f=2.23e-02 W=6.98e-03 I=1.06e-03 O=1.04e-05)
It: 10010, Loss: 4.056e-02  (f=2.43e-02 W=7.22e-03 I=8.88e-04 O=1.05e-05)
It: 10020, Loss: 3.916e-02  (f=2.27e-02 W=7.30e-03 I=9.28e-04 O=8.36e-06)
It: 10030, Loss: 3.883e-02  (f=2.25e-02 W=7.24e-03 I=8.90e-04 O=9.52e-06)
It: 10040, Loss: 3.894e-02  (f=2.22e-02 W=7.17e-03 I=1.20e-03 O=9.10e-06)
It: 10050, Loss: 3.855e-02  (f=2.22e-02 W=7.18e-03 I=9.91e-04 O=3.02e-06)
It: 10060, Loss: 4.008e-02  (f=2.31e-02 W=7.33e-03 I=1.18e-03 O=2.37e-06)
It: 10070, Loss: 4.278e-02  (f=2.57e-02 W=7.15e-03 I=1.36e-03 O=1.20e-05)
It: 10080, Loss: 3.795e-02  (f=2.17e-02 W=7.16e-03 I=9.64e-04 O=8.15e-06)
It: 10090, Loss: 3.965e-02  (f=2.27e-02 W=6.91e-03 I=1.58e-03 O=2.41e-06)
It: 10100, Loss: 3.907e-02  (f=2.24e-02 W=6.89e-03 I=1.42e-03 O=2.41e-06)
It: 10110, Loss: 3.699e-02  (f=2.06e-02 W=7.02e-03 I=1.15e-03 O=3.27e-06)
It: 10120, Loss: 4.101e-02  (f=2.42e-02 W=7.11e-03 I=1.30e-03 O=1.20e-05)
It: 10130, Loss: 3.809e-02  (f=2.20e-02 W=7.23e-03 I=8.28e-04 O=3.49e-06)
It: 10140, Loss: 3.857e-02  (f=2.25e-02 W=7.35e-03 I=6.82e-04 O=4.18e-06)
It: 10150, Loss: 4.071e-02  (f=2.35e-02 W=6.94e-03 I=1.64e-03 O=3.47e-06)
It: 10160, Loss: 3.858e-02  (f=2.20e-02 W=6.92e-03 I=1.36e-03 O=6.27e-06)
It: 10170, Loss: 4.141e-02  (f=2.37e-02 W=6.67e-03 I=2.16e-03 O=3.24e-06)
It: 10180, Loss: 3.687e-02  (f=2.07e-02 W=7.09e-03 I=9.61e-04 O=6.24e-06)
It: 10190, Loss: 4.113e-02  (f=2.44e-02 W=7.06e-03 I=1.27e-03 O=1.22e-05)
It: 10200, Loss: 3.934e-02  (f=2.24e-02 W=7.07e-03 I=1.41e-03 O=2.64e-06)
It: 10210, Loss: 3.836e-02  (f=2.20e-02 W=7.19e-03 I=9.94e-04 O=5.27e-06)
It: 10220, Loss: 3.730e-02  (f=2.11e-02 W=6.99e-03 I=1.10e-03 O=3.35e-06)
It: 10230, Loss: 4.277e-02  (f=2.63e-02 W=6.80e-03 I=1.42e-03 O=1.78e-05)
It: 10240, Loss: 3.732e-02  (f=2.06e-02 W=6.86e-03 I=1.51e-03 O=3.89e-06)
It: 10250, Loss: 3.720e-02  (f=2.11e-02 W=7.22e-03 I=8.35e-04 O=2.64e-06)
It: 10260, Loss: 3.774e-02  (f=2.14e-02 W=6.90e-03 I=1.25e-03 O=3.00e-06)
It: 10270, Loss: 3.932e-02  (f=2.23e-02 W=6.82e-03 I=1.66e-03 O=2.33e-06)
It: 10280, Loss: 3.841e-02  (f=2.18e-02 W=6.89e-03 I=1.42e-03 O=6.63e-06)
It: 10290, Loss: 3.846e-02  (f=2.25e-02 W=7.28e-03 I=6.95e-04 O=8.05e-06)
It: 10300, Loss: 3.665e-02  (f=2.07e-02 W=7.02e-03 I=9.74e-04 O=3.35e-06)
It: 10310, Loss: 3.709e-02  (f=2.08e-02 W=6.86e-03 I=1.28e-03 O=2.69e-06)
It: 10320, Loss: 4.560e-02  (f=2.79e-02 W=6.67e-03 I=2.20e-03 O=2.32e-06)
It: 10330, Loss: 4.231e-02  (f=2.60e-02 W=7.41e-03 I=7.18e-04 O=1.85e-05)
It: 10340, Loss: 3.953e-02  (f=2.27e-02 W=7.08e-03 I=1.35e-03 O=8.38e-06)
It: 10350, Loss: 4.026e-02  (f=2.25e-02 W=6.80e-03 I=2.06e-03 O=4.56e-06)
It: 10360, Loss: 3.848e-02  (f=2.23e-02 W=7.28e-03 I=8.11e-04 O=2.44e-06)
It: 10370, Loss: 4.045e-02  (f=2.35e-02 W=7.01e-03 I=1.42e-03 O=2.12e-05)
It: 10380, Loss: 3.827e-02  (f=2.22e-02 W=7.34e-03 I=6.90e-04 O=7.85e-06)
It: 10390, Loss: 3.847e-02  (f=2.22e-02 W=6.91e-03 I=1.20e-03 O=2.50e-06)
It: 10400, Loss: 3.737e-02  (f=2.12e-02 W=7.03e-03 I=1.04e-03 O=2.48e-06)
It: 10410, Loss: 3.641e-02  (f=2.04e-02 W=6.99e-03 I=1.01e-03 O=2.44e-06)
It: 10420, Loss: 4.322e-02  (f=2.70e-02 W=7.41e-03 I=6.73e-04 O=1.38e-05)
It: 10430, Loss: 4.282e-02  (f=2.51e-02 W=6.59e-03 I=2.29e-03 O=3.12e-06)
It: 10440, Loss: 3.730e-02  (f=2.15e-02 W=7.24e-03 I=6.70e-04 O=3.79e-06)
It: 10450, Loss: 3.939e-02  (f=2.33e-02 W=7.00e-03 I=1.04e-03 O=1.11e-05)
It: 10460, Loss: 3.717e-02  (f=2.11e-02 W=7.08e-03 I=9.56e-04 O=7.32e-06)
It: 10470, Loss: 3.814e-02  (f=2.23e-02 W=7.17e-03 I=7.26e-04 O=2.71e-06)
It: 10480, Loss: 3.906e-02  (f=2.26e-02 W=6.85e-03 I=1.39e-03 O=4.22e-06)
It: 10490, Loss: 3.821e-02  (f=2.23e-02 W=7.02e-03 I=9.27e-04 O=4.42e-06)
It: 10500, Loss: 3.942e-02  (f=2.31e-02 W=6.93e-03 I=1.23e-03 O=8.99e-06)
It: 10510, Loss: 3.900e-02  (f=2.33e-02 W=7.08e-03 I=7.73e-04 O=4.47e-06)
It: 10520, Loss: 3.684e-02  (f=2.09e-02 W=6.81e-03 I=1.15e-03 O=2.63e-06)
It: 10530, Loss: 3.795e-02  (f=2.21e-02 W=7.06e-03 I=8.41e-04 O=2.81e-06)
It: 10540, Loss: 3.786e-02  (f=2.19e-02 W=7.00e-03 I=9.53e-04 O=2.37e-06)
It: 10550, Loss: 3.725e-02  (f=2.13e-02 W=7.02e-03 I=9.39e-04 O=2.99e-06)
It: 10560, Loss: 3.830e-02  (f=2.23e-02 W=6.89e-03 I=1.12e-03 O=3.89e-06)
It: 10570, Loss: 3.884e-02  (f=2.22e-02 W=6.98e-03 I=1.33e-03 O=2.38e-06)
It: 10580, Loss: 4.247e-02  (f=2.53e-02 W=7.15e-03 I=1.42e-03 O=1.45e-05)
It: 10590, Loss: 3.719e-02  (f=2.10e-02 W=7.05e-03 I=1.03e-03 O=2.46e-06)
It: 10600, Loss: 3.760e-02  (f=2.14e-02 W=6.86e-03 I=1.23e-03 O=4.75e-06)
It: 10610, Loss: 4.247e-02  (f=2.57e-02 W=6.73e-03 I=1.63e-03 O=4.25e-06)
It: 10620, Loss: 3.902e-02  (f=2.31e-02 W=7.19e-03 I=7.78e-04 O=2.67e-06)
It: 10630, Loss: 3.903e-02  (f=2.27e-02 W=6.88e-03 I=1.29e-03 O=3.63e-06)
It: 10640, Loss: 3.699e-02  (f=2.11e-02 W=7.08e-03 I=8.57e-04 O=2.46e-06)
It: 10650, Loss: 3.995e-02  (f=2.43e-02 W=7.11e-03 I=6.90e-04 O=7.70e-06)
It: 10660, Loss: 4.325e-02  (f=2.75e-02 W=7.23e-03 I=6.45e-04 O=7.75e-06)
It: 10670, Loss: 3.915e-02  (f=2.27e-02 W=6.77e-03 I=1.48e-03 O=2.45e-06)
It: 10680, Loss: 3.931e-02  (f=2.30e-02 W=6.93e-03 I=1.21e-03 O=3.19e-06)
It: 10690, Loss: 3.760e-02  (f=2.15e-02 W=7.09e-03 I=9.31e-04 O=1.24e-05)
It: 10700, Loss: 3.754e-02  (f=2.09e-02 W=6.69e-03 I=1.61e-03 O=3.92e-06)
It: 10710, Loss: 3.825e-02  (f=2.26e-02 W=7.11e-03 I=7.11e-04 O=3.99e-06)
It: 10720, Loss: 3.692e-02  (f=2.07e-02 W=6.73e-03 I=1.37e-03 O=3.93e-06)
It: 10730, Loss: 3.854e-02  (f=2.25e-02 W=6.63e-03 I=1.39e-03 O=1.54e-05)
It: 10740, Loss: 3.825e-02  (f=2.25e-02 W=6.90e-03 I=9.76e-04 O=9.94e-06)
It: 10750, Loss: 4.120e-02  (f=2.54e-02 W=7.22e-03 I=6.52e-04 O=2.20e-05)
It: 10760, Loss: 3.773e-02  (f=2.19e-02 W=6.83e-03 I=1.07e-03 O=3.23e-06)
It: 10770, Loss: 3.655e-02  (f=2.09e-02 W=6.91e-03 I=9.35e-04 O=2.92e-06)
It: 10780, Loss: 3.789e-02  (f=2.23e-02 W=7.03e-03 I=7.27e-04 O=1.24e-05)
It: 10790, Loss: 3.908e-02  (f=2.32e-02 W=6.71e-03 I=1.21e-03 O=5.49e-06)
It: 10800, Loss: 3.977e-02  (f=2.41e-02 W=6.82e-03 I=1.01e-03 O=1.06e-05)
It: 10810, Loss: 3.892e-02  (f=2.32e-02 W=7.04e-03 I=8.15e-04 O=2.54e-06)
It: 10820, Loss: 3.892e-02  (f=2.30e-02 W=6.85e-03 I=1.11e-03 O=2.32e-06)
It: 10830, Loss: 3.724e-02  (f=2.10e-02 W=6.66e-03 I=1.46e-03 O=2.71e-06)
It: 10840, Loss: 4.101e-02  (f=2.51e-02 W=7.21e-03 I=7.28e-04 O=1.47e-05)
It: 10850, Loss: 3.871e-02  (f=2.23e-02 W=6.84e-03 I=1.35e-03 O=9.53e-06)
It: 10860, Loss: 3.657e-02  (f=2.08e-02 W=7.05e-03 I=8.45e-04 O=2.47e-06)
It: 10870, Loss: 3.911e-02  (f=2.30e-02 W=6.87e-03 I=1.18e-03 O=6.38e-06)
It: 10880, Loss: 3.641e-02  (f=2.05e-02 W=6.76e-03 I=1.19e-03 O=2.35e-06)
It: 10890, Loss: 3.860e-02  (f=2.22e-02 W=6.87e-03 I=1.33e-03 O=5.72e-06)
It: 10900, Loss: 3.848e-02  (f=2.23e-02 W=6.86e-03 I=1.23e-03 O=2.33e-06)
It: 10910, Loss: 4.425e-02  (f=2.80e-02 W=6.99e-03 I=1.12e-03 O=2.76e-05)
It: 10920, Loss: 4.029e-02  (f=2.34e-02 W=6.75e-03 I=1.70e-03 O=6.06e-06)
It: 10930, Loss: 3.855e-02  (f=2.22e-02 W=7.05e-03 I=1.11e-03 O=1.11e-05)
It: 10940, Loss: 3.732e-02  (f=2.14e-02 W=7.01e-03 I=9.21e-04 O=5.58e-06)
It: 10950, Loss: 3.667e-02  (f=2.07e-02 W=6.85e-03 I=1.15e-03 O=2.28e-06)
It: 10960, Loss: 3.958e-02  (f=2.38e-02 W=6.89e-03 I=1.01e-03 O=4.31e-06)
It: 10970, Loss: 3.677e-02  (f=2.08e-02 W=6.81e-03 I=1.16e-03 O=2.20e-06)
It: 10980, Loss: 3.861e-02  (f=2.31e-02 W=6.93e-03 I=8.02e-04 O=6.68e-06)
It: 10990, Loss: 3.761e-02  (f=2.14e-02 W=6.53e-03 I=1.58e-03 O=5.60e-06)
It: 11000, Loss: 4.045e-02  (f=2.49e-02 W=7.09e-03 I=6.70e-04 O=5.65e-06)
It: 11010, Loss: 3.620e-02  (f=2.05e-02 W=6.73e-03 I=1.12e-03 O=3.94e-06)
It: 11020, Loss: 3.746e-02  (f=2.16e-02 W=6.77e-03 I=1.15e-03 O=5.23e-06)
It: 11030, Loss: 3.836e-02  (f=2.29e-02 W=6.74e-03 I=9.95e-04 O=4.04e-06)
It: 11040, Loss: 3.811e-02  (f=2.23e-02 W=6.63e-03 I=1.25e-03 O=1.13e-05)
It: 11050, Loss: 3.898e-02  (f=2.29e-02 W=6.83e-03 I=1.19e-03 O=1.09e-05)
It: 11060, Loss: 4.252e-02  (f=2.69e-02 W=7.27e-03 I=5.09e-04 O=2.06e-05)
It: 11070, Loss: 3.707e-02  (f=2.09e-02 W=6.68e-03 I=1.42e-03 O=4.32e-06)
It: 11080, Loss: 3.775e-02  (f=2.18e-02 W=6.91e-03 I=1.04e-03 O=7.15e-06)
It: 11090, Loss: 3.904e-02  (f=2.23e-02 W=6.54e-03 I=1.80e-03 O=8.53e-06)
It: 11100, Loss: 3.755e-02  (f=2.17e-02 W=6.81e-03 I=1.13e-03 O=2.61e-06)
It: 11110, Loss: 3.757e-02  (f=2.21e-02 W=7.06e-03 I=6.62e-04 O=2.94e-06)
It: 11120, Loss: 3.709e-02  (f=2.15e-02 W=6.71e-03 I=1.07e-03 O=2.60e-06)
It: 11130, Loss: 4.034e-02  (f=2.48e-02 W=6.98e-03 I=7.71e-04 O=7.58e-06)
It: 11140, Loss: 4.435e-02  (f=2.72e-02 W=6.42e-03 I=2.15e-03 O=2.30e-06)
It: 11150, Loss: 4.201e-02  (f=2.65e-02 W=7.14e-03 I=6.29e-04 O=3.79e-06)
It: 11160, Loss: 3.878e-02  (f=2.25e-02 W=6.69e-03 I=1.46e-03 O=3.31e-06)
It: 11170, Loss: 3.842e-02  (f=2.24e-02 W=6.72e-03 I=1.27e-03 O=9.69e-06)
It: 11180, Loss: 3.899e-02  (f=2.28e-02 W=6.49e-03 I=1.61e-03 O=5.06e-06)
It: 11190, Loss: 3.843e-02  (f=2.27e-02 W=6.63e-03 I=1.21e-03 O=7.55e-06)
It: 11200, Loss: 3.750e-02  (f=2.16e-02 W=6.76e-03 I=1.19e-03 O=4.39e-06)
It: 11210, Loss: 3.674e-02  (f=2.13e-02 W=6.71e-03 I=1.01e-03 O=3.38e-06)
It: 11220, Loss: 3.781e-02  (f=2.19e-02 W=6.68e-03 I=1.27e-03 O=7.65e-06)
It: 11230, Loss: 3.934e-02  (f=2.27e-02 W=6.45e-03 I=1.85e-03 O=2.21e-06)
It: 11240, Loss: 3.774e-02  (f=2.24e-02 W=6.97e-03 I=7.03e-04 O=3.66e-06)
It: 11250, Loss: 3.728e-02  (f=2.16e-02 W=6.58e-03 I=1.25e-03 O=2.20e-06)
It: 11260, Loss: 3.803e-02  (f=2.28e-02 W=6.78e-03 I=8.56e-04 O=2.70e-06)
It: 11270, Loss: 3.748e-02  (f=2.20e-02 W=6.75e-03 I=9.81e-04 O=4.71e-06)
It: 11280, Loss: 4.801e-02  (f=3.22e-02 W=6.94e-03 I=9.49e-04 O=3.50e-05)
It: 11290, Loss: 4.244e-02  (f=2.67e-02 W=6.51e-03 I=1.34e-03 O=1.56e-05)
It: 11300, Loss: 3.841e-02  (f=2.29e-02 W=7.08e-03 I=6.82e-04 O=1.21e-05)
It: 11310, Loss: 3.744e-02  (f=2.20e-02 W=6.66e-03 I=1.07e-03 O=6.38e-06)
It: 11320, Loss: 3.642e-02  (f=2.09e-02 W=6.72e-03 I=1.06e-03 O=4.56e-06)
It: 11330, Loss: 3.801e-02  (f=2.28e-02 W=6.66e-03 I=9.43e-04 O=5.69e-06)
It: 11340, Loss: 3.700e-02  (f=2.18e-02 W=6.71e-03 I=8.71e-04 O=3.01e-06)
It: 11350, Loss: 4.289e-02  (f=2.61e-02 W=6.88e-03 I=1.50e-03 O=2.26e-06)
It: 11360, Loss: 3.751e-02  (f=2.14e-02 W=6.66e-03 I=1.40e-03 O=5.13e-06)
It: 11370, Loss: 3.649e-02  (f=2.09e-02 W=6.97e-03 I=8.16e-04 O=8.15e-06)
It: 11380, Loss: 3.654e-02  (f=2.12e-02 W=6.91e-03 I=7.57e-04 O=2.24e-06)
It: 11390, Loss: 3.698e-02  (f=2.14e-02 W=6.59e-03 I=1.19e-03 O=3.45e-06)
It: 11400, Loss: 4.245e-02  (f=2.52e-02 W=6.37e-03 I=2.25e-03 O=5.05e-06)
It: 11410, Loss: 3.820e-02  (f=2.24e-02 W=6.79e-03 I=1.09e-03 O=6.84e-06)
It: 11420, Loss: 3.638e-02  (f=2.06e-02 W=6.73e-03 I=1.17e-03 O=2.05e-06)
It: 11430, Loss: 3.759e-02  (f=2.17e-02 W=6.75e-03 I=1.20e-03 O=7.50e-06)
It: 11440, Loss: 3.930e-02  (f=2.39e-02 W=7.00e-03 I=6.58e-04 O=1.90e-05)
It: 11450, Loss: 3.652e-02  (f=2.14e-02 W=6.78e-03 I=7.81e-04 O=3.30e-06)
It: 11460, Loss: 3.584e-02  (f=2.07e-02 W=6.73e-03 I=8.32e-04 O=4.18e-06)
It: 11470, Loss: 3.633e-02  (f=2.09e-02 W=6.52e-03 I=1.18e-03 O=4.00e-06)
It: 11480, Loss: 3.644e-02  (f=2.11e-02 W=6.56e-03 I=1.10e-03 O=2.83e-06)
It: 11490, Loss: 3.842e-02  (f=2.36e-02 W=6.75e-03 I=6.52e-04 O=1.24e-05)
It: 11500, Loss: 3.702e-02  (f=2.17e-02 W=6.68e-03 I=9.89e-04 O=2.22e-06)
It: 11510, Loss: 4.247e-02  (f=2.69e-02 W=6.97e-03 I=7.87e-04 O=3.13e-06)
It: 11520, Loss: 3.777e-02  (f=2.18e-02 W=6.51e-03 I=1.48e-03 O=3.48e-06)
It: 11530, Loss: 3.643e-02  (f=2.11e-02 W=6.96e-03 I=7.17e-04 O=3.02e-06)
It: 11540, Loss: 3.641e-02  (f=2.08e-02 W=6.65e-03 I=1.15e-03 O=2.22e-06)
It: 11550, Loss: 3.746e-02  (f=2.22e-02 W=6.68e-03 I=9.51e-04 O=4.40e-06)
It: 11560, Loss: 3.640e-02  (f=2.08e-02 W=6.52e-03 I=1.28e-03 O=4.63e-06)
It: 11570, Loss: 3.586e-02  (f=2.06e-02 W=6.57e-03 I=1.03e-03 O=1.82e-06)
It: 11580, Loss: 3.792e-02  (f=2.23e-02 W=6.47e-03 I=1.32e-03 O=1.06e-05)
It: 11590, Loss: 4.493e-02  (f=2.91e-02 W=6.61e-03 I=1.31e-03 O=5.20e-06)
It: 11600, Loss: 3.796e-02  (f=2.20e-02 W=6.79e-03 I=1.19e-03 O=5.66e-06)
It: 11610, Loss: 3.687e-02  (f=2.12e-02 W=6.85e-03 I=9.62e-04 O=2.70e-06)
It: 11620, Loss: 3.715e-02  (f=2.18e-02 W=6.94e-03 I=7.25e-04 O=3.21e-06)
It: 11630, Loss: 3.957e-02  (f=2.42e-02 W=6.87e-03 I=8.10e-04 O=1.95e-05)
It: 11640, Loss: 3.674e-02  (f=2.18e-02 W=6.78e-03 I=7.07e-04 O=2.15e-06)
It: 11650, Loss: 3.749e-02  (f=2.16e-02 W=6.46e-03 I=1.47e-03 O=1.98e-06)
It: 11660, Loss: 4.059e-02  (f=2.48e-02 W=6.63e-03 I=1.26e-03 O=5.25e-06)
It: 11670, Loss: 3.751e-02  (f=2.20e-02 W=6.61e-03 I=1.12e-03 O=1.89e-06)
It: 11680, Loss: 3.694e-02  (f=2.12e-02 W=6.56e-03 I=1.30e-03 O=2.31e-06)
It: 11690, Loss: 3.704e-02  (f=2.20e-02 W=6.75e-03 I=7.49e-04 O=3.40e-06)
It: 11700, Loss: 3.637e-02  (f=2.15e-02 W=6.66e-03 I=7.84e-04 O=2.43e-06)
It: 11710, Loss: 3.732e-02  (f=2.21e-02 W=6.64e-03 I=9.69e-04 O=3.86e-06)
It: 11720, Loss: 3.776e-02  (f=2.26e-02 W=6.67e-03 I=9.16e-04 O=1.30e-05)
It: 11730, Loss: 4.639e-02  (f=3.12e-02 W=7.24e-03 I=3.66e-04 O=2.42e-06)
It: 11740, Loss: 4.252e-02  (f=2.61e-02 W=6.23e-03 I=1.96e-03 O=2.58e-05)
It: 11750, Loss: 3.666e-02  (f=2.10e-02 W=6.61e-03 I=1.19e-03 O=1.98e-06)
It: 11760, Loss: 3.702e-02  (f=2.13e-02 W=6.70e-03 I=1.16e-03 O=2.70e-06)
It: 11770, Loss: 3.907e-02  (f=2.33e-02 W=6.67e-03 I=1.22e-03 O=1.41e-05)
It: 11780, Loss: 3.950e-02  (f=2.44e-02 W=6.97e-03 I=5.93e-04 O=9.19e-06)
It: 11790, Loss: 3.657e-02  (f=2.13e-02 W=6.46e-03 I=1.17e-03 O=2.19e-06)
It: 11800, Loss: 3.715e-02  (f=2.18e-02 W=6.52e-03 I=1.14e-03 O=8.23e-06)
It: 11810, Loss: 3.598e-02  (f=2.09e-02 W=6.49e-03 I=1.05e-03 O=7.57e-06)
It: 11820, Loss: 3.963e-02  (f=2.41e-02 W=6.47e-03 I=1.29e-03 O=1.45e-05)
It: 11830, Loss: 3.927e-02  (f=2.38e-02 W=6.61e-03 I=1.11e-03 O=2.14e-05)
It: 11840, Loss: 3.812e-02  (f=2.22e-02 W=6.60e-03 I=1.36e-03 O=3.78e-06)
It: 11850, Loss: 3.747e-02  (f=2.19e-02 W=6.56e-03 I=1.24e-03 O=2.12e-06)
It: 11860, Loss: 3.607e-02  (f=2.07e-02 W=6.52e-03 I=1.18e-03 O=2.92e-06)
It: 11870, Loss: 3.648e-02  (f=2.16e-02 W=6.62e-03 I=8.23e-04 O=1.86e-06)
It: 11880, Loss: 3.898e-02  (f=2.41e-02 W=6.88e-03 I=5.31e-04 O=1.20e-05)
It: 11890, Loss: 3.624e-02  (f=2.12e-02 W=6.55e-03 I=9.56e-04 O=2.47e-06)
It: 11900, Loss: 3.581e-02  (f=2.07e-02 W=6.52e-03 I=1.05e-03 O=5.70e-06)
It: 11910, Loss: 3.679e-02  (f=2.19e-02 W=6.79e-03 I=6.31e-04 O=2.13e-06)
It: 11920, Loss: 4.181e-02  (f=2.66e-02 W=6.79e-03 I=7.91e-04 O=5.47e-06)
It: 11930, Loss: 3.752e-02  (f=2.23e-02 W=6.63e-03 I=9.60e-04 O=2.15e-06)
It: 11940, Loss: 4.290e-02  (f=2.75e-02 W=6.75e-03 I=9.49e-04 O=1.90e-05)
It: 11950, Loss: 3.960e-02  (f=2.38e-02 W=6.73e-03 I=1.14e-03 O=2.93e-05)
It: 11960, Loss: 3.928e-02  (f=2.37e-02 W=6.41e-03 I=1.33e-03 O=2.93e-05)
It: 11970, Loss: 3.694e-02  (f=2.19e-02 W=6.75e-03 I=7.70e-04 O=1.55e-05)
It: 11980, Loss: 3.607e-02  (f=2.10e-02 W=6.68e-03 I=8.40e-04 O=2.00e-06)
It: 11990, Loss: 3.582e-02  (f=2.11e-02 W=6.57e-03 I=8.15e-04 O=2.50e-06)
It: 12000, Loss: 3.773e-02  (f=2.30e-02 W=6.73e-03 I=6.21e-04 O=4.37e-06)
It: 12010, Loss: 3.889e-02  (f=2.37e-02 W=6.47e-03 I=1.12e-03 O=3.36e-06)
It: 12020, Loss: 3.870e-02  (f=2.30e-02 W=6.54e-03 I=1.30e-03 O=2.67e-06)
It: 12030, Loss: 3.740e-02  (f=2.20e-02 W=6.78e-03 I=9.25e-04 O=5.14e-06)
It: 12040, Loss: 3.732e-02  (f=2.23e-02 W=6.62e-03 I=9.04e-04 O=7.55e-06)
It: 12050, Loss: 3.690e-02  (f=2.19e-02 W=6.80e-03 I=6.70e-04 O=1.08e-05)
It: 12060, Loss: 3.622e-02  (f=2.09e-02 W=6.42e-03 I=1.22e-03 O=1.53e-06)
It: 12070, Loss: 3.638e-02  (f=2.14e-02 W=6.50e-03 I=9.93e-04 O=6.43e-06)
It: 12080, Loss: 3.647e-02  (f=2.13e-02 W=6.47e-03 I=1.09e-03 O=1.92e-06)
It: 12090, Loss: 3.688e-02  (f=2.23e-02 W=6.61e-03 I=6.79e-04 O=1.74e-06)
It: 12100, Loss: 3.865e-02  (f=2.39e-02 W=6.75e-03 I=6.24e-04 O=2.65e-06)
It: 12110, Loss: 3.803e-02  (f=2.29e-02 W=6.59e-03 I=9.61e-04 O=1.01e-05)
It: 12120, Loss: 3.874e-02  (f=2.29e-02 W=6.29e-03 I=1.63e-03 O=2.21e-05)
It: 12130, Loss: 3.707e-02  (f=2.16e-02 W=6.64e-03 I=1.08e-03 O=4.05e-06)
It: 12140, Loss: 3.702e-02  (f=2.20e-02 W=6.65e-03 I=8.69e-04 O=2.36e-06)
It: 12150, Loss: 3.677e-02  (f=2.16e-02 W=6.47e-03 I=1.11e-03 O=3.07e-06)
It: 12160, Loss: 3.768e-02  (f=2.29e-02 W=6.58e-03 I=7.99e-04 O=1.38e-05)
It: 12170, Loss: 3.814e-02  (f=2.30e-02 W=6.33e-03 I=1.22e-03 O=3.22e-06)
It: 12180, Loss: 3.620e-02  (f=2.12e-02 W=6.49e-03 I=1.01e-03 O=2.01e-06)
It: 12190, Loss: 3.995e-02  (f=2.43e-02 W=6.34e-03 I=1.48e-03 O=1.43e-06)
It: 12200, Loss: 4.154e-02  (f=2.52e-02 W=6.05e-03 I=2.09e-03 O=3.30e-05)
It: 12210, Loss: 3.697e-02  (f=2.19e-02 W=6.54e-03 I=9.60e-04 O=1.49e-05)
It: 12220, Loss: 3.600e-02  (f=2.11e-02 W=6.61e-03 I=8.26e-04 O=5.89e-06)
It: 12230, Loss: 3.725e-02  (f=2.16e-02 W=6.34e-03 I=1.47e-03 O=1.51e-06)
It: 12240, Loss: 3.745e-02  (f=2.22e-02 W=6.47e-03 I=1.17e-03 O=2.66e-06)
It: 12250, Loss: 3.609e-02  (f=2.12e-02 W=6.35e-03 I=1.12e-03 O=1.64e-06)
It: 12260, Loss: 3.701e-02  (f=2.19e-02 W=6.30e-03 I=1.24e-03 O=2.38e-06)
It: 12270, Loss: 3.905e-02  (f=2.40e-02 W=6.33e-03 I=1.20e-03 O=1.05e-05)
It: 12280, Loss: 3.698e-02  (f=2.22e-02 W=6.53e-03 I=8.49e-04 O=1.02e-05)
It: 12290, Loss: 3.649e-02  (f=2.16e-02 W=6.56e-03 I=8.92e-04 O=1.65e-06)
It: 12300, Loss: 3.868e-02  (f=2.38e-02 W=6.67e-03 I=7.36e-04 O=1.55e-05)
It: 12310, Loss: 3.852e-02  (f=2.31e-02 W=6.21e-03 I=1.47e-03 O=1.67e-05)
It: 12320, Loss: 3.675e-02  (f=2.19e-02 W=6.60e-03 I=8.08e-04 O=9.39e-06)
It: 12330, Loss: 3.874e-02  (f=2.38e-02 W=6.57e-03 I=9.22e-04 O=3.48e-06)
It: 12340, Loss: 3.536e-02  (f=2.06e-02 W=6.47e-03 I=8.81e-04 O=1.56e-06)
It: 12350, Loss: 3.538e-02  (f=2.07e-02 W=6.42e-03 I=9.26e-04 O=1.48e-06)
It: 12360, Loss: 3.580e-02  (f=2.11e-02 W=6.43e-03 I=9.05e-04 O=8.53e-06)
It: 12370, Loss: 4.799e-02  (f=3.16e-02 W=6.22e-03 I=1.96e-03 O=3.17e-05)
It: 12380, Loss: 3.804e-02  (f=2.30e-02 W=6.63e-03 I=8.63e-04 O=1.09e-05)
It: 12390, Loss: 3.678e-02  (f=2.18e-02 W=6.73e-03 I=7.52e-04 O=3.48e-06)
It: 12400, Loss: 3.701e-02  (f=2.21e-02 W=6.65e-03 I=7.80e-04 O=2.09e-06)
It: 12410, Loss: 3.545e-02  (f=2.05e-02 W=6.51e-03 I=9.85e-04 O=1.71e-06)
It: 12420, Loss: 3.543e-02  (f=2.06e-02 W=6.42e-03 I=1.02e-03 O=1.56e-06)
It: 12430, Loss: 3.622e-02  (f=2.15e-02 W=6.44e-03 I=9.32e-04 O=6.53e-06)
It: 12440, Loss: 4.190e-02  (f=2.69e-02 W=6.72e-03 I=7.60e-04 O=1.15e-05)
It: 12450, Loss: 4.467e-02  (f=2.74e-02 W=6.40e-03 I=2.21e-03 O=1.10e-05)
It: 12460, Loss: 3.824e-02  (f=2.32e-02 W=6.70e-03 I=8.29e-04 O=2.00e-06)
It: 12470, Loss: 3.547e-02  (f=2.04e-02 W=6.49e-03 I=1.05e-03 O=1.91e-06)
It: 12480, Loss: 3.655e-02  (f=2.15e-02 W=6.64e-03 I=8.59e-04 O=1.00e-05)
It: 12490, Loss: 3.622e-02  (f=2.12e-02 W=6.55e-03 I=9.51e-04 O=4.31e-06)
It: 12500, Loss: 3.632e-02  (f=2.17e-02 W=6.55e-03 I=7.39e-04 O=4.84e-06)
It: 12510, Loss: 3.634e-02  (f=2.16e-02 W=6.52e-03 I=8.25e-04 O=7.56e-06)
It: 12520, Loss: 3.767e-02  (f=2.22e-02 W=6.24e-03 I=1.46e-03 O=3.02e-06)
It: 12530, Loss: 4.584e-02  (f=2.91e-02 W=6.21e-03 I=2.15e-03 O=1.49e-05)
It: 12540, Loss: 3.855e-02  (f=2.35e-02 W=6.60e-03 I=9.03e-04 O=1.07e-05)
It: 12550, Loss: 4.114e-02  (f=2.59e-02 W=6.43e-03 I=1.19e-03 O=4.45e-06)
It: 12560, Loss: 3.652e-02  (f=2.13e-02 W=6.49e-03 I=1.14e-03 O=3.22e-06)
It: 12570, Loss: 3.600e-02  (f=2.10e-02 W=6.37e-03 I=1.11e-03 O=1.27e-06)
It: 12580, Loss: 3.833e-02  (f=2.27e-02 W=6.13e-03 I=1.71e-03 O=1.31e-06)
It: 12590, Loss: 3.823e-02  (f=2.34e-02 W=6.41e-03 I=9.91e-04 O=1.56e-06)
It: 12600, Loss: 3.596e-02  (f=2.14e-02 W=6.50e-03 I=7.73e-04 O=4.40e-06)
It: 12610, Loss: 3.875e-02  (f=2.39e-02 W=6.37e-03 I=1.03e-03 O=1.38e-06)
It: 12620, Loss: 4.068e-02  (f=2.59e-02 W=6.27e-03 I=1.05e-03 O=4.53e-05)
It: 12630, Loss: 3.817e-02  (f=2.31e-02 W=6.48e-03 I=1.06e-03 O=1.22e-05)
It: 12640, Loss: 3.829e-02  (f=2.30e-02 W=6.19e-03 I=1.42e-03 O=1.17e-05)
It: 12650, Loss: 3.584e-02  (f=2.11e-02 W=6.48e-03 I=9.00e-04 O=2.37e-06)
It: 12660, Loss: 3.565e-02  (f=2.10e-02 W=6.35e-03 I=9.92e-04 O=2.16e-06)
It: 12670, Loss: 3.830e-02  (f=2.31e-02 W=6.04e-03 I=1.56e-03 O=1.53e-05)
It: 12680, Loss: 3.814e-02  (f=2.29e-02 W=6.36e-03 I=1.24e-03 O=1.36e-05)
It: 12690, Loss: 3.681e-02  (f=2.18e-02 W=6.22e-03 I=1.27e-03 O=7.65e-06)
It: 12700, Loss: 3.706e-02  (f=2.21e-02 W=6.22e-03 I=1.27e-03 O=7.06e-06)
It: 12710, Loss: 3.771e-02  (f=2.24e-02 W=6.19e-03 I=1.45e-03 O=1.47e-05)
It: 12720, Loss: 3.602e-02  (f=2.15e-02 W=6.46e-03 I=8.09e-04 O=2.97e-06)
It: 12730, Loss: 3.761e-02  (f=2.27e-02 W=6.40e-03 I=1.02e-03 O=1.26e-05)
It: 12740, Loss: 4.250e-02  (f=2.63e-02 W=6.12e-03 I=2.00e-03 O=7.91e-06)
It: 12750, Loss: 4.299e-02  (f=2.83e-02 W=6.47e-03 I=8.92e-04 O=9.48e-06)
It: 12760, Loss: 3.608e-02  (f=2.11e-02 W=6.48e-03 I=9.97e-04 O=1.79e-06)
It: 12770, Loss: 3.635e-02  (f=2.15e-02 W=6.50e-03 I=9.25e-04 O=1.22e-05)
It: 12780, Loss: 3.640e-02  (f=2.16e-02 W=6.27e-03 I=1.13e-03 O=1.64e-05)
It: 12790, Loss: 3.555e-02  (f=2.10e-02 W=6.37e-03 I=8.95e-04 O=2.90e-06)
It: 12800, Loss: 3.596e-02  (f=2.17e-02 W=6.43e-03 I=7.18e-04 O=2.69e-06)
It: 12810, Loss: 3.747e-02  (f=2.30e-02 W=6.33e-03 I=8.80e-04 O=1.56e-05)
It: 12820, Loss: 4.042e-02  (f=2.58e-02 W=6.57e-03 I=7.29e-04 O=9.02e-06)
It: 12830, Loss: 3.695e-02  (f=2.23e-02 W=6.54e-03 I=8.03e-04 O=1.42e-06)
It: 12840, Loss: 3.755e-02  (f=2.29e-02 W=6.52e-03 I=7.99e-04 O=1.98e-06)
It: 12850, Loss: 3.647e-02  (f=2.19e-02 W=6.47e-03 I=8.14e-04 O=6.08e-06)
It: 12860, Loss: 3.979e-02  (f=2.52e-02 W=6.55e-03 I=7.42e-04 O=2.09e-05)
It: 12870, Loss: 3.856e-02  (f=2.38e-02 W=6.35e-03 I=1.05e-03 O=2.59e-06)
It: 12880, Loss: 3.794e-02  (f=2.28e-02 W=6.42e-03 I=1.16e-03 O=2.09e-06)
It: 12890, Loss: 3.606e-02  (f=2.13e-02 W=6.29e-03 I=1.08e-03 O=3.12e-06)
It: 12900, Loss: 3.614e-02  (f=2.17e-02 W=6.32e-03 I=9.07e-04 O=2.16e-06)
It: 12910, Loss: 3.853e-02  (f=2.42e-02 W=6.43e-03 I=7.21e-04 O=1.27e-05)
It: 12920, Loss: 3.561e-02  (f=2.11e-02 W=6.39e-03 I=8.65e-04 O=3.47e-06)
It: 12930, Loss: 3.582e-02  (f=2.11e-02 W=6.26e-03 I=1.10e-03 O=7.28e-06)
It: 12940, Loss: 3.619e-02  (f=2.13e-02 W=6.20e-03 I=1.22e-03 O=1.39e-06)
It: 12950, Loss: 3.920e-02  (f=2.36e-02 W=6.11e-03 I=1.67e-03 O=1.43e-06)
It: 12960, Loss: 3.659e-02  (f=2.19e-02 W=6.36e-03 I=9.74e-04 O=6.47e-06)
It: 12970, Loss: 3.597e-02  (f=2.14e-02 W=6.42e-03 I=8.81e-04 O=3.63e-06)
It: 12980, Loss: 3.519e-02  (f=2.07e-02 W=6.26e-03 I=9.90e-04 O=2.95e-06)
It: 12990, Loss: 3.585e-02  (f=2.13e-02 W=6.18e-03 I=1.11e-03 O=1.48e-06)
It: 13000, Loss: 4.313e-02  (f=2.76e-02 W=6.07e-03 I=1.70e-03 O=1.40e-06)
It: 13010, Loss: 4.137e-02  (f=2.65e-02 W=6.61e-03 I=8.05e-04 O=2.96e-06)
It: 13020, Loss: 3.598e-02  (f=2.14e-02 W=6.49e-03 I=8.02e-04 O=2.09e-06)
It: 13030, Loss: 3.682e-02  (f=2.14e-02 W=6.27e-03 I=1.44e-03 O=7.50e-06)
It: 13040, Loss: 3.614e-02  (f=2.16e-02 W=6.44e-03 I=8.07e-04 O=1.37e-06)
It: 13050, Loss: 3.979e-02  (f=2.54e-02 W=6.67e-03 I=4.99e-04 O=1.19e-05)
It: 13060, Loss: 3.764e-02  (f=2.26e-02 W=6.07e-03 I=1.46e-03 O=1.36e-06)
It: 13070, Loss: 3.578e-02  (f=2.14e-02 W=6.32e-03 I=8.73e-04 O=2.29e-06)
It: 13080, Loss: 4.083e-02  (f=2.48e-02 W=6.06e-03 I=1.93e-03 O=1.29e-06)
It: 13090, Loss: 3.661e-02  (f=2.23e-02 W=6.39e-03 I=7.41e-04 O=2.12e-06)
It: 13100, Loss: 3.893e-02  (f=2.40e-02 W=6.36e-03 I=1.13e-03 O=1.45e-06)
It: 13110, Loss: 3.622e-02  (f=2.10e-02 W=6.30e-03 I=1.33e-03 O=1.21e-06)
It: 13120, Loss: 3.580e-02  (f=2.14e-02 W=6.38e-03 I=8.00e-04 O=2.44e-06)
It: 13130, Loss: 3.629e-02  (f=2.17e-02 W=6.21e-03 I=1.08e-03 O=5.30e-06)
It: 13140, Loss: 4.412e-02  (f=2.94e-02 W=6.06e-03 I=1.26e-03 O=5.04e-05)
It: 13150, Loss: 3.782e-02  (f=2.29e-02 W=6.45e-03 I=9.89e-04 O=7.21e-06)
It: 13160, Loss: 3.590e-02  (f=2.12e-02 W=6.50e-03 I=8.38e-04 O=3.35e-06)
It: 13170, Loss: 3.519e-02  (f=2.05e-02 W=6.32e-03 I=1.00e-03 O=1.49e-06)
It: 13180, Loss: 3.573e-02  (f=2.09e-02 W=6.18e-03 I=1.22e-03 O=1.44e-06)
It: 13190, Loss: 3.752e-02  (f=2.26e-02 W=6.28e-03 I=1.17e-03 O=1.55e-06)
It: 13200, Loss: 3.620e-02  (f=2.15e-02 W=6.13e-03 I=1.21e-03 O=1.31e-06)
It: 13210, Loss: 3.684e-02  (f=2.20e-02 W=6.00e-03 I=1.43e-03 O=1.15e-06)
It: 13220, Loss: 3.751e-02  (f=2.27e-02 W=6.14e-03 I=1.26e-03 O=4.58e-06)
It: 13230, Loss: 3.645e-02  (f=2.22e-02 W=6.47e-03 I=6.42e-04 O=2.82e-06)
It: 13240, Loss: 3.729e-02  (f=2.29e-02 W=6.50e-03 I=6.87e-04 O=2.07e-06)
It: 13250, Loss: 3.621e-02  (f=2.14e-02 W=6.15e-03 I=1.27e-03 O=1.32e-06)
It: 13260, Loss: 3.796e-02  (f=2.33e-02 W=6.43e-03 I=9.28e-04 O=1.41e-06)
It: 13270, Loss: 3.754e-02  (f=2.29e-02 W=6.16e-03 I=1.14e-03 O=1.77e-05)
It: 13280, Loss: 3.825e-02  (f=2.40e-02 W=6.45e-03 I=6.89e-04 O=4.96e-06)
It: 13290, Loss: 3.558e-02  (f=2.12e-02 W=6.24e-03 I=9.58e-04 O=3.20e-06)
It: 13300, Loss: 3.915e-02  (f=2.41e-02 W=6.30e-03 I=1.20e-03 O=2.52e-05)
It: 13310, Loss: 3.671e-02  (f=2.18e-02 W=6.20e-03 I=1.24e-03 O=9.16e-06)
It: 13320, Loss: 3.570e-02  (f=2.16e-02 W=6.37e-03 I=6.95e-04 O=1.13e-06)
It: 13330, Loss: 3.634e-02  (f=2.17e-02 W=6.23e-03 I=1.10e-03 O=3.40e-06)
It: 13340, Loss: 4.034e-02  (f=2.58e-02 W=6.33e-03 I=9.22e-04 O=2.66e-05)
It: 13350, Loss: 3.686e-02  (f=2.25e-02 W=6.18e-03 I=9.95e-04 O=9.75e-06)
It: 13360, Loss: 3.524e-02  (f=2.11e-02 W=6.29e-03 I=7.78e-04 O=1.94e-06)
It: 13370, Loss: 3.700e-02  (f=2.26e-02 W=6.34e-03 I=8.69e-04 O=1.52e-06)
It: 13380, Loss: 3.707e-02  (f=2.25e-02 W=6.09e-03 I=1.17e-03 O=2.77e-06)
It: 13390, Loss: 3.635e-02  (f=2.20e-02 W=6.23e-03 I=9.33e-04 O=1.15e-05)
It: 13400, Loss: 3.520e-02  (f=2.10e-02 W=6.22e-03 I=8.94e-04 O=2.00e-06)
It: 13410, Loss: 4.668e-02  (f=3.04e-02 W=6.15e-03 I=1.94e-03 O=2.62e-05)
It: 13420, Loss: 4.340e-02  (f=2.90e-02 W=6.63e-03 I=5.51e-04 O=1.40e-06)
It: 13430, Loss: 3.640e-02  (f=2.16e-02 W=6.53e-03 I=8.43e-04 O=4.38e-06)
It: 13440, Loss: 3.644e-02  (f=2.15e-02 W=6.42e-03 I=1.05e-03 O=1.87e-06)
It: 13450, Loss: 3.887e-02  (f=2.42e-02 W=6.16e-03 I=1.16e-03 O=2.09e-05)
It: 13460, Loss: 3.650e-02  (f=2.19e-02 W=6.31e-03 I=9.67e-04 O=1.42e-05)
It: 13470, Loss: 3.693e-02  (f=2.25e-02 W=6.30e-03 I=9.37e-04 O=1.26e-06)
It: 13480, Loss: 3.758e-02  (f=2.34e-02 W=6.40e-03 I=6.77e-04 O=1.33e-05)
It: 13490, Loss: 3.718e-02  (f=2.23e-02 W=6.18e-03 I=1.24e-03 O=9.16e-06)
It: 13500, Loss: 3.830e-02  (f=2.38e-02 W=6.07e-03 I=1.19e-03 O=6.70e-06)
It: 13510, Loss: 3.544e-02  (f=2.11e-02 W=6.26e-03 I=9.12e-04 O=3.07e-06)
It: 13520, Loss: 3.657e-02  (f=2.23e-02 W=6.15e-03 I=9.55e-04 O=1.01e-05)
It: 13530, Loss: 3.689e-02  (f=2.22e-02 W=5.99e-03 I=1.36e-03 O=3.99e-06)
It: 13540, Loss: 3.937e-02  (f=2.39e-02 W=5.99e-03 I=1.76e-03 O=1.23e-06)
It: 13550, Loss: 3.650e-02  (f=2.22e-02 W=6.41e-03 I=7.46e-04 O=8.58e-06)
It: 13560, Loss: 3.536e-02  (f=2.09e-02 W=6.25e-03 I=9.55e-04 O=1.13e-06)
It: 13570, Loss: 3.799e-02  (f=2.37e-02 W=6.34e-03 I=7.81e-04 O=2.63e-05)
It: 13580, Loss: 3.791e-02  (f=2.33e-02 W=6.18e-03 I=1.13e-03 O=1.87e-05)
It: 13590, Loss: 4.005e-02  (f=2.53e-02 W=6.19e-03 I=1.16e-03 O=3.96e-06)
It: 13600, Loss: 3.558e-02  (f=2.13e-02 W=6.37e-03 I=7.76e-04 O=1.86e-06)
It: 13610, Loss: 3.678e-02  (f=2.28e-02 W=6.35e-03 I=6.34e-04 O=1.75e-06)
It: 13620, Loss: 3.781e-02  (f=2.32e-02 W=6.21e-03 I=1.10e-03 O=2.85e-06)
It: 13630, Loss: 3.592e-02  (f=2.16e-02 W=6.19e-03 I=9.45e-04 O=4.20e-06)
It: 13640, Loss: 3.780e-02  (f=2.36e-02 W=6.29e-03 I=7.98e-04 O=1.12e-06)
It: 13650, Loss: 3.737e-02  (f=2.26e-02 W=6.27e-03 I=1.12e-03 O=1.84e-06)
It: 13660, Loss: 3.836e-02  (f=2.39e-02 W=5.96e-03 I=1.25e-03 O=1.63e-05)
It: 13670, Loss: 3.504e-02  (f=2.08e-02 W=6.17e-03 I=9.45e-04 O=1.33e-06)
It: 13680, Loss: 4.164e-02  (f=2.68e-02 W=6.21e-03 I=1.20e-03 O=3.23e-05)
It: 13690, Loss: 3.677e-02  (f=2.23e-02 W=6.46e-03 I=7.49e-04 O=3.29e-06)
It: 13700, Loss: 3.590e-02  (f=2.14e-02 W=6.13e-03 I=1.11e-03 O=1.70e-06)
It: 13710, Loss: 3.658e-02  (f=2.26e-02 W=6.33e-03 I=6.48e-04 O=5.43e-06)
It: 13720, Loss: 3.640e-02  (f=2.21e-02 W=6.31e-03 I=8.35e-04 O=1.04e-06)
It: 13730, Loss: 3.628e-02  (f=2.24e-02 W=6.28e-03 I=6.59e-04 O=8.68e-07)
It: 13740, Loss: 4.212e-02  (f=2.81e-02 W=6.55e-03 I=4.57e-04 O=1.27e-05)
It: 13750, Loss: 3.836e-02  (f=2.33e-02 W=6.04e-03 I=1.46e-03 O=6.85e-06)
It: 13760, Loss: 3.647e-02  (f=2.21e-02 W=6.36e-03 I=8.05e-04 O=2.81e-06)
It: 13770, Loss: 3.583e-02  (f=2.16e-02 W=6.18e-03 I=9.16e-04 O=1.97e-06)
It: 13780, Loss: 3.849e-02  (f=2.41e-02 W=6.05e-03 I=1.12e-03 O=1.01e-06)
It: 13790, Loss: 3.551e-02  (f=2.13e-02 W=6.19e-03 I=9.07e-04 O=1.35e-06)
It: 13800, Loss: 3.845e-02  (f=2.43e-02 W=6.40e-03 I=6.38e-04 O=1.53e-05)
It: 13810, Loss: 3.491e-02  (f=2.07e-02 W=6.17e-03 I=9.32e-04 O=1.65e-06)
It: 13820, Loss: 3.744e-02  (f=2.28e-02 W=5.96e-03 I=1.36e-03 O=2.01e-06)
It: 13830, Loss: 3.556e-02  (f=2.15e-02 W=6.26e-03 I=7.56e-04 O=4.74e-06)
It: 13840, Loss: 3.521e-02  (f=2.12e-02 W=6.16e-03 I=8.47e-04 O=1.99e-06)
It: 13850, Loss: 4.071e-02  (f=2.52e-02 W=5.87e-03 I=1.89e-03 O=1.74e-06)
It: 13860, Loss: 3.604e-02  (f=2.20e-02 W=6.17e-03 I=8.43e-04 O=2.76e-06)
It: 13870, Loss: 4.038e-02  (f=2.54e-02 W=6.00e-03 I=1.42e-03 O=4.33e-05)
It: 13880, Loss: 3.764e-02  (f=2.35e-02 W=6.44e-03 I=6.09e-04 O=5.35e-06)
It: 13890, Loss: 3.630e-02  (f=2.18e-02 W=6.03e-03 I=1.20e-03 O=4.33e-06)
It: 13900, Loss: 3.677e-02  (f=2.29e-02 W=6.24e-03 I=6.98e-04 O=4.46e-06)
It: 13910, Loss: 3.694e-02  (f=2.28e-02 W=6.30e-03 I=7.87e-04 O=4.25e-06)
It: 13920, Loss: 3.539e-02  (f=2.13e-02 W=6.19e-03 I=8.78e-04 O=2.32e-06)
It: 13930, Loss: 3.660e-02  (f=2.25e-02 W=6.32e-03 I=7.46e-04 O=3.65e-06)
It: 13940, Loss: 3.647e-02  (f=2.20e-02 W=6.18e-03 I=1.03e-03 O=6.34e-06)
It: 13950, Loss: 3.630e-02  (f=2.19e-02 W=6.16e-03 I=1.04e-03 O=5.91e-06)
It: 13960, Loss: 3.515e-02  (f=2.11e-02 W=6.19e-03 I=8.15e-04 O=1.33e-06)
It: 13970, Loss: 3.558e-02  (f=2.16e-02 W=6.13e-03 I=8.40e-04 O=3.71e-06)
It: 13980, Loss: 3.730e-02  (f=2.29e-02 W=5.99e-03 I=1.19e-03 O=5.70e-06)
It: 13990, Loss: 3.540e-02  (f=2.15e-02 W=6.23e-03 I=7.09e-04 O=1.21e-06)
It: 14000, Loss: 4.295e-02  (f=2.84e-02 W=6.34e-03 I=8.92e-04 O=5.04e-05)
It: 14010, Loss: 3.761e-02  (f=2.35e-02 W=6.13e-03 I=9.34e-04 O=5.41e-06)
It: 14020, Loss: 3.568e-02  (f=2.14e-02 W=6.33e-03 I=7.86e-04 O=6.55e-06)
It: 14030, Loss: 3.703e-02  (f=2.24e-02 W=5.96e-03 I=1.37e-03 O=1.19e-05)
It: 14040, Loss: 3.581e-02  (f=2.15e-02 W=6.08e-03 I=1.08e-03 O=2.84e-06)
It: 14050, Loss: 3.605e-02  (f=2.17e-02 W=6.02e-03 I=1.17e-03 O=3.00e-06)
It: 14060, Loss: 3.909e-02  (f=2.42e-02 W=5.91e-03 I=1.54e-03 O=7.87e-07)
It: 14070, Loss: 3.580e-02  (f=2.17e-02 W=6.10e-03 I=9.38e-04 O=1.02e-06)
It: 14080, Loss: 3.728e-02  (f=2.34e-02 W=6.28e-03 I=6.47e-04 O=1.29e-05)
It: 14090, Loss: 3.506e-02  (f=2.10e-02 W=6.11e-03 I=9.20e-04 O=2.61e-06)
It: 14100, Loss: 3.689e-02  (f=2.23e-02 W=6.10e-03 I=1.19e-03 O=1.66e-06)
It: 14110, Loss: 3.537e-02  (f=2.14e-02 W=6.06e-03 I=9.24e-04 O=5.49e-06)
It: 14120, Loss: 3.516e-02  (f=2.13e-02 W=6.08e-03 I=8.50e-04 O=8.98e-07)
It: 14130, Loss: 3.917e-02  (f=2.56e-02 W=6.30e-03 I=4.83e-04 O=3.04e-06)
It: 14140, Loss: 3.883e-02  (f=2.42e-02 W=5.91e-03 I=1.41e-03 O=1.04e-05)
It: 14150, Loss: 3.801e-02  (f=2.39e-02 W=6.20e-03 I=8.60e-04 O=2.35e-06)
It: 14160, Loss: 3.595e-02  (f=2.14e-02 W=6.10e-03 I=1.20e-03 O=2.53e-06)
It: 14170, Loss: 3.532e-02  (f=2.10e-02 W=6.28e-03 I=8.58e-04 O=8.93e-06)
It: 14180, Loss: 3.517e-02  (f=2.08e-02 W=6.21e-03 I=9.89e-04 O=1.84e-06)
It: 14190, Loss: 3.516e-02  (f=2.11e-02 W=6.17e-03 I=8.62e-04 O=8.10e-06)
It: 14200, Loss: 3.519e-02  (f=2.10e-02 W=6.02e-03 I=1.09e-03 O=6.17e-07)
It: 14210, Loss: 3.648e-02  (f=2.28e-02 W=6.25e-03 I=5.75e-04 O=8.01e-06)
It: 14220, Loss: 3.543e-02  (f=2.17e-02 W=6.21e-03 I=6.40e-04 O=2.74e-06)
It: 14230, Loss: 3.478e-02  (f=2.10e-02 W=6.09e-03 I=7.99e-04 O=1.92e-06)
It: 14240, Loss: 3.642e-02  (f=2.26e-02 W=6.07e-03 I=8.22e-04 O=5.65e-06)
It: 14250, Loss: 4.210e-02  (f=2.77e-02 W=5.80e-03 I=1.39e-03 O=3.47e-05)
It: 14260, Loss: 3.557e-02  (f=2.15e-02 W=6.22e-03 I=8.35e-04 O=3.96e-06)
It: 14270, Loss: 3.625e-02  (f=2.17e-02 W=6.08e-03 I=1.18e-03 O=5.67e-06)
It: 14280, Loss: 3.666e-02  (f=2.22e-02 W=5.98e-03 I=1.26e-03 O=6.51e-06)
It: 14290, Loss: 3.549e-02  (f=2.12e-02 W=5.99e-03 I=1.14e-03 O=1.04e-06)
It: 14300, Loss: 3.506e-02  (f=2.11e-02 W=6.11e-03 I=8.74e-04 O=7.95e-07)
It: 14310, Loss: 3.725e-02  (f=2.31e-02 W=6.15e-03 I=8.97e-04 O=8.80e-06)
It: 14320, Loss: 3.650e-02  (f=2.28e-02 W=6.17e-03 I=6.69e-04 O=1.41e-06)
It: 14330, Loss: 3.647e-02  (f=2.26e-02 W=6.25e-03 I=6.70e-04 O=3.44e-06)
It: 14340, Loss: 3.542e-02  (f=2.16e-02 W=6.18e-03 I=7.09e-04 O=9.38e-06)
It: 14350, Loss: 3.589e-02  (f=2.20e-02 W=6.07e-03 I=8.62e-04 O=1.04e-05)
It: 14360, Loss: 3.757e-02  (f=2.37e-02 W=5.94e-03 I=9.66e-04 O=2.20e-05)
It: 14370, Loss: 3.650e-02  (f=2.28e-02 W=6.18e-03 I=6.48e-04 O=5.67e-06)
It: 14380, Loss: 4.007e-02  (f=2.61e-02 W=6.50e-03 I=4.89e-04 O=5.41e-06)
It: 14390, Loss: 3.766e-02  (f=2.30e-02 W=6.29e-03 I=1.02e-03 O=2.00e-06)
It: 14400, Loss: 3.609e-02  (f=2.17e-02 W=6.25e-03 I=9.56e-04 O=2.19e-06)
It: 14410, Loss: 3.640e-02  (f=2.17e-02 W=6.21e-03 I=1.12e-03 O=5.84e-07)
It: 14420, Loss: 3.674e-02  (f=2.24e-02 W=5.98e-03 I=1.20e-03 O=6.50e-06)
It: 14430, Loss: 3.499e-02  (f=2.09e-02 W=6.14e-03 I=8.85e-04 O=1.15e-06)
It: 14440, Loss: 3.561e-02  (f=2.15e-02 W=6.15e-03 I=9.22e-04 O=3.27e-06)
It: 14450, Loss: 3.580e-02  (f=2.18e-02 W=6.07e-03 I=9.46e-04 O=3.36e-06)
It: 14460, Loss: 3.877e-02  (f=2.47e-02 W=6.18e-03 I=8.27e-04 O=9.49e-06)
It: 14470, Loss: 3.567e-02  (f=2.14e-02 W=5.99e-03 I=1.14e-03 O=8.21e-07)
It: 14480, Loss: 3.642e-02  (f=2.24e-02 W=6.12e-03 I=9.01e-04 O=6.19e-06)
It: 14490, Loss: 3.602e-02  (f=2.16e-02 W=6.02e-03 I=1.21e-03 O=7.13e-07)
It: 14500, Loss: 3.732e-02  (f=2.33e-02 W=6.25e-03 I=7.66e-04 O=6.74e-06)
It: 14510, Loss: 3.554e-02  (f=2.15e-02 W=6.21e-03 I=8.03e-04 O=9.35e-06)
It: 14520, Loss: 4.373e-02  (f=2.88e-02 W=5.76e-03 I=1.69e-03 O=2.71e-05)
It: 14530, Loss: 3.766e-02  (f=2.38e-02 W=6.28e-03 I=6.24e-04 O=4.89e-06)
It: 14540, Loss: 3.525e-02  (f=2.12e-02 W=6.00e-03 I=1.00e-03 O=5.26e-07)
It: 14550, Loss: 3.551e-02  (f=2.16e-02 W=6.14e-03 I=8.06e-04 O=6.89e-07)
It: 14560, Loss: 3.682e-02  (f=2.32e-02 W=6.16e-03 I=6.62e-04 O=1.02e-06)
It: 14570, Loss: 3.858e-02  (f=2.39e-02 W=5.93e-03 I=1.38e-03 O=5.96e-06)
It: 14580, Loss: 3.582e-02  (f=2.17e-02 W=6.16e-03 I=8.79e-04 O=6.17e-06)
It: 14590, Loss: 3.588e-02  (f=2.18e-02 W=6.07e-03 I=9.71e-04 O=5.54e-07)
It: 14600, Loss: 3.522e-02  (f=2.12e-02 W=6.00e-03 I=1.00e-03 O=2.73e-06)
It: 14610, Loss: 3.658e-02  (f=2.30e-02 W=6.13e-03 I=6.41e-04 O=6.73e-07)
It: 14620, Loss: 3.913e-02  (f=2.54e-02 W=6.21e-03 I=6.39e-04 O=2.23e-05)
It: 14630, Loss: 3.877e-02  (f=2.36e-02 W=5.81e-03 I=1.77e-03 O=7.24e-06)
It: 14640, Loss: 3.665e-02  (f=2.28e-02 W=6.21e-03 I=7.23e-04 O=1.20e-05)
It: 14650, Loss: 3.724e-02  (f=2.30e-02 W=5.95e-03 I=1.16e-03 O=1.07e-06)
It: 14660, Loss: 3.544e-02  (f=2.17e-02 W=6.09e-03 I=7.64e-04 O=9.02e-06)
It: 14670, Loss: 3.618e-02  (f=2.23e-02 W=6.04e-03 I=8.76e-04 O=1.53e-06)
It: 14680, Loss: 3.580e-02  (f=2.15e-02 W=6.00e-03 I=1.14e-03 O=2.14e-06)
It: 14690, Loss: 3.644e-02  (f=2.27e-02 W=6.10e-03 I=7.71e-04 O=8.49e-07)
It: 14700, Loss: 3.497e-02  (f=2.10e-02 W=6.01e-03 I=9.51e-04 O=1.24e-06)
It: 14710, Loss: 3.750e-02  (f=2.37e-02 W=6.14e-03 I=7.23e-04 O=1.61e-05)
It: 14720, Loss: 3.568e-02  (f=2.17e-02 W=6.01e-03 I=9.71e-04 O=6.41e-07)
It: 14730, Loss: 4.331e-02  (f=2.88e-02 W=5.67e-03 I=1.56e-03 O=2.67e-05)
It: 14740, Loss: 3.733e-02  (f=2.33e-02 W=6.28e-03 I=7.10e-04 O=5.75e-06)
It: 14750, Loss: 3.698e-02  (f=2.22e-02 W=5.95e-03 I=1.44e-03 O=4.65e-06)
It: 14760, Loss: 3.515e-02  (f=2.10e-02 W=5.96e-03 I=1.11e-03 O=3.11e-06)
It: 14770, Loss: 4.211e-02  (f=2.69e-02 W=6.00e-03 I=1.60e-03 O=2.37e-06)
It: 14780, Loss: 3.684e-02  (f=2.29e-02 W=6.04e-03 I=9.43e-04 O=1.50e-06)
It: 14790, Loss: 3.686e-02  (f=2.27e-02 W=6.06e-03 I=1.03e-03 O=8.35e-06)
It: 14800, Loss: 3.560e-02  (f=2.18e-02 W=5.97e-03 I=9.37e-04 O=1.02e-05)
It: 14810, Loss: 3.735e-02  (f=2.30e-02 W=5.80e-03 I=1.38e-03 O=1.59e-06)
It: 14820, Loss: 3.460e-02  (f=2.08e-02 W=6.01e-03 I=8.98e-04 O=6.49e-07)
It: 14830, Loss: 3.540e-02  (f=2.14e-02 W=5.88e-03 I=1.10e-03 O=5.68e-07)
It: 14840, Loss: 3.735e-02  (f=2.29e-02 W=5.81e-03 I=1.41e-03 O=1.18e-06)
It: 14850, Loss: 4.104e-02  (f=2.69e-02 W=5.89e-03 I=1.11e-03 O=5.76e-05)
It: 14860, Loss: 3.756e-02  (f=2.35e-02 W=6.09e-03 I=9.56e-04 O=1.28e-05)
It: 14870, Loss: 3.505e-02  (f=2.09e-02 W=6.17e-03 I=8.82e-04 O=1.01e-06)
It: 14880, Loss: 3.719e-02  (f=2.26e-02 W=6.00e-03 I=1.28e-03 O=2.42e-06)
It: 14890, Loss: 3.496e-02  (f=2.12e-02 W=6.14e-03 I=7.11e-04 O=6.46e-07)
It: 14900, Loss: 3.495e-02  (f=2.11e-02 W=6.01e-03 I=9.00e-04 O=5.57e-07)
It: 14910, Loss: 3.472e-02  (f=2.09e-02 W=5.99e-03 I=8.90e-04 O=1.28e-06)
It: 14920, Loss: 3.479e-02  (f=2.12e-02 W=5.99e-03 I=8.16e-04 O=1.03e-06)
It: 14930, Loss: 3.977e-02  (f=2.64e-02 W=6.16e-03 I=5.06e-04 O=8.17e-07)
It: 14940, Loss: 3.969e-02  (f=2.59e-02 W=6.09e-03 I=7.87e-04 O=5.63e-06)
It: 14950, Loss: 3.645e-02  (f=2.25e-02 W=6.08e-03 I=8.87e-04 O=1.39e-05)
It: 14960, Loss: 3.493e-02  (f=2.09e-02 W=5.99e-03 I=9.98e-04 O=6.85e-06)
It: 14970, Loss: 3.543e-02  (f=2.14e-02 W=5.95e-03 I=1.04e-03 O=9.67e-06)
It: 14980, Loss: 3.705e-02  (f=2.30e-02 W=5.78e-03 I=1.25e-03 O=1.35e-05)
It: 14990, Loss: 3.669e-02  (f=2.27e-02 W=5.79e-03 I=1.23e-03 O=6.32e-07)
It: 15000, Loss: 4.135e-02  (f=2.76e-02 W=5.80e-03 I=1.04e-03 O=1.75e-05)
It: 15010, Loss: 3.862e-02  (f=2.43e-02 W=6.06e-03 I=1.11e-03 O=1.40e-05)
It: 15020, Loss: 3.546e-02  (f=2.15e-02 W=6.01e-03 I=9.62e-04 O=3.69e-06)
It: 15030, Loss: 3.502e-02  (f=2.09e-02 W=5.97e-03 I=1.08e-03 O=1.40e-06)
It: 15040, Loss: 3.479e-02  (f=2.11e-02 W=5.95e-03 I=8.93e-04 O=2.85e-06)
It: 15050, Loss: 3.533e-02  (f=2.17e-02 W=5.90e-03 I=8.97e-04 O=3.71e-06)
It: 15060, Loss: 3.819e-02  (f=2.46e-02 W=6.12e-03 I=6.78e-04 O=6.23e-06)
It: 15070, Loss: 3.486e-02  (f=2.11e-02 W=6.03e-03 I=8.34e-04 O=1.72e-06)
It: 15080, Loss: 3.971e-02  (f=2.50e-02 W=5.79e-03 I=1.58e-03 O=2.80e-06)
It: 15090, Loss: 3.513e-02  (f=2.14e-02 W=5.93e-03 I=9.60e-04 O=7.15e-07)
It: 15100, Loss: 3.894e-02  (f=2.39e-02 W=5.70e-03 I=1.77e-03 O=3.04e-05)
It: 15110, Loss: 3.537e-02  (f=2.17e-02 W=6.09e-03 I=7.22e-04 O=1.33e-05)
It: 15120, Loss: 3.549e-02  (f=2.18e-02 W=5.94e-03 I=8.80e-04 O=4.96e-06)
It: 15130, Loss: 3.832e-02  (f=2.45e-02 W=5.96e-03 I=9.58e-04 O=8.55e-06)
It: 15140, Loss: 3.704e-02  (f=2.35e-02 W=5.91e-03 I=8.50e-04 O=1.48e-05)
It: 15150, Loss: 3.745e-02  (f=2.31e-02 W=5.85e-03 I=1.34e-03 O=1.10e-06)
It: 15160, Loss: 3.654e-02  (f=2.29e-02 W=5.96e-03 I=8.69e-04 O=1.16e-05)
It: 15170, Loss: 3.664e-02  (f=2.29e-02 W=6.00e-03 I=8.60e-04 O=1.18e-06)
It: 15180, Loss: 3.839e-02  (f=2.41e-02 W=5.87e-03 I=1.27e-03 O=1.26e-06)
It: 15190, Loss: 3.716e-02  (f=2.37e-02 W=6.04e-03 I=6.84e-04 O=4.80e-06)
It: 15200, Loss: 3.483e-02  (f=2.10e-02 W=5.99e-03 I=9.06e-04 O=2.16e-06)
It: 15210, Loss: 3.464e-02  (f=2.07e-02 W=5.91e-03 I=1.03e-03 O=4.11e-06)
It: 15220, Loss: 3.749e-02  (f=2.33e-02 W=6.11e-03 I=9.70e-04 O=2.12e-06)
It: 15230, Loss: 3.857e-02  (f=2.52e-02 W=6.20e-03 I=4.92e-04 O=3.12e-06)
It: 15240, Loss: 3.591e-02  (f=2.17e-02 W=5.81e-03 I=1.31e-03 O=7.83e-07)
It: 15250, Loss: 3.479e-02  (f=2.13e-02 W=5.97e-03 I=7.94e-04 O=6.71e-07)
It: 15260, Loss: 3.449e-02  (f=2.09e-02 W=5.91e-03 I=8.75e-04 O=3.90e-07)
It: 15270, Loss: 3.694e-02  (f=2.32e-02 W=5.93e-03 I=9.59e-04 O=7.13e-06)
It: 15280, Loss: 3.623e-02  (f=2.28e-02 W=5.98e-03 I=7.24e-04 O=5.75e-07)
It: 15290, Loss: 3.693e-02  (f=2.27e-02 W=5.75e-03 I=1.38e-03 O=1.01e-05)
It: 15300, Loss: 3.481e-02  (f=2.11e-02 W=5.93e-03 I=9.03e-04 O=5.11e-06)
It: 15310, Loss: 3.495e-02  (f=2.16e-02 W=6.04e-03 I=6.31e-04 O=4.02e-07)
It: 15320, Loss: 3.501e-02  (f=2.13e-02 W=5.96e-03 I=8.71e-04 O=1.11e-06)
It: 15330, Loss: 3.640e-02  (f=2.23e-02 W=5.89e-03 I=1.13e-03 O=1.65e-05)
It: 15340, Loss: 3.739e-02  (f=2.38e-02 W=6.01e-03 I=7.99e-04 O=8.83e-07)
It: 15350, Loss: 3.899e-02  (f=2.41e-02 W=6.12e-03 I=1.28e-03 O=2.62e-05)
It: 15360, Loss: 3.534e-02  (f=2.10e-02 W=6.15e-03 I=9.98e-04 O=6.35e-07)
It: 15370, Loss: 3.467e-02  (f=2.08e-02 W=6.07e-03 I=8.57e-04 O=1.88e-06)
It: 15380, Loss: 3.472e-02  (f=2.10e-02 W=6.03e-03 I=8.39e-04 O=7.13e-06)
It: 15390, Loss: 3.440e-02  (f=2.09e-02 W=5.94e-03 I=8.14e-04 O=4.20e-07)
It: 15400, Loss: 3.542e-02  (f=2.18e-02 W=5.82e-03 I=1.01e-03 O=5.67e-07)
It: 15410, Loss: 4.134e-02  (f=2.65e-02 W=5.64e-03 I=1.78e-03 O=1.01e-06)
It: 15420, Loss: 3.634e-02  (f=2.29e-02 W=6.20e-03 I=5.20e-04 O=1.09e-06)
It: 15430, Loss: 3.478e-02  (f=2.11e-02 W=5.95e-03 I=8.75e-04 O=2.37e-06)
It: 15440, Loss: 3.547e-02  (f=2.17e-02 W=5.93e-03 I=9.42e-04 O=2.71e-06)
It: 15450, Loss: 3.468e-02  (f=2.13e-02 W=5.97e-03 I=7.32e-04 O=3.66e-07)
It: 15460, Loss: 3.575e-02  (f=2.20e-02 W=5.93e-03 I=9.32e-04 O=7.77e-06)
It: 15470, Loss: 3.730e-02  (f=2.39e-02 W=5.96e-03 I=7.19e-04 O=6.74e-06)
It: 15480, Loss: 3.519e-02  (f=2.14e-02 W=5.94e-03 I=9.54e-04 O=4.36e-06)
It: 15490, Loss: 3.694e-02  (f=2.29e-02 W=5.87e-03 I=1.15e-03 O=3.33e-06)
It: 15500, Loss: 3.548e-02  (f=2.17e-02 W=6.08e-03 I=7.94e-04 O=4.40e-06)
It: 15510, Loss: 3.511e-02  (f=2.13e-02 W=5.85e-03 I=1.05e-03 O=8.00e-07)
It: 15520, Loss: 3.589e-02  (f=2.24e-02 W=5.91e-03 I=8.44e-04 O=5.76e-07)
It: 15530, Loss: 3.468e-02  (f=2.15e-02 W=5.90e-03 I=7.04e-04 O=4.94e-07)
It: 15540, Loss: 3.502e-02  (f=2.18e-02 W=5.87e-03 I=7.43e-04 O=5.51e-06)
It: 15550, Loss: 3.908e-02  (f=2.56e-02 W=6.16e-03 I=5.54e-04 O=6.58e-06)
It: 15560, Loss: 4.182e-02  (f=2.79e-02 W=5.98e-03 I=9.82e-04 O=8.38e-06)
It: 15570, Loss: 3.460e-02  (f=2.07e-02 W=6.03e-03 I=9.15e-04 O=2.14e-06)
It: 15580, Loss: 3.520e-02  (f=2.11e-02 W=6.00e-03 I=1.03e-03 O=4.81e-06)
It: 15590, Loss: 3.677e-02  (f=2.31e-02 W=6.01e-03 I=7.82e-04 O=2.23e-05)
It: 15600, Loss: 3.523e-02  (f=2.15e-02 W=6.00e-03 I=8.41e-04 O=4.52e-06)
It: 15610, Loss: 3.543e-02  (f=2.19e-02 W=5.95e-03 I=8.33e-04 O=1.61e-06)
It: 15620, Loss: 3.615e-02  (f=2.29e-02 W=5.98e-03 I=6.66e-04 O=5.67e-07)
It: 15630, Loss: 3.973e-02  (f=2.65e-02 W=5.98e-03 I=5.87e-04 O=2.90e-05)
It: 15640, Loss: 3.560e-02  (f=2.13e-02 W=5.78e-03 I=1.35e-03 O=6.76e-07)
It: 15650, Loss: 3.581e-02  (f=2.23e-02 W=6.15e-03 I=5.95e-04 O=4.19e-06)
It: 15660, Loss: 3.567e-02  (f=2.18e-02 W=5.80e-03 I=1.13e-03 O=1.09e-05)
It: 15670, Loss: 3.494e-02  (f=2.15e-02 W=5.89e-03 I=8.46e-04 O=2.01e-06)
It: 15680, Loss: 3.468e-02  (f=2.11e-02 W=5.82e-03 I=9.51e-04 O=8.87e-07)
It: 15690, Loss: 3.635e-02  (f=2.25e-02 W=5.71e-03 I=1.23e-03 O=3.32e-06)
It: 15700, Loss: 3.642e-02  (f=2.26e-02 W=5.90e-03 I=9.80e-04 O=1.43e-06)
It: 15710, Loss: 4.042e-02  (f=2.68e-02 W=5.99e-03 I=8.06e-04 O=1.77e-06)
It: 15720, Loss: 3.445e-02  (f=2.08e-02 W=6.01e-03 I=8.14e-04 O=7.60e-07)
It: 15730, Loss: 3.856e-02  (f=2.42e-02 W=5.67e-03 I=1.51e-03 O=1.59e-05)
It: 15740, Loss: 3.667e-02  (f=2.34e-02 W=6.07e-03 I=5.56e-04 O=4.83e-06)
It: 15750, Loss: 3.747e-02  (f=2.34e-02 W=5.89e-03 I=1.12e-03 O=1.27e-05)
It: 15760, Loss: 3.527e-02  (f=2.18e-02 W=6.00e-03 I=7.41e-04 O=8.15e-06)
It: 15770, Loss: 3.658e-02  (f=2.28e-02 W=5.96e-03 I=9.28e-04 O=2.62e-05)
It: 15780, Loss: 3.682e-02  (f=2.29e-02 W=5.91e-03 I=1.05e-03 O=1.65e-05)
It: 15790, Loss: 3.690e-02  (f=2.36e-02 W=6.02e-03 I=6.09e-04 O=3.39e-06)
It: 15800, Loss: 3.554e-02  (f=2.19e-02 W=5.90e-03 I=9.00e-04 O=1.44e-06)
It: 15810, Loss: 3.542e-02  (f=2.21e-02 W=6.01e-03 I=6.39e-04 O=3.36e-06)
It: 15820, Loss: 3.735e-02  (f=2.31e-02 W=5.86e-03 I=1.24e-03 O=1.65e-06)
It: 15830, Loss: 3.656e-02  (f=2.27e-02 W=5.82e-03 I=1.10e-03 O=1.17e-05)
It: 15840, Loss: 3.785e-02  (f=2.32e-02 W=5.74e-03 I=1.61e-03 O=4.68e-07)
It: 15850, Loss: 3.619e-02  (f=2.29e-02 W=6.06e-03 I=5.65e-04 O=7.69e-07)
It: 15860, Loss: 4.107e-02  (f=2.70e-02 W=5.63e-03 I=1.36e-03 O=3.20e-05)
It: 15870, Loss: 3.658e-02  (f=2.28e-02 W=6.06e-03 I=8.23e-04 O=1.17e-05)
It: 15880, Loss: 3.601e-02  (f=2.27e-02 W=5.99e-03 I=6.70e-04 O=1.80e-06)
It: 15890, Loss: 3.595e-02  (f=2.21e-02 W=5.94e-03 I=9.61e-04 O=3.10e-05)
It: 15900, Loss: 3.486e-02  (f=2.16e-02 W=5.87e-03 I=7.68e-04 O=5.85e-06)
It: 15910, Loss: 3.486e-02  (f=2.17e-02 W=5.93e-03 I=6.56e-04 O=3.87e-07)
It: 15920, Loss: 3.610e-02  (f=2.29e-02 W=5.94e-03 I=6.28e-04 O=1.21e-05)
It: 15930, Loss: 3.474e-02  (f=2.12e-02 W=5.78e-03 I=1.01e-03 O=5.06e-07)
It: 15940, Loss: 3.625e-02  (f=2.30e-02 W=5.93e-03 I=7.04e-04 O=2.77e-06)
It: 15950, Loss: 3.465e-02  (f=2.09e-02 W=5.83e-03 I=1.07e-03 O=1.78e-06)
It: 15960, Loss: 3.479e-02  (f=2.14e-02 W=5.94e-03 I=7.46e-04 O=6.06e-06)
It: 15970, Loss: 3.567e-02  (f=2.24e-02 W=5.99e-03 I=6.24e-04 O=2.22e-06)
It: 15980, Loss: 3.641e-02  (f=2.32e-02 W=5.89e-03 I=7.05e-04 O=4.03e-06)
It: 15990, Loss: 3.609e-02  (f=2.27e-02 W=5.90e-03 I=7.69e-04 O=7.37e-06)
It: 16000, Loss: 3.510e-02  (f=2.13e-02 W=5.90e-03 I=1.01e-03 O=4.33e-06)
It: 16010, Loss: 3.426e-02  (f=2.08e-02 W=5.89e-03 I=8.13e-04 O=6.38e-07)
It: 16020, Loss: 3.596e-02  (f=2.21e-02 W=5.79e-03 I=1.15e-03 O=2.58e-06)
It: 16030, Loss: 3.758e-02  (f=2.36e-02 W=5.87e-03 I=1.11e-03 O=2.88e-06)
It: 16040, Loss: 3.568e-02  (f=2.22e-02 W=5.87e-03 I=8.46e-04 O=9.48e-06)
It: 16050, Loss: 3.538e-02  (f=2.19e-02 W=5.90e-03 I=8.15e-04 O=1.25e-05)
It: 16060, Loss: 3.547e-02  (f=2.19e-02 W=5.80e-03 I=9.59e-04 O=1.06e-05)
It: 16070, Loss: 4.032e-02  (f=2.71e-02 W=5.80e-03 I=7.86e-04 O=3.55e-05)
It: 16080, Loss: 3.737e-02  (f=2.34e-02 W=5.92e-03 I=1.05e-03 O=1.13e-05)
It: 16090, Loss: 3.621e-02  (f=2.28e-02 W=5.93e-03 I=7.57e-04 O=1.00e-05)
It: 16100, Loss: 3.577e-02  (f=2.19e-02 W=5.86e-03 I=1.09e-03 O=3.52e-06)
It: 16110, Loss: 3.498e-02  (f=2.14e-02 W=5.86e-03 I=9.27e-04 O=8.40e-07)
It: 16120, Loss: 3.847e-02  (f=2.51e-02 W=5.70e-03 I=9.75e-04 O=1.64e-05)
It: 16130, Loss: 3.675e-02  (f=2.31e-02 W=5.69e-03 I=1.11e-03 O=3.40e-06)
It: 16140, Loss: 3.548e-02  (f=2.21e-02 W=5.96e-03 I=7.27e-04 O=4.46e-06)
It: 16150, Loss: 3.516e-02  (f=2.19e-02 W=5.93e-03 I=7.11e-04 O=9.49e-07)
It: 16160, Loss: 3.562e-02  (f=2.22e-02 W=5.95e-03 I=7.66e-04 O=4.37e-06)
It: 16170, Loss: 4.064e-02  (f=2.74e-02 W=6.08e-03 I=4.98e-04 O=2.12e-05)
It: 16180, Loss: 3.696e-02  (f=2.30e-02 W=5.71e-03 I=1.29e-03 O=5.36e-06)
It: 16190, Loss: 3.596e-02  (f=2.21e-02 W=5.94e-03 I=9.63e-04 O=3.29e-06)
It: 16200, Loss: 3.566e-02  (f=2.17e-02 W=5.78e-03 I=1.18e-03 O=4.44e-07)
It: 16210, Loss: 3.636e-02  (f=2.22e-02 W=5.82e-03 I=1.24e-03 O=2.94e-06)
It: 16220, Loss: 3.513e-02  (f=2.14e-02 W=5.82e-03 I=1.06e-03 O=7.93e-07)
It: 16230, Loss: 3.520e-02  (f=2.16e-02 W=5.85e-03 I=9.40e-04 O=1.94e-06)
It: 16240, Loss: 3.755e-02  (f=2.37e-02 W=5.82e-03 I=1.08e-03 O=1.03e-05)
It: 16250, Loss: 3.780e-02  (f=2.39e-02 W=5.76e-03 I=1.21e-03 O=5.28e-06)
It: 16260, Loss: 3.526e-02  (f=2.19e-02 W=5.82e-03 I=8.34e-04 O=8.74e-06)
It: 16270, Loss: 3.617e-02  (f=2.29e-02 W=5.96e-03 I=6.70e-04 O=8.02e-06)
It: 16280, Loss: 3.636e-02  (f=2.23e-02 W=5.77e-03 I=1.27e-03 O=9.28e-06)
It: 16290, Loss: 3.609e-02  (f=2.26e-02 W=5.79e-03 I=9.55e-04 O=1.78e-05)
It: 16300, Loss: 3.582e-02  (f=2.25e-02 W=6.01e-03 I=6.31e-04 O=9.46e-06)
It: 16310, Loss: 3.540e-02  (f=2.16e-02 W=5.84e-03 I=1.07e-03 O=2.38e-06)
It: 16320, Loss: 3.529e-02  (f=2.20e-02 W=5.85e-03 I=7.91e-04 O=7.98e-06)
It: 16330, Loss: 3.484e-02  (f=2.15e-02 W=5.79e-03 I=8.75e-04 O=5.02e-07)
It: 16340, Loss: 3.554e-02  (f=2.23e-02 W=5.78e-03 I=8.19e-04 O=6.20e-06)
It: 16350, Loss: 3.613e-02  (f=2.29e-02 W=5.83e-03 I=7.70e-04 O=1.31e-06)
It: 16360, Loss: 3.460e-02  (f=2.10e-02 W=5.70e-03 I=1.09e-03 O=2.21e-06)
It: 16370, Loss: 3.451e-02  (f=2.10e-02 W=5.76e-03 I=9.85e-04 O=5.53e-07)
It: 16380, Loss: 3.501e-02  (f=2.20e-02 W=5.91e-03 I=6.00e-04 O=7.50e-06)
It: 16390, Loss: 3.573e-02  (f=2.27e-02 W=5.85e-03 I=6.28e-04 O=1.05e-05)
It: 16400, Loss: 3.508e-02  (f=2.16e-02 W=5.70e-03 I=1.06e-03 O=5.39e-06)
It: 16410, Loss: 3.559e-02  (f=2.23e-02 W=5.78e-03 I=8.45e-04 O=1.80e-06)
It: 16420, Loss: 3.708e-02  (f=2.35e-02 W=5.66e-03 I=1.10e-03 O=1.18e-05)
It: 16430, Loss: 3.707e-02  (f=2.40e-02 W=5.82e-03 I=6.85e-04 O=8.67e-06)
It: 16440, Loss: 3.583e-02  (f=2.26e-02 W=5.87e-03 I=7.49e-04 O=1.31e-06)
It: 16450, Loss: 3.555e-02  (f=2.20e-02 W=5.77e-03 I=9.95e-04 O=1.70e-06)
It: 16460, Loss: 3.563e-02  (f=2.23e-02 W=5.80e-03 I=8.75e-04 O=1.15e-06)
It: 16470, Loss: 3.587e-02  (f=2.25e-02 W=5.73e-03 I=9.55e-04 O=8.27e-06)
It: 16480, Loss: 3.461e-02  (f=2.15e-02 W=5.86e-03 I=7.14e-04 O=3.41e-06)
It: 16490, Loss: 3.635e-02  (f=2.30e-02 W=5.74e-03 I=9.39e-04 O=1.79e-05)
It: 16500, Loss: 3.533e-02  (f=2.19e-02 W=5.78e-03 I=9.21e-04 O=9.33e-06)
It: 16510, Loss: 3.869e-02  (f=2.44e-02 W=5.59e-03 I=1.57e-03 O=1.26e-06)
It: 16520, Loss: 3.449e-02  (f=2.10e-02 W=5.76e-03 I=9.53e-04 O=4.69e-06)
It: 16530, Loss: 3.805e-02  (f=2.35e-02 W=5.79e-03 I=1.47e-03 O=3.11e-06)
It: 16540, Loss: 3.487e-02  (f=2.16e-02 W=5.90e-03 I=7.16e-04 O=2.81e-06)
It: 16550, Loss: 3.517e-02  (f=2.17e-02 W=5.79e-03 I=9.53e-04 O=3.08e-06)
It: 16560, Loss: 3.425e-02  (f=2.09e-02 W=5.79e-03 I=8.87e-04 O=4.60e-07)
It: 16570, Loss: 3.449e-02  (f=2.14e-02 W=5.75e-03 I=8.05e-04 O=4.37e-07)
It: 16580, Loss: 3.503e-02  (f=2.17e-02 W=5.63e-03 I=1.06e-03 O=1.03e-06)
It: 16590, Loss: 3.484e-02  (f=2.18e-02 W=5.59e-03 I=9.45e-04 O=3.86e-06)
It: 16600, Loss: 3.589e-02  (f=2.28e-02 W=5.65e-03 I=8.81e-04 O=9.85e-07)
It: 16610, Loss: 3.545e-02  (f=2.18e-02 W=5.60e-03 I=1.22e-03 O=4.78e-07)
It: 16620, Loss: 3.706e-02  (f=2.31e-02 W=5.76e-03 I=1.22e-03 O=1.06e-06)
It: 16630, Loss: 3.623e-02  (f=2.23e-02 W=5.73e-03 I=1.20e-03 O=1.29e-05)
It: 16640, Loss: 3.707e-02  (f=2.28e-02 W=5.96e-03 I=1.14e-03 O=1.72e-05)
It: 16650, Loss: 3.505e-02  (f=2.16e-02 W=6.03e-03 I=6.83e-04 O=3.56e-07)
It: 16660, Loss: 3.494e-02  (f=2.15e-02 W=5.92e-03 I=7.71e-04 O=2.03e-05)
It: 16670, Loss: 3.481e-02  (f=2.12e-02 W=5.83e-03 I=9.68e-04 O=1.81e-06)
It: 16680, Loss: 3.447e-02  (f=2.12e-02 W=5.79e-03 I=8.37e-04 O=1.19e-06)
It: 16690, Loss: 3.626e-02  (f=2.27e-02 W=5.78e-03 I=9.72e-04 O=1.61e-05)
It: 16700, Loss: 3.700e-02  (f=2.33e-02 W=5.78e-03 I=1.07e-03 O=1.69e-05)
It: 16710, Loss: 3.606e-02  (f=2.27e-02 W=6.00e-03 I=6.81e-04 O=3.09e-07)
It: 16720, Loss: 3.544e-02  (f=2.19e-02 W=5.79e-03 I=9.91e-04 O=2.09e-06)
It: 16730, Loss: 3.515e-02  (f=2.19e-02 W=5.91e-03 I=7.09e-04 O=8.43e-06)
It: 16740, Loss: 3.414e-02  (f=2.08e-02 W=5.81e-03 I=8.63e-04 O=4.57e-07)
It: 16750, Loss: 3.551e-02  (f=2.20e-02 W=5.75e-03 I=9.95e-04 O=1.24e-05)
It: 16760, Loss: 3.424e-02  (f=2.11e-02 W=5.79e-03 I=7.76e-04 O=4.35e-07)
It: 16770, Loss: 3.644e-02  (f=2.36e-02 W=5.85e-03 I=5.42e-04 O=4.53e-07)
It: 16780, Loss: 3.627e-02  (f=2.31e-02 W=5.83e-03 I=7.39e-04 O=7.24e-06)
It: 16790, Loss: 3.626e-02  (f=2.31e-02 W=5.86e-03 I=7.50e-04 O=8.25e-07)
It: 16800, Loss: 3.540e-02  (f=2.25e-02 W=5.86e-03 I=6.04e-04 O=4.28e-07)
It: 16810, Loss: 3.432e-02  (f=2.10e-02 W=5.76e-03 I=9.02e-04 O=8.51e-07)
It: 16820, Loss: 3.462e-02  (f=2.14e-02 W=5.79e-03 I=8.04e-04 O=1.45e-06)
It: 16830, Loss: 3.972e-02  (f=2.66e-02 W=5.75e-03 I=7.91e-04 O=1.41e-05)
It: 16840, Loss: 3.516e-02  (f=2.18e-02 W=5.74e-03 I=9.46e-04 O=9.61e-06)
It: 16850, Loss: 3.541e-02  (f=2.20e-02 W=5.76e-03 I=9.36e-04 O=5.04e-07)
It: 16860, Loss: 3.597e-02  (f=2.30e-02 W=5.75e-03 I=7.36e-04 O=1.38e-05)
It: 16870, Loss: 3.588e-02  (f=2.26e-02 W=5.72e-03 I=8.69e-04 O=2.37e-05)
It: 16880, Loss: 3.478e-02  (f=2.14e-02 W=5.78e-03 I=9.20e-04 O=1.67e-05)
It: 16890, Loss: 3.593e-02  (f=2.30e-02 W=5.88e-03 I=5.58e-04 O=1.26e-06)
It: 16900, Loss: 3.491e-02  (f=2.16e-02 W=5.65e-03 I=1.02e-03 O=6.82e-07)
It: 16910, Loss: 3.623e-02  (f=2.24e-02 W=5.78e-03 I=1.11e-03 O=5.92e-06)
It: 16920, Loss: 3.722e-02  (f=2.37e-02 W=5.64e-03 I=1.08e-03 O=3.17e-05)
It: 16930, Loss: 3.619e-02  (f=2.31e-02 W=5.78e-03 I=7.22e-04 O=2.78e-05)
It: 16940, Loss: 3.498e-02  (f=2.17e-02 W=5.72e-03 I=9.22e-04 O=2.26e-06)
It: 16950, Loss: 3.422e-02  (f=2.11e-02 W=5.77e-03 I=7.92e-04 O=1.89e-06)
It: 16960, Loss: 3.614e-02  (f=2.30e-02 W=5.68e-03 I=8.83e-04 O=1.01e-06)
It: 16970, Loss: 3.477e-02  (f=2.16e-02 W=5.69e-03 I=8.88e-04 O=3.24e-06)
It: 16980, Loss: 3.511e-02  (f=2.18e-02 W=5.61e-03 I=1.04e-03 O=6.11e-06)
It: 16990, Loss: 3.562e-02  (f=2.25e-02 W=5.58e-03 I=9.77e-04 O=7.63e-06)
It: 17000, Loss: 3.412e-02  (f=2.11e-02 W=5.73e-03 I=7.81e-04 O=2.97e-07)
It: 17010, Loss: 4.002e-02  (f=2.74e-02 W=5.93e-03 I=3.70e-04 O=1.04e-06)
It: 17020, Loss: 3.846e-02  (f=2.41e-02 W=5.48e-03 I=1.69e-03 O=1.12e-05)
It: 17030, Loss: 3.683e-02  (f=2.37e-02 W=5.96e-03 I=6.21e-04 O=1.13e-05)
It: 17040, Loss: 3.571e-02  (f=2.24e-02 W=5.92e-03 I=7.44e-04 O=8.79e-06)
It: 17050, Loss: 3.546e-02  (f=2.16e-02 W=5.74e-03 I=1.16e-03 O=2.02e-05)
It: 17060, Loss: 3.447e-02  (f=2.13e-02 W=5.74e-03 I=8.48e-04 O=1.84e-06)
It: 17070, Loss: 3.912e-02  (f=2.59e-02 W=5.79e-03 I=8.19e-04 O=2.08e-06)
It: 17080, Loss: 3.676e-02  (f=2.29e-02 W=5.76e-03 I=1.14e-03 O=6.76e-07)
It: 17090, Loss: 3.493e-02  (f=2.11e-02 W=5.84e-03 I=1.09e-03 O=1.26e-06)
It: 17100, Loss: 3.547e-02  (f=2.23e-02 W=5.86e-03 I=7.29e-04 O=4.43e-06)
It: 17110, Loss: 3.590e-02  (f=2.21e-02 W=5.66e-03 I=1.23e-03 O=9.93e-07)
It: 17120, Loss: 3.577e-02  (f=2.29e-02 W=5.78e-03 I=6.67e-04 O=9.20e-07)
It: 17130, Loss: 3.530e-02  (f=2.18e-02 W=5.68e-03 I=1.06e-03 O=5.21e-07)
It: 17140, Loss: 3.959e-02  (f=2.64e-02 W=5.63e-03 I=9.50e-04 O=6.11e-06)
It: 17150, Loss: 3.468e-02  (f=2.12e-02 W=5.78e-03 I=9.36e-04 O=1.59e-06)
It: 17160, Loss: 3.502e-02  (f=2.18e-02 W=5.70e-03 I=9.24e-04 O=4.12e-06)
It: 17170, Loss: 3.491e-02  (f=2.20e-02 W=5.77e-03 I=7.06e-04 O=1.54e-06)
It: 17180, Loss: 3.571e-02  (f=2.26e-02 W=5.66e-03 I=8.68e-04 O=4.75e-06)
It: 17190, Loss: 3.405e-02  (f=2.10e-02 W=5.69e-03 I=8.50e-04 O=6.26e-07)
It: 17200, Loss: 3.428e-02  (f=2.15e-02 W=5.68e-03 I=7.02e-04 O=4.49e-07)
It: 17210, Loss: 3.449e-02  (f=2.17e-02 W=5.67e-03 I=7.45e-04 O=2.66e-06)
It: 17220, Loss: 4.040e-02  (f=2.68e-02 W=5.76e-03 I=9.92e-04 O=4.23e-05)
It: 17230, Loss: 3.590e-02  (f=2.27e-02 W=5.60e-03 I=9.98e-04 O=1.72e-06)
It: 17240, Loss: 3.608e-02  (f=2.26e-02 W=5.78e-03 I=9.59e-04 O=5.31e-06)
It: 17250, Loss: 3.836e-02  (f=2.39e-02 W=5.54e-03 I=1.67e-03 O=6.39e-07)
It: 17260, Loss: 3.714e-02  (f=2.38e-02 W=5.81e-03 I=8.68e-04 O=9.26e-06)
It: 17270, Loss: 3.449e-02  (f=2.12e-02 W=5.75e-03 I=8.71e-04 O=6.80e-06)
It: 17280, Loss: 3.432e-02  (f=2.08e-02 W=5.77e-03 I=9.89e-04 O=5.04e-07)
It: 17290, Loss: 3.472e-02  (f=2.15e-02 W=5.70e-03 I=8.81e-04 O=1.16e-05)
It: 17300, Loss: 3.421e-02  (f=2.11e-02 W=5.72e-03 I=8.10e-04 O=5.92e-06)
It: 17310, Loss: 3.731e-02  (f=2.40e-02 W=5.77e-03 I=8.38e-04 O=3.03e-05)
It: 17320, Loss: 3.476e-02  (f=2.16e-02 W=5.71e-03 I=8.72e-04 O=9.36e-07)
It: 17330, Loss: 3.522e-02  (f=2.18e-02 W=5.61e-03 I=1.09e-03 O=2.94e-06)
It: 17340, Loss: 3.577e-02  (f=2.27e-02 W=5.81e-03 I=7.28e-04 O=1.89e-06)
It: 17350, Loss: 3.511e-02  (f=2.20e-02 W=5.77e-03 I=7.91e-04 O=8.15e-07)
It: 17360, Loss: 3.560e-02  (f=2.29e-02 W=5.75e-03 I=6.16e-04 O=4.18e-07)
It: 17370, Loss: 3.679e-02  (f=2.36e-02 W=5.68e-03 I=8.99e-04 O=2.09e-05)
It: 17380, Loss: 3.654e-02  (f=2.30e-02 W=5.85e-03 I=8.75e-04 O=2.79e-05)
It: 17390, Loss: 3.516e-02  (f=2.18e-02 W=5.87e-03 I=8.22e-04 O=4.11e-07)
It: 17400, Loss: 3.480e-02  (f=2.15e-02 W=5.66e-03 I=9.70e-04 O=3.34e-06)
It: 17410, Loss: 3.537e-02  (f=2.24e-02 W=5.70e-03 I=7.94e-04 O=2.37e-06)
It: 17420, Loss: 3.574e-02  (f=2.29e-02 W=5.65e-03 I=7.65e-04 O=6.85e-07)
It: 17430, Loss: 3.464e-02  (f=2.17e-02 W=5.66e-03 I=8.01e-04 O=3.57e-06)
It: 17440, Loss: 3.737e-02  (f=2.42e-02 W=5.53e-03 I=1.04e-03 O=2.42e-06)
It: 17450, Loss: 3.589e-02  (f=2.27e-02 W=5.75e-03 I=8.14e-04 O=4.79e-06)
It: 17460, Loss: 3.427e-02  (f=2.14e-02 W=5.71e-03 I=7.19e-04 O=8.63e-07)
It: 17470, Loss: 3.629e-02  (f=2.35e-02 W=5.75e-03 I=6.45e-04 O=1.35e-06)
It: 17480, Loss: 3.518e-02  (f=2.16e-02 W=5.57e-03 I=1.20e-03 O=4.66e-06)
It: 17490, Loss: 3.471e-02  (f=2.16e-02 W=5.72e-03 I=8.50e-04 O=1.89e-06)
It: 17500, Loss: 3.607e-02  (f=2.23e-02 W=5.61e-03 I=1.28e-03 O=1.32e-06)
It: 17510, Loss: 3.437e-02  (f=2.10e-02 W=5.67e-03 I=9.93e-04 O=2.69e-06)
It: 17520, Loss: 3.529e-02  (f=2.14e-02 W=5.68e-03 I=1.24e-03 O=3.27e-06)
It: 17530, Loss: 3.524e-02  (f=2.23e-02 W=5.89e-03 I=5.92e-04 O=3.06e-06)
It: 17540, Loss: 3.856e-02  (f=2.51e-02 W=5.73e-03 I=9.55e-04 O=3.81e-05)
It: 17550, Loss: 3.556e-02  (f=2.21e-02 W=5.84e-03 I=8.81e-04 O=1.10e-05)
It: 17560, Loss: 3.695e-02  (f=2.33e-02 W=5.71e-03 I=1.10e-03 O=1.81e-05)
It: 17570, Loss: 3.573e-02  (f=2.25e-02 W=5.76e-03 I=8.42e-04 O=4.14e-07)
It: 17580, Loss: 3.465e-02  (f=2.18e-02 W=5.76e-03 I=6.57e-04 O=4.86e-06)
It: 17590, Loss: 3.676e-02  (f=2.36e-02 W=5.58e-03 I=1.00e-03 O=6.15e-06)
It: 17600, Loss: 3.430e-02  (f=2.12e-02 W=5.65e-03 I=9.13e-04 O=5.18e-06)
It: 17610, Loss: 3.521e-02  (f=2.23e-02 W=5.65e-03 I=7.88e-04 O=1.00e-06)
It: 17620, Loss: 3.442e-02  (f=2.14e-02 W=5.73e-03 I=7.49e-04 O=1.38e-05)
It: 17630, Loss: 3.509e-02  (f=2.23e-02 W=5.70e-03 I=7.02e-04 O=2.87e-06)
It: 17640, Loss: 3.426e-02  (f=2.13e-02 W=5.73e-03 I=7.60e-04 O=1.52e-06)
It: 17650, Loss: 3.599e-02  (f=2.29e-02 W=5.65e-03 I=8.91e-04 O=6.71e-06)
It: 17660, Loss: 3.691e-02  (f=2.37e-02 W=5.74e-03 I=8.43e-04 O=9.00e-06)
It: 17670, Loss: 3.549e-02  (f=2.26e-02 W=5.68e-03 I=7.43e-04 O=1.80e-06)
It: 17680, Loss: 3.408e-02  (f=2.10e-02 W=5.68e-03 I=8.61e-04 O=2.51e-06)
It: 17690, Loss: 3.704e-02  (f=2.35e-02 W=5.72e-03 I=1.01e-03 O=1.45e-05)
It: 17700, Loss: 3.557e-02  (f=2.20e-02 W=5.64e-03 I=1.16e-03 O=6.16e-07)
It: 17710, Loss: 3.474e-02  (f=2.20e-02 W=5.69e-03 I=6.68e-04 O=3.26e-06)
It: 17720, Loss: 3.730e-02  (f=2.43e-02 W=5.59e-03 I=9.16e-04 O=4.52e-06)
It: 17730, Loss: 3.507e-02  (f=2.23e-02 W=5.73e-03 I=6.36e-04 O=3.99e-07)
It: 17740, Loss: 3.501e-02  (f=2.17e-02 W=5.63e-03 I=1.04e-03 O=1.13e-06)
It: 17750, Loss: 3.624e-02  (f=2.34e-02 W=5.75e-03 I=6.65e-04 O=1.55e-05)
It: 17760, Loss: 3.457e-02  (f=2.16e-02 W=5.63e-03 I=8.64e-04 O=7.23e-07)
It: 17770, Loss: 3.456e-02  (f=2.17e-02 W=5.65e-03 I=7.87e-04 O=2.05e-06)
It: 17780, Loss: 3.623e-02  (f=2.30e-02 W=5.52e-03 I=1.11e-03 O=1.01e-05)
It: 17790, Loss: 3.721e-02  (f=2.31e-02 W=5.49e-03 I=1.55e-03 O=3.89e-06)
It: 17800, Loss: 3.507e-02  (f=2.19e-02 W=5.74e-03 I=8.22e-04 O=3.36e-06)
It: 17810, Loss: 3.422e-02  (f=2.15e-02 W=5.73e-03 I=6.51e-04 O=9.10e-07)
It: 17820, Loss: 3.492e-02  (f=2.22e-02 W=5.68e-03 I=6.59e-04 O=1.20e-06)
It: 17830, Loss: 3.535e-02  (f=2.27e-02 W=5.73e-03 I=5.80e-04 O=2.54e-06)
It: 17840, Loss: 3.575e-02  (f=2.32e-02 W=5.64e-03 I=6.44e-04 O=3.92e-07)
It: 17850, Loss: 3.683e-02  (f=2.39e-02 W=5.69e-03 I=7.67e-04 O=4.30e-06)
It: 17860, Loss: 3.414e-02  (f=2.12e-02 W=5.71e-03 I=7.74e-04 O=4.50e-07)
It: 17870, Loss: 3.570e-02  (f=2.26e-02 W=5.73e-03 I=8.42e-04 O=4.60e-07)
It: 17880, Loss: 3.636e-02  (f=2.35e-02 W=5.67e-03 I=7.65e-04 O=3.76e-06)
It: 17890, Loss: 3.475e-02  (f=2.16e-02 W=5.78e-03 I=7.75e-04 O=4.43e-06)
It: 17900, Loss: 3.421e-02  (f=2.11e-02 W=5.70e-03 I=8.44e-04 O=1.06e-05)
It: 17910, Loss: 3.590e-02  (f=2.26e-02 W=5.56e-03 I=1.06e-03 O=6.23e-06)
It: 17920, Loss: 3.492e-02  (f=2.21e-02 W=5.63e-03 I=7.92e-04 O=1.06e-05)
It: 17930, Loss: 3.982e-02  (f=2.66e-02 W=5.43e-03 I=1.15e-03 O=1.24e-05)
It: 17940, Loss: 3.629e-02  (f=2.30e-02 W=5.74e-03 I=8.91e-04 O=3.28e-06)
It: 17950, Loss: 3.675e-02  (f=2.36e-02 W=5.70e-03 I=8.60e-04 O=1.41e-06)
It: 17960, Loss: 3.502e-02  (f=2.20e-02 W=5.75e-03 I=7.75e-04 O=3.26e-06)
It: 17970, Loss: 3.571e-02  (f=2.22e-02 W=5.65e-03 I=1.10e-03 O=6.85e-06)
It: 17980, Loss: 3.463e-02  (f=2.18e-02 W=5.64e-03 I=7.64e-04 O=2.83e-05)
It: 17990, Loss: 3.659e-02  (f=2.31e-02 W=5.52e-03 I=1.24e-03 O=8.74e-07)
It: 18000, Loss: 3.433e-02  (f=2.12e-02 W=5.63e-03 I=9.54e-04 O=2.23e-06)
It: 18010, Loss: 3.684e-02  (f=2.38e-02 W=5.61e-03 I=9.20e-04 O=4.06e-07)
It: 18020, Loss: 3.624e-02  (f=2.27e-02 W=5.54e-03 I=1.22e-03 O=7.95e-07)
It: 18030, Loss: 3.537e-02  (f=2.17e-02 W=5.66e-03 I=1.15e-03 O=4.21e-06)
It: 18040, Loss: 3.530e-02  (f=2.21e-02 W=5.63e-03 I=9.72e-04 O=1.95e-06)
It: 18050, Loss: 3.831e-02  (f=2.55e-02 W=5.86e-03 I=5.56e-04 O=1.44e-05)
It: 18060, Loss: 3.471e-02  (f=2.16e-02 W=5.67e-03 I=8.66e-04 O=3.87e-06)
It: 18070, Loss: 3.421e-02  (f=2.11e-02 W=5.59e-03 I=9.52e-04 O=1.65e-06)
It: 18080, Loss: 3.605e-02  (f=2.33e-02 W=5.74e-03 I=6.17e-04 O=6.33e-07)
It: 18090, Loss: 3.480e-02  (f=2.20e-02 W=5.61e-03 I=8.02e-04 O=4.47e-06)
It: 18100, Loss: 3.476e-02  (f=2.21e-02 W=5.65e-03 I=6.77e-04 O=7.48e-07)
It: 18110, Loss: 3.470e-02  (f=2.19e-02 W=5.56e-03 I=8.54e-04 O=6.47e-07)
It: 18120, Loss: 3.637e-02  (f=2.33e-02 W=5.44e-03 I=1.12e-03 O=1.86e-06)
It: 18130, Loss: 3.552e-02  (f=2.30e-02 W=5.66e-03 I=6.14e-04 O=7.76e-07)
It: 18140, Loss: 3.611e-02  (f=2.35e-02 W=5.70e-03 I=6.17e-04 O=5.37e-07)
It: 18150, Loss: 3.632e-02  (f=2.35e-02 W=5.75e-03 I=6.40e-04 O=2.47e-07)
It: 18160, Loss: 3.402e-02  (f=2.12e-02 W=5.65e-03 I=7.85e-04 O=4.10e-07)
It: 18170, Loss: 3.388e-02  (f=2.10e-02 W=5.62e-03 I=8.43e-04 O=1.78e-06)
It: 18180, Loss: 3.674e-02  (f=2.35e-02 W=5.52e-03 I=1.12e-03 O=3.21e-07)
It: 18190, Loss: 3.550e-02  (f=2.24e-02 W=5.57e-03 I=9.96e-04 O=1.03e-05)
It: 18200, Loss: 3.490e-02  (f=2.20e-02 W=5.65e-03 I=7.98e-04 O=1.43e-05)
It: 18210, Loss: 4.243e-02  (f=2.79e-02 W=5.74e-03 I=1.52e-03 O=2.89e-05)
It: 18220, Loss: 3.577e-02  (f=2.22e-02 W=5.91e-03 I=8.37e-04 O=2.24e-05)
It: 18230, Loss: 3.398e-02  (f=2.07e-02 W=5.75e-03 I=9.01e-04 O=3.41e-06)
It: 18240, Loss: 3.402e-02  (f=2.11e-02 W=5.72e-03 I=7.54e-04 O=1.06e-06)
It: 18250, Loss: 3.744e-02  (f=2.41e-02 W=5.67e-03 I=1.00e-03 O=1.19e-05)
It: 18260, Loss: 3.556e-02  (f=2.30e-02 W=5.69e-03 I=5.83e-04 O=4.20e-06)
It: 18270, Loss: 3.399e-02  (f=2.10e-02 W=5.61e-03 I=8.50e-04 O=3.87e-06)
It: 18280, Loss: 3.442e-02  (f=2.15e-02 W=5.58e-03 I=8.64e-04 O=1.06e-05)
It: 18290, Loss: 3.427e-02  (f=2.14e-02 W=5.49e-03 I=9.62e-04 O=5.14e-06)
It: 18300, Loss: 3.570e-02  (f=2.26e-02 W=5.45e-03 I=1.09e-03 O=8.39e-06)
It: 18310, Loss: 3.813e-02  (f=2.57e-02 W=5.66e-03 I=5.56e-04 O=1.95e-05)
It: 18320, Loss: 3.575e-02  (f=2.27e-02 W=5.69e-03 I=8.51e-04 O=1.26e-06)
It: 18330, Loss: 3.550e-02  (f=2.27e-02 W=5.70e-03 I=7.20e-04 O=2.33e-06)
It: 18340, Loss: 3.433e-02  (f=2.12e-02 W=5.69e-03 I=8.91e-04 O=9.28e-07)
It: 18350, Loss: 3.463e-02  (f=2.19e-02 W=5.65e-03 I=7.01e-04 O=1.19e-05)
It: 18360, Loss: 3.424e-02  (f=2.16e-02 W=5.62e-03 I=7.07e-04 O=4.99e-06)
It: 18370, Loss: 3.732e-02  (f=2.45e-02 W=5.67e-03 I=7.15e-04 O=1.78e-05)
It: 18380, Loss: 3.574e-02  (f=2.26e-02 W=5.45e-03 I=1.11e-03 O=9.42e-06)
It: 18390, Loss: 3.593e-02  (f=2.31e-02 W=5.52e-03 I=8.68e-04 O=7.77e-07)
It: 18400, Loss: 3.537e-02  (f=2.25e-02 W=5.67e-03 I=7.48e-04 O=1.40e-05)
It: 18410, Loss: 3.465e-02  (f=2.17e-02 W=5.63e-03 I=8.51e-04 O=5.77e-06)
It: 18420, Loss: 3.499e-02  (f=2.25e-02 W=5.69e-03 I=5.63e-04 O=1.02e-06)
It: 18430, Loss: 3.631e-02  (f=2.33e-02 W=5.64e-03 I=8.55e-04 O=7.13e-07)
It: 18440, Loss: 3.570e-02  (f=2.23e-02 W=5.50e-03 I=1.17e-03 O=2.71e-06)
It: 18450, Loss: 3.544e-02  (f=2.28e-02 W=5.68e-03 I=6.30e-04 O=7.11e-07)
It: 18460, Loss: 3.577e-02  (f=2.28e-02 W=5.50e-03 I=9.71e-04 O=5.11e-06)
It: 18470, Loss: 3.737e-02  (f=2.50e-02 W=5.72e-03 I=4.88e-04 O=1.11e-06)
It: 18480, Loss: 3.559e-02  (f=2.20e-02 W=5.57e-03 I=1.22e-03 O=5.61e-07)
It: 18490, Loss: 3.488e-02  (f=2.19e-02 W=5.61e-03 I=8.87e-04 O=1.73e-06)
It: 18500, Loss: 3.478e-02  (f=2.20e-02 W=5.69e-03 I=6.84e-04 O=3.37e-06)
It: 18510, Loss: 3.443e-02  (f=2.15e-02 W=5.62e-03 I=8.31e-04 O=6.17e-06)
It: 18520, Loss: 3.550e-02  (f=2.21e-02 W=5.43e-03 I=1.27e-03 O=1.28e-06)
It: 18530, Loss: 3.469e-02  (f=2.19e-02 W=5.60e-03 I=7.86e-04 O=1.35e-06)
It: 18540, Loss: 3.800e-02  (f=2.41e-02 W=5.33e-03 I=1.61e-03 O=1.14e-06)
It: 18550, Loss: 3.506e-02  (f=2.27e-02 W=5.65e-03 I=5.39e-04 O=3.38e-06)
It: 18560, Loss: 3.376e-02  (f=2.10e-02 W=5.52e-03 I=8.58e-04 O=8.55e-07)
It: 18570, Loss: 3.401e-02  (f=2.11e-02 W=5.55e-03 I=9.01e-04 O=1.95e-06)
It: 18580, Loss: 3.420e-02  (f=2.15e-02 W=5.58e-03 I=7.93e-04 O=5.94e-07)
It: 18590, Loss: 3.661e-02  (f=2.42e-02 W=5.63e-03 I=5.76e-04 O=1.65e-05)
It: 18600, Loss: 3.695e-02  (f=2.38e-02 W=5.52e-03 I=1.04e-03 O=1.16e-05)
It: 18610, Loss: 3.532e-02  (f=2.22e-02 W=5.60e-03 I=9.46e-04 O=2.34e-05)
It: 18620, Loss: 3.600e-02  (f=2.28e-02 W=5.52e-03 I=1.07e-03 O=6.65e-06)
It: 18630, Loss: 3.475e-02  (f=2.21e-02 W=5.65e-03 I=6.86e-04 O=3.93e-07)
It: 18640, Loss: 3.481e-02  (f=2.19e-02 W=5.60e-03 I=8.68e-04 O=3.43e-06)
It: 18650, Loss: 3.710e-02  (f=2.36e-02 W=5.63e-03 I=1.11e-03 O=1.18e-05)
It: 18660, Loss: 3.538e-02  (f=2.20e-02 W=5.60e-03 I=1.11e-03 O=4.17e-07)
It: 18670, Loss: 3.511e-02  (f=2.23e-02 W=5.70e-03 I=7.08e-04 O=1.19e-06)
It: 18680, Loss: 3.424e-02  (f=2.11e-02 W=5.53e-03 I=1.01e-03 O=4.84e-06)
It: 18690, Loss: 3.547e-02  (f=2.23e-02 W=5.52e-03 I=1.01e-03 O=4.05e-05)
It: 18700, Loss: 3.733e-02  (f=2.40e-02 W=5.60e-03 I=1.04e-03 O=1.49e-05)
It: 18710, Loss: 3.452e-02  (f=2.20e-02 W=5.59e-03 I=6.74e-04 O=1.01e-05)
It: 18720, Loss: 3.498e-02  (f=2.25e-02 W=5.62e-03 I=5.89e-04 O=5.14e-06)
It: 18730, Loss: 3.502e-02  (f=2.22e-02 W=5.64e-03 I=7.43e-04 O=1.41e-06)
It: 18740, Loss: 3.427e-02  (f=2.15e-02 W=5.52e-03 I=8.52e-04 O=3.49e-07)
It: 18750, Loss: 3.721e-02  (f=2.37e-02 W=5.54e-03 I=1.21e-03 O=7.95e-07)
It: 18760, Loss: 3.497e-02  (f=2.24e-02 W=5.57e-03 I=6.82e-04 O=5.23e-06)
It: 18770, Loss: 3.538e-02  (f=2.26e-02 W=5.53e-03 I=8.37e-04 O=3.74e-06)
It: 18780, Loss: 3.440e-02  (f=2.13e-02 W=5.54e-03 I=1.00e-03 O=1.17e-06)
It: 18790, Loss: 3.603e-02  (f=2.31e-02 W=5.58e-03 I=8.63e-04 O=1.46e-06)
It: 18800, Loss: 3.535e-02  (f=2.29e-02 W=5.65e-03 I=5.48e-04 O=4.11e-06)
It: 18810, Loss: 3.430e-02  (f=2.14e-02 W=5.56e-03 I=8.90e-04 O=9.06e-07)
It: 18820, Loss: 3.397e-02  (f=2.12e-02 W=5.60e-03 I=8.06e-04 O=2.72e-07)
It: 18830, Loss: 3.587e-02  (f=2.27e-02 W=5.48e-03 I=1.09e-03 O=8.88e-07)
It: 18840, Loss: 3.369e-02  (f=2.11e-02 W=5.55e-03 I=7.19e-04 O=3.08e-07)
It: 18850, Loss: 3.530e-02  (f=2.29e-02 W=5.58e-03 I=6.33e-04 O=4.72e-06)
It: 18860, Loss: 3.733e-02  (f=2.40e-02 W=5.42e-03 I=1.23e-03 O=7.90e-06)
It: 18870, Loss: 3.786e-02  (f=2.53e-02 W=5.74e-03 I=5.32e-04 O=1.79e-05)
It: 18880, Loss: 3.523e-02  (f=2.16e-02 W=5.54e-03 I=1.28e-03 O=1.36e-06)
It: 18890, Loss: 3.607e-02  (f=2.31e-02 W=5.69e-03 I=7.75e-04 O=2.30e-05)
It: 18900, Loss: 3.443e-02  (f=2.16e-02 W=5.63e-03 I=7.86e-04 O=4.20e-06)
It: 18910, Loss: 3.425e-02  (f=2.15e-02 W=5.54e-03 I=8.18e-04 O=6.99e-06)
It: 18920, Loss: 3.532e-02  (f=2.26e-02 W=5.67e-03 I=6.82e-04 O=2.59e-06)
It: 18930, Loss: 3.527e-02  (f=2.21e-02 W=5.50e-03 I=1.11e-03 O=1.18e-06)
It: 18940, Loss: 3.639e-02  (f=2.29e-02 W=5.72e-03 I=1.02e-03 O=4.69e-06)
It: 18950, Loss: 3.507e-02  (f=2.22e-02 W=5.67e-03 I=7.26e-04 O=1.69e-05)
It: 18960, Loss: 3.503e-02  (f=2.21e-02 W=5.58e-03 I=8.94e-04 O=1.22e-06)
It: 18970, Loss: 3.393e-02  (f=2.14e-02 W=5.59e-03 I=6.76e-04 O=3.47e-07)
It: 18980, Loss: 3.431e-02  (f=2.17e-02 W=5.57e-03 I=7.55e-04 O=3.18e-06)
It: 18990, Loss: 3.475e-02  (f=2.20e-02 W=5.50e-03 I=8.88e-04 O=6.26e-06)
It: 19000, Loss: 3.501e-02  (f=2.19e-02 W=5.40e-03 I=1.14e-03 O=5.57e-07)
It: 19010, Loss: 3.506e-02  (f=2.25e-02 W=5.62e-03 I=6.43e-04 O=2.88e-06)
It: 19020, Loss: 3.393e-02  (f=2.13e-02 W=5.47e-03 I=8.36e-04 O=1.74e-05)
It: 19030, Loss: 3.406e-02  (f=2.15e-02 W=5.50e-03 I=7.49e-04 O=1.57e-06)
It: 19040, Loss: 3.502e-02  (f=2.25e-02 W=5.53e-03 I=7.05e-04 O=3.84e-06)
It: 19050, Loss: 3.644e-02  (f=2.31e-02 W=5.45e-03 I=1.22e-03 O=3.13e-06)
It: 19060, Loss: 3.557e-02  (f=2.26e-02 W=5.47e-03 I=1.00e-03 O=3.73e-07)
It: 19070, Loss: 3.542e-02  (f=2.26e-02 W=5.56e-03 I=8.39e-04 O=3.33e-06)
It: 19080, Loss: 3.620e-02  (f=2.32e-02 W=5.55e-03 I=9.55e-04 O=8.04e-06)
It: 19090, Loss: 3.416e-02  (f=2.13e-02 W=5.58e-03 I=8.41e-04 O=5.59e-07)
It: 19100, Loss: 3.357e-02  (f=2.10e-02 W=5.52e-03 I=7.49e-04 O=7.48e-07)
It: 19110, Loss: 3.376e-02  (f=2.11e-02 W=5.50e-03 I=8.33e-04 O=4.01e-06)
It: 19120, Loss: 3.471e-02  (f=2.19e-02 W=5.42e-03 I=9.75e-04 O=5.82e-07)
It: 19130, Loss: 4.072e-02  (f=2.61e-02 W=5.33e-03 I=1.96e-03 O=4.74e-06)
It: 19140, Loss: 3.711e-02  (f=2.36e-02 W=5.66e-03 I=9.76e-04 O=9.69e-05)
It: 19150, Loss: 3.401e-02  (f=2.09e-02 W=5.63e-03 I=9.37e-04 O=5.13e-07)
It: 19160, Loss: 3.465e-02  (f=2.16e-02 W=5.59e-03 I=8.77e-04 O=3.65e-05)
It: 19170, Loss: 3.422e-02  (f=2.16e-02 W=5.64e-03 I=6.48e-04 O=1.41e-06)
It: 19180, Loss: 3.404e-02  (f=2.14e-02 W=5.52e-03 I=8.08e-04 O=1.50e-06)
It: 19190, Loss: 3.534e-02  (f=2.22e-02 W=5.48e-03 I=1.07e-03 O=1.45e-05)
It: 19200, Loss: 3.366e-02  (f=2.11e-02 W=5.43e-03 I=8.37e-04 O=8.07e-07)
It: 19210, Loss: 4.168e-02  (f=2.95e-02 W=5.70e-03 I=3.95e-04 O=9.40e-07)
It: 19220, Loss: 3.640e-02  (f=2.31e-02 W=5.49e-03 I=1.16e-03 O=2.80e-06)
It: 19230, Loss: 3.531e-02  (f=2.25e-02 W=5.62e-03 I=7.79e-04 O=5.15e-07)
It: 19240, Loss: 3.372e-02  (f=2.08e-02 W=5.58e-03 I=8.71e-04 O=4.01e-07)
It: 19250, Loss: 3.534e-02  (f=2.26e-02 W=5.58e-03 I=7.86e-04 O=7.41e-06)
It: 19260, Loss: 3.621e-02  (f=2.32e-02 W=5.55e-03 I=9.55e-04 O=1.58e-06)
It: 19270, Loss: 3.484e-02  (f=2.20e-02 W=5.52e-03 I=8.83e-04 O=1.85e-06)
It: 19280, Loss: 3.732e-02  (f=2.44e-02 W=5.49e-03 I=9.67e-04 O=4.91e-06)
It: 19290, Loss: 3.434e-02  (f=2.14e-02 W=5.57e-03 I=9.23e-04 O=3.91e-07)
It: 19300, Loss: 3.470e-02  (f=2.22e-02 W=5.52e-03 I=7.35e-04 O=5.49e-07)
It: 19310, Loss: 3.529e-02  (f=2.27e-02 W=5.58e-03 I=7.31e-04 O=6.48e-07)
It: 19320, Loss: 3.483e-02  (f=2.25e-02 W=5.52e-03 I=6.59e-04 O=2.59e-06)
It: 19330, Loss: 3.486e-02  (f=2.24e-02 W=5.44e-03 I=7.97e-04 O=2.30e-06)
It: 19340, Loss: 3.442e-02  (f=2.18e-02 W=5.42e-03 I=8.66e-04 O=9.52e-07)
It: 19350, Loss: 3.373e-02  (f=2.10e-02 W=5.48e-03 I=8.95e-04 O=1.92e-06)
It: 19360, Loss: 3.431e-02  (f=2.20e-02 W=5.44e-03 I=7.31e-04 O=7.50e-06)
It: 19370, Loss: 4.147e-02  (f=2.92e-02 W=5.62e-03 I=5.05e-04 O=2.97e-05)
It: 19380, Loss: 3.511e-02  (f=2.17e-02 W=5.45e-03 I=1.26e-03 O=7.68e-07)
It: 19390, Loss: 3.493e-02  (f=2.19e-02 W=5.47e-03 I=1.05e-03 O=1.18e-05)
It: 19400, Loss: 3.503e-02  (f=2.25e-02 W=5.68e-03 I=5.81e-04 O=5.80e-06)
It: 19410, Loss: 3.388e-02  (f=2.13e-02 W=5.46e-03 I=8.34e-04 O=6.79e-07)
It: 19420, Loss: 3.771e-02  (f=2.45e-02 W=5.50e-03 I=1.11e-03 O=8.05e-06)
It: 19430, Loss: 3.518e-02  (f=2.27e-02 W=5.59e-03 I=6.32e-04 O=5.39e-06)
It: 19440, Loss: 3.401e-02  (f=2.13e-02 W=5.51e-03 I=8.50e-04 O=3.12e-06)
It: 19450, Loss: 3.389e-02  (f=2.13e-02 W=5.46e-03 I=8.17e-04 O=2.44e-06)
It: 19460, Loss: 3.561e-02  (f=2.30e-02 W=5.44e-03 I=8.71e-04 O=1.42e-06)
It: 19470, Loss: 3.600e-02  (f=2.33e-02 W=5.31e-03 I=1.02e-03 O=2.56e-05)
It: 19480, Loss: 3.766e-02  (f=2.53e-02 W=5.48e-03 I=6.71e-04 O=1.59e-05)
It: 19490, Loss: 3.545e-02  (f=2.26e-02 W=5.65e-03 I=7.63e-04 O=1.62e-06)
It: 19500, Loss: 3.756e-02  (f=2.50e-02 W=5.62e-03 I=6.48e-04 O=2.25e-05)
It: 19510, Loss: 3.454e-02  (f=2.15e-02 W=5.57e-03 I=9.28e-04 O=1.03e-06)
It: 19520, Loss: 3.690e-02  (f=2.46e-02 W=5.59e-03 I=5.76e-04 O=6.91e-06)
It: 19530, Loss: 3.438e-02  (f=2.14e-02 W=5.45e-03 I=1.05e-03 O=4.81e-06)
It: 19540, Loss: 3.442e-02  (f=2.17e-02 W=5.38e-03 I=9.49e-04 O=3.95e-06)
It: 19550, Loss: 3.408e-02  (f=2.15e-02 W=5.54e-03 I=7.36e-04 O=3.08e-06)
It: 19560, Loss: 3.574e-02  (f=2.31e-02 W=5.47e-03 I=8.49e-04 O=5.84e-07)
It: 19570, Loss: 3.514e-02  (f=2.28e-02 W=5.47e-03 I=6.76e-04 O=3.46e-06)
It: 19580, Loss: 3.395e-02  (f=2.11e-02 W=5.51e-03 I=9.35e-04 O=2.32e-06)
It: 19590, Loss: 3.502e-02  (f=2.18e-02 W=5.43e-03 I=1.18e-03 O=3.55e-06)
It: 19600, Loss: 3.446e-02  (f=2.16e-02 W=5.43e-03 I=9.93e-04 O=1.59e-06)
It: 19610, Loss: 3.537e-02  (f=2.22e-02 W=5.41e-03 I=1.14e-03 O=3.09e-06)
It: 19620, Loss: 3.874e-02  (f=2.47e-02 W=5.44e-03 I=1.55e-03 O=1.10e-05)
It: 19630, Loss: 3.522e-02  (f=2.28e-02 W=5.61e-03 I=6.22e-04 O=1.23e-06)
It: 19640, Loss: 3.361e-02  (f=2.09e-02 W=5.44e-03 I=8.99e-04 O=1.39e-06)
It: 19650, Loss: 3.587e-02  (f=2.34e-02 W=5.40e-03 I=8.18e-04 O=8.64e-07)
It: 19660, Loss: 3.358e-02  (f=2.10e-02 W=5.44e-03 I=8.35e-04 O=3.28e-07)
It: 19670, Loss: 3.458e-02  (f=2.21e-02 W=5.50e-03 I=7.37e-04 O=2.35e-05)
It: 19680, Loss: 3.411e-02  (f=2.16e-02 W=5.46e-03 I=8.08e-04 O=8.62e-06)
It: 19690, Loss: 3.425e-02  (f=2.18e-02 W=5.41e-03 I=8.14e-04 O=4.79e-07)
It: 19700, Loss: 3.425e-02  (f=2.17e-02 W=5.34e-03 I=9.07e-04 O=4.32e-06)
It: 19710, Loss: 3.742e-02  (f=2.47e-02 W=5.29e-03 I=1.08e-03 O=1.08e-05)
It: 19720, Loss: 3.521e-02  (f=2.21e-02 W=5.56e-03 I=9.93e-04 O=8.85e-06)
It: 19730, Loss: 3.380e-02  (f=2.13e-02 W=5.56e-03 I=6.79e-04 O=5.06e-06)
It: 19740, Loss: 3.445e-02  (f=2.17e-02 W=5.45e-03 I=9.01e-04 O=4.80e-06)
It: 19750, Loss: 3.381e-02  (f=2.15e-02 W=5.48e-03 I=6.79e-04 O=7.09e-06)
It: 19760, Loss: 4.052e-02  (f=2.74e-02 W=5.51e-03 I=1.02e-03 O=2.14e-05)
It: 19770, Loss: 3.583e-02  (f=2.33e-02 W=5.38e-03 I=9.04e-04 O=2.37e-06)
It: 19780, Loss: 3.399e-02  (f=2.13e-02 W=5.51e-03 I=8.50e-04 O=1.29e-06)
It: 19790, Loss: 3.411e-02  (f=2.15e-02 W=5.48e-03 I=8.24e-04 O=1.95e-06)
It: 19800, Loss: 3.445e-02  (f=2.22e-02 W=5.45e-03 I=6.41e-04 O=1.51e-05)
It: 19810, Loss: 3.540e-02  (f=2.31e-02 W=5.38e-03 I=7.50e-04 O=1.28e-05)
It: 19820, Loss: 3.756e-02  (f=2.53e-02 W=5.51e-03 I=5.78e-04 O=1.51e-05)
It: 19830, Loss: 3.654e-02  (f=2.31e-02 W=5.43e-03 I=1.27e-03 O=9.37e-07)
It: 19840, Loss: 3.371e-02  (f=2.12e-02 W=5.39e-03 I=8.52e-04 O=2.80e-06)
It: 19850, Loss: 3.424e-02  (f=2.19e-02 W=5.49e-03 I=6.99e-04 O=1.19e-06)
It: 19860, Loss: 3.606e-02  (f=2.38e-02 W=5.50e-03 I=6.09e-04 O=1.02e-06)
It: 19870, Loss: 3.395e-02  (f=2.15e-02 W=5.47e-03 I=7.42e-04 O=1.37e-05)
It: 19880, Loss: 3.451e-02  (f=2.23e-02 W=5.53e-03 I=5.72e-04 O=1.44e-06)
It: 19890, Loss: 3.511e-02  (f=2.30e-02 W=5.52e-03 I=5.23e-04 O=1.16e-06)
It: 19900, Loss: 3.363e-02  (f=2.12e-02 W=5.47e-03 I=7.34e-04 O=7.51e-06)
It: 19910, Loss: 3.669e-02  (f=2.41e-02 W=5.23e-03 I=1.07e-03 O=1.89e-05)
It: 19920, Loss: 3.471e-02  (f=2.21e-02 W=5.47e-03 I=8.26e-04 O=1.14e-06)
It: 19930, Loss: 3.426e-02  (f=2.16e-02 W=5.44e-03 I=8.46e-04 O=4.61e-05)
It: 19940, Loss: 3.375e-02  (f=2.14e-02 W=5.38e-03 I=7.94e-04 O=5.41e-06)
It: 19950, Loss: 3.634e-02  (f=2.42e-02 W=5.43e-03 I=6.47e-04 O=7.08e-07)
It: 19960, Loss: 3.375e-02  (f=2.13e-02 W=5.44e-03 I=7.88e-04 O=2.62e-06)
It: 19970, Loss: 3.487e-02  (f=2.23e-02 W=5.43e-03 I=8.37e-04 O=4.52e-06)
It: 19980, Loss: 3.522e-02  (f=2.23e-02 W=5.35e-03 I=1.10e-03 O=1.22e-05)
It: 19990, Loss: 3.681e-02  (f=2.40e-02 W=5.37e-03 I=1.00e-03 O=1.32e-05)
Saved colloc_adaptive.png

>>> Starting L-BFGS-B optimisation
    Loss before L-BFGS: 3.434328e-02
WARNING:tensorflow:Calling GradientTape.gradient on a persistent tape inside its context is significantly less efficient than calling it outside the context (it causes the gradient ops to be recorded on the tape, leading to increased CPU and memory usage). Only call GradientTape.gradient inside the context if you actually want to trace the gradient in order to compute higher order derivatives.
WARNING:tensorflow:Calling GradientTape.gradient on a persistent tape inside its context is significantly less efficient than calling it outside the context (it causes the gradient ops to be recorded on the tape, leading to increased CPU and memory usage). Only call GradientTape.gradient inside the context if you actually want to trace the gradient in order to compute higher order derivatives.
WARNING:tensorflow:Calling GradientTape.gradient on a persistent tape inside its context is significantly less efficient than calling it outside the context (it causes the gradient ops to be recorded on the tape, leading to increased CPU and memory usage). Only call GradientTape.gradient inside the context if you actually want to trace the gradient in order to compute higher order derivatives.
WARNING:tensorflow:Calling GradientTape.gradient on a persistent tape inside its context is significantly less efficient than calling it outside the context (it causes the gradient ops to be recorded on the tape, leading to increased CPU and memory usage). Only call GradientTape.gradient inside the context if you actually want to trace the gradient in order to compute higher order derivatives.
100 th iterations (L-BFGS), Loss: 3.319190e-02
[L-BFGS] iter   100  loss = 3.317727e-02  (nfev 107)
200 th iterations (L-BFGS), Loss: 3.297124e-02
[L-BFGS] iter   200  loss = 3.293742e-02  (nfev 211)
300 th iterations (L-BFGS), Loss: 3.258319e-02
[L-BFGS] iter   300  loss = 3.251701e-02  (nfev 315)
400 th iterations (L-BFGS), Loss: 3.219845e-02
[L-BFGS] iter   400  loss = 3.212930e-02  (nfev 417)
500 th iterations (L-BFGS), Loss: 3.187142e-02
[L-BFGS] iter   500  loss = 3.182305e-02  (nfev 524)
600 th iterations (L-BFGS), Loss: 3.164423e-02
[L-BFGS] iter   600  loss = 3.156858e-02  (nfev 629)
700 th iterations (L-BFGS), Loss: 3.138397e-02
[L-BFGS] iter   700  loss = 3.129333e-02  (nfev 736)
800 th iterations (L-BFGS), Loss: 3.117880e-02
[L-BFGS] iter   800  loss = 3.111168e-02  (nfev 842)
900 th iterations (L-BFGS), Loss: 3.101304e-02
[L-BFGS] iter   900  loss = 3.093125e-02  (nfev 946)
1000 th iterations (L-BFGS), Loss: 3.086284e-02
[L-BFGS] iter  1000  loss = 3.080132e-02  (nfev 1052)
1100 th iterations (L-BFGS), Loss: 3.074496e-02
[L-BFGS] iter  1100  loss = 3.067796e-02  (nfev 1159)
1200 th iterations (L-BFGS), Loss: 3.063784e-02
[L-BFGS] iter  1200  loss = 3.057610e-02  (nfev 1266)
1300 th iterations (L-BFGS), Loss: 3.055314e-02
[L-BFGS] iter  1300  loss = 3.047970e-02  (nfev 1372)
1400 th iterations (L-BFGS), Loss: 3.044968e-02
[L-BFGS] iter  1400  loss = 3.036798e-02  (nfev 1479)
1500 th iterations (L-BFGS), Loss: 3.034612e-02
[L-BFGS] iter  1500  loss = 3.026349e-02  (nfev 1586)
1600 th iterations (L-BFGS), Loss: 3.024432e-02
[L-BFGS] iter  1600  loss = 3.013297e-02  (nfev 1688)
1700 th iterations (L-BFGS), Loss: 3.011901e-02
[L-BFGS] iter  1700  loss = 3.000237e-02  (nfev 1794)
1800 th iterations (L-BFGS), Loss: 2.999674e-02
1900 th iterations (L-BFGS), Loss: 2.987947e-02
[L-BFGS] iter  1800  loss = 2.987947e-02  (nfev 1900)
2000 th iterations (L-BFGS), Loss: 2.974579e-02
[L-BFGS] iter  1900  loss = 2.973671e-02  (nfev 2005)
2100 th iterations (L-BFGS), Loss: 2.958867e-02
[L-BFGS] iter  2000  loss = 2.957127e-02  (nfev 2110)
2200 th iterations (L-BFGS), Loss: 2.939722e-02
[L-BFGS] iter  2100  loss = 2.936619e-02  (nfev 2215)
2300 th iterations (L-BFGS), Loss: 2.916623e-02
[L-BFGS] iter  2200  loss = 2.910974e-02  (nfev 2321)
2400 th iterations (L-BFGS), Loss: 2.878691e-02
[L-BFGS] iter  2300  loss = 2.864000e-02  (nfev 2429)
2500 th iterations (L-BFGS), Loss: 2.829456e-02
[L-BFGS] iter  2400  loss = 2.811068e-02  (nfev 2534)
2600 th iterations (L-BFGS), Loss: 2.764315e-02
[L-BFGS] iter  2500  loss = 2.731757e-02  (nfev 2638)
2700 th iterations (L-BFGS), Loss: 2.670029e-02
[L-BFGS] iter  2600  loss = 2.634153e-02  (nfev 2746)
2800 th iterations (L-BFGS), Loss: 2.576414e-02
[L-BFGS] iter  2700  loss = 2.509172e-02  (nfev 2853)
2900 th iterations (L-BFGS), Loss: 2.447878e-02
[L-BFGS] iter  2800  loss = 2.359095e-02  (nfev 2957)
3000 th iterations (L-BFGS), Loss: 2.296062e-02
[L-BFGS] iter  2900  loss = 2.210996e-02  (nfev 3062)
3100 th iterations (L-BFGS), Loss: 2.176350e-02
[L-BFGS] iter  3000  loss = 2.094195e-02  (nfev 3170)
3200 th iterations (L-BFGS), Loss: 2.060922e-02
[L-BFGS] iter  3100  loss = 1.987500e-02  (nfev 3273)
3300 th iterations (L-BFGS), Loss: 1.969014e-02
[L-BFGS] iter  3200  loss = 1.909521e-02  (nfev 3380)
3400 th iterations (L-BFGS), Loss: 1.898416e-02
[L-BFGS] iter  3300  loss = 1.853896e-02  (nfev 3491)
3500 th iterations (L-BFGS), Loss: 1.853424e-02
[L-BFGS] iter  3400  loss = 1.790785e-02  (nfev 3598)
3600 th iterations (L-BFGS), Loss: 1.790036e-02
3700 th iterations (L-BFGS), Loss: 1.745508e-02
[L-BFGS] iter  3500  loss = 1.743734e-02  (nfev 3707)
3800 th iterations (L-BFGS), Loss: 1.696593e-02
[L-BFGS] iter  3600  loss = 1.691189e-02  (nfev 3813)
3900 th iterations (L-BFGS), Loss: 1.654975e-02
[L-BFGS] iter  3700  loss = 1.644974e-02  (nfev 3923)
4000 th iterations (L-BFGS), Loss: 1.614619e-02
[L-BFGS] iter  3800  loss = 1.603558e-02  (nfev 4028)
4100 th iterations (L-BFGS), Loss: 1.576323e-02
[L-BFGS] iter  3900  loss = 1.562341e-02  (nfev 4136)
4200 th iterations (L-BFGS), Loss: 1.541852e-02
[L-BFGS] iter  4000  loss = 1.528738e-02  (nfev 4246)
4300 th iterations (L-BFGS), Loss: 1.512668e-02
[L-BFGS] iter  4100  loss = 1.494882e-02  (nfev 4356)
4400 th iterations (L-BFGS), Loss: 1.482179e-02
[L-BFGS] iter  4200  loss = 1.464412e-02  (nfev 4466)
4500 th iterations (L-BFGS), Loss: 1.456278e-02
[L-BFGS] iter  4300  loss = 1.436938e-02  (nfev 4578)
4600 th iterations (L-BFGS), Loss: 1.433548e-02
[L-BFGS] iter  4400  loss = 1.406632e-02  (nfev 4685)
4700 th iterations (L-BFGS), Loss: 1.402157e-02
[L-BFGS] iter  4500  loss = 1.376266e-02  (nfev 4796)
4800 th iterations (L-BFGS), Loss: 1.374664e-02
4900 th iterations (L-BFGS), Loss: 1.349057e-02
[L-BFGS] iter  4600  loss = 1.348203e-02  (nfev 4904)
5000 th iterations (L-BFGS), Loss: 1.323525e-02
[L-BFGS] iter  4700  loss = 1.320545e-02  (nfev 5012)
5100 th iterations (L-BFGS), Loss: 1.299836e-02
[L-BFGS] iter  4800  loss = 1.296387e-02  (nfev 5119)
5200 th iterations (L-BFGS), Loss: 1.279819e-02
[L-BFGS] iter  4900  loss = 1.271528e-02  (nfev 5229)
5300 th iterations (L-BFGS), Loss: 1.254421e-02
[L-BFGS] iter  5000  loss = 1.244367e-02  (nfev 5341)
5400 th iterations (L-BFGS), Loss: 1.230132e-02
[L-BFGS] iter  5100  loss = 1.222008e-02  (nfev 5447)
5500 th iterations (L-BFGS), Loss: 1.211058e-02
[L-BFGS] iter  5200  loss = 1.198844e-02  (nfev 5558)
5600 th iterations (L-BFGS), Loss: 1.190757e-02
[L-BFGS] iter  5300  loss = 1.176707e-02  (nfev 5670)
5700 th iterations (L-BFGS), Loss: 1.171234e-02
[L-BFGS] iter  5400  loss = 1.152366e-02  (nfev 5780)
5800 th iterations (L-BFGS), Loss: 1.147998e-02
[L-BFGS] iter  5500  loss = 1.129369e-02  (nfev 5889)
5900 th iterations (L-BFGS), Loss: 1.125799e-02
[L-BFGS] iter  5600  loss = 1.105766e-02  (nfev 5998)
6000 th iterations (L-BFGS), Loss: 1.105258e-02
6100 th iterations (L-BFGS), Loss: 1.083900e-02
[L-BFGS] iter  5700  loss = 1.082119e-02  (nfev 6108)
6200 th iterations (L-BFGS), Loss: 1.059104e-02
[L-BFGS] iter  5800  loss = 1.056316e-02  (nfev 6214)
6300 th iterations (L-BFGS), Loss: 1.038249e-02
[L-BFGS] iter  5900  loss = 1.033637e-02  (nfev 6320)
6400 th iterations (L-BFGS), Loss: 1.017949e-02
[L-BFGS] iter  6000  loss = 1.012003e-02  (nfev 6430)
6500 th iterations (L-BFGS), Loss: 9.963251e-03
[L-BFGS] iter  6100  loss = 9.888945e-03  (nfev 6539)
6600 th iterations (L-BFGS), Loss: 9.751474e-03
[L-BFGS] iter  6200  loss = 9.653175e-03  (nfev 6648)
6700 th iterations (L-BFGS), Loss: 9.535858e-03
[L-BFGS] iter  6300  loss = 9.422369e-03  (nfev 6753)
6800 th iterations (L-BFGS), Loss: 9.323136e-03
[L-BFGS] iter  6400  loss = 9.186144e-03  (nfev 6860)
6900 th iterations (L-BFGS), Loss: 9.127020e-03
[L-BFGS] iter  6500  loss = 9.001813e-03  (nfev 6968)
7000 th iterations (L-BFGS), Loss: 8.949281e-03
[L-BFGS] iter  6600  loss = 8.812735e-03  (nfev 7080)
7100 th iterations (L-BFGS), Loss: 8.775608e-03
[L-BFGS] iter  6700  loss = 8.584093e-03  (nfev 7188)
7200 th iterations (L-BFGS), Loss: 8.562792e-03
[L-BFGS] iter  6800  loss = 8.408520e-03  (nfev 7293)
7300 th iterations (L-BFGS), Loss: 8.394749e-03
7400 th iterations (L-BFGS), Loss: 8.214053e-03
[L-BFGS] iter  6900  loss = 8.214053e-03  (nfev 7400)
7500 th iterations (L-BFGS), Loss: 8.046923e-03
[L-BFGS] iter  7000  loss = 8.032864e-03  (nfev 7508)
7600 th iterations (L-BFGS), Loss: 7.874623e-03
[L-BFGS] iter  7100  loss = 7.849761e-03  (nfev 7614)
7700 th iterations (L-BFGS), Loss: 7.714250e-03
[L-BFGS] iter  7200  loss = 7.670770e-03  (nfev 7723)
7800 th iterations (L-BFGS), Loss: 7.547988e-03
[L-BFGS] iter  7300  loss = 7.506894e-03  (nfev 7831)
7900 th iterations (L-BFGS), Loss: 7.417410e-03
[L-BFGS] iter  7400  loss = 7.351018e-03  (nfev 7942)
8000 th iterations (L-BFGS), Loss: 7.264044e-03
[L-BFGS] iter  7500  loss = 7.190482e-03  (nfev 8049)
8100 th iterations (L-BFGS), Loss: 7.130691e-03
[L-BFGS] iter  7600  loss = 7.066794e-03  (nfev 8154)
8200 th iterations (L-BFGS), Loss: 7.013093e-03
[L-BFGS] iter  7700  loss = 6.923857e-03  (nfev 8260)
8300 th iterations (L-BFGS), Loss: 6.864068e-03
[L-BFGS] iter  7800  loss = 6.772878e-03  (nfev 8369)
8400 th iterations (L-BFGS), Loss: 6.722532e-03
[L-BFGS] iter  7900  loss = 6.588344e-03  (nfev 8477)
8500 th iterations (L-BFGS), Loss: 6.561743e-03
[L-BFGS] iter  8000  loss = 6.432787e-03  (nfev 8588)
8600 th iterations (L-BFGS), Loss: 6.411587e-03
[L-BFGS] iter  8100  loss = 6.298812e-03  (nfev 8694)
8700 th iterations (L-BFGS), Loss: 6.290601e-03
8800 th iterations (L-BFGS), Loss: 6.183889e-03
[L-BFGS] iter  8200  loss = 6.175700e-03  (nfev 8808)
8900 th iterations (L-BFGS), Loss: 6.104611e-03
[L-BFGS] iter  8300  loss = 6.082335e-03  (nfev 8919)
9000 th iterations (L-BFGS), Loss: 5.997578e-03
[L-BFGS] iter  8400  loss = 5.969117e-03  (nfev 9029)
9100 th iterations (L-BFGS), Loss: 5.856738e-03
[L-BFGS] iter  8500  loss = 5.814339e-03  (nfev 9136)
9200 th iterations (L-BFGS), Loss: 5.749642e-03
[L-BFGS] iter  8600  loss = 5.687832e-03  (nfev 9249)
9300 th iterations (L-BFGS), Loss: 5.634816e-03
[L-BFGS] iter  8700  loss = 5.577531e-03  (nfev 9358)
9400 th iterations (L-BFGS), Loss: 5.540040e-03
[L-BFGS] iter  8800  loss = 5.476889e-03  (nfev 9469)
9500 th iterations (L-BFGS), Loss: 5.443930e-03
[L-BFGS] iter  8900  loss = 5.353072e-03  (nfev 9575)
9600 th iterations (L-BFGS), Loss: 5.329586e-03
[L-BFGS] iter  9000  loss = 5.257919e-03  (nfev 9682)
9700 th iterations (L-BFGS), Loss: 5.241648e-03
[L-BFGS] iter  9100  loss = 5.139678e-03  (nfev 9790)
9800 th iterations (L-BFGS), Loss: 5.129274e-03
[L-BFGS] iter  9200  loss = 5.031692e-03  (nfev 9896)
9900 th iterations (L-BFGS), Loss: 5.028827e-03
10000 th iterations (L-BFGS), Loss: 4.938186e-03
[L-BFGS] iter  9300  loss = 4.936553e-03  (nfev 10001)
    L-BFGS-B finished: STOP: TOTAL NO. OF F,G EVALUATIONS EXCEEDS LIMIT
    Loss after  L-BFGS: 4.936553e-03
    Total iters: 9300, total nfev: 10001
--- 1484.8 seconds ---
Save uv NN parameters successfully...
Saved loss_history.pickle  (keys: ['loss', 'loss_f', 'loss_WALL', 'loss_INLET', 'loss_OUTLET'], length: 30001)

============================================================
  Relative L2 error vs Fluent reference (FluentReferenceMu002/FluentSol.mat)
  evaluated at 19314 reference nodes outside the cylinder
============================================================
    u      :  5.3012e-02   (5.30 %)
    v      :  1.3856e-01   (13.86 %)
    p      :  1.4267e-01   (14.27 %)
============================================================

