Using device: cuda
Adam 1 | total=8.662e+00 f=5.598e+00 ic=5.536e-01 wall=5.611e-01 inlet=2.458e-01 outlet=1.713e-01 lr=5.000e-04
Saved PyTorch checkpoint to results/unsteady/checkpoints/best.pt
Saved PyTorch checkpoint to results/unsteady/checkpoints/best.pt
Saved PyTorch checkpoint to results/unsteady/checkpoints/best.pt
Saved PyTorch checkpoint to results/unsteady/checkpoints/best.pt
Saved PyTorch checkpoint to results/unsteady/checkpoints/best.pt
Saved PyTorch checkpoint to results/unsteady/checkpoints/best.pt
Saved PyTorch checkpoint to results/unsteady/checkpoints/best.pt
Saved PyTorch checkpoint to results/unsteady/checkpoints/best.pt
Saved PyTorch checkpoint to results/unsteady/checkpoints/best.pt
Saved PyTorch checkpoint to results/unsteady/checkpoints/best.pt
Saved PyTorch checkpoint to results/unsteady/checkpoints/best.pt
Saved PyTorch checkpoint to results/unsteady/checkpoints/best.pt
Saved PyTorch checkpoint to results/unsteady/checkpoints/best.pt
Saved PyTorch checkpoint to results/unsteady/checkpoints/best.pt
Saved PyTorch checkpoint to results/unsteady/checkpoints/best.pt
Saved PyTorch checkpoint to results/unsteady/checkpoints/best.pt
Saved PyTorch checkpoint to results/unsteady/checkpoints/best.pt
Saved PyTorch checkpoint to results/unsteady/checkpoints/best.pt
Saved PyTorch checkpoint to results/unsteady/checkpoints/best.pt
Saved PyTorch checkpoint to results/unsteady/checkpoints/best.pt
Saved PyTorch checkpoint to results/unsteady/checkpoints/best.pt
Saved PyTorch checkpoint to results/unsteady/checkpoints/best.pt
Saved PyTorch checkpoint to results/unsteady/checkpoints/best.pt
Saved PyTorch checkpoint to results/unsteady/checkpoints/best.pt
Saved PyTorch checkpoint to results/unsteady/checkpoints/best.pt
Saved PyTorch checkpoint to results/unsteady/checkpoints/best.pt
Saved PyTorch checkpoint to results/unsteady/checkpoints/best.pt
Saved PyTorch checkpoint to results/unsteady/checkpoints/best.pt
Saved PyTorch checkpoint to results/unsteady/checkpoints/best.pt
Saved PyTorch checkpoint to results/unsteady/checkpoints/best.pt
Saved PyTorch checkpoint to results/unsteady/checkpoints/best.pt
Saved PyTorch checkpoint to results/unsteady/checkpoints/best.pt
Saved PyTorch checkpoint to results/unsteady/checkpoints/best.pt
Saved PyTorch checkpoint to results/unsteady/checkpoints/best.pt
Saved PyTorch checkpoint to results/unsteady/checkpoints/best.pt
Saved PyTorch checkpoint to results/unsteady/checkpoints/best.pt
Saved PyTorch checkpoint to results/unsteady/checkpoints/best.pt
Saved PyTorch checkpoint to results/unsteady/checkpoints/best.pt
Saved PyTorch checkpoint to results/unsteady/checkpoints/best.pt
Saved PyTorch checkpoint to results/unsteady/checkpoints/best.pt
Saved PyTorch checkpoint to results/unsteady/checkpoints/best.pt
Saved PyTorch checkpoint to results/unsteady/checkpoints/best.pt
Saved PyTorch checkpoint to results/unsteady/checkpoints/best.pt
Saved PyTorch checkpoint to results/unsteady/checkpoints/best.pt
Saved PyTorch checkpoint to results/unsteady/checkpoints/best.pt
Saved PyTorch checkpoint to results/unsteady/checkpoints/best.pt
Saved PyTorch checkpoint to results/unsteady/checkpoints/best.pt
Saved PyTorch checkpoint to results/unsteady/checkpoints/best.pt
Saved PyTorch checkpoint to results/unsteady/checkpoints/best.pt
Saved PyTorch checkpoint to results/unsteady/checkpoints/best.pt
Saved PyTorch checkpoint to results/unsteady/checkpoints/best.pt
Saved PyTorch checkpoint to results/unsteady/checkpoints/best.pt
Saved PyTorch checkpoint to results/unsteady/checkpoints/best.pt
Saved PyTorch checkpoint to results/unsteady/checkpoints/best.pt
Saved PyTorch checkpoint to results/unsteady/checkpoints/best.pt
Saved PyTorch checkpoint to results/unsteady/checkpoints/best.pt
Saved PyTorch checkpoint to results/unsteady/checkpoints/best.pt
Saved PyTorch checkpoint to results/unsteady/checkpoints/best.pt
Saved PyTorch checkpoint to results/unsteady/checkpoints/best.pt
Saved PyTorch checkpoint to results/unsteady/checkpoints/best.pt
Saved PyTorch checkpoint to results/unsteady/checkpoints/best.pt
Saved PyTorch checkpoint to results/unsteady/checkpoints/best.pt
Saved PyTorch checkpoint to results/unsteady/checkpoints/best.pt
Saved PyTorch checkpoint to results/unsteady/checkpoints/best.pt
Saved PyTorch checkpoint to results/unsteady/checkpoints/best.pt
Saved PyTorch checkpoint to results/unsteady/checkpoints/best.pt
Saved PyTorch checkpoint to results/unsteady/checkpoints/best.pt
Saved PyTorch checkpoint to results/unsteady/checkpoints/best.pt
Saved PyTorch checkpoint to results/unsteady/checkpoints/best.pt
Saved PyTorch checkpoint to results/unsteady/checkpoints/best.pt
Saved PyTorch checkpoint to results/unsteady/checkpoints/best.pt
Saved PyTorch checkpoint to results/unsteady/checkpoints/best.pt
Saved PyTorch checkpoint to results/unsteady/checkpoints/best.pt
Saved PyTorch checkpoint to results/unsteady/checkpoints/best.pt
Saved PyTorch checkpoint to results/unsteady/checkpoints/best.pt
Saved PyTorch checkpoint to results/unsteady/checkpoints/best.pt
Saved PyTorch checkpoint to results/unsteady/checkpoints/best.pt
Saved PyTorch checkpoint to results/unsteady/checkpoints/best.pt
Saved PyTorch checkpoint to results/unsteady/checkpoints/best.pt
Saved PyTorch checkpoint to results/unsteady/checkpoints/best.pt
Saved PyTorch checkpoint to results/unsteady/checkpoints/best.pt
Saved PyTorch checkpoint to results/unsteady/checkpoints/best.pt
Saved PyTorch checkpoint to results/unsteady/checkpoints/best.pt
Saved PyTorch checkpoint to results/unsteady/checkpoints/best.pt
Adam 100 | total=2.117e-01 f=2.490e-02 ic=5.830e-03 wall=2.214e-02 inlet=6.521e-02 outlet=2.059e-04 lr=5.000e-04
Saved PyTorch checkpoint to results/unsteady/checkpoints/best.pt
Saved PyTorch checkpoint to results/unsteady/checkpoints/best.pt
Saved PyTorch checkpoint to results/unsteady/checkpoints/best.pt
Saved PyTorch checkpoint to results/unsteady/checkpoints/best.pt
Saved PyTorch checkpoint to results/unsteady/checkpoints/best.pt
Saved PyTorch checkpoint to results/unsteady/checkpoints/best.pt
Saved PyTorch checkpoint to results/unsteady/checkpoints/best.pt
Saved PyTorch checkpoint to results/unsteady/checkpoints/best.pt
Saved PyTorch checkpoint to results/unsteady/checkpoints/best.pt
Saved PyTorch checkpoint to results/unsteady/checkpoints/best.pt
Saved PyTorch checkpoint to results/unsteady/checkpoints/best.pt
Saved PyTorch checkpoint to results/unsteady/checkpoints/best.pt
Saved PyTorch checkpoint to results/unsteady/checkpoints/best.pt
Saved PyTorch checkpoint to results/unsteady/checkpoints/best.pt
Saved PyTorch checkpoint to results/unsteady/checkpoints/best.pt
Saved PyTorch checkpoint to results/unsteady/checkpoints/best.pt
Saved PyTorch checkpoint to results/unsteady/checkpoints/best.pt
Saved PyTorch checkpoint to results/unsteady/checkpoints/best.pt
Saved PyTorch checkpoint to results/unsteady/checkpoints/best.pt
Saved PyTorch checkpoint to results/unsteady/checkpoints/best.pt
Saved PyTorch checkpoint to results/unsteady/checkpoints/best.pt
Saved PyTorch checkpoint to results/unsteady/checkpoints/best.pt
Saved PyTorch checkpoint to results/unsteady/checkpoints/best.pt
Saved PyTorch checkpoint to results/unsteady/checkpoints/best.pt
Saved PyTorch checkpoint to results/unsteady/checkpoints/best.pt
Saved PyTorch checkpoint to results/unsteady/checkpoints/best.pt
Saved PyTorch checkpoint to results/unsteady/checkpoints/best.pt
Saved PyTorch checkpoint to results/unsteady/checkpoints/best.pt
Saved PyTorch checkpoint to results/unsteady/checkpoints/best.pt
Saved PyTorch checkpoint to results/unsteady/checkpoints/best.pt
Saved PyTorch checkpoint to results/unsteady/checkpoints/best.pt
Saved PyTorch checkpoint to results/unsteady/checkpoints/best.pt
Saved PyTorch checkpoint to results/unsteady/checkpoints/best.pt
Saved PyTorch checkpoint to results/unsteady/checkpoints/best.pt
Saved PyTorch checkpoint to results/unsteady/checkpoints/best.pt
Saved PyTorch checkpoint to results/unsteady/checkpoints/best.pt
Saved PyTorch checkpoint to results/unsteady/checkpoints/best.pt
Saved PyTorch checkpoint to results/unsteady/checkpoints/best.pt
Saved PyTorch checkpoint to results/unsteady/checkpoints/best.pt
Saved PyTorch checkpoint to results/unsteady/checkpoints/best.pt
Saved PyTorch checkpoint to results/unsteady/checkpoints/best.pt
Saved PyTorch checkpoint to results/unsteady/checkpoints/best.pt
Saved PyTorch checkpoint to results/unsteady/checkpoints/best.pt
Saved PyTorch checkpoint to results/unsteady/checkpoints/best.pt
Saved PyTorch checkpoint to results/unsteady/checkpoints/best.pt
Saved PyTorch checkpoint to results/unsteady/checkpoints/best.pt
Saved PyTorch checkpoint to results/unsteady/checkpoints/best.pt
Saved PyTorch checkpoint to results/unsteady/checkpoints/best.pt
Saved PyTorch checkpoint to results/unsteady/checkpoints/best.pt
Saved PyTorch checkpoint to results/unsteady/checkpoints/best.pt
Saved PyTorch checkpoint to results/unsteady/checkpoints/best.pt
Saved PyTorch checkpoint to results/unsteady/checkpoints/best.pt
Saved PyTorch checkpoint to results/unsteady/checkpoints/best.pt
Saved PyTorch checkpoint to results/unsteady/checkpoints/best.pt
Saved PyTorch checkpoint to results/unsteady/checkpoints/best.pt
Saved PyTorch checkpoint to results/unsteady/checkpoints/best.pt
Saved PyTorch checkpoint to results/unsteady/checkpoints/best.pt
Saved PyTorch checkpoint to results/unsteady/checkpoints/best.pt
Saved PyTorch checkpoint to results/unsteady/checkpoints/best.pt
Saved PyTorch checkpoint to results/unsteady/checkpoints/best.pt
Saved PyTorch checkpoint to results/unsteady/checkpoints/best.pt
Saved PyTorch checkpoint to results/unsteady/checkpoints/best.pt
Saved PyTorch checkpoint to results/unsteady/checkpoints/best.pt
Saved PyTorch checkpoint to results/unsteady/checkpoints/best.pt
Saved PyTorch checkpoint to results/unsteady/checkpoints/best.pt
Saved PyTorch checkpoint to results/unsteady/checkpoints/best.pt
Saved PyTorch checkpoint to results/unsteady/checkpoints/best.pt
Saved PyTorch checkpoint to results/unsteady/checkpoints/best.pt
Saved PyTorch checkpoint to results/unsteady/checkpoints/best.pt
Saved PyTorch checkpoint to results/unsteady/checkpoints/best.pt
Saved PyTorch checkpoint to results/unsteady/checkpoints/best.pt
Saved PyTorch checkpoint to results/unsteady/checkpoints/best.pt
Saved PyTorch checkpoint to results/unsteady/checkpoints/best.pt
Saved PyTorch checkpoint to results/unsteady/checkpoints/best.pt
Saved PyTorch checkpoint to results/unsteady/checkpoints/best.pt
Saved PyTorch checkpoint to results/unsteady/checkpoints/best.pt
Saved PyTorch checkpoint to results/unsteady/checkpoints/best.pt
Saved PyTorch checkpoint to results/unsteady/checkpoints/best.pt
Saved PyTorch checkpoint to results/unsteady/checkpoints/best.pt
Saved PyTorch checkpoint to results/unsteady/checkpoints/best.pt
Saved PyTorch checkpoint to results/unsteady/checkpoints/best.pt
Saved PyTorch checkpoint to results/unsteady/checkpoints/best.pt
Saved PyTorch checkpoint to results/unsteady/checkpoints/best.pt
Saved PyTorch checkpoint to results/unsteady/checkpoints/best.pt
Saved PyTorch checkpoint to results/unsteady/checkpoints/best.pt
Saved PyTorch checkpoint to results/unsteady/checkpoints/best.pt
Saved PyTorch checkpoint to results/unsteady/checkpoints/best.pt
Saved PyTorch checkpoint to results/unsteady/checkpoints/best.pt
Saved PyTorch checkpoint to results/unsteady/checkpoints/best.pt
Saved PyTorch checkpoint to results/unsteady/checkpoints/best.pt
Saved PyTorch checkpoint to results/unsteady/checkpoints/best.pt
Saved PyTorch checkpoint to results/unsteady/checkpoints/best.pt
Saved PyTorch checkpoint to results/unsteady/checkpoints/best.pt
Saved PyTorch checkpoint to results/unsteady/checkpoints/best.pt
Saved PyTorch checkpoint to results/unsteady/checkpoints/best.pt
Saved PyTorch checkpoint to results/unsteady/checkpoints/best.pt
Saved PyTorch checkpoint to results/unsteady/checkpoints/best.pt
Saved PyTorch checkpoint to results/unsteady/checkpoints/best.pt
Saved PyTorch checkpoint to results/unsteady/checkpoints/best.pt
Saved PyTorch checkpoint to results/unsteady/checkpoints/best.pt
Adam 200 | total=1.808e-01 f=1.797e-02 ic=3.332e-03 wall=2.637e-02 inlet=5.160e-02 outlet=1.015e-04 lr=5.000e-04
Saved PyTorch checkpoint to results/unsteady/checkpoints/best.pt
Saved PyTorch checkpoint to results/unsteady/checkpoints/best.pt
Saved PyTorch checkpoint to results/unsteady/checkpoints/best.pt
Saved PyTorch checkpoint to results/unsteady/checkpoints/best.pt
Saved PyTorch checkpoint to results/unsteady/checkpoints/best.pt
Saved PyTorch checkpoint to results/unsteady/checkpoints/best.pt
Saved PyTorch checkpoint to results/unsteady/checkpoints/best.pt
Saved PyTorch checkpoint to results/unsteady/checkpoints/best.pt
Saved PyTorch checkpoint to results/unsteady/checkpoints/best.pt
Saved PyTorch checkpoint to results/unsteady/checkpoints/best.pt
Saved PyTorch checkpoint to results/unsteady/checkpoints/best.pt
Saved PyTorch checkpoint to results/unsteady/checkpoints/best.pt
Saved PyTorch checkpoint to results/unsteady/checkpoints/best.pt
Saved PyTorch checkpoint to results/unsteady/checkpoints/best.pt
Saved PyTorch checkpoint to results/unsteady/checkpoints/best.pt
Saved PyTorch checkpoint to results/unsteady/checkpoints/best.pt
Saved PyTorch checkpoint to results/unsteady/checkpoints/best.pt
Saved PyTorch checkpoint to results/unsteady/checkpoints/best.pt
Saved PyTorch checkpoint to results/unsteady/checkpoints/best.pt
Saved PyTorch checkpoint to results/unsteady/checkpoints/best.pt
Saved PyTorch checkpoint to results/unsteady/checkpoints/best.pt
Saved PyTorch checkpoint to results/unsteady/checkpoints/best.pt
Saved PyTorch checkpoint to results/unsteady/checkpoints/best.pt
Saved PyTorch checkpoint to results/unsteady/checkpoints/best.pt
Saved PyTorch checkpoint to results/unsteady/checkpoints/best.pt
Saved PyTorch checkpoint to results/unsteady/checkpoints/best.pt
Saved PyTorch checkpoint to results/unsteady/checkpoints/best.pt
Saved PyTorch checkpoint to results/unsteady/checkpoints/best.pt
Saved PyTorch checkpoint to results/unsteady/checkpoints/best.pt
Saved PyTorch checkpoint to results/unsteady/checkpoints/best.pt
Saved PyTorch checkpoint to results/unsteady/checkpoints/best.pt
Saved PyTorch checkpoint to results/unsteady/checkpoints/best.pt
Saved PyTorch checkpoint to results/unsteady/checkpoints/best.pt
Saved PyTorch checkpoint to results/unsteady/checkpoints/best.pt
Saved PyTorch checkpoint to results/unsteady/checkpoints/best.pt
Saved PyTorch checkpoint to results/unsteady/checkpoints/best.pt
Saved PyTorch checkpoint to results/unsteady/checkpoints/best.pt
Saved PyTorch checkpoint to results/unsteady/checkpoints/best.pt
Saved PyTorch checkpoint to results/unsteady/checkpoints/best.pt
Saved PyTorch checkpoint to results/unsteady/checkpoints/best.pt
Saved PyTorch checkpoint to results/unsteady/checkpoints/best.pt
Saved PyTorch checkpoint to results/unsteady/checkpoints/best.pt
Saved PyTorch checkpoint to results/unsteady/checkpoints/best.pt
Saved PyTorch checkpoint to results/unsteady/checkpoints/best.pt
Saved PyTorch checkpoint to results/unsteady/checkpoints/best.pt
Saved PyTorch checkpoint to results/unsteady/checkpoints/best.pt
Saved PyTorch checkpoint to results/unsteady/checkpoints/best.pt
Saved PyTorch checkpoint to results/unsteady/checkpoints/best.pt
Saved PyTorch checkpoint to results/unsteady/checkpoints/best.pt
Saved PyTorch checkpoint to results/unsteady/checkpoints/best.pt
Saved PyTorch checkpoint to results/unsteady/checkpoints/best.pt
Saved PyTorch checkpoint to results/unsteady/checkpoints/best.pt
Saved PyTorch checkpoint to results/unsteady/checkpoints/best.pt
Saved PyTorch checkpoint to results/unsteady/checkpoints/best.pt
Saved PyTorch checkpoint to results/unsteady/checkpoints/best.pt
Saved PyTorch checkpoint to results/unsteady/checkpoints/best.pt
Saved PyTorch checkpoint to results/unsteady/checkpoints/best.pt
Saved PyTorch checkpoint to results/unsteady/checkpoints/best.pt
Saved PyTorch checkpoint to results/unsteady/checkpoints/best.pt
Saved PyTorch checkpoint to results/unsteady/checkpoints/best.pt
Saved PyTorch checkpoint to results/unsteady/checkpoints/best.pt
Saved PyTorch checkpoint to results/unsteady/checkpoints/best.pt
Saved PyTorch checkpoint to results/unsteady/checkpoints/best.pt
Saved PyTorch checkpoint to results/unsteady/checkpoints/best.pt
Saved PyTorch checkpoint to results/unsteady/checkpoints/best.pt
Saved PyTorch checkpoint to results/unsteady/checkpoints/best.pt
Saved PyTorch checkpoint to results/unsteady/checkpoints/best.pt
Saved PyTorch checkpoint to results/unsteady/checkpoints/best.pt
Saved PyTorch checkpoint to results/unsteady/checkpoints/best.pt
Saved PyTorch checkpoint to results/unsteady/checkpoints/best.pt
Saved PyTorch checkpoint to results/unsteady/checkpoints/best.pt
Saved PyTorch checkpoint to results/unsteady/checkpoints/best.pt
Saved PyTorch checkpoint to results/unsteady/checkpoints/best.pt
Saved PyTorch checkpoint to results/unsteady/checkpoints/best.pt
Saved PyTorch checkpoint to results/unsteady/checkpoints/best.pt
Saved PyTorch checkpoint to results/unsteady/checkpoints/best.pt
Saved PyTorch checkpoint to results/unsteady/checkpoints/best.pt
Saved PyTorch checkpoint to results/unsteady/checkpoints/best.pt
Saved PyTorch checkpoint to results/unsteady/checkpoints/best.pt
Saved PyTorch checkpoint to results/unsteady/checkpoints/best.pt
Saved PyTorch checkpoint to results/unsteady/checkpoints/best.pt
Saved PyTorch checkpoint to results/unsteady/checkpoints/best.pt
Saved PyTorch checkpoint to results/unsteady/checkpoints/best.pt
Saved PyTorch checkpoint to results/unsteady/checkpoints/best.pt
Saved PyTorch checkpoint to results/unsteady/checkpoints/best.pt
Saved PyTorch checkpoint to results/unsteady/checkpoints/best.pt
Saved PyTorch checkpoint to results/unsteady/checkpoints/best.pt
Saved PyTorch checkpoint to results/unsteady/checkpoints/best.pt
Saved PyTorch checkpoint to results/unsteady/checkpoints/best.pt
Saved PyTorch checkpoint to results/unsteady/checkpoints/best.pt
Saved PyTorch checkpoint to results/unsteady/checkpoints/best.pt
Saved PyTorch checkpoint to results/unsteady/checkpoints/best.pt
Saved PyTorch checkpoint to results/unsteady/checkpoints/best.pt
Saved PyTorch checkpoint to results/unsteady/checkpoints/best.pt
Saved PyTorch checkpoint to results/unsteady/checkpoints/best.pt
Saved PyTorch checkpoint to results/unsteady/checkpoints/best.pt
Saved PyTorch checkpoint to results/unsteady/checkpoints/best.pt
Saved PyTorch checkpoint to results/unsteady/checkpoints/best.pt
Saved PyTorch checkpoint to results/unsteady/checkpoints/best.pt
Saved PyTorch checkpoint to results/unsteady/checkpoints/best.pt
Adam 300 | total=1.650e-01 f=1.278e-02 ic=2.624e-03 wall=2.772e-02 inlet=4.572e-02 outlet=4.666e-05 lr=5.000e-04
Saved PyTorch checkpoint to results/unsteady/checkpoints/best.pt
Saved PyTorch checkpoint to results/unsteady/checkpoints/best.pt
Saved PyTorch checkpoint to results/unsteady/checkpoints/best.pt
Saved PyTorch checkpoint to results/unsteady/checkpoints/best.pt
Saved PyTorch checkpoint to results/unsteady/checkpoints/best.pt
Saved PyTorch checkpoint to results/unsteady/checkpoints/best.pt
Saved PyTorch checkpoint to results/unsteady/checkpoints/best.pt
Saved PyTorch checkpoint to results/unsteady/checkpoints/best.pt
Saved PyTorch checkpoint to results/unsteady/checkpoints/best.pt
Saved PyTorch checkpoint to results/unsteady/checkpoints/best.pt
Saved PyTorch checkpoint to results/unsteady/checkpoints/best.pt
Saved PyTorch checkpoint to results/unsteady/checkpoints/best.pt
Saved PyTorch checkpoint to results/unsteady/checkpoints/best.pt
Saved PyTorch checkpoint to results/unsteady/checkpoints/best.pt
Saved PyTorch checkpoint to results/unsteady/checkpoints/best.pt
Saved PyTorch checkpoint to results/unsteady/checkpoints/best.pt
Saved PyTorch checkpoint to results/unsteady/checkpoints/best.pt
Saved PyTorch checkpoint to results/unsteady/checkpoints/best.pt
Saved PyTorch checkpoint to results/unsteady/checkpoints/best.pt
Saved PyTorch checkpoint to results/unsteady/checkpoints/best.pt
Saved PyTorch checkpoint to results/unsteady/checkpoints/best.pt
Saved PyTorch checkpoint to results/unsteady/checkpoints/best.pt
Saved PyTorch checkpoint to results/unsteady/checkpoints/best.pt
Saved PyTorch checkpoint to results/unsteady/checkpoints/best.pt
Saved PyTorch checkpoint to results/unsteady/checkpoints/best.pt
Saved PyTorch checkpoint to results/unsteady/checkpoints/best.pt
Saved PyTorch checkpoint to results/unsteady/checkpoints/best.pt
Saved PyTorch checkpoint to results/unsteady/checkpoints/best.pt
Saved PyTorch checkpoint to results/unsteady/checkpoints/best.pt
Saved PyTorch checkpoint to results/unsteady/checkpoints/best.pt
Saved PyTorch checkpoint to results/unsteady/checkpoints/best.pt
Saved PyTorch checkpoint to results/unsteady/checkpoints/best.pt
Saved PyTorch checkpoint to results/unsteady/checkpoints/best.pt
Saved PyTorch checkpoint to results/unsteady/checkpoints/best.pt
Saved PyTorch checkpoint to results/unsteady/checkpoints/best.pt
Saved PyTorch checkpoint to results/unsteady/checkpoints/best.pt
Saved PyTorch checkpoint to results/unsteady/checkpoints/best.pt
Saved PyTorch checkpoint to results/unsteady/checkpoints/best.pt
Saved PyTorch checkpoint to results/unsteady/checkpoints/best.pt
Saved PyTorch checkpoint to results/unsteady/checkpoints/best.pt
Saved PyTorch checkpoint to results/unsteady/checkpoints/best.pt
Saved PyTorch checkpoint to results/unsteady/checkpoints/best.pt
Saved PyTorch checkpoint to results/unsteady/checkpoints/best.pt
Saved PyTorch checkpoint to results/unsteady/checkpoints/best.pt
Saved PyTorch checkpoint to results/unsteady/checkpoints/best.pt
Saved PyTorch checkpoint to results/unsteady/checkpoints/best.pt
Saved PyTorch checkpoint to results/unsteady/checkpoints/best.pt
Saved PyTorch checkpoint to results/unsteady/checkpoints/best.pt
Saved PyTorch checkpoint to results/unsteady/checkpoints/best.pt
Saved PyTorch checkpoint to results/unsteady/checkpoints/best.pt
Saved PyTorch checkpoint to results/unsteady/checkpoints/best.pt
Saved PyTorch checkpoint to results/unsteady/checkpoints/best.pt
Saved PyTorch checkpoint to results/unsteady/checkpoints/best.pt
Saved PyTorch checkpoint to results/unsteady/checkpoints/best.pt
Saved PyTorch checkpoint to results/unsteady/checkpoints/best.pt
Saved PyTorch checkpoint to results/unsteady/checkpoints/best.pt
Saved PyTorch checkpoint to results/unsteady/checkpoints/best.pt
Saved PyTorch checkpoint to results/unsteady/checkpoints/best.pt
Saved PyTorch checkpoint to results/unsteady/checkpoints/best.pt
Saved PyTorch checkpoint to results/unsteady/checkpoints/best.pt
Saved PyTorch checkpoint to results/unsteady/checkpoints/best.pt
Saved PyTorch checkpoint to results/unsteady/checkpoints/best.pt
Saved PyTorch checkpoint to results/unsteady/checkpoints/best.pt
Saved PyTorch checkpoint to results/unsteady/checkpoints/best.pt
Saved PyTorch checkpoint to results/unsteady/checkpoints/best.pt
Saved PyTorch checkpoint to results/unsteady/checkpoints/best.pt
Saved PyTorch checkpoint to results/unsteady/checkpoints/best.pt
Saved PyTorch checkpoint to results/unsteady/checkpoints/best.pt
Saved PyTorch checkpoint to results/unsteady/checkpoints/best.pt
Saved PyTorch checkpoint to results/unsteady/checkpoints/best.pt
Saved PyTorch checkpoint to results/unsteady/checkpoints/best.pt
Saved PyTorch checkpoint to results/unsteady/checkpoints/best.pt
Saved PyTorch checkpoint to results/unsteady/checkpoints/best.pt
Saved PyTorch checkpoint to results/unsteady/checkpoints/best.pt
Saved PyTorch checkpoint to results/unsteady/checkpoints/best.pt
Saved PyTorch checkpoint to results/unsteady/checkpoints/best.pt
Saved PyTorch checkpoint to results/unsteady/checkpoints/best.pt
Saved PyTorch checkpoint to results/unsteady/checkpoints/best.pt
Saved PyTorch checkpoint to results/unsteady/checkpoints/best.pt
Saved PyTorch checkpoint to results/unsteady/checkpoints/best.pt
Saved PyTorch checkpoint to results/unsteady/checkpoints/best.pt
Saved PyTorch checkpoint to results/unsteady/checkpoints/best.pt
Saved PyTorch checkpoint to results/unsteady/checkpoints/best.pt
Saved PyTorch checkpoint to results/unsteady/checkpoints/best.pt
Saved PyTorch checkpoint to results/unsteady/checkpoints/best.pt
Saved PyTorch checkpoint to results/unsteady/checkpoints/best.pt
Saved PyTorch checkpoint to results/unsteady/checkpoints/best.pt
Saved PyTorch checkpoint to results/unsteady/checkpoints/best.pt
Saved PyTorch checkpoint to results/unsteady/checkpoints/best.pt
Saved PyTorch checkpoint to results/unsteady/checkpoints/best.pt
Saved PyTorch checkpoint to results/unsteady/checkpoints/best.pt
Saved PyTorch checkpoint to results/unsteady/checkpoints/best.pt
Saved PyTorch checkpoint to results/unsteady/checkpoints/best.pt
Saved PyTorch checkpoint to results/unsteady/checkpoints/best.pt
Saved PyTorch checkpoint to results/unsteady/checkpoints/best.pt
Saved PyTorch checkpoint to results/unsteady/checkpoints/best.pt
Saved PyTorch checkpoint to results/unsteady/checkpoints/best.pt
Saved PyTorch checkpoint to results/unsteady/checkpoints/best.pt
Saved PyTorch checkpoint to results/unsteady/checkpoints/best.pt
Saved PyTorch checkpoint to results/unsteady/checkpoints/best.pt
Adam 400 | total=1.536e-01 f=9.897e-03 ic=2.284e-03 wall=2.814e-02 inlet=4.140e-02 outlet=2.715e-05 lr=5.000e-04
Saved PyTorch checkpoint to results/unsteady/checkpoints/best.pt
Saved PyTorch checkpoint to results/unsteady/checkpoints/best.pt
Saved PyTorch checkpoint to results/unsteady/checkpoints/best.pt
Saved PyTorch checkpoint to results/unsteady/checkpoints/best.pt
Saved PyTorch checkpoint to results/unsteady/checkpoints/best.pt
Saved PyTorch checkpoint to results/unsteady/checkpoints/best.pt
Saved PyTorch checkpoint to results/unsteady/checkpoints/best.pt
Saved PyTorch checkpoint to results/unsteady/checkpoints/best.pt
Saved PyTorch checkpoint to results/unsteady/checkpoints/best.pt
Saved PyTorch checkpoint to results/unsteady/checkpoints/best.pt
Saved PyTorch checkpoint to results/unsteady/checkpoints/best.pt
Saved PyTorch checkpoint to results/unsteady/checkpoints/best.pt
Saved PyTorch checkpoint to results/unsteady/checkpoints/best.pt
Saved PyTorch checkpoint to results/unsteady/checkpoints/best.pt
Saved PyTorch checkpoint to results/unsteady/checkpoints/best.pt
Saved PyTorch checkpoint to results/unsteady/checkpoints/best.pt
Saved PyTorch checkpoint to results/unsteady/checkpoints/best.pt
Saved PyTorch checkpoint to results/unsteady/checkpoints/best.pt
Saved PyTorch checkpoint to results/unsteady/checkpoints/best.pt
Saved PyTorch checkpoint to results/unsteady/checkpoints/best.pt
Saved PyTorch checkpoint to results/unsteady/checkpoints/best.pt
Saved PyTorch checkpoint to results/unsteady/checkpoints/best.pt
Saved PyTorch checkpoint to results/unsteady/checkpoints/best.pt
Saved PyTorch checkpoint to results/unsteady/checkpoints/best.pt
Saved PyTorch checkpoint to results/unsteady/checkpoints/best.pt
Saved PyTorch checkpoint to results/unsteady/checkpoints/best.pt
Saved PyTorch checkpoint to results/unsteady/checkpoints/best.pt
Saved PyTorch checkpoint to results/unsteady/checkpoints/best.pt
Saved PyTorch checkpoint to results/unsteady/checkpoints/best.pt
Saved PyTorch checkpoint to results/unsteady/checkpoints/best.pt
Saved PyTorch checkpoint to results/unsteady/checkpoints/best.pt
Saved PyTorch checkpoint to results/unsteady/checkpoints/best.pt
Saved PyTorch checkpoint to results/unsteady/checkpoints/best.pt
Saved PyTorch checkpoint to results/unsteady/checkpoints/best.pt
Saved PyTorch checkpoint to results/unsteady/checkpoints/best.pt
Saved PyTorch checkpoint to results/unsteady/checkpoints/best.pt
Saved PyTorch checkpoint to results/unsteady/checkpoints/best.pt
Saved PyTorch checkpoint to results/unsteady/checkpoints/best.pt
Saved PyTorch checkpoint to results/unsteady/checkpoints/best.pt
Saved PyTorch checkpoint to results/unsteady/checkpoints/best.pt
Saved PyTorch checkpoint to results/unsteady/checkpoints/best.pt
Saved PyTorch checkpoint to results/unsteady/checkpoints/best.pt
Saved PyTorch checkpoint to results/unsteady/checkpoints/best.pt
Saved PyTorch checkpoint to results/unsteady/checkpoints/best.pt
Saved PyTorch checkpoint to results/unsteady/checkpoints/best.pt
Saved PyTorch checkpoint to results/unsteady/checkpoints/best.pt
Saved PyTorch checkpoint to results/unsteady/checkpoints/best.pt
Saved PyTorch checkpoint to results/unsteady/checkpoints/best.pt
Saved PyTorch checkpoint to results/unsteady/checkpoints/best.pt
Saved PyTorch checkpoint to results/unsteady/checkpoints/best.pt
Saved PyTorch checkpoint to results/unsteady/checkpoints/best.pt
Saved PyTorch checkpoint to results/unsteady/checkpoints/best.pt
Saved PyTorch checkpoint to results/unsteady/checkpoints/best.pt
Saved PyTorch checkpoint to results/unsteady/checkpoints/best.pt
Saved PyTorch checkpoint to results/unsteady/checkpoints/best.pt
Saved PyTorch checkpoint to results/unsteady/checkpoints/best.pt
Saved PyTorch checkpoint to results/unsteady/checkpoints/best.pt
Saved PyTorch checkpoint to results/unsteady/checkpoints/best.pt
Saved PyTorch checkpoint to results/unsteady/checkpoints/best.pt
Saved PyTorch checkpoint to results/unsteady/checkpoints/best.pt
Saved PyTorch checkpoint to results/unsteady/checkpoints/best.pt
Saved PyTorch checkpoint to results/unsteady/checkpoints/best.pt
Saved PyTorch checkpoint to results/unsteady/checkpoints/best.pt
Saved PyTorch checkpoint to results/unsteady/checkpoints/best.pt
Saved PyTorch checkpoint to results/unsteady/checkpoints/best.pt
Saved PyTorch checkpoint to results/unsteady/checkpoints/best.pt
Saved PyTorch checkpoint to results/unsteady/checkpoints/best.pt
Saved PyTorch checkpoint to results/unsteady/checkpoints/best.pt
Saved PyTorch checkpoint to results/unsteady/checkpoints/best.pt
Saved PyTorch checkpoint to results/unsteady/checkpoints/best.pt
Saved PyTorch checkpoint to results/unsteady/checkpoints/best.pt
Saved PyTorch checkpoint to results/unsteady/checkpoints/best.pt
Saved PyTorch checkpoint to results/unsteady/checkpoints/best.pt
Saved PyTorch checkpoint to results/unsteady/checkpoints/best.pt
Saved PyTorch checkpoint to results/unsteady/checkpoints/best.pt
Saved PyTorch checkpoint to results/unsteady/checkpoints/best.pt
Saved PyTorch checkpoint to results/unsteady/checkpoints/best.pt
Saved PyTorch checkpoint to results/unsteady/checkpoints/best.pt
Saved PyTorch checkpoint to results/unsteady/checkpoints/best.pt
Saved PyTorch checkpoint to results/unsteady/checkpoints/best.pt
Saved PyTorch checkpoint to results/unsteady/checkpoints/best.pt
Saved PyTorch checkpoint to results/unsteady/checkpoints/best.pt
Saved PyTorch checkpoint to results/unsteady/checkpoints/best.pt
Saved PyTorch checkpoint to results/unsteady/checkpoints/best.pt
Saved PyTorch checkpoint to results/unsteady/checkpoints/best.pt
Saved PyTorch checkpoint to results/unsteady/checkpoints/best.pt
Saved PyTorch checkpoint to results/unsteady/checkpoints/best.pt
Saved PyTorch checkpoint to results/unsteady/checkpoints/best.pt
Saved PyTorch checkpoint to results/unsteady/checkpoints/best.pt
Saved PyTorch checkpoint to results/unsteady/checkpoints/best.pt
Saved PyTorch checkpoint to results/unsteady/checkpoints/best.pt
Saved PyTorch checkpoint to results/unsteady/checkpoints/best.pt
Saved PyTorch checkpoint to results/unsteady/checkpoints/best.pt
Saved PyTorch checkpoint to results/unsteady/checkpoints/best.pt
Saved PyTorch checkpoint to results/unsteady/checkpoints/best.pt
Saved PyTorch checkpoint to results/unsteady/checkpoints/best.pt
Saved PyTorch checkpoint to results/unsteady/checkpoints/best.pt
Saved PyTorch checkpoint to results/unsteady/checkpoints/best.pt
Saved PyTorch checkpoint to results/unsteady/checkpoints/best.pt
Saved PyTorch checkpoint to results/unsteady/checkpoints/best.pt
Adam 500 | total=1.438e-01 f=8.296e-03 ic=1.915e-03 wall=2.809e-02 inlet=3.773e-02 outlet=3.169e-05 lr=5.000e-04
Saved PyTorch checkpoint to results/unsteady/checkpoints/best.pt
Saved PyTorch checkpoint to results/unsteady/checkpoints/best.pt
Saved PyTorch checkpoint to results/unsteady/checkpoints/best.pt
Saved PyTorch checkpoint to results/unsteady/checkpoints/best.pt
Saved PyTorch checkpoint to results/unsteady/checkpoints/best.pt
Saved PyTorch checkpoint to results/unsteady/checkpoints/best.pt
Saved PyTorch checkpoint to results/unsteady/checkpoints/best.pt
Saved PyTorch checkpoint to results/unsteady/checkpoints/best.pt
Saved PyTorch checkpoint to results/unsteady/checkpoints/best.pt
Saved PyTorch checkpoint to results/unsteady/checkpoints/best.pt
Saved PyTorch checkpoint to results/unsteady/checkpoints/best.pt
Saved PyTorch checkpoint to results/unsteady/checkpoints/best.pt
Saved PyTorch checkpoint to results/unsteady/checkpoints/best.pt
Saved PyTorch checkpoint to results/unsteady/checkpoints/best.pt
Saved PyTorch checkpoint to results/unsteady/checkpoints/best.pt
Saved PyTorch checkpoint to results/unsteady/checkpoints/best.pt
Saved PyTorch checkpoint to results/unsteady/checkpoints/best.pt
Saved PyTorch checkpoint to results/unsteady/checkpoints/best.pt
Saved PyTorch checkpoint to results/unsteady/checkpoints/best.pt
Saved PyTorch checkpoint to results/unsteady/checkpoints/best.pt
Saved PyTorch checkpoint to results/unsteady/checkpoints/best.pt
Saved PyTorch checkpoint to results/unsteady/checkpoints/best.pt
Saved PyTorch checkpoint to results/unsteady/checkpoints/best.pt
Saved PyTorch checkpoint to results/unsteady/checkpoints/best.pt
Saved PyTorch checkpoint to results/unsteady/checkpoints/best.pt
Saved PyTorch checkpoint to results/unsteady/checkpoints/best.pt
Saved PyTorch checkpoint to results/unsteady/checkpoints/best.pt
Saved PyTorch checkpoint to results/unsteady/checkpoints/best.pt
Saved PyTorch checkpoint to results/unsteady/checkpoints/best.pt
Saved PyTorch checkpoint to results/unsteady/checkpoints/best.pt
Saved PyTorch checkpoint to results/unsteady/checkpoints/best.pt
Saved PyTorch checkpoint to results/unsteady/checkpoints/best.pt
Saved PyTorch checkpoint to results/unsteady/checkpoints/best.pt
Saved PyTorch checkpoint to results/unsteady/checkpoints/best.pt
Saved PyTorch checkpoint to results/unsteady/checkpoints/best.pt
Saved PyTorch checkpoint to results/unsteady/checkpoints/best.pt
Saved PyTorch checkpoint to results/unsteady/checkpoints/best.pt
Saved PyTorch checkpoint to results/unsteady/checkpoints/best.pt
Saved PyTorch checkpoint to results/unsteady/checkpoints/best.pt
Saved PyTorch checkpoint to results/unsteady/checkpoints/best.pt
Saved PyTorch checkpoint to results/unsteady/checkpoints/best.pt
Saved PyTorch checkpoint to results/unsteady/checkpoints/best.pt
Saved PyTorch checkpoint to results/unsteady/checkpoints/best.pt
Saved PyTorch checkpoint to results/unsteady/checkpoints/best.pt
Saved PyTorch checkpoint to results/unsteady/checkpoints/best.pt
Saved PyTorch checkpoint to results/unsteady/checkpoints/best.pt
Saved PyTorch checkpoint to results/unsteady/checkpoints/best.pt
Saved PyTorch checkpoint to results/unsteady/checkpoints/best.pt
Saved PyTorch checkpoint to results/unsteady/checkpoints/best.pt
Saved PyTorch checkpoint to results/unsteady/checkpoints/best.pt
Saved PyTorch checkpoint to results/unsteady/checkpoints/best.pt
Saved PyTorch checkpoint to results/unsteady/checkpoints/best.pt
Saved PyTorch checkpoint to results/unsteady/checkpoints/best.pt
Saved PyTorch checkpoint to results/unsteady/checkpoints/best.pt
Saved PyTorch checkpoint to results/unsteady/checkpoints/best.pt
Saved PyTorch checkpoint to results/unsteady/checkpoints/best.pt
Saved PyTorch checkpoint to results/unsteady/checkpoints/best.pt
Saved PyTorch checkpoint to results/unsteady/checkpoints/best.pt
Saved PyTorch checkpoint to results/unsteady/checkpoints/best.pt
Saved PyTorch checkpoint to results/unsteady/checkpoints/best.pt
Saved PyTorch checkpoint to results/unsteady/checkpoints/best.pt
Saved PyTorch checkpoint to results/unsteady/checkpoints/best.pt
Saved PyTorch checkpoint to results/unsteady/checkpoints/best.pt
Saved PyTorch checkpoint to results/unsteady/checkpoints/best.pt
Saved PyTorch checkpoint to results/unsteady/checkpoints/best.pt
Saved PyTorch checkpoint to results/unsteady/checkpoints/best.pt
Saved PyTorch checkpoint to results/unsteady/checkpoints/best.pt
Saved PyTorch checkpoint to results/unsteady/checkpoints/best.pt
Saved PyTorch checkpoint to results/unsteady/checkpoints/best.pt
Saved PyTorch checkpoint to results/unsteady/checkpoints/best.pt
Saved PyTorch checkpoint to results/unsteady/checkpoints/best.pt
Saved PyTorch checkpoint to results/unsteady/checkpoints/best.pt
Saved PyTorch checkpoint to results/unsteady/checkpoints/best.pt
Saved PyTorch checkpoint to results/unsteady/checkpoints/best.pt
Saved PyTorch checkpoint to results/unsteady/checkpoints/best.pt
Saved PyTorch checkpoint to results/unsteady/checkpoints/best.pt
Saved PyTorch checkpoint to results/unsteady/checkpoints/best.pt
Saved PyTorch checkpoint to results/unsteady/checkpoints/best.pt
Saved PyTorch checkpoint to results/unsteady/checkpoints/best.pt
Saved PyTorch checkpoint to results/unsteady/checkpoints/best.pt
Saved PyTorch checkpoint to results/unsteady/checkpoints/best.pt
Saved PyTorch checkpoint to results/unsteady/checkpoints/best.pt
Saved PyTorch checkpoint to results/unsteady/checkpoints/best.pt
Saved PyTorch checkpoint to results/unsteady/checkpoints/best.pt
Saved PyTorch checkpoint to results/unsteady/checkpoints/best.pt
Saved PyTorch checkpoint to results/unsteady/checkpoints/best.pt
Saved PyTorch checkpoint to results/unsteady/checkpoints/best.pt
Saved PyTorch checkpoint to results/unsteady/checkpoints/best.pt
Saved PyTorch checkpoint to results/unsteady/checkpoints/best.pt
Saved PyTorch checkpoint to results/unsteady/checkpoints/best.pt
Saved PyTorch checkpoint to results/unsteady/checkpoints/best.pt
Saved PyTorch checkpoint to results/unsteady/checkpoints/best.pt
Saved PyTorch checkpoint to results/unsteady/checkpoints/best.pt
Saved PyTorch checkpoint to results/unsteady/checkpoints/best.pt
Saved PyTorch checkpoint to results/unsteady/checkpoints/best.pt
Saved PyTorch checkpoint to results/unsteady/checkpoints/best.pt
Saved PyTorch checkpoint to results/unsteady/checkpoints/best.pt
Saved PyTorch checkpoint to results/unsteady/checkpoints/best.pt
Saved PyTorch checkpoint to results/unsteady/checkpoints/best.pt
Saved PyTorch checkpoint to results/unsteady/checkpoints/best.pt
Adam 600 | total=1.356e-01 f=7.630e-03 ic=1.513e-03 wall=2.781e-02 inlet=3.459e-02 outlet=5.626e-05 lr=5.000e-04
Saved PyTorch checkpoint to results/unsteady/checkpoints/best.pt
Saved PyTorch checkpoint to results/unsteady/checkpoints/best.pt
Saved PyTorch checkpoint to results/unsteady/checkpoints/best.pt
Saved PyTorch checkpoint to results/unsteady/checkpoints/best.pt
Saved PyTorch checkpoint to results/unsteady/checkpoints/best.pt
Saved PyTorch checkpoint to results/unsteady/checkpoints/best.pt
Saved PyTorch checkpoint to results/unsteady/checkpoints/best.pt
Saved PyTorch checkpoint to results/unsteady/checkpoints/best.pt
Saved PyTorch checkpoint to results/unsteady/checkpoints/best.pt
Saved PyTorch checkpoint to results/unsteady/checkpoints/best.pt
Saved PyTorch checkpoint to results/unsteady/checkpoints/best.pt
Saved PyTorch checkpoint to results/unsteady/checkpoints/best.pt
Saved PyTorch checkpoint to results/unsteady/checkpoints/best.pt
Saved PyTorch checkpoint to results/unsteady/checkpoints/best.pt
Saved PyTorch checkpoint to results/unsteady/checkpoints/best.pt
Saved PyTorch checkpoint to results/unsteady/checkpoints/best.pt
Saved PyTorch checkpoint to results/unsteady/checkpoints/best.pt
Saved PyTorch checkpoint to results/unsteady/checkpoints/best.pt
Saved PyTorch checkpoint to results/unsteady/checkpoints/best.pt
Saved PyTorch checkpoint to results/unsteady/checkpoints/best.pt
Saved PyTorch checkpoint to results/unsteady/checkpoints/best.pt
Saved PyTorch checkpoint to results/unsteady/checkpoints/best.pt
Saved PyTorch checkpoint to results/unsteady/checkpoints/best.pt
Saved PyTorch checkpoint to results/unsteady/checkpoints/best.pt
Saved PyTorch checkpoint to results/unsteady/checkpoints/best.pt
Saved PyTorch checkpoint to results/unsteady/checkpoints/best.pt
Saved PyTorch checkpoint to results/unsteady/checkpoints/best.pt
Saved PyTorch checkpoint to results/unsteady/checkpoints/best.pt
Saved PyTorch checkpoint to results/unsteady/checkpoints/best.pt
Saved PyTorch checkpoint to results/unsteady/checkpoints/best.pt
Saved PyTorch checkpoint to results/unsteady/checkpoints/best.pt
Saved PyTorch checkpoint to results/unsteady/checkpoints/best.pt
Saved PyTorch checkpoint to results/unsteady/checkpoints/best.pt
Saved PyTorch checkpoint to results/unsteady/checkpoints/best.pt
Saved PyTorch checkpoint to results/unsteady/checkpoints/best.pt
Saved PyTorch checkpoint to results/unsteady/checkpoints/best.pt
Saved PyTorch checkpoint to results/unsteady/checkpoints/best.pt
Saved PyTorch checkpoint to results/unsteady/checkpoints/best.pt
Saved PyTorch checkpoint to results/unsteady/checkpoints/best.pt
Saved PyTorch checkpoint to results/unsteady/checkpoints/best.pt
Saved PyTorch checkpoint to results/unsteady/checkpoints/best.pt
Saved PyTorch checkpoint to results/unsteady/checkpoints/best.pt
Saved PyTorch checkpoint to results/unsteady/checkpoints/best.pt
Saved PyTorch checkpoint to results/unsteady/checkpoints/best.pt
Saved PyTorch checkpoint to results/unsteady/checkpoints/best.pt
Saved PyTorch checkpoint to results/unsteady/checkpoints/best.pt
Saved PyTorch checkpoint to results/unsteady/checkpoints/best.pt
Saved PyTorch checkpoint to results/unsteady/checkpoints/best.pt
Saved PyTorch checkpoint to results/unsteady/checkpoints/best.pt
Saved PyTorch checkpoint to results/unsteady/checkpoints/best.pt
Saved PyTorch checkpoint to results/unsteady/checkpoints/best.pt
Saved PyTorch checkpoint to results/unsteady/checkpoints/best.pt
Saved PyTorch checkpoint to results/unsteady/checkpoints/best.pt
Saved PyTorch checkpoint to results/unsteady/checkpoints/best.pt
Saved PyTorch checkpoint to results/unsteady/checkpoints/best.pt
Saved PyTorch checkpoint to results/unsteady/checkpoints/best.pt
Saved PyTorch checkpoint to results/unsteady/checkpoints/best.pt
Saved PyTorch checkpoint to results/unsteady/checkpoints/best.pt
Saved PyTorch checkpoint to results/unsteady/checkpoints/best.pt
Saved PyTorch checkpoint to results/unsteady/checkpoints/best.pt
Saved PyTorch checkpoint to results/unsteady/checkpoints/best.pt
Saved PyTorch checkpoint to results/unsteady/checkpoints/best.pt
Saved PyTorch checkpoint to results/unsteady/checkpoints/best.pt
Saved PyTorch checkpoint to results/unsteady/checkpoints/best.pt
Saved PyTorch checkpoint to results/unsteady/checkpoints/best.pt
Saved PyTorch checkpoint to results/unsteady/checkpoints/best.pt
Saved PyTorch checkpoint to results/unsteady/checkpoints/best.pt
Saved PyTorch checkpoint to results/unsteady/checkpoints/best.pt
Saved PyTorch checkpoint to results/unsteady/checkpoints/best.pt
Saved PyTorch checkpoint to results/unsteady/checkpoints/best.pt
Saved PyTorch checkpoint to results/unsteady/checkpoints/best.pt
Saved PyTorch checkpoint to results/unsteady/checkpoints/best.pt
Saved PyTorch checkpoint to results/unsteady/checkpoints/best.pt
Saved PyTorch checkpoint to results/unsteady/checkpoints/best.pt
Saved PyTorch checkpoint to results/unsteady/checkpoints/best.pt
Saved PyTorch checkpoint to results/unsteady/checkpoints/best.pt
Saved PyTorch checkpoint to results/unsteady/checkpoints/best.pt
Saved PyTorch checkpoint to results/unsteady/checkpoints/best.pt
Saved PyTorch checkpoint to results/unsteady/checkpoints/best.pt
Saved PyTorch checkpoint to results/unsteady/checkpoints/best.pt
Saved PyTorch checkpoint to results/unsteady/checkpoints/best.pt
Saved PyTorch checkpoint to results/unsteady/checkpoints/best.pt
Saved PyTorch checkpoint to results/unsteady/checkpoints/best.pt
Saved PyTorch checkpoint to results/unsteady/checkpoints/best.pt
Saved PyTorch checkpoint to results/unsteady/checkpoints/best.pt
Saved PyTorch checkpoint to results/unsteady/checkpoints/best.pt
Saved PyTorch checkpoint to results/unsteady/checkpoints/best.pt
Saved PyTorch checkpoint to results/unsteady/checkpoints/best.pt
Saved PyTorch checkpoint to results/unsteady/checkpoints/best.pt
Saved PyTorch checkpoint to results/unsteady/checkpoints/best.pt
Saved PyTorch checkpoint to results/unsteady/checkpoints/best.pt
Saved PyTorch checkpoint to results/unsteady/checkpoints/best.pt
Saved PyTorch checkpoint to results/unsteady/checkpoints/best.pt
Saved PyTorch checkpoint to results/unsteady/checkpoints/best.pt
Saved PyTorch checkpoint to results/unsteady/checkpoints/best.pt
Saved PyTorch checkpoint to results/unsteady/checkpoints/best.pt
Saved PyTorch checkpoint to results/unsteady/checkpoints/best.pt
Saved PyTorch checkpoint to results/unsteady/checkpoints/best.pt
Saved PyTorch checkpoint to results/unsteady/checkpoints/best.pt
Saved PyTorch checkpoint to results/unsteady/checkpoints/best.pt
Adam 700 | total=1.287e-01 f=7.172e-03 ic=1.116e-03 wall=2.744e-02 inlet=3.214e-02 outlet=8.344e-05 lr=5.000e-04
Saved PyTorch checkpoint to results/unsteady/checkpoints/best.pt
Saved PyTorch checkpoint to results/unsteady/checkpoints/best.pt
Saved PyTorch checkpoint to results/unsteady/checkpoints/best.pt
Saved PyTorch checkpoint to results/unsteady/checkpoints/best.pt
Saved PyTorch checkpoint to results/unsteady/checkpoints/best.pt
Saved PyTorch checkpoint to results/unsteady/checkpoints/best.pt
Saved PyTorch checkpoint to results/unsteady/checkpoints/best.pt
Saved PyTorch checkpoint to results/unsteady/checkpoints/best.pt
Saved PyTorch checkpoint to results/unsteady/checkpoints/best.pt
Saved PyTorch checkpoint to results/unsteady/checkpoints/best.pt
Saved PyTorch checkpoint to results/unsteady/checkpoints/best.pt
Saved PyTorch checkpoint to results/unsteady/checkpoints/best.pt
Saved PyTorch checkpoint to results/unsteady/checkpoints/best.pt
Saved PyTorch checkpoint to results/unsteady/checkpoints/best.pt
Saved PyTorch checkpoint to results/unsteady/checkpoints/best.pt
Saved PyTorch checkpoint to results/unsteady/checkpoints/best.pt
Saved PyTorch checkpoint to results/unsteady/checkpoints/best.pt
Saved PyTorch checkpoint to results/unsteady/checkpoints/best.pt
Saved PyTorch checkpoint to results/unsteady/checkpoints/best.pt
Saved PyTorch checkpoint to results/unsteady/checkpoints/best.pt
Saved PyTorch checkpoint to results/unsteady/checkpoints/best.pt
Saved PyTorch checkpoint to results/unsteady/checkpoints/best.pt
Saved PyTorch checkpoint to results/unsteady/checkpoints/best.pt
Saved PyTorch checkpoint to results/unsteady/checkpoints/best.pt
Saved PyTorch checkpoint to results/unsteady/checkpoints/best.pt
Saved PyTorch checkpoint to results/unsteady/checkpoints/best.pt
Saved PyTorch checkpoint to results/unsteady/checkpoints/best.pt
Saved PyTorch checkpoint to results/unsteady/checkpoints/best.pt
Saved PyTorch checkpoint to results/unsteady/checkpoints/best.pt
Saved PyTorch checkpoint to results/unsteady/checkpoints/best.pt
Saved PyTorch checkpoint to results/unsteady/checkpoints/best.pt
Saved PyTorch checkpoint to results/unsteady/checkpoints/best.pt
Saved PyTorch checkpoint to results/unsteady/checkpoints/best.pt
Saved PyTorch checkpoint to results/unsteady/checkpoints/best.pt
Saved PyTorch checkpoint to results/unsteady/checkpoints/best.pt
Saved PyTorch checkpoint to results/unsteady/checkpoints/best.pt
Saved PyTorch checkpoint to results/unsteady/checkpoints/best.pt
Saved PyTorch checkpoint to results/unsteady/checkpoints/best.pt
Saved PyTorch checkpoint to results/unsteady/checkpoints/best.pt
Saved PyTorch checkpoint to results/unsteady/checkpoints/best.pt
Saved PyTorch checkpoint to results/unsteady/checkpoints/best.pt
Saved PyTorch checkpoint to results/unsteady/checkpoints/best.pt
Saved PyTorch checkpoint to results/unsteady/checkpoints/best.pt
Saved PyTorch checkpoint to results/unsteady/checkpoints/best.pt
Saved PyTorch checkpoint to results/unsteady/checkpoints/best.pt
Saved PyTorch checkpoint to results/unsteady/checkpoints/best.pt
Saved PyTorch checkpoint to results/unsteady/checkpoints/best.pt
Saved PyTorch checkpoint to results/unsteady/checkpoints/best.pt
Saved PyTorch checkpoint to results/unsteady/checkpoints/best.pt
Saved PyTorch checkpoint to results/unsteady/checkpoints/best.pt
Saved PyTorch checkpoint to results/unsteady/checkpoints/best.pt
Saved PyTorch checkpoint to results/unsteady/checkpoints/best.pt
Saved PyTorch checkpoint to results/unsteady/checkpoints/best.pt
Saved PyTorch checkpoint to results/unsteady/checkpoints/best.pt
Saved PyTorch checkpoint to results/unsteady/checkpoints/best.pt
Saved PyTorch checkpoint to results/unsteady/checkpoints/best.pt
Saved PyTorch checkpoint to results/unsteady/checkpoints/best.pt
Saved PyTorch checkpoint to results/unsteady/checkpoints/best.pt
Saved PyTorch checkpoint to results/unsteady/checkpoints/best.pt
Saved PyTorch checkpoint to results/unsteady/checkpoints/best.pt
Saved PyTorch checkpoint to results/unsteady/checkpoints/best.pt
Saved PyTorch checkpoint to results/unsteady/checkpoints/best.pt
Saved PyTorch checkpoint to results/unsteady/checkpoints/best.pt
Saved PyTorch checkpoint to results/unsteady/checkpoints/best.pt
Saved PyTorch checkpoint to results/unsteady/checkpoints/best.pt
Saved PyTorch checkpoint to results/unsteady/checkpoints/best.pt
Saved PyTorch checkpoint to results/unsteady/checkpoints/best.pt
Saved PyTorch checkpoint to results/unsteady/checkpoints/best.pt
Saved PyTorch checkpoint to results/unsteady/checkpoints/best.pt
Saved PyTorch checkpoint to results/unsteady/checkpoints/best.pt
Saved PyTorch checkpoint to results/unsteady/checkpoints/best.pt
Saved PyTorch checkpoint to results/unsteady/checkpoints/best.pt
Saved PyTorch checkpoint to results/unsteady/checkpoints/best.pt
Saved PyTorch checkpoint to results/unsteady/checkpoints/best.pt
Saved PyTorch checkpoint to results/unsteady/checkpoints/best.pt
Saved PyTorch checkpoint to results/unsteady/checkpoints/best.pt
Saved PyTorch checkpoint to results/unsteady/checkpoints/best.pt
Saved PyTorch checkpoint to results/unsteady/checkpoints/best.pt
Saved PyTorch checkpoint to results/unsteady/checkpoints/best.pt
Saved PyTorch checkpoint to results/unsteady/checkpoints/best.pt
Saved PyTorch checkpoint to results/unsteady/checkpoints/best.pt
Saved PyTorch checkpoint to results/unsteady/checkpoints/best.pt
Saved PyTorch checkpoint to results/unsteady/checkpoints/best.pt
Saved PyTorch checkpoint to results/unsteady/checkpoints/best.pt
Saved PyTorch checkpoint to results/unsteady/checkpoints/best.pt
Saved PyTorch checkpoint to results/unsteady/checkpoints/best.pt
Saved PyTorch checkpoint to results/unsteady/checkpoints/best.pt
Saved PyTorch checkpoint to results/unsteady/checkpoints/best.pt
Saved PyTorch checkpoint to results/unsteady/checkpoints/best.pt
Saved PyTorch checkpoint to results/unsteady/checkpoints/best.pt
Saved PyTorch checkpoint to results/unsteady/checkpoints/best.pt
Saved PyTorch checkpoint to results/unsteady/checkpoints/best.pt
Saved PyTorch checkpoint to results/unsteady/checkpoints/best.pt
Saved PyTorch checkpoint to results/unsteady/checkpoints/best.pt
Saved PyTorch checkpoint to results/unsteady/checkpoints/best.pt
Saved PyTorch checkpoint to results/unsteady/checkpoints/best.pt
Saved PyTorch checkpoint to results/unsteady/checkpoints/best.pt
Saved PyTorch checkpoint to results/unsteady/checkpoints/best.pt
Saved PyTorch checkpoint to results/unsteady/checkpoints/best.pt
Saved PyTorch checkpoint to results/unsteady/checkpoints/best.pt
Adam 800 | total=1.233e-01 f=6.689e-03 ic=7.830e-04 wall=2.697e-02 inlet=3.044e-02 outlet=1.005e-04 lr=5.000e-04
Saved PyTorch checkpoint to results/unsteady/checkpoints/best.pt
Saved PyTorch checkpoint to results/unsteady/checkpoints/best.pt
Saved PyTorch checkpoint to results/unsteady/checkpoints/best.pt
Saved PyTorch checkpoint to results/unsteady/checkpoints/best.pt
Saved PyTorch checkpoint to results/unsteady/checkpoints/best.pt
Saved PyTorch checkpoint to results/unsteady/checkpoints/best.pt
Saved PyTorch checkpoint to results/unsteady/checkpoints/best.pt
Saved PyTorch checkpoint to results/unsteady/checkpoints/best.pt
Saved PyTorch checkpoint to results/unsteady/checkpoints/best.pt
Saved PyTorch checkpoint to results/unsteady/checkpoints/best.pt
Saved PyTorch checkpoint to results/unsteady/checkpoints/best.pt
Saved PyTorch checkpoint to results/unsteady/checkpoints/best.pt
Saved PyTorch checkpoint to results/unsteady/checkpoints/best.pt
Saved PyTorch checkpoint to results/unsteady/checkpoints/best.pt
Saved PyTorch checkpoint to results/unsteady/checkpoints/best.pt
Saved PyTorch checkpoint to results/unsteady/checkpoints/best.pt
Saved PyTorch checkpoint to results/unsteady/checkpoints/best.pt
Saved PyTorch checkpoint to results/unsteady/checkpoints/best.pt
Saved PyTorch checkpoint to results/unsteady/checkpoints/best.pt
Saved PyTorch checkpoint to results/unsteady/checkpoints/best.pt
Saved PyTorch checkpoint to results/unsteady/checkpoints/best.pt
Saved PyTorch checkpoint to results/unsteady/checkpoints/best.pt
Saved PyTorch checkpoint to results/unsteady/checkpoints/best.pt
Saved PyTorch checkpoint to results/unsteady/checkpoints/best.pt
Saved PyTorch checkpoint to results/unsteady/checkpoints/best.pt
Saved PyTorch checkpoint to results/unsteady/checkpoints/best.pt
Saved PyTorch checkpoint to results/unsteady/checkpoints/best.pt
Saved PyTorch checkpoint to results/unsteady/checkpoints/best.pt
Saved PyTorch checkpoint to results/unsteady/checkpoints/best.pt
Saved PyTorch checkpoint to results/unsteady/checkpoints/best.pt
Saved PyTorch checkpoint to results/unsteady/checkpoints/best.pt
Saved PyTorch checkpoint to results/unsteady/checkpoints/best.pt
Saved PyTorch checkpoint to results/unsteady/checkpoints/best.pt
Saved PyTorch checkpoint to results/unsteady/checkpoints/best.pt
Saved PyTorch checkpoint to results/unsteady/checkpoints/best.pt
Saved PyTorch checkpoint to results/unsteady/checkpoints/best.pt
Saved PyTorch checkpoint to results/unsteady/checkpoints/best.pt
Saved PyTorch checkpoint to results/unsteady/checkpoints/best.pt
Saved PyTorch checkpoint to results/unsteady/checkpoints/best.pt
Saved PyTorch checkpoint to results/unsteady/checkpoints/best.pt
Saved PyTorch checkpoint to results/unsteady/checkpoints/best.pt
Saved PyTorch checkpoint to results/unsteady/checkpoints/best.pt
Saved PyTorch checkpoint to results/unsteady/checkpoints/best.pt
Saved PyTorch checkpoint to results/unsteady/checkpoints/best.pt
Saved PyTorch checkpoint to results/unsteady/checkpoints/best.pt
Saved PyTorch checkpoint to results/unsteady/checkpoints/best.pt
Saved PyTorch checkpoint to results/unsteady/checkpoints/best.pt
Saved PyTorch checkpoint to results/unsteady/checkpoints/best.pt
Saved PyTorch checkpoint to results/unsteady/checkpoints/best.pt
Saved PyTorch checkpoint to results/unsteady/checkpoints/best.pt
Saved PyTorch checkpoint to results/unsteady/checkpoints/best.pt
Saved PyTorch checkpoint to results/unsteady/checkpoints/best.pt
Saved PyTorch checkpoint to results/unsteady/checkpoints/best.pt
Saved PyTorch checkpoint to results/unsteady/checkpoints/best.pt
Saved PyTorch checkpoint to results/unsteady/checkpoints/best.pt
Saved PyTorch checkpoint to results/unsteady/checkpoints/best.pt
Saved PyTorch checkpoint to results/unsteady/checkpoints/best.pt
Saved PyTorch checkpoint to results/unsteady/checkpoints/best.pt
Saved PyTorch checkpoint to results/unsteady/checkpoints/best.pt
Saved PyTorch checkpoint to results/unsteady/checkpoints/best.pt
Saved PyTorch checkpoint to results/unsteady/checkpoints/best.pt
Saved PyTorch checkpoint to results/unsteady/checkpoints/best.pt
Saved PyTorch checkpoint to results/unsteady/checkpoints/best.pt
Saved PyTorch checkpoint to results/unsteady/checkpoints/best.pt
Saved PyTorch checkpoint to results/unsteady/checkpoints/best.pt
Saved PyTorch checkpoint to results/unsteady/checkpoints/best.pt
Saved PyTorch checkpoint to results/unsteady/checkpoints/best.pt
Saved PyTorch checkpoint to results/unsteady/checkpoints/best.pt
Saved PyTorch checkpoint to results/unsteady/checkpoints/best.pt
Saved PyTorch checkpoint to results/unsteady/checkpoints/best.pt
Saved PyTorch checkpoint to results/unsteady/checkpoints/best.pt
Saved PyTorch checkpoint to results/unsteady/checkpoints/best.pt
Saved PyTorch checkpoint to results/unsteady/checkpoints/best.pt
Saved PyTorch checkpoint to results/unsteady/checkpoints/best.pt
Saved PyTorch checkpoint to results/unsteady/checkpoints/best.pt
Saved PyTorch checkpoint to results/unsteady/checkpoints/best.pt
Saved PyTorch checkpoint to results/unsteady/checkpoints/best.pt
Saved PyTorch checkpoint to results/unsteady/checkpoints/best.pt
Saved PyTorch checkpoint to results/unsteady/checkpoints/best.pt
Saved PyTorch checkpoint to results/unsteady/checkpoints/best.pt
Saved PyTorch checkpoint to results/unsteady/checkpoints/best.pt
Saved PyTorch checkpoint to results/unsteady/checkpoints/best.pt
Saved PyTorch checkpoint to results/unsteady/checkpoints/best.pt
Saved PyTorch checkpoint to results/unsteady/checkpoints/best.pt
Saved PyTorch checkpoint to results/unsteady/checkpoints/best.pt
Saved PyTorch checkpoint to results/unsteady/checkpoints/best.pt
Saved PyTorch checkpoint to results/unsteady/checkpoints/best.pt
Saved PyTorch checkpoint to results/unsteady/checkpoints/best.pt
Saved PyTorch checkpoint to results/unsteady/checkpoints/best.pt
Saved PyTorch checkpoint to results/unsteady/checkpoints/best.pt
Saved PyTorch checkpoint to results/unsteady/checkpoints/best.pt
Saved PyTorch checkpoint to results/unsteady/checkpoints/best.pt
Saved PyTorch checkpoint to results/unsteady/checkpoints/best.pt
Saved PyTorch checkpoint to results/unsteady/checkpoints/best.pt
Saved PyTorch checkpoint to results/unsteady/checkpoints/best.pt
Saved PyTorch checkpoint to results/unsteady/checkpoints/best.pt
Saved PyTorch checkpoint to results/unsteady/checkpoints/best.pt
Saved PyTorch checkpoint to results/unsteady/checkpoints/best.pt
Saved PyTorch checkpoint to results/unsteady/checkpoints/best.pt
Saved PyTorch checkpoint to results/unsteady/checkpoints/best.pt
Adam 900 | total=1.194e-01 f=6.369e-03 ic=5.717e-04 wall=2.644e-02 inlet=2.939e-02 outlet=1.083e-04 lr=5.000e-04
Saved PyTorch checkpoint to results/unsteady/checkpoints/best.pt
Saved PyTorch checkpoint to results/unsteady/checkpoints/best.pt
Saved PyTorch checkpoint to results/unsteady/checkpoints/best.pt
Saved PyTorch checkpoint to results/unsteady/checkpoints/best.pt
Saved PyTorch checkpoint to results/unsteady/checkpoints/best.pt
Saved PyTorch checkpoint to results/unsteady/checkpoints/best.pt
Saved PyTorch checkpoint to results/unsteady/checkpoints/best.pt
Saved PyTorch checkpoint to results/unsteady/checkpoints/best.pt
Saved PyTorch checkpoint to results/unsteady/checkpoints/best.pt
Saved PyTorch checkpoint to results/unsteady/checkpoints/best.pt
Saved PyTorch checkpoint to results/unsteady/checkpoints/best.pt
Saved PyTorch checkpoint to results/unsteady/checkpoints/best.pt
Saved PyTorch checkpoint to results/unsteady/checkpoints/best.pt
Saved PyTorch checkpoint to results/unsteady/checkpoints/best.pt
Saved PyTorch checkpoint to results/unsteady/checkpoints/best.pt
Saved PyTorch checkpoint to results/unsteady/checkpoints/best.pt
Saved PyTorch checkpoint to results/unsteady/checkpoints/best.pt
Saved PyTorch checkpoint to results/unsteady/checkpoints/best.pt
Saved PyTorch checkpoint to results/unsteady/checkpoints/best.pt
Saved PyTorch checkpoint to results/unsteady/checkpoints/best.pt
Saved PyTorch checkpoint to results/unsteady/checkpoints/best.pt
Saved PyTorch checkpoint to results/unsteady/checkpoints/best.pt
Saved PyTorch checkpoint to results/unsteady/checkpoints/best.pt
Saved PyTorch checkpoint to results/unsteady/checkpoints/best.pt
Saved PyTorch checkpoint to results/unsteady/checkpoints/best.pt
Saved PyTorch checkpoint to results/unsteady/checkpoints/best.pt
Saved PyTorch checkpoint to results/unsteady/checkpoints/best.pt
Saved PyTorch checkpoint to results/unsteady/checkpoints/best.pt
Saved PyTorch checkpoint to results/unsteady/checkpoints/best.pt
Saved PyTorch checkpoint to results/unsteady/checkpoints/best.pt
Saved PyTorch checkpoint to results/unsteady/checkpoints/best.pt
Saved PyTorch checkpoint to results/unsteady/checkpoints/best.pt
Saved PyTorch checkpoint to results/unsteady/checkpoints/best.pt
Saved PyTorch checkpoint to results/unsteady/checkpoints/best.pt
Saved PyTorch checkpoint to results/unsteady/checkpoints/best.pt
Saved PyTorch checkpoint to results/unsteady/checkpoints/best.pt
Saved PyTorch checkpoint to results/unsteady/checkpoints/best.pt
Saved PyTorch checkpoint to results/unsteady/checkpoints/best.pt
Saved PyTorch checkpoint to results/unsteady/checkpoints/best.pt
Saved PyTorch checkpoint to results/unsteady/checkpoints/best.pt
Saved PyTorch checkpoint to results/unsteady/checkpoints/best.pt
Saved PyTorch checkpoint to results/unsteady/checkpoints/best.pt
Saved PyTorch checkpoint to results/unsteady/checkpoints/best.pt
Saved PyTorch checkpoint to results/unsteady/checkpoints/best.pt
Saved PyTorch checkpoint to results/unsteady/checkpoints/best.pt
Saved PyTorch checkpoint to results/unsteady/checkpoints/best.pt
Saved PyTorch checkpoint to results/unsteady/checkpoints/best.pt
Saved PyTorch checkpoint to results/unsteady/checkpoints/best.pt
Saved PyTorch checkpoint to results/unsteady/checkpoints/best.pt
Saved PyTorch checkpoint to results/unsteady/checkpoints/best.pt
Saved PyTorch checkpoint to results/unsteady/checkpoints/best.pt
Saved PyTorch checkpoint to results/unsteady/checkpoints/best.pt
Saved PyTorch checkpoint to results/unsteady/checkpoints/best.pt
Saved PyTorch checkpoint to results/unsteady/checkpoints/best.pt
Saved PyTorch checkpoint to results/unsteady/checkpoints/best.pt
Saved PyTorch checkpoint to results/unsteady/checkpoints/best.pt
Saved PyTorch checkpoint to results/unsteady/checkpoints/best.pt
Saved PyTorch checkpoint to results/unsteady/checkpoints/best.pt
Saved PyTorch checkpoint to results/unsteady/checkpoints/best.pt
Saved PyTorch checkpoint to results/unsteady/checkpoints/best.pt
Saved PyTorch checkpoint to results/unsteady/checkpoints/best.pt
Saved PyTorch checkpoint to results/unsteady/checkpoints/best.pt
Saved PyTorch checkpoint to results/unsteady/checkpoints/best.pt
Saved PyTorch checkpoint to results/unsteady/checkpoints/best.pt
Saved PyTorch checkpoint to results/unsteady/checkpoints/best.pt
Saved PyTorch checkpoint to results/unsteady/checkpoints/best.pt
Saved PyTorch checkpoint to results/unsteady/checkpoints/best.pt
Saved PyTorch checkpoint to results/unsteady/checkpoints/best.pt
Saved PyTorch checkpoint to results/unsteady/checkpoints/best.pt
Saved PyTorch checkpoint to results/unsteady/checkpoints/best.pt
Saved PyTorch checkpoint to results/unsteady/checkpoints/best.pt
Saved PyTorch checkpoint to results/unsteady/checkpoints/best.pt
Saved PyTorch checkpoint to results/unsteady/checkpoints/best.pt
Saved PyTorch checkpoint to results/unsteady/checkpoints/best.pt
Saved PyTorch checkpoint to results/unsteady/checkpoints/best.pt
Saved PyTorch checkpoint to results/unsteady/checkpoints/best.pt
Saved PyTorch checkpoint to results/unsteady/checkpoints/best.pt
Saved PyTorch checkpoint to results/unsteady/checkpoints/best.pt
Saved PyTorch checkpoint to results/unsteady/checkpoints/best.pt
Saved PyTorch checkpoint to results/unsteady/checkpoints/best.pt
Saved PyTorch checkpoint to results/unsteady/checkpoints/best.pt
Saved PyTorch checkpoint to results/unsteady/checkpoints/best.pt
Saved PyTorch checkpoint to results/unsteady/checkpoints/best.pt
Saved PyTorch checkpoint to results/unsteady/checkpoints/best.pt
Saved PyTorch checkpoint to results/unsteady/checkpoints/best.pt
Saved PyTorch checkpoint to results/unsteady/checkpoints/best.pt
Saved PyTorch checkpoint to results/unsteady/checkpoints/best.pt
Saved PyTorch checkpoint to results/unsteady/checkpoints/best.pt
Saved PyTorch checkpoint to results/unsteady/checkpoints/best.pt
Saved PyTorch checkpoint to results/unsteady/checkpoints/best.pt
Saved PyTorch checkpoint to results/unsteady/checkpoints/best.pt
Saved PyTorch checkpoint to results/unsteady/checkpoints/best.pt
Saved PyTorch checkpoint to results/unsteady/checkpoints/best.pt
Saved PyTorch checkpoint to results/unsteady/checkpoints/best.pt
Saved PyTorch checkpoint to results/unsteady/checkpoints/best.pt
Saved PyTorch checkpoint to results/unsteady/checkpoints/best.pt
Saved PyTorch checkpoint to results/unsteady/checkpoints/best.pt
Saved PyTorch checkpoint to results/unsteady/checkpoints/best.pt
Saved PyTorch checkpoint to results/unsteady/checkpoints/best.pt
Saved PyTorch checkpoint to results/unsteady/checkpoints/best.pt
Adam 1000 | total=1.167e-01 f=6.240e-03 ic=4.670e-04 wall=2.589e-02 inlet=2.875e-02 outlet=1.076e-04 lr=5.000e-04
Saved PyTorch checkpoint to results/unsteady/checkpoints/best.pt
Saved PyTorch checkpoint to results/unsteady/checkpoints/latest.pt
Saved PyTorch checkpoint to results/unsteady/checkpoints/best.pt
Saved PyTorch checkpoint to results/unsteady/checkpoints/best.pt
Saved PyTorch checkpoint to results/unsteady/checkpoints/best.pt
Saved PyTorch checkpoint to results/unsteady/checkpoints/best.pt
Saved PyTorch checkpoint to results/unsteady/checkpoints/best.pt
Saved PyTorch checkpoint to results/unsteady/checkpoints/best.pt
Saved PyTorch checkpoint to results/unsteady/checkpoints/best.pt
Saved PyTorch checkpoint to results/unsteady/checkpoints/best.pt
Saved PyTorch checkpoint to results/unsteady/checkpoints/best.pt
Saved PyTorch checkpoint to results/unsteady/checkpoints/best.pt
Saved PyTorch checkpoint to results/unsteady/checkpoints/best.pt
Saved PyTorch checkpoint to results/unsteady/checkpoints/best.pt
Saved PyTorch checkpoint to results/unsteady/checkpoints/best.pt
Saved PyTorch checkpoint to results/unsteady/checkpoints/best.pt
Saved PyTorch checkpoint to results/unsteady/checkpoints/best.pt
Saved PyTorch checkpoint to results/unsteady/checkpoints/best.pt
Saved PyTorch checkpoint to results/unsteady/checkpoints/best.pt
Saved PyTorch checkpoint to results/unsteady/checkpoints/best.pt
Saved PyTorch checkpoint to results/unsteady/checkpoints/best.pt
Saved PyTorch checkpoint to results/unsteady/checkpoints/best.pt
Saved PyTorch checkpoint to results/unsteady/checkpoints/best.pt
Saved PyTorch checkpoint to results/unsteady/checkpoints/best.pt
Saved PyTorch checkpoint to results/unsteady/checkpoints/best.pt
Saved PyTorch checkpoint to results/unsteady/checkpoints/best.pt
Saved PyTorch checkpoint to results/unsteady/checkpoints/best.pt
Saved PyTorch checkpoint to results/unsteady/checkpoints/best.pt
Saved PyTorch checkpoint to results/unsteady/checkpoints/best.pt
Saved PyTorch checkpoint to results/unsteady/checkpoints/best.pt
Saved PyTorch checkpoint to results/unsteady/checkpoints/best.pt
Saved PyTorch checkpoint to results/unsteady/checkpoints/best.pt
Saved PyTorch checkpoint to results/unsteady/checkpoints/best.pt
Saved PyTorch checkpoint to results/unsteady/checkpoints/best.pt
Saved PyTorch checkpoint to results/unsteady/checkpoints/best.pt
Saved PyTorch checkpoint to results/unsteady/checkpoints/best.pt
Saved PyTorch checkpoint to results/unsteady/checkpoints/best.pt
Saved PyTorch checkpoint to results/unsteady/checkpoints/best.pt
Saved PyTorch checkpoint to results/unsteady/checkpoints/best.pt
Saved PyTorch checkpoint to results/unsteady/checkpoints/best.pt
Saved PyTorch checkpoint to results/unsteady/checkpoints/best.pt
Saved PyTorch checkpoint to results/unsteady/checkpoints/best.pt
Saved PyTorch checkpoint to results/unsteady/checkpoints/best.pt
Saved PyTorch checkpoint to results/unsteady/checkpoints/best.pt
Saved PyTorch checkpoint to results/unsteady/checkpoints/best.pt
Saved PyTorch checkpoint to results/unsteady/checkpoints/best.pt
Saved PyTorch checkpoint to results/unsteady/checkpoints/best.pt
Saved PyTorch checkpoint to results/unsteady/checkpoints/best.pt
Saved PyTorch checkpoint to results/unsteady/checkpoints/best.pt
Saved PyTorch checkpoint to results/unsteady/checkpoints/best.pt
Saved PyTorch checkpoint to results/unsteady/checkpoints/best.pt
Saved PyTorch checkpoint to results/unsteady/checkpoints/best.pt
Saved PyTorch checkpoint to results/unsteady/checkpoints/best.pt
Saved PyTorch checkpoint to results/unsteady/checkpoints/best.pt
Saved PyTorch checkpoint to results/unsteady/checkpoints/best.pt
Saved PyTorch checkpoint to results/unsteady/checkpoints/best.pt
Saved PyTorch checkpoint to results/unsteady/checkpoints/best.pt
Saved PyTorch checkpoint to results/unsteady/checkpoints/best.pt
Saved PyTorch checkpoint to results/unsteady/checkpoints/best.pt
Saved PyTorch checkpoint to results/unsteady/checkpoints/best.pt
Saved PyTorch checkpoint to results/unsteady/checkpoints/best.pt
Saved PyTorch checkpoint to results/unsteady/checkpoints/best.pt
Saved PyTorch checkpoint to results/unsteady/checkpoints/best.pt
Saved PyTorch checkpoint to results/unsteady/checkpoints/best.pt
Saved PyTorch checkpoint to results/unsteady/checkpoints/best.pt
Saved PyTorch checkpoint to results/unsteady/checkpoints/best.pt
Saved PyTorch checkpoint to results/unsteady/checkpoints/best.pt
Saved PyTorch checkpoint to results/unsteady/checkpoints/best.pt
Saved PyTorch checkpoint to results/unsteady/checkpoints/best.pt
Saved PyTorch checkpoint to results/unsteady/checkpoints/best.pt
Saved PyTorch checkpoint to results/unsteady/checkpoints/best.pt
Saved PyTorch checkpoint to results/unsteady/checkpoints/best.pt
Saved PyTorch checkpoint to results/unsteady/checkpoints/best.pt
Saved PyTorch checkpoint to results/unsteady/checkpoints/best.pt
Saved PyTorch checkpoint to results/unsteady/checkpoints/best.pt
Saved PyTorch checkpoint to results/unsteady/checkpoints/best.pt
Saved PyTorch checkpoint to results/unsteady/checkpoints/best.pt
Saved PyTorch checkpoint to results/unsteady/checkpoints/best.pt
Saved PyTorch checkpoint to results/unsteady/checkpoints/best.pt
Saved PyTorch checkpoint to results/unsteady/checkpoints/best.pt
Saved PyTorch checkpoint to results/unsteady/checkpoints/best.pt
Saved PyTorch checkpoint to results/unsteady/checkpoints/best.pt
Saved PyTorch checkpoint to results/unsteady/checkpoints/best.pt
Saved PyTorch checkpoint to results/unsteady/checkpoints/best.pt
Saved PyTorch checkpoint to results/unsteady/checkpoints/best.pt
Saved PyTorch checkpoint to results/unsteady/checkpoints/best.pt
Saved PyTorch checkpoint to results/unsteady/checkpoints/best.pt
Saved PyTorch checkpoint to results/unsteady/checkpoints/best.pt
Saved PyTorch checkpoint to results/unsteady/checkpoints/best.pt
Saved PyTorch checkpoint to results/unsteady/checkpoints/best.pt
Saved PyTorch checkpoint to results/unsteady/checkpoints/best.pt
Saved PyTorch checkpoint to results/unsteady/checkpoints/best.pt
Saved PyTorch checkpoint to results/unsteady/checkpoints/best.pt
Saved PyTorch checkpoint to results/unsteady/checkpoints/best.pt
Saved PyTorch checkpoint to results/unsteady/checkpoints/best.pt
Saved PyTorch checkpoint to results/unsteady/checkpoints/best.pt
Saved PyTorch checkpoint to results/unsteady/checkpoints/best.pt
Saved PyTorch checkpoint to results/unsteady/checkpoints/best.pt
Saved PyTorch checkpoint to results/unsteady/checkpoints/best.pt
Saved PyTorch checkpoint to results/unsteady/checkpoints/best.pt
Saved PyTorch checkpoint to results/unsteady/checkpoints/best.pt
Adam 1100 | total=1.144e-01 f=6.178e-03 ic=4.326e-04 wall=2.534e-02 inlet=2.825e-02 outlet=1.008e-04 lr=5.000e-04
Saved PyTorch checkpoint to results/unsteady/checkpoints/best.pt
Saved PyTorch checkpoint to results/unsteady/checkpoints/best.pt
Saved PyTorch checkpoint to results/unsteady/checkpoints/best.pt
Saved PyTorch checkpoint to results/unsteady/checkpoints/best.pt
Saved PyTorch checkpoint to results/unsteady/checkpoints/best.pt
Saved PyTorch checkpoint to results/unsteady/checkpoints/best.pt
Saved PyTorch checkpoint to results/unsteady/checkpoints/best.pt
Saved PyTorch checkpoint to results/unsteady/checkpoints/best.pt
Saved PyTorch checkpoint to results/unsteady/checkpoints/best.pt
Saved PyTorch checkpoint to results/unsteady/checkpoints/best.pt
Saved PyTorch checkpoint to results/unsteady/checkpoints/best.pt
Saved PyTorch checkpoint to results/unsteady/checkpoints/best.pt
Saved PyTorch checkpoint to results/unsteady/checkpoints/best.pt
Saved PyTorch checkpoint to results/unsteady/checkpoints/best.pt
Saved PyTorch checkpoint to results/unsteady/checkpoints/best.pt
Saved PyTorch checkpoint to results/unsteady/checkpoints/best.pt
Saved PyTorch checkpoint to results/unsteady/checkpoints/best.pt
Saved PyTorch checkpoint to results/unsteady/checkpoints/best.pt
Saved PyTorch checkpoint to results/unsteady/checkpoints/best.pt
Saved PyTorch checkpoint to results/unsteady/checkpoints/best.pt
Saved PyTorch checkpoint to results/unsteady/checkpoints/best.pt
Saved PyTorch checkpoint to results/unsteady/checkpoints/best.pt
Saved PyTorch checkpoint to results/unsteady/checkpoints/best.pt
Saved PyTorch checkpoint to results/unsteady/checkpoints/best.pt
Saved PyTorch checkpoint to results/unsteady/checkpoints/best.pt
Saved PyTorch checkpoint to results/unsteady/checkpoints/best.pt
Saved PyTorch checkpoint to results/unsteady/checkpoints/best.pt
Saved PyTorch checkpoint to results/unsteady/checkpoints/best.pt
Saved PyTorch checkpoint to results/unsteady/checkpoints/best.pt
Saved PyTorch checkpoint to results/unsteady/checkpoints/best.pt
Saved PyTorch checkpoint to results/unsteady/checkpoints/best.pt
Saved PyTorch checkpoint to results/unsteady/checkpoints/best.pt
Saved PyTorch checkpoint to results/unsteady/checkpoints/best.pt
Saved PyTorch checkpoint to results/unsteady/checkpoints/best.pt
Saved PyTorch checkpoint to results/unsteady/checkpoints/best.pt
Saved PyTorch checkpoint to results/unsteady/checkpoints/best.pt
Saved PyTorch checkpoint to results/unsteady/checkpoints/best.pt
Saved PyTorch checkpoint to results/unsteady/checkpoints/best.pt
Saved PyTorch checkpoint to results/unsteady/checkpoints/best.pt
Saved PyTorch checkpoint to results/unsteady/checkpoints/best.pt
Saved PyTorch checkpoint to results/unsteady/checkpoints/best.pt
Saved PyTorch checkpoint to results/unsteady/checkpoints/best.pt
Saved PyTorch checkpoint to results/unsteady/checkpoints/best.pt
Saved PyTorch checkpoint to results/unsteady/checkpoints/best.pt
Saved PyTorch checkpoint to results/unsteady/checkpoints/best.pt
Saved PyTorch checkpoint to results/unsteady/checkpoints/best.pt
Saved PyTorch checkpoint to results/unsteady/checkpoints/best.pt
Saved PyTorch checkpoint to results/unsteady/checkpoints/best.pt
Saved PyTorch checkpoint to results/unsteady/checkpoints/best.pt
Saved PyTorch checkpoint to results/unsteady/checkpoints/best.pt
Saved PyTorch checkpoint to results/unsteady/checkpoints/best.pt
Saved PyTorch checkpoint to results/unsteady/checkpoints/best.pt
Saved PyTorch checkpoint to results/unsteady/checkpoints/best.pt
Saved PyTorch checkpoint to results/unsteady/checkpoints/best.pt
Saved PyTorch checkpoint to results/unsteady/checkpoints/best.pt
Saved PyTorch checkpoint to results/unsteady/checkpoints/best.pt
Saved PyTorch checkpoint to results/unsteady/checkpoints/best.pt
Saved PyTorch checkpoint to results/unsteady/checkpoints/best.pt
Saved PyTorch checkpoint to results/unsteady/checkpoints/best.pt
Saved PyTorch checkpoint to results/unsteady/checkpoints/best.pt
Saved PyTorch checkpoint to results/unsteady/checkpoints/best.pt
Saved PyTorch checkpoint to results/unsteady/checkpoints/best.pt
Saved PyTorch checkpoint to results/unsteady/checkpoints/best.pt
Saved PyTorch checkpoint to results/unsteady/checkpoints/best.pt
Saved PyTorch checkpoint to results/unsteady/checkpoints/best.pt
Saved PyTorch checkpoint to results/unsteady/checkpoints/best.pt
Saved PyTorch checkpoint to results/unsteady/checkpoints/best.pt
Saved PyTorch checkpoint to results/unsteady/checkpoints/best.pt
Saved PyTorch checkpoint to results/unsteady/checkpoints/best.pt
Saved PyTorch checkpoint to results/unsteady/checkpoints/best.pt
Saved PyTorch checkpoint to results/unsteady/checkpoints/best.pt
Saved PyTorch checkpoint to results/unsteady/checkpoints/best.pt
Saved PyTorch checkpoint to results/unsteady/checkpoints/best.pt
Saved PyTorch checkpoint to results/unsteady/checkpoints/best.pt
Saved PyTorch checkpoint to results/unsteady/checkpoints/best.pt
Saved PyTorch checkpoint to results/unsteady/checkpoints/best.pt
Saved PyTorch checkpoint to results/unsteady/checkpoints/best.pt
Saved PyTorch checkpoint to results/unsteady/checkpoints/best.pt
Saved PyTorch checkpoint to results/unsteady/checkpoints/best.pt
Saved PyTorch checkpoint to results/unsteady/checkpoints/best.pt
Saved PyTorch checkpoint to results/unsteady/checkpoints/best.pt
Saved PyTorch checkpoint to results/unsteady/checkpoints/best.pt
Saved PyTorch checkpoint to results/unsteady/checkpoints/best.pt
Saved PyTorch checkpoint to results/unsteady/checkpoints/best.pt
Saved PyTorch checkpoint to results/unsteady/checkpoints/best.pt
Saved PyTorch checkpoint to results/unsteady/checkpoints/best.pt
Saved PyTorch checkpoint to results/unsteady/checkpoints/best.pt
Saved PyTorch checkpoint to results/unsteady/checkpoints/best.pt
Saved PyTorch checkpoint to results/unsteady/checkpoints/best.pt
Saved PyTorch checkpoint to results/unsteady/checkpoints/best.pt
Saved PyTorch checkpoint to results/unsteady/checkpoints/best.pt
Saved PyTorch checkpoint to results/unsteady/checkpoints/best.pt
Saved PyTorch checkpoint to results/unsteady/checkpoints/best.pt
Saved PyTorch checkpoint to results/unsteady/checkpoints/best.pt
Saved PyTorch checkpoint to results/unsteady/checkpoints/best.pt
Saved PyTorch checkpoint to results/unsteady/checkpoints/best.pt
Saved PyTorch checkpoint to results/unsteady/checkpoints/best.pt
Saved PyTorch checkpoint to results/unsteady/checkpoints/best.pt
Saved PyTorch checkpoint to results/unsteady/checkpoints/best.pt
Saved PyTorch checkpoint to results/unsteady/checkpoints/best.pt
Adam 1200 | total=1.122e-01 f=6.183e-03 ic=4.417e-04 wall=2.476e-02 inlet=2.772e-02 outlet=9.201e-05 lr=5.000e-04
Saved PyTorch checkpoint to results/unsteady/checkpoints/best.pt
Saved PyTorch checkpoint to results/unsteady/checkpoints/best.pt
Saved PyTorch checkpoint to results/unsteady/checkpoints/best.pt
Saved PyTorch checkpoint to results/unsteady/checkpoints/best.pt
Saved PyTorch checkpoint to results/unsteady/checkpoints/best.pt
Saved PyTorch checkpoint to results/unsteady/checkpoints/best.pt
Saved PyTorch checkpoint to results/unsteady/checkpoints/best.pt
Saved PyTorch checkpoint to results/unsteady/checkpoints/best.pt
Saved PyTorch checkpoint to results/unsteady/checkpoints/best.pt
Saved PyTorch checkpoint to results/unsteady/checkpoints/best.pt
Saved PyTorch checkpoint to results/unsteady/checkpoints/best.pt
Saved PyTorch checkpoint to results/unsteady/checkpoints/best.pt
Saved PyTorch checkpoint to results/unsteady/checkpoints/best.pt
Saved PyTorch checkpoint to results/unsteady/checkpoints/best.pt
Saved PyTorch checkpoint to results/unsteady/checkpoints/best.pt
Saved PyTorch checkpoint to results/unsteady/checkpoints/best.pt
Saved PyTorch checkpoint to results/unsteady/checkpoints/best.pt
Saved PyTorch checkpoint to results/unsteady/checkpoints/best.pt
Saved PyTorch checkpoint to results/unsteady/checkpoints/best.pt
Saved PyTorch checkpoint to results/unsteady/checkpoints/best.pt
Saved PyTorch checkpoint to results/unsteady/checkpoints/best.pt
Saved PyTorch checkpoint to results/unsteady/checkpoints/best.pt
Saved PyTorch checkpoint to results/unsteady/checkpoints/best.pt
Saved PyTorch checkpoint to results/unsteady/checkpoints/best.pt
Saved PyTorch checkpoint to results/unsteady/checkpoints/best.pt
Saved PyTorch checkpoint to results/unsteady/checkpoints/best.pt
Saved PyTorch checkpoint to results/unsteady/checkpoints/best.pt
Saved PyTorch checkpoint to results/unsteady/checkpoints/best.pt
Saved PyTorch checkpoint to results/unsteady/checkpoints/best.pt
Saved PyTorch checkpoint to results/unsteady/checkpoints/best.pt
Saved PyTorch checkpoint to results/unsteady/checkpoints/best.pt
Saved PyTorch checkpoint to results/unsteady/checkpoints/best.pt
Saved PyTorch checkpoint to results/unsteady/checkpoints/best.pt
Saved PyTorch checkpoint to results/unsteady/checkpoints/best.pt
Saved PyTorch checkpoint to results/unsteady/checkpoints/best.pt
Saved PyTorch checkpoint to results/unsteady/checkpoints/best.pt
Saved PyTorch checkpoint to results/unsteady/checkpoints/best.pt
Saved PyTorch checkpoint to results/unsteady/checkpoints/best.pt
Saved PyTorch checkpoint to results/unsteady/checkpoints/best.pt
Saved PyTorch checkpoint to results/unsteady/checkpoints/best.pt
Saved PyTorch checkpoint to results/unsteady/checkpoints/best.pt
Saved PyTorch checkpoint to results/unsteady/checkpoints/best.pt
Saved PyTorch checkpoint to results/unsteady/checkpoints/best.pt
Saved PyTorch checkpoint to results/unsteady/checkpoints/best.pt
Saved PyTorch checkpoint to results/unsteady/checkpoints/best.pt
Saved PyTorch checkpoint to results/unsteady/checkpoints/best.pt
Saved PyTorch checkpoint to results/unsteady/checkpoints/best.pt
Saved PyTorch checkpoint to results/unsteady/checkpoints/best.pt
Saved PyTorch checkpoint to results/unsteady/checkpoints/best.pt
Saved PyTorch checkpoint to results/unsteady/checkpoints/best.pt
Saved PyTorch checkpoint to results/unsteady/checkpoints/best.pt
Saved PyTorch checkpoint to results/unsteady/checkpoints/best.pt
Saved PyTorch checkpoint to results/unsteady/checkpoints/best.pt
Saved PyTorch checkpoint to results/unsteady/checkpoints/best.pt
Saved PyTorch checkpoint to results/unsteady/checkpoints/best.pt
Saved PyTorch checkpoint to results/unsteady/checkpoints/best.pt
Saved PyTorch checkpoint to results/unsteady/checkpoints/best.pt
Saved PyTorch checkpoint to results/unsteady/checkpoints/best.pt
Saved PyTorch checkpoint to results/unsteady/checkpoints/best.pt
Saved PyTorch checkpoint to results/unsteady/checkpoints/best.pt
Saved PyTorch checkpoint to results/unsteady/checkpoints/best.pt
Saved PyTorch checkpoint to results/unsteady/checkpoints/best.pt
Saved PyTorch checkpoint to results/unsteady/checkpoints/best.pt
Saved PyTorch checkpoint to results/unsteady/checkpoints/best.pt
Saved PyTorch checkpoint to results/unsteady/checkpoints/best.pt
Saved PyTorch checkpoint to results/unsteady/checkpoints/best.pt
Saved PyTorch checkpoint to results/unsteady/checkpoints/best.pt
Saved PyTorch checkpoint to results/unsteady/checkpoints/best.pt
Saved PyTorch checkpoint to results/unsteady/checkpoints/best.pt
Saved PyTorch checkpoint to results/unsteady/checkpoints/best.pt
Saved PyTorch checkpoint to results/unsteady/checkpoints/best.pt
Saved PyTorch checkpoint to results/unsteady/checkpoints/best.pt
Saved PyTorch checkpoint to results/unsteady/checkpoints/best.pt
Saved PyTorch checkpoint to results/unsteady/checkpoints/best.pt
Saved PyTorch checkpoint to results/unsteady/checkpoints/best.pt
Saved PyTorch checkpoint to results/unsteady/checkpoints/best.pt
Saved PyTorch checkpoint to results/unsteady/checkpoints/best.pt
Saved PyTorch checkpoint to results/unsteady/checkpoints/best.pt
Saved PyTorch checkpoint to results/unsteady/checkpoints/best.pt
Saved PyTorch checkpoint to results/unsteady/checkpoints/best.pt
Saved PyTorch checkpoint to results/unsteady/checkpoints/best.pt
Saved PyTorch checkpoint to results/unsteady/checkpoints/best.pt
Saved PyTorch checkpoint to results/unsteady/checkpoints/best.pt
Saved PyTorch checkpoint to results/unsteady/checkpoints/best.pt
Saved PyTorch checkpoint to results/unsteady/checkpoints/best.pt
Saved PyTorch checkpoint to results/unsteady/checkpoints/best.pt
Saved PyTorch checkpoint to results/unsteady/checkpoints/best.pt
Saved PyTorch checkpoint to results/unsteady/checkpoints/best.pt
Saved PyTorch checkpoint to results/unsteady/checkpoints/best.pt
Saved PyTorch checkpoint to results/unsteady/checkpoints/best.pt
Saved PyTorch checkpoint to results/unsteady/checkpoints/best.pt
Saved PyTorch checkpoint to results/unsteady/checkpoints/best.pt
Saved PyTorch checkpoint to results/unsteady/checkpoints/best.pt
Saved PyTorch checkpoint to results/unsteady/checkpoints/best.pt
Saved PyTorch checkpoint to results/unsteady/checkpoints/best.pt
Saved PyTorch checkpoint to results/unsteady/checkpoints/best.pt
Saved PyTorch checkpoint to results/unsteady/checkpoints/best.pt
Saved PyTorch checkpoint to results/unsteady/checkpoints/best.pt
Saved PyTorch checkpoint to results/unsteady/checkpoints/best.pt
Saved PyTorch checkpoint to results/unsteady/checkpoints/best.pt
Adam 1300 | total=1.097e-01 f=6.316e-03 ic=4.881e-04 wall=2.405e-02 inlet=2.706e-02 outlet=8.432e-05 lr=5.000e-04
Saved PyTorch checkpoint to results/unsteady/checkpoints/best.pt
Saved PyTorch checkpoint to results/unsteady/checkpoints/best.pt
Saved PyTorch checkpoint to results/unsteady/checkpoints/best.pt
Saved PyTorch checkpoint to results/unsteady/checkpoints/best.pt
Saved PyTorch checkpoint to results/unsteady/checkpoints/best.pt
Saved PyTorch checkpoint to results/unsteady/checkpoints/best.pt
Saved PyTorch checkpoint to results/unsteady/checkpoints/best.pt
Saved PyTorch checkpoint to results/unsteady/checkpoints/best.pt
Saved PyTorch checkpoint to results/unsteady/checkpoints/best.pt
Saved PyTorch checkpoint to results/unsteady/checkpoints/best.pt
Saved PyTorch checkpoint to results/unsteady/checkpoints/best.pt
Saved PyTorch checkpoint to results/unsteady/checkpoints/best.pt
Saved PyTorch checkpoint to results/unsteady/checkpoints/best.pt
Saved PyTorch checkpoint to results/unsteady/checkpoints/best.pt
Saved PyTorch checkpoint to results/unsteady/checkpoints/best.pt
Saved PyTorch checkpoint to results/unsteady/checkpoints/best.pt
Saved PyTorch checkpoint to results/unsteady/checkpoints/best.pt
Saved PyTorch checkpoint to results/unsteady/checkpoints/best.pt
Saved PyTorch checkpoint to results/unsteady/checkpoints/best.pt
Saved PyTorch checkpoint to results/unsteady/checkpoints/best.pt
Saved PyTorch checkpoint to results/unsteady/checkpoints/best.pt
Saved PyTorch checkpoint to results/unsteady/checkpoints/best.pt
Saved PyTorch checkpoint to results/unsteady/checkpoints/best.pt
Saved PyTorch checkpoint to results/unsteady/checkpoints/best.pt
Saved PyTorch checkpoint to results/unsteady/checkpoints/best.pt
Saved PyTorch checkpoint to results/unsteady/checkpoints/best.pt
Saved PyTorch checkpoint to results/unsteady/checkpoints/best.pt
Saved PyTorch checkpoint to results/unsteady/checkpoints/best.pt
Saved PyTorch checkpoint to results/unsteady/checkpoints/best.pt
Saved PyTorch checkpoint to results/unsteady/checkpoints/best.pt
Saved PyTorch checkpoint to results/unsteady/checkpoints/best.pt
Saved PyTorch checkpoint to results/unsteady/checkpoints/best.pt
Saved PyTorch checkpoint to results/unsteady/checkpoints/best.pt
Saved PyTorch checkpoint to results/unsteady/checkpoints/best.pt
Saved PyTorch checkpoint to results/unsteady/checkpoints/best.pt
Saved PyTorch checkpoint to results/unsteady/checkpoints/best.pt
Saved PyTorch checkpoint to results/unsteady/checkpoints/best.pt
Saved PyTorch checkpoint to results/unsteady/checkpoints/best.pt
Saved PyTorch checkpoint to results/unsteady/checkpoints/best.pt
Saved PyTorch checkpoint to results/unsteady/checkpoints/best.pt
Saved PyTorch checkpoint to results/unsteady/checkpoints/best.pt
Saved PyTorch checkpoint to results/unsteady/checkpoints/best.pt
Saved PyTorch checkpoint to results/unsteady/checkpoints/best.pt
Saved PyTorch checkpoint to results/unsteady/checkpoints/best.pt
Saved PyTorch checkpoint to results/unsteady/checkpoints/best.pt
Saved PyTorch checkpoint to results/unsteady/checkpoints/best.pt
Saved PyTorch checkpoint to results/unsteady/checkpoints/best.pt
Saved PyTorch checkpoint to results/unsteady/checkpoints/best.pt
Saved PyTorch checkpoint to results/unsteady/checkpoints/best.pt
Saved PyTorch checkpoint to results/unsteady/checkpoints/best.pt
Saved PyTorch checkpoint to results/unsteady/checkpoints/best.pt
Saved PyTorch checkpoint to results/unsteady/checkpoints/best.pt
Saved PyTorch checkpoint to results/unsteady/checkpoints/best.pt
Saved PyTorch checkpoint to results/unsteady/checkpoints/best.pt
Saved PyTorch checkpoint to results/unsteady/checkpoints/best.pt
Saved PyTorch checkpoint to results/unsteady/checkpoints/best.pt
Saved PyTorch checkpoint to results/unsteady/checkpoints/best.pt
Saved PyTorch checkpoint to results/unsteady/checkpoints/best.pt
Saved PyTorch checkpoint to results/unsteady/checkpoints/best.pt
Saved PyTorch checkpoint to results/unsteady/checkpoints/best.pt
Saved PyTorch checkpoint to results/unsteady/checkpoints/best.pt
Saved PyTorch checkpoint to results/unsteady/checkpoints/best.pt
Saved PyTorch checkpoint to results/unsteady/checkpoints/best.pt
Saved PyTorch checkpoint to results/unsteady/checkpoints/best.pt
Adam 1400 | total=1.068e-01 f=6.436e-03 ic=5.298e-04 wall=2.257e-02 inlet=2.699e-02 outlet=8.271e-05 lr=5.000e-04
Saved PyTorch checkpoint to results/unsteady/checkpoints/best.pt
Saved PyTorch checkpoint to results/unsteady/checkpoints/best.pt
Saved PyTorch checkpoint to results/unsteady/checkpoints/best.pt
Saved PyTorch checkpoint to results/unsteady/checkpoints/best.pt
Saved PyTorch checkpoint to results/unsteady/checkpoints/best.pt
Saved PyTorch checkpoint to results/unsteady/checkpoints/best.pt
Saved PyTorch checkpoint to results/unsteady/checkpoints/best.pt
Saved PyTorch checkpoint to results/unsteady/checkpoints/best.pt
Saved PyTorch checkpoint to results/unsteady/checkpoints/best.pt
Saved PyTorch checkpoint to results/unsteady/checkpoints/best.pt
Saved PyTorch checkpoint to results/unsteady/checkpoints/best.pt
Saved PyTorch checkpoint to results/unsteady/checkpoints/best.pt
Saved PyTorch checkpoint to results/unsteady/checkpoints/best.pt
Saved PyTorch checkpoint to results/unsteady/checkpoints/best.pt
Saved PyTorch checkpoint to results/unsteady/checkpoints/best.pt
Saved PyTorch checkpoint to results/unsteady/checkpoints/best.pt
Saved PyTorch checkpoint to results/unsteady/checkpoints/best.pt
Saved PyTorch checkpoint to results/unsteady/checkpoints/best.pt
Saved PyTorch checkpoint to results/unsteady/checkpoints/best.pt
Saved PyTorch checkpoint to results/unsteady/checkpoints/best.pt
Saved PyTorch checkpoint to results/unsteady/checkpoints/best.pt
Saved PyTorch checkpoint to results/unsteady/checkpoints/best.pt
Saved PyTorch checkpoint to results/unsteady/checkpoints/best.pt
Saved PyTorch checkpoint to results/unsteady/checkpoints/best.pt
Saved PyTorch checkpoint to results/unsteady/checkpoints/best.pt
Saved PyTorch checkpoint to results/unsteady/checkpoints/best.pt
Saved PyTorch checkpoint to results/unsteady/checkpoints/best.pt
Saved PyTorch checkpoint to results/unsteady/checkpoints/best.pt
Saved PyTorch checkpoint to results/unsteady/checkpoints/best.pt
Saved PyTorch checkpoint to results/unsteady/checkpoints/best.pt
Saved PyTorch checkpoint to results/unsteady/checkpoints/best.pt
Saved PyTorch checkpoint to results/unsteady/checkpoints/best.pt
Saved PyTorch checkpoint to results/unsteady/checkpoints/best.pt
Saved PyTorch checkpoint to results/unsteady/checkpoints/best.pt
Saved PyTorch checkpoint to results/unsteady/checkpoints/best.pt
Saved PyTorch checkpoint to results/unsteady/checkpoints/best.pt
Saved PyTorch checkpoint to results/unsteady/checkpoints/best.pt
Saved PyTorch checkpoint to results/unsteady/checkpoints/best.pt
Saved PyTorch checkpoint to results/unsteady/checkpoints/best.pt
Saved PyTorch checkpoint to results/unsteady/checkpoints/best.pt
Saved PyTorch checkpoint to results/unsteady/checkpoints/best.pt
Saved PyTorch checkpoint to results/unsteady/checkpoints/best.pt
Saved PyTorch checkpoint to results/unsteady/checkpoints/best.pt
Saved PyTorch checkpoint to results/unsteady/checkpoints/best.pt
Saved PyTorch checkpoint to results/unsteady/checkpoints/best.pt
Saved PyTorch checkpoint to results/unsteady/checkpoints/best.pt
Saved PyTorch checkpoint to results/unsteady/checkpoints/best.pt
Saved PyTorch checkpoint to results/unsteady/checkpoints/best.pt
Saved PyTorch checkpoint to results/unsteady/checkpoints/best.pt
Saved PyTorch checkpoint to results/unsteady/checkpoints/best.pt
Saved PyTorch checkpoint to results/unsteady/checkpoints/best.pt
Saved PyTorch checkpoint to results/unsteady/checkpoints/best.pt
Saved PyTorch checkpoint to results/unsteady/checkpoints/best.pt
Saved PyTorch checkpoint to results/unsteady/checkpoints/best.pt
Saved PyTorch checkpoint to results/unsteady/checkpoints/best.pt
Saved PyTorch checkpoint to results/unsteady/checkpoints/best.pt
Saved PyTorch checkpoint to results/unsteady/checkpoints/best.pt
Saved PyTorch checkpoint to results/unsteady/checkpoints/best.pt
Saved PyTorch checkpoint to results/unsteady/checkpoints/best.pt
Saved PyTorch checkpoint to results/unsteady/checkpoints/best.pt
Saved PyTorch checkpoint to results/unsteady/checkpoints/best.pt
Saved PyTorch checkpoint to results/unsteady/checkpoints/best.pt
Saved PyTorch checkpoint to results/unsteady/checkpoints/best.pt
Saved PyTorch checkpoint to results/unsteady/checkpoints/best.pt
Saved PyTorch checkpoint to results/unsteady/checkpoints/best.pt
Saved PyTorch checkpoint to results/unsteady/checkpoints/best.pt
Saved PyTorch checkpoint to results/unsteady/checkpoints/best.pt
Saved PyTorch checkpoint to results/unsteady/checkpoints/best.pt
Saved PyTorch checkpoint to results/unsteady/checkpoints/best.pt
Saved PyTorch checkpoint to results/unsteady/checkpoints/best.pt
Saved PyTorch checkpoint to results/unsteady/checkpoints/best.pt
Saved PyTorch checkpoint to results/unsteady/checkpoints/best.pt
Saved PyTorch checkpoint to results/unsteady/checkpoints/best.pt
Saved PyTorch checkpoint to results/unsteady/checkpoints/best.pt
Saved PyTorch checkpoint to results/unsteady/checkpoints/best.pt
Saved PyTorch checkpoint to results/unsteady/checkpoints/best.pt
Saved PyTorch checkpoint to results/unsteady/checkpoints/best.pt
Saved PyTorch checkpoint to results/unsteady/checkpoints/best.pt
Saved PyTorch checkpoint to results/unsteady/checkpoints/best.pt
Saved PyTorch checkpoint to results/unsteady/checkpoints/best.pt
Saved PyTorch checkpoint to results/unsteady/checkpoints/best.pt
Saved PyTorch checkpoint to results/unsteady/checkpoints/best.pt
Saved PyTorch checkpoint to results/unsteady/checkpoints/best.pt
Saved PyTorch checkpoint to results/unsteady/checkpoints/best.pt
Saved PyTorch checkpoint to results/unsteady/checkpoints/best.pt
Adam 1500 | total=1.027e-01 f=7.158e-03 ic=7.140e-04 wall=2.170e-02 inlet=2.527e-02 outlet=7.824e-05 lr=5.000e-04
Saved PyTorch checkpoint to results/unsteady/checkpoints/best.pt
Saved PyTorch checkpoint to results/unsteady/checkpoints/best.pt
Saved PyTorch checkpoint to results/unsteady/checkpoints/best.pt
Saved PyTorch checkpoint to results/unsteady/checkpoints/best.pt
Saved PyTorch checkpoint to results/unsteady/checkpoints/best.pt
Saved PyTorch checkpoint to results/unsteady/checkpoints/best.pt
Saved PyTorch checkpoint to results/unsteady/checkpoints/best.pt
Saved PyTorch checkpoint to results/unsteady/checkpoints/best.pt
Saved PyTorch checkpoint to results/unsteady/checkpoints/best.pt
Saved PyTorch checkpoint to results/unsteady/checkpoints/best.pt
Saved PyTorch checkpoint to results/unsteady/checkpoints/best.pt
Saved PyTorch checkpoint to results/unsteady/checkpoints/best.pt
Saved PyTorch checkpoint to results/unsteady/checkpoints/best.pt
Saved PyTorch checkpoint to results/unsteady/checkpoints/best.pt
Saved PyTorch checkpoint to results/unsteady/checkpoints/best.pt
Saved PyTorch checkpoint to results/unsteady/checkpoints/best.pt
Saved PyTorch checkpoint to results/unsteady/checkpoints/best.pt
Saved PyTorch checkpoint to results/unsteady/checkpoints/best.pt
Saved PyTorch checkpoint to results/unsteady/checkpoints/best.pt
Saved PyTorch checkpoint to results/unsteady/checkpoints/best.pt
Saved PyTorch checkpoint to results/unsteady/checkpoints/best.pt
Saved PyTorch checkpoint to results/unsteady/checkpoints/best.pt
Saved PyTorch checkpoint to results/unsteady/checkpoints/best.pt
Saved PyTorch checkpoint to results/unsteady/checkpoints/best.pt
Saved PyTorch checkpoint to results/unsteady/checkpoints/best.pt
Saved PyTorch checkpoint to results/unsteady/checkpoints/best.pt
Saved PyTorch checkpoint to results/unsteady/checkpoints/best.pt
Saved PyTorch checkpoint to results/unsteady/checkpoints/best.pt
Saved PyTorch checkpoint to results/unsteady/checkpoints/best.pt
Saved PyTorch checkpoint to results/unsteady/checkpoints/best.pt
Saved PyTorch checkpoint to results/unsteady/checkpoints/best.pt
Saved PyTorch checkpoint to results/unsteady/checkpoints/best.pt
Saved PyTorch checkpoint to results/unsteady/checkpoints/best.pt
Saved PyTorch checkpoint to results/unsteady/checkpoints/best.pt
Saved PyTorch checkpoint to results/unsteady/checkpoints/best.pt
Saved PyTorch checkpoint to results/unsteady/checkpoints/best.pt
Saved PyTorch checkpoint to results/unsteady/checkpoints/best.pt
Saved PyTorch checkpoint to results/unsteady/checkpoints/best.pt
Saved PyTorch checkpoint to results/unsteady/checkpoints/best.pt
Saved PyTorch checkpoint to results/unsteady/checkpoints/best.pt
Saved PyTorch checkpoint to results/unsteady/checkpoints/best.pt
Saved PyTorch checkpoint to results/unsteady/checkpoints/best.pt
Saved PyTorch checkpoint to results/unsteady/checkpoints/best.pt
Saved PyTorch checkpoint to results/unsteady/checkpoints/best.pt
Saved PyTorch checkpoint to results/unsteady/checkpoints/best.pt
Saved PyTorch checkpoint to results/unsteady/checkpoints/best.pt
Saved PyTorch checkpoint to results/unsteady/checkpoints/best.pt
Adam 1600 | total=9.848e-02 f=7.718e-03 ic=8.705e-04 wall=2.059e-02 inlet=2.385e-02 outlet=7.377e-05 lr=5.000e-04
Saved PyTorch checkpoint to results/unsteady/checkpoints/best.pt
Saved PyTorch checkpoint to results/unsteady/checkpoints/best.pt
Saved PyTorch checkpoint to results/unsteady/checkpoints/best.pt
Saved PyTorch checkpoint to results/unsteady/checkpoints/best.pt
Saved PyTorch checkpoint to results/unsteady/checkpoints/best.pt
Saved PyTorch checkpoint to results/unsteady/checkpoints/best.pt
Saved PyTorch checkpoint to results/unsteady/checkpoints/best.pt
Saved PyTorch checkpoint to results/unsteady/checkpoints/best.pt
Saved PyTorch checkpoint to results/unsteady/checkpoints/best.pt
Saved PyTorch checkpoint to results/unsteady/checkpoints/best.pt
Saved PyTorch checkpoint to results/unsteady/checkpoints/best.pt
Saved PyTorch checkpoint to results/unsteady/checkpoints/best.pt
Saved PyTorch checkpoint to results/unsteady/checkpoints/best.pt
Saved PyTorch checkpoint to results/unsteady/checkpoints/best.pt
Saved PyTorch checkpoint to results/unsteady/checkpoints/best.pt
Saved PyTorch checkpoint to results/unsteady/checkpoints/best.pt
Saved PyTorch checkpoint to results/unsteady/checkpoints/best.pt
Saved PyTorch checkpoint to results/unsteady/checkpoints/best.pt
Saved PyTorch checkpoint to results/unsteady/checkpoints/best.pt
Saved PyTorch checkpoint to results/unsteady/checkpoints/best.pt
Saved PyTorch checkpoint to results/unsteady/checkpoints/best.pt
Saved PyTorch checkpoint to results/unsteady/checkpoints/best.pt
Saved PyTorch checkpoint to results/unsteady/checkpoints/best.pt
Saved PyTorch checkpoint to results/unsteady/checkpoints/best.pt
Saved PyTorch checkpoint to results/unsteady/checkpoints/best.pt
Saved PyTorch checkpoint to results/unsteady/checkpoints/best.pt
Saved PyTorch checkpoint to results/unsteady/checkpoints/best.pt
Saved PyTorch checkpoint to results/unsteady/checkpoints/best.pt
Saved PyTorch checkpoint to results/unsteady/checkpoints/best.pt
Saved PyTorch checkpoint to results/unsteady/checkpoints/best.pt
Saved PyTorch checkpoint to results/unsteady/checkpoints/best.pt
Saved PyTorch checkpoint to results/unsteady/checkpoints/best.pt
Saved PyTorch checkpoint to results/unsteady/checkpoints/best.pt
Saved PyTorch checkpoint to results/unsteady/checkpoints/best.pt
Saved PyTorch checkpoint to results/unsteady/checkpoints/best.pt
Saved PyTorch checkpoint to results/unsteady/checkpoints/best.pt
Saved PyTorch checkpoint to results/unsteady/checkpoints/best.pt
Saved PyTorch checkpoint to results/unsteady/checkpoints/best.pt
Saved PyTorch checkpoint to results/unsteady/checkpoints/best.pt
Saved PyTorch checkpoint to results/unsteady/checkpoints/best.pt
Saved PyTorch checkpoint to results/unsteady/checkpoints/best.pt
Saved PyTorch checkpoint to results/unsteady/checkpoints/best.pt
Saved PyTorch checkpoint to results/unsteady/checkpoints/best.pt
Saved PyTorch checkpoint to results/unsteady/checkpoints/best.pt
Saved PyTorch checkpoint to results/unsteady/checkpoints/best.pt
Saved PyTorch checkpoint to results/unsteady/checkpoints/best.pt
Saved PyTorch checkpoint to results/unsteady/checkpoints/best.pt
Saved PyTorch checkpoint to results/unsteady/checkpoints/best.pt
Saved PyTorch checkpoint to results/unsteady/checkpoints/best.pt
Saved PyTorch checkpoint to results/unsteady/checkpoints/best.pt
Saved PyTorch checkpoint to results/unsteady/checkpoints/best.pt
Saved PyTorch checkpoint to results/unsteady/checkpoints/best.pt
Saved PyTorch checkpoint to results/unsteady/checkpoints/best.pt
Saved PyTorch checkpoint to results/unsteady/checkpoints/best.pt
Saved PyTorch checkpoint to results/unsteady/checkpoints/best.pt
Saved PyTorch checkpoint to results/unsteady/checkpoints/best.pt
Saved PyTorch checkpoint to results/unsteady/checkpoints/best.pt
Saved PyTorch checkpoint to results/unsteady/checkpoints/best.pt
Saved PyTorch checkpoint to results/unsteady/checkpoints/best.pt
Saved PyTorch checkpoint to results/unsteady/checkpoints/best.pt
Saved PyTorch checkpoint to results/unsteady/checkpoints/best.pt
Saved PyTorch checkpoint to results/unsteady/checkpoints/best.pt
Saved PyTorch checkpoint to results/unsteady/checkpoints/best.pt
Saved PyTorch checkpoint to results/unsteady/checkpoints/best.pt
Saved PyTorch checkpoint to results/unsteady/checkpoints/best.pt
Saved PyTorch checkpoint to results/unsteady/checkpoints/best.pt
Saved PyTorch checkpoint to results/unsteady/checkpoints/best.pt
Saved PyTorch checkpoint to results/unsteady/checkpoints/best.pt
Saved PyTorch checkpoint to results/unsteady/checkpoints/best.pt
Saved PyTorch checkpoint to results/unsteady/checkpoints/best.pt
Saved PyTorch checkpoint to results/unsteady/checkpoints/best.pt
Saved PyTorch checkpoint to results/unsteady/checkpoints/best.pt
Adam 1700 | total=9.767e-02 f=8.318e-03 ic=1.524e-03 wall=2.438e-02 inlet=1.870e-02 outlet=6.371e-05 lr=5.000e-04
Saved PyTorch checkpoint to results/unsteady/checkpoints/best.pt
Saved PyTorch checkpoint to results/unsteady/checkpoints/best.pt
Saved PyTorch checkpoint to results/unsteady/checkpoints/best.pt
Saved PyTorch checkpoint to results/unsteady/checkpoints/best.pt
Saved PyTorch checkpoint to results/unsteady/checkpoints/best.pt
Saved PyTorch checkpoint to results/unsteady/checkpoints/best.pt
Saved PyTorch checkpoint to results/unsteady/checkpoints/best.pt
Saved PyTorch checkpoint to results/unsteady/checkpoints/best.pt
Saved PyTorch checkpoint to results/unsteady/checkpoints/best.pt
Saved PyTorch checkpoint to results/unsteady/checkpoints/best.pt
Saved PyTorch checkpoint to results/unsteady/checkpoints/best.pt
Saved PyTorch checkpoint to results/unsteady/checkpoints/best.pt
Saved PyTorch checkpoint to results/unsteady/checkpoints/best.pt
Saved PyTorch checkpoint to results/unsteady/checkpoints/best.pt
Saved PyTorch checkpoint to results/unsteady/checkpoints/best.pt
Saved PyTorch checkpoint to results/unsteady/checkpoints/best.pt
Saved PyTorch checkpoint to results/unsteady/checkpoints/best.pt
Saved PyTorch checkpoint to results/unsteady/checkpoints/best.pt
Saved PyTorch checkpoint to results/unsteady/checkpoints/best.pt
Saved PyTorch checkpoint to results/unsteady/checkpoints/best.pt
Saved PyTorch checkpoint to results/unsteady/checkpoints/best.pt
Saved PyTorch checkpoint to results/unsteady/checkpoints/best.pt
Saved PyTorch checkpoint to results/unsteady/checkpoints/best.pt
Saved PyTorch checkpoint to results/unsteady/checkpoints/best.pt
Saved PyTorch checkpoint to results/unsteady/checkpoints/best.pt
Saved PyTorch checkpoint to results/unsteady/checkpoints/best.pt
Saved PyTorch checkpoint to results/unsteady/checkpoints/best.pt
Saved PyTorch checkpoint to results/unsteady/checkpoints/best.pt
Saved PyTorch checkpoint to results/unsteady/checkpoints/best.pt
Saved PyTorch checkpoint to results/unsteady/checkpoints/best.pt
Saved PyTorch checkpoint to results/unsteady/checkpoints/best.pt
Saved PyTorch checkpoint to results/unsteady/checkpoints/best.pt
Saved PyTorch checkpoint to results/unsteady/checkpoints/best.pt
Saved PyTorch checkpoint to results/unsteady/checkpoints/best.pt
Saved PyTorch checkpoint to results/unsteady/checkpoints/best.pt
Saved PyTorch checkpoint to results/unsteady/checkpoints/best.pt
Saved PyTorch checkpoint to results/unsteady/checkpoints/best.pt
Saved PyTorch checkpoint to results/unsteady/checkpoints/best.pt
Saved PyTorch checkpoint to results/unsteady/checkpoints/best.pt
Saved PyTorch checkpoint to results/unsteady/checkpoints/best.pt
Saved PyTorch checkpoint to results/unsteady/checkpoints/best.pt
Saved PyTorch checkpoint to results/unsteady/checkpoints/best.pt
Saved PyTorch checkpoint to results/unsteady/checkpoints/best.pt
Saved PyTorch checkpoint to results/unsteady/checkpoints/best.pt
Saved PyTorch checkpoint to results/unsteady/checkpoints/best.pt
Saved PyTorch checkpoint to results/unsteady/checkpoints/best.pt
Saved PyTorch checkpoint to results/unsteady/checkpoints/best.pt
Saved PyTorch checkpoint to results/unsteady/checkpoints/best.pt
Saved PyTorch checkpoint to results/unsteady/checkpoints/best.pt
Saved PyTorch checkpoint to results/unsteady/checkpoints/best.pt
Saved PyTorch checkpoint to results/unsteady/checkpoints/best.pt
Saved PyTorch checkpoint to results/unsteady/checkpoints/best.pt
Saved PyTorch checkpoint to results/unsteady/checkpoints/best.pt
Saved PyTorch checkpoint to results/unsteady/checkpoints/best.pt
Saved PyTorch checkpoint to results/unsteady/checkpoints/best.pt
Saved PyTorch checkpoint to results/unsteady/checkpoints/best.pt
Saved PyTorch checkpoint to results/unsteady/checkpoints/best.pt
Saved PyTorch checkpoint to results/unsteady/checkpoints/best.pt
Saved PyTorch checkpoint to results/unsteady/checkpoints/best.pt
Saved PyTorch checkpoint to results/unsteady/checkpoints/best.pt
Saved PyTorch checkpoint to results/unsteady/checkpoints/best.pt
Saved PyTorch checkpoint to results/unsteady/checkpoints/best.pt
Saved PyTorch checkpoint to results/unsteady/checkpoints/best.pt
Saved PyTorch checkpoint to results/unsteady/checkpoints/best.pt
Saved PyTorch checkpoint to results/unsteady/checkpoints/best.pt
Saved PyTorch checkpoint to results/unsteady/checkpoints/best.pt
Saved PyTorch checkpoint to results/unsteady/checkpoints/best.pt
Saved PyTorch checkpoint to results/unsteady/checkpoints/best.pt
Saved PyTorch checkpoint to results/unsteady/checkpoints/best.pt
Saved PyTorch checkpoint to results/unsteady/checkpoints/best.pt
Saved PyTorch checkpoint to results/unsteady/checkpoints/best.pt
Saved PyTorch checkpoint to results/unsteady/checkpoints/best.pt
Saved PyTorch checkpoint to results/unsteady/checkpoints/best.pt
Saved PyTorch checkpoint to results/unsteady/checkpoints/best.pt
Saved PyTorch checkpoint to results/unsteady/checkpoints/best.pt
Adam 1800 | total=8.773e-02 f=8.665e-03 ic=1.148e-03 wall=1.845e-02 inlet=1.990e-02 outlet=3.961e-05 lr=5.000e-04
Saved PyTorch checkpoint to results/unsteady/checkpoints/best.pt
Saved PyTorch checkpoint to results/unsteady/checkpoints/best.pt
Saved PyTorch checkpoint to results/unsteady/checkpoints/best.pt
Saved PyTorch checkpoint to results/unsteady/checkpoints/best.pt
Saved PyTorch checkpoint to results/unsteady/checkpoints/best.pt
Saved PyTorch checkpoint to results/unsteady/checkpoints/best.pt
Saved PyTorch checkpoint to results/unsteady/checkpoints/best.pt
Saved PyTorch checkpoint to results/unsteady/checkpoints/best.pt
Saved PyTorch checkpoint to results/unsteady/checkpoints/best.pt
Saved PyTorch checkpoint to results/unsteady/checkpoints/best.pt
Saved PyTorch checkpoint to results/unsteady/checkpoints/best.pt
Saved PyTorch checkpoint to results/unsteady/checkpoints/best.pt
Saved PyTorch checkpoint to results/unsteady/checkpoints/best.pt
Saved PyTorch checkpoint to results/unsteady/checkpoints/best.pt
Saved PyTorch checkpoint to results/unsteady/checkpoints/best.pt
Saved PyTorch checkpoint to results/unsteady/checkpoints/best.pt
Saved PyTorch checkpoint to results/unsteady/checkpoints/best.pt
Saved PyTorch checkpoint to results/unsteady/checkpoints/best.pt
Saved PyTorch checkpoint to results/unsteady/checkpoints/best.pt
Saved PyTorch checkpoint to results/unsteady/checkpoints/best.pt
Saved PyTorch checkpoint to results/unsteady/checkpoints/best.pt
Saved PyTorch checkpoint to results/unsteady/checkpoints/best.pt
Saved PyTorch checkpoint to results/unsteady/checkpoints/best.pt
Saved PyTorch checkpoint to results/unsteady/checkpoints/best.pt
Saved PyTorch checkpoint to results/unsteady/checkpoints/best.pt
Saved PyTorch checkpoint to results/unsteady/checkpoints/best.pt
Saved PyTorch checkpoint to results/unsteady/checkpoints/best.pt
Saved PyTorch checkpoint to results/unsteady/checkpoints/best.pt
Saved PyTorch checkpoint to results/unsteady/checkpoints/best.pt
Saved PyTorch checkpoint to results/unsteady/checkpoints/best.pt
Saved PyTorch checkpoint to results/unsteady/checkpoints/best.pt
Saved PyTorch checkpoint to results/unsteady/checkpoints/best.pt
Saved PyTorch checkpoint to results/unsteady/checkpoints/best.pt
Saved PyTorch checkpoint to results/unsteady/checkpoints/best.pt
Saved PyTorch checkpoint to results/unsteady/checkpoints/best.pt
Saved PyTorch checkpoint to results/unsteady/checkpoints/best.pt
Saved PyTorch checkpoint to results/unsteady/checkpoints/best.pt
Saved PyTorch checkpoint to results/unsteady/checkpoints/best.pt
Saved PyTorch checkpoint to results/unsteady/checkpoints/best.pt
Saved PyTorch checkpoint to results/unsteady/checkpoints/best.pt
Saved PyTorch checkpoint to results/unsteady/checkpoints/best.pt
Saved PyTorch checkpoint to results/unsteady/checkpoints/best.pt
Saved PyTorch checkpoint to results/unsteady/checkpoints/best.pt
Saved PyTorch checkpoint to results/unsteady/checkpoints/best.pt
Saved PyTorch checkpoint to results/unsteady/checkpoints/best.pt
Saved PyTorch checkpoint to results/unsteady/checkpoints/best.pt
Saved PyTorch checkpoint to results/unsteady/checkpoints/best.pt
Saved PyTorch checkpoint to results/unsteady/checkpoints/best.pt
Saved PyTorch checkpoint to results/unsteady/checkpoints/best.pt
Saved PyTorch checkpoint to results/unsteady/checkpoints/best.pt
Saved PyTorch checkpoint to results/unsteady/checkpoints/best.pt
Saved PyTorch checkpoint to results/unsteady/checkpoints/best.pt
Saved PyTorch checkpoint to results/unsteady/checkpoints/best.pt
Saved PyTorch checkpoint to results/unsteady/checkpoints/best.pt
Saved PyTorch checkpoint to results/unsteady/checkpoints/best.pt
Saved PyTorch checkpoint to results/unsteady/checkpoints/best.pt
Saved PyTorch checkpoint to results/unsteady/checkpoints/best.pt
Saved PyTorch checkpoint to results/unsteady/checkpoints/best.pt
Saved PyTorch checkpoint to results/unsteady/checkpoints/best.pt
Saved PyTorch checkpoint to results/unsteady/checkpoints/best.pt
Saved PyTorch checkpoint to results/unsteady/checkpoints/best.pt
Saved PyTorch checkpoint to results/unsteady/checkpoints/best.pt
Saved PyTorch checkpoint to results/unsteady/checkpoints/best.pt
Saved PyTorch checkpoint to results/unsteady/checkpoints/best.pt
Saved PyTorch checkpoint to results/unsteady/checkpoints/best.pt
Saved PyTorch checkpoint to results/unsteady/checkpoints/best.pt
Saved PyTorch checkpoint to results/unsteady/checkpoints/best.pt
Saved PyTorch checkpoint to results/unsteady/checkpoints/best.pt
Saved PyTorch checkpoint to results/unsteady/checkpoints/best.pt
Saved PyTorch checkpoint to results/unsteady/checkpoints/best.pt
Saved PyTorch checkpoint to results/unsteady/checkpoints/best.pt
Saved PyTorch checkpoint to results/unsteady/checkpoints/best.pt
Saved PyTorch checkpoint to results/unsteady/checkpoints/best.pt
Saved PyTorch checkpoint to results/unsteady/checkpoints/best.pt
Saved PyTorch checkpoint to results/unsteady/checkpoints/best.pt
Saved PyTorch checkpoint to results/unsteady/checkpoints/best.pt
Saved PyTorch checkpoint to results/unsteady/checkpoints/best.pt
Saved PyTorch checkpoint to results/unsteady/checkpoints/best.pt
Saved PyTorch checkpoint to results/unsteady/checkpoints/best.pt
Saved PyTorch checkpoint to results/unsteady/checkpoints/best.pt
Saved PyTorch checkpoint to results/unsteady/checkpoints/best.pt
Saved PyTorch checkpoint to results/unsteady/checkpoints/best.pt
Saved PyTorch checkpoint to results/unsteady/checkpoints/best.pt
Saved PyTorch checkpoint to results/unsteady/checkpoints/best.pt
Saved PyTorch checkpoint to results/unsteady/checkpoints/best.pt
Saved PyTorch checkpoint to results/unsteady/checkpoints/best.pt
Saved PyTorch checkpoint to results/unsteady/checkpoints/best.pt
Saved PyTorch checkpoint to results/unsteady/checkpoints/best.pt
Saved PyTorch checkpoint to results/unsteady/checkpoints/best.pt
Saved PyTorch checkpoint to results/unsteady/checkpoints/best.pt
Saved PyTorch checkpoint to results/unsteady/checkpoints/best.pt
Saved PyTorch checkpoint to results/unsteady/checkpoints/best.pt
Saved PyTorch checkpoint to results/unsteady/checkpoints/best.pt
Saved PyTorch checkpoint to results/unsteady/checkpoints/best.pt
Saved PyTorch checkpoint to results/unsteady/checkpoints/best.pt
Saved PyTorch checkpoint to results/unsteady/checkpoints/best.pt
Saved PyTorch checkpoint to results/unsteady/checkpoints/best.pt
Saved PyTorch checkpoint to results/unsteady/checkpoints/best.pt
Saved PyTorch checkpoint to results/unsteady/checkpoints/best.pt
Saved PyTorch checkpoint to results/unsteady/checkpoints/best.pt
Adam 1900 | total=8.091e-02 f=9.896e-03 ic=1.065e-03 wall=1.678e-02 inlet=1.764e-02 outlet=2.419e-05 lr=5.000e-04
Saved PyTorch checkpoint to results/unsteady/checkpoints/best.pt
Saved PyTorch checkpoint to results/unsteady/checkpoints/best.pt
Saved PyTorch checkpoint to results/unsteady/checkpoints/best.pt
Saved PyTorch checkpoint to results/unsteady/checkpoints/best.pt
Saved PyTorch checkpoint to results/unsteady/checkpoints/best.pt
Saved PyTorch checkpoint to results/unsteady/checkpoints/best.pt
Saved PyTorch checkpoint to results/unsteady/checkpoints/best.pt
Saved PyTorch checkpoint to results/unsteady/checkpoints/best.pt
Saved PyTorch checkpoint to results/unsteady/checkpoints/best.pt
Saved PyTorch checkpoint to results/unsteady/checkpoints/best.pt
Saved PyTorch checkpoint to results/unsteady/checkpoints/best.pt
Saved PyTorch checkpoint to results/unsteady/checkpoints/best.pt
Saved PyTorch checkpoint to results/unsteady/checkpoints/best.pt
Saved PyTorch checkpoint to results/unsteady/checkpoints/best.pt
Saved PyTorch checkpoint to results/unsteady/checkpoints/best.pt
Saved PyTorch checkpoint to results/unsteady/checkpoints/best.pt
Saved PyTorch checkpoint to results/unsteady/checkpoints/best.pt
Saved PyTorch checkpoint to results/unsteady/checkpoints/best.pt
Saved PyTorch checkpoint to results/unsteady/checkpoints/best.pt
Saved PyTorch checkpoint to results/unsteady/checkpoints/best.pt
Saved PyTorch checkpoint to results/unsteady/checkpoints/best.pt
Saved PyTorch checkpoint to results/unsteady/checkpoints/best.pt
Saved PyTorch checkpoint to results/unsteady/checkpoints/best.pt
Saved PyTorch checkpoint to results/unsteady/checkpoints/best.pt
Saved PyTorch checkpoint to results/unsteady/checkpoints/best.pt
Saved PyTorch checkpoint to results/unsteady/checkpoints/best.pt
Saved PyTorch checkpoint to results/unsteady/checkpoints/best.pt
Saved PyTorch checkpoint to results/unsteady/checkpoints/best.pt
Saved PyTorch checkpoint to results/unsteady/checkpoints/best.pt
Saved PyTorch checkpoint to results/unsteady/checkpoints/best.pt
Saved PyTorch checkpoint to results/unsteady/checkpoints/best.pt
Saved PyTorch checkpoint to results/unsteady/checkpoints/best.pt
Saved PyTorch checkpoint to results/unsteady/checkpoints/best.pt
Saved PyTorch checkpoint to results/unsteady/checkpoints/best.pt
Saved PyTorch checkpoint to results/unsteady/checkpoints/best.pt
Saved PyTorch checkpoint to results/unsteady/checkpoints/best.pt
Saved PyTorch checkpoint to results/unsteady/checkpoints/best.pt
Saved PyTorch checkpoint to results/unsteady/checkpoints/best.pt
Saved PyTorch checkpoint to results/unsteady/checkpoints/best.pt
Saved PyTorch checkpoint to results/unsteady/checkpoints/best.pt
Saved PyTorch checkpoint to results/unsteady/checkpoints/best.pt
Saved PyTorch checkpoint to results/unsteady/checkpoints/best.pt
Saved PyTorch checkpoint to results/unsteady/checkpoints/best.pt
Saved PyTorch checkpoint to results/unsteady/checkpoints/best.pt
Saved PyTorch checkpoint to results/unsteady/checkpoints/best.pt
Saved PyTorch checkpoint to results/unsteady/checkpoints/best.pt
Saved PyTorch checkpoint to results/unsteady/checkpoints/best.pt
Saved PyTorch checkpoint to results/unsteady/checkpoints/best.pt
Saved PyTorch checkpoint to results/unsteady/checkpoints/best.pt
Saved PyTorch checkpoint to results/unsteady/checkpoints/best.pt
Saved PyTorch checkpoint to results/unsteady/checkpoints/best.pt
Adam 2000 | total=7.554e-02 f=1.139e-02 ic=8.934e-04 wall=1.525e-02 inlet=1.591e-02 outlet=1.786e-05 lr=5.000e-04
Saved PyTorch checkpoint to results/unsteady/checkpoints/best.pt
Saved PyTorch checkpoint to results/unsteady/checkpoints/latest.pt
Saved PyTorch checkpoint to results/unsteady/checkpoints/best.pt
Saved PyTorch checkpoint to results/unsteady/checkpoints/best.pt
Saved PyTorch checkpoint to results/unsteady/checkpoints/best.pt
Saved PyTorch checkpoint to results/unsteady/checkpoints/best.pt
Saved PyTorch checkpoint to results/unsteady/checkpoints/best.pt
Saved PyTorch checkpoint to results/unsteady/checkpoints/best.pt
Saved PyTorch checkpoint to results/unsteady/checkpoints/best.pt
Saved PyTorch checkpoint to results/unsteady/checkpoints/best.pt
Saved PyTorch checkpoint to results/unsteady/checkpoints/best.pt
Saved PyTorch checkpoint to results/unsteady/checkpoints/best.pt
Saved PyTorch checkpoint to results/unsteady/checkpoints/best.pt
Saved PyTorch checkpoint to results/unsteady/checkpoints/best.pt
Saved PyTorch checkpoint to results/unsteady/checkpoints/best.pt
Saved PyTorch checkpoint to results/unsteady/checkpoints/best.pt
Saved PyTorch checkpoint to results/unsteady/checkpoints/best.pt
Saved PyTorch checkpoint to results/unsteady/checkpoints/best.pt
Saved PyTorch checkpoint to results/unsteady/checkpoints/best.pt
Saved PyTorch checkpoint to results/unsteady/checkpoints/best.pt
Saved PyTorch checkpoint to results/unsteady/checkpoints/best.pt
Saved PyTorch checkpoint to results/unsteady/checkpoints/best.pt
Saved PyTorch checkpoint to results/unsteady/checkpoints/best.pt
Saved PyTorch checkpoint to results/unsteady/checkpoints/best.pt
Saved PyTorch checkpoint to results/unsteady/checkpoints/best.pt
Saved PyTorch checkpoint to results/unsteady/checkpoints/best.pt
Saved PyTorch checkpoint to results/unsteady/checkpoints/best.pt
Saved PyTorch checkpoint to results/unsteady/checkpoints/best.pt
Saved PyTorch checkpoint to results/unsteady/checkpoints/best.pt
Saved PyTorch checkpoint to results/unsteady/checkpoints/best.pt
Saved PyTorch checkpoint to results/unsteady/checkpoints/best.pt
Saved PyTorch checkpoint to results/unsteady/checkpoints/best.pt
Saved PyTorch checkpoint to results/unsteady/checkpoints/best.pt
Saved PyTorch checkpoint to results/unsteady/checkpoints/best.pt
Saved PyTorch checkpoint to results/unsteady/checkpoints/best.pt
Saved PyTorch checkpoint to results/unsteady/checkpoints/best.pt
Saved PyTorch checkpoint to results/unsteady/checkpoints/best.pt
Saved PyTorch checkpoint to results/unsteady/checkpoints/best.pt
Saved PyTorch checkpoint to results/unsteady/checkpoints/best.pt
Saved PyTorch checkpoint to results/unsteady/checkpoints/best.pt
Saved PyTorch checkpoint to results/unsteady/checkpoints/best.pt
Saved PyTorch checkpoint to results/unsteady/checkpoints/best.pt
Saved PyTorch checkpoint to results/unsteady/checkpoints/best.pt
Saved PyTorch checkpoint to results/unsteady/checkpoints/best.pt
Saved PyTorch checkpoint to results/unsteady/checkpoints/best.pt
Saved PyTorch checkpoint to results/unsteady/checkpoints/best.pt
Saved PyTorch checkpoint to results/unsteady/checkpoints/best.pt
Saved PyTorch checkpoint to results/unsteady/checkpoints/best.pt
Saved PyTorch checkpoint to results/unsteady/checkpoints/best.pt
Saved PyTorch checkpoint to results/unsteady/checkpoints/best.pt
Saved PyTorch checkpoint to results/unsteady/checkpoints/best.pt
Saved PyTorch checkpoint to results/unsteady/checkpoints/best.pt
Saved PyTorch checkpoint to results/unsteady/checkpoints/best.pt
Saved PyTorch checkpoint to results/unsteady/checkpoints/best.pt
Saved PyTorch checkpoint to results/unsteady/checkpoints/best.pt
Saved PyTorch checkpoint to results/unsteady/checkpoints/best.pt
Saved PyTorch checkpoint to results/unsteady/checkpoints/best.pt
Saved PyTorch checkpoint to results/unsteady/checkpoints/best.pt
Saved PyTorch checkpoint to results/unsteady/checkpoints/best.pt
Saved PyTorch checkpoint to results/unsteady/checkpoints/best.pt
Saved PyTorch checkpoint to results/unsteady/checkpoints/best.pt
Saved PyTorch checkpoint to results/unsteady/checkpoints/best.pt
Saved PyTorch checkpoint to results/unsteady/checkpoints/best.pt
Saved PyTorch checkpoint to results/unsteady/checkpoints/best.pt
Saved PyTorch checkpoint to results/unsteady/checkpoints/best.pt
Saved PyTorch checkpoint to results/unsteady/checkpoints/best.pt
Saved PyTorch checkpoint to results/unsteady/checkpoints/best.pt
Saved PyTorch checkpoint to results/unsteady/checkpoints/best.pt
Saved PyTorch checkpoint to results/unsteady/checkpoints/best.pt
Saved PyTorch checkpoint to results/unsteady/checkpoints/best.pt
Saved PyTorch checkpoint to results/unsteady/checkpoints/best.pt
Saved PyTorch checkpoint to results/unsteady/checkpoints/best.pt
Saved PyTorch checkpoint to results/unsteady/checkpoints/best.pt
Saved PyTorch checkpoint to results/unsteady/checkpoints/best.pt
Saved PyTorch checkpoint to results/unsteady/checkpoints/best.pt
Saved PyTorch checkpoint to results/unsteady/checkpoints/best.pt
Saved PyTorch checkpoint to results/unsteady/checkpoints/best.pt
Saved PyTorch checkpoint to results/unsteady/checkpoints/best.pt
Saved PyTorch checkpoint to results/unsteady/checkpoints/best.pt
Saved PyTorch checkpoint to results/unsteady/checkpoints/best.pt
Saved PyTorch checkpoint to results/unsteady/checkpoints/best.pt
Saved PyTorch checkpoint to results/unsteady/checkpoints/best.pt
Saved PyTorch checkpoint to results/unsteady/checkpoints/best.pt
Saved PyTorch checkpoint to results/unsteady/checkpoints/best.pt
Saved PyTorch checkpoint to results/unsteady/checkpoints/best.pt
Saved PyTorch checkpoint to results/unsteady/checkpoints/best.pt
Saved PyTorch checkpoint to results/unsteady/checkpoints/best.pt
Saved PyTorch checkpoint to results/unsteady/checkpoints/best.pt
Saved PyTorch checkpoint to results/unsteady/checkpoints/best.pt
Saved PyTorch checkpoint to results/unsteady/checkpoints/best.pt
Saved PyTorch checkpoint to results/unsteady/checkpoints/best.pt
Saved PyTorch checkpoint to results/unsteady/checkpoints/best.pt
Saved PyTorch checkpoint to results/unsteady/checkpoints/best.pt
Saved PyTorch checkpoint to results/unsteady/checkpoints/best.pt
Saved PyTorch checkpoint to results/unsteady/checkpoints/best.pt
Saved PyTorch checkpoint to results/unsteady/checkpoints/best.pt
Saved PyTorch checkpoint to results/unsteady/checkpoints/best.pt
Saved PyTorch checkpoint to results/unsteady/checkpoints/best.pt
Saved PyTorch checkpoint to results/unsteady/checkpoints/best.pt
Saved PyTorch checkpoint to results/unsteady/checkpoints/best.pt
Saved PyTorch checkpoint to results/unsteady/checkpoints/best.pt
Adam 2100 | total=7.129e-02 f=1.197e-02 ic=7.906e-04 wall=1.432e-02 inlet=1.453e-02 outlet=1.515e-05 lr=5.000e-04
Saved PyTorch checkpoint to results/unsteady/checkpoints/best.pt
Saved PyTorch checkpoint to results/unsteady/checkpoints/best.pt
Saved PyTorch checkpoint to results/unsteady/checkpoints/best.pt
Saved PyTorch checkpoint to results/unsteady/checkpoints/best.pt
Saved PyTorch checkpoint to results/unsteady/checkpoints/best.pt
Saved PyTorch checkpoint to results/unsteady/checkpoints/best.pt
Saved PyTorch checkpoint to results/unsteady/checkpoints/best.pt
Saved PyTorch checkpoint to results/unsteady/checkpoints/best.pt
Saved PyTorch checkpoint to results/unsteady/checkpoints/best.pt
Saved PyTorch checkpoint to results/unsteady/checkpoints/best.pt
Saved PyTorch checkpoint to results/unsteady/checkpoints/best.pt
Saved PyTorch checkpoint to results/unsteady/checkpoints/best.pt
Saved PyTorch checkpoint to results/unsteady/checkpoints/best.pt
Saved PyTorch checkpoint to results/unsteady/checkpoints/best.pt
Saved PyTorch checkpoint to results/unsteady/checkpoints/best.pt
Saved PyTorch checkpoint to results/unsteady/checkpoints/best.pt
Saved PyTorch checkpoint to results/unsteady/checkpoints/best.pt
Saved PyTorch checkpoint to results/unsteady/checkpoints/best.pt
Saved PyTorch checkpoint to results/unsteady/checkpoints/best.pt
Saved PyTorch checkpoint to results/unsteady/checkpoints/best.pt
Saved PyTorch checkpoint to results/unsteady/checkpoints/best.pt
Saved PyTorch checkpoint to results/unsteady/checkpoints/best.pt
Saved PyTorch checkpoint to results/unsteady/checkpoints/best.pt
Saved PyTorch checkpoint to results/unsteady/checkpoints/best.pt
Saved PyTorch checkpoint to results/unsteady/checkpoints/best.pt
Saved PyTorch checkpoint to results/unsteady/checkpoints/best.pt
Saved PyTorch checkpoint to results/unsteady/checkpoints/best.pt
Saved PyTorch checkpoint to results/unsteady/checkpoints/best.pt
Saved PyTorch checkpoint to results/unsteady/checkpoints/best.pt
Saved PyTorch checkpoint to results/unsteady/checkpoints/best.pt
Saved PyTorch checkpoint to results/unsteady/checkpoints/best.pt
Saved PyTorch checkpoint to results/unsteady/checkpoints/best.pt
Saved PyTorch checkpoint to results/unsteady/checkpoints/best.pt
Saved PyTorch checkpoint to results/unsteady/checkpoints/best.pt
Saved PyTorch checkpoint to results/unsteady/checkpoints/best.pt
Saved PyTorch checkpoint to results/unsteady/checkpoints/best.pt
Saved PyTorch checkpoint to results/unsteady/checkpoints/best.pt
Saved PyTorch checkpoint to results/unsteady/checkpoints/best.pt
Saved PyTorch checkpoint to results/unsteady/checkpoints/best.pt
Saved PyTorch checkpoint to results/unsteady/checkpoints/best.pt
Saved PyTorch checkpoint to results/unsteady/checkpoints/best.pt
Saved PyTorch checkpoint to results/unsteady/checkpoints/best.pt
Adam 2200 | total=6.837e-02 f=1.201e-02 ic=7.052e-04 wall=1.389e-02 inlet=1.357e-02 outlet=1.457e-05 lr=5.000e-04
Saved PyTorch checkpoint to results/unsteady/checkpoints/best.pt
Saved PyTorch checkpoint to results/unsteady/checkpoints/best.pt
Saved PyTorch checkpoint to results/unsteady/checkpoints/best.pt
Saved PyTorch checkpoint to results/unsteady/checkpoints/best.pt
Saved PyTorch checkpoint to results/unsteady/checkpoints/best.pt
Saved PyTorch checkpoint to results/unsteady/checkpoints/best.pt
Saved PyTorch checkpoint to results/unsteady/checkpoints/best.pt
Saved PyTorch checkpoint to results/unsteady/checkpoints/best.pt
Saved PyTorch checkpoint to results/unsteady/checkpoints/best.pt
Saved PyTorch checkpoint to results/unsteady/checkpoints/best.pt
Saved PyTorch checkpoint to results/unsteady/checkpoints/best.pt
Saved PyTorch checkpoint to results/unsteady/checkpoints/best.pt
Saved PyTorch checkpoint to results/unsteady/checkpoints/best.pt
Saved PyTorch checkpoint to results/unsteady/checkpoints/best.pt
Saved PyTorch checkpoint to results/unsteady/checkpoints/best.pt
Saved PyTorch checkpoint to results/unsteady/checkpoints/best.pt
Saved PyTorch checkpoint to results/unsteady/checkpoints/best.pt
Saved PyTorch checkpoint to results/unsteady/checkpoints/best.pt
Saved PyTorch checkpoint to results/unsteady/checkpoints/best.pt
Saved PyTorch checkpoint to results/unsteady/checkpoints/best.pt
Saved PyTorch checkpoint to results/unsteady/checkpoints/best.pt
Saved PyTorch checkpoint to results/unsteady/checkpoints/best.pt
Saved PyTorch checkpoint to results/unsteady/checkpoints/best.pt
Saved PyTorch checkpoint to results/unsteady/checkpoints/best.pt
Saved PyTorch checkpoint to results/unsteady/checkpoints/best.pt
Saved PyTorch checkpoint to results/unsteady/checkpoints/best.pt
Saved PyTorch checkpoint to results/unsteady/checkpoints/best.pt
Saved PyTorch checkpoint to results/unsteady/checkpoints/best.pt
Saved PyTorch checkpoint to results/unsteady/checkpoints/best.pt
Saved PyTorch checkpoint to results/unsteady/checkpoints/best.pt
Saved PyTorch checkpoint to results/unsteady/checkpoints/best.pt
Saved PyTorch checkpoint to results/unsteady/checkpoints/best.pt
Saved PyTorch checkpoint to results/unsteady/checkpoints/best.pt
Saved PyTorch checkpoint to results/unsteady/checkpoints/best.pt
Saved PyTorch checkpoint to results/unsteady/checkpoints/best.pt
Saved PyTorch checkpoint to results/unsteady/checkpoints/best.pt
Saved PyTorch checkpoint to results/unsteady/checkpoints/best.pt
Saved PyTorch checkpoint to results/unsteady/checkpoints/best.pt
Saved PyTorch checkpoint to results/unsteady/checkpoints/best.pt
Saved PyTorch checkpoint to results/unsteady/checkpoints/best.pt
Saved PyTorch checkpoint to results/unsteady/checkpoints/best.pt
Saved PyTorch checkpoint to results/unsteady/checkpoints/best.pt
Saved PyTorch checkpoint to results/unsteady/checkpoints/best.pt
Saved PyTorch checkpoint to results/unsteady/checkpoints/best.pt
Saved PyTorch checkpoint to results/unsteady/checkpoints/best.pt
Saved PyTorch checkpoint to results/unsteady/checkpoints/best.pt
Saved PyTorch checkpoint to results/unsteady/checkpoints/best.pt
Saved PyTorch checkpoint to results/unsteady/checkpoints/best.pt
Saved PyTorch checkpoint to results/unsteady/checkpoints/best.pt
Saved PyTorch checkpoint to results/unsteady/checkpoints/best.pt
Saved PyTorch checkpoint to results/unsteady/checkpoints/best.pt
Saved PyTorch checkpoint to results/unsteady/checkpoints/best.pt
Saved PyTorch checkpoint to results/unsteady/checkpoints/best.pt
Saved PyTorch checkpoint to results/unsteady/checkpoints/best.pt
Saved PyTorch checkpoint to results/unsteady/checkpoints/best.pt
Saved PyTorch checkpoint to results/unsteady/checkpoints/best.pt
Saved PyTorch checkpoint to results/unsteady/checkpoints/best.pt
Saved PyTorch checkpoint to results/unsteady/checkpoints/best.pt
Saved PyTorch checkpoint to results/unsteady/checkpoints/best.pt
Saved PyTorch checkpoint to results/unsteady/checkpoints/best.pt
Saved PyTorch checkpoint to results/unsteady/checkpoints/best.pt
Saved PyTorch checkpoint to results/unsteady/checkpoints/best.pt
Saved PyTorch checkpoint to results/unsteady/checkpoints/best.pt
Saved PyTorch checkpoint to results/unsteady/checkpoints/best.pt
Saved PyTorch checkpoint to results/unsteady/checkpoints/best.pt
Saved PyTorch checkpoint to results/unsteady/checkpoints/best.pt
Saved PyTorch checkpoint to results/unsteady/checkpoints/best.pt
Saved PyTorch checkpoint to results/unsteady/checkpoints/best.pt
Saved PyTorch checkpoint to results/unsteady/checkpoints/best.pt
Saved PyTorch checkpoint to results/unsteady/checkpoints/best.pt
Saved PyTorch checkpoint to results/unsteady/checkpoints/best.pt
Saved PyTorch checkpoint to results/unsteady/checkpoints/best.pt
Saved PyTorch checkpoint to results/unsteady/checkpoints/best.pt
Saved PyTorch checkpoint to results/unsteady/checkpoints/best.pt
Saved PyTorch checkpoint to results/unsteady/checkpoints/best.pt
Saved PyTorch checkpoint to results/unsteady/checkpoints/best.pt
Saved PyTorch checkpoint to results/unsteady/checkpoints/best.pt
Saved PyTorch checkpoint to results/unsteady/checkpoints/best.pt
Saved PyTorch checkpoint to results/unsteady/checkpoints/best.pt
Saved PyTorch checkpoint to results/unsteady/checkpoints/best.pt
Saved PyTorch checkpoint to results/unsteady/checkpoints/best.pt
Saved PyTorch checkpoint to results/unsteady/checkpoints/best.pt
Saved PyTorch checkpoint to results/unsteady/checkpoints/best.pt
Saved PyTorch checkpoint to results/unsteady/checkpoints/best.pt
Saved PyTorch checkpoint to results/unsteady/checkpoints/best.pt
Saved PyTorch checkpoint to results/unsteady/checkpoints/best.pt
Saved PyTorch checkpoint to results/unsteady/checkpoints/best.pt
Saved PyTorch checkpoint to results/unsteady/checkpoints/best.pt
Saved PyTorch checkpoint to results/unsteady/checkpoints/best.pt
Saved PyTorch checkpoint to results/unsteady/checkpoints/best.pt
Saved PyTorch checkpoint to results/unsteady/checkpoints/best.pt
Adam 2300 | total=8.572e-02 f=1.503e-02 ic=1.897e-03 wall=9.241e-03 inlet=2.419e-02 outlet=1.556e-05 lr=5.000e-04
Saved PyTorch checkpoint to results/unsteady/checkpoints/best.pt
Saved PyTorch checkpoint to results/unsteady/checkpoints/best.pt
Saved PyTorch checkpoint to results/unsteady/checkpoints/best.pt
Saved PyTorch checkpoint to results/unsteady/checkpoints/best.pt
Saved PyTorch checkpoint to results/unsteady/checkpoints/best.pt
Saved PyTorch checkpoint to results/unsteady/checkpoints/best.pt
Saved PyTorch checkpoint to results/unsteady/checkpoints/best.pt
Saved PyTorch checkpoint to results/unsteady/checkpoints/best.pt
Saved PyTorch checkpoint to results/unsteady/checkpoints/best.pt
Saved PyTorch checkpoint to results/unsteady/checkpoints/best.pt
Saved PyTorch checkpoint to results/unsteady/checkpoints/best.pt
Saved PyTorch checkpoint to results/unsteady/checkpoints/best.pt
Saved PyTorch checkpoint to results/unsteady/checkpoints/best.pt
Saved PyTorch checkpoint to results/unsteady/checkpoints/best.pt
Saved PyTorch checkpoint to results/unsteady/checkpoints/best.pt
Saved PyTorch checkpoint to results/unsteady/checkpoints/best.pt
Saved PyTorch checkpoint to results/unsteady/checkpoints/best.pt
Saved PyTorch checkpoint to results/unsteady/checkpoints/best.pt
Saved PyTorch checkpoint to results/unsteady/checkpoints/best.pt
Saved PyTorch checkpoint to results/unsteady/checkpoints/best.pt
Saved PyTorch checkpoint to results/unsteady/checkpoints/best.pt
Saved PyTorch checkpoint to results/unsteady/checkpoints/best.pt
Saved PyTorch checkpoint to results/unsteady/checkpoints/best.pt
Saved PyTorch checkpoint to results/unsteady/checkpoints/best.pt
Saved PyTorch checkpoint to results/unsteady/checkpoints/best.pt
Saved PyTorch checkpoint to results/unsteady/checkpoints/best.pt
Saved PyTorch checkpoint to results/unsteady/checkpoints/best.pt
Saved PyTorch checkpoint to results/unsteady/checkpoints/best.pt
Saved PyTorch checkpoint to results/unsteady/checkpoints/best.pt
Saved PyTorch checkpoint to results/unsteady/checkpoints/best.pt
Saved PyTorch checkpoint to results/unsteady/checkpoints/best.pt
Saved PyTorch checkpoint to results/unsteady/checkpoints/best.pt
Saved PyTorch checkpoint to results/unsteady/checkpoints/best.pt
Saved PyTorch checkpoint to results/unsteady/checkpoints/best.pt
Saved PyTorch checkpoint to results/unsteady/checkpoints/best.pt
Saved PyTorch checkpoint to results/unsteady/checkpoints/best.pt
Saved PyTorch checkpoint to results/unsteady/checkpoints/best.pt
Saved PyTorch checkpoint to results/unsteady/checkpoints/best.pt
Saved PyTorch checkpoint to results/unsteady/checkpoints/best.pt
Saved PyTorch checkpoint to results/unsteady/checkpoints/best.pt
Saved PyTorch checkpoint to results/unsteady/checkpoints/best.pt
Saved PyTorch checkpoint to results/unsteady/checkpoints/best.pt
Saved PyTorch checkpoint to results/unsteady/checkpoints/best.pt
Saved PyTorch checkpoint to results/unsteady/checkpoints/best.pt
Saved PyTorch checkpoint to results/unsteady/checkpoints/best.pt
Saved PyTorch checkpoint to results/unsteady/checkpoints/best.pt
Saved PyTorch checkpoint to results/unsteady/checkpoints/best.pt
Saved PyTorch checkpoint to results/unsteady/checkpoints/best.pt
Saved PyTorch checkpoint to results/unsteady/checkpoints/best.pt
Saved PyTorch checkpoint to results/unsteady/checkpoints/best.pt
Saved PyTorch checkpoint to results/unsteady/checkpoints/best.pt
Adam 2400 | total=6.299e-02 f=1.170e-02 ic=5.760e-04 wall=1.280e-02 inlet=1.225e-02 outlet=1.547e-05 lr=5.000e-04
Saved PyTorch checkpoint to results/unsteady/checkpoints/best.pt
Saved PyTorch checkpoint to results/unsteady/checkpoints/best.pt
Saved PyTorch checkpoint to results/unsteady/checkpoints/best.pt
Saved PyTorch checkpoint to results/unsteady/checkpoints/best.pt
Saved PyTorch checkpoint to results/unsteady/checkpoints/best.pt
Saved PyTorch checkpoint to results/unsteady/checkpoints/best.pt
Saved PyTorch checkpoint to results/unsteady/checkpoints/best.pt
Saved PyTorch checkpoint to results/unsteady/checkpoints/best.pt
Saved PyTorch checkpoint to results/unsteady/checkpoints/best.pt
Saved PyTorch checkpoint to results/unsteady/checkpoints/best.pt
Saved PyTorch checkpoint to results/unsteady/checkpoints/best.pt
Saved PyTorch checkpoint to results/unsteady/checkpoints/best.pt
Saved PyTorch checkpoint to results/unsteady/checkpoints/best.pt
Saved PyTorch checkpoint to results/unsteady/checkpoints/best.pt
Saved PyTorch checkpoint to results/unsteady/checkpoints/best.pt
Saved PyTorch checkpoint to results/unsteady/checkpoints/best.pt
Saved PyTorch checkpoint to results/unsteady/checkpoints/best.pt
Saved PyTorch checkpoint to results/unsteady/checkpoints/best.pt
Saved PyTorch checkpoint to results/unsteady/checkpoints/best.pt
Saved PyTorch checkpoint to results/unsteady/checkpoints/best.pt
Saved PyTorch checkpoint to results/unsteady/checkpoints/best.pt
Saved PyTorch checkpoint to results/unsteady/checkpoints/best.pt
Saved PyTorch checkpoint to results/unsteady/checkpoints/best.pt
Saved PyTorch checkpoint to results/unsteady/checkpoints/best.pt
Saved PyTorch checkpoint to results/unsteady/checkpoints/best.pt
Saved PyTorch checkpoint to results/unsteady/checkpoints/best.pt
Saved PyTorch checkpoint to results/unsteady/checkpoints/best.pt
Saved PyTorch checkpoint to results/unsteady/checkpoints/best.pt
Saved PyTorch checkpoint to results/unsteady/checkpoints/best.pt
Saved PyTorch checkpoint to results/unsteady/checkpoints/best.pt
Saved PyTorch checkpoint to results/unsteady/checkpoints/best.pt
Saved PyTorch checkpoint to results/unsteady/checkpoints/best.pt
Saved PyTorch checkpoint to results/unsteady/checkpoints/best.pt
Saved PyTorch checkpoint to results/unsteady/checkpoints/best.pt
Saved PyTorch checkpoint to results/unsteady/checkpoints/best.pt
Saved PyTorch checkpoint to results/unsteady/checkpoints/best.pt
Saved PyTorch checkpoint to results/unsteady/checkpoints/best.pt
Saved PyTorch checkpoint to results/unsteady/checkpoints/best.pt
Saved PyTorch checkpoint to results/unsteady/checkpoints/best.pt
Saved PyTorch checkpoint to results/unsteady/checkpoints/best.pt
Saved PyTorch checkpoint to results/unsteady/checkpoints/best.pt
Saved PyTorch checkpoint to results/unsteady/checkpoints/best.pt
Saved PyTorch checkpoint to results/unsteady/checkpoints/best.pt
Saved PyTorch checkpoint to results/unsteady/checkpoints/best.pt
Saved PyTorch checkpoint to results/unsteady/checkpoints/best.pt
Adam 2500 | total=6.059e-02 f=1.136e-02 ic=5.096e-04 wall=1.268e-02 inlet=1.141e-02 outlet=1.568e-05 lr=5.000e-04
Saved PyTorch checkpoint to results/unsteady/checkpoints/best.pt
Saved PyTorch checkpoint to results/unsteady/checkpoints/best.pt
Saved PyTorch checkpoint to results/unsteady/checkpoints/best.pt
Saved PyTorch checkpoint to results/unsteady/checkpoints/best.pt
Saved PyTorch checkpoint to results/unsteady/checkpoints/best.pt
Saved PyTorch checkpoint to results/unsteady/checkpoints/best.pt
Saved PyTorch checkpoint to results/unsteady/checkpoints/best.pt
Saved PyTorch checkpoint to results/unsteady/checkpoints/best.pt
Saved PyTorch checkpoint to results/unsteady/checkpoints/best.pt
Saved PyTorch checkpoint to results/unsteady/checkpoints/best.pt
Saved PyTorch checkpoint to results/unsteady/checkpoints/best.pt
Saved PyTorch checkpoint to results/unsteady/checkpoints/best.pt
Saved PyTorch checkpoint to results/unsteady/checkpoints/best.pt
Saved PyTorch checkpoint to results/unsteady/checkpoints/best.pt
Saved PyTorch checkpoint to results/unsteady/checkpoints/best.pt
Saved PyTorch checkpoint to results/unsteady/checkpoints/best.pt
Saved PyTorch checkpoint to results/unsteady/checkpoints/best.pt
Saved PyTorch checkpoint to results/unsteady/checkpoints/best.pt
Saved PyTorch checkpoint to results/unsteady/checkpoints/best.pt
Saved PyTorch checkpoint to results/unsteady/checkpoints/best.pt
Saved PyTorch checkpoint to results/unsteady/checkpoints/best.pt
Saved PyTorch checkpoint to results/unsteady/checkpoints/best.pt
Saved PyTorch checkpoint to results/unsteady/checkpoints/best.pt
Saved PyTorch checkpoint to results/unsteady/checkpoints/best.pt
Saved PyTorch checkpoint to results/unsteady/checkpoints/best.pt
Saved PyTorch checkpoint to results/unsteady/checkpoints/best.pt
Saved PyTorch checkpoint to results/unsteady/checkpoints/best.pt
Saved PyTorch checkpoint to results/unsteady/checkpoints/best.pt
Saved PyTorch checkpoint to results/unsteady/checkpoints/best.pt
Saved PyTorch checkpoint to results/unsteady/checkpoints/best.pt
Saved PyTorch checkpoint to results/unsteady/checkpoints/best.pt
Saved PyTorch checkpoint to results/unsteady/checkpoints/best.pt
Saved PyTorch checkpoint to results/unsteady/checkpoints/best.pt
Saved PyTorch checkpoint to results/unsteady/checkpoints/best.pt
Saved PyTorch checkpoint to results/unsteady/checkpoints/best.pt
Saved PyTorch checkpoint to results/unsteady/checkpoints/best.pt
Saved PyTorch checkpoint to results/unsteady/checkpoints/best.pt
Saved PyTorch checkpoint to results/unsteady/checkpoints/best.pt
Saved PyTorch checkpoint to results/unsteady/checkpoints/best.pt
Saved PyTorch checkpoint to results/unsteady/checkpoints/best.pt
Saved PyTorch checkpoint to results/unsteady/checkpoints/best.pt
Saved PyTorch checkpoint to results/unsteady/checkpoints/best.pt
Saved PyTorch checkpoint to results/unsteady/checkpoints/best.pt
Saved PyTorch checkpoint to results/unsteady/checkpoints/best.pt
Saved PyTorch checkpoint to results/unsteady/checkpoints/best.pt
Saved PyTorch checkpoint to results/unsteady/checkpoints/best.pt
Saved PyTorch checkpoint to results/unsteady/checkpoints/best.pt
Saved PyTorch checkpoint to results/unsteady/checkpoints/best.pt
Saved PyTorch checkpoint to results/unsteady/checkpoints/best.pt
Saved PyTorch checkpoint to results/unsteady/checkpoints/best.pt
Adam 2600 | total=5.893e-02 f=1.070e-02 ic=4.635e-04 wall=1.167e-02 inlet=1.197e-02 outlet=1.380e-05 lr=5.000e-04
Saved PyTorch checkpoint to results/unsteady/checkpoints/best.pt
Saved PyTorch checkpoint to results/unsteady/checkpoints/best.pt
Saved PyTorch checkpoint to results/unsteady/checkpoints/best.pt
Saved PyTorch checkpoint to results/unsteady/checkpoints/best.pt
Saved PyTorch checkpoint to results/unsteady/checkpoints/best.pt
Saved PyTorch checkpoint to results/unsteady/checkpoints/best.pt
Saved PyTorch checkpoint to results/unsteady/checkpoints/best.pt
Saved PyTorch checkpoint to results/unsteady/checkpoints/best.pt
Saved PyTorch checkpoint to results/unsteady/checkpoints/best.pt
Saved PyTorch checkpoint to results/unsteady/checkpoints/best.pt
Saved PyTorch checkpoint to results/unsteady/checkpoints/best.pt
Saved PyTorch checkpoint to results/unsteady/checkpoints/best.pt
Saved PyTorch checkpoint to results/unsteady/checkpoints/best.pt
Saved PyTorch checkpoint to results/unsteady/checkpoints/best.pt
Saved PyTorch checkpoint to results/unsteady/checkpoints/best.pt
Saved PyTorch checkpoint to results/unsteady/checkpoints/best.pt
Saved PyTorch checkpoint to results/unsteady/checkpoints/best.pt
Saved PyTorch checkpoint to results/unsteady/checkpoints/best.pt
Saved PyTorch checkpoint to results/unsteady/checkpoints/best.pt
Saved PyTorch checkpoint to results/unsteady/checkpoints/best.pt
Saved PyTorch checkpoint to results/unsteady/checkpoints/best.pt
Saved PyTorch checkpoint to results/unsteady/checkpoints/best.pt
Saved PyTorch checkpoint to results/unsteady/checkpoints/best.pt
Saved PyTorch checkpoint to results/unsteady/checkpoints/best.pt
Saved PyTorch checkpoint to results/unsteady/checkpoints/best.pt
Saved PyTorch checkpoint to results/unsteady/checkpoints/best.pt
Saved PyTorch checkpoint to results/unsteady/checkpoints/best.pt
Saved PyTorch checkpoint to results/unsteady/checkpoints/best.pt
Saved PyTorch checkpoint to results/unsteady/checkpoints/best.pt
Saved PyTorch checkpoint to results/unsteady/checkpoints/best.pt
Saved PyTorch checkpoint to results/unsteady/checkpoints/best.pt
Saved PyTorch checkpoint to results/unsteady/checkpoints/best.pt
Saved PyTorch checkpoint to results/unsteady/checkpoints/best.pt
Saved PyTorch checkpoint to results/unsteady/checkpoints/best.pt
Saved PyTorch checkpoint to results/unsteady/checkpoints/best.pt
Saved PyTorch checkpoint to results/unsteady/checkpoints/best.pt
Saved PyTorch checkpoint to results/unsteady/checkpoints/best.pt
Saved PyTorch checkpoint to results/unsteady/checkpoints/best.pt
Adam 2700 | total=5.644e-02 f=1.057e-02 ic=4.099e-04 wall=1.208e-02 inlet=1.043e-02 outlet=1.379e-05 lr=5.000e-04
Saved PyTorch checkpoint to results/unsteady/checkpoints/best.pt
Saved PyTorch checkpoint to results/unsteady/checkpoints/best.pt
Saved PyTorch checkpoint to results/unsteady/checkpoints/best.pt
Saved PyTorch checkpoint to results/unsteady/checkpoints/best.pt
Saved PyTorch checkpoint to results/unsteady/checkpoints/best.pt
Saved PyTorch checkpoint to results/unsteady/checkpoints/best.pt
Saved PyTorch checkpoint to results/unsteady/checkpoints/best.pt
Saved PyTorch checkpoint to results/unsteady/checkpoints/best.pt
Saved PyTorch checkpoint to results/unsteady/checkpoints/best.pt
Saved PyTorch checkpoint to results/unsteady/checkpoints/best.pt
Saved PyTorch checkpoint to results/unsteady/checkpoints/best.pt
Saved PyTorch checkpoint to results/unsteady/checkpoints/best.pt
Saved PyTorch checkpoint to results/unsteady/checkpoints/best.pt
Saved PyTorch checkpoint to results/unsteady/checkpoints/best.pt
Saved PyTorch checkpoint to results/unsteady/checkpoints/best.pt
Saved PyTorch checkpoint to results/unsteady/checkpoints/best.pt
Saved PyTorch checkpoint to results/unsteady/checkpoints/best.pt
Saved PyTorch checkpoint to results/unsteady/checkpoints/best.pt
Saved PyTorch checkpoint to results/unsteady/checkpoints/best.pt
Saved PyTorch checkpoint to results/unsteady/checkpoints/best.pt
Saved PyTorch checkpoint to results/unsteady/checkpoints/best.pt
Saved PyTorch checkpoint to results/unsteady/checkpoints/best.pt
Saved PyTorch checkpoint to results/unsteady/checkpoints/best.pt
Saved PyTorch checkpoint to results/unsteady/checkpoints/best.pt
Saved PyTorch checkpoint to results/unsteady/checkpoints/best.pt
Saved PyTorch checkpoint to results/unsteady/checkpoints/best.pt
Saved PyTorch checkpoint to results/unsteady/checkpoints/best.pt
Saved PyTorch checkpoint to results/unsteady/checkpoints/best.pt
Saved PyTorch checkpoint to results/unsteady/checkpoints/best.pt
Saved PyTorch checkpoint to results/unsteady/checkpoints/best.pt
Saved PyTorch checkpoint to results/unsteady/checkpoints/best.pt
Saved PyTorch checkpoint to results/unsteady/checkpoints/best.pt
Saved PyTorch checkpoint to results/unsteady/checkpoints/best.pt
Saved PyTorch checkpoint to results/unsteady/checkpoints/best.pt
Saved PyTorch checkpoint to results/unsteady/checkpoints/best.pt
Saved PyTorch checkpoint to results/unsteady/checkpoints/best.pt
Saved PyTorch checkpoint to results/unsteady/checkpoints/best.pt
Saved PyTorch checkpoint to results/unsteady/checkpoints/best.pt
Saved PyTorch checkpoint to results/unsteady/checkpoints/best.pt
Saved PyTorch checkpoint to results/unsteady/checkpoints/best.pt
Saved PyTorch checkpoint to results/unsteady/checkpoints/best.pt
Saved PyTorch checkpoint to results/unsteady/checkpoints/best.pt
Saved PyTorch checkpoint to results/unsteady/checkpoints/best.pt
Saved PyTorch checkpoint to results/unsteady/checkpoints/best.pt
Saved PyTorch checkpoint to results/unsteady/checkpoints/best.pt
Saved PyTorch checkpoint to results/unsteady/checkpoints/best.pt
Saved PyTorch checkpoint to results/unsteady/checkpoints/best.pt
Saved PyTorch checkpoint to results/unsteady/checkpoints/best.pt
Saved PyTorch checkpoint to results/unsteady/checkpoints/best.pt
Saved PyTorch checkpoint to results/unsteady/checkpoints/best.pt
Saved PyTorch checkpoint to results/unsteady/checkpoints/best.pt
Saved PyTorch checkpoint to results/unsteady/checkpoints/best.pt
Saved PyTorch checkpoint to results/unsteady/checkpoints/best.pt
Saved PyTorch checkpoint to results/unsteady/checkpoints/best.pt
Saved PyTorch checkpoint to results/unsteady/checkpoints/best.pt
Saved PyTorch checkpoint to results/unsteady/checkpoints/best.pt
Saved PyTorch checkpoint to results/unsteady/checkpoints/best.pt
Saved PyTorch checkpoint to results/unsteady/checkpoints/best.pt
Saved PyTorch checkpoint to results/unsteady/checkpoints/best.pt
Saved PyTorch checkpoint to results/unsteady/checkpoints/best.pt
Saved PyTorch checkpoint to results/unsteady/checkpoints/best.pt
Saved PyTorch checkpoint to results/unsteady/checkpoints/best.pt
Saved PyTorch checkpoint to results/unsteady/checkpoints/best.pt
Saved PyTorch checkpoint to results/unsteady/checkpoints/best.pt
Saved PyTorch checkpoint to results/unsteady/checkpoints/best.pt
Saved PyTorch checkpoint to results/unsteady/checkpoints/best.pt
Saved PyTorch checkpoint to results/unsteady/checkpoints/best.pt
Saved PyTorch checkpoint to results/unsteady/checkpoints/best.pt
Saved PyTorch checkpoint to results/unsteady/checkpoints/best.pt
Saved PyTorch checkpoint to results/unsteady/checkpoints/best.pt
Saved PyTorch checkpoint to results/unsteady/checkpoints/best.pt
Saved PyTorch checkpoint to results/unsteady/checkpoints/best.pt
Saved PyTorch checkpoint to results/unsteady/checkpoints/best.pt
Saved PyTorch checkpoint to results/unsteady/checkpoints/best.pt
Saved PyTorch checkpoint to results/unsteady/checkpoints/best.pt
Saved PyTorch checkpoint to results/unsteady/checkpoints/best.pt
Saved PyTorch checkpoint to results/unsteady/checkpoints/best.pt
Saved PyTorch checkpoint to results/unsteady/checkpoints/best.pt
Saved PyTorch checkpoint to results/unsteady/checkpoints/best.pt
Saved PyTorch checkpoint to results/unsteady/checkpoints/best.pt
Saved PyTorch checkpoint to results/unsteady/checkpoints/best.pt
Saved PyTorch checkpoint to results/unsteady/checkpoints/best.pt
Saved PyTorch checkpoint to results/unsteady/checkpoints/best.pt
Saved PyTorch checkpoint to results/unsteady/checkpoints/best.pt
Saved PyTorch checkpoint to results/unsteady/checkpoints/best.pt
Saved PyTorch checkpoint to results/unsteady/checkpoints/best.pt
Saved PyTorch checkpoint to results/unsteady/checkpoints/best.pt
Saved PyTorch checkpoint to results/unsteady/checkpoints/best.pt
Saved PyTorch checkpoint to results/unsteady/checkpoints/best.pt
Saved PyTorch checkpoint to results/unsteady/checkpoints/best.pt
Saved PyTorch checkpoint to results/unsteady/checkpoints/best.pt
Adam 2800 | total=5.389e-02 f=1.028e-02 ic=3.784e-04 wall=1.214e-02 inlet=9.273e-03 outlet=1.248e-05 lr=5.000e-04
Saved PyTorch checkpoint to results/unsteady/checkpoints/best.pt
Saved PyTorch checkpoint to results/unsteady/checkpoints/best.pt
Saved PyTorch checkpoint to results/unsteady/checkpoints/best.pt
Saved PyTorch checkpoint to results/unsteady/checkpoints/best.pt
Saved PyTorch checkpoint to results/unsteady/checkpoints/best.pt
Saved PyTorch checkpoint to results/unsteady/checkpoints/best.pt
Saved PyTorch checkpoint to results/unsteady/checkpoints/best.pt
Saved PyTorch checkpoint to results/unsteady/checkpoints/best.pt
Saved PyTorch checkpoint to results/unsteady/checkpoints/best.pt
Saved PyTorch checkpoint to results/unsteady/checkpoints/best.pt
Saved PyTorch checkpoint to results/unsteady/checkpoints/best.pt
Saved PyTorch checkpoint to results/unsteady/checkpoints/best.pt
Saved PyTorch checkpoint to results/unsteady/checkpoints/best.pt
Saved PyTorch checkpoint to results/unsteady/checkpoints/best.pt
Saved PyTorch checkpoint to results/unsteady/checkpoints/best.pt
Saved PyTorch checkpoint to results/unsteady/checkpoints/best.pt
Saved PyTorch checkpoint to results/unsteady/checkpoints/best.pt
Saved PyTorch checkpoint to results/unsteady/checkpoints/best.pt
Saved PyTorch checkpoint to results/unsteady/checkpoints/best.pt
Saved PyTorch checkpoint to results/unsteady/checkpoints/best.pt
Saved PyTorch checkpoint to results/unsteady/checkpoints/best.pt
Saved PyTorch checkpoint to results/unsteady/checkpoints/best.pt
Saved PyTorch checkpoint to results/unsteady/checkpoints/best.pt
Saved PyTorch checkpoint to results/unsteady/checkpoints/best.pt
Saved PyTorch checkpoint to results/unsteady/checkpoints/best.pt
Saved PyTorch checkpoint to results/unsteady/checkpoints/best.pt
Saved PyTorch checkpoint to results/unsteady/checkpoints/best.pt
Adam 2900 | total=5.254e-02 f=1.012e-02 ic=3.575e-04 wall=1.174e-02 inlet=9.095e-03 outlet=1.227e-05 lr=5.000e-04
Saved PyTorch checkpoint to results/unsteady/checkpoints/best.pt
Saved PyTorch checkpoint to results/unsteady/checkpoints/best.pt
Saved PyTorch checkpoint to results/unsteady/checkpoints/best.pt
Saved PyTorch checkpoint to results/unsteady/checkpoints/best.pt
Saved PyTorch checkpoint to results/unsteady/checkpoints/best.pt
Saved PyTorch checkpoint to results/unsteady/checkpoints/best.pt
Saved PyTorch checkpoint to results/unsteady/checkpoints/best.pt
Saved PyTorch checkpoint to results/unsteady/checkpoints/best.pt
Saved PyTorch checkpoint to results/unsteady/checkpoints/best.pt
Saved PyTorch checkpoint to results/unsteady/checkpoints/best.pt
Saved PyTorch checkpoint to results/unsteady/checkpoints/best.pt
Saved PyTorch checkpoint to results/unsteady/checkpoints/best.pt
Saved PyTorch checkpoint to results/unsteady/checkpoints/best.pt
Saved PyTorch checkpoint to results/unsteady/checkpoints/best.pt
Saved PyTorch checkpoint to results/unsteady/checkpoints/best.pt
Saved PyTorch checkpoint to results/unsteady/checkpoints/best.pt
Saved PyTorch checkpoint to results/unsteady/checkpoints/best.pt
Saved PyTorch checkpoint to results/unsteady/checkpoints/best.pt
Saved PyTorch checkpoint to results/unsteady/checkpoints/best.pt
Saved PyTorch checkpoint to results/unsteady/checkpoints/best.pt
Saved PyTorch checkpoint to results/unsteady/checkpoints/best.pt
Saved PyTorch checkpoint to results/unsteady/checkpoints/best.pt
Saved PyTorch checkpoint to results/unsteady/checkpoints/best.pt
Saved PyTorch checkpoint to results/unsteady/checkpoints/best.pt
Saved PyTorch checkpoint to results/unsteady/checkpoints/best.pt
Saved PyTorch checkpoint to results/unsteady/checkpoints/best.pt
Saved PyTorch checkpoint to results/unsteady/checkpoints/best.pt
Saved PyTorch checkpoint to results/unsteady/checkpoints/best.pt
Saved PyTorch checkpoint to results/unsteady/checkpoints/best.pt
Saved PyTorch checkpoint to results/unsteady/checkpoints/best.pt
Saved PyTorch checkpoint to results/unsteady/checkpoints/best.pt
Saved PyTorch checkpoint to results/unsteady/checkpoints/best.pt
Saved PyTorch checkpoint to results/unsteady/checkpoints/best.pt
Saved PyTorch checkpoint to results/unsteady/checkpoints/best.pt
Saved PyTorch checkpoint to results/unsteady/checkpoints/best.pt
Saved PyTorch checkpoint to results/unsteady/checkpoints/best.pt
Saved PyTorch checkpoint to results/unsteady/checkpoints/best.pt
Saved PyTorch checkpoint to results/unsteady/checkpoints/best.pt
Saved PyTorch checkpoint to results/unsteady/checkpoints/best.pt
Saved PyTorch checkpoint to results/unsteady/checkpoints/best.pt
Saved PyTorch checkpoint to results/unsteady/checkpoints/best.pt
Saved PyTorch checkpoint to results/unsteady/checkpoints/best.pt
Saved PyTorch checkpoint to results/unsteady/checkpoints/best.pt
Saved PyTorch checkpoint to results/unsteady/checkpoints/best.pt
Saved PyTorch checkpoint to results/unsteady/checkpoints/best.pt
Saved PyTorch checkpoint to results/unsteady/checkpoints/best.pt
Saved PyTorch checkpoint to results/unsteady/checkpoints/best.pt
Saved PyTorch checkpoint to results/unsteady/checkpoints/best.pt
Adam 3000 | total=4.987e-02 f=9.477e-03 ic=3.239e-04 wall=1.177e-02 inlet=8.093e-03 outlet=1.104e-05 lr=5.000e-04
Saved PyTorch checkpoint to results/unsteady/checkpoints/best.pt
Saved PyTorch checkpoint to results/unsteady/checkpoints/latest.pt
Saved PyTorch checkpoint to results/unsteady/checkpoints/best.pt
Saved PyTorch checkpoint to results/unsteady/checkpoints/best.pt
Saved PyTorch checkpoint to results/unsteady/checkpoints/best.pt
Saved PyTorch checkpoint to results/unsteady/checkpoints/best.pt
Saved PyTorch checkpoint to results/unsteady/checkpoints/best.pt
Saved PyTorch checkpoint to results/unsteady/checkpoints/best.pt
Saved PyTorch checkpoint to results/unsteady/checkpoints/best.pt
Saved PyTorch checkpoint to results/unsteady/checkpoints/best.pt
Saved PyTorch checkpoint to results/unsteady/checkpoints/best.pt
Saved PyTorch checkpoint to results/unsteady/checkpoints/best.pt
Saved PyTorch checkpoint to results/unsteady/checkpoints/best.pt
Saved PyTorch checkpoint to results/unsteady/checkpoints/best.pt
Saved PyTorch checkpoint to results/unsteady/checkpoints/best.pt
Saved PyTorch checkpoint to results/unsteady/checkpoints/best.pt
Saved PyTorch checkpoint to results/unsteady/checkpoints/best.pt
Saved PyTorch checkpoint to results/unsteady/checkpoints/best.pt
Saved PyTorch checkpoint to results/unsteady/checkpoints/best.pt
Saved PyTorch checkpoint to results/unsteady/checkpoints/best.pt
Saved PyTorch checkpoint to results/unsteady/checkpoints/best.pt
Saved PyTorch checkpoint to results/unsteady/checkpoints/best.pt
Saved PyTorch checkpoint to results/unsteady/checkpoints/best.pt
Saved PyTorch checkpoint to results/unsteady/checkpoints/best.pt
Saved PyTorch checkpoint to results/unsteady/checkpoints/best.pt
Adam 3100 | total=5.601e-02 f=1.187e-02 ic=6.047e-04 wall=1.599e-02 inlet=5.462e-03 outlet=1.265e-05 lr=5.000e-04
Saved PyTorch checkpoint to results/unsteady/checkpoints/best.pt
Saved PyTorch checkpoint to results/unsteady/checkpoints/best.pt
Saved PyTorch checkpoint to results/unsteady/checkpoints/best.pt
Saved PyTorch checkpoint to results/unsteady/checkpoints/best.pt
Saved PyTorch checkpoint to results/unsteady/checkpoints/best.pt
Saved PyTorch checkpoint to results/unsteady/checkpoints/best.pt
Saved PyTorch checkpoint to results/unsteady/checkpoints/best.pt
Saved PyTorch checkpoint to results/unsteady/checkpoints/best.pt
Saved PyTorch checkpoint to results/unsteady/checkpoints/best.pt
Saved PyTorch checkpoint to results/unsteady/checkpoints/best.pt
Saved PyTorch checkpoint to results/unsteady/checkpoints/best.pt
Saved PyTorch checkpoint to results/unsteady/checkpoints/best.pt
Saved PyTorch checkpoint to results/unsteady/checkpoints/best.pt
Saved PyTorch checkpoint to results/unsteady/checkpoints/best.pt
Saved PyTorch checkpoint to results/unsteady/checkpoints/best.pt
Saved PyTorch checkpoint to results/unsteady/checkpoints/best.pt
Saved PyTorch checkpoint to results/unsteady/checkpoints/best.pt
Saved PyTorch checkpoint to results/unsteady/checkpoints/best.pt
Saved PyTorch checkpoint to results/unsteady/checkpoints/best.pt
Saved PyTorch checkpoint to results/unsteady/checkpoints/best.pt
Saved PyTorch checkpoint to results/unsteady/checkpoints/best.pt
Saved PyTorch checkpoint to results/unsteady/checkpoints/best.pt
Saved PyTorch checkpoint to results/unsteady/checkpoints/best.pt
Saved PyTorch checkpoint to results/unsteady/checkpoints/best.pt
Saved PyTorch checkpoint to results/unsteady/checkpoints/best.pt
Saved PyTorch checkpoint to results/unsteady/checkpoints/best.pt
Saved PyTorch checkpoint to results/unsteady/checkpoints/best.pt
Saved PyTorch checkpoint to results/unsteady/checkpoints/best.pt
Saved PyTorch checkpoint to results/unsteady/checkpoints/best.pt
Saved PyTorch checkpoint to results/unsteady/checkpoints/best.pt
Saved PyTorch checkpoint to results/unsteady/checkpoints/best.pt
Saved PyTorch checkpoint to results/unsteady/checkpoints/best.pt
Adam 3200 | total=4.892e-02 f=9.744e-03 ic=2.984e-04 wall=1.208e-02 inlet=7.193e-03 outlet=1.123e-05 lr=5.000e-04
Saved PyTorch checkpoint to results/unsteady/checkpoints/best.pt
Saved PyTorch checkpoint to results/unsteady/checkpoints/best.pt
Saved PyTorch checkpoint to results/unsteady/checkpoints/best.pt
Saved PyTorch checkpoint to results/unsteady/checkpoints/best.pt
Saved PyTorch checkpoint to results/unsteady/checkpoints/best.pt
Saved PyTorch checkpoint to results/unsteady/checkpoints/best.pt
Saved PyTorch checkpoint to results/unsteady/checkpoints/best.pt
Saved PyTorch checkpoint to results/unsteady/checkpoints/best.pt
Saved PyTorch checkpoint to results/unsteady/checkpoints/best.pt
Saved PyTorch checkpoint to results/unsteady/checkpoints/best.pt
Saved PyTorch checkpoint to results/unsteady/checkpoints/best.pt
Saved PyTorch checkpoint to results/unsteady/checkpoints/best.pt
Saved PyTorch checkpoint to results/unsteady/checkpoints/best.pt
Saved PyTorch checkpoint to results/unsteady/checkpoints/best.pt
Saved PyTorch checkpoint to results/unsteady/checkpoints/best.pt
Adam 3300 | total=4.464e-02 f=8.317e-03 ic=2.765e-04 wall=1.088e-02 inlet=6.992e-03 outlet=1.145e-05 lr=5.000e-04
Saved PyTorch checkpoint to results/unsteady/checkpoints/best.pt
Saved PyTorch checkpoint to results/unsteady/checkpoints/best.pt
Saved PyTorch checkpoint to results/unsteady/checkpoints/best.pt
Saved PyTorch checkpoint to results/unsteady/checkpoints/best.pt
Saved PyTorch checkpoint to results/unsteady/checkpoints/best.pt
Saved PyTorch checkpoint to results/unsteady/checkpoints/best.pt
Saved PyTorch checkpoint to results/unsteady/checkpoints/best.pt
Saved PyTorch checkpoint to results/unsteady/checkpoints/best.pt
Saved PyTorch checkpoint to results/unsteady/checkpoints/best.pt
Saved PyTorch checkpoint to results/unsteady/checkpoints/best.pt
Saved PyTorch checkpoint to results/unsteady/checkpoints/best.pt
Saved PyTorch checkpoint to results/unsteady/checkpoints/best.pt
Saved PyTorch checkpoint to results/unsteady/checkpoints/best.pt
Saved PyTorch checkpoint to results/unsteady/checkpoints/best.pt
Saved PyTorch checkpoint to results/unsteady/checkpoints/best.pt
Saved PyTorch checkpoint to results/unsteady/checkpoints/best.pt
Saved PyTorch checkpoint to results/unsteady/checkpoints/best.pt
Saved PyTorch checkpoint to results/unsteady/checkpoints/best.pt
Saved PyTorch checkpoint to results/unsteady/checkpoints/best.pt
Saved PyTorch checkpoint to results/unsteady/checkpoints/best.pt
Saved PyTorch checkpoint to results/unsteady/checkpoints/best.pt
Saved PyTorch checkpoint to results/unsteady/checkpoints/best.pt
Saved PyTorch checkpoint to results/unsteady/checkpoints/best.pt
Saved PyTorch checkpoint to results/unsteady/checkpoints/best.pt
Saved PyTorch checkpoint to results/unsteady/checkpoints/best.pt
Saved PyTorch checkpoint to results/unsteady/checkpoints/best.pt
Saved PyTorch checkpoint to results/unsteady/checkpoints/best.pt
Saved PyTorch checkpoint to results/unsteady/checkpoints/best.pt
Saved PyTorch checkpoint to results/unsteady/checkpoints/best.pt
Saved PyTorch checkpoint to results/unsteady/checkpoints/best.pt
Saved PyTorch checkpoint to results/unsteady/checkpoints/best.pt
Saved PyTorch checkpoint to results/unsteady/checkpoints/best.pt
Saved PyTorch checkpoint to results/unsteady/checkpoints/best.pt
Saved PyTorch checkpoint to results/unsteady/checkpoints/best.pt
Saved PyTorch checkpoint to results/unsteady/checkpoints/best.pt
Saved PyTorch checkpoint to results/unsteady/checkpoints/best.pt
Saved PyTorch checkpoint to results/unsteady/checkpoints/best.pt
Saved PyTorch checkpoint to results/unsteady/checkpoints/best.pt
Saved PyTorch checkpoint to results/unsteady/checkpoints/best.pt
Saved PyTorch checkpoint to results/unsteady/checkpoints/best.pt
Saved PyTorch checkpoint to results/unsteady/checkpoints/best.pt
Saved PyTorch checkpoint to results/unsteady/checkpoints/best.pt
Saved PyTorch checkpoint to results/unsteady/checkpoints/best.pt
Saved PyTorch checkpoint to results/unsteady/checkpoints/best.pt
Adam 3400 | total=4.333e-02 f=8.307e-03 ic=2.487e-04 wall=1.119e-02 inlet=6.059e-03 outlet=1.155e-05 lr=5.000e-04
Saved PyTorch checkpoint to results/unsteady/checkpoints/best.pt
Saved PyTorch checkpoint to results/unsteady/checkpoints/best.pt
Saved PyTorch checkpoint to results/unsteady/checkpoints/best.pt
Saved PyTorch checkpoint to results/unsteady/checkpoints/best.pt
Saved PyTorch checkpoint to results/unsteady/checkpoints/best.pt
Saved PyTorch checkpoint to results/unsteady/checkpoints/best.pt
Saved PyTorch checkpoint to results/unsteady/checkpoints/best.pt
Saved PyTorch checkpoint to results/unsteady/checkpoints/best.pt
Saved PyTorch checkpoint to results/unsteady/checkpoints/best.pt
Saved PyTorch checkpoint to results/unsteady/checkpoints/best.pt
Saved PyTorch checkpoint to results/unsteady/checkpoints/best.pt
Saved PyTorch checkpoint to results/unsteady/checkpoints/best.pt
Saved PyTorch checkpoint to results/unsteady/checkpoints/best.pt
Saved PyTorch checkpoint to results/unsteady/checkpoints/best.pt
Saved PyTorch checkpoint to results/unsteady/checkpoints/best.pt
Saved PyTorch checkpoint to results/unsteady/checkpoints/best.pt
Saved PyTorch checkpoint to results/unsteady/checkpoints/best.pt
Saved PyTorch checkpoint to results/unsteady/checkpoints/best.pt
Saved PyTorch checkpoint to results/unsteady/checkpoints/best.pt
Saved PyTorch checkpoint to results/unsteady/checkpoints/best.pt
Saved PyTorch checkpoint to results/unsteady/checkpoints/best.pt
Saved PyTorch checkpoint to results/unsteady/checkpoints/best.pt
Saved PyTorch checkpoint to results/unsteady/checkpoints/best.pt
Saved PyTorch checkpoint to results/unsteady/checkpoints/best.pt
Adam 3500 | total=4.182e-02 f=7.900e-03 ic=2.317e-04 wall=1.097e-02 inlet=5.749e-03 outlet=1.197e-05 lr=5.000e-04
Saved PyTorch checkpoint to results/unsteady/checkpoints/best.pt
Saved PyTorch checkpoint to results/unsteady/checkpoints/best.pt
Saved PyTorch checkpoint to results/unsteady/checkpoints/best.pt
Saved PyTorch checkpoint to results/unsteady/checkpoints/best.pt
Saved PyTorch checkpoint to results/unsteady/checkpoints/best.pt
Saved PyTorch checkpoint to results/unsteady/checkpoints/best.pt
Saved PyTorch checkpoint to results/unsteady/checkpoints/best.pt
Saved PyTorch checkpoint to results/unsteady/checkpoints/best.pt
Saved PyTorch checkpoint to results/unsteady/checkpoints/best.pt
Saved PyTorch checkpoint to results/unsteady/checkpoints/best.pt
Saved PyTorch checkpoint to results/unsteady/checkpoints/best.pt
Saved PyTorch checkpoint to results/unsteady/checkpoints/best.pt
Saved PyTorch checkpoint to results/unsteady/checkpoints/best.pt
Saved PyTorch checkpoint to results/unsteady/checkpoints/best.pt
Saved PyTorch checkpoint to results/unsteady/checkpoints/best.pt
Saved PyTorch checkpoint to results/unsteady/checkpoints/best.pt
Saved PyTorch checkpoint to results/unsteady/checkpoints/best.pt
Saved PyTorch checkpoint to results/unsteady/checkpoints/best.pt
Saved PyTorch checkpoint to results/unsteady/checkpoints/best.pt
Saved PyTorch checkpoint to results/unsteady/checkpoints/best.pt
Saved PyTorch checkpoint to results/unsteady/checkpoints/best.pt
Saved PyTorch checkpoint to results/unsteady/checkpoints/best.pt
Saved PyTorch checkpoint to results/unsteady/checkpoints/best.pt
Saved PyTorch checkpoint to results/unsteady/checkpoints/best.pt
Saved PyTorch checkpoint to results/unsteady/checkpoints/best.pt
Saved PyTorch checkpoint to results/unsteady/checkpoints/best.pt
Saved PyTorch checkpoint to results/unsteady/checkpoints/best.pt
Saved PyTorch checkpoint to results/unsteady/checkpoints/best.pt
Saved PyTorch checkpoint to results/unsteady/checkpoints/best.pt
Saved PyTorch checkpoint to results/unsteady/checkpoints/best.pt
Saved PyTorch checkpoint to results/unsteady/checkpoints/best.pt
Adam 3600 | total=5.058e-02 f=1.062e-02 ic=7.754e-04 wall=8.534e-03 inlet=1.066e-02 outlet=1.129e-05 lr=5.000e-04
Saved PyTorch checkpoint to results/unsteady/checkpoints/best.pt
Saved PyTorch checkpoint to results/unsteady/checkpoints/best.pt
Saved PyTorch checkpoint to results/unsteady/checkpoints/best.pt
Saved PyTorch checkpoint to results/unsteady/checkpoints/best.pt
Saved PyTorch checkpoint to results/unsteady/checkpoints/best.pt
Saved PyTorch checkpoint to results/unsteady/checkpoints/best.pt
Saved PyTorch checkpoint to results/unsteady/checkpoints/best.pt
Saved PyTorch checkpoint to results/unsteady/checkpoints/best.pt
Saved PyTorch checkpoint to results/unsteady/checkpoints/best.pt
Saved PyTorch checkpoint to results/unsteady/checkpoints/best.pt
Saved PyTorch checkpoint to results/unsteady/checkpoints/best.pt
Saved PyTorch checkpoint to results/unsteady/checkpoints/best.pt
Saved PyTorch checkpoint to results/unsteady/checkpoints/best.pt
Saved PyTorch checkpoint to results/unsteady/checkpoints/best.pt
Saved PyTorch checkpoint to results/unsteady/checkpoints/best.pt
Saved PyTorch checkpoint to results/unsteady/checkpoints/best.pt
Saved PyTorch checkpoint to results/unsteady/checkpoints/best.pt
Saved PyTorch checkpoint to results/unsteady/checkpoints/best.pt
Adam 3700 | total=4.665e-02 f=9.048e-03 ic=5.833e-04 wall=8.733e-03 inlet=9.474e-03 outlet=1.223e-05 lr=5.000e-04
Saved PyTorch checkpoint to results/unsteady/checkpoints/best.pt
Saved PyTorch checkpoint to results/unsteady/checkpoints/best.pt
Saved PyTorch checkpoint to results/unsteady/checkpoints/best.pt
Saved PyTorch checkpoint to results/unsteady/checkpoints/best.pt
Saved PyTorch checkpoint to results/unsteady/checkpoints/best.pt
Saved PyTorch checkpoint to results/unsteady/checkpoints/best.pt
Saved PyTorch checkpoint to results/unsteady/checkpoints/best.pt
Saved PyTorch checkpoint to results/unsteady/checkpoints/best.pt
Saved PyTorch checkpoint to results/unsteady/checkpoints/best.pt
Saved PyTorch checkpoint to results/unsteady/checkpoints/best.pt
Saved PyTorch checkpoint to results/unsteady/checkpoints/best.pt
Adam 3800 | total=3.932e-02 f=7.537e-03 ic=2.057e-04 wall=1.088e-02 inlet=4.794e-03 outlet=1.151e-05 lr=5.000e-04
Saved PyTorch checkpoint to results/unsteady/checkpoints/best.pt
Saved PyTorch checkpoint to results/unsteady/checkpoints/best.pt
Saved PyTorch checkpoint to results/unsteady/checkpoints/best.pt
Saved PyTorch checkpoint to results/unsteady/checkpoints/best.pt
Saved PyTorch checkpoint to results/unsteady/checkpoints/best.pt
Saved PyTorch checkpoint to results/unsteady/checkpoints/best.pt
Saved PyTorch checkpoint to results/unsteady/checkpoints/best.pt
Adam 3900 | total=4.840e-02 f=1.100e-02 ic=6.132e-04 wall=8.647e-03 inlet=9.431e-03 outlet=1.095e-05 lr=5.000e-04
Saved PyTorch checkpoint to results/unsteady/checkpoints/best.pt
Saved PyTorch checkpoint to results/unsteady/checkpoints/best.pt
Saved PyTorch checkpoint to results/unsteady/checkpoints/best.pt
Saved PyTorch checkpoint to results/unsteady/checkpoints/best.pt
Saved PyTorch checkpoint to results/unsteady/checkpoints/best.pt
Saved PyTorch checkpoint to results/unsteady/checkpoints/best.pt
Saved PyTorch checkpoint to results/unsteady/checkpoints/best.pt
Saved PyTorch checkpoint to results/unsteady/checkpoints/best.pt
Saved PyTorch checkpoint to results/unsteady/checkpoints/best.pt
Saved PyTorch checkpoint to results/unsteady/checkpoints/best.pt
Saved PyTorch checkpoint to results/unsteady/checkpoints/best.pt
Saved PyTorch checkpoint to results/unsteady/checkpoints/best.pt
Adam 4000 | total=3.767e-02 f=7.070e-03 ic=2.006e-04 wall=1.037e-02 inlet=4.719e-03 outlet=1.042e-05 lr=5.000e-04
Saved PyTorch checkpoint to results/unsteady/checkpoints/latest.pt
Saved PyTorch checkpoint to results/unsteady/checkpoints/best.pt
Saved PyTorch checkpoint to results/unsteady/checkpoints/best.pt
Saved PyTorch checkpoint to results/unsteady/checkpoints/best.pt
Saved PyTorch checkpoint to results/unsteady/checkpoints/best.pt
Saved PyTorch checkpoint to results/unsteady/checkpoints/best.pt
Saved PyTorch checkpoint to results/unsteady/checkpoints/best.pt
Adam 4100 | total=3.755e-02 f=6.857e-03 ic=2.244e-04 wall=9.894e-03 inlet=5.218e-03 outlet=1.018e-05 lr=5.000e-04
Saved PyTorch checkpoint to results/unsteady/checkpoints/best.pt
Saved PyTorch checkpoint to results/unsteady/checkpoints/best.pt
Saved PyTorch checkpoint to results/unsteady/checkpoints/best.pt
Saved PyTorch checkpoint to results/unsteady/checkpoints/best.pt
Saved PyTorch checkpoint to results/unsteady/checkpoints/best.pt
Saved PyTorch checkpoint to results/unsteady/checkpoints/best.pt
Adam 4200 | total=3.664e-02 f=6.723e-03 ic=2.263e-04 wall=9.724e-03 inlet=5.000e-03 outlet=9.179e-06 lr=5.000e-04
Saved PyTorch checkpoint to results/unsteady/checkpoints/best.pt
Saved PyTorch checkpoint to results/unsteady/checkpoints/best.pt
Saved PyTorch checkpoint to results/unsteady/checkpoints/best.pt
Saved PyTorch checkpoint to results/unsteady/checkpoints/best.pt
Adam 4300 | total=3.730e-02 f=7.254e-03 ic=2.451e-04 wall=9.654e-03 inlet=5.117e-03 outlet=8.962e-06 lr=5.000e-04
Saved PyTorch checkpoint to results/unsteady/checkpoints/best.pt
Saved PyTorch checkpoint to results/unsteady/checkpoints/best.pt
Adam 4400 | total=4.156e-02 f=9.123e-03 ic=4.681e-04 wall=8.618e-03 inlet=7.121e-03 outlet=9.098e-06 lr=5.000e-04
Saved PyTorch checkpoint to results/unsteady/checkpoints/best.pt
Saved PyTorch checkpoint to results/unsteady/checkpoints/best.pt
Saved PyTorch checkpoint to results/unsteady/checkpoints/best.pt
Saved PyTorch checkpoint to results/unsteady/checkpoints/best.pt
Saved PyTorch checkpoint to results/unsteady/checkpoints/best.pt
Saved PyTorch checkpoint to results/unsteady/checkpoints/best.pt
Adam 4500 | total=3.624e-02 f=7.256e-03 ic=2.268e-04 wall=1.052e-02 inlet=3.737e-03 outlet=8.994e-06 lr=5.000e-04
Saved PyTorch checkpoint to results/unsteady/checkpoints/best.pt
Saved PyTorch checkpoint to results/unsteady/checkpoints/best.pt
Saved PyTorch checkpoint to results/unsteady/checkpoints/best.pt
Saved PyTorch checkpoint to results/unsteady/checkpoints/best.pt
Saved PyTorch checkpoint to results/unsteady/checkpoints/best.pt
Saved PyTorch checkpoint to results/unsteady/checkpoints/best.pt
Saved PyTorch checkpoint to results/unsteady/checkpoints/best.pt
Adam 4600 | total=3.538e-02 f=6.825e-03 ic=2.347e-04 wall=9.544e-03 inlet=4.491e-03 outlet=8.249e-06 lr=5.000e-04
Saved PyTorch checkpoint to results/unsteady/checkpoints/best.pt
Saved PyTorch checkpoint to results/unsteady/checkpoints/best.pt
Saved PyTorch checkpoint to results/unsteady/checkpoints/best.pt
Saved PyTorch checkpoint to results/unsteady/checkpoints/best.pt
Adam 4700 | total=3.607e-02 f=7.391e-03 ic=2.482e-04 wall=1.051e-02 inlet=3.577e-03 outlet=8.205e-06 lr=5.000e-04
Saved PyTorch checkpoint to results/unsteady/checkpoints/best.pt
Saved PyTorch checkpoint to results/unsteady/checkpoints/best.pt
Saved PyTorch checkpoint to results/unsteady/checkpoints/best.pt
Saved PyTorch checkpoint to results/unsteady/checkpoints/best.pt
Adam 4800 | total=3.480e-02 f=6.515e-03 ic=2.634e-04 wall=8.989e-03 inlet=4.882e-03 outlet=8.164e-06 lr=5.000e-04
Saved PyTorch checkpoint to results/unsteady/checkpoints/best.pt
Saved PyTorch checkpoint to results/unsteady/checkpoints/best.pt
Saved PyTorch checkpoint to results/unsteady/checkpoints/best.pt
Saved PyTorch checkpoint to results/unsteady/checkpoints/best.pt
Adam 4900 | total=3.573e-02 f=7.464e-03 ic=2.931e-04 wall=1.090e-02 inlet=2.934e-03 outlet=8.005e-06 lr=5.000e-04
Saved PyTorch checkpoint to results/unsteady/checkpoints/best.pt
Saved PyTorch checkpoint to results/unsteady/checkpoints/best.pt
Saved PyTorch checkpoint to results/unsteady/checkpoints/best.pt
Saved PyTorch checkpoint to results/unsteady/checkpoints/best.pt
Adam 5000 | total=3.281e-02 f=6.095e-03 ic=2.246e-04 wall=9.844e-03 inlet=3.279e-03 outlet=8.173e-06 lr=5.000e-04
Saved PyTorch checkpoint to results/unsteady/checkpoints/latest.pt
Saved PyTorch checkpoint to results/unsteady/checkpoints/best.pt
Saved PyTorch checkpoint to results/unsteady/checkpoints/best.pt
Saved PyTorch checkpoint to results/unsteady/checkpoints/best.pt
Saved PyTorch checkpoint to results/unsteady/checkpoints/best.pt
Saved PyTorch checkpoint to results/unsteady/checkpoints/best.pt
Saved PyTorch checkpoint to results/unsteady/checkpoints/best.pt
Saved PyTorch checkpoint to results/unsteady/checkpoints/best.pt
Adam 5100 | total=3.372e-02 f=6.780e-03 ic=2.652e-04 wall=1.036e-02 inlet=2.839e-03 outlet=7.927e-06 lr=5.000e-04
Saved PyTorch checkpoint to results/unsteady/checkpoints/best.pt
Saved PyTorch checkpoint to results/unsteady/checkpoints/best.pt
Saved PyTorch checkpoint to results/unsteady/checkpoints/best.pt
Saved PyTorch checkpoint to results/unsteady/checkpoints/best.pt
Saved PyTorch checkpoint to results/unsteady/checkpoints/best.pt
Saved PyTorch checkpoint to results/unsteady/checkpoints/best.pt
Adam 5200 | total=3.296e-02 f=6.388e-03 ic=2.417e-04 wall=9.788e-03 inlet=3.247e-03 outlet=7.966e-06 lr=5.000e-04
Saved PyTorch checkpoint to results/unsteady/checkpoints/best.pt
Saved PyTorch checkpoint to results/unsteady/checkpoints/best.pt
Saved PyTorch checkpoint to results/unsteady/checkpoints/best.pt
Saved PyTorch checkpoint to results/unsteady/checkpoints/best.pt
Saved PyTorch checkpoint to results/unsteady/checkpoints/best.pt
Saved PyTorch checkpoint to results/unsteady/checkpoints/best.pt
Adam 5300 | total=3.238e-02 f=5.920e-03 ic=2.662e-04 wall=8.493e-03 inlet=4.465e-03 outlet=7.576e-06 lr=5.000e-04
Saved PyTorch checkpoint to results/unsteady/checkpoints/best.pt
Saved PyTorch checkpoint to results/unsteady/checkpoints/best.pt
Saved PyTorch checkpoint to results/unsteady/checkpoints/best.pt
Saved PyTorch checkpoint to results/unsteady/checkpoints/best.pt
Saved PyTorch checkpoint to results/unsteady/checkpoints/best.pt
Saved PyTorch checkpoint to results/unsteady/checkpoints/best.pt
Adam 5400 | total=3.653e-02 f=8.257e-03 ic=3.564e-04 wall=1.090e-02 inlet=2.876e-03 outlet=7.770e-06 lr=5.000e-04
Saved PyTorch checkpoint to results/unsteady/checkpoints/best.pt
Saved PyTorch checkpoint to results/unsteady/checkpoints/best.pt
Saved PyTorch checkpoint to results/unsteady/checkpoints/best.pt
Saved PyTorch checkpoint to results/unsteady/checkpoints/best.pt
Saved PyTorch checkpoint to results/unsteady/checkpoints/best.pt
Saved PyTorch checkpoint to results/unsteady/checkpoints/best.pt
Saved PyTorch checkpoint to results/unsteady/checkpoints/best.pt
Adam 5500 | total=3.083e-02 f=5.747e-03 ic=2.228e-04 wall=9.252e-03 inlet=3.060e-03 outlet=7.796e-06 lr=5.000e-04
Saved PyTorch checkpoint to results/unsteady/checkpoints/best.pt
Saved PyTorch checkpoint to results/unsteady/checkpoints/best.pt
Saved PyTorch checkpoint to results/unsteady/checkpoints/best.pt
Saved PyTorch checkpoint to results/unsteady/checkpoints/best.pt
Saved PyTorch checkpoint to results/unsteady/checkpoints/best.pt
Saved PyTorch checkpoint to results/unsteady/checkpoints/best.pt
Saved PyTorch checkpoint to results/unsteady/checkpoints/best.pt
Saved PyTorch checkpoint to results/unsteady/checkpoints/best.pt
Adam 5600 | total=3.807e-02 f=1.000e-02 ic=4.223e-04 wall=8.000e-03 inlet=5.606e-03 outlet=8.624e-06 lr=5.000e-04
Saved PyTorch checkpoint to results/unsteady/checkpoints/best.pt
Saved PyTorch checkpoint to results/unsteady/checkpoints/best.pt
Saved PyTorch checkpoint to results/unsteady/checkpoints/best.pt
Saved PyTorch checkpoint to results/unsteady/checkpoints/best.pt
Adam 5700 | total=3.309e-02 f=7.423e-03 ic=3.058e-04 wall=8.200e-03 inlet=4.318e-03 outlet=7.792e-06 lr=5.000e-04
Saved PyTorch checkpoint to results/unsteady/checkpoints/best.pt
Saved PyTorch checkpoint to results/unsteady/checkpoints/best.pt
Saved PyTorch checkpoint to results/unsteady/checkpoints/best.pt
Saved PyTorch checkpoint to results/unsteady/checkpoints/best.pt
Saved PyTorch checkpoint to results/unsteady/checkpoints/best.pt
Saved PyTorch checkpoint to results/unsteady/checkpoints/best.pt
Adam 5800 | total=2.941e-02 f=5.336e-03 ic=2.164e-04 wall=8.534e-03 inlet=3.277e-03 outlet=7.644e-06 lr=5.000e-04
Saved PyTorch checkpoint to results/unsteady/checkpoints/best.pt
Saved PyTorch checkpoint to results/unsteady/checkpoints/best.pt
Saved PyTorch checkpoint to results/unsteady/checkpoints/best.pt
Saved PyTorch checkpoint to results/unsteady/checkpoints/best.pt
Adam 5900 | total=2.985e-02 f=5.391e-03 ic=2.646e-04 wall=7.987e-03 inlet=3.969e-03 outlet=7.477e-06 lr=5.000e-04
Saved PyTorch checkpoint to results/unsteady/checkpoints/best.pt
Saved PyTorch checkpoint to results/unsteady/checkpoints/best.pt
Saved PyTorch checkpoint to results/unsteady/checkpoints/best.pt
Saved PyTorch checkpoint to results/unsteady/checkpoints/best.pt
Saved PyTorch checkpoint to results/unsteady/checkpoints/best.pt
Saved PyTorch checkpoint to results/unsteady/checkpoints/best.pt
Adam 6000 | total=3.328e-02 f=8.084e-03 ic=2.658e-04 wall=9.374e-03 inlet=2.948e-03 outlet=7.894e-06 lr=5.000e-04
Saved PyTorch checkpoint to results/unsteady/checkpoints/latest.pt
Saved PyTorch checkpoint to results/unsteady/checkpoints/best.pt
Saved PyTorch checkpoint to results/unsteady/checkpoints/best.pt
Saved PyTorch checkpoint to results/unsteady/checkpoints/best.pt
Saved PyTorch checkpoint to results/unsteady/checkpoints/best.pt
Saved PyTorch checkpoint to results/unsteady/checkpoints/best.pt
Saved PyTorch checkpoint to results/unsteady/checkpoints/best.pt
Saved PyTorch checkpoint to results/unsteady/checkpoints/best.pt
Saved PyTorch checkpoint to results/unsteady/checkpoints/best.pt
Saved PyTorch checkpoint to results/unsteady/checkpoints/best.pt
Saved PyTorch checkpoint to results/unsteady/checkpoints/best.pt
Saved PyTorch checkpoint to results/unsteady/checkpoints/best.pt
Saved PyTorch checkpoint to results/unsteady/checkpoints/best.pt
Adam 6100 | total=3.351e-02 f=6.848e-03 ic=3.854e-04 wall=7.345e-03 inlet=5.593e-03 outlet=7.496e-06 lr=5.000e-04
Saved PyTorch checkpoint to results/unsteady/checkpoints/best.pt
Saved PyTorch checkpoint to results/unsteady/checkpoints/best.pt
Adam 6200 | total=2.865e-02 f=5.510e-03 ic=2.357e-04 wall=7.899e-03 inlet=3.429e-03 outlet=7.722e-06 lr=5.000e-04
Saved PyTorch checkpoint to results/unsteady/checkpoints/best.pt
Saved PyTorch checkpoint to results/unsteady/checkpoints/best.pt
Saved PyTorch checkpoint to results/unsteady/checkpoints/best.pt
Adam 6300 | total=3.024e-02 f=6.719e-03 ic=2.414e-04 wall=8.004e-03 inlet=3.505e-03 outlet=7.991e-06 lr=5.000e-04
Saved PyTorch checkpoint to results/unsteady/checkpoints/best.pt
Saved PyTorch checkpoint to results/unsteady/checkpoints/best.pt
Saved PyTorch checkpoint to results/unsteady/checkpoints/best.pt
Saved PyTorch checkpoint to results/unsteady/checkpoints/best.pt
Saved PyTorch checkpoint to results/unsteady/checkpoints/best.pt
Adam 6400 | total=3.168e-02 f=7.393e-03 ic=2.319e-04 wall=8.293e-03 inlet=3.608e-03 outlet=8.401e-06 lr=5.000e-04
Saved PyTorch checkpoint to results/unsteady/checkpoints/best.pt
Saved PyTorch checkpoint to results/unsteady/checkpoints/best.pt
Saved PyTorch checkpoint to results/unsteady/checkpoints/best.pt
Adam 6500 | total=2.831e-02 f=5.520e-03 ic=1.945e-04 wall=8.509e-03 inlet=2.682e-03 outlet=8.863e-06 lr=5.000e-04
Saved PyTorch checkpoint to results/unsteady/checkpoints/best.pt
Saved PyTorch checkpoint to results/unsteady/checkpoints/best.pt
Saved PyTorch checkpoint to results/unsteady/checkpoints/best.pt
Saved PyTorch checkpoint to results/unsteady/checkpoints/best.pt
Saved PyTorch checkpoint to results/unsteady/checkpoints/best.pt
Saved PyTorch checkpoint to results/unsteady/checkpoints/best.pt
Saved PyTorch checkpoint to results/unsteady/checkpoints/best.pt
Saved PyTorch checkpoint to results/unsteady/checkpoints/best.pt
Adam 6600 | total=2.739e-02 f=5.224e-03 ic=2.198e-04 wall=7.564e-03 inlet=3.292e-03 outlet=8.300e-06 lr=5.000e-04
Saved PyTorch checkpoint to results/unsteady/checkpoints/best.pt
Saved PyTorch checkpoint to results/unsteady/checkpoints/best.pt
Saved PyTorch checkpoint to results/unsteady/checkpoints/best.pt
Saved PyTorch checkpoint to results/unsteady/checkpoints/best.pt
Saved PyTorch checkpoint to results/unsteady/checkpoints/best.pt
Saved PyTorch checkpoint to results/unsteady/checkpoints/best.pt
Saved PyTorch checkpoint to results/unsteady/checkpoints/best.pt
Saved PyTorch checkpoint to results/unsteady/checkpoints/best.pt
Adam 6700 | total=2.689e-02 f=5.128e-03 ic=2.089e-04 wall=7.581e-03 inlet=3.081e-03 outlet=8.587e-06 lr=5.000e-04
Saved PyTorch checkpoint to results/unsteady/checkpoints/best.pt
Saved PyTorch checkpoint to results/unsteady/checkpoints/best.pt
Saved PyTorch checkpoint to results/unsteady/checkpoints/best.pt
Saved PyTorch checkpoint to results/unsteady/checkpoints/best.pt
Adam 6800 | total=2.734e-02 f=5.550e-03 ic=2.141e-04 wall=7.482e-03 inlet=3.190e-03 outlet=9.046e-06 lr=5.000e-04
Saved PyTorch checkpoint to results/unsteady/checkpoints/best.pt
Saved PyTorch checkpoint to results/unsteady/checkpoints/best.pt
Saved PyTorch checkpoint to results/unsteady/checkpoints/best.pt
Adam 6900 | total=2.691e-02 f=5.380e-03 ic=1.888e-04 wall=7.572e-03 inlet=2.995e-03 outlet=9.136e-06 lr=5.000e-04
Saved PyTorch checkpoint to results/unsteady/checkpoints/best.pt
Saved PyTorch checkpoint to results/unsteady/checkpoints/best.pt
Saved PyTorch checkpoint to results/unsteady/checkpoints/best.pt
Adam 7000 | total=3.267e-02 f=9.001e-03 ic=3.358e-04 wall=9.438e-03 inlet=2.052e-03 outlet=9.322e-06 lr=5.000e-04
Saved PyTorch checkpoint to results/unsteady/checkpoints/latest.pt
Saved PyTorch checkpoint to results/unsteady/checkpoints/best.pt
Saved PyTorch checkpoint to results/unsteady/checkpoints/best.pt
Saved PyTorch checkpoint to results/unsteady/checkpoints/best.pt
Saved PyTorch checkpoint to results/unsteady/checkpoints/best.pt
Saved PyTorch checkpoint to results/unsteady/checkpoints/best.pt
Saved PyTorch checkpoint to results/unsteady/checkpoints/best.pt
Adam 7100 | total=2.551e-02 f=4.954e-03 ic=1.628e-04 wall=7.807e-03 inlet=2.297e-03 outlet=9.353e-06 lr=5.000e-04
Saved PyTorch checkpoint to results/unsteady/checkpoints/best.pt
Saved PyTorch checkpoint to results/unsteady/checkpoints/best.pt
Saved PyTorch checkpoint to results/unsteady/checkpoints/best.pt
Saved PyTorch checkpoint to results/unsteady/checkpoints/best.pt
Saved PyTorch checkpoint to results/unsteady/checkpoints/best.pt
Saved PyTorch checkpoint to results/unsteady/checkpoints/best.pt
Saved PyTorch checkpoint to results/unsteady/checkpoints/best.pt
Adam 7200 | total=2.559e-02 f=5.008e-03 ic=1.945e-04 wall=7.141e-03 inlet=2.947e-03 outlet=9.744e-06 lr=5.000e-04
Saved PyTorch checkpoint to results/unsteady/checkpoints/best.pt
Saved PyTorch checkpoint to results/unsteady/checkpoints/best.pt
Saved PyTorch checkpoint to results/unsteady/checkpoints/best.pt
Saved PyTorch checkpoint to results/unsteady/checkpoints/best.pt
Saved PyTorch checkpoint to results/unsteady/checkpoints/best.pt
Adam 7300 | total=2.555e-02 f=5.274e-03 ic=1.671e-04 wall=7.904e-03 inlet=2.057e-03 outlet=1.015e-05 lr=5.000e-04
Saved PyTorch checkpoint to results/unsteady/checkpoints/best.pt
Saved PyTorch checkpoint to results/unsteady/checkpoints/best.pt
Saved PyTorch checkpoint to results/unsteady/checkpoints/best.pt
Saved PyTorch checkpoint to results/unsteady/checkpoints/best.pt
Adam 7400 | total=2.517e-02 f=5.158e-03 ic=1.819e-04 wall=7.132e-03 inlet=2.682e-03 outlet=1.038e-05 lr=5.000e-04
Saved PyTorch checkpoint to results/unsteady/checkpoints/best.pt
Saved PyTorch checkpoint to results/unsteady/checkpoints/best.pt
Saved PyTorch checkpoint to results/unsteady/checkpoints/best.pt
Saved PyTorch checkpoint to results/unsteady/checkpoints/best.pt
Adam 7500 | total=2.444e-02 f=4.828e-03 ic=1.511e-04 wall=7.316e-03 inlet=2.327e-03 outlet=1.083e-05 lr=5.000e-04
Saved PyTorch checkpoint to results/unsteady/checkpoints/best.pt
Saved PyTorch checkpoint to results/unsteady/checkpoints/best.pt
Adam 7600 | total=2.434e-02 f=4.767e-03 ic=1.468e-04 wall=7.539e-03 inlet=2.089e-03 outlet=1.137e-05 lr=5.000e-04
Saved PyTorch checkpoint to results/unsteady/checkpoints/best.pt
Saved PyTorch checkpoint to results/unsteady/checkpoints/best.pt
Saved PyTorch checkpoint to results/unsteady/checkpoints/best.pt
Saved PyTorch checkpoint to results/unsteady/checkpoints/best.pt
Saved PyTorch checkpoint to results/unsteady/checkpoints/best.pt
Adam 7700 | total=3.154e-02 f=9.154e-03 ic=2.286e-04 wall=8.148e-03 inlet=2.800e-03 outlet=1.398e-05 lr=5.000e-04
Saved PyTorch checkpoint to results/unsteady/checkpoints/best.pt
Saved PyTorch checkpoint to results/unsteady/checkpoints/best.pt
Saved PyTorch checkpoint to results/unsteady/checkpoints/best.pt
Saved PyTorch checkpoint to results/unsteady/checkpoints/best.pt
Saved PyTorch checkpoint to results/unsteady/checkpoints/best.pt
Saved PyTorch checkpoint to results/unsteady/checkpoints/best.pt
Saved PyTorch checkpoint to results/unsteady/checkpoints/best.pt
Saved PyTorch checkpoint to results/unsteady/checkpoints/best.pt
Saved PyTorch checkpoint to results/unsteady/checkpoints/best.pt
Saved PyTorch checkpoint to results/unsteady/checkpoints/best.pt
Adam 7800 | total=2.427e-02 f=5.086e-03 ic=1.498e-04 wall=7.431e-03 inlet=1.997e-03 outlet=1.193e-05 lr=5.000e-04
Saved PyTorch checkpoint to results/unsteady/checkpoints/best.pt
Saved PyTorch checkpoint to results/unsteady/checkpoints/best.pt
Saved PyTorch checkpoint to results/unsteady/checkpoints/best.pt
Saved PyTorch checkpoint to results/unsteady/checkpoints/best.pt
Saved PyTorch checkpoint to results/unsteady/checkpoints/best.pt
Saved PyTorch checkpoint to results/unsteady/checkpoints/best.pt
Saved PyTorch checkpoint to results/unsteady/checkpoints/best.pt
Saved PyTorch checkpoint to results/unsteady/checkpoints/best.pt
Saved PyTorch checkpoint to results/unsteady/checkpoints/best.pt
Saved PyTorch checkpoint to results/unsteady/checkpoints/best.pt
Saved PyTorch checkpoint to results/unsteady/checkpoints/best.pt
Adam 7900 | total=2.329e-02 f=4.713e-03 ic=1.442e-04 wall=7.137e-03 inlet=1.997e-03 outlet=1.197e-05 lr=5.000e-04
Adam 8000 | total=2.376e-02 f=5.191e-03 ic=1.499e-04 wall=7.187e-03 inlet=1.933e-03 outlet=1.258e-05 lr=5.000e-04
Saved PyTorch checkpoint to results/unsteady/checkpoints/latest.pt
Saved PyTorch checkpoint to results/unsteady/checkpoints/best.pt
Saved PyTorch checkpoint to results/unsteady/checkpoints/best.pt
Saved PyTorch checkpoint to results/unsteady/checkpoints/best.pt
Saved PyTorch checkpoint to results/unsteady/checkpoints/best.pt
Saved PyTorch checkpoint to results/unsteady/checkpoints/best.pt
Saved PyTorch checkpoint to results/unsteady/checkpoints/best.pt
Saved PyTorch checkpoint to results/unsteady/checkpoints/best.pt
Adam 8100 | total=2.407e-02 f=4.952e-03 ic=1.477e-04 wall=6.806e-03 inlet=2.594e-03 outlet=1.297e-05 lr=5.000e-04
Saved PyTorch checkpoint to results/unsteady/checkpoints/best.pt
Saved PyTorch checkpoint to results/unsteady/checkpoints/best.pt
Saved PyTorch checkpoint to results/unsteady/checkpoints/best.pt
Saved PyTorch checkpoint to results/unsteady/checkpoints/best.pt
Saved PyTorch checkpoint to results/unsteady/checkpoints/best.pt
Saved PyTorch checkpoint to results/unsteady/checkpoints/best.pt
Saved PyTorch checkpoint to results/unsteady/checkpoints/best.pt
Saved PyTorch checkpoint to results/unsteady/checkpoints/best.pt
Saved PyTorch checkpoint to results/unsteady/checkpoints/best.pt
Saved PyTorch checkpoint to results/unsteady/checkpoints/best.pt
Saved PyTorch checkpoint to results/unsteady/checkpoints/best.pt
Saved PyTorch checkpoint to results/unsteady/checkpoints/best.pt
Saved PyTorch checkpoint to results/unsteady/checkpoints/best.pt
Saved PyTorch checkpoint to results/unsteady/checkpoints/best.pt
Saved PyTorch checkpoint to results/unsteady/checkpoints/best.pt
Saved PyTorch checkpoint to results/unsteady/checkpoints/best.pt
Saved PyTorch checkpoint to results/unsteady/checkpoints/best.pt
Saved PyTorch checkpoint to results/unsteady/checkpoints/best.pt
Saved PyTorch checkpoint to results/unsteady/checkpoints/best.pt
Saved PyTorch checkpoint to results/unsteady/checkpoints/best.pt
Saved PyTorch checkpoint to results/unsteady/checkpoints/best.pt
Saved PyTorch checkpoint to results/unsteady/checkpoints/best.pt
Saved PyTorch checkpoint to results/unsteady/checkpoints/best.pt
Saved PyTorch checkpoint to results/unsteady/checkpoints/best.pt
Saved PyTorch checkpoint to results/unsteady/checkpoints/best.pt
Saved PyTorch checkpoint to results/unsteady/checkpoints/best.pt
Saved PyTorch checkpoint to results/unsteady/checkpoints/best.pt
Saved PyTorch checkpoint to results/unsteady/checkpoints/best.pt
Saved PyTorch checkpoint to results/unsteady/checkpoints/best.pt
Saved PyTorch checkpoint to results/unsteady/checkpoints/best.pt
Saved PyTorch checkpoint to results/unsteady/checkpoints/best.pt
Saved PyTorch checkpoint to results/unsteady/checkpoints/best.pt
Adam 8200 | total=2.955e-02 f=8.797e-03 ic=2.857e-04 wall=5.977e-03 inlet=4.104e-03 outlet=1.222e-05 lr=5.000e-04
Saved PyTorch checkpoint to results/unsteady/checkpoints/best.pt
Saved PyTorch checkpoint to results/unsteady/checkpoints/best.pt
Saved PyTorch checkpoint to results/unsteady/checkpoints/best.pt
Saved PyTorch checkpoint to results/unsteady/checkpoints/best.pt
Saved PyTorch checkpoint to results/unsteady/checkpoints/best.pt
Saved PyTorch checkpoint to results/unsteady/checkpoints/best.pt
Adam 8300 | total=2.314e-02 f=4.963e-03 ic=1.510e-04 wall=7.269e-03 inlet=1.653e-03 outlet=1.323e-05 lr=5.000e-04
Saved PyTorch checkpoint to results/unsteady/checkpoints/best.pt
Saved PyTorch checkpoint to results/unsteady/checkpoints/best.pt
Saved PyTorch checkpoint to results/unsteady/checkpoints/best.pt
Saved PyTorch checkpoint to results/unsteady/checkpoints/best.pt
Saved PyTorch checkpoint to results/unsteady/checkpoints/best.pt
Saved PyTorch checkpoint to results/unsteady/checkpoints/best.pt
Saved PyTorch checkpoint to results/unsteady/checkpoints/best.pt
Saved PyTorch checkpoint to results/unsteady/checkpoints/best.pt
Saved PyTorch checkpoint to results/unsteady/checkpoints/best.pt
Saved PyTorch checkpoint to results/unsteady/checkpoints/best.pt
Saved PyTorch checkpoint to results/unsteady/checkpoints/best.pt
Adam 8400 | total=2.244e-02 f=4.840e-03 ic=1.581e-04 wall=6.382e-03 inlet=2.247e-03 outlet=1.277e-05 lr=5.000e-04
Saved PyTorch checkpoint to results/unsteady/checkpoints/best.pt
Saved PyTorch checkpoint to results/unsteady/checkpoints/best.pt
Adam 8500 | total=2.818e-02 f=8.799e-03 ic=2.187e-04 wall=6.380e-03 inlet=3.078e-03 outlet=1.295e-05 lr=5.000e-04
Saved PyTorch checkpoint to results/unsteady/checkpoints/best.pt
Saved PyTorch checkpoint to results/unsteady/checkpoints/best.pt
Saved PyTorch checkpoint to results/unsteady/checkpoints/best.pt
Adam 8600 | total=2.273e-02 f=4.829e-03 ic=1.846e-04 wall=6.009e-03 inlet=2.745e-03 outlet=1.296e-05 lr=5.000e-04
Saved PyTorch checkpoint to results/unsteady/checkpoints/best.pt
Saved PyTorch checkpoint to results/unsteady/checkpoints/best.pt
Saved PyTorch checkpoint to results/unsteady/checkpoints/best.pt
Saved PyTorch checkpoint to results/unsteady/checkpoints/best.pt
Adam 8700 | total=2.183e-02 f=4.823e-03 ic=1.376e-04 wall=6.446e-03 inlet=1.905e-03 outlet=1.314e-05 lr=5.000e-04
Saved PyTorch checkpoint to results/unsteady/checkpoints/best.pt
Saved PyTorch checkpoint to results/unsteady/checkpoints/best.pt
Saved PyTorch checkpoint to results/unsteady/checkpoints/best.pt
Saved PyTorch checkpoint to results/unsteady/checkpoints/best.pt
Saved PyTorch checkpoint to results/unsteady/checkpoints/best.pt
Adam 8800 | total=2.130e-02 f=4.627e-03 ic=1.470e-04 wall=6.076e-03 inlet=2.102e-03 outlet=1.285e-05 lr=5.000e-04
Saved PyTorch checkpoint to results/unsteady/checkpoints/best.pt
Saved PyTorch checkpoint to results/unsteady/checkpoints/best.pt
Saved PyTorch checkpoint to results/unsteady/checkpoints/best.pt
Saved PyTorch checkpoint to results/unsteady/checkpoints/best.pt
Saved PyTorch checkpoint to results/unsteady/checkpoints/best.pt
Adam 8900 | total=2.192e-02 f=4.825e-03 ic=1.795e-04 wall=5.697e-03 inlet=2.656e-03 outlet=1.325e-05 lr=5.000e-04
Saved PyTorch checkpoint to results/unsteady/checkpoints/best.pt
Saved PyTorch checkpoint to results/unsteady/checkpoints/best.pt
Saved PyTorch checkpoint to results/unsteady/checkpoints/best.pt
Saved PyTorch checkpoint to results/unsteady/checkpoints/best.pt
Saved PyTorch checkpoint to results/unsteady/checkpoints/best.pt
Saved PyTorch checkpoint to results/unsteady/checkpoints/best.pt
Saved PyTorch checkpoint to results/unsteady/checkpoints/best.pt
Adam 9000 | total=2.082e-02 f=4.593e-03 ic=1.401e-04 wall=6.046e-03 inlet=1.917e-03 outlet=1.250e-05 lr=5.000e-04
Saved PyTorch checkpoint to results/unsteady/checkpoints/latest.pt
Saved PyTorch checkpoint to results/unsteady/checkpoints/best.pt
Saved PyTorch checkpoint to results/unsteady/checkpoints/best.pt
Adam 9100 | total=2.045e-02 f=4.460e-03 ic=1.376e-04 wall=6.042e-03 inlet=1.805e-03 outlet=1.275e-05 lr=5.000e-04
Saved PyTorch checkpoint to results/unsteady/checkpoints/best.pt
Saved PyTorch checkpoint to results/unsteady/checkpoints/best.pt
Saved PyTorch checkpoint to results/unsteady/checkpoints/best.pt
Saved PyTorch checkpoint to results/unsteady/checkpoints/best.pt
Saved PyTorch checkpoint to results/unsteady/checkpoints/best.pt
Saved PyTorch checkpoint to results/unsteady/checkpoints/best.pt
Adam 9200 | total=2.308e-02 f=6.260e-03 ic=2.215e-04 wall=6.838e-03 inlet=1.337e-03 outlet=1.299e-05 lr=5.000e-04
Saved PyTorch checkpoint to results/unsteady/checkpoints/best.pt
Saved PyTorch checkpoint to results/unsteady/checkpoints/best.pt
Saved PyTorch checkpoint to results/unsteady/checkpoints/best.pt
Adam 9300 | total=2.335e-02 f=6.492e-03 ic=1.930e-04 wall=5.583e-03 inlet=2.643e-03 outlet=1.254e-05 lr=5.000e-04
Saved PyTorch checkpoint to results/unsteady/checkpoints/best.pt
Saved PyTorch checkpoint to results/unsteady/checkpoints/best.pt
Saved PyTorch checkpoint to results/unsteady/checkpoints/best.pt
Saved PyTorch checkpoint to results/unsteady/checkpoints/best.pt
Adam 9400 | total=1.995e-02 f=4.642e-03 ic=1.452e-04 wall=6.035e-03 inlet=1.462e-03 outlet=1.247e-05 lr=5.000e-04
Saved PyTorch checkpoint to results/unsteady/checkpoints/best.pt
Saved PyTorch checkpoint to results/unsteady/checkpoints/best.pt
Saved PyTorch checkpoint to results/unsteady/checkpoints/best.pt
Saved PyTorch checkpoint to results/unsteady/checkpoints/best.pt
Adam 9500 | total=2.006e-02 f=4.845e-03 ic=1.499e-04 wall=5.967e-03 inlet=1.479e-03 outlet=1.188e-05 lr=5.000e-04
Saved PyTorch checkpoint to results/unsteady/checkpoints/best.pt
Saved PyTorch checkpoint to results/unsteady/checkpoints/best.pt
Saved PyTorch checkpoint to results/unsteady/checkpoints/best.pt
Saved PyTorch checkpoint to results/unsteady/checkpoints/best.pt
Adam 9600 | total=1.897e-02 f=4.249e-03 ic=1.362e-04 wall=5.631e-03 inlet=1.580e-03 outlet=1.129e-05 lr=5.000e-04
Saved PyTorch checkpoint to results/unsteady/checkpoints/best.pt
Saved PyTorch checkpoint to results/unsteady/checkpoints/best.pt
Saved PyTorch checkpoint to results/unsteady/checkpoints/best.pt
Adam 9700 | total=2.065e-02 f=5.602e-03 ic=1.574e-04 wall=5.799e-03 inlet=1.555e-03 outlet=1.105e-05 lr=5.000e-04
Saved PyTorch checkpoint to results/unsteady/checkpoints/best.pt
Saved PyTorch checkpoint to results/unsteady/checkpoints/best.pt
Saved PyTorch checkpoint to results/unsteady/checkpoints/best.pt
Saved PyTorch checkpoint to results/unsteady/checkpoints/best.pt
Saved PyTorch checkpoint to results/unsteady/checkpoints/best.pt
Adam 9800 | total=2.107e-02 f=5.772e-03 ic=1.978e-04 wall=6.275e-03 inlet=1.163e-03 outlet=1.369e-05 lr=5.000e-04
Saved PyTorch checkpoint to results/unsteady/checkpoints/best.pt
Saved PyTorch checkpoint to results/unsteady/checkpoints/best.pt
Adam 9900 | total=3.161e-02 f=1.339e-02 ic=3.874e-04 wall=4.935e-03 inlet=3.775e-03 outlet=1.082e-05 lr=5.000e-04
Saved PyTorch checkpoint to results/unsteady/checkpoints/best.pt
Saved PyTorch checkpoint to results/unsteady/checkpoints/best.pt
Saved PyTorch checkpoint to results/unsteady/checkpoints/best.pt
Saved PyTorch checkpoint to results/unsteady/checkpoints/best.pt
Saved PyTorch checkpoint to results/unsteady/checkpoints/best.pt
Saved PyTorch checkpoint to results/unsteady/checkpoints/best.pt
Saved PyTorch checkpoint to results/unsteady/checkpoints/best.pt
Saved PyTorch checkpoint to results/unsteady/checkpoints/best.pt
Adam 10000 | total=1.837e-02 f=4.448e-03 ic=1.429e-04 wall=5.399e-03 inlet=1.409e-03 outlet=1.036e-05 lr=5.000e-04
Saved PyTorch checkpoint to results/unsteady/checkpoints/latest.pt
LBFGS 1 | total=1.844e-02 f=4.414e-03 ic=1.545e-04 wall=5.095e-03 inlet=1.754e-03 outlet=1.021e-05
LBFGS 100 | total=1.628e-02 f=5.143e-03 ic=1.772e-04 wall=4.202e-03 inlet=1.177e-03 outlet=1.037e-05
LBFGS 200 | total=1.478e-02 f=5.067e-03 ic=1.753e-04 wall=3.589e-03 inlet=1.082e-03 outlet=9.322e-06
LBFGS 300 | total=1.333e-02 f=5.201e-03 ic=1.984e-04 wall=2.967e-03 inlet=8.952e-04 outlet=5.642e-06
LBFGS 400 | total=1.221e-02 f=5.026e-03 ic=2.001e-04 wall=2.618e-03 inlet=7.670e-04 outlet=6.089e-06
LBFGS 500 | total=1.136e-02 f=4.940e-03 ic=1.795e-04 wall=2.319e-03 inlet=7.014e-04 outlet=8.326e-06
LBFGS 600 | total=1.069e-02 f=4.737e-03 ic=1.626e-04 wall=2.140e-03 inlet=6.646e-04 outlet=1.034e-05
LBFGS 700 | total=1.005e-02 f=4.769e-03 ic=1.595e-04 wall=1.873e-03 inlet=5.933e-04 outlet=1.262e-05
LBFGS 800 | total=9.528e-03 f=4.701e-03 ic=1.724e-04 wall=1.677e-03 inlet=5.543e-04 outlet=9.405e-06
LBFGS 900 | total=9.086e-03 f=4.744e-03 ic=1.370e-04 wall=1.556e-03 inlet=4.689e-04 outlet=9.184e-06
LBFGS 1000 | total=8.653e-03 f=4.726e-03 ic=1.244e-04 wall=1.403e-03 inlet=4.263e-04 outlet=9.842e-06
LBFGS 1100 | total=8.286e-03 f=4.604e-03 ic=1.172e-04 wall=1.308e-03 inlet=4.054e-04 outlet=1.033e-05
LBFGS 1200 | total=7.946e-03 f=4.540e-03 ic=1.036e-04 wall=1.188e-03 inlet=4.020e-04 outlet=8.868e-06
LBFGS 1300 | total=7.564e-03 f=4.465e-03 ic=7.981e-05 wall=1.105e-03 inlet=3.547e-04 outlet=9.589e-06
LBFGS 1400 | total=7.253e-03 f=4.425e-03 ic=7.070e-05 wall=1.017e-03 inlet=3.180e-04 outlet=8.756e-06
LBFGS 1500 | total=6.947e-03 f=4.332e-03 ic=5.350e-05 wall=9.517e-04 inlet=2.955e-04 outlet=6.835e-06
LBFGS 1600 | total=6.704e-03 f=4.209e-03 ic=4.989e-05 wall=8.992e-04 inlet=2.931e-04 outlet=5.140e-06
LBFGS 1700 | total=6.449e-03 f=4.040e-03 ic=4.969e-05 wall=8.690e-04 inlet=2.803e-04 outlet=5.944e-06
LBFGS 1800 | total=6.239e-03 f=4.040e-03 ic=5.068e-05 wall=7.870e-04 inlet=2.561e-04 outlet=6.027e-06
LBFGS 1900 | total=6.010e-03 f=3.909e-03 ic=4.932e-05 wall=7.533e-04 inlet=2.435e-04 outlet=4.735e-06
LBFGS 2000 | total=5.833e-03 f=3.884e-03 ic=4.905e-05 wall=7.013e-04 inlet=2.210e-04 outlet=3.188e-06
LBFGS 2100 | total=5.686e-03 f=3.864e-03 ic=4.463e-05 wall=6.641e-04 inlet=1.991e-04 outlet=3.083e-06
LBFGS 2200 | total=5.537e-03 f=3.813e-03 ic=3.749e-05 wall=6.285e-04 inlet=1.916e-04 outlet=4.186e-06
LBFGS 2300 | total=5.394e-03 f=3.748e-03 ic=3.164e-05 wall=6.114e-04 inlet=1.762e-04 outlet=3.705e-06
LBFGS 2400 | total=5.269e-03 f=3.693e-03 ic=2.876e-05 wall=5.944e-04 inlet=1.629e-04 outlet=1.833e-06
LBFGS 2500 | total=5.156e-03 f=3.622e-03 ic=2.939e-05 wall=5.870e-04 inlet=1.482e-04 outlet=2.408e-06
LBFGS 2600 | total=5.038e-03 f=3.538e-03 ic=3.057e-05 wall=5.775e-04 inlet=1.407e-04 outlet=1.434e-06
LBFGS 2700 | total=4.942e-03 f=3.467e-03 ic=3.091e-05 wall=5.677e-04 inlet=1.370e-04 outlet=1.928e-06
LBFGS 2800 | total=4.835e-03 f=3.430e-03 ic=2.413e-05 wall=5.497e-04 inlet=1.264e-04 outlet=2.335e-06
LBFGS 2900 | total=4.731e-03 f=3.383e-03 ic=2.111e-05 wall=5.357e-04 inlet=1.151e-04 outlet=2.153e-06
LBFGS 3000 | total=4.636e-03 f=3.333e-03 ic=2.052e-05 wall=5.215e-04 inlet=1.076e-04 outlet=1.892e-06
LBFGS 3100 | total=4.555e-03 f=3.257e-03 ic=2.012e-05 wall=5.229e-04 inlet=1.040e-04 outlet=2.161e-06
LBFGS 3200 | total=4.490e-03 f=3.208e-03 ic=1.859e-05 wall=5.204e-04 inlet=1.000e-04 outlet=2.245e-06
LBFGS 3300 | total=4.413e-03 f=3.162e-03 ic=1.725e-05 wall=5.118e-04 inlet=9.403e-05 outlet=2.342e-06
LBFGS 3400 | total=4.351e-03 f=3.121e-03 ic=1.619e-05 wall=5.020e-04 inlet=9.444e-05 outlet=2.638e-06
LBFGS 3500 | total=4.305e-03 f=3.097e-03 ic=1.518e-05 wall=4.961e-04 inlet=9.033e-05 outlet=2.394e-06
LBFGS 3600 | total=4.257e-03 f=3.070e-03 ic=1.400e-05 wall=4.898e-04 inlet=8.818e-05 outlet=1.753e-06
LBFGS 3700 | total=4.206e-03 f=3.023e-03 ic=1.220e-05 wall=4.919e-04 inlet=8.573e-05 outlet=1.647e-06
LBFGS 3800 | total=4.155e-03 f=3.015e-03 ic=1.232e-05 wall=4.704e-04 inlet=8.576e-05 outlet=1.491e-06
LBFGS 3900 | total=4.108e-03 f=3.000e-03 ic=1.170e-05 wall=4.578e-04 inlet=8.323e-05 outlet=1.268e-06
LBFGS 4000 | total=4.065e-03 f=2.992e-03 ic=1.001e-05 wall=4.463e-04 inlet=7.887e-05 outlet=1.172e-06
LBFGS 4100 | total=4.023e-03 f=2.970e-03 ic=9.276e-06 wall=4.379e-04 inlet=7.820e-05 outlet=1.138e-06
LBFGS 4200 | total=3.983e-03 f=2.963e-03 ic=9.455e-06 wall=4.259e-04 inlet=7.335e-05 outlet=1.060e-06
LBFGS 4300 | total=3.950e-03 f=2.932e-03 ic=8.573e-06 wall=4.253e-04 inlet=7.407e-05 outlet=8.809e-07
LBFGS 4400 | total=3.916e-03 f=2.912e-03 ic=8.807e-06 wall=4.185e-04 inlet=7.421e-05 outlet=6.971e-07
LBFGS 4500 | total=3.886e-03 f=2.914e-03 ic=8.673e-06 wall=4.054e-04 inlet=7.143e-05 outlet=8.393e-07
LBFGS 4600 | total=3.855e-03 f=2.900e-03 ic=8.671e-06 wall=3.996e-04 inlet=6.829e-05 outlet=9.204e-07
LBFGS 4700 | total=3.823e-03 f=2.877e-03 ic=8.584e-06 wall=3.994e-04 inlet=6.405e-05 outlet=8.871e-07
LBFGS 4800 | total=3.794e-03 f=2.859e-03 ic=8.769e-06 wall=3.966e-04 inlet=6.112e-05 outlet=8.213e-07
LBFGS 4900 | total=3.767e-03 f=2.837e-03 ic=8.632e-06 wall=3.950e-04 inlet=6.053e-05 outlet=8.705e-07
LBFGS 5000 | total=3.739e-03 f=2.816e-03 ic=8.806e-06 wall=3.941e-04 inlet=5.771e-05 outlet=8.785e-07
LBFGS 5100 | total=3.714e-03 f=2.797e-03 ic=8.883e-06 wall=3.937e-04 inlet=5.497e-05 outlet=7.676e-07
LBFGS 5200 | total=3.692e-03 f=2.784e-03 ic=9.057e-06 wall=3.888e-04 inlet=5.556e-05 outlet=8.682e-07
LBFGS 5300 | total=3.666e-03 f=2.764e-03 ic=9.487e-06 wall=3.878e-04 inlet=5.298e-05 outlet=1.048e-06
LBFGS 5400 | total=3.642e-03 f=2.755e-03 ic=9.233e-06 wall=3.811e-04 inlet=5.235e-05 outlet=9.711e-07
LBFGS 5500 | total=3.619e-03 f=2.745e-03 ic=9.007e-06 wall=3.735e-04 inlet=5.334e-05 outlet=1.049e-06
LBFGS 5600 | total=3.597e-03 f=2.739e-03 ic=8.683e-06 wall=3.696e-04 inlet=4.992e-05 outlet=9.906e-07
LBFGS 5700 | total=3.573e-03 f=2.718e-03 ic=7.860e-06 wall=3.702e-04 inlet=4.821e-05 outlet=1.017e-06
LBFGS 5800 | total=3.552e-03 f=2.705e-03 ic=7.541e-06 wall=3.676e-04 inlet=4.771e-05 outlet=9.333e-07
LBFGS 5900 | total=3.532e-03 f=2.696e-03 ic=7.743e-06 wall=3.609e-04 inlet=4.833e-05 outlet=9.725e-07
LBFGS 6000 | total=3.511e-03 f=2.685e-03 ic=7.154e-06 wall=3.574e-04 inlet=4.738e-05 outlet=1.025e-06
LBFGS 6100 | total=3.490e-03 f=2.676e-03 ic=7.333e-06 wall=3.531e-04 inlet=4.536e-05 outlet=1.053e-06
LBFGS 6200 | total=3.470e-03 f=2.644e-03 ic=7.156e-06 wall=3.578e-04 inlet=4.733e-05 outlet=1.069e-06
LBFGS 6300 | total=3.450e-03 f=2.620e-03 ic=7.247e-06 wall=3.602e-04 inlet=4.619e-05 outlet=1.181e-06
LBFGS 6400 | total=3.432e-03 f=2.612e-03 ic=7.512e-06 wall=3.555e-04 inlet=4.585e-05 outlet=1.101e-06
LBFGS 6500 | total=3.413e-03 f=2.600e-03 ic=7.765e-06 wall=3.522e-04 inlet=4.553e-05 outlet=1.054e-06
LBFGS 6600 | total=3.394e-03 f=2.592e-03 ic=8.451e-06 wall=3.480e-04 inlet=4.378e-05 outlet=1.078e-06
LBFGS 6700 | total=3.377e-03 f=2.594e-03 ic=8.120e-06 wall=3.419e-04 inlet=4.089e-05 outlet=9.446e-07
LBFGS 6800 | total=3.362e-03 f=2.580e-03 ic=8.008e-06 wall=3.399e-04 inlet=4.211e-05 outlet=9.297e-07
LBFGS 6900 | total=3.346e-03 f=2.578e-03 ic=7.304e-06 wall=3.351e-04 inlet=4.070e-05 outlet=8.192e-07
LBFGS 7000 | total=3.331e-03 f=2.570e-03 ic=7.310e-06 wall=3.304e-04 inlet=4.186e-05 outlet=7.465e-07
LBFGS 7100 | total=3.317e-03 f=2.560e-03 ic=7.229e-06 wall=3.294e-04 inlet=4.105e-05 outlet=6.803e-07
LBFGS 7200 | total=3.303e-03 f=2.548e-03 ic=7.805e-06 wall=3.257e-04 inlet=4.352e-05 outlet=6.911e-07
LBFGS 7300 | total=3.288e-03 f=2.545e-03 ic=7.553e-06 wall=3.217e-04 inlet=4.147e-05 outlet=7.560e-07
LBFGS 7400 | total=3.270e-03 f=2.535e-03 ic=7.438e-06 wall=3.176e-04 inlet=4.196e-05 outlet=6.667e-07
LBFGS 7500 | total=3.256e-03 f=2.530e-03 ic=7.532e-06 wall=3.151e-04 inlet=3.960e-05 outlet=6.697e-07
LBFGS 7600 | total=3.242e-03 f=2.525e-03 ic=7.498e-06 wall=3.092e-04 inlet=4.065e-05 outlet=7.637e-07
LBFGS 7700 | total=3.226e-03 f=2.527e-03 ic=7.364e-06 wall=3.045e-04 inlet=3.714e-05 outlet=7.776e-07
LBFGS 7800 | total=3.211e-03 f=2.521e-03 ic=7.058e-06 wall=3.001e-04 inlet=3.680e-05 outlet=8.944e-07
LBFGS 7900 | total=3.196e-03 f=2.509e-03 ic=6.782e-06 wall=2.983e-04 inlet=3.763e-05 outlet=9.772e-07
LBFGS 8000 | total=3.181e-03 f=2.499e-03 ic=6.535e-06 wall=2.960e-04 inlet=3.792e-05 outlet=8.209e-07
LBFGS 8100 | total=3.165e-03 f=2.487e-03 ic=6.592e-06 wall=2.949e-04 inlet=3.697e-05 outlet=8.364e-07
LBFGS 8200 | total=3.153e-03 f=2.477e-03 ic=6.490e-06 wall=2.928e-04 inlet=3.764e-05 outlet=8.588e-07
LBFGS 8300 | total=3.141e-03 f=2.469e-03 ic=6.465e-06 wall=2.909e-04 inlet=3.756e-05 outlet=8.696e-07
LBFGS 8400 | total=3.128e-03 f=2.464e-03 ic=6.038e-06 wall=2.872e-04 inlet=3.811e-05 outlet=6.491e-07
LBFGS 8500 | total=3.116e-03 f=2.459e-03 ic=5.806e-06 wall=2.848e-04 inlet=3.732e-05 outlet=5.976e-07
LBFGS 8600 | total=3.103e-03 f=2.447e-03 ic=5.920e-06 wall=2.861e-04 inlet=3.530e-05 outlet=6.338e-07
LBFGS 8700 | total=3.090e-03 f=2.441e-03 ic=6.026e-06 wall=2.830e-04 inlet=3.495e-05 outlet=6.520e-07
LBFGS 8800 | total=3.077e-03 f=2.432e-03 ic=6.033e-06 wall=2.811e-04 inlet=3.482e-05 outlet=5.979e-07
LBFGS 8900 | total=3.064e-03 f=2.423e-03 ic=6.098e-06 wall=2.794e-04 inlet=3.458e-05 outlet=5.446e-07
LBFGS 9000 | total=3.054e-03 f=2.421e-03 ic=6.457e-06 wall=2.754e-04 inlet=3.370e-05 outlet=5.585e-07
LBFGS 9100 | total=3.039e-03 f=2.412e-03 ic=6.408e-06 wall=2.729e-04 inlet=3.364e-05 outlet=5.477e-07
LBFGS 9200 | total=3.027e-03 f=2.409e-03 ic=6.669e-06 wall=2.683e-04 inlet=3.344e-05 outlet=5.371e-07
LBFGS 9300 | total=3.014e-03 f=2.404e-03 ic=6.560e-06 wall=2.650e-04 inlet=3.265e-05 outlet=5.583e-07
LBFGS 9400 | total=3.000e-03 f=2.396e-03 ic=6.696e-06 wall=2.628e-04 inlet=3.233e-05 outlet=6.088e-07
LBFGS 9500 | total=2.986e-03 f=2.380e-03 ic=7.010e-06 wall=2.624e-04 inlet=3.303e-05 outlet=5.984e-07
LBFGS 9600 | total=2.972e-03 f=2.368e-03 ic=6.938e-06 wall=2.619e-04 inlet=3.245e-05 outlet=4.962e-07
LBFGS 9700 | total=2.958e-03 f=2.364e-03 ic=6.905e-06 wall=2.574e-04 inlet=3.228e-05 outlet=4.100e-07
LBFGS 9800 | total=2.945e-03 f=2.347e-03 ic=6.775e-06 wall=2.580e-04 inlet=3.390e-05 outlet=4.052e-07
LBFGS 9900 | total=2.933e-03 f=2.349e-03 ic=6.586e-06 wall=2.528e-04 inlet=3.218e-05 outlet=4.632e-07
LBFGS 10000 | total=2.921e-03 f=2.349e-03 ic=6.548e-06 wall=2.474e-04 inlet=3.178e-05 outlet=4.415e-07
--- 2343.21 seconds ---
Traceback (most recent call last):
  File "/workspace/ECE228_PINN/src/pinn_laminar_flow/unsteady.py", line 640, in <module>
    main()
  File "/workspace/ECE228_PINN/src/pinn_laminar_flow/unsteady.py", line 561, in main
    last_iter = int(history[-1]["iter"]) if history else (start_iter - 1)
                    ~~~~~~~~~~~^^^^^^^^
KeyError: 'iter'
