=== Starting unsteady PINN training ===
    Adam 10k (lr=5e-4) + L-BFGS 100k function evals
    β: wall=5 inlet=5 outlet=1 ic=1
    IC: u=v=p=0
    N_g: 100k LHS collocation points

Using device: cuda
Adam 1 | total=1.041e+01 f=5.596e+00 ic=6.128e-01 wall=5.611e-01 inlet=2.458e-01 outlet=1.713e-01 lr=5.000e-04
Saved PyTorch checkpoint to results/unsteady/checkpoints/best.pt
Saved PyTorch checkpoint to results/unsteady/checkpoints/best.pt
Saved PyTorch checkpoint to results/unsteady/checkpoints/best.pt
Saved PyTorch checkpoint to results/unsteady/checkpoints/best.pt
Saved PyTorch checkpoint to results/unsteady/checkpoints/best.pt
Saved PyTorch checkpoint to results/unsteady/checkpoints/best.pt
Saved PyTorch checkpoint to results/unsteady/checkpoints/best.pt
Saved PyTorch checkpoint to results/unsteady/checkpoints/best.pt
Saved PyTorch checkpoint to results/unsteady/checkpoints/best.pt
Saved PyTorch checkpoint to results/unsteady/checkpoints/best.pt
Saved PyTorch checkpoint to results/unsteady/checkpoints/best.pt
Saved PyTorch checkpoint to results/unsteady/checkpoints/best.pt
Saved PyTorch checkpoint to results/unsteady/checkpoints/best.pt
Saved PyTorch checkpoint to results/unsteady/checkpoints/best.pt
Saved PyTorch checkpoint to results/unsteady/checkpoints/best.pt
Saved PyTorch checkpoint to results/unsteady/checkpoints/best.pt
Saved PyTorch checkpoint to results/unsteady/checkpoints/best.pt
Saved PyTorch checkpoint to results/unsteady/checkpoints/best.pt
Saved PyTorch checkpoint to results/unsteady/checkpoints/best.pt
Saved PyTorch checkpoint to results/unsteady/checkpoints/best.pt
Saved PyTorch checkpoint to results/unsteady/checkpoints/best.pt
Saved PyTorch checkpoint to results/unsteady/checkpoints/best.pt
Saved PyTorch checkpoint to results/unsteady/checkpoints/best.pt
Saved PyTorch checkpoint to results/unsteady/checkpoints/best.pt
Saved PyTorch checkpoint to results/unsteady/checkpoints/best.pt
Saved PyTorch checkpoint to results/unsteady/checkpoints/best.pt
Saved PyTorch checkpoint to results/unsteady/checkpoints/best.pt
Saved PyTorch checkpoint to results/unsteady/checkpoints/best.pt
Saved PyTorch checkpoint to results/unsteady/checkpoints/best.pt
Saved PyTorch checkpoint to results/unsteady/checkpoints/best.pt
Saved PyTorch checkpoint to results/unsteady/checkpoints/best.pt
Saved PyTorch checkpoint to results/unsteady/checkpoints/best.pt
Saved PyTorch checkpoint to results/unsteady/checkpoints/best.pt
Saved PyTorch checkpoint to results/unsteady/checkpoints/best.pt
Saved PyTorch checkpoint to results/unsteady/checkpoints/best.pt
Saved PyTorch checkpoint to results/unsteady/checkpoints/best.pt
Saved PyTorch checkpoint to results/unsteady/checkpoints/best.pt
Saved PyTorch checkpoint to results/unsteady/checkpoints/best.pt
Saved PyTorch checkpoint to results/unsteady/checkpoints/best.pt
Saved PyTorch checkpoint to results/unsteady/checkpoints/best.pt
Saved PyTorch checkpoint to results/unsteady/checkpoints/best.pt
Saved PyTorch checkpoint to results/unsteady/checkpoints/best.pt
Saved PyTorch checkpoint to results/unsteady/checkpoints/best.pt
Saved PyTorch checkpoint to results/unsteady/checkpoints/best.pt
Saved PyTorch checkpoint to results/unsteady/checkpoints/best.pt
Saved PyTorch checkpoint to results/unsteady/checkpoints/best.pt
Saved PyTorch checkpoint to results/unsteady/checkpoints/best.pt
Saved PyTorch checkpoint to results/unsteady/checkpoints/best.pt
Saved PyTorch checkpoint to results/unsteady/checkpoints/best.pt
Saved PyTorch checkpoint to results/unsteady/checkpoints/best.pt
Saved PyTorch checkpoint to results/unsteady/checkpoints/best.pt
Saved PyTorch checkpoint to results/unsteady/checkpoints/best.pt
Saved PyTorch checkpoint to results/unsteady/checkpoints/best.pt
Saved PyTorch checkpoint to results/unsteady/checkpoints/best.pt
Saved PyTorch checkpoint to results/unsteady/checkpoints/best.pt
Saved PyTorch checkpoint to results/unsteady/checkpoints/best.pt
Saved PyTorch checkpoint to results/unsteady/checkpoints/best.pt
Saved PyTorch checkpoint to results/unsteady/checkpoints/best.pt
Saved PyTorch checkpoint to results/unsteady/checkpoints/best.pt
Saved PyTorch checkpoint to results/unsteady/checkpoints/best.pt
Saved PyTorch checkpoint to results/unsteady/checkpoints/best.pt
Saved PyTorch checkpoint to results/unsteady/checkpoints/best.pt
Saved PyTorch checkpoint to results/unsteady/checkpoints/best.pt
Saved PyTorch checkpoint to results/unsteady/checkpoints/best.pt
Saved PyTorch checkpoint to results/unsteady/checkpoints/best.pt
Saved PyTorch checkpoint to results/unsteady/checkpoints/best.pt
Saved PyTorch checkpoint to results/unsteady/checkpoints/best.pt
Saved PyTorch checkpoint to results/unsteady/checkpoints/best.pt
Saved PyTorch checkpoint to results/unsteady/checkpoints/best.pt
Saved PyTorch checkpoint to results/unsteady/checkpoints/best.pt
Saved PyTorch checkpoint to results/unsteady/checkpoints/best.pt
Saved PyTorch checkpoint to results/unsteady/checkpoints/best.pt
Saved PyTorch checkpoint to results/unsteady/checkpoints/best.pt
Saved PyTorch checkpoint to results/unsteady/checkpoints/best.pt
Saved PyTorch checkpoint to results/unsteady/checkpoints/best.pt
Saved PyTorch checkpoint to results/unsteady/checkpoints/best.pt
Saved PyTorch checkpoint to results/unsteady/checkpoints/best.pt
Saved PyTorch checkpoint to results/unsteady/checkpoints/best.pt
Saved PyTorch checkpoint to results/unsteady/checkpoints/best.pt
Saved PyTorch checkpoint to results/unsteady/checkpoints/best.pt
Saved PyTorch checkpoint to results/unsteady/checkpoints/best.pt
Adam 100 | total=4.380e-01 f=4.535e-02 ic=7.970e-03 wall=3.092e-02 inlet=4.586e-02 outlet=7.942e-04 lr=5.000e-04
Saved PyTorch checkpoint to results/unsteady/checkpoints/best.pt
Saved PyTorch checkpoint to results/unsteady/checkpoints/best.pt
Saved PyTorch checkpoint to results/unsteady/checkpoints/best.pt
Saved PyTorch checkpoint to results/unsteady/checkpoints/best.pt
Saved PyTorch checkpoint to results/unsteady/checkpoints/best.pt
Saved PyTorch checkpoint to results/unsteady/checkpoints/best.pt
Saved PyTorch checkpoint to results/unsteady/checkpoints/best.pt
Saved PyTorch checkpoint to results/unsteady/checkpoints/best.pt
Saved PyTorch checkpoint to results/unsteady/checkpoints/best.pt
Saved PyTorch checkpoint to results/unsteady/checkpoints/best.pt
Saved PyTorch checkpoint to results/unsteady/checkpoints/best.pt
Saved PyTorch checkpoint to results/unsteady/checkpoints/best.pt
Saved PyTorch checkpoint to results/unsteady/checkpoints/best.pt
Saved PyTorch checkpoint to results/unsteady/checkpoints/best.pt
Saved PyTorch checkpoint to results/unsteady/checkpoints/best.pt
Saved PyTorch checkpoint to results/unsteady/checkpoints/best.pt
Saved PyTorch checkpoint to results/unsteady/checkpoints/best.pt
Saved PyTorch checkpoint to results/unsteady/checkpoints/best.pt
Saved PyTorch checkpoint to results/unsteady/checkpoints/best.pt
Saved PyTorch checkpoint to results/unsteady/checkpoints/best.pt
Saved PyTorch checkpoint to results/unsteady/checkpoints/best.pt
Saved PyTorch checkpoint to results/unsteady/checkpoints/best.pt
Saved PyTorch checkpoint to results/unsteady/checkpoints/best.pt
Saved PyTorch checkpoint to results/unsteady/checkpoints/best.pt
Saved PyTorch checkpoint to results/unsteady/checkpoints/best.pt
Saved PyTorch checkpoint to results/unsteady/checkpoints/best.pt
Saved PyTorch checkpoint to results/unsteady/checkpoints/best.pt
Saved PyTorch checkpoint to results/unsteady/checkpoints/best.pt
Saved PyTorch checkpoint to results/unsteady/checkpoints/best.pt
Saved PyTorch checkpoint to results/unsteady/checkpoints/best.pt
Saved PyTorch checkpoint to results/unsteady/checkpoints/best.pt
Saved PyTorch checkpoint to results/unsteady/checkpoints/best.pt
Saved PyTorch checkpoint to results/unsteady/checkpoints/best.pt
Saved PyTorch checkpoint to results/unsteady/checkpoints/best.pt
Saved PyTorch checkpoint to results/unsteady/checkpoints/best.pt
Saved PyTorch checkpoint to results/unsteady/checkpoints/best.pt
Saved PyTorch checkpoint to results/unsteady/checkpoints/best.pt
Saved PyTorch checkpoint to results/unsteady/checkpoints/best.pt
Saved PyTorch checkpoint to results/unsteady/checkpoints/best.pt
Saved PyTorch checkpoint to results/unsteady/checkpoints/best.pt
Saved PyTorch checkpoint to results/unsteady/checkpoints/best.pt
Saved PyTorch checkpoint to results/unsteady/checkpoints/best.pt
Saved PyTorch checkpoint to results/unsteady/checkpoints/best.pt
Saved PyTorch checkpoint to results/unsteady/checkpoints/best.pt
Saved PyTorch checkpoint to results/unsteady/checkpoints/best.pt
Saved PyTorch checkpoint to results/unsteady/checkpoints/best.pt
Saved PyTorch checkpoint to results/unsteady/checkpoints/best.pt
Saved PyTorch checkpoint to results/unsteady/checkpoints/best.pt
Saved PyTorch checkpoint to results/unsteady/checkpoints/best.pt
Saved PyTorch checkpoint to results/unsteady/checkpoints/best.pt
Saved PyTorch checkpoint to results/unsteady/checkpoints/best.pt
Saved PyTorch checkpoint to results/unsteady/checkpoints/best.pt
Saved PyTorch checkpoint to results/unsteady/checkpoints/best.pt
Saved PyTorch checkpoint to results/unsteady/checkpoints/best.pt
Saved PyTorch checkpoint to results/unsteady/checkpoints/best.pt
Saved PyTorch checkpoint to results/unsteady/checkpoints/best.pt
Saved PyTorch checkpoint to results/unsteady/checkpoints/best.pt
Saved PyTorch checkpoint to results/unsteady/checkpoints/best.pt
Saved PyTorch checkpoint to results/unsteady/checkpoints/best.pt
Saved PyTorch checkpoint to results/unsteady/checkpoints/best.pt
Saved PyTorch checkpoint to results/unsteady/checkpoints/best.pt
Saved PyTorch checkpoint to results/unsteady/checkpoints/best.pt
Saved PyTorch checkpoint to results/unsteady/checkpoints/best.pt
Saved PyTorch checkpoint to results/unsteady/checkpoints/best.pt
Saved PyTorch checkpoint to results/unsteady/checkpoints/best.pt
Saved PyTorch checkpoint to results/unsteady/checkpoints/best.pt
Saved PyTorch checkpoint to results/unsteady/checkpoints/best.pt
Saved PyTorch checkpoint to results/unsteady/checkpoints/best.pt
Saved PyTorch checkpoint to results/unsteady/checkpoints/best.pt
Saved PyTorch checkpoint to results/unsteady/checkpoints/best.pt
Saved PyTorch checkpoint to results/unsteady/checkpoints/best.pt
Saved PyTorch checkpoint to results/unsteady/checkpoints/best.pt
Saved PyTorch checkpoint to results/unsteady/checkpoints/best.pt
Saved PyTorch checkpoint to results/unsteady/checkpoints/best.pt
Saved PyTorch checkpoint to results/unsteady/checkpoints/best.pt
Saved PyTorch checkpoint to results/unsteady/checkpoints/best.pt
Saved PyTorch checkpoint to results/unsteady/checkpoints/best.pt
Saved PyTorch checkpoint to results/unsteady/checkpoints/best.pt
Saved PyTorch checkpoint to results/unsteady/checkpoints/best.pt
Saved PyTorch checkpoint to results/unsteady/checkpoints/best.pt
Saved PyTorch checkpoint to results/unsteady/checkpoints/best.pt
Saved PyTorch checkpoint to results/unsteady/checkpoints/best.pt
Saved PyTorch checkpoint to results/unsteady/checkpoints/best.pt
Saved PyTorch checkpoint to results/unsteady/checkpoints/best.pt
Saved PyTorch checkpoint to results/unsteady/checkpoints/best.pt
Saved PyTorch checkpoint to results/unsteady/checkpoints/best.pt
Saved PyTorch checkpoint to results/unsteady/checkpoints/best.pt
Saved PyTorch checkpoint to results/unsteady/checkpoints/best.pt
Saved PyTorch checkpoint to results/unsteady/checkpoints/best.pt
Saved PyTorch checkpoint to results/unsteady/checkpoints/best.pt
Saved PyTorch checkpoint to results/unsteady/checkpoints/best.pt
Saved PyTorch checkpoint to results/unsteady/checkpoints/best.pt
Saved PyTorch checkpoint to results/unsteady/checkpoints/best.pt
Saved PyTorch checkpoint to results/unsteady/checkpoints/best.pt
Saved PyTorch checkpoint to results/unsteady/checkpoints/best.pt
Saved PyTorch checkpoint to results/unsteady/checkpoints/best.pt
Saved PyTorch checkpoint to results/unsteady/checkpoints/best.pt
Saved PyTorch checkpoint to results/unsteady/checkpoints/best.pt
Saved PyTorch checkpoint to results/unsteady/checkpoints/best.pt
Saved PyTorch checkpoint to results/unsteady/checkpoints/best.pt
Adam 200 | total=3.861e-01 f=2.855e-02 ic=4.645e-03 wall=3.097e-02 inlet=3.960e-02 outlet=6.613e-05 lr=5.000e-04
Saved PyTorch checkpoint to results/unsteady/checkpoints/best.pt
Saved PyTorch checkpoint to results/unsteady/checkpoints/best.pt
Saved PyTorch checkpoint to results/unsteady/checkpoints/best.pt
Saved PyTorch checkpoint to results/unsteady/checkpoints/best.pt
Saved PyTorch checkpoint to results/unsteady/checkpoints/best.pt
Saved PyTorch checkpoint to results/unsteady/checkpoints/best.pt
Saved PyTorch checkpoint to results/unsteady/checkpoints/best.pt
Saved PyTorch checkpoint to results/unsteady/checkpoints/best.pt
Saved PyTorch checkpoint to results/unsteady/checkpoints/best.pt
Saved PyTorch checkpoint to results/unsteady/checkpoints/best.pt
Saved PyTorch checkpoint to results/unsteady/checkpoints/best.pt
Saved PyTorch checkpoint to results/unsteady/checkpoints/best.pt
Saved PyTorch checkpoint to results/unsteady/checkpoints/best.pt
Saved PyTorch checkpoint to results/unsteady/checkpoints/best.pt
Saved PyTorch checkpoint to results/unsteady/checkpoints/best.pt
Saved PyTorch checkpoint to results/unsteady/checkpoints/best.pt
Saved PyTorch checkpoint to results/unsteady/checkpoints/best.pt
Saved PyTorch checkpoint to results/unsteady/checkpoints/best.pt
Saved PyTorch checkpoint to results/unsteady/checkpoints/best.pt
Saved PyTorch checkpoint to results/unsteady/checkpoints/best.pt
Saved PyTorch checkpoint to results/unsteady/checkpoints/best.pt
Saved PyTorch checkpoint to results/unsteady/checkpoints/best.pt
Saved PyTorch checkpoint to results/unsteady/checkpoints/best.pt
Saved PyTorch checkpoint to results/unsteady/checkpoints/best.pt
Saved PyTorch checkpoint to results/unsteady/checkpoints/best.pt
Saved PyTorch checkpoint to results/unsteady/checkpoints/best.pt
Saved PyTorch checkpoint to results/unsteady/checkpoints/best.pt
Saved PyTorch checkpoint to results/unsteady/checkpoints/best.pt
Saved PyTorch checkpoint to results/unsteady/checkpoints/best.pt
Saved PyTorch checkpoint to results/unsteady/checkpoints/best.pt
Saved PyTorch checkpoint to results/unsteady/checkpoints/best.pt
Saved PyTorch checkpoint to results/unsteady/checkpoints/best.pt
Saved PyTorch checkpoint to results/unsteady/checkpoints/best.pt
Saved PyTorch checkpoint to results/unsteady/checkpoints/best.pt
Saved PyTorch checkpoint to results/unsteady/checkpoints/best.pt
Saved PyTorch checkpoint to results/unsteady/checkpoints/best.pt
Saved PyTorch checkpoint to results/unsteady/checkpoints/best.pt
Saved PyTorch checkpoint to results/unsteady/checkpoints/best.pt
Saved PyTorch checkpoint to results/unsteady/checkpoints/best.pt
Saved PyTorch checkpoint to results/unsteady/checkpoints/best.pt
Saved PyTorch checkpoint to results/unsteady/checkpoints/best.pt
Saved PyTorch checkpoint to results/unsteady/checkpoints/best.pt
Saved PyTorch checkpoint to results/unsteady/checkpoints/best.pt
Saved PyTorch checkpoint to results/unsteady/checkpoints/best.pt
Saved PyTorch checkpoint to results/unsteady/checkpoints/best.pt
Saved PyTorch checkpoint to results/unsteady/checkpoints/best.pt
Saved PyTorch checkpoint to results/unsteady/checkpoints/best.pt
Saved PyTorch checkpoint to results/unsteady/checkpoints/best.pt
Saved PyTorch checkpoint to results/unsteady/checkpoints/best.pt
Saved PyTorch checkpoint to results/unsteady/checkpoints/best.pt
Saved PyTorch checkpoint to results/unsteady/checkpoints/best.pt
Saved PyTorch checkpoint to results/unsteady/checkpoints/best.pt
Saved PyTorch checkpoint to results/unsteady/checkpoints/best.pt
Saved PyTorch checkpoint to results/unsteady/checkpoints/best.pt
Saved PyTorch checkpoint to results/unsteady/checkpoints/best.pt
Saved PyTorch checkpoint to results/unsteady/checkpoints/best.pt
Saved PyTorch checkpoint to results/unsteady/checkpoints/best.pt
Saved PyTorch checkpoint to results/unsteady/checkpoints/best.pt
Saved PyTorch checkpoint to results/unsteady/checkpoints/best.pt
Saved PyTorch checkpoint to results/unsteady/checkpoints/best.pt
Saved PyTorch checkpoint to results/unsteady/checkpoints/best.pt
Saved PyTorch checkpoint to results/unsteady/checkpoints/best.pt
Saved PyTorch checkpoint to results/unsteady/checkpoints/best.pt
Saved PyTorch checkpoint to results/unsteady/checkpoints/best.pt
Saved PyTorch checkpoint to results/unsteady/checkpoints/best.pt
Saved PyTorch checkpoint to results/unsteady/checkpoints/best.pt
Saved PyTorch checkpoint to results/unsteady/checkpoints/best.pt
Saved PyTorch checkpoint to results/unsteady/checkpoints/best.pt
Saved PyTorch checkpoint to results/unsteady/checkpoints/best.pt
Saved PyTorch checkpoint to results/unsteady/checkpoints/best.pt
Saved PyTorch checkpoint to results/unsteady/checkpoints/best.pt
Saved PyTorch checkpoint to results/unsteady/checkpoints/best.pt
Saved PyTorch checkpoint to results/unsteady/checkpoints/best.pt
Saved PyTorch checkpoint to results/unsteady/checkpoints/best.pt
Saved PyTorch checkpoint to results/unsteady/checkpoints/best.pt
Saved PyTorch checkpoint to results/unsteady/checkpoints/best.pt
Saved PyTorch checkpoint to results/unsteady/checkpoints/best.pt
Saved PyTorch checkpoint to results/unsteady/checkpoints/best.pt
Saved PyTorch checkpoint to results/unsteady/checkpoints/best.pt
Saved PyTorch checkpoint to results/unsteady/checkpoints/best.pt
Saved PyTorch checkpoint to results/unsteady/checkpoints/best.pt
Saved PyTorch checkpoint to results/unsteady/checkpoints/best.pt
Saved PyTorch checkpoint to results/unsteady/checkpoints/best.pt
Saved PyTorch checkpoint to results/unsteady/checkpoints/best.pt
Saved PyTorch checkpoint to results/unsteady/checkpoints/best.pt
Saved PyTorch checkpoint to results/unsteady/checkpoints/best.pt
Saved PyTorch checkpoint to results/unsteady/checkpoints/best.pt
Saved PyTorch checkpoint to results/unsteady/checkpoints/best.pt
Saved PyTorch checkpoint to results/unsteady/checkpoints/best.pt
Saved PyTorch checkpoint to results/unsteady/checkpoints/best.pt
Saved PyTorch checkpoint to results/unsteady/checkpoints/best.pt
Saved PyTorch checkpoint to results/unsteady/checkpoints/best.pt
Saved PyTorch checkpoint to results/unsteady/checkpoints/best.pt
Saved PyTorch checkpoint to results/unsteady/checkpoints/best.pt
Saved PyTorch checkpoint to results/unsteady/checkpoints/best.pt
Saved PyTorch checkpoint to results/unsteady/checkpoints/best.pt
Saved PyTorch checkpoint to results/unsteady/checkpoints/best.pt
Saved PyTorch checkpoint to results/unsteady/checkpoints/best.pt
Saved PyTorch checkpoint to results/unsteady/checkpoints/best.pt
Saved PyTorch checkpoint to results/unsteady/checkpoints/best.pt
Adam 300 | total=3.550e-01 f=2.055e-02 ic=3.896e-03 wall=3.026e-02 inlet=3.583e-02 outlet=1.011e-04 lr=5.000e-04
Saved PyTorch checkpoint to results/unsteady/checkpoints/best.pt
Saved PyTorch checkpoint to results/unsteady/checkpoints/best.pt
Saved PyTorch checkpoint to results/unsteady/checkpoints/best.pt
Saved PyTorch checkpoint to results/unsteady/checkpoints/best.pt
Saved PyTorch checkpoint to results/unsteady/checkpoints/best.pt
Saved PyTorch checkpoint to results/unsteady/checkpoints/best.pt
Saved PyTorch checkpoint to results/unsteady/checkpoints/best.pt
Saved PyTorch checkpoint to results/unsteady/checkpoints/best.pt
Saved PyTorch checkpoint to results/unsteady/checkpoints/best.pt
Saved PyTorch checkpoint to results/unsteady/checkpoints/best.pt
Saved PyTorch checkpoint to results/unsteady/checkpoints/best.pt
Saved PyTorch checkpoint to results/unsteady/checkpoints/best.pt
Saved PyTorch checkpoint to results/unsteady/checkpoints/best.pt
Saved PyTorch checkpoint to results/unsteady/checkpoints/best.pt
Saved PyTorch checkpoint to results/unsteady/checkpoints/best.pt
Saved PyTorch checkpoint to results/unsteady/checkpoints/best.pt
Saved PyTorch checkpoint to results/unsteady/checkpoints/best.pt
Saved PyTorch checkpoint to results/unsteady/checkpoints/best.pt
Saved PyTorch checkpoint to results/unsteady/checkpoints/best.pt
Saved PyTorch checkpoint to results/unsteady/checkpoints/best.pt
Saved PyTorch checkpoint to results/unsteady/checkpoints/best.pt
Saved PyTorch checkpoint to results/unsteady/checkpoints/best.pt
Saved PyTorch checkpoint to results/unsteady/checkpoints/best.pt
Saved PyTorch checkpoint to results/unsteady/checkpoints/best.pt
Saved PyTorch checkpoint to results/unsteady/checkpoints/best.pt
Saved PyTorch checkpoint to results/unsteady/checkpoints/best.pt
Saved PyTorch checkpoint to results/unsteady/checkpoints/best.pt
Saved PyTorch checkpoint to results/unsteady/checkpoints/best.pt
Saved PyTorch checkpoint to results/unsteady/checkpoints/best.pt
Saved PyTorch checkpoint to results/unsteady/checkpoints/best.pt
Saved PyTorch checkpoint to results/unsteady/checkpoints/best.pt
Saved PyTorch checkpoint to results/unsteady/checkpoints/best.pt
Saved PyTorch checkpoint to results/unsteady/checkpoints/best.pt
Saved PyTorch checkpoint to results/unsteady/checkpoints/best.pt
Saved PyTorch checkpoint to results/unsteady/checkpoints/best.pt
Saved PyTorch checkpoint to results/unsteady/checkpoints/best.pt
Saved PyTorch checkpoint to results/unsteady/checkpoints/best.pt
Saved PyTorch checkpoint to results/unsteady/checkpoints/best.pt
Saved PyTorch checkpoint to results/unsteady/checkpoints/best.pt
Saved PyTorch checkpoint to results/unsteady/checkpoints/best.pt
Saved PyTorch checkpoint to results/unsteady/checkpoints/best.pt
Saved PyTorch checkpoint to results/unsteady/checkpoints/best.pt
Saved PyTorch checkpoint to results/unsteady/checkpoints/best.pt
Saved PyTorch checkpoint to results/unsteady/checkpoints/best.pt
Saved PyTorch checkpoint to results/unsteady/checkpoints/best.pt
Saved PyTorch checkpoint to results/unsteady/checkpoints/best.pt
Saved PyTorch checkpoint to results/unsteady/checkpoints/best.pt
Saved PyTorch checkpoint to results/unsteady/checkpoints/best.pt
Saved PyTorch checkpoint to results/unsteady/checkpoints/best.pt
Saved PyTorch checkpoint to results/unsteady/checkpoints/best.pt
Saved PyTorch checkpoint to results/unsteady/checkpoints/best.pt
Saved PyTorch checkpoint to results/unsteady/checkpoints/best.pt
Saved PyTorch checkpoint to results/unsteady/checkpoints/best.pt
Saved PyTorch checkpoint to results/unsteady/checkpoints/best.pt
Saved PyTorch checkpoint to results/unsteady/checkpoints/best.pt
Saved PyTorch checkpoint to results/unsteady/checkpoints/best.pt
Saved PyTorch checkpoint to results/unsteady/checkpoints/best.pt
Saved PyTorch checkpoint to results/unsteady/checkpoints/best.pt
Saved PyTorch checkpoint to results/unsteady/checkpoints/best.pt
Saved PyTorch checkpoint to results/unsteady/checkpoints/best.pt
Saved PyTorch checkpoint to results/unsteady/checkpoints/best.pt
Saved PyTorch checkpoint to results/unsteady/checkpoints/best.pt
Saved PyTorch checkpoint to results/unsteady/checkpoints/best.pt
Saved PyTorch checkpoint to results/unsteady/checkpoints/best.pt
Saved PyTorch checkpoint to results/unsteady/checkpoints/best.pt
Saved PyTorch checkpoint to results/unsteady/checkpoints/best.pt
Saved PyTorch checkpoint to results/unsteady/checkpoints/best.pt
Saved PyTorch checkpoint to results/unsteady/checkpoints/best.pt
Saved PyTorch checkpoint to results/unsteady/checkpoints/best.pt
Saved PyTorch checkpoint to results/unsteady/checkpoints/best.pt
Saved PyTorch checkpoint to results/unsteady/checkpoints/best.pt
Saved PyTorch checkpoint to results/unsteady/checkpoints/best.pt
Saved PyTorch checkpoint to results/unsteady/checkpoints/best.pt
Saved PyTorch checkpoint to results/unsteady/checkpoints/best.pt
Saved PyTorch checkpoint to results/unsteady/checkpoints/best.pt
Saved PyTorch checkpoint to results/unsteady/checkpoints/best.pt
Saved PyTorch checkpoint to results/unsteady/checkpoints/best.pt
Saved PyTorch checkpoint to results/unsteady/checkpoints/best.pt
Saved PyTorch checkpoint to results/unsteady/checkpoints/best.pt
Saved PyTorch checkpoint to results/unsteady/checkpoints/best.pt
Saved PyTorch checkpoint to results/unsteady/checkpoints/best.pt
Saved PyTorch checkpoint to results/unsteady/checkpoints/best.pt
Saved PyTorch checkpoint to results/unsteady/checkpoints/best.pt
Saved PyTorch checkpoint to results/unsteady/checkpoints/best.pt
Saved PyTorch checkpoint to results/unsteady/checkpoints/best.pt
Saved PyTorch checkpoint to results/unsteady/checkpoints/best.pt
Saved PyTorch checkpoint to results/unsteady/checkpoints/best.pt
Saved PyTorch checkpoint to results/unsteady/checkpoints/best.pt
Saved PyTorch checkpoint to results/unsteady/checkpoints/best.pt
Saved PyTorch checkpoint to results/unsteady/checkpoints/best.pt
Saved PyTorch checkpoint to results/unsteady/checkpoints/best.pt
Saved PyTorch checkpoint to results/unsteady/checkpoints/best.pt
Saved PyTorch checkpoint to results/unsteady/checkpoints/best.pt
Saved PyTorch checkpoint to results/unsteady/checkpoints/best.pt
Saved PyTorch checkpoint to results/unsteady/checkpoints/best.pt
Saved PyTorch checkpoint to results/unsteady/checkpoints/best.pt
Saved PyTorch checkpoint to results/unsteady/checkpoints/best.pt
Saved PyTorch checkpoint to results/unsteady/checkpoints/best.pt
Saved PyTorch checkpoint to results/unsteady/checkpoints/best.pt
Saved PyTorch checkpoint to results/unsteady/checkpoints/best.pt
Adam 400 | total=3.284e-01 f=1.569e-02 ic=3.063e-03 wall=2.884e-02 inlet=3.306e-02 outlet=1.505e-04 lr=5.000e-04
Saved PyTorch checkpoint to results/unsteady/checkpoints/best.pt
Saved PyTorch checkpoint to results/unsteady/checkpoints/best.pt
Saved PyTorch checkpoint to results/unsteady/checkpoints/best.pt
Saved PyTorch checkpoint to results/unsteady/checkpoints/best.pt
Saved PyTorch checkpoint to results/unsteady/checkpoints/best.pt
Saved PyTorch checkpoint to results/unsteady/checkpoints/best.pt
Saved PyTorch checkpoint to results/unsteady/checkpoints/best.pt
Saved PyTorch checkpoint to results/unsteady/checkpoints/best.pt
Saved PyTorch checkpoint to results/unsteady/checkpoints/best.pt
Saved PyTorch checkpoint to results/unsteady/checkpoints/best.pt
Saved PyTorch checkpoint to results/unsteady/checkpoints/best.pt
Saved PyTorch checkpoint to results/unsteady/checkpoints/best.pt
Saved PyTorch checkpoint to results/unsteady/checkpoints/best.pt
Saved PyTorch checkpoint to results/unsteady/checkpoints/best.pt
Saved PyTorch checkpoint to results/unsteady/checkpoints/best.pt
Saved PyTorch checkpoint to results/unsteady/checkpoints/best.pt
Saved PyTorch checkpoint to results/unsteady/checkpoints/best.pt
Saved PyTorch checkpoint to results/unsteady/checkpoints/best.pt
Saved PyTorch checkpoint to results/unsteady/checkpoints/best.pt
Saved PyTorch checkpoint to results/unsteady/checkpoints/best.pt
Saved PyTorch checkpoint to results/unsteady/checkpoints/best.pt
Saved PyTorch checkpoint to results/unsteady/checkpoints/best.pt
Saved PyTorch checkpoint to results/unsteady/checkpoints/best.pt
Saved PyTorch checkpoint to results/unsteady/checkpoints/best.pt
Saved PyTorch checkpoint to results/unsteady/checkpoints/best.pt
Saved PyTorch checkpoint to results/unsteady/checkpoints/best.pt
Saved PyTorch checkpoint to results/unsteady/checkpoints/best.pt
Saved PyTorch checkpoint to results/unsteady/checkpoints/best.pt
Saved PyTorch checkpoint to results/unsteady/checkpoints/best.pt
Saved PyTorch checkpoint to results/unsteady/checkpoints/best.pt
Saved PyTorch checkpoint to results/unsteady/checkpoints/best.pt
Saved PyTorch checkpoint to results/unsteady/checkpoints/best.pt
Saved PyTorch checkpoint to results/unsteady/checkpoints/best.pt
Saved PyTorch checkpoint to results/unsteady/checkpoints/best.pt
Saved PyTorch checkpoint to results/unsteady/checkpoints/best.pt
Saved PyTorch checkpoint to results/unsteady/checkpoints/best.pt
Saved PyTorch checkpoint to results/unsteady/checkpoints/best.pt
Saved PyTorch checkpoint to results/unsteady/checkpoints/best.pt
Saved PyTorch checkpoint to results/unsteady/checkpoints/best.pt
Saved PyTorch checkpoint to results/unsteady/checkpoints/best.pt
Saved PyTorch checkpoint to results/unsteady/checkpoints/best.pt
Saved PyTorch checkpoint to results/unsteady/checkpoints/best.pt
Saved PyTorch checkpoint to results/unsteady/checkpoints/best.pt
Saved PyTorch checkpoint to results/unsteady/checkpoints/best.pt
Saved PyTorch checkpoint to results/unsteady/checkpoints/best.pt
Saved PyTorch checkpoint to results/unsteady/checkpoints/best.pt
Saved PyTorch checkpoint to results/unsteady/checkpoints/best.pt
Saved PyTorch checkpoint to results/unsteady/checkpoints/best.pt
Saved PyTorch checkpoint to results/unsteady/checkpoints/best.pt
Saved PyTorch checkpoint to results/unsteady/checkpoints/best.pt
Saved PyTorch checkpoint to results/unsteady/checkpoints/best.pt
Saved PyTorch checkpoint to results/unsteady/checkpoints/best.pt
Saved PyTorch checkpoint to results/unsteady/checkpoints/best.pt
Saved PyTorch checkpoint to results/unsteady/checkpoints/best.pt
Saved PyTorch checkpoint to results/unsteady/checkpoints/best.pt
Saved PyTorch checkpoint to results/unsteady/checkpoints/best.pt
Saved PyTorch checkpoint to results/unsteady/checkpoints/best.pt
Saved PyTorch checkpoint to results/unsteady/checkpoints/best.pt
Saved PyTorch checkpoint to results/unsteady/checkpoints/best.pt
Saved PyTorch checkpoint to results/unsteady/checkpoints/best.pt
Saved PyTorch checkpoint to results/unsteady/checkpoints/best.pt
Saved PyTorch checkpoint to results/unsteady/checkpoints/best.pt
Saved PyTorch checkpoint to results/unsteady/checkpoints/best.pt
Saved PyTorch checkpoint to results/unsteady/checkpoints/best.pt
Saved PyTorch checkpoint to results/unsteady/checkpoints/best.pt
Saved PyTorch checkpoint to results/unsteady/checkpoints/best.pt
Saved PyTorch checkpoint to results/unsteady/checkpoints/best.pt
Saved PyTorch checkpoint to results/unsteady/checkpoints/best.pt
Saved PyTorch checkpoint to results/unsteady/checkpoints/best.pt
Saved PyTorch checkpoint to results/unsteady/checkpoints/best.pt
Saved PyTorch checkpoint to results/unsteady/checkpoints/best.pt
Saved PyTorch checkpoint to results/unsteady/checkpoints/best.pt
Saved PyTorch checkpoint to results/unsteady/checkpoints/best.pt
Saved PyTorch checkpoint to results/unsteady/checkpoints/best.pt
Saved PyTorch checkpoint to results/unsteady/checkpoints/best.pt
Saved PyTorch checkpoint to results/unsteady/checkpoints/best.pt
Saved PyTorch checkpoint to results/unsteady/checkpoints/best.pt
Saved PyTorch checkpoint to results/unsteady/checkpoints/best.pt
Saved PyTorch checkpoint to results/unsteady/checkpoints/best.pt
Saved PyTorch checkpoint to results/unsteady/checkpoints/best.pt
Saved PyTorch checkpoint to results/unsteady/checkpoints/best.pt
Saved PyTorch checkpoint to results/unsteady/checkpoints/best.pt
Saved PyTorch checkpoint to results/unsteady/checkpoints/best.pt
Saved PyTorch checkpoint to results/unsteady/checkpoints/best.pt
Saved PyTorch checkpoint to results/unsteady/checkpoints/best.pt
Saved PyTorch checkpoint to results/unsteady/checkpoints/best.pt
Saved PyTorch checkpoint to results/unsteady/checkpoints/best.pt
Saved PyTorch checkpoint to results/unsteady/checkpoints/best.pt
Saved PyTorch checkpoint to results/unsteady/checkpoints/best.pt
Saved PyTorch checkpoint to results/unsteady/checkpoints/best.pt
Saved PyTorch checkpoint to results/unsteady/checkpoints/best.pt
Saved PyTorch checkpoint to results/unsteady/checkpoints/best.pt
Saved PyTorch checkpoint to results/unsteady/checkpoints/best.pt
Saved PyTorch checkpoint to results/unsteady/checkpoints/best.pt
Saved PyTorch checkpoint to results/unsteady/checkpoints/best.pt
Saved PyTorch checkpoint to results/unsteady/checkpoints/best.pt
Saved PyTorch checkpoint to results/unsteady/checkpoints/best.pt
Saved PyTorch checkpoint to results/unsteady/checkpoints/best.pt
Saved PyTorch checkpoint to results/unsteady/checkpoints/best.pt
Saved PyTorch checkpoint to results/unsteady/checkpoints/best.pt
Adam 500 | total=3.054e-01 f=1.395e-02 ic=2.129e-03 wall=2.725e-02 inlet=3.057e-02 outlet=2.093e-04 lr=5.000e-04
Saved PyTorch checkpoint to results/unsteady/checkpoints/best.pt
Saved PyTorch checkpoint to results/unsteady/checkpoints/best.pt
Saved PyTorch checkpoint to results/unsteady/checkpoints/best.pt
Saved PyTorch checkpoint to results/unsteady/checkpoints/best.pt
Saved PyTorch checkpoint to results/unsteady/checkpoints/best.pt
Saved PyTorch checkpoint to results/unsteady/checkpoints/best.pt
Saved PyTorch checkpoint to results/unsteady/checkpoints/best.pt
Saved PyTorch checkpoint to results/unsteady/checkpoints/best.pt
Saved PyTorch checkpoint to results/unsteady/checkpoints/best.pt
Saved PyTorch checkpoint to results/unsteady/checkpoints/best.pt
Saved PyTorch checkpoint to results/unsteady/checkpoints/best.pt
Saved PyTorch checkpoint to results/unsteady/checkpoints/best.pt
Saved PyTorch checkpoint to results/unsteady/checkpoints/best.pt
Saved PyTorch checkpoint to results/unsteady/checkpoints/best.pt
Saved PyTorch checkpoint to results/unsteady/checkpoints/best.pt
Saved PyTorch checkpoint to results/unsteady/checkpoints/best.pt
Saved PyTorch checkpoint to results/unsteady/checkpoints/best.pt
Saved PyTorch checkpoint to results/unsteady/checkpoints/best.pt
Saved PyTorch checkpoint to results/unsteady/checkpoints/best.pt
Saved PyTorch checkpoint to results/unsteady/checkpoints/best.pt
Saved PyTorch checkpoint to results/unsteady/checkpoints/best.pt
Saved PyTorch checkpoint to results/unsteady/checkpoints/best.pt
Saved PyTorch checkpoint to results/unsteady/checkpoints/best.pt
Saved PyTorch checkpoint to results/unsteady/checkpoints/best.pt
Saved PyTorch checkpoint to results/unsteady/checkpoints/best.pt
Saved PyTorch checkpoint to results/unsteady/checkpoints/best.pt
Saved PyTorch checkpoint to results/unsteady/checkpoints/best.pt
Saved PyTorch checkpoint to results/unsteady/checkpoints/best.pt
Saved PyTorch checkpoint to results/unsteady/checkpoints/best.pt
Saved PyTorch checkpoint to results/unsteady/checkpoints/best.pt
Saved PyTorch checkpoint to results/unsteady/checkpoints/best.pt
Saved PyTorch checkpoint to results/unsteady/checkpoints/best.pt
Saved PyTorch checkpoint to results/unsteady/checkpoints/best.pt
Saved PyTorch checkpoint to results/unsteady/checkpoints/best.pt
Saved PyTorch checkpoint to results/unsteady/checkpoints/best.pt
Saved PyTorch checkpoint to results/unsteady/checkpoints/best.pt
Saved PyTorch checkpoint to results/unsteady/checkpoints/best.pt
Saved PyTorch checkpoint to results/unsteady/checkpoints/best.pt
Saved PyTorch checkpoint to results/unsteady/checkpoints/best.pt
Saved PyTorch checkpoint to results/unsteady/checkpoints/best.pt
Saved PyTorch checkpoint to results/unsteady/checkpoints/best.pt
Saved PyTorch checkpoint to results/unsteady/checkpoints/best.pt
Saved PyTorch checkpoint to results/unsteady/checkpoints/best.pt
Saved PyTorch checkpoint to results/unsteady/checkpoints/best.pt
Saved PyTorch checkpoint to results/unsteady/checkpoints/best.pt
Saved PyTorch checkpoint to results/unsteady/checkpoints/best.pt
Saved PyTorch checkpoint to results/unsteady/checkpoints/best.pt
Saved PyTorch checkpoint to results/unsteady/checkpoints/best.pt
Saved PyTorch checkpoint to results/unsteady/checkpoints/best.pt
Saved PyTorch checkpoint to results/unsteady/checkpoints/best.pt
Saved PyTorch checkpoint to results/unsteady/checkpoints/best.pt
Saved PyTorch checkpoint to results/unsteady/checkpoints/best.pt
Saved PyTorch checkpoint to results/unsteady/checkpoints/best.pt
Saved PyTorch checkpoint to results/unsteady/checkpoints/best.pt
Saved PyTorch checkpoint to results/unsteady/checkpoints/best.pt
Saved PyTorch checkpoint to results/unsteady/checkpoints/best.pt
Saved PyTorch checkpoint to results/unsteady/checkpoints/best.pt
Saved PyTorch checkpoint to results/unsteady/checkpoints/best.pt
Saved PyTorch checkpoint to results/unsteady/checkpoints/best.pt
Saved PyTorch checkpoint to results/unsteady/checkpoints/best.pt
Saved PyTorch checkpoint to results/unsteady/checkpoints/best.pt
Saved PyTorch checkpoint to results/unsteady/checkpoints/best.pt
Saved PyTorch checkpoint to results/unsteady/checkpoints/best.pt
Saved PyTorch checkpoint to results/unsteady/checkpoints/best.pt
Saved PyTorch checkpoint to results/unsteady/checkpoints/best.pt
Saved PyTorch checkpoint to results/unsteady/checkpoints/best.pt
Saved PyTorch checkpoint to results/unsteady/checkpoints/best.pt
Saved PyTorch checkpoint to results/unsteady/checkpoints/best.pt
Saved PyTorch checkpoint to results/unsteady/checkpoints/best.pt
Saved PyTorch checkpoint to results/unsteady/checkpoints/best.pt
Saved PyTorch checkpoint to results/unsteady/checkpoints/best.pt
Saved PyTorch checkpoint to results/unsteady/checkpoints/best.pt
Saved PyTorch checkpoint to results/unsteady/checkpoints/best.pt
Saved PyTorch checkpoint to results/unsteady/checkpoints/best.pt
Saved PyTorch checkpoint to results/unsteady/checkpoints/best.pt
Saved PyTorch checkpoint to results/unsteady/checkpoints/best.pt
Saved PyTorch checkpoint to results/unsteady/checkpoints/best.pt
Saved PyTorch checkpoint to results/unsteady/checkpoints/best.pt
Saved PyTorch checkpoint to results/unsteady/checkpoints/best.pt
Saved PyTorch checkpoint to results/unsteady/checkpoints/best.pt
Saved PyTorch checkpoint to results/unsteady/checkpoints/best.pt
Saved PyTorch checkpoint to results/unsteady/checkpoints/best.pt
Saved PyTorch checkpoint to results/unsteady/checkpoints/best.pt
Saved PyTorch checkpoint to results/unsteady/checkpoints/best.pt
Saved PyTorch checkpoint to results/unsteady/checkpoints/best.pt
Saved PyTorch checkpoint to results/unsteady/checkpoints/best.pt
Saved PyTorch checkpoint to results/unsteady/checkpoints/best.pt
Saved PyTorch checkpoint to results/unsteady/checkpoints/best.pt
Saved PyTorch checkpoint to results/unsteady/checkpoints/best.pt
Saved PyTorch checkpoint to results/unsteady/checkpoints/best.pt
Saved PyTorch checkpoint to results/unsteady/checkpoints/best.pt
Saved PyTorch checkpoint to results/unsteady/checkpoints/best.pt
Saved PyTorch checkpoint to results/unsteady/checkpoints/best.pt
Saved PyTorch checkpoint to results/unsteady/checkpoints/best.pt
Saved PyTorch checkpoint to results/unsteady/checkpoints/best.pt
Saved PyTorch checkpoint to results/unsteady/checkpoints/best.pt
Saved PyTorch checkpoint to results/unsteady/checkpoints/best.pt
Saved PyTorch checkpoint to results/unsteady/checkpoints/best.pt
Saved PyTorch checkpoint to results/unsteady/checkpoints/best.pt
Saved PyTorch checkpoint to results/unsteady/checkpoints/best.pt
Adam 600 | total=2.884e-01 f=1.355e-02 ic=1.478e-03 wall=2.582e-02 inlet=2.880e-02 outlet=2.231e-04 lr=5.000e-04
Saved PyTorch checkpoint to results/unsteady/checkpoints/best.pt
Saved PyTorch checkpoint to results/unsteady/checkpoints/best.pt
Saved PyTorch checkpoint to results/unsteady/checkpoints/best.pt
Saved PyTorch checkpoint to results/unsteady/checkpoints/best.pt
Saved PyTorch checkpoint to results/unsteady/checkpoints/best.pt
Saved PyTorch checkpoint to results/unsteady/checkpoints/best.pt
Saved PyTorch checkpoint to results/unsteady/checkpoints/best.pt
Saved PyTorch checkpoint to results/unsteady/checkpoints/best.pt
Saved PyTorch checkpoint to results/unsteady/checkpoints/best.pt
Saved PyTorch checkpoint to results/unsteady/checkpoints/best.pt
Saved PyTorch checkpoint to results/unsteady/checkpoints/best.pt
Saved PyTorch checkpoint to results/unsteady/checkpoints/best.pt
Saved PyTorch checkpoint to results/unsteady/checkpoints/best.pt
Saved PyTorch checkpoint to results/unsteady/checkpoints/best.pt
Saved PyTorch checkpoint to results/unsteady/checkpoints/best.pt
Saved PyTorch checkpoint to results/unsteady/checkpoints/best.pt
Saved PyTorch checkpoint to results/unsteady/checkpoints/best.pt
Saved PyTorch checkpoint to results/unsteady/checkpoints/best.pt
Saved PyTorch checkpoint to results/unsteady/checkpoints/best.pt
Saved PyTorch checkpoint to results/unsteady/checkpoints/best.pt
Saved PyTorch checkpoint to results/unsteady/checkpoints/best.pt
Saved PyTorch checkpoint to results/unsteady/checkpoints/best.pt
Saved PyTorch checkpoint to results/unsteady/checkpoints/best.pt
Saved PyTorch checkpoint to results/unsteady/checkpoints/best.pt
Saved PyTorch checkpoint to results/unsteady/checkpoints/best.pt
Saved PyTorch checkpoint to results/unsteady/checkpoints/best.pt
Saved PyTorch checkpoint to results/unsteady/checkpoints/best.pt
Saved PyTorch checkpoint to results/unsteady/checkpoints/best.pt
Saved PyTorch checkpoint to results/unsteady/checkpoints/best.pt
Saved PyTorch checkpoint to results/unsteady/checkpoints/best.pt
Saved PyTorch checkpoint to results/unsteady/checkpoints/best.pt
Saved PyTorch checkpoint to results/unsteady/checkpoints/best.pt
Saved PyTorch checkpoint to results/unsteady/checkpoints/best.pt
Saved PyTorch checkpoint to results/unsteady/checkpoints/best.pt
Saved PyTorch checkpoint to results/unsteady/checkpoints/best.pt
Saved PyTorch checkpoint to results/unsteady/checkpoints/best.pt
Saved PyTorch checkpoint to results/unsteady/checkpoints/best.pt
Saved PyTorch checkpoint to results/unsteady/checkpoints/best.pt
Saved PyTorch checkpoint to results/unsteady/checkpoints/best.pt
Saved PyTorch checkpoint to results/unsteady/checkpoints/best.pt
Saved PyTorch checkpoint to results/unsteady/checkpoints/best.pt
Saved PyTorch checkpoint to results/unsteady/checkpoints/best.pt
Saved PyTorch checkpoint to results/unsteady/checkpoints/best.pt
Saved PyTorch checkpoint to results/unsteady/checkpoints/best.pt
Saved PyTorch checkpoint to results/unsteady/checkpoints/best.pt
Saved PyTorch checkpoint to results/unsteady/checkpoints/best.pt
Saved PyTorch checkpoint to results/unsteady/checkpoints/best.pt
Saved PyTorch checkpoint to results/unsteady/checkpoints/best.pt
Saved PyTorch checkpoint to results/unsteady/checkpoints/best.pt
Saved PyTorch checkpoint to results/unsteady/checkpoints/best.pt
Saved PyTorch checkpoint to results/unsteady/checkpoints/best.pt
Saved PyTorch checkpoint to results/unsteady/checkpoints/best.pt
Saved PyTorch checkpoint to results/unsteady/checkpoints/best.pt
Saved PyTorch checkpoint to results/unsteady/checkpoints/best.pt
Saved PyTorch checkpoint to results/unsteady/checkpoints/best.pt
Saved PyTorch checkpoint to results/unsteady/checkpoints/best.pt
Saved PyTorch checkpoint to results/unsteady/checkpoints/best.pt
Saved PyTorch checkpoint to results/unsteady/checkpoints/best.pt
Saved PyTorch checkpoint to results/unsteady/checkpoints/best.pt
Saved PyTorch checkpoint to results/unsteady/checkpoints/best.pt
Saved PyTorch checkpoint to results/unsteady/checkpoints/best.pt
Saved PyTorch checkpoint to results/unsteady/checkpoints/best.pt
Saved PyTorch checkpoint to results/unsteady/checkpoints/best.pt
Saved PyTorch checkpoint to results/unsteady/checkpoints/best.pt
Saved PyTorch checkpoint to results/unsteady/checkpoints/best.pt
Saved PyTorch checkpoint to results/unsteady/checkpoints/best.pt
Saved PyTorch checkpoint to results/unsteady/checkpoints/best.pt
Saved PyTorch checkpoint to results/unsteady/checkpoints/best.pt
Saved PyTorch checkpoint to results/unsteady/checkpoints/best.pt
Saved PyTorch checkpoint to results/unsteady/checkpoints/best.pt
Saved PyTorch checkpoint to results/unsteady/checkpoints/best.pt
Saved PyTorch checkpoint to results/unsteady/checkpoints/best.pt
Saved PyTorch checkpoint to results/unsteady/checkpoints/best.pt
Saved PyTorch checkpoint to results/unsteady/checkpoints/best.pt
Saved PyTorch checkpoint to results/unsteady/checkpoints/best.pt
Saved PyTorch checkpoint to results/unsteady/checkpoints/best.pt
Saved PyTorch checkpoint to results/unsteady/checkpoints/best.pt
Saved PyTorch checkpoint to results/unsteady/checkpoints/best.pt
Saved PyTorch checkpoint to results/unsteady/checkpoints/best.pt
Saved PyTorch checkpoint to results/unsteady/checkpoints/best.pt
Saved PyTorch checkpoint to results/unsteady/checkpoints/best.pt
Saved PyTorch checkpoint to results/unsteady/checkpoints/best.pt
Saved PyTorch checkpoint to results/unsteady/checkpoints/best.pt
Saved PyTorch checkpoint to results/unsteady/checkpoints/best.pt
Saved PyTorch checkpoint to results/unsteady/checkpoints/best.pt
Saved PyTorch checkpoint to results/unsteady/checkpoints/best.pt
Saved PyTorch checkpoint to results/unsteady/checkpoints/best.pt
Saved PyTorch checkpoint to results/unsteady/checkpoints/best.pt
Saved PyTorch checkpoint to results/unsteady/checkpoints/best.pt
Saved PyTorch checkpoint to results/unsteady/checkpoints/best.pt
Saved PyTorch checkpoint to results/unsteady/checkpoints/best.pt
Saved PyTorch checkpoint to results/unsteady/checkpoints/best.pt
Saved PyTorch checkpoint to results/unsteady/checkpoints/best.pt
Saved PyTorch checkpoint to results/unsteady/checkpoints/best.pt
Saved PyTorch checkpoint to results/unsteady/checkpoints/best.pt
Saved PyTorch checkpoint to results/unsteady/checkpoints/best.pt
Saved PyTorch checkpoint to results/unsteady/checkpoints/best.pt
Saved PyTorch checkpoint to results/unsteady/checkpoints/best.pt
Saved PyTorch checkpoint to results/unsteady/checkpoints/best.pt
Saved PyTorch checkpoint to results/unsteady/checkpoints/best.pt
Adam 700 | total=2.764e-01 f=1.338e-02 ic=1.184e-03 wall=2.477e-02 inlet=2.756e-02 outlet=2.216e-04 lr=5.000e-04
Saved PyTorch checkpoint to results/unsteady/checkpoints/best.pt
Saved PyTorch checkpoint to results/unsteady/checkpoints/best.pt
Saved PyTorch checkpoint to results/unsteady/checkpoints/best.pt
Saved PyTorch checkpoint to results/unsteady/checkpoints/best.pt
Saved PyTorch checkpoint to results/unsteady/checkpoints/best.pt
Saved PyTorch checkpoint to results/unsteady/checkpoints/best.pt
Saved PyTorch checkpoint to results/unsteady/checkpoints/best.pt
Saved PyTorch checkpoint to results/unsteady/checkpoints/best.pt
Saved PyTorch checkpoint to results/unsteady/checkpoints/best.pt
Saved PyTorch checkpoint to results/unsteady/checkpoints/best.pt
Saved PyTorch checkpoint to results/unsteady/checkpoints/best.pt
Saved PyTorch checkpoint to results/unsteady/checkpoints/best.pt
Saved PyTorch checkpoint to results/unsteady/checkpoints/best.pt
Saved PyTorch checkpoint to results/unsteady/checkpoints/best.pt
Saved PyTorch checkpoint to results/unsteady/checkpoints/best.pt
Saved PyTorch checkpoint to results/unsteady/checkpoints/best.pt
Saved PyTorch checkpoint to results/unsteady/checkpoints/best.pt
Saved PyTorch checkpoint to results/unsteady/checkpoints/best.pt
Saved PyTorch checkpoint to results/unsteady/checkpoints/best.pt
Saved PyTorch checkpoint to results/unsteady/checkpoints/best.pt
Saved PyTorch checkpoint to results/unsteady/checkpoints/best.pt
Saved PyTorch checkpoint to results/unsteady/checkpoints/best.pt
Saved PyTorch checkpoint to results/unsteady/checkpoints/best.pt
Saved PyTorch checkpoint to results/unsteady/checkpoints/best.pt
Saved PyTorch checkpoint to results/unsteady/checkpoints/best.pt
Saved PyTorch checkpoint to results/unsteady/checkpoints/best.pt
Saved PyTorch checkpoint to results/unsteady/checkpoints/best.pt
Saved PyTorch checkpoint to results/unsteady/checkpoints/best.pt
Saved PyTorch checkpoint to results/unsteady/checkpoints/best.pt
Saved PyTorch checkpoint to results/unsteady/checkpoints/best.pt
Saved PyTorch checkpoint to results/unsteady/checkpoints/best.pt
Saved PyTorch checkpoint to results/unsteady/checkpoints/best.pt
Saved PyTorch checkpoint to results/unsteady/checkpoints/best.pt
Saved PyTorch checkpoint to results/unsteady/checkpoints/best.pt
Saved PyTorch checkpoint to results/unsteady/checkpoints/best.pt
Saved PyTorch checkpoint to results/unsteady/checkpoints/best.pt
Saved PyTorch checkpoint to results/unsteady/checkpoints/best.pt
Saved PyTorch checkpoint to results/unsteady/checkpoints/best.pt
Saved PyTorch checkpoint to results/unsteady/checkpoints/best.pt
Saved PyTorch checkpoint to results/unsteady/checkpoints/best.pt
Saved PyTorch checkpoint to results/unsteady/checkpoints/best.pt
Saved PyTorch checkpoint to results/unsteady/checkpoints/best.pt
Saved PyTorch checkpoint to results/unsteady/checkpoints/best.pt
Saved PyTorch checkpoint to results/unsteady/checkpoints/best.pt
Saved PyTorch checkpoint to results/unsteady/checkpoints/best.pt
Saved PyTorch checkpoint to results/unsteady/checkpoints/best.pt
Saved PyTorch checkpoint to results/unsteady/checkpoints/best.pt
Saved PyTorch checkpoint to results/unsteady/checkpoints/best.pt
Saved PyTorch checkpoint to results/unsteady/checkpoints/best.pt
Saved PyTorch checkpoint to results/unsteady/checkpoints/best.pt
Saved PyTorch checkpoint to results/unsteady/checkpoints/best.pt
Saved PyTorch checkpoint to results/unsteady/checkpoints/best.pt
Saved PyTorch checkpoint to results/unsteady/checkpoints/best.pt
Saved PyTorch checkpoint to results/unsteady/checkpoints/best.pt
Saved PyTorch checkpoint to results/unsteady/checkpoints/best.pt
Saved PyTorch checkpoint to results/unsteady/checkpoints/best.pt
Saved PyTorch checkpoint to results/unsteady/checkpoints/best.pt
Saved PyTorch checkpoint to results/unsteady/checkpoints/best.pt
Saved PyTorch checkpoint to results/unsteady/checkpoints/best.pt
Saved PyTorch checkpoint to results/unsteady/checkpoints/best.pt
Saved PyTorch checkpoint to results/unsteady/checkpoints/best.pt
Saved PyTorch checkpoint to results/unsteady/checkpoints/best.pt
Saved PyTorch checkpoint to results/unsteady/checkpoints/best.pt
Saved PyTorch checkpoint to results/unsteady/checkpoints/best.pt
Saved PyTorch checkpoint to results/unsteady/checkpoints/best.pt
Saved PyTorch checkpoint to results/unsteady/checkpoints/best.pt
Saved PyTorch checkpoint to results/unsteady/checkpoints/best.pt
Saved PyTorch checkpoint to results/unsteady/checkpoints/best.pt
Saved PyTorch checkpoint to results/unsteady/checkpoints/best.pt
Saved PyTorch checkpoint to results/unsteady/checkpoints/best.pt
Saved PyTorch checkpoint to results/unsteady/checkpoints/best.pt
Saved PyTorch checkpoint to results/unsteady/checkpoints/best.pt
Saved PyTorch checkpoint to results/unsteady/checkpoints/best.pt
Saved PyTorch checkpoint to results/unsteady/checkpoints/best.pt
Saved PyTorch checkpoint to results/unsteady/checkpoints/best.pt
Saved PyTorch checkpoint to results/unsteady/checkpoints/best.pt
Saved PyTorch checkpoint to results/unsteady/checkpoints/best.pt
Saved PyTorch checkpoint to results/unsteady/checkpoints/best.pt
Saved PyTorch checkpoint to results/unsteady/checkpoints/best.pt
Saved PyTorch checkpoint to results/unsteady/checkpoints/best.pt
Saved PyTorch checkpoint to results/unsteady/checkpoints/best.pt
Saved PyTorch checkpoint to results/unsteady/checkpoints/best.pt
Saved PyTorch checkpoint to results/unsteady/checkpoints/best.pt
Saved PyTorch checkpoint to results/unsteady/checkpoints/best.pt
Saved PyTorch checkpoint to results/unsteady/checkpoints/best.pt
Saved PyTorch checkpoint to results/unsteady/checkpoints/best.pt
Saved PyTorch checkpoint to results/unsteady/checkpoints/best.pt
Saved PyTorch checkpoint to results/unsteady/checkpoints/best.pt
Saved PyTorch checkpoint to results/unsteady/checkpoints/best.pt
Saved PyTorch checkpoint to results/unsteady/checkpoints/best.pt
Saved PyTorch checkpoint to results/unsteady/checkpoints/best.pt
Saved PyTorch checkpoint to results/unsteady/checkpoints/best.pt
Saved PyTorch checkpoint to results/unsteady/checkpoints/best.pt
Saved PyTorch checkpoint to results/unsteady/checkpoints/best.pt
Saved PyTorch checkpoint to results/unsteady/checkpoints/best.pt
Saved PyTorch checkpoint to results/unsteady/checkpoints/best.pt
Saved PyTorch checkpoint to results/unsteady/checkpoints/best.pt
Saved PyTorch checkpoint to results/unsteady/checkpoints/best.pt
Saved PyTorch checkpoint to results/unsteady/checkpoints/best.pt
Saved PyTorch checkpoint to results/unsteady/checkpoints/best.pt
Adam 800 | total=2.659e-01 f=1.383e-02 ic=1.217e-03 wall=2.375e-02 inlet=2.637e-02 outlet=2.257e-04 lr=5.000e-04
Saved PyTorch checkpoint to results/unsteady/checkpoints/best.pt
Saved PyTorch checkpoint to results/unsteady/checkpoints/best.pt
Saved PyTorch checkpoint to results/unsteady/checkpoints/best.pt
Saved PyTorch checkpoint to results/unsteady/checkpoints/best.pt
Saved PyTorch checkpoint to results/unsteady/checkpoints/best.pt
Saved PyTorch checkpoint to results/unsteady/checkpoints/best.pt
Saved PyTorch checkpoint to results/unsteady/checkpoints/best.pt
Saved PyTorch checkpoint to results/unsteady/checkpoints/best.pt
Saved PyTorch checkpoint to results/unsteady/checkpoints/best.pt
Saved PyTorch checkpoint to results/unsteady/checkpoints/best.pt
Saved PyTorch checkpoint to results/unsteady/checkpoints/best.pt
Saved PyTorch checkpoint to results/unsteady/checkpoints/best.pt
Saved PyTorch checkpoint to results/unsteady/checkpoints/best.pt
Saved PyTorch checkpoint to results/unsteady/checkpoints/best.pt
Saved PyTorch checkpoint to results/unsteady/checkpoints/best.pt
Saved PyTorch checkpoint to results/unsteady/checkpoints/best.pt
Saved PyTorch checkpoint to results/unsteady/checkpoints/best.pt
Saved PyTorch checkpoint to results/unsteady/checkpoints/best.pt
Saved PyTorch checkpoint to results/unsteady/checkpoints/best.pt
Saved PyTorch checkpoint to results/unsteady/checkpoints/best.pt
Saved PyTorch checkpoint to results/unsteady/checkpoints/best.pt
Saved PyTorch checkpoint to results/unsteady/checkpoints/best.pt
Saved PyTorch checkpoint to results/unsteady/checkpoints/best.pt
Saved PyTorch checkpoint to results/unsteady/checkpoints/best.pt
Saved PyTorch checkpoint to results/unsteady/checkpoints/best.pt
Saved PyTorch checkpoint to results/unsteady/checkpoints/best.pt
Saved PyTorch checkpoint to results/unsteady/checkpoints/best.pt
Saved PyTorch checkpoint to results/unsteady/checkpoints/best.pt
Saved PyTorch checkpoint to results/unsteady/checkpoints/best.pt
Saved PyTorch checkpoint to results/unsteady/checkpoints/best.pt
Saved PyTorch checkpoint to results/unsteady/checkpoints/best.pt
Saved PyTorch checkpoint to results/unsteady/checkpoints/best.pt
Saved PyTorch checkpoint to results/unsteady/checkpoints/best.pt
Saved PyTorch checkpoint to results/unsteady/checkpoints/best.pt
Saved PyTorch checkpoint to results/unsteady/checkpoints/best.pt
Saved PyTorch checkpoint to results/unsteady/checkpoints/best.pt
Saved PyTorch checkpoint to results/unsteady/checkpoints/best.pt
Saved PyTorch checkpoint to results/unsteady/checkpoints/best.pt
Saved PyTorch checkpoint to results/unsteady/checkpoints/best.pt
Saved PyTorch checkpoint to results/unsteady/checkpoints/best.pt
Saved PyTorch checkpoint to results/unsteady/checkpoints/best.pt
Saved PyTorch checkpoint to results/unsteady/checkpoints/best.pt
Saved PyTorch checkpoint to results/unsteady/checkpoints/best.pt
Saved PyTorch checkpoint to results/unsteady/checkpoints/best.pt
Saved PyTorch checkpoint to results/unsteady/checkpoints/best.pt
Saved PyTorch checkpoint to results/unsteady/checkpoints/best.pt
Saved PyTorch checkpoint to results/unsteady/checkpoints/best.pt
Saved PyTorch checkpoint to results/unsteady/checkpoints/best.pt
Saved PyTorch checkpoint to results/unsteady/checkpoints/best.pt
Saved PyTorch checkpoint to results/unsteady/checkpoints/best.pt
Saved PyTorch checkpoint to results/unsteady/checkpoints/best.pt
Saved PyTorch checkpoint to results/unsteady/checkpoints/best.pt
Saved PyTorch checkpoint to results/unsteady/checkpoints/best.pt
Saved PyTorch checkpoint to results/unsteady/checkpoints/best.pt
Saved PyTorch checkpoint to results/unsteady/checkpoints/best.pt
Saved PyTorch checkpoint to results/unsteady/checkpoints/best.pt
Saved PyTorch checkpoint to results/unsteady/checkpoints/best.pt
Saved PyTorch checkpoint to results/unsteady/checkpoints/best.pt
Saved PyTorch checkpoint to results/unsteady/checkpoints/best.pt
Saved PyTorch checkpoint to results/unsteady/checkpoints/best.pt
Saved PyTorch checkpoint to results/unsteady/checkpoints/best.pt
Saved PyTorch checkpoint to results/unsteady/checkpoints/best.pt
Saved PyTorch checkpoint to results/unsteady/checkpoints/best.pt
Saved PyTorch checkpoint to results/unsteady/checkpoints/best.pt
Saved PyTorch checkpoint to results/unsteady/checkpoints/best.pt
Saved PyTorch checkpoint to results/unsteady/checkpoints/best.pt
Saved PyTorch checkpoint to results/unsteady/checkpoints/best.pt
Saved PyTorch checkpoint to results/unsteady/checkpoints/best.pt
Saved PyTorch checkpoint to results/unsteady/checkpoints/best.pt
Saved PyTorch checkpoint to results/unsteady/checkpoints/best.pt
Saved PyTorch checkpoint to results/unsteady/checkpoints/best.pt
Saved PyTorch checkpoint to results/unsteady/checkpoints/best.pt
Saved PyTorch checkpoint to results/unsteady/checkpoints/best.pt
Saved PyTorch checkpoint to results/unsteady/checkpoints/best.pt
Saved PyTorch checkpoint to results/unsteady/checkpoints/best.pt
Saved PyTorch checkpoint to results/unsteady/checkpoints/best.pt
Saved PyTorch checkpoint to results/unsteady/checkpoints/best.pt
Saved PyTorch checkpoint to results/unsteady/checkpoints/best.pt
Saved PyTorch checkpoint to results/unsteady/checkpoints/best.pt
Saved PyTorch checkpoint to results/unsteady/checkpoints/best.pt
Saved PyTorch checkpoint to results/unsteady/checkpoints/best.pt
Saved PyTorch checkpoint to results/unsteady/checkpoints/best.pt
Saved PyTorch checkpoint to results/unsteady/checkpoints/best.pt
Saved PyTorch checkpoint to results/unsteady/checkpoints/best.pt
Saved PyTorch checkpoint to results/unsteady/checkpoints/best.pt
Saved PyTorch checkpoint to results/unsteady/checkpoints/best.pt
Saved PyTorch checkpoint to results/unsteady/checkpoints/best.pt
Saved PyTorch checkpoint to results/unsteady/checkpoints/best.pt
Saved PyTorch checkpoint to results/unsteady/checkpoints/best.pt
Saved PyTorch checkpoint to results/unsteady/checkpoints/best.pt
Saved PyTorch checkpoint to results/unsteady/checkpoints/best.pt
Saved PyTorch checkpoint to results/unsteady/checkpoints/best.pt
Saved PyTorch checkpoint to results/unsteady/checkpoints/best.pt
Saved PyTorch checkpoint to results/unsteady/checkpoints/best.pt
Saved PyTorch checkpoint to results/unsteady/checkpoints/best.pt
Saved PyTorch checkpoint to results/unsteady/checkpoints/best.pt
Saved PyTorch checkpoint to results/unsteady/checkpoints/best.pt
Saved PyTorch checkpoint to results/unsteady/checkpoints/best.pt
Saved PyTorch checkpoint to results/unsteady/checkpoints/best.pt
Saved PyTorch checkpoint to results/unsteady/checkpoints/best.pt
Adam 900 | total=2.525e-01 f=1.530e-02 ic=1.520e-03 wall=2.233e-02 inlet=2.476e-02 outlet=2.577e-04 lr=5.000e-04
Saved PyTorch checkpoint to results/unsteady/checkpoints/best.pt
Saved PyTorch checkpoint to results/unsteady/checkpoints/best.pt
Saved PyTorch checkpoint to results/unsteady/checkpoints/best.pt
Saved PyTorch checkpoint to results/unsteady/checkpoints/best.pt
Saved PyTorch checkpoint to results/unsteady/checkpoints/best.pt
Saved PyTorch checkpoint to results/unsteady/checkpoints/best.pt
Saved PyTorch checkpoint to results/unsteady/checkpoints/best.pt
Saved PyTorch checkpoint to results/unsteady/checkpoints/best.pt
Saved PyTorch checkpoint to results/unsteady/checkpoints/best.pt
Saved PyTorch checkpoint to results/unsteady/checkpoints/best.pt
Saved PyTorch checkpoint to results/unsteady/checkpoints/best.pt
Saved PyTorch checkpoint to results/unsteady/checkpoints/best.pt
Saved PyTorch checkpoint to results/unsteady/checkpoints/best.pt
Saved PyTorch checkpoint to results/unsteady/checkpoints/best.pt
Saved PyTorch checkpoint to results/unsteady/checkpoints/best.pt
Saved PyTorch checkpoint to results/unsteady/checkpoints/best.pt
Saved PyTorch checkpoint to results/unsteady/checkpoints/best.pt
Saved PyTorch checkpoint to results/unsteady/checkpoints/best.pt
Saved PyTorch checkpoint to results/unsteady/checkpoints/best.pt
Saved PyTorch checkpoint to results/unsteady/checkpoints/best.pt
Saved PyTorch checkpoint to results/unsteady/checkpoints/best.pt
Saved PyTorch checkpoint to results/unsteady/checkpoints/best.pt
Saved PyTorch checkpoint to results/unsteady/checkpoints/best.pt
Saved PyTorch checkpoint to results/unsteady/checkpoints/best.pt
Saved PyTorch checkpoint to results/unsteady/checkpoints/best.pt
Saved PyTorch checkpoint to results/unsteady/checkpoints/best.pt
Saved PyTorch checkpoint to results/unsteady/checkpoints/best.pt
Saved PyTorch checkpoint to results/unsteady/checkpoints/best.pt
Saved PyTorch checkpoint to results/unsteady/checkpoints/best.pt
Saved PyTorch checkpoint to results/unsteady/checkpoints/best.pt
Saved PyTorch checkpoint to results/unsteady/checkpoints/best.pt
Saved PyTorch checkpoint to results/unsteady/checkpoints/best.pt
Saved PyTorch checkpoint to results/unsteady/checkpoints/best.pt
Saved PyTorch checkpoint to results/unsteady/checkpoints/best.pt
Saved PyTorch checkpoint to results/unsteady/checkpoints/best.pt
Saved PyTorch checkpoint to results/unsteady/checkpoints/best.pt
Saved PyTorch checkpoint to results/unsteady/checkpoints/best.pt
Saved PyTorch checkpoint to results/unsteady/checkpoints/best.pt
Saved PyTorch checkpoint to results/unsteady/checkpoints/best.pt
Saved PyTorch checkpoint to results/unsteady/checkpoints/best.pt
Saved PyTorch checkpoint to results/unsteady/checkpoints/best.pt
Saved PyTorch checkpoint to results/unsteady/checkpoints/best.pt
Saved PyTorch checkpoint to results/unsteady/checkpoints/best.pt
Saved PyTorch checkpoint to results/unsteady/checkpoints/best.pt
Saved PyTorch checkpoint to results/unsteady/checkpoints/best.pt
Saved PyTorch checkpoint to results/unsteady/checkpoints/best.pt
Saved PyTorch checkpoint to results/unsteady/checkpoints/best.pt
Saved PyTorch checkpoint to results/unsteady/checkpoints/best.pt
Saved PyTorch checkpoint to results/unsteady/checkpoints/best.pt
Saved PyTorch checkpoint to results/unsteady/checkpoints/best.pt
Saved PyTorch checkpoint to results/unsteady/checkpoints/best.pt
Saved PyTorch checkpoint to results/unsteady/checkpoints/best.pt
Saved PyTorch checkpoint to results/unsteady/checkpoints/best.pt
Saved PyTorch checkpoint to results/unsteady/checkpoints/best.pt
Saved PyTorch checkpoint to results/unsteady/checkpoints/best.pt
Saved PyTorch checkpoint to results/unsteady/checkpoints/best.pt
Saved PyTorch checkpoint to results/unsteady/checkpoints/best.pt
Saved PyTorch checkpoint to results/unsteady/checkpoints/best.pt
Saved PyTorch checkpoint to results/unsteady/checkpoints/best.pt
Adam 1000 | total=2.351e-01 f=1.828e-02 ic=2.068e-03 wall=2.086e-02 inlet=2.204e-02 outlet=2.951e-04 lr=5.000e-04
Saved PyTorch checkpoint to results/unsteady/checkpoints/best.pt
Saved PyTorch checkpoint to results/unsteady/checkpoints/best.pt
Saved PyTorch checkpoint to results/unsteady/checkpoints/best.pt
Saved PyTorch checkpoint to results/unsteady/checkpoints/best.pt
Saved PyTorch checkpoint to results/unsteady/checkpoints/best.pt
Saved PyTorch checkpoint to results/unsteady/checkpoints/best.pt
Saved PyTorch checkpoint to results/unsteady/checkpoints/best.pt
Saved PyTorch checkpoint to results/unsteady/checkpoints/best.pt
Saved PyTorch checkpoint to results/unsteady/checkpoints/best.pt
Saved PyTorch checkpoint to results/unsteady/checkpoints/best.pt
Saved PyTorch checkpoint to results/unsteady/checkpoints/best.pt
Saved PyTorch checkpoint to results/unsteady/checkpoints/best.pt
Saved PyTorch checkpoint to results/unsteady/checkpoints/best.pt
Saved PyTorch checkpoint to results/unsteady/checkpoints/best.pt
Saved PyTorch checkpoint to results/unsteady/checkpoints/best.pt
Saved PyTorch checkpoint to results/unsteady/checkpoints/best.pt
Saved PyTorch checkpoint to results/unsteady/checkpoints/best.pt
Saved PyTorch checkpoint to results/unsteady/checkpoints/best.pt
Saved PyTorch checkpoint to results/unsteady/checkpoints/best.pt
Saved PyTorch checkpoint to results/unsteady/checkpoints/best.pt
Saved PyTorch checkpoint to results/unsteady/checkpoints/best.pt
Saved PyTorch checkpoint to results/unsteady/checkpoints/best.pt
Saved PyTorch checkpoint to results/unsteady/checkpoints/best.pt
Saved PyTorch checkpoint to results/unsteady/checkpoints/best.pt
Saved PyTorch checkpoint to results/unsteady/checkpoints/best.pt
Saved PyTorch checkpoint to results/unsteady/checkpoints/best.pt
Saved PyTorch checkpoint to results/unsteady/checkpoints/best.pt
Saved PyTorch checkpoint to results/unsteady/checkpoints/best.pt
Saved PyTorch checkpoint to results/unsteady/checkpoints/best.pt
Saved PyTorch checkpoint to results/unsteady/checkpoints/best.pt
Saved PyTorch checkpoint to results/unsteady/checkpoints/best.pt
Saved PyTorch checkpoint to results/unsteady/checkpoints/best.pt
Saved PyTorch checkpoint to results/unsteady/checkpoints/best.pt
Saved PyTorch checkpoint to results/unsteady/checkpoints/best.pt
Saved PyTorch checkpoint to results/unsteady/checkpoints/best.pt
Saved PyTorch checkpoint to results/unsteady/checkpoints/best.pt
Saved PyTorch checkpoint to results/unsteady/checkpoints/best.pt
Saved PyTorch checkpoint to results/unsteady/checkpoints/best.pt
Saved PyTorch checkpoint to results/unsteady/checkpoints/best.pt
Saved PyTorch checkpoint to results/unsteady/checkpoints/best.pt
Saved PyTorch checkpoint to results/unsteady/checkpoints/best.pt
Saved PyTorch checkpoint to results/unsteady/checkpoints/best.pt
Saved PyTorch checkpoint to results/unsteady/checkpoints/best.pt
Saved PyTorch checkpoint to results/unsteady/checkpoints/best.pt
Saved PyTorch checkpoint to results/unsteady/checkpoints/best.pt
Saved PyTorch checkpoint to results/unsteady/checkpoints/best.pt
Saved PyTorch checkpoint to results/unsteady/checkpoints/best.pt
Saved PyTorch checkpoint to results/unsteady/checkpoints/best.pt
Saved PyTorch checkpoint to results/unsteady/checkpoints/best.pt
Saved PyTorch checkpoint to results/unsteady/checkpoints/best.pt
Saved PyTorch checkpoint to results/unsteady/checkpoints/best.pt
Saved PyTorch checkpoint to results/unsteady/checkpoints/best.pt
Saved PyTorch checkpoint to results/unsteady/checkpoints/best.pt
Saved PyTorch checkpoint to results/unsteady/checkpoints/best.pt
Saved PyTorch checkpoint to results/unsteady/checkpoints/best.pt
Saved PyTorch checkpoint to results/unsteady/checkpoints/best.pt
Saved PyTorch checkpoint to results/unsteady/checkpoints/best.pt
Saved PyTorch checkpoint to results/unsteady/checkpoints/best.pt
Saved PyTorch checkpoint to results/unsteady/checkpoints/best.pt
Saved PyTorch checkpoint to results/unsteady/checkpoints/best.pt
Saved PyTorch checkpoint to results/unsteady/checkpoints/best.pt
Saved PyTorch checkpoint to results/unsteady/checkpoints/best.pt
Saved PyTorch checkpoint to results/unsteady/checkpoints/best.pt
Saved PyTorch checkpoint to results/unsteady/checkpoints/best.pt
Saved PyTorch checkpoint to results/unsteady/checkpoints/best.pt
Saved PyTorch checkpoint to results/unsteady/checkpoints/best.pt
Saved PyTorch checkpoint to results/unsteady/checkpoints/best.pt
Saved PyTorch checkpoint to results/unsteady/checkpoints/best.pt
Saved PyTorch checkpoint to results/unsteady/checkpoints/best.pt
Saved PyTorch checkpoint to results/unsteady/checkpoints/best.pt
Saved PyTorch checkpoint to results/unsteady/checkpoints/best.pt
Saved PyTorch checkpoint to results/unsteady/checkpoints/best.pt
Saved PyTorch checkpoint to results/unsteady/checkpoints/best.pt
Saved PyTorch checkpoint to results/unsteady/checkpoints/best.pt
Saved PyTorch checkpoint to results/unsteady/checkpoints/best.pt
Adam 1100 | total=2.174e-01 f=2.074e-02 ic=2.897e-03 wall=2.061e-02 inlet=1.809e-02 outlet=2.338e-04 lr=5.000e-04
Saved PyTorch checkpoint to results/unsteady/checkpoints/best.pt
Saved PyTorch checkpoint to results/unsteady/checkpoints/best.pt
Saved PyTorch checkpoint to results/unsteady/checkpoints/best.pt
Saved PyTorch checkpoint to results/unsteady/checkpoints/best.pt
Saved PyTorch checkpoint to results/unsteady/checkpoints/best.pt
Saved PyTorch checkpoint to results/unsteady/checkpoints/best.pt
Saved PyTorch checkpoint to results/unsteady/checkpoints/best.pt
Saved PyTorch checkpoint to results/unsteady/checkpoints/best.pt
Saved PyTorch checkpoint to results/unsteady/checkpoints/best.pt
Saved PyTorch checkpoint to results/unsteady/checkpoints/best.pt
Saved PyTorch checkpoint to results/unsteady/checkpoints/best.pt
Saved PyTorch checkpoint to results/unsteady/checkpoints/best.pt
Saved PyTorch checkpoint to results/unsteady/checkpoints/best.pt
Saved PyTorch checkpoint to results/unsteady/checkpoints/best.pt
Saved PyTorch checkpoint to results/unsteady/checkpoints/best.pt
Saved PyTorch checkpoint to results/unsteady/checkpoints/best.pt
Saved PyTorch checkpoint to results/unsteady/checkpoints/best.pt
Saved PyTorch checkpoint to results/unsteady/checkpoints/best.pt
Saved PyTorch checkpoint to results/unsteady/checkpoints/best.pt
Saved PyTorch checkpoint to results/unsteady/checkpoints/best.pt
Saved PyTorch checkpoint to results/unsteady/checkpoints/best.pt
Saved PyTorch checkpoint to results/unsteady/checkpoints/best.pt
Saved PyTorch checkpoint to results/unsteady/checkpoints/best.pt
Saved PyTorch checkpoint to results/unsteady/checkpoints/best.pt
Saved PyTorch checkpoint to results/unsteady/checkpoints/best.pt
Saved PyTorch checkpoint to results/unsteady/checkpoints/best.pt
Saved PyTorch checkpoint to results/unsteady/checkpoints/best.pt
Saved PyTorch checkpoint to results/unsteady/checkpoints/best.pt
Saved PyTorch checkpoint to results/unsteady/checkpoints/best.pt
Saved PyTorch checkpoint to results/unsteady/checkpoints/best.pt
Saved PyTorch checkpoint to results/unsteady/checkpoints/best.pt
Saved PyTorch checkpoint to results/unsteady/checkpoints/best.pt
Saved PyTorch checkpoint to results/unsteady/checkpoints/best.pt
Saved PyTorch checkpoint to results/unsteady/checkpoints/best.pt
Saved PyTorch checkpoint to results/unsteady/checkpoints/best.pt
Saved PyTorch checkpoint to results/unsteady/checkpoints/best.pt
Saved PyTorch checkpoint to results/unsteady/checkpoints/best.pt
Saved PyTorch checkpoint to results/unsteady/checkpoints/best.pt
Saved PyTorch checkpoint to results/unsteady/checkpoints/best.pt
Saved PyTorch checkpoint to results/unsteady/checkpoints/best.pt
Saved PyTorch checkpoint to results/unsteady/checkpoints/best.pt
Saved PyTorch checkpoint to results/unsteady/checkpoints/best.pt
Saved PyTorch checkpoint to results/unsteady/checkpoints/best.pt
Saved PyTorch checkpoint to results/unsteady/checkpoints/best.pt
Saved PyTorch checkpoint to results/unsteady/checkpoints/best.pt
Saved PyTorch checkpoint to results/unsteady/checkpoints/best.pt
Saved PyTorch checkpoint to results/unsteady/checkpoints/best.pt
Saved PyTorch checkpoint to results/unsteady/checkpoints/best.pt
Saved PyTorch checkpoint to results/unsteady/checkpoints/best.pt
Saved PyTorch checkpoint to results/unsteady/checkpoints/best.pt
Saved PyTorch checkpoint to results/unsteady/checkpoints/best.pt
Saved PyTorch checkpoint to results/unsteady/checkpoints/best.pt
Saved PyTorch checkpoint to results/unsteady/checkpoints/best.pt
Saved PyTorch checkpoint to results/unsteady/checkpoints/best.pt
Saved PyTorch checkpoint to results/unsteady/checkpoints/best.pt
Saved PyTorch checkpoint to results/unsteady/checkpoints/best.pt
Saved PyTorch checkpoint to results/unsteady/checkpoints/best.pt
Saved PyTorch checkpoint to results/unsteady/checkpoints/best.pt
Saved PyTorch checkpoint to results/unsteady/checkpoints/best.pt
Saved PyTorch checkpoint to results/unsteady/checkpoints/best.pt
Saved PyTorch checkpoint to results/unsteady/checkpoints/best.pt
Saved PyTorch checkpoint to results/unsteady/checkpoints/best.pt
Saved PyTorch checkpoint to results/unsteady/checkpoints/best.pt
Saved PyTorch checkpoint to results/unsteady/checkpoints/best.pt
Saved PyTorch checkpoint to results/unsteady/checkpoints/best.pt
Saved PyTorch checkpoint to results/unsteady/checkpoints/best.pt
Saved PyTorch checkpoint to results/unsteady/checkpoints/best.pt
Saved PyTorch checkpoint to results/unsteady/checkpoints/best.pt
Saved PyTorch checkpoint to results/unsteady/checkpoints/best.pt
Saved PyTorch checkpoint to results/unsteady/checkpoints/best.pt
Saved PyTorch checkpoint to results/unsteady/checkpoints/best.pt
Saved PyTorch checkpoint to results/unsteady/checkpoints/best.pt
Saved PyTorch checkpoint to results/unsteady/checkpoints/best.pt
Saved PyTorch checkpoint to results/unsteady/checkpoints/best.pt
Saved PyTorch checkpoint to results/unsteady/checkpoints/best.pt
Saved PyTorch checkpoint to results/unsteady/checkpoints/best.pt
Saved PyTorch checkpoint to results/unsteady/checkpoints/best.pt
Saved PyTorch checkpoint to results/unsteady/checkpoints/best.pt
Saved PyTorch checkpoint to results/unsteady/checkpoints/best.pt
Adam 1200 | total=1.935e-01 f=2.326e-02 ic=3.398e-03 wall=1.675e-02 inlet=1.658e-02 outlet=1.308e-04 lr=5.000e-04
Saved PyTorch checkpoint to results/unsteady/checkpoints/best.pt
Saved PyTorch checkpoint to results/unsteady/checkpoints/best.pt
Saved PyTorch checkpoint to results/unsteady/checkpoints/best.pt
Saved PyTorch checkpoint to results/unsteady/checkpoints/best.pt
Saved PyTorch checkpoint to results/unsteady/checkpoints/best.pt
Saved PyTorch checkpoint to results/unsteady/checkpoints/best.pt
Saved PyTorch checkpoint to results/unsteady/checkpoints/best.pt
Saved PyTorch checkpoint to results/unsteady/checkpoints/best.pt
Saved PyTorch checkpoint to results/unsteady/checkpoints/best.pt
Saved PyTorch checkpoint to results/unsteady/checkpoints/best.pt
Saved PyTorch checkpoint to results/unsteady/checkpoints/best.pt
Saved PyTorch checkpoint to results/unsteady/checkpoints/best.pt
Saved PyTorch checkpoint to results/unsteady/checkpoints/best.pt
Saved PyTorch checkpoint to results/unsteady/checkpoints/best.pt
Saved PyTorch checkpoint to results/unsteady/checkpoints/best.pt
Saved PyTorch checkpoint to results/unsteady/checkpoints/best.pt
Saved PyTorch checkpoint to results/unsteady/checkpoints/best.pt
Saved PyTorch checkpoint to results/unsteady/checkpoints/best.pt
Saved PyTorch checkpoint to results/unsteady/checkpoints/best.pt
Saved PyTorch checkpoint to results/unsteady/checkpoints/best.pt
Saved PyTorch checkpoint to results/unsteady/checkpoints/best.pt
Saved PyTorch checkpoint to results/unsteady/checkpoints/best.pt
Saved PyTorch checkpoint to results/unsteady/checkpoints/best.pt
Saved PyTorch checkpoint to results/unsteady/checkpoints/best.pt
Saved PyTorch checkpoint to results/unsteady/checkpoints/best.pt
Saved PyTorch checkpoint to results/unsteady/checkpoints/best.pt
Saved PyTorch checkpoint to results/unsteady/checkpoints/best.pt
Saved PyTorch checkpoint to results/unsteady/checkpoints/best.pt
Saved PyTorch checkpoint to results/unsteady/checkpoints/best.pt
Saved PyTorch checkpoint to results/unsteady/checkpoints/best.pt
Saved PyTorch checkpoint to results/unsteady/checkpoints/best.pt
Saved PyTorch checkpoint to results/unsteady/checkpoints/best.pt
Saved PyTorch checkpoint to results/unsteady/checkpoints/best.pt
Saved PyTorch checkpoint to results/unsteady/checkpoints/best.pt
Saved PyTorch checkpoint to results/unsteady/checkpoints/best.pt
Saved PyTorch checkpoint to results/unsteady/checkpoints/best.pt
Saved PyTorch checkpoint to results/unsteady/checkpoints/best.pt
Saved PyTorch checkpoint to results/unsteady/checkpoints/best.pt
Saved PyTorch checkpoint to results/unsteady/checkpoints/best.pt
Saved PyTorch checkpoint to results/unsteady/checkpoints/best.pt
Saved PyTorch checkpoint to results/unsteady/checkpoints/best.pt
Saved PyTorch checkpoint to results/unsteady/checkpoints/best.pt
Saved PyTorch checkpoint to results/unsteady/checkpoints/best.pt
Saved PyTorch checkpoint to results/unsteady/checkpoints/best.pt
Saved PyTorch checkpoint to results/unsteady/checkpoints/best.pt
Saved PyTorch checkpoint to results/unsteady/checkpoints/best.pt
Saved PyTorch checkpoint to results/unsteady/checkpoints/best.pt
Saved PyTorch checkpoint to results/unsteady/checkpoints/best.pt
Saved PyTorch checkpoint to results/unsteady/checkpoints/best.pt
Saved PyTorch checkpoint to results/unsteady/checkpoints/best.pt
Saved PyTorch checkpoint to results/unsteady/checkpoints/best.pt
Saved PyTorch checkpoint to results/unsteady/checkpoints/best.pt
Saved PyTorch checkpoint to results/unsteady/checkpoints/best.pt
Saved PyTorch checkpoint to results/unsteady/checkpoints/best.pt
Saved PyTorch checkpoint to results/unsteady/checkpoints/best.pt
Saved PyTorch checkpoint to results/unsteady/checkpoints/best.pt
Saved PyTorch checkpoint to results/unsteady/checkpoints/best.pt
Saved PyTorch checkpoint to results/unsteady/checkpoints/best.pt
Saved PyTorch checkpoint to results/unsteady/checkpoints/best.pt
Saved PyTorch checkpoint to results/unsteady/checkpoints/best.pt
Saved PyTorch checkpoint to results/unsteady/checkpoints/best.pt
Saved PyTorch checkpoint to results/unsteady/checkpoints/best.pt
Saved PyTorch checkpoint to results/unsteady/checkpoints/best.pt
Saved PyTorch checkpoint to results/unsteady/checkpoints/best.pt
Saved PyTorch checkpoint to results/unsteady/checkpoints/best.pt
Saved PyTorch checkpoint to results/unsteady/checkpoints/best.pt
Saved PyTorch checkpoint to results/unsteady/checkpoints/best.pt
Saved PyTorch checkpoint to results/unsteady/checkpoints/best.pt
Saved PyTorch checkpoint to results/unsteady/checkpoints/best.pt
Saved PyTorch checkpoint to results/unsteady/checkpoints/best.pt
Saved PyTorch checkpoint to results/unsteady/checkpoints/best.pt
Saved PyTorch checkpoint to results/unsteady/checkpoints/best.pt
Saved PyTorch checkpoint to results/unsteady/checkpoints/best.pt
Saved PyTorch checkpoint to results/unsteady/checkpoints/best.pt
Saved PyTorch checkpoint to results/unsteady/checkpoints/best.pt
Saved PyTorch checkpoint to results/unsteady/checkpoints/best.pt
Saved PyTorch checkpoint to results/unsteady/checkpoints/best.pt
Saved PyTorch checkpoint to results/unsteady/checkpoints/best.pt
Saved PyTorch checkpoint to results/unsteady/checkpoints/best.pt
Saved PyTorch checkpoint to results/unsteady/checkpoints/best.pt
Saved PyTorch checkpoint to results/unsteady/checkpoints/best.pt
Saved PyTorch checkpoint to results/unsteady/checkpoints/best.pt
Saved PyTorch checkpoint to results/unsteady/checkpoints/best.pt
Saved PyTorch checkpoint to results/unsteady/checkpoints/best.pt
Saved PyTorch checkpoint to results/unsteady/checkpoints/best.pt
Saved PyTorch checkpoint to results/unsteady/checkpoints/best.pt
Saved PyTorch checkpoint to results/unsteady/checkpoints/best.pt
Saved PyTorch checkpoint to results/unsteady/checkpoints/best.pt
Saved PyTorch checkpoint to results/unsteady/checkpoints/best.pt
Saved PyTorch checkpoint to results/unsteady/checkpoints/best.pt
Saved PyTorch checkpoint to results/unsteady/checkpoints/best.pt
Saved PyTorch checkpoint to results/unsteady/checkpoints/best.pt
Saved PyTorch checkpoint to results/unsteady/checkpoints/best.pt
Saved PyTorch checkpoint to results/unsteady/checkpoints/best.pt
Saved PyTorch checkpoint to results/unsteady/checkpoints/best.pt
Saved PyTorch checkpoint to results/unsteady/checkpoints/best.pt
Saved PyTorch checkpoint to results/unsteady/checkpoints/best.pt
Saved PyTorch checkpoint to results/unsteady/checkpoints/best.pt
Saved PyTorch checkpoint to results/unsteady/checkpoints/best.pt
Saved PyTorch checkpoint to results/unsteady/checkpoints/best.pt
Adam 1300 | total=1.681e-01 f=2.650e-02 ic=3.067e-03 wall=1.437e-02 inlet=1.333e-02 outlet=4.239e-05 lr=5.000e-04
Saved PyTorch checkpoint to results/unsteady/checkpoints/best.pt
Saved PyTorch checkpoint to results/unsteady/checkpoints/best.pt
Saved PyTorch checkpoint to results/unsteady/checkpoints/best.pt
Saved PyTorch checkpoint to results/unsteady/checkpoints/best.pt
Saved PyTorch checkpoint to results/unsteady/checkpoints/best.pt
Saved PyTorch checkpoint to results/unsteady/checkpoints/best.pt
Saved PyTorch checkpoint to results/unsteady/checkpoints/best.pt
Saved PyTorch checkpoint to results/unsteady/checkpoints/best.pt
Saved PyTorch checkpoint to results/unsteady/checkpoints/best.pt
Saved PyTorch checkpoint to results/unsteady/checkpoints/best.pt
Saved PyTorch checkpoint to results/unsteady/checkpoints/best.pt
Saved PyTorch checkpoint to results/unsteady/checkpoints/best.pt
Saved PyTorch checkpoint to results/unsteady/checkpoints/best.pt
Saved PyTorch checkpoint to results/unsteady/checkpoints/best.pt
Saved PyTorch checkpoint to results/unsteady/checkpoints/best.pt
Saved PyTorch checkpoint to results/unsteady/checkpoints/best.pt
Saved PyTorch checkpoint to results/unsteady/checkpoints/best.pt
Saved PyTorch checkpoint to results/unsteady/checkpoints/best.pt
Saved PyTorch checkpoint to results/unsteady/checkpoints/best.pt
Saved PyTorch checkpoint to results/unsteady/checkpoints/best.pt
Saved PyTorch checkpoint to results/unsteady/checkpoints/best.pt
Saved PyTorch checkpoint to results/unsteady/checkpoints/best.pt
Saved PyTorch checkpoint to results/unsteady/checkpoints/best.pt
Saved PyTorch checkpoint to results/unsteady/checkpoints/best.pt
Saved PyTorch checkpoint to results/unsteady/checkpoints/best.pt
Saved PyTorch checkpoint to results/unsteady/checkpoints/best.pt
Saved PyTorch checkpoint to results/unsteady/checkpoints/best.pt
Saved PyTorch checkpoint to results/unsteady/checkpoints/best.pt
Saved PyTorch checkpoint to results/unsteady/checkpoints/best.pt
Saved PyTorch checkpoint to results/unsteady/checkpoints/best.pt
Saved PyTorch checkpoint to results/unsteady/checkpoints/best.pt
Saved PyTorch checkpoint to results/unsteady/checkpoints/best.pt
Saved PyTorch checkpoint to results/unsteady/checkpoints/best.pt
Saved PyTorch checkpoint to results/unsteady/checkpoints/best.pt
Saved PyTorch checkpoint to results/unsteady/checkpoints/best.pt
Saved PyTorch checkpoint to results/unsteady/checkpoints/best.pt
Saved PyTorch checkpoint to results/unsteady/checkpoints/best.pt
Saved PyTorch checkpoint to results/unsteady/checkpoints/best.pt
Saved PyTorch checkpoint to results/unsteady/checkpoints/best.pt
Saved PyTorch checkpoint to results/unsteady/checkpoints/best.pt
Saved PyTorch checkpoint to results/unsteady/checkpoints/best.pt
Saved PyTorch checkpoint to results/unsteady/checkpoints/best.pt
Saved PyTorch checkpoint to results/unsteady/checkpoints/best.pt
Saved PyTorch checkpoint to results/unsteady/checkpoints/best.pt
Saved PyTorch checkpoint to results/unsteady/checkpoints/best.pt
Saved PyTorch checkpoint to results/unsteady/checkpoints/best.pt
Saved PyTorch checkpoint to results/unsteady/checkpoints/best.pt
Saved PyTorch checkpoint to results/unsteady/checkpoints/best.pt
Saved PyTorch checkpoint to results/unsteady/checkpoints/best.pt
Saved PyTorch checkpoint to results/unsteady/checkpoints/best.pt
Saved PyTorch checkpoint to results/unsteady/checkpoints/best.pt
Saved PyTorch checkpoint to results/unsteady/checkpoints/best.pt
Saved PyTorch checkpoint to results/unsteady/checkpoints/best.pt
Saved PyTorch checkpoint to results/unsteady/checkpoints/best.pt
Saved PyTorch checkpoint to results/unsteady/checkpoints/best.pt
Saved PyTorch checkpoint to results/unsteady/checkpoints/best.pt
Adam 1400 | total=1.535e-01 f=3.030e-02 ic=2.247e-03 wall=1.286e-02 inlet=1.132e-02 outlet=1.889e-05 lr=5.000e-04
Saved PyTorch checkpoint to results/unsteady/checkpoints/best.pt
Saved PyTorch checkpoint to results/unsteady/checkpoints/best.pt
Saved PyTorch checkpoint to results/unsteady/checkpoints/best.pt
Saved PyTorch checkpoint to results/unsteady/checkpoints/best.pt
Saved PyTorch checkpoint to results/unsteady/checkpoints/best.pt
Saved PyTorch checkpoint to results/unsteady/checkpoints/best.pt
Saved PyTorch checkpoint to results/unsteady/checkpoints/best.pt
Saved PyTorch checkpoint to results/unsteady/checkpoints/best.pt
Saved PyTorch checkpoint to results/unsteady/checkpoints/best.pt
Saved PyTorch checkpoint to results/unsteady/checkpoints/best.pt
Saved PyTorch checkpoint to results/unsteady/checkpoints/best.pt
Saved PyTorch checkpoint to results/unsteady/checkpoints/best.pt
Saved PyTorch checkpoint to results/unsteady/checkpoints/best.pt
Saved PyTorch checkpoint to results/unsteady/checkpoints/best.pt
Saved PyTorch checkpoint to results/unsteady/checkpoints/best.pt
Saved PyTorch checkpoint to results/unsteady/checkpoints/best.pt
Saved PyTorch checkpoint to results/unsteady/checkpoints/best.pt
Saved PyTorch checkpoint to results/unsteady/checkpoints/best.pt
Saved PyTorch checkpoint to results/unsteady/checkpoints/best.pt
Saved PyTorch checkpoint to results/unsteady/checkpoints/best.pt
Saved PyTorch checkpoint to results/unsteady/checkpoints/best.pt
Saved PyTorch checkpoint to results/unsteady/checkpoints/best.pt
Saved PyTorch checkpoint to results/unsteady/checkpoints/best.pt
Saved PyTorch checkpoint to results/unsteady/checkpoints/best.pt
Saved PyTorch checkpoint to results/unsteady/checkpoints/best.pt
Saved PyTorch checkpoint to results/unsteady/checkpoints/best.pt
Saved PyTorch checkpoint to results/unsteady/checkpoints/best.pt
Saved PyTorch checkpoint to results/unsteady/checkpoints/best.pt
Saved PyTorch checkpoint to results/unsteady/checkpoints/best.pt
Saved PyTorch checkpoint to results/unsteady/checkpoints/best.pt
Saved PyTorch checkpoint to results/unsteady/checkpoints/best.pt
Saved PyTorch checkpoint to results/unsteady/checkpoints/best.pt
Saved PyTorch checkpoint to results/unsteady/checkpoints/best.pt
Saved PyTorch checkpoint to results/unsteady/checkpoints/best.pt
Saved PyTorch checkpoint to results/unsteady/checkpoints/best.pt
Saved PyTorch checkpoint to results/unsteady/checkpoints/best.pt
Saved PyTorch checkpoint to results/unsteady/checkpoints/best.pt
Saved PyTorch checkpoint to results/unsteady/checkpoints/best.pt
Saved PyTorch checkpoint to results/unsteady/checkpoints/best.pt
Saved PyTorch checkpoint to results/unsteady/checkpoints/best.pt
Saved PyTorch checkpoint to results/unsteady/checkpoints/best.pt
Saved PyTorch checkpoint to results/unsteady/checkpoints/best.pt
Saved PyTorch checkpoint to results/unsteady/checkpoints/best.pt
Saved PyTorch checkpoint to results/unsteady/checkpoints/best.pt
Saved PyTorch checkpoint to results/unsteady/checkpoints/best.pt
Saved PyTorch checkpoint to results/unsteady/checkpoints/best.pt
Saved PyTorch checkpoint to results/unsteady/checkpoints/best.pt
Saved PyTorch checkpoint to results/unsteady/checkpoints/best.pt
Saved PyTorch checkpoint to results/unsteady/checkpoints/best.pt
Saved PyTorch checkpoint to results/unsteady/checkpoints/best.pt
Saved PyTorch checkpoint to results/unsteady/checkpoints/best.pt
Saved PyTorch checkpoint to results/unsteady/checkpoints/best.pt
Saved PyTorch checkpoint to results/unsteady/checkpoints/best.pt
Saved PyTorch checkpoint to results/unsteady/checkpoints/best.pt
Saved PyTorch checkpoint to results/unsteady/checkpoints/best.pt
Saved PyTorch checkpoint to results/unsteady/checkpoints/best.pt
Saved PyTorch checkpoint to results/unsteady/checkpoints/best.pt
Saved PyTorch checkpoint to results/unsteady/checkpoints/best.pt
Saved PyTorch checkpoint to results/unsteady/checkpoints/best.pt
Saved PyTorch checkpoint to results/unsteady/checkpoints/best.pt
Saved PyTorch checkpoint to results/unsteady/checkpoints/best.pt
Saved PyTorch checkpoint to results/unsteady/checkpoints/best.pt
Saved PyTorch checkpoint to results/unsteady/checkpoints/best.pt
Saved PyTorch checkpoint to results/unsteady/checkpoints/best.pt
Saved PyTorch checkpoint to results/unsteady/checkpoints/best.pt
Saved PyTorch checkpoint to results/unsteady/checkpoints/best.pt
Saved PyTorch checkpoint to results/unsteady/checkpoints/best.pt
Adam 1500 | total=1.450e-01 f=2.977e-02 ic=1.737e-03 wall=1.241e-02 inlet=1.028e-02 outlet=1.516e-05 lr=5.000e-04
Saved PyTorch checkpoint to results/unsteady/checkpoints/best.pt
Saved PyTorch checkpoint to results/unsteady/checkpoints/best.pt
Saved PyTorch checkpoint to results/unsteady/checkpoints/best.pt
Saved PyTorch checkpoint to results/unsteady/checkpoints/best.pt
Saved PyTorch checkpoint to results/unsteady/checkpoints/best.pt
Saved PyTorch checkpoint to results/unsteady/checkpoints/best.pt
Saved PyTorch checkpoint to results/unsteady/checkpoints/best.pt
Saved PyTorch checkpoint to results/unsteady/checkpoints/best.pt
Saved PyTorch checkpoint to results/unsteady/checkpoints/best.pt
Saved PyTorch checkpoint to results/unsteady/checkpoints/best.pt
Saved PyTorch checkpoint to results/unsteady/checkpoints/best.pt
Saved PyTorch checkpoint to results/unsteady/checkpoints/best.pt
Saved PyTorch checkpoint to results/unsteady/checkpoints/best.pt
Saved PyTorch checkpoint to results/unsteady/checkpoints/best.pt
Saved PyTorch checkpoint to results/unsteady/checkpoints/best.pt
Saved PyTorch checkpoint to results/unsteady/checkpoints/best.pt
Saved PyTorch checkpoint to results/unsteady/checkpoints/best.pt
Saved PyTorch checkpoint to results/unsteady/checkpoints/best.pt
Saved PyTorch checkpoint to results/unsteady/checkpoints/best.pt
Saved PyTorch checkpoint to results/unsteady/checkpoints/best.pt
Saved PyTorch checkpoint to results/unsteady/checkpoints/best.pt
Saved PyTorch checkpoint to results/unsteady/checkpoints/best.pt
Saved PyTorch checkpoint to results/unsteady/checkpoints/best.pt
Saved PyTorch checkpoint to results/unsteady/checkpoints/best.pt
Saved PyTorch checkpoint to results/unsteady/checkpoints/best.pt
Saved PyTorch checkpoint to results/unsteady/checkpoints/best.pt
Saved PyTorch checkpoint to results/unsteady/checkpoints/best.pt
Saved PyTorch checkpoint to results/unsteady/checkpoints/best.pt
Saved PyTorch checkpoint to results/unsteady/checkpoints/best.pt
Saved PyTorch checkpoint to results/unsteady/checkpoints/best.pt
Saved PyTorch checkpoint to results/unsteady/checkpoints/best.pt
Saved PyTorch checkpoint to results/unsteady/checkpoints/best.pt
Saved PyTorch checkpoint to results/unsteady/checkpoints/best.pt
Saved PyTorch checkpoint to results/unsteady/checkpoints/best.pt
Saved PyTorch checkpoint to results/unsteady/checkpoints/best.pt
Saved PyTorch checkpoint to results/unsteady/checkpoints/best.pt
Saved PyTorch checkpoint to results/unsteady/checkpoints/best.pt
Saved PyTorch checkpoint to results/unsteady/checkpoints/best.pt
Saved PyTorch checkpoint to results/unsteady/checkpoints/best.pt
Saved PyTorch checkpoint to results/unsteady/checkpoints/best.pt
Saved PyTorch checkpoint to results/unsteady/checkpoints/best.pt
Saved PyTorch checkpoint to results/unsteady/checkpoints/best.pt
Saved PyTorch checkpoint to results/unsteady/checkpoints/best.pt
Saved PyTorch checkpoint to results/unsteady/checkpoints/best.pt
Saved PyTorch checkpoint to results/unsteady/checkpoints/best.pt
Saved PyTorch checkpoint to results/unsteady/checkpoints/best.pt
Saved PyTorch checkpoint to results/unsteady/checkpoints/best.pt
Saved PyTorch checkpoint to results/unsteady/checkpoints/best.pt
Saved PyTorch checkpoint to results/unsteady/checkpoints/best.pt
Saved PyTorch checkpoint to results/unsteady/checkpoints/best.pt
Saved PyTorch checkpoint to results/unsteady/checkpoints/best.pt
Saved PyTorch checkpoint to results/unsteady/checkpoints/best.pt
Saved PyTorch checkpoint to results/unsteady/checkpoints/best.pt
Saved PyTorch checkpoint to results/unsteady/checkpoints/best.pt
Saved PyTorch checkpoint to results/unsteady/checkpoints/best.pt
Saved PyTorch checkpoint to results/unsteady/checkpoints/best.pt
Saved PyTorch checkpoint to results/unsteady/checkpoints/best.pt
Saved PyTorch checkpoint to results/unsteady/checkpoints/best.pt
Saved PyTorch checkpoint to results/unsteady/checkpoints/best.pt
Saved PyTorch checkpoint to results/unsteady/checkpoints/best.pt
Saved PyTorch checkpoint to results/unsteady/checkpoints/best.pt
Saved PyTorch checkpoint to results/unsteady/checkpoints/best.pt
Saved PyTorch checkpoint to results/unsteady/checkpoints/best.pt
Saved PyTorch checkpoint to results/unsteady/checkpoints/best.pt
Saved PyTorch checkpoint to results/unsteady/checkpoints/best.pt
Saved PyTorch checkpoint to results/unsteady/checkpoints/best.pt
Saved PyTorch checkpoint to results/unsteady/checkpoints/best.pt
Saved PyTorch checkpoint to results/unsteady/checkpoints/best.pt
Saved PyTorch checkpoint to results/unsteady/checkpoints/best.pt
Saved PyTorch checkpoint to results/unsteady/checkpoints/best.pt
Saved PyTorch checkpoint to results/unsteady/checkpoints/best.pt
Saved PyTorch checkpoint to results/unsteady/checkpoints/best.pt
Saved PyTorch checkpoint to results/unsteady/checkpoints/best.pt
Saved PyTorch checkpoint to results/unsteady/checkpoints/best.pt
Saved PyTorch checkpoint to results/unsteady/checkpoints/best.pt
Saved PyTorch checkpoint to results/unsteady/checkpoints/best.pt
Saved PyTorch checkpoint to results/unsteady/checkpoints/best.pt
Saved PyTorch checkpoint to results/unsteady/checkpoints/best.pt
Saved PyTorch checkpoint to results/unsteady/checkpoints/best.pt
Saved PyTorch checkpoint to results/unsteady/checkpoints/best.pt
Saved PyTorch checkpoint to results/unsteady/checkpoints/best.pt
Saved PyTorch checkpoint to results/unsteady/checkpoints/best.pt
Saved PyTorch checkpoint to results/unsteady/checkpoints/best.pt
Saved PyTorch checkpoint to results/unsteady/checkpoints/best.pt
Adam 1600 | total=1.384e-01 f=2.946e-02 ic=1.530e-03 wall=1.178e-02 inlet=9.694e-03 outlet=1.309e-05 lr=5.000e-04
Saved PyTorch checkpoint to results/unsteady/checkpoints/best.pt
Saved PyTorch checkpoint to results/unsteady/checkpoints/best.pt
Saved PyTorch checkpoint to results/unsteady/checkpoints/best.pt
Saved PyTorch checkpoint to results/unsteady/checkpoints/best.pt
Saved PyTorch checkpoint to results/unsteady/checkpoints/best.pt
Saved PyTorch checkpoint to results/unsteady/checkpoints/best.pt
Saved PyTorch checkpoint to results/unsteady/checkpoints/best.pt
Saved PyTorch checkpoint to results/unsteady/checkpoints/best.pt
Saved PyTorch checkpoint to results/unsteady/checkpoints/best.pt
Saved PyTorch checkpoint to results/unsteady/checkpoints/best.pt
Saved PyTorch checkpoint to results/unsteady/checkpoints/best.pt
Saved PyTorch checkpoint to results/unsteady/checkpoints/best.pt
Saved PyTorch checkpoint to results/unsteady/checkpoints/best.pt
Saved PyTorch checkpoint to results/unsteady/checkpoints/best.pt
Saved PyTorch checkpoint to results/unsteady/checkpoints/best.pt
Saved PyTorch checkpoint to results/unsteady/checkpoints/best.pt
Saved PyTorch checkpoint to results/unsteady/checkpoints/best.pt
Saved PyTorch checkpoint to results/unsteady/checkpoints/best.pt
Saved PyTorch checkpoint to results/unsteady/checkpoints/best.pt
Saved PyTorch checkpoint to results/unsteady/checkpoints/best.pt
Saved PyTorch checkpoint to results/unsteady/checkpoints/best.pt
Saved PyTorch checkpoint to results/unsteady/checkpoints/best.pt
Saved PyTorch checkpoint to results/unsteady/checkpoints/best.pt
Saved PyTorch checkpoint to results/unsteady/checkpoints/best.pt
Saved PyTorch checkpoint to results/unsteady/checkpoints/best.pt
Saved PyTorch checkpoint to results/unsteady/checkpoints/best.pt
Saved PyTorch checkpoint to results/unsteady/checkpoints/best.pt
Saved PyTorch checkpoint to results/unsteady/checkpoints/best.pt
Saved PyTorch checkpoint to results/unsteady/checkpoints/best.pt
Saved PyTorch checkpoint to results/unsteady/checkpoints/best.pt
Saved PyTorch checkpoint to results/unsteady/checkpoints/best.pt
Saved PyTorch checkpoint to results/unsteady/checkpoints/best.pt
Saved PyTorch checkpoint to results/unsteady/checkpoints/best.pt
Saved PyTorch checkpoint to results/unsteady/checkpoints/best.pt
Saved PyTorch checkpoint to results/unsteady/checkpoints/best.pt
Saved PyTorch checkpoint to results/unsteady/checkpoints/best.pt
Saved PyTorch checkpoint to results/unsteady/checkpoints/best.pt
Saved PyTorch checkpoint to results/unsteady/checkpoints/best.pt
Saved PyTorch checkpoint to results/unsteady/checkpoints/best.pt
Saved PyTorch checkpoint to results/unsteady/checkpoints/best.pt
Saved PyTorch checkpoint to results/unsteady/checkpoints/best.pt
Saved PyTorch checkpoint to results/unsteady/checkpoints/best.pt
Saved PyTorch checkpoint to results/unsteady/checkpoints/best.pt
Adam 1700 | total=1.333e-01 f=2.877e-02 ic=1.438e-03 wall=1.191e-02 inlet=8.703e-03 outlet=1.465e-05 lr=5.000e-04
Saved PyTorch checkpoint to results/unsteady/checkpoints/best.pt
Saved PyTorch checkpoint to results/unsteady/checkpoints/best.pt
Saved PyTorch checkpoint to results/unsteady/checkpoints/best.pt
Saved PyTorch checkpoint to results/unsteady/checkpoints/best.pt
Saved PyTorch checkpoint to results/unsteady/checkpoints/best.pt
Saved PyTorch checkpoint to results/unsteady/checkpoints/best.pt
Saved PyTorch checkpoint to results/unsteady/checkpoints/best.pt
Saved PyTorch checkpoint to results/unsteady/checkpoints/best.pt
Saved PyTorch checkpoint to results/unsteady/checkpoints/best.pt
Saved PyTorch checkpoint to results/unsteady/checkpoints/best.pt
Saved PyTorch checkpoint to results/unsteady/checkpoints/best.pt
Saved PyTorch checkpoint to results/unsteady/checkpoints/best.pt
Saved PyTorch checkpoint to results/unsteady/checkpoints/best.pt
Saved PyTorch checkpoint to results/unsteady/checkpoints/best.pt
Saved PyTorch checkpoint to results/unsteady/checkpoints/best.pt
Saved PyTorch checkpoint to results/unsteady/checkpoints/best.pt
Saved PyTorch checkpoint to results/unsteady/checkpoints/best.pt
Saved PyTorch checkpoint to results/unsteady/checkpoints/best.pt
Saved PyTorch checkpoint to results/unsteady/checkpoints/best.pt
Saved PyTorch checkpoint to results/unsteady/checkpoints/best.pt
Saved PyTorch checkpoint to results/unsteady/checkpoints/best.pt
Saved PyTorch checkpoint to results/unsteady/checkpoints/best.pt
Saved PyTorch checkpoint to results/unsteady/checkpoints/best.pt
Saved PyTorch checkpoint to results/unsteady/checkpoints/best.pt
Saved PyTorch checkpoint to results/unsteady/checkpoints/best.pt
Saved PyTorch checkpoint to results/unsteady/checkpoints/best.pt
Saved PyTorch checkpoint to results/unsteady/checkpoints/best.pt
Saved PyTorch checkpoint to results/unsteady/checkpoints/best.pt
Saved PyTorch checkpoint to results/unsteady/checkpoints/best.pt
Saved PyTorch checkpoint to results/unsteady/checkpoints/best.pt
Saved PyTorch checkpoint to results/unsteady/checkpoints/best.pt
Saved PyTorch checkpoint to results/unsteady/checkpoints/best.pt
Saved PyTorch checkpoint to results/unsteady/checkpoints/best.pt
Saved PyTorch checkpoint to results/unsteady/checkpoints/best.pt
Saved PyTorch checkpoint to results/unsteady/checkpoints/best.pt
Saved PyTorch checkpoint to results/unsteady/checkpoints/best.pt
Saved PyTorch checkpoint to results/unsteady/checkpoints/best.pt
Saved PyTorch checkpoint to results/unsteady/checkpoints/best.pt
Saved PyTorch checkpoint to results/unsteady/checkpoints/best.pt
Saved PyTorch checkpoint to results/unsteady/checkpoints/best.pt
Saved PyTorch checkpoint to results/unsteady/checkpoints/best.pt
Saved PyTorch checkpoint to results/unsteady/checkpoints/best.pt
Saved PyTorch checkpoint to results/unsteady/checkpoints/best.pt
Adam 1800 | total=1.284e-01 f=2.742e-02 ic=1.254e-03 wall=1.144e-02 inlet=8.498e-03 outlet=1.771e-05 lr=5.000e-04
Saved PyTorch checkpoint to results/unsteady/checkpoints/best.pt
Saved PyTorch checkpoint to results/unsteady/checkpoints/best.pt
Saved PyTorch checkpoint to results/unsteady/checkpoints/best.pt
Saved PyTorch checkpoint to results/unsteady/checkpoints/best.pt
Saved PyTorch checkpoint to results/unsteady/checkpoints/best.pt
Saved PyTorch checkpoint to results/unsteady/checkpoints/best.pt
Saved PyTorch checkpoint to results/unsteady/checkpoints/best.pt
Saved PyTorch checkpoint to results/unsteady/checkpoints/best.pt
Saved PyTorch checkpoint to results/unsteady/checkpoints/best.pt
Saved PyTorch checkpoint to results/unsteady/checkpoints/best.pt
Saved PyTorch checkpoint to results/unsteady/checkpoints/best.pt
Saved PyTorch checkpoint to results/unsteady/checkpoints/best.pt
Saved PyTorch checkpoint to results/unsteady/checkpoints/best.pt
Saved PyTorch checkpoint to results/unsteady/checkpoints/best.pt
Saved PyTorch checkpoint to results/unsteady/checkpoints/best.pt
Saved PyTorch checkpoint to results/unsteady/checkpoints/best.pt
Saved PyTorch checkpoint to results/unsteady/checkpoints/best.pt
Saved PyTorch checkpoint to results/unsteady/checkpoints/best.pt
Saved PyTorch checkpoint to results/unsteady/checkpoints/best.pt
Saved PyTorch checkpoint to results/unsteady/checkpoints/best.pt
Saved PyTorch checkpoint to results/unsteady/checkpoints/best.pt
Saved PyTorch checkpoint to results/unsteady/checkpoints/best.pt
Saved PyTorch checkpoint to results/unsteady/checkpoints/best.pt
Saved PyTorch checkpoint to results/unsteady/checkpoints/best.pt
Saved PyTorch checkpoint to results/unsteady/checkpoints/best.pt
Saved PyTorch checkpoint to results/unsteady/checkpoints/best.pt
Saved PyTorch checkpoint to results/unsteady/checkpoints/best.pt
Saved PyTorch checkpoint to results/unsteady/checkpoints/best.pt
Saved PyTorch checkpoint to results/unsteady/checkpoints/best.pt
Saved PyTorch checkpoint to results/unsteady/checkpoints/best.pt
Saved PyTorch checkpoint to results/unsteady/checkpoints/best.pt
Saved PyTorch checkpoint to results/unsteady/checkpoints/best.pt
Saved PyTorch checkpoint to results/unsteady/checkpoints/best.pt
Saved PyTorch checkpoint to results/unsteady/checkpoints/best.pt
Saved PyTorch checkpoint to results/unsteady/checkpoints/best.pt
Saved PyTorch checkpoint to results/unsteady/checkpoints/best.pt
Saved PyTorch checkpoint to results/unsteady/checkpoints/best.pt
Saved PyTorch checkpoint to results/unsteady/checkpoints/best.pt
Saved PyTorch checkpoint to results/unsteady/checkpoints/best.pt
Saved PyTorch checkpoint to results/unsteady/checkpoints/best.pt
Saved PyTorch checkpoint to results/unsteady/checkpoints/best.pt
Saved PyTorch checkpoint to results/unsteady/checkpoints/best.pt
Saved PyTorch checkpoint to results/unsteady/checkpoints/best.pt
Saved PyTorch checkpoint to results/unsteady/checkpoints/best.pt
Adam 1900 | total=1.240e-01 f=2.656e-02 ic=1.174e-03 wall=1.140e-02 inlet=7.862e-03 outlet=1.999e-05 lr=5.000e-04
Saved PyTorch checkpoint to results/unsteady/checkpoints/best.pt
Saved PyTorch checkpoint to results/unsteady/checkpoints/best.pt
Saved PyTorch checkpoint to results/unsteady/checkpoints/best.pt
Saved PyTorch checkpoint to results/unsteady/checkpoints/best.pt
Saved PyTorch checkpoint to results/unsteady/checkpoints/best.pt
Saved PyTorch checkpoint to results/unsteady/checkpoints/best.pt
Saved PyTorch checkpoint to results/unsteady/checkpoints/best.pt
Saved PyTorch checkpoint to results/unsteady/checkpoints/best.pt
Saved PyTorch checkpoint to results/unsteady/checkpoints/best.pt
Saved PyTorch checkpoint to results/unsteady/checkpoints/best.pt
Saved PyTorch checkpoint to results/unsteady/checkpoints/best.pt
Saved PyTorch checkpoint to results/unsteady/checkpoints/best.pt
Saved PyTorch checkpoint to results/unsteady/checkpoints/best.pt
Saved PyTorch checkpoint to results/unsteady/checkpoints/best.pt
Saved PyTorch checkpoint to results/unsteady/checkpoints/best.pt
Saved PyTorch checkpoint to results/unsteady/checkpoints/best.pt
Saved PyTorch checkpoint to results/unsteady/checkpoints/best.pt
Saved PyTorch checkpoint to results/unsteady/checkpoints/best.pt
Saved PyTorch checkpoint to results/unsteady/checkpoints/best.pt
Saved PyTorch checkpoint to results/unsteady/checkpoints/best.pt
Saved PyTorch checkpoint to results/unsteady/checkpoints/best.pt
Saved PyTorch checkpoint to results/unsteady/checkpoints/best.pt
Saved PyTorch checkpoint to results/unsteady/checkpoints/best.pt
Saved PyTorch checkpoint to results/unsteady/checkpoints/best.pt
Saved PyTorch checkpoint to results/unsteady/checkpoints/best.pt
Saved PyTorch checkpoint to results/unsteady/checkpoints/best.pt
Saved PyTorch checkpoint to results/unsteady/checkpoints/best.pt
Saved PyTorch checkpoint to results/unsteady/checkpoints/best.pt
Saved PyTorch checkpoint to results/unsteady/checkpoints/best.pt
Saved PyTorch checkpoint to results/unsteady/checkpoints/best.pt
Saved PyTorch checkpoint to results/unsteady/checkpoints/best.pt
Saved PyTorch checkpoint to results/unsteady/checkpoints/best.pt
Saved PyTorch checkpoint to results/unsteady/checkpoints/best.pt
Saved PyTorch checkpoint to results/unsteady/checkpoints/best.pt
Saved PyTorch checkpoint to results/unsteady/checkpoints/best.pt
Saved PyTorch checkpoint to results/unsteady/checkpoints/best.pt
Saved PyTorch checkpoint to results/unsteady/checkpoints/best.pt
Saved PyTorch checkpoint to results/unsteady/checkpoints/best.pt
Saved PyTorch checkpoint to results/unsteady/checkpoints/best.pt
Saved PyTorch checkpoint to results/unsteady/checkpoints/best.pt
Saved PyTorch checkpoint to results/unsteady/checkpoints/best.pt
Saved PyTorch checkpoint to results/unsteady/checkpoints/best.pt
Adam 2000 | total=1.199e-01 f=2.557e-02 ic=1.081e-03 wall=1.117e-02 inlet=7.478e-03 outlet=2.379e-05 lr=5.000e-04
Saved PyTorch checkpoint to results/unsteady/checkpoints/best.pt
Saved PyTorch checkpoint to results/unsteady/checkpoints/best.pt
Saved PyTorch checkpoint to results/unsteady/checkpoints/best.pt
Saved PyTorch checkpoint to results/unsteady/checkpoints/best.pt
Saved PyTorch checkpoint to results/unsteady/checkpoints/best.pt
Saved PyTorch checkpoint to results/unsteady/checkpoints/best.pt
Saved PyTorch checkpoint to results/unsteady/checkpoints/best.pt
Saved PyTorch checkpoint to results/unsteady/checkpoints/best.pt
Saved PyTorch checkpoint to results/unsteady/checkpoints/best.pt
Saved PyTorch checkpoint to results/unsteady/checkpoints/best.pt
Saved PyTorch checkpoint to results/unsteady/checkpoints/best.pt
Saved PyTorch checkpoint to results/unsteady/checkpoints/best.pt
Saved PyTorch checkpoint to results/unsteady/checkpoints/best.pt
Saved PyTorch checkpoint to results/unsteady/checkpoints/best.pt
Saved PyTorch checkpoint to results/unsteady/checkpoints/best.pt
Saved PyTorch checkpoint to results/unsteady/checkpoints/best.pt
Saved PyTorch checkpoint to results/unsteady/checkpoints/best.pt
Saved PyTorch checkpoint to results/unsteady/checkpoints/best.pt
Saved PyTorch checkpoint to results/unsteady/checkpoints/best.pt
Saved PyTorch checkpoint to results/unsteady/checkpoints/best.pt
Saved PyTorch checkpoint to results/unsteady/checkpoints/best.pt
Saved PyTorch checkpoint to results/unsteady/checkpoints/best.pt
Saved PyTorch checkpoint to results/unsteady/checkpoints/best.pt
Saved PyTorch checkpoint to results/unsteady/checkpoints/best.pt
Saved PyTorch checkpoint to results/unsteady/checkpoints/best.pt
Saved PyTorch checkpoint to results/unsteady/checkpoints/best.pt
Saved PyTorch checkpoint to results/unsteady/checkpoints/best.pt
Saved PyTorch checkpoint to results/unsteady/checkpoints/best.pt
Saved PyTorch checkpoint to results/unsteady/checkpoints/best.pt
Saved PyTorch checkpoint to results/unsteady/checkpoints/best.pt
Saved PyTorch checkpoint to results/unsteady/checkpoints/best.pt
Saved PyTorch checkpoint to results/unsteady/checkpoints/best.pt
Saved PyTorch checkpoint to results/unsteady/checkpoints/best.pt
Saved PyTorch checkpoint to results/unsteady/checkpoints/best.pt
Saved PyTorch checkpoint to results/unsteady/checkpoints/best.pt
Saved PyTorch checkpoint to results/unsteady/checkpoints/best.pt
Saved PyTorch checkpoint to results/unsteady/checkpoints/best.pt
Saved PyTorch checkpoint to results/unsteady/checkpoints/best.pt
Saved PyTorch checkpoint to results/unsteady/checkpoints/best.pt
Saved PyTorch checkpoint to results/unsteady/checkpoints/best.pt
Saved PyTorch checkpoint to results/unsteady/checkpoints/best.pt
Saved PyTorch checkpoint to results/unsteady/checkpoints/best.pt
Saved PyTorch checkpoint to results/unsteady/checkpoints/best.pt
Saved PyTorch checkpoint to results/unsteady/checkpoints/best.pt
Saved PyTorch checkpoint to results/unsteady/checkpoints/best.pt
Saved PyTorch checkpoint to results/unsteady/checkpoints/best.pt
Saved PyTorch checkpoint to results/unsteady/checkpoints/best.pt
Saved PyTorch checkpoint to results/unsteady/checkpoints/best.pt
Saved PyTorch checkpoint to results/unsteady/checkpoints/best.pt
Saved PyTorch checkpoint to results/unsteady/checkpoints/best.pt
Saved PyTorch checkpoint to results/unsteady/checkpoints/best.pt
Saved PyTorch checkpoint to results/unsteady/checkpoints/best.pt
Saved PyTorch checkpoint to results/unsteady/checkpoints/best.pt
Saved PyTorch checkpoint to results/unsteady/checkpoints/best.pt
Saved PyTorch checkpoint to results/unsteady/checkpoints/best.pt
Saved PyTorch checkpoint to results/unsteady/checkpoints/best.pt
Saved PyTorch checkpoint to results/unsteady/checkpoints/best.pt
Adam 2100 | total=1.164e-01 f=2.376e-02 ic=9.906e-04 wall=1.084e-02 inlet=7.481e-03 outlet=2.334e-05 lr=5.000e-04
Saved PyTorch checkpoint to results/unsteady/checkpoints/best.pt
Saved PyTorch checkpoint to results/unsteady/checkpoints/best.pt
Saved PyTorch checkpoint to results/unsteady/checkpoints/best.pt
Saved PyTorch checkpoint to results/unsteady/checkpoints/best.pt
Saved PyTorch checkpoint to results/unsteady/checkpoints/best.pt
Saved PyTorch checkpoint to results/unsteady/checkpoints/best.pt
Saved PyTorch checkpoint to results/unsteady/checkpoints/best.pt
Saved PyTorch checkpoint to results/unsteady/checkpoints/best.pt
Saved PyTorch checkpoint to results/unsteady/checkpoints/best.pt
Saved PyTorch checkpoint to results/unsteady/checkpoints/best.pt
Saved PyTorch checkpoint to results/unsteady/checkpoints/best.pt
Saved PyTorch checkpoint to results/unsteady/checkpoints/best.pt
Saved PyTorch checkpoint to results/unsteady/checkpoints/best.pt
Saved PyTorch checkpoint to results/unsteady/checkpoints/best.pt
Saved PyTorch checkpoint to results/unsteady/checkpoints/best.pt
Saved PyTorch checkpoint to results/unsteady/checkpoints/best.pt
Saved PyTorch checkpoint to results/unsteady/checkpoints/best.pt
Saved PyTorch checkpoint to results/unsteady/checkpoints/best.pt
Saved PyTorch checkpoint to results/unsteady/checkpoints/best.pt
Saved PyTorch checkpoint to results/unsteady/checkpoints/best.pt
Saved PyTorch checkpoint to results/unsteady/checkpoints/best.pt
Saved PyTorch checkpoint to results/unsteady/checkpoints/best.pt
Saved PyTorch checkpoint to results/unsteady/checkpoints/best.pt
Saved PyTorch checkpoint to results/unsteady/checkpoints/best.pt
Saved PyTorch checkpoint to results/unsteady/checkpoints/best.pt
Saved PyTorch checkpoint to results/unsteady/checkpoints/best.pt
Saved PyTorch checkpoint to results/unsteady/checkpoints/best.pt
Saved PyTorch checkpoint to results/unsteady/checkpoints/best.pt
Saved PyTorch checkpoint to results/unsteady/checkpoints/best.pt
Saved PyTorch checkpoint to results/unsteady/checkpoints/best.pt
Saved PyTorch checkpoint to results/unsteady/checkpoints/best.pt
Saved PyTorch checkpoint to results/unsteady/checkpoints/best.pt
Saved PyTorch checkpoint to results/unsteady/checkpoints/best.pt
Saved PyTorch checkpoint to results/unsteady/checkpoints/best.pt
Saved PyTorch checkpoint to results/unsteady/checkpoints/best.pt
Saved PyTorch checkpoint to results/unsteady/checkpoints/best.pt
Saved PyTorch checkpoint to results/unsteady/checkpoints/best.pt
Saved PyTorch checkpoint to results/unsteady/checkpoints/best.pt
Saved PyTorch checkpoint to results/unsteady/checkpoints/best.pt
Saved PyTorch checkpoint to results/unsteady/checkpoints/best.pt
Saved PyTorch checkpoint to results/unsteady/checkpoints/best.pt
Saved PyTorch checkpoint to results/unsteady/checkpoints/best.pt
Saved PyTorch checkpoint to results/unsteady/checkpoints/best.pt
Saved PyTorch checkpoint to results/unsteady/checkpoints/best.pt
Saved PyTorch checkpoint to results/unsteady/checkpoints/best.pt
Saved PyTorch checkpoint to results/unsteady/checkpoints/best.pt
Saved PyTorch checkpoint to results/unsteady/checkpoints/best.pt
Saved PyTorch checkpoint to results/unsteady/checkpoints/best.pt
Saved PyTorch checkpoint to results/unsteady/checkpoints/best.pt
Saved PyTorch checkpoint to results/unsteady/checkpoints/best.pt
Saved PyTorch checkpoint to results/unsteady/checkpoints/best.pt
Saved PyTorch checkpoint to results/unsteady/checkpoints/best.pt
Saved PyTorch checkpoint to results/unsteady/checkpoints/best.pt
Saved PyTorch checkpoint to results/unsteady/checkpoints/best.pt
Saved PyTorch checkpoint to results/unsteady/checkpoints/best.pt
Saved PyTorch checkpoint to results/unsteady/checkpoints/best.pt
Saved PyTorch checkpoint to results/unsteady/checkpoints/best.pt
Saved PyTorch checkpoint to results/unsteady/checkpoints/best.pt
Saved PyTorch checkpoint to results/unsteady/checkpoints/best.pt
Saved PyTorch checkpoint to results/unsteady/checkpoints/best.pt
Saved PyTorch checkpoint to results/unsteady/checkpoints/best.pt
Saved PyTorch checkpoint to results/unsteady/checkpoints/best.pt
Saved PyTorch checkpoint to results/unsteady/checkpoints/best.pt
Saved PyTorch checkpoint to results/unsteady/checkpoints/best.pt
Saved PyTorch checkpoint to results/unsteady/checkpoints/best.pt
Saved PyTorch checkpoint to results/unsteady/checkpoints/best.pt
Saved PyTorch checkpoint to results/unsteady/checkpoints/best.pt
Saved PyTorch checkpoint to results/unsteady/checkpoints/best.pt
Adam 2200 | total=1.578e-01 f=3.448e-02 ic=1.772e-03 wall=1.116e-02 inlet=1.316e-02 outlet=2.217e-05 lr=5.000e-04
Saved PyTorch checkpoint to results/unsteady/checkpoints/best.pt
Saved PyTorch checkpoint to results/unsteady/checkpoints/best.pt
Saved PyTorch checkpoint to results/unsteady/checkpoints/best.pt
Saved PyTorch checkpoint to results/unsteady/checkpoints/best.pt
Saved PyTorch checkpoint to results/unsteady/checkpoints/best.pt
Saved PyTorch checkpoint to results/unsteady/checkpoints/best.pt
Saved PyTorch checkpoint to results/unsteady/checkpoints/best.pt
Saved PyTorch checkpoint to results/unsteady/checkpoints/best.pt
Saved PyTorch checkpoint to results/unsteady/checkpoints/best.pt
Saved PyTorch checkpoint to results/unsteady/checkpoints/best.pt
Saved PyTorch checkpoint to results/unsteady/checkpoints/best.pt
Saved PyTorch checkpoint to results/unsteady/checkpoints/best.pt
Saved PyTorch checkpoint to results/unsteady/checkpoints/best.pt
Saved PyTorch checkpoint to results/unsteady/checkpoints/best.pt
Saved PyTorch checkpoint to results/unsteady/checkpoints/best.pt
Saved PyTorch checkpoint to results/unsteady/checkpoints/best.pt
Saved PyTorch checkpoint to results/unsteady/checkpoints/best.pt
Saved PyTorch checkpoint to results/unsteady/checkpoints/best.pt
Saved PyTorch checkpoint to results/unsteady/checkpoints/best.pt
Saved PyTorch checkpoint to results/unsteady/checkpoints/best.pt
Saved PyTorch checkpoint to results/unsteady/checkpoints/best.pt
Saved PyTorch checkpoint to results/unsteady/checkpoints/best.pt
Saved PyTorch checkpoint to results/unsteady/checkpoints/best.pt
Saved PyTorch checkpoint to results/unsteady/checkpoints/best.pt
Saved PyTorch checkpoint to results/unsteady/checkpoints/best.pt
Saved PyTorch checkpoint to results/unsteady/checkpoints/best.pt
Saved PyTorch checkpoint to results/unsteady/checkpoints/best.pt
Saved PyTorch checkpoint to results/unsteady/checkpoints/best.pt
Saved PyTorch checkpoint to results/unsteady/checkpoints/best.pt
Saved PyTorch checkpoint to results/unsteady/checkpoints/best.pt
Saved PyTorch checkpoint to results/unsteady/checkpoints/best.pt
Saved PyTorch checkpoint to results/unsteady/checkpoints/best.pt
Saved PyTorch checkpoint to results/unsteady/checkpoints/best.pt
Saved PyTorch checkpoint to results/unsteady/checkpoints/best.pt
Saved PyTorch checkpoint to results/unsteady/checkpoints/best.pt
Saved PyTorch checkpoint to results/unsteady/checkpoints/best.pt
Saved PyTorch checkpoint to results/unsteady/checkpoints/best.pt
Saved PyTorch checkpoint to results/unsteady/checkpoints/best.pt
Saved PyTorch checkpoint to results/unsteady/checkpoints/best.pt
Saved PyTorch checkpoint to results/unsteady/checkpoints/best.pt
Saved PyTorch checkpoint to results/unsteady/checkpoints/best.pt
Saved PyTorch checkpoint to results/unsteady/checkpoints/best.pt
Saved PyTorch checkpoint to results/unsteady/checkpoints/best.pt
Saved PyTorch checkpoint to results/unsteady/checkpoints/best.pt
Saved PyTorch checkpoint to results/unsteady/checkpoints/best.pt
Saved PyTorch checkpoint to results/unsteady/checkpoints/best.pt
Saved PyTorch checkpoint to results/unsteady/checkpoints/best.pt
Saved PyTorch checkpoint to results/unsteady/checkpoints/best.pt
Saved PyTorch checkpoint to results/unsteady/checkpoints/best.pt
Saved PyTorch checkpoint to results/unsteady/checkpoints/best.pt
Saved PyTorch checkpoint to results/unsteady/checkpoints/best.pt
Saved PyTorch checkpoint to results/unsteady/checkpoints/best.pt
Saved PyTorch checkpoint to results/unsteady/checkpoints/best.pt
Saved PyTorch checkpoint to results/unsteady/checkpoints/best.pt
Adam 2300 | total=1.079e-01 f=2.270e-02 ic=9.593e-04 wall=1.076e-02 inlet=6.088e-03 outlet=2.282e-05 lr=5.000e-04
Saved PyTorch checkpoint to results/unsteady/checkpoints/best.pt
Saved PyTorch checkpoint to results/unsteady/checkpoints/best.pt
Saved PyTorch checkpoint to results/unsteady/checkpoints/best.pt
Saved PyTorch checkpoint to results/unsteady/checkpoints/best.pt
Saved PyTorch checkpoint to results/unsteady/checkpoints/best.pt
Saved PyTorch checkpoint to results/unsteady/checkpoints/best.pt
Saved PyTorch checkpoint to results/unsteady/checkpoints/best.pt
Saved PyTorch checkpoint to results/unsteady/checkpoints/best.pt
Saved PyTorch checkpoint to results/unsteady/checkpoints/best.pt
Saved PyTorch checkpoint to results/unsteady/checkpoints/best.pt
Saved PyTorch checkpoint to results/unsteady/checkpoints/best.pt
Saved PyTorch checkpoint to results/unsteady/checkpoints/best.pt
Saved PyTorch checkpoint to results/unsteady/checkpoints/best.pt
Saved PyTorch checkpoint to results/unsteady/checkpoints/best.pt
Saved PyTorch checkpoint to results/unsteady/checkpoints/best.pt
Saved PyTorch checkpoint to results/unsteady/checkpoints/best.pt
Saved PyTorch checkpoint to results/unsteady/checkpoints/best.pt
Saved PyTorch checkpoint to results/unsteady/checkpoints/best.pt
Saved PyTorch checkpoint to results/unsteady/checkpoints/best.pt
Saved PyTorch checkpoint to results/unsteady/checkpoints/best.pt
Saved PyTorch checkpoint to results/unsteady/checkpoints/best.pt
Saved PyTorch checkpoint to results/unsteady/checkpoints/best.pt
Saved PyTorch checkpoint to results/unsteady/checkpoints/best.pt
Saved PyTorch checkpoint to results/unsteady/checkpoints/best.pt
Saved PyTorch checkpoint to results/unsteady/checkpoints/best.pt
Saved PyTorch checkpoint to results/unsteady/checkpoints/best.pt
Saved PyTorch checkpoint to results/unsteady/checkpoints/best.pt
Saved PyTorch checkpoint to results/unsteady/checkpoints/best.pt
Saved PyTorch checkpoint to results/unsteady/checkpoints/best.pt
Saved PyTorch checkpoint to results/unsteady/checkpoints/best.pt
Saved PyTorch checkpoint to results/unsteady/checkpoints/best.pt
Saved PyTorch checkpoint to results/unsteady/checkpoints/best.pt
Saved PyTorch checkpoint to results/unsteady/checkpoints/best.pt
Saved PyTorch checkpoint to results/unsteady/checkpoints/best.pt
Saved PyTorch checkpoint to results/unsteady/checkpoints/best.pt
Saved PyTorch checkpoint to results/unsteady/checkpoints/best.pt
Saved PyTorch checkpoint to results/unsteady/checkpoints/best.pt
Saved PyTorch checkpoint to results/unsteady/checkpoints/best.pt
Saved PyTorch checkpoint to results/unsteady/checkpoints/best.pt
Saved PyTorch checkpoint to results/unsteady/checkpoints/best.pt
Saved PyTorch checkpoint to results/unsteady/checkpoints/best.pt
Saved PyTorch checkpoint to results/unsteady/checkpoints/best.pt
Saved PyTorch checkpoint to results/unsteady/checkpoints/best.pt
Adam 2400 | total=1.045e-01 f=2.196e-02 ic=9.618e-04 wall=1.101e-02 inlet=5.295e-03 outlet=2.055e-05 lr=5.000e-04
Saved PyTorch checkpoint to results/unsteady/checkpoints/best.pt
Saved PyTorch checkpoint to results/unsteady/checkpoints/best.pt
Saved PyTorch checkpoint to results/unsteady/checkpoints/best.pt
Saved PyTorch checkpoint to results/unsteady/checkpoints/best.pt
Saved PyTorch checkpoint to results/unsteady/checkpoints/best.pt
Saved PyTorch checkpoint to results/unsteady/checkpoints/best.pt
Saved PyTorch checkpoint to results/unsteady/checkpoints/best.pt
Saved PyTorch checkpoint to results/unsteady/checkpoints/best.pt
Saved PyTorch checkpoint to results/unsteady/checkpoints/best.pt
Saved PyTorch checkpoint to results/unsteady/checkpoints/best.pt
Saved PyTorch checkpoint to results/unsteady/checkpoints/best.pt
Saved PyTorch checkpoint to results/unsteady/checkpoints/best.pt
Saved PyTorch checkpoint to results/unsteady/checkpoints/best.pt
Saved PyTorch checkpoint to results/unsteady/checkpoints/best.pt
Saved PyTorch checkpoint to results/unsteady/checkpoints/best.pt
Saved PyTorch checkpoint to results/unsteady/checkpoints/best.pt
Saved PyTorch checkpoint to results/unsteady/checkpoints/best.pt
Saved PyTorch checkpoint to results/unsteady/checkpoints/best.pt
Saved PyTorch checkpoint to results/unsteady/checkpoints/best.pt
Saved PyTorch checkpoint to results/unsteady/checkpoints/best.pt
Saved PyTorch checkpoint to results/unsteady/checkpoints/best.pt
Saved PyTorch checkpoint to results/unsteady/checkpoints/best.pt
Saved PyTorch checkpoint to results/unsteady/checkpoints/best.pt
Saved PyTorch checkpoint to results/unsteady/checkpoints/best.pt
Saved PyTorch checkpoint to results/unsteady/checkpoints/best.pt
Saved PyTorch checkpoint to results/unsteady/checkpoints/best.pt
Saved PyTorch checkpoint to results/unsteady/checkpoints/best.pt
Saved PyTorch checkpoint to results/unsteady/checkpoints/best.pt
Saved PyTorch checkpoint to results/unsteady/checkpoints/best.pt
Saved PyTorch checkpoint to results/unsteady/checkpoints/best.pt
Saved PyTorch checkpoint to results/unsteady/checkpoints/best.pt
Saved PyTorch checkpoint to results/unsteady/checkpoints/best.pt
Saved PyTorch checkpoint to results/unsteady/checkpoints/best.pt
Saved PyTorch checkpoint to results/unsteady/checkpoints/best.pt
Saved PyTorch checkpoint to results/unsteady/checkpoints/best.pt
Saved PyTorch checkpoint to results/unsteady/checkpoints/best.pt
Saved PyTorch checkpoint to results/unsteady/checkpoints/best.pt
Saved PyTorch checkpoint to results/unsteady/checkpoints/best.pt
Saved PyTorch checkpoint to results/unsteady/checkpoints/best.pt
Saved PyTorch checkpoint to results/unsteady/checkpoints/best.pt
Saved PyTorch checkpoint to results/unsteady/checkpoints/best.pt
Saved PyTorch checkpoint to results/unsteady/checkpoints/best.pt
Saved PyTorch checkpoint to results/unsteady/checkpoints/best.pt
Saved PyTorch checkpoint to results/unsteady/checkpoints/best.pt
Saved PyTorch checkpoint to results/unsteady/checkpoints/best.pt
Saved PyTorch checkpoint to results/unsteady/checkpoints/best.pt
Saved PyTorch checkpoint to results/unsteady/checkpoints/best.pt
Saved PyTorch checkpoint to results/unsteady/checkpoints/best.pt
Saved PyTorch checkpoint to results/unsteady/checkpoints/best.pt
Adam 2500 | total=1.020e-01 f=2.080e-02 ic=9.650e-04 wall=1.038e-02 inlet=5.656e-03 outlet=2.111e-05 lr=5.000e-04
Saved PyTorch checkpoint to results/unsteady/checkpoints/best.pt
Saved PyTorch checkpoint to results/unsteady/checkpoints/best.pt
Saved PyTorch checkpoint to results/unsteady/checkpoints/best.pt
Saved PyTorch checkpoint to results/unsteady/checkpoints/best.pt
Saved PyTorch checkpoint to results/unsteady/checkpoints/best.pt
Saved PyTorch checkpoint to results/unsteady/checkpoints/best.pt
Saved PyTorch checkpoint to results/unsteady/checkpoints/best.pt
Saved PyTorch checkpoint to results/unsteady/checkpoints/best.pt
Saved PyTorch checkpoint to results/unsteady/checkpoints/best.pt
Saved PyTorch checkpoint to results/unsteady/checkpoints/best.pt
Saved PyTorch checkpoint to results/unsteady/checkpoints/best.pt
Saved PyTorch checkpoint to results/unsteady/checkpoints/best.pt
Saved PyTorch checkpoint to results/unsteady/checkpoints/best.pt
Saved PyTorch checkpoint to results/unsteady/checkpoints/best.pt
Saved PyTorch checkpoint to results/unsteady/checkpoints/best.pt
Saved PyTorch checkpoint to results/unsteady/checkpoints/best.pt
Saved PyTorch checkpoint to results/unsteady/checkpoints/best.pt
Saved PyTorch checkpoint to results/unsteady/checkpoints/best.pt
Saved PyTorch checkpoint to results/unsteady/checkpoints/best.pt
Saved PyTorch checkpoint to results/unsteady/checkpoints/best.pt
Saved PyTorch checkpoint to results/unsteady/checkpoints/best.pt
Saved PyTorch checkpoint to results/unsteady/checkpoints/best.pt
Saved PyTorch checkpoint to results/unsteady/checkpoints/best.pt
Saved PyTorch checkpoint to results/unsteady/checkpoints/best.pt
Saved PyTorch checkpoint to results/unsteady/checkpoints/best.pt
Saved PyTorch checkpoint to results/unsteady/checkpoints/best.pt
Saved PyTorch checkpoint to results/unsteady/checkpoints/best.pt
Saved PyTorch checkpoint to results/unsteady/checkpoints/best.pt
Saved PyTorch checkpoint to results/unsteady/checkpoints/best.pt
Saved PyTorch checkpoint to results/unsteady/checkpoints/best.pt
Saved PyTorch checkpoint to results/unsteady/checkpoints/best.pt
Saved PyTorch checkpoint to results/unsteady/checkpoints/best.pt
Saved PyTorch checkpoint to results/unsteady/checkpoints/best.pt
Saved PyTorch checkpoint to results/unsteady/checkpoints/best.pt
Saved PyTorch checkpoint to results/unsteady/checkpoints/best.pt
Saved PyTorch checkpoint to results/unsteady/checkpoints/best.pt
Saved PyTorch checkpoint to results/unsteady/checkpoints/best.pt
Saved PyTorch checkpoint to results/unsteady/checkpoints/best.pt
Saved PyTorch checkpoint to results/unsteady/checkpoints/best.pt
Saved PyTorch checkpoint to results/unsteady/checkpoints/best.pt
Saved PyTorch checkpoint to results/unsteady/checkpoints/best.pt
Saved PyTorch checkpoint to results/unsteady/checkpoints/best.pt
Saved PyTorch checkpoint to results/unsteady/checkpoints/best.pt
Saved PyTorch checkpoint to results/unsteady/checkpoints/best.pt
Saved PyTorch checkpoint to results/unsteady/checkpoints/best.pt
Saved PyTorch checkpoint to results/unsteady/checkpoints/best.pt
Saved PyTorch checkpoint to results/unsteady/checkpoints/best.pt
Saved PyTorch checkpoint to results/unsteady/checkpoints/best.pt
Saved PyTorch checkpoint to results/unsteady/checkpoints/best.pt
Saved PyTorch checkpoint to results/unsteady/checkpoints/best.pt
Saved PyTorch checkpoint to results/unsteady/checkpoints/best.pt
Saved PyTorch checkpoint to results/unsteady/checkpoints/best.pt
Saved PyTorch checkpoint to results/unsteady/checkpoints/best.pt
Saved PyTorch checkpoint to results/unsteady/checkpoints/best.pt
Saved PyTorch checkpoint to results/unsteady/checkpoints/best.pt
Saved PyTorch checkpoint to results/unsteady/checkpoints/best.pt
Saved PyTorch checkpoint to results/unsteady/checkpoints/best.pt
Saved PyTorch checkpoint to results/unsteady/checkpoints/best.pt
Saved PyTorch checkpoint to results/unsteady/checkpoints/best.pt
Saved PyTorch checkpoint to results/unsteady/checkpoints/best.pt
Saved PyTorch checkpoint to results/unsteady/checkpoints/best.pt
Saved PyTorch checkpoint to results/unsteady/checkpoints/best.pt
Saved PyTorch checkpoint to results/unsteady/checkpoints/best.pt
Saved PyTorch checkpoint to results/unsteady/checkpoints/best.pt
Saved PyTorch checkpoint to results/unsteady/checkpoints/best.pt
Saved PyTorch checkpoint to results/unsteady/checkpoints/best.pt
Saved PyTorch checkpoint to results/unsteady/checkpoints/best.pt
Saved PyTorch checkpoint to results/unsteady/checkpoints/best.pt
Saved PyTorch checkpoint to results/unsteady/checkpoints/best.pt
Saved PyTorch checkpoint to results/unsteady/checkpoints/best.pt
Saved PyTorch checkpoint to results/unsteady/checkpoints/best.pt
Saved PyTorch checkpoint to results/unsteady/checkpoints/best.pt
Adam 2600 | total=1.401e-01 f=3.295e-02 ic=2.526e-03 wall=1.701e-02 inlet=3.917e-03 outlet=2.418e-05 lr=5.000e-04
Saved PyTorch checkpoint to results/unsteady/checkpoints/best.pt
Saved PyTorch checkpoint to results/unsteady/checkpoints/best.pt
Saved PyTorch checkpoint to results/unsteady/checkpoints/best.pt
Saved PyTorch checkpoint to results/unsteady/checkpoints/best.pt
Saved PyTorch checkpoint to results/unsteady/checkpoints/best.pt
Saved PyTorch checkpoint to results/unsteady/checkpoints/best.pt
Saved PyTorch checkpoint to results/unsteady/checkpoints/best.pt
Saved PyTorch checkpoint to results/unsteady/checkpoints/best.pt
Saved PyTorch checkpoint to results/unsteady/checkpoints/best.pt
Saved PyTorch checkpoint to results/unsteady/checkpoints/best.pt
Saved PyTorch checkpoint to results/unsteady/checkpoints/best.pt
Saved PyTorch checkpoint to results/unsteady/checkpoints/best.pt
Saved PyTorch checkpoint to results/unsteady/checkpoints/best.pt
Saved PyTorch checkpoint to results/unsteady/checkpoints/best.pt
Saved PyTorch checkpoint to results/unsteady/checkpoints/best.pt
Saved PyTorch checkpoint to results/unsteady/checkpoints/best.pt
Saved PyTorch checkpoint to results/unsteady/checkpoints/best.pt
Saved PyTorch checkpoint to results/unsteady/checkpoints/best.pt
Saved PyTorch checkpoint to results/unsteady/checkpoints/best.pt
Saved PyTorch checkpoint to results/unsteady/checkpoints/best.pt
Saved PyTorch checkpoint to results/unsteady/checkpoints/best.pt
Saved PyTorch checkpoint to results/unsteady/checkpoints/best.pt
Saved PyTorch checkpoint to results/unsteady/checkpoints/best.pt
Saved PyTorch checkpoint to results/unsteady/checkpoints/best.pt
Saved PyTorch checkpoint to results/unsteady/checkpoints/best.pt
Saved PyTorch checkpoint to results/unsteady/checkpoints/best.pt
Saved PyTorch checkpoint to results/unsteady/checkpoints/best.pt
Saved PyTorch checkpoint to results/unsteady/checkpoints/best.pt
Saved PyTorch checkpoint to results/unsteady/checkpoints/best.pt
Saved PyTorch checkpoint to results/unsteady/checkpoints/best.pt
Adam 2700 | total=1.644e-01 f=4.267e-02 ic=1.591e-03 wall=1.360e-02 inlet=1.043e-02 outlet=2.796e-05 lr=5.000e-04
Saved PyTorch checkpoint to results/unsteady/checkpoints/best.pt
Saved PyTorch checkpoint to results/unsteady/checkpoints/best.pt
Saved PyTorch checkpoint to results/unsteady/checkpoints/best.pt
Saved PyTorch checkpoint to results/unsteady/checkpoints/best.pt
Saved PyTorch checkpoint to results/unsteady/checkpoints/best.pt
Saved PyTorch checkpoint to results/unsteady/checkpoints/best.pt
Saved PyTorch checkpoint to results/unsteady/checkpoints/best.pt
Saved PyTorch checkpoint to results/unsteady/checkpoints/best.pt
Saved PyTorch checkpoint to results/unsteady/checkpoints/best.pt
Saved PyTorch checkpoint to results/unsteady/checkpoints/best.pt
Saved PyTorch checkpoint to results/unsteady/checkpoints/best.pt
Saved PyTorch checkpoint to results/unsteady/checkpoints/best.pt
Saved PyTorch checkpoint to results/unsteady/checkpoints/best.pt
Saved PyTorch checkpoint to results/unsteady/checkpoints/best.pt
Saved PyTorch checkpoint to results/unsteady/checkpoints/best.pt
Saved PyTorch checkpoint to results/unsteady/checkpoints/best.pt
Saved PyTorch checkpoint to results/unsteady/checkpoints/best.pt
Saved PyTorch checkpoint to results/unsteady/checkpoints/best.pt
Saved PyTorch checkpoint to results/unsteady/checkpoints/best.pt
Saved PyTorch checkpoint to results/unsteady/checkpoints/best.pt
Saved PyTorch checkpoint to results/unsteady/checkpoints/best.pt
Saved PyTorch checkpoint to results/unsteady/checkpoints/best.pt
Saved PyTorch checkpoint to results/unsteady/checkpoints/best.pt
Saved PyTorch checkpoint to results/unsteady/checkpoints/best.pt
Saved PyTorch checkpoint to results/unsteady/checkpoints/best.pt
Saved PyTorch checkpoint to results/unsteady/checkpoints/best.pt
Saved PyTorch checkpoint to results/unsteady/checkpoints/best.pt
Saved PyTorch checkpoint to results/unsteady/checkpoints/best.pt
Saved PyTorch checkpoint to results/unsteady/checkpoints/best.pt
Saved PyTorch checkpoint to results/unsteady/checkpoints/best.pt
Saved PyTorch checkpoint to results/unsteady/checkpoints/best.pt
Saved PyTorch checkpoint to results/unsteady/checkpoints/best.pt
Saved PyTorch checkpoint to results/unsteady/checkpoints/best.pt
Saved PyTorch checkpoint to results/unsteady/checkpoints/best.pt
Saved PyTorch checkpoint to results/unsteady/checkpoints/best.pt
Saved PyTorch checkpoint to results/unsteady/checkpoints/best.pt
Saved PyTorch checkpoint to results/unsteady/checkpoints/best.pt
Saved PyTorch checkpoint to results/unsteady/checkpoints/best.pt
Saved PyTorch checkpoint to results/unsteady/checkpoints/best.pt
Saved PyTorch checkpoint to results/unsteady/checkpoints/best.pt
Saved PyTorch checkpoint to results/unsteady/checkpoints/best.pt
Saved PyTorch checkpoint to results/unsteady/checkpoints/best.pt
Saved PyTorch checkpoint to results/unsteady/checkpoints/best.pt
Saved PyTorch checkpoint to results/unsteady/checkpoints/best.pt
Saved PyTorch checkpoint to results/unsteady/checkpoints/best.pt
Saved PyTorch checkpoint to results/unsteady/checkpoints/best.pt
Saved PyTorch checkpoint to results/unsteady/checkpoints/best.pt
Saved PyTorch checkpoint to results/unsteady/checkpoints/best.pt
Adam 2800 | total=9.075e-02 f=1.825e-02 ic=8.192e-04 wall=9.999e-03 inlet=4.333e-03 outlet=2.297e-05 lr=5.000e-04
Saved PyTorch checkpoint to results/unsteady/checkpoints/best.pt
Saved PyTorch checkpoint to results/unsteady/checkpoints/best.pt
Saved PyTorch checkpoint to results/unsteady/checkpoints/best.pt
Saved PyTorch checkpoint to results/unsteady/checkpoints/best.pt
Saved PyTorch checkpoint to results/unsteady/checkpoints/best.pt
Saved PyTorch checkpoint to results/unsteady/checkpoints/best.pt
Saved PyTorch checkpoint to results/unsteady/checkpoints/best.pt
Saved PyTorch checkpoint to results/unsteady/checkpoints/best.pt
Saved PyTorch checkpoint to results/unsteady/checkpoints/best.pt
Saved PyTorch checkpoint to results/unsteady/checkpoints/best.pt
Saved PyTorch checkpoint to results/unsteady/checkpoints/best.pt
Saved PyTorch checkpoint to results/unsteady/checkpoints/best.pt
Saved PyTorch checkpoint to results/unsteady/checkpoints/best.pt
Saved PyTorch checkpoint to results/unsteady/checkpoints/best.pt
Saved PyTorch checkpoint to results/unsteady/checkpoints/best.pt
Saved PyTorch checkpoint to results/unsteady/checkpoints/best.pt
Saved PyTorch checkpoint to results/unsteady/checkpoints/best.pt
Saved PyTorch checkpoint to results/unsteady/checkpoints/best.pt
Saved PyTorch checkpoint to results/unsteady/checkpoints/best.pt
Saved PyTorch checkpoint to results/unsteady/checkpoints/best.pt
Saved PyTorch checkpoint to results/unsteady/checkpoints/best.pt
Saved PyTorch checkpoint to results/unsteady/checkpoints/best.pt
Saved PyTorch checkpoint to results/unsteady/checkpoints/best.pt
Saved PyTorch checkpoint to results/unsteady/checkpoints/best.pt
Saved PyTorch checkpoint to results/unsteady/checkpoints/best.pt
Saved PyTorch checkpoint to results/unsteady/checkpoints/best.pt
Saved PyTorch checkpoint to results/unsteady/checkpoints/best.pt
Saved PyTorch checkpoint to results/unsteady/checkpoints/best.pt
Saved PyTorch checkpoint to results/unsteady/checkpoints/best.pt
Saved PyTorch checkpoint to results/unsteady/checkpoints/best.pt
Saved PyTorch checkpoint to results/unsteady/checkpoints/best.pt
Saved PyTorch checkpoint to results/unsteady/checkpoints/best.pt
Saved PyTorch checkpoint to results/unsteady/checkpoints/best.pt
Saved PyTorch checkpoint to results/unsteady/checkpoints/best.pt
Saved PyTorch checkpoint to results/unsteady/checkpoints/best.pt
Saved PyTorch checkpoint to results/unsteady/checkpoints/best.pt
Saved PyTorch checkpoint to results/unsteady/checkpoints/best.pt
Saved PyTorch checkpoint to results/unsteady/checkpoints/best.pt
Saved PyTorch checkpoint to results/unsteady/checkpoints/best.pt
Saved PyTorch checkpoint to results/unsteady/checkpoints/best.pt
Saved PyTorch checkpoint to results/unsteady/checkpoints/best.pt
Saved PyTorch checkpoint to results/unsteady/checkpoints/best.pt
Saved PyTorch checkpoint to results/unsteady/checkpoints/best.pt
Saved PyTorch checkpoint to results/unsteady/checkpoints/best.pt
Saved PyTorch checkpoint to results/unsteady/checkpoints/best.pt
Saved PyTorch checkpoint to results/unsteady/checkpoints/best.pt
Adam 2900 | total=8.914e-02 f=1.820e-02 ic=8.475e-04 wall=1.051e-02 inlet=3.507e-03 outlet=2.581e-05 lr=5.000e-04
Saved PyTorch checkpoint to results/unsteady/checkpoints/best.pt
Saved PyTorch checkpoint to results/unsteady/checkpoints/best.pt
Saved PyTorch checkpoint to results/unsteady/checkpoints/best.pt
Saved PyTorch checkpoint to results/unsteady/checkpoints/best.pt
Saved PyTorch checkpoint to results/unsteady/checkpoints/best.pt
Saved PyTorch checkpoint to results/unsteady/checkpoints/best.pt
Saved PyTorch checkpoint to results/unsteady/checkpoints/best.pt
Saved PyTorch checkpoint to results/unsteady/checkpoints/best.pt
Saved PyTorch checkpoint to results/unsteady/checkpoints/best.pt
Saved PyTorch checkpoint to results/unsteady/checkpoints/best.pt
Saved PyTorch checkpoint to results/unsteady/checkpoints/best.pt
Saved PyTorch checkpoint to results/unsteady/checkpoints/best.pt
Saved PyTorch checkpoint to results/unsteady/checkpoints/best.pt
Saved PyTorch checkpoint to results/unsteady/checkpoints/best.pt
Saved PyTorch checkpoint to results/unsteady/checkpoints/best.pt
Adam 3000 | total=1.024e-01 f=2.167e-02 ic=1.344e-03 wall=1.290e-02 inlet=2.969e-03 outlet=2.600e-05 lr=5.000e-04
Saved PyTorch checkpoint to results/unsteady/checkpoints/best.pt
Saved PyTorch checkpoint to results/unsteady/checkpoints/best.pt
Saved PyTorch checkpoint to results/unsteady/checkpoints/best.pt
Saved PyTorch checkpoint to results/unsteady/checkpoints/best.pt
Saved PyTorch checkpoint to results/unsteady/checkpoints/best.pt
Saved PyTorch checkpoint to results/unsteady/checkpoints/best.pt
Saved PyTorch checkpoint to results/unsteady/checkpoints/best.pt
Saved PyTorch checkpoint to results/unsteady/checkpoints/best.pt
Saved PyTorch checkpoint to results/unsteady/checkpoints/best.pt
Saved PyTorch checkpoint to results/unsteady/checkpoints/best.pt
Saved PyTorch checkpoint to results/unsteady/checkpoints/best.pt
Saved PyTorch checkpoint to results/unsteady/checkpoints/best.pt
Saved PyTorch checkpoint to results/unsteady/checkpoints/best.pt
Adam 3100 | total=8.456e-02 f=1.694e-02 ic=7.363e-04 wall=9.722e-03 inlet=3.649e-03 outlet=2.373e-05 lr=5.000e-04
Saved PyTorch checkpoint to results/unsteady/checkpoints/best.pt
Saved PyTorch checkpoint to results/unsteady/checkpoints/best.pt
Saved PyTorch checkpoint to results/unsteady/checkpoints/best.pt
Saved PyTorch checkpoint to results/unsteady/checkpoints/best.pt
Saved PyTorch checkpoint to results/unsteady/checkpoints/best.pt
Saved PyTorch checkpoint to results/unsteady/checkpoints/best.pt
Saved PyTorch checkpoint to results/unsteady/checkpoints/best.pt
Saved PyTorch checkpoint to results/unsteady/checkpoints/best.pt
Saved PyTorch checkpoint to results/unsteady/checkpoints/best.pt
Saved PyTorch checkpoint to results/unsteady/checkpoints/best.pt
Saved PyTorch checkpoint to results/unsteady/checkpoints/best.pt
Saved PyTorch checkpoint to results/unsteady/checkpoints/best.pt
Saved PyTorch checkpoint to results/unsteady/checkpoints/best.pt
Saved PyTorch checkpoint to results/unsteady/checkpoints/best.pt
Saved PyTorch checkpoint to results/unsteady/checkpoints/best.pt
Saved PyTorch checkpoint to results/unsteady/checkpoints/best.pt
Saved PyTorch checkpoint to results/unsteady/checkpoints/best.pt
Saved PyTorch checkpoint to results/unsteady/checkpoints/best.pt
Saved PyTorch checkpoint to results/unsteady/checkpoints/best.pt
Saved PyTorch checkpoint to results/unsteady/checkpoints/best.pt
Saved PyTorch checkpoint to results/unsteady/checkpoints/best.pt
Saved PyTorch checkpoint to results/unsteady/checkpoints/best.pt
Saved PyTorch checkpoint to results/unsteady/checkpoints/best.pt
Adam 3200 | total=8.175e-02 f=1.622e-02 ic=7.458e-04 wall=9.575e-03 inlet=3.377e-03 outlet=2.339e-05 lr=5.000e-04
Saved PyTorch checkpoint to results/unsteady/checkpoints/best.pt
Saved PyTorch checkpoint to results/unsteady/checkpoints/best.pt
Saved PyTorch checkpoint to results/unsteady/checkpoints/best.pt
Saved PyTorch checkpoint to results/unsteady/checkpoints/best.pt
Saved PyTorch checkpoint to results/unsteady/checkpoints/best.pt
Saved PyTorch checkpoint to results/unsteady/checkpoints/best.pt
Saved PyTorch checkpoint to results/unsteady/checkpoints/best.pt
Saved PyTorch checkpoint to results/unsteady/checkpoints/best.pt
Saved PyTorch checkpoint to results/unsteady/checkpoints/best.pt
Saved PyTorch checkpoint to results/unsteady/checkpoints/best.pt
Saved PyTorch checkpoint to results/unsteady/checkpoints/best.pt
Saved PyTorch checkpoint to results/unsteady/checkpoints/best.pt
Saved PyTorch checkpoint to results/unsteady/checkpoints/best.pt
Saved PyTorch checkpoint to results/unsteady/checkpoints/best.pt
Saved PyTorch checkpoint to results/unsteady/checkpoints/best.pt
Saved PyTorch checkpoint to results/unsteady/checkpoints/best.pt
Saved PyTorch checkpoint to results/unsteady/checkpoints/best.pt
Saved PyTorch checkpoint to results/unsteady/checkpoints/best.pt
Saved PyTorch checkpoint to results/unsteady/checkpoints/best.pt
Saved PyTorch checkpoint to results/unsteady/checkpoints/best.pt
Saved PyTorch checkpoint to results/unsteady/checkpoints/best.pt
Saved PyTorch checkpoint to results/unsteady/checkpoints/best.pt
Saved PyTorch checkpoint to results/unsteady/checkpoints/best.pt
Saved PyTorch checkpoint to results/unsteady/checkpoints/best.pt
Saved PyTorch checkpoint to results/unsteady/checkpoints/best.pt
Saved PyTorch checkpoint to results/unsteady/checkpoints/best.pt
Saved PyTorch checkpoint to results/unsteady/checkpoints/best.pt
Saved PyTorch checkpoint to results/unsteady/checkpoints/best.pt
Saved PyTorch checkpoint to results/unsteady/checkpoints/best.pt
Saved PyTorch checkpoint to results/unsteady/checkpoints/best.pt
Saved PyTorch checkpoint to results/unsteady/checkpoints/best.pt
Saved PyTorch checkpoint to results/unsteady/checkpoints/best.pt
Saved PyTorch checkpoint to results/unsteady/checkpoints/best.pt
Saved PyTorch checkpoint to results/unsteady/checkpoints/best.pt
Saved PyTorch checkpoint to results/unsteady/checkpoints/best.pt
Saved PyTorch checkpoint to results/unsteady/checkpoints/best.pt
Adam 3300 | total=8.031e-02 f=1.573e-02 ic=7.215e-04 wall=9.349e-03 inlet=3.417e-03 outlet=2.455e-05 lr=5.000e-04
Saved PyTorch checkpoint to results/unsteady/checkpoints/best.pt
Saved PyTorch checkpoint to results/unsteady/checkpoints/best.pt
Saved PyTorch checkpoint to results/unsteady/checkpoints/best.pt
Saved PyTorch checkpoint to results/unsteady/checkpoints/best.pt
Saved PyTorch checkpoint to results/unsteady/checkpoints/best.pt
Saved PyTorch checkpoint to results/unsteady/checkpoints/best.pt
Saved PyTorch checkpoint to results/unsteady/checkpoints/best.pt
Saved PyTorch checkpoint to results/unsteady/checkpoints/best.pt
Saved PyTorch checkpoint to results/unsteady/checkpoints/best.pt
Saved PyTorch checkpoint to results/unsteady/checkpoints/best.pt
Saved PyTorch checkpoint to results/unsteady/checkpoints/best.pt
Saved PyTorch checkpoint to results/unsteady/checkpoints/best.pt
Saved PyTorch checkpoint to results/unsteady/checkpoints/best.pt
Saved PyTorch checkpoint to results/unsteady/checkpoints/best.pt
Saved PyTorch checkpoint to results/unsteady/checkpoints/best.pt
Saved PyTorch checkpoint to results/unsteady/checkpoints/best.pt
Saved PyTorch checkpoint to results/unsteady/checkpoints/best.pt
Saved PyTorch checkpoint to results/unsteady/checkpoints/best.pt
Saved PyTorch checkpoint to results/unsteady/checkpoints/best.pt
Saved PyTorch checkpoint to results/unsteady/checkpoints/best.pt
Saved PyTorch checkpoint to results/unsteady/checkpoints/best.pt
Saved PyTorch checkpoint to results/unsteady/checkpoints/best.pt
Saved PyTorch checkpoint to results/unsteady/checkpoints/best.pt
Saved PyTorch checkpoint to results/unsteady/checkpoints/best.pt
Saved PyTorch checkpoint to results/unsteady/checkpoints/best.pt
Saved PyTorch checkpoint to results/unsteady/checkpoints/best.pt
Saved PyTorch checkpoint to results/unsteady/checkpoints/best.pt
Saved PyTorch checkpoint to results/unsteady/checkpoints/best.pt
Saved PyTorch checkpoint to results/unsteady/checkpoints/best.pt
Saved PyTorch checkpoint to results/unsteady/checkpoints/best.pt
Saved PyTorch checkpoint to results/unsteady/checkpoints/best.pt
Saved PyTorch checkpoint to results/unsteady/checkpoints/best.pt
Saved PyTorch checkpoint to results/unsteady/checkpoints/best.pt
Saved PyTorch checkpoint to results/unsteady/checkpoints/best.pt
Saved PyTorch checkpoint to results/unsteady/checkpoints/best.pt
Saved PyTorch checkpoint to results/unsteady/checkpoints/best.pt
Saved PyTorch checkpoint to results/unsteady/checkpoints/best.pt
Saved PyTorch checkpoint to results/unsteady/checkpoints/best.pt
Saved PyTorch checkpoint to results/unsteady/checkpoints/best.pt
Saved PyTorch checkpoint to results/unsteady/checkpoints/best.pt
Saved PyTorch checkpoint to results/unsteady/checkpoints/best.pt
Saved PyTorch checkpoint to results/unsteady/checkpoints/best.pt
Saved PyTorch checkpoint to results/unsteady/checkpoints/best.pt
Saved PyTorch checkpoint to results/unsteady/checkpoints/best.pt
Saved PyTorch checkpoint to results/unsteady/checkpoints/best.pt
Saved PyTorch checkpoint to results/unsteady/checkpoints/best.pt
Saved PyTorch checkpoint to results/unsteady/checkpoints/best.pt
Saved PyTorch checkpoint to results/unsteady/checkpoints/best.pt
Saved PyTorch checkpoint to results/unsteady/checkpoints/best.pt
Saved PyTorch checkpoint to results/unsteady/checkpoints/best.pt
Saved PyTorch checkpoint to results/unsteady/checkpoints/best.pt
Saved PyTorch checkpoint to results/unsteady/checkpoints/best.pt
Saved PyTorch checkpoint to results/unsteady/checkpoints/best.pt
Adam 3400 | total=8.775e-02 f=1.819e-02 ic=9.835e-04 wall=1.133e-02 inlet=2.382e-03 outlet=2.451e-05 lr=5.000e-04
Saved PyTorch checkpoint to results/unsteady/checkpoints/best.pt
Saved PyTorch checkpoint to results/unsteady/checkpoints/best.pt
Saved PyTorch checkpoint to results/unsteady/checkpoints/best.pt
Saved PyTorch checkpoint to results/unsteady/checkpoints/best.pt
Saved PyTorch checkpoint to results/unsteady/checkpoints/best.pt
Saved PyTorch checkpoint to results/unsteady/checkpoints/best.pt
Saved PyTorch checkpoint to results/unsteady/checkpoints/best.pt
Saved PyTorch checkpoint to results/unsteady/checkpoints/best.pt
Saved PyTorch checkpoint to results/unsteady/checkpoints/best.pt
Saved PyTorch checkpoint to results/unsteady/checkpoints/best.pt
Saved PyTorch checkpoint to results/unsteady/checkpoints/best.pt
Saved PyTorch checkpoint to results/unsteady/checkpoints/best.pt
Saved PyTorch checkpoint to results/unsteady/checkpoints/best.pt
Saved PyTorch checkpoint to results/unsteady/checkpoints/best.pt
Saved PyTorch checkpoint to results/unsteady/checkpoints/best.pt
Saved PyTorch checkpoint to results/unsteady/checkpoints/best.pt
Saved PyTorch checkpoint to results/unsteady/checkpoints/best.pt
Saved PyTorch checkpoint to results/unsteady/checkpoints/best.pt
Saved PyTorch checkpoint to results/unsteady/checkpoints/best.pt
Saved PyTorch checkpoint to results/unsteady/checkpoints/best.pt
Saved PyTorch checkpoint to results/unsteady/checkpoints/best.pt
Saved PyTorch checkpoint to results/unsteady/checkpoints/best.pt
Saved PyTorch checkpoint to results/unsteady/checkpoints/best.pt
Saved PyTorch checkpoint to results/unsteady/checkpoints/best.pt
Saved PyTorch checkpoint to results/unsteady/checkpoints/best.pt
Saved PyTorch checkpoint to results/unsteady/checkpoints/best.pt
Saved PyTorch checkpoint to results/unsteady/checkpoints/best.pt
Saved PyTorch checkpoint to results/unsteady/checkpoints/best.pt
Saved PyTorch checkpoint to results/unsteady/checkpoints/best.pt
Saved PyTorch checkpoint to results/unsteady/checkpoints/best.pt
Saved PyTorch checkpoint to results/unsteady/checkpoints/best.pt
Saved PyTorch checkpoint to results/unsteady/checkpoints/best.pt
Saved PyTorch checkpoint to results/unsteady/checkpoints/best.pt
Saved PyTorch checkpoint to results/unsteady/checkpoints/best.pt
Saved PyTorch checkpoint to results/unsteady/checkpoints/best.pt
Saved PyTorch checkpoint to results/unsteady/checkpoints/best.pt
Saved PyTorch checkpoint to results/unsteady/checkpoints/best.pt
Saved PyTorch checkpoint to results/unsteady/checkpoints/best.pt
Saved PyTorch checkpoint to results/unsteady/checkpoints/best.pt
Saved PyTorch checkpoint to results/unsteady/checkpoints/best.pt
Saved PyTorch checkpoint to results/unsteady/checkpoints/best.pt
Saved PyTorch checkpoint to results/unsteady/checkpoints/best.pt
Saved PyTorch checkpoint to results/unsteady/checkpoints/best.pt
Saved PyTorch checkpoint to results/unsteady/checkpoints/best.pt
Saved PyTorch checkpoint to results/unsteady/checkpoints/best.pt
Saved PyTorch checkpoint to results/unsteady/checkpoints/best.pt
Saved PyTorch checkpoint to results/unsteady/checkpoints/best.pt
Saved PyTorch checkpoint to results/unsteady/checkpoints/best.pt
Saved PyTorch checkpoint to results/unsteady/checkpoints/best.pt
Saved PyTorch checkpoint to results/unsteady/checkpoints/best.pt
Saved PyTorch checkpoint to results/unsteady/checkpoints/best.pt
Saved PyTorch checkpoint to results/unsteady/checkpoints/best.pt
Saved PyTorch checkpoint to results/unsteady/checkpoints/best.pt
Saved PyTorch checkpoint to results/unsteady/checkpoints/best.pt
Saved PyTorch checkpoint to results/unsteady/checkpoints/best.pt
Saved PyTorch checkpoint to results/unsteady/checkpoints/best.pt
Saved PyTorch checkpoint to results/unsteady/checkpoints/best.pt
Saved PyTorch checkpoint to results/unsteady/checkpoints/best.pt
Saved PyTorch checkpoint to results/unsteady/checkpoints/best.pt
Saved PyTorch checkpoint to results/unsteady/checkpoints/best.pt
Saved PyTorch checkpoint to results/unsteady/checkpoints/best.pt
Saved PyTorch checkpoint to results/unsteady/checkpoints/best.pt
Saved PyTorch checkpoint to results/unsteady/checkpoints/best.pt
Adam 3500 | total=7.690e-02 f=1.510e-02 ic=7.408e-04 wall=9.067e-03 inlet=3.140e-03 outlet=2.305e-05 lr=5.000e-04
Saved PyTorch checkpoint to results/unsteady/checkpoints/best.pt
Saved PyTorch checkpoint to results/unsteady/checkpoints/best.pt
Saved PyTorch checkpoint to results/unsteady/checkpoints/best.pt
Saved PyTorch checkpoint to results/unsteady/checkpoints/best.pt
Saved PyTorch checkpoint to results/unsteady/checkpoints/best.pt
Saved PyTorch checkpoint to results/unsteady/checkpoints/best.pt
Saved PyTorch checkpoint to results/unsteady/checkpoints/best.pt
Saved PyTorch checkpoint to results/unsteady/checkpoints/best.pt
Saved PyTorch checkpoint to results/unsteady/checkpoints/best.pt
Saved PyTorch checkpoint to results/unsteady/checkpoints/best.pt
Saved PyTorch checkpoint to results/unsteady/checkpoints/best.pt
Saved PyTorch checkpoint to results/unsteady/checkpoints/best.pt
Saved PyTorch checkpoint to results/unsteady/checkpoints/best.pt
Saved PyTorch checkpoint to results/unsteady/checkpoints/best.pt
Saved PyTorch checkpoint to results/unsteady/checkpoints/best.pt
Saved PyTorch checkpoint to results/unsteady/checkpoints/best.pt
Saved PyTorch checkpoint to results/unsteady/checkpoints/best.pt
Saved PyTorch checkpoint to results/unsteady/checkpoints/best.pt
Saved PyTorch checkpoint to results/unsteady/checkpoints/best.pt
Saved PyTorch checkpoint to results/unsteady/checkpoints/best.pt
Saved PyTorch checkpoint to results/unsteady/checkpoints/best.pt
Saved PyTorch checkpoint to results/unsteady/checkpoints/best.pt
Saved PyTorch checkpoint to results/unsteady/checkpoints/best.pt
Saved PyTorch checkpoint to results/unsteady/checkpoints/best.pt
Saved PyTorch checkpoint to results/unsteady/checkpoints/best.pt
Saved PyTorch checkpoint to results/unsteady/checkpoints/best.pt
Saved PyTorch checkpoint to results/unsteady/checkpoints/best.pt
Saved PyTorch checkpoint to results/unsteady/checkpoints/best.pt
Saved PyTorch checkpoint to results/unsteady/checkpoints/best.pt
Saved PyTorch checkpoint to results/unsteady/checkpoints/best.pt
Saved PyTorch checkpoint to results/unsteady/checkpoints/best.pt
Saved PyTorch checkpoint to results/unsteady/checkpoints/best.pt
Saved PyTorch checkpoint to results/unsteady/checkpoints/best.pt
Adam 3600 | total=7.580e-02 f=1.460e-02 ic=7.340e-04 wall=9.025e-03 inlet=3.063e-03 outlet=2.269e-05 lr=5.000e-04
Saved PyTorch checkpoint to results/unsteady/checkpoints/best.pt
Saved PyTorch checkpoint to results/unsteady/checkpoints/best.pt
Saved PyTorch checkpoint to results/unsteady/checkpoints/best.pt
Saved PyTorch checkpoint to results/unsteady/checkpoints/best.pt
Saved PyTorch checkpoint to results/unsteady/checkpoints/best.pt
Saved PyTorch checkpoint to results/unsteady/checkpoints/best.pt
Saved PyTorch checkpoint to results/unsteady/checkpoints/best.pt
Saved PyTorch checkpoint to results/unsteady/checkpoints/best.pt
Saved PyTorch checkpoint to results/unsteady/checkpoints/best.pt
Saved PyTorch checkpoint to results/unsteady/checkpoints/best.pt
Saved PyTorch checkpoint to results/unsteady/checkpoints/best.pt
Saved PyTorch checkpoint to results/unsteady/checkpoints/best.pt
Saved PyTorch checkpoint to results/unsteady/checkpoints/best.pt
Saved PyTorch checkpoint to results/unsteady/checkpoints/best.pt
Saved PyTorch checkpoint to results/unsteady/checkpoints/best.pt
Saved PyTorch checkpoint to results/unsteady/checkpoints/best.pt
Saved PyTorch checkpoint to results/unsteady/checkpoints/best.pt
Saved PyTorch checkpoint to results/unsteady/checkpoints/best.pt
Saved PyTorch checkpoint to results/unsteady/checkpoints/best.pt
Saved PyTorch checkpoint to results/unsteady/checkpoints/best.pt
Saved PyTorch checkpoint to results/unsteady/checkpoints/best.pt
Saved PyTorch checkpoint to results/unsteady/checkpoints/best.pt
Saved PyTorch checkpoint to results/unsteady/checkpoints/best.pt
Saved PyTorch checkpoint to results/unsteady/checkpoints/best.pt
Saved PyTorch checkpoint to results/unsteady/checkpoints/best.pt
Saved PyTorch checkpoint to results/unsteady/checkpoints/best.pt
Saved PyTorch checkpoint to results/unsteady/checkpoints/best.pt
Saved PyTorch checkpoint to results/unsteady/checkpoints/best.pt
Saved PyTorch checkpoint to results/unsteady/checkpoints/best.pt
Saved PyTorch checkpoint to results/unsteady/checkpoints/best.pt
Saved PyTorch checkpoint to results/unsteady/checkpoints/best.pt
Saved PyTorch checkpoint to results/unsteady/checkpoints/best.pt
Saved PyTorch checkpoint to results/unsteady/checkpoints/best.pt
Saved PyTorch checkpoint to results/unsteady/checkpoints/best.pt
Saved PyTorch checkpoint to results/unsteady/checkpoints/best.pt
Saved PyTorch checkpoint to results/unsteady/checkpoints/best.pt
Saved PyTorch checkpoint to results/unsteady/checkpoints/best.pt
Saved PyTorch checkpoint to results/unsteady/checkpoints/best.pt
Saved PyTorch checkpoint to results/unsteady/checkpoints/best.pt
Saved PyTorch checkpoint to results/unsteady/checkpoints/best.pt
Saved PyTorch checkpoint to results/unsteady/checkpoints/best.pt
Saved PyTorch checkpoint to results/unsteady/checkpoints/best.pt
Saved PyTorch checkpoint to results/unsteady/checkpoints/best.pt
Saved PyTorch checkpoint to results/unsteady/checkpoints/best.pt
Saved PyTorch checkpoint to results/unsteady/checkpoints/best.pt
Saved PyTorch checkpoint to results/unsteady/checkpoints/best.pt
Saved PyTorch checkpoint to results/unsteady/checkpoints/best.pt
Saved PyTorch checkpoint to results/unsteady/checkpoints/best.pt
Saved PyTorch checkpoint to results/unsteady/checkpoints/best.pt
Saved PyTorch checkpoint to results/unsteady/checkpoints/best.pt
Saved PyTorch checkpoint to results/unsteady/checkpoints/best.pt
Saved PyTorch checkpoint to results/unsteady/checkpoints/best.pt
Saved PyTorch checkpoint to results/unsteady/checkpoints/best.pt
Saved PyTorch checkpoint to results/unsteady/checkpoints/best.pt
Saved PyTorch checkpoint to results/unsteady/checkpoints/best.pt
Saved PyTorch checkpoint to results/unsteady/checkpoints/best.pt
Saved PyTorch checkpoint to results/unsteady/checkpoints/best.pt
Saved PyTorch checkpoint to results/unsteady/checkpoints/best.pt
Saved PyTorch checkpoint to results/unsteady/checkpoints/best.pt
Saved PyTorch checkpoint to results/unsteady/checkpoints/best.pt
Adam 3700 | total=7.610e-02 f=1.376e-02 ic=6.930e-04 wall=9.536e-03 inlet=2.788e-03 outlet=2.386e-05 lr=5.000e-04
Saved PyTorch checkpoint to results/unsteady/checkpoints/best.pt
Saved PyTorch checkpoint to results/unsteady/checkpoints/best.pt
Saved PyTorch checkpoint to results/unsteady/checkpoints/best.pt
Saved PyTorch checkpoint to results/unsteady/checkpoints/best.pt
Saved PyTorch checkpoint to results/unsteady/checkpoints/best.pt
Saved PyTorch checkpoint to results/unsteady/checkpoints/best.pt
Saved PyTorch checkpoint to results/unsteady/checkpoints/best.pt
Saved PyTorch checkpoint to results/unsteady/checkpoints/best.pt
Saved PyTorch checkpoint to results/unsteady/checkpoints/best.pt
Saved PyTorch checkpoint to results/unsteady/checkpoints/best.pt
Saved PyTorch checkpoint to results/unsteady/checkpoints/best.pt
Saved PyTorch checkpoint to results/unsteady/checkpoints/best.pt
Saved PyTorch checkpoint to results/unsteady/checkpoints/best.pt
Saved PyTorch checkpoint to results/unsteady/checkpoints/best.pt
Saved PyTorch checkpoint to results/unsteady/checkpoints/best.pt
Saved PyTorch checkpoint to results/unsteady/checkpoints/best.pt
Saved PyTorch checkpoint to results/unsteady/checkpoints/best.pt
Saved PyTorch checkpoint to results/unsteady/checkpoints/best.pt
Saved PyTorch checkpoint to results/unsteady/checkpoints/best.pt
Saved PyTorch checkpoint to results/unsteady/checkpoints/best.pt
Saved PyTorch checkpoint to results/unsteady/checkpoints/best.pt
Saved PyTorch checkpoint to results/unsteady/checkpoints/best.pt
Saved PyTorch checkpoint to results/unsteady/checkpoints/best.pt
Saved PyTorch checkpoint to results/unsteady/checkpoints/best.pt
Saved PyTorch checkpoint to results/unsteady/checkpoints/best.pt
Saved PyTorch checkpoint to results/unsteady/checkpoints/best.pt
Saved PyTorch checkpoint to results/unsteady/checkpoints/best.pt
Saved PyTorch checkpoint to results/unsteady/checkpoints/best.pt
Saved PyTorch checkpoint to results/unsteady/checkpoints/best.pt
Saved PyTorch checkpoint to results/unsteady/checkpoints/best.pt
Saved PyTorch checkpoint to results/unsteady/checkpoints/best.pt
Saved PyTorch checkpoint to results/unsteady/checkpoints/best.pt
Saved PyTorch checkpoint to results/unsteady/checkpoints/best.pt
Saved PyTorch checkpoint to results/unsteady/checkpoints/best.pt
Saved PyTorch checkpoint to results/unsteady/checkpoints/best.pt
Saved PyTorch checkpoint to results/unsteady/checkpoints/best.pt
Saved PyTorch checkpoint to results/unsteady/checkpoints/best.pt
Saved PyTorch checkpoint to results/unsteady/checkpoints/best.pt
Saved PyTorch checkpoint to results/unsteady/checkpoints/best.pt
Saved PyTorch checkpoint to results/unsteady/checkpoints/best.pt
Saved PyTorch checkpoint to results/unsteady/checkpoints/best.pt
Saved PyTorch checkpoint to results/unsteady/checkpoints/best.pt
Saved PyTorch checkpoint to results/unsteady/checkpoints/best.pt
Saved PyTorch checkpoint to results/unsteady/checkpoints/best.pt
Saved PyTorch checkpoint to results/unsteady/checkpoints/best.pt
Saved PyTorch checkpoint to results/unsteady/checkpoints/best.pt
Saved PyTorch checkpoint to results/unsteady/checkpoints/best.pt
Saved PyTorch checkpoint to results/unsteady/checkpoints/best.pt
Saved PyTorch checkpoint to results/unsteady/checkpoints/best.pt
Saved PyTorch checkpoint to results/unsteady/checkpoints/best.pt
Saved PyTorch checkpoint to results/unsteady/checkpoints/best.pt
Adam 3800 | total=7.291e-02 f=1.414e-02 ic=7.727e-04 wall=8.698e-03 inlet=2.898e-03 outlet=1.977e-05 lr=5.000e-04
Saved PyTorch checkpoint to results/unsteady/checkpoints/best.pt
Saved PyTorch checkpoint to results/unsteady/checkpoints/best.pt
Saved PyTorch checkpoint to results/unsteady/checkpoints/best.pt
Saved PyTorch checkpoint to results/unsteady/checkpoints/best.pt
Saved PyTorch checkpoint to results/unsteady/checkpoints/best.pt
Saved PyTorch checkpoint to results/unsteady/checkpoints/best.pt
Saved PyTorch checkpoint to results/unsteady/checkpoints/best.pt
Saved PyTorch checkpoint to results/unsteady/checkpoints/best.pt
Saved PyTorch checkpoint to results/unsteady/checkpoints/best.pt
Saved PyTorch checkpoint to results/unsteady/checkpoints/best.pt
Saved PyTorch checkpoint to results/unsteady/checkpoints/best.pt
Saved PyTorch checkpoint to results/unsteady/checkpoints/best.pt
Saved PyTorch checkpoint to results/unsteady/checkpoints/best.pt
Saved PyTorch checkpoint to results/unsteady/checkpoints/best.pt
Saved PyTorch checkpoint to results/unsteady/checkpoints/best.pt
Saved PyTorch checkpoint to results/unsteady/checkpoints/best.pt
Saved PyTorch checkpoint to results/unsteady/checkpoints/best.pt
Saved PyTorch checkpoint to results/unsteady/checkpoints/best.pt
Saved PyTorch checkpoint to results/unsteady/checkpoints/best.pt
Saved PyTorch checkpoint to results/unsteady/checkpoints/best.pt
Saved PyTorch checkpoint to results/unsteady/checkpoints/best.pt
Saved PyTorch checkpoint to results/unsteady/checkpoints/best.pt
Saved PyTorch checkpoint to results/unsteady/checkpoints/best.pt
Saved PyTorch checkpoint to results/unsteady/checkpoints/best.pt
Saved PyTorch checkpoint to results/unsteady/checkpoints/best.pt
Saved PyTorch checkpoint to results/unsteady/checkpoints/best.pt
Saved PyTorch checkpoint to results/unsteady/checkpoints/best.pt
Saved PyTorch checkpoint to results/unsteady/checkpoints/best.pt
Saved PyTorch checkpoint to results/unsteady/checkpoints/best.pt
Saved PyTorch checkpoint to results/unsteady/checkpoints/best.pt
Saved PyTorch checkpoint to results/unsteady/checkpoints/best.pt
Saved PyTorch checkpoint to results/unsteady/checkpoints/best.pt
Saved PyTorch checkpoint to results/unsteady/checkpoints/best.pt
Saved PyTorch checkpoint to results/unsteady/checkpoints/best.pt
Saved PyTorch checkpoint to results/unsteady/checkpoints/best.pt
Saved PyTorch checkpoint to results/unsteady/checkpoints/best.pt
Saved PyTorch checkpoint to results/unsteady/checkpoints/best.pt
Saved PyTorch checkpoint to results/unsteady/checkpoints/best.pt
Saved PyTorch checkpoint to results/unsteady/checkpoints/best.pt
Saved PyTorch checkpoint to results/unsteady/checkpoints/best.pt
Saved PyTorch checkpoint to results/unsteady/checkpoints/best.pt
Saved PyTorch checkpoint to results/unsteady/checkpoints/best.pt
Saved PyTorch checkpoint to results/unsteady/checkpoints/best.pt
Adam 3900 | total=7.215e-02 f=1.378e-02 ic=7.877e-04 wall=8.709e-03 inlet=2.803e-03 outlet=1.754e-05 lr=5.000e-04
Saved PyTorch checkpoint to results/unsteady/checkpoints/best.pt
Saved PyTorch checkpoint to results/unsteady/checkpoints/best.pt
Saved PyTorch checkpoint to results/unsteady/checkpoints/best.pt
Saved PyTorch checkpoint to results/unsteady/checkpoints/best.pt
Saved PyTorch checkpoint to results/unsteady/checkpoints/best.pt
Saved PyTorch checkpoint to results/unsteady/checkpoints/best.pt
Saved PyTorch checkpoint to results/unsteady/checkpoints/best.pt
Saved PyTorch checkpoint to results/unsteady/checkpoints/best.pt
Saved PyTorch checkpoint to results/unsteady/checkpoints/best.pt
Saved PyTorch checkpoint to results/unsteady/checkpoints/best.pt
Saved PyTorch checkpoint to results/unsteady/checkpoints/best.pt
Saved PyTorch checkpoint to results/unsteady/checkpoints/best.pt
Saved PyTorch checkpoint to results/unsteady/checkpoints/best.pt
Saved PyTorch checkpoint to results/unsteady/checkpoints/best.pt
Adam 4000 | total=7.066e-02 f=1.342e-02 ic=7.726e-04 wall=8.297e-03 inlet=2.993e-03 outlet=1.600e-05 lr=5.000e-04
Saved PyTorch checkpoint to results/unsteady/checkpoints/best.pt
Saved PyTorch checkpoint to results/unsteady/checkpoints/best.pt
Saved PyTorch checkpoint to results/unsteady/checkpoints/best.pt
Saved PyTorch checkpoint to results/unsteady/checkpoints/best.pt
Saved PyTorch checkpoint to results/unsteady/checkpoints/best.pt
Saved PyTorch checkpoint to results/unsteady/checkpoints/best.pt
Saved PyTorch checkpoint to results/unsteady/checkpoints/best.pt
Saved PyTorch checkpoint to results/unsteady/checkpoints/best.pt
Saved PyTorch checkpoint to results/unsteady/checkpoints/best.pt
Saved PyTorch checkpoint to results/unsteady/checkpoints/best.pt
Saved PyTorch checkpoint to results/unsteady/checkpoints/best.pt
Saved PyTorch checkpoint to results/unsteady/checkpoints/best.pt
Saved PyTorch checkpoint to results/unsteady/checkpoints/best.pt
Saved PyTorch checkpoint to results/unsteady/checkpoints/best.pt
Saved PyTorch checkpoint to results/unsteady/checkpoints/best.pt
Saved PyTorch checkpoint to results/unsteady/checkpoints/best.pt
Saved PyTorch checkpoint to results/unsteady/checkpoints/best.pt
Saved PyTorch checkpoint to results/unsteady/checkpoints/best.pt
Saved PyTorch checkpoint to results/unsteady/checkpoints/best.pt
Saved PyTorch checkpoint to results/unsteady/checkpoints/best.pt
Saved PyTorch checkpoint to results/unsteady/checkpoints/best.pt
Saved PyTorch checkpoint to results/unsteady/checkpoints/best.pt
Saved PyTorch checkpoint to results/unsteady/checkpoints/best.pt
Saved PyTorch checkpoint to results/unsteady/checkpoints/best.pt
Saved PyTorch checkpoint to results/unsteady/checkpoints/best.pt
Saved PyTorch checkpoint to results/unsteady/checkpoints/best.pt
Saved PyTorch checkpoint to results/unsteady/checkpoints/best.pt
Saved PyTorch checkpoint to results/unsteady/checkpoints/best.pt
Saved PyTorch checkpoint to results/unsteady/checkpoints/best.pt
Saved PyTorch checkpoint to results/unsteady/checkpoints/best.pt
Saved PyTorch checkpoint to results/unsteady/checkpoints/best.pt
Saved PyTorch checkpoint to results/unsteady/checkpoints/best.pt
Saved PyTorch checkpoint to results/unsteady/checkpoints/best.pt
Saved PyTorch checkpoint to results/unsteady/checkpoints/best.pt
Saved PyTorch checkpoint to results/unsteady/checkpoints/best.pt
Saved PyTorch checkpoint to results/unsteady/checkpoints/best.pt
Saved PyTorch checkpoint to results/unsteady/checkpoints/best.pt
Saved PyTorch checkpoint to results/unsteady/checkpoints/best.pt
Saved PyTorch checkpoint to results/unsteady/checkpoints/best.pt
Saved PyTorch checkpoint to results/unsteady/checkpoints/best.pt
Saved PyTorch checkpoint to results/unsteady/checkpoints/best.pt
Saved PyTorch checkpoint to results/unsteady/checkpoints/best.pt
Saved PyTorch checkpoint to results/unsteady/checkpoints/best.pt
Saved PyTorch checkpoint to results/unsteady/checkpoints/best.pt
Saved PyTorch checkpoint to results/unsteady/checkpoints/best.pt
Saved PyTorch checkpoint to results/unsteady/checkpoints/best.pt
Saved PyTorch checkpoint to results/unsteady/checkpoints/best.pt
Adam 4100 | total=7.063e-02 f=1.335e-02 ic=7.858e-04 wall=8.017e-03 inlet=3.279e-03 outlet=1.324e-05 lr=5.000e-04
Saved PyTorch checkpoint to results/unsteady/checkpoints/best.pt
Saved PyTorch checkpoint to results/unsteady/checkpoints/best.pt
Saved PyTorch checkpoint to results/unsteady/checkpoints/best.pt
Saved PyTorch checkpoint to results/unsteady/checkpoints/best.pt
Saved PyTorch checkpoint to results/unsteady/checkpoints/best.pt
Saved PyTorch checkpoint to results/unsteady/checkpoints/best.pt
Saved PyTorch checkpoint to results/unsteady/checkpoints/best.pt
Saved PyTorch checkpoint to results/unsteady/checkpoints/best.pt
Saved PyTorch checkpoint to results/unsteady/checkpoints/best.pt
Saved PyTorch checkpoint to results/unsteady/checkpoints/best.pt
Adam 4200 | total=6.947e-02 f=1.342e-02 ic=8.247e-04 wall=8.130e-03 inlet=2.911e-03 outlet=1.318e-05 lr=5.000e-04
Saved PyTorch checkpoint to results/unsteady/checkpoints/best.pt
Saved PyTorch checkpoint to results/unsteady/checkpoints/best.pt
Saved PyTorch checkpoint to results/unsteady/checkpoints/best.pt
Saved PyTorch checkpoint to results/unsteady/checkpoints/best.pt
Saved PyTorch checkpoint to results/unsteady/checkpoints/best.pt
Saved PyTorch checkpoint to results/unsteady/checkpoints/best.pt
Saved PyTorch checkpoint to results/unsteady/checkpoints/best.pt
Saved PyTorch checkpoint to results/unsteady/checkpoints/best.pt
Saved PyTorch checkpoint to results/unsteady/checkpoints/best.pt
Saved PyTorch checkpoint to results/unsteady/checkpoints/best.pt
Saved PyTorch checkpoint to results/unsteady/checkpoints/best.pt
Adam 4300 | total=6.722e-02 f=1.285e-02 ic=8.409e-04 wall=8.366e-03 inlet=2.337e-03 outlet=1.166e-05 lr=5.000e-04
Saved PyTorch checkpoint to results/unsteady/checkpoints/best.pt
Saved PyTorch checkpoint to results/unsteady/checkpoints/best.pt
Saved PyTorch checkpoint to results/unsteady/checkpoints/best.pt
Saved PyTorch checkpoint to results/unsteady/checkpoints/best.pt
Saved PyTorch checkpoint to results/unsteady/checkpoints/best.pt
Saved PyTorch checkpoint to results/unsteady/checkpoints/best.pt
Saved PyTorch checkpoint to results/unsteady/checkpoints/best.pt
Saved PyTorch checkpoint to results/unsteady/checkpoints/best.pt
Saved PyTorch checkpoint to results/unsteady/checkpoints/best.pt
Adam 4400 | total=6.882e-02 f=1.366e-02 ic=8.151e-04 wall=8.169e-03 inlet=2.699e-03 outlet=9.383e-06 lr=5.000e-04
Saved PyTorch checkpoint to results/unsteady/checkpoints/best.pt
Saved PyTorch checkpoint to results/unsteady/checkpoints/best.pt
Saved PyTorch checkpoint to results/unsteady/checkpoints/best.pt
Saved PyTorch checkpoint to results/unsteady/checkpoints/best.pt
Saved PyTorch checkpoint to results/unsteady/checkpoints/best.pt
Saved PyTorch checkpoint to results/unsteady/checkpoints/best.pt
Saved PyTorch checkpoint to results/unsteady/checkpoints/best.pt
Saved PyTorch checkpoint to results/unsteady/checkpoints/best.pt
Saved PyTorch checkpoint to results/unsteady/checkpoints/best.pt
Saved PyTorch checkpoint to results/unsteady/checkpoints/best.pt
Saved PyTorch checkpoint to results/unsteady/checkpoints/best.pt
Saved PyTorch checkpoint to results/unsteady/checkpoints/best.pt
Adam 4500 | total=6.505e-02 f=1.232e-02 ic=8.095e-04 wall=7.734e-03 inlet=2.649e-03 outlet=9.868e-06 lr=5.000e-04
Saved PyTorch checkpoint to results/unsteady/checkpoints/best.pt
Saved PyTorch checkpoint to results/unsteady/checkpoints/best.pt
Saved PyTorch checkpoint to results/unsteady/checkpoints/best.pt
Saved PyTorch checkpoint to results/unsteady/checkpoints/best.pt
Saved PyTorch checkpoint to results/unsteady/checkpoints/best.pt
Saved PyTorch checkpoint to results/unsteady/checkpoints/best.pt
Saved PyTorch checkpoint to results/unsteady/checkpoints/best.pt
Saved PyTorch checkpoint to results/unsteady/checkpoints/best.pt
Adam 4600 | total=6.473e-02 f=1.184e-02 ic=7.704e-04 wall=7.447e-03 inlet=2.975e-03 outlet=8.589e-06 lr=5.000e-04
Saved PyTorch checkpoint to results/unsteady/checkpoints/best.pt
Saved PyTorch checkpoint to results/unsteady/checkpoints/best.pt
Saved PyTorch checkpoint to results/unsteady/checkpoints/best.pt
Saved PyTorch checkpoint to results/unsteady/checkpoints/best.pt
Saved PyTorch checkpoint to results/unsteady/checkpoints/best.pt
Saved PyTorch checkpoint to results/unsteady/checkpoints/best.pt
Saved PyTorch checkpoint to results/unsteady/checkpoints/best.pt
Saved PyTorch checkpoint to results/unsteady/checkpoints/best.pt
Saved PyTorch checkpoint to results/unsteady/checkpoints/best.pt
Saved PyTorch checkpoint to results/unsteady/checkpoints/best.pt
Saved PyTorch checkpoint to results/unsteady/checkpoints/best.pt
Saved PyTorch checkpoint to results/unsteady/checkpoints/best.pt
Saved PyTorch checkpoint to results/unsteady/checkpoints/best.pt
Saved PyTorch checkpoint to results/unsteady/checkpoints/best.pt
Adam 4700 | total=6.527e-02 f=1.323e-02 ic=8.734e-04 wall=7.706e-03 inlet=2.525e-03 outlet=8.414e-06 lr=5.000e-04
Saved PyTorch checkpoint to results/unsteady/checkpoints/best.pt
Saved PyTorch checkpoint to results/unsteady/checkpoints/best.pt
Saved PyTorch checkpoint to results/unsteady/checkpoints/best.pt
Saved PyTorch checkpoint to results/unsteady/checkpoints/best.pt
Saved PyTorch checkpoint to results/unsteady/checkpoints/best.pt
Saved PyTorch checkpoint to results/unsteady/checkpoints/best.pt
Saved PyTorch checkpoint to results/unsteady/checkpoints/best.pt
Saved PyTorch checkpoint to results/unsteady/checkpoints/best.pt
Saved PyTorch checkpoint to results/unsteady/checkpoints/best.pt
Adam 4800 | total=6.242e-02 f=1.183e-02 ic=8.689e-04 wall=7.821e-03 inlet=2.120e-03 outlet=8.328e-06 lr=5.000e-04
Saved PyTorch checkpoint to results/unsteady/checkpoints/best.pt
Saved PyTorch checkpoint to results/unsteady/checkpoints/best.pt
Saved PyTorch checkpoint to results/unsteady/checkpoints/best.pt
Saved PyTorch checkpoint to results/unsteady/checkpoints/best.pt
Saved PyTorch checkpoint to results/unsteady/checkpoints/best.pt
Saved PyTorch checkpoint to results/unsteady/checkpoints/best.pt
Saved PyTorch checkpoint to results/unsteady/checkpoints/best.pt
Saved PyTorch checkpoint to results/unsteady/checkpoints/best.pt
Saved PyTorch checkpoint to results/unsteady/checkpoints/best.pt
Saved PyTorch checkpoint to results/unsteady/checkpoints/best.pt
Saved PyTorch checkpoint to results/unsteady/checkpoints/best.pt
Adam 4900 | total=6.083e-02 f=1.190e-02 ic=8.577e-04 wall=7.525e-03 inlet=2.088e-03 outlet=9.103e-06 lr=5.000e-04
Saved PyTorch checkpoint to results/unsteady/checkpoints/best.pt
Saved PyTorch checkpoint to results/unsteady/checkpoints/best.pt
Saved PyTorch checkpoint to results/unsteady/checkpoints/best.pt
Saved PyTorch checkpoint to results/unsteady/checkpoints/best.pt
Saved PyTorch checkpoint to results/unsteady/checkpoints/best.pt
Saved PyTorch checkpoint to results/unsteady/checkpoints/best.pt
Saved PyTorch checkpoint to results/unsteady/checkpoints/best.pt
Saved PyTorch checkpoint to results/unsteady/checkpoints/best.pt
Saved PyTorch checkpoint to results/unsteady/checkpoints/best.pt
Saved PyTorch checkpoint to results/unsteady/checkpoints/best.pt
Saved PyTorch checkpoint to results/unsteady/checkpoints/best.pt
Saved PyTorch checkpoint to results/unsteady/checkpoints/best.pt
Saved PyTorch checkpoint to results/unsteady/checkpoints/best.pt
Saved PyTorch checkpoint to results/unsteady/checkpoints/best.pt
Saved PyTorch checkpoint to results/unsteady/checkpoints/best.pt
Saved PyTorch checkpoint to results/unsteady/checkpoints/best.pt
Saved PyTorch checkpoint to results/unsteady/checkpoints/best.pt
Saved PyTorch checkpoint to results/unsteady/checkpoints/best.pt
Saved PyTorch checkpoint to results/unsteady/checkpoints/best.pt
Adam 5000 | total=6.039e-02 f=1.175e-02 ic=7.990e-04 wall=6.889e-03 inlet=2.677e-03 outlet=9.787e-06 lr=5.000e-04
Saved PyTorch checkpoint to results/unsteady/checkpoints/best.pt
Saved PyTorch checkpoint to results/unsteady/checkpoints/best.pt
Saved PyTorch checkpoint to results/unsteady/checkpoints/best.pt
Saved PyTorch checkpoint to results/unsteady/checkpoints/best.pt
Saved PyTorch checkpoint to results/unsteady/checkpoints/best.pt
Saved PyTorch checkpoint to results/unsteady/checkpoints/best.pt
Adam 5100 | total=6.007e-02 f=1.155e-02 ic=7.712e-04 wall=6.727e-03 inlet=2.820e-03 outlet=1.027e-05 lr=5.000e-04
Saved PyTorch checkpoint to results/unsteady/checkpoints/best.pt
Saved PyTorch checkpoint to results/unsteady/checkpoints/best.pt
Saved PyTorch checkpoint to results/unsteady/checkpoints/best.pt
Saved PyTorch checkpoint to results/unsteady/checkpoints/best.pt
Adam 5200 | total=5.792e-02 f=1.126e-02 ic=7.952e-04 wall=6.880e-03 inlet=2.291e-03 outlet=9.914e-06 lr=5.000e-04
Saved PyTorch checkpoint to results/unsteady/checkpoints/best.pt
Saved PyTorch checkpoint to results/unsteady/checkpoints/best.pt
Saved PyTorch checkpoint to results/unsteady/checkpoints/best.pt
Saved PyTorch checkpoint to results/unsteady/checkpoints/best.pt
Saved PyTorch checkpoint to results/unsteady/checkpoints/best.pt
Saved PyTorch checkpoint to results/unsteady/checkpoints/best.pt
Saved PyTorch checkpoint to results/unsteady/checkpoints/best.pt
Saved PyTorch checkpoint to results/unsteady/checkpoints/best.pt
Adam 5300 | total=5.762e-02 f=1.193e-02 ic=9.138e-04 wall=7.126e-03 inlet=1.828e-03 outlet=1.169e-05 lr=5.000e-04
Saved PyTorch checkpoint to results/unsteady/checkpoints/best.pt
Saved PyTorch checkpoint to results/unsteady/checkpoints/best.pt
Saved PyTorch checkpoint to results/unsteady/checkpoints/best.pt
Saved PyTorch checkpoint to results/unsteady/checkpoints/best.pt
Saved PyTorch checkpoint to results/unsteady/checkpoints/best.pt
Saved PyTorch checkpoint to results/unsteady/checkpoints/best.pt
Saved PyTorch checkpoint to results/unsteady/checkpoints/best.pt
Saved PyTorch checkpoint to results/unsteady/checkpoints/best.pt
Saved PyTorch checkpoint to results/unsteady/checkpoints/best.pt
Saved PyTorch checkpoint to results/unsteady/checkpoints/best.pt
Saved PyTorch checkpoint to results/unsteady/checkpoints/best.pt
Saved PyTorch checkpoint to results/unsteady/checkpoints/best.pt
Saved PyTorch checkpoint to results/unsteady/checkpoints/best.pt
Saved PyTorch checkpoint to results/unsteady/checkpoints/best.pt
Saved PyTorch checkpoint to results/unsteady/checkpoints/best.pt
Saved PyTorch checkpoint to results/unsteady/checkpoints/best.pt
Saved PyTorch checkpoint to results/unsteady/checkpoints/best.pt
Saved PyTorch checkpoint to results/unsteady/checkpoints/best.pt
Saved PyTorch checkpoint to results/unsteady/checkpoints/best.pt
Saved PyTorch checkpoint to results/unsteady/checkpoints/best.pt
Saved PyTorch checkpoint to results/unsteady/checkpoints/best.pt
Saved PyTorch checkpoint to results/unsteady/checkpoints/best.pt
Saved PyTorch checkpoint to results/unsteady/checkpoints/best.pt
Saved PyTorch checkpoint to results/unsteady/checkpoints/best.pt
Saved PyTorch checkpoint to results/unsteady/checkpoints/best.pt
Saved PyTorch checkpoint to results/unsteady/checkpoints/best.pt
Adam 5400 | total=5.611e-02 f=1.169e-02 ic=8.323e-04 wall=6.545e-03 inlet=2.169e-03 outlet=1.231e-05 lr=5.000e-04
Saved PyTorch checkpoint to results/unsteady/checkpoints/best.pt
Saved PyTorch checkpoint to results/unsteady/checkpoints/best.pt
Saved PyTorch checkpoint to results/unsteady/checkpoints/best.pt
Saved PyTorch checkpoint to results/unsteady/checkpoints/best.pt
Saved PyTorch checkpoint to results/unsteady/checkpoints/best.pt
Adam 5500 | total=6.536e-02 f=1.545e-02 ic=1.267e-03 wall=8.204e-03 inlet=1.522e-03 outlet=9.794e-06 lr=5.000e-04
Saved PyTorch checkpoint to results/unsteady/checkpoints/best.pt
Saved PyTorch checkpoint to results/unsteady/checkpoints/best.pt
Saved PyTorch checkpoint to results/unsteady/checkpoints/best.pt
Saved PyTorch checkpoint to results/unsteady/checkpoints/best.pt
Saved PyTorch checkpoint to results/unsteady/checkpoints/best.pt
Saved PyTorch checkpoint to results/unsteady/checkpoints/best.pt
Saved PyTorch checkpoint to results/unsteady/checkpoints/best.pt
Saved PyTorch checkpoint to results/unsteady/checkpoints/best.pt
Saved PyTorch checkpoint to results/unsteady/checkpoints/best.pt
Saved PyTorch checkpoint to results/unsteady/checkpoints/best.pt
Saved PyTorch checkpoint to results/unsteady/checkpoints/best.pt
Saved PyTorch checkpoint to results/unsteady/checkpoints/best.pt
Saved PyTorch checkpoint to results/unsteady/checkpoints/best.pt
Saved PyTorch checkpoint to results/unsteady/checkpoints/best.pt
Saved PyTorch checkpoint to results/unsteady/checkpoints/best.pt
Saved PyTorch checkpoint to results/unsteady/checkpoints/best.pt
Saved PyTorch checkpoint to results/unsteady/checkpoints/best.pt
Saved PyTorch checkpoint to results/unsteady/checkpoints/best.pt
Saved PyTorch checkpoint to results/unsteady/checkpoints/best.pt
Saved PyTorch checkpoint to results/unsteady/checkpoints/best.pt
Saved PyTorch checkpoint to results/unsteady/checkpoints/best.pt
Saved PyTorch checkpoint to results/unsteady/checkpoints/best.pt
Saved PyTorch checkpoint to results/unsteady/checkpoints/best.pt
Saved PyTorch checkpoint to results/unsteady/checkpoints/best.pt
Saved PyTorch checkpoint to results/unsteady/checkpoints/best.pt
Saved PyTorch checkpoint to results/unsteady/checkpoints/best.pt
Saved PyTorch checkpoint to results/unsteady/checkpoints/best.pt
Saved PyTorch checkpoint to results/unsteady/checkpoints/best.pt
Saved PyTorch checkpoint to results/unsteady/checkpoints/best.pt
Saved PyTorch checkpoint to results/unsteady/checkpoints/best.pt
Saved PyTorch checkpoint to results/unsteady/checkpoints/best.pt
Saved PyTorch checkpoint to results/unsteady/checkpoints/best.pt
Saved PyTorch checkpoint to results/unsteady/checkpoints/best.pt
Saved PyTorch checkpoint to results/unsteady/checkpoints/best.pt
Saved PyTorch checkpoint to results/unsteady/checkpoints/best.pt
Saved PyTorch checkpoint to results/unsteady/checkpoints/best.pt
Adam 5600 | total=5.840e-02 f=1.266e-02 ic=8.485e-04 wall=7.008e-03 inlet=1.966e-03 outlet=1.462e-05 lr=5.000e-04
Saved PyTorch checkpoint to results/unsteady/checkpoints/best.pt
Saved PyTorch checkpoint to results/unsteady/checkpoints/best.pt
Saved PyTorch checkpoint to results/unsteady/checkpoints/best.pt
Saved PyTorch checkpoint to results/unsteady/checkpoints/best.pt
Saved PyTorch checkpoint to results/unsteady/checkpoints/best.pt
Saved PyTorch checkpoint to results/unsteady/checkpoints/best.pt
Saved PyTorch checkpoint to results/unsteady/checkpoints/best.pt
Saved PyTorch checkpoint to results/unsteady/checkpoints/best.pt
Adam 5700 | total=5.341e-02 f=1.178e-02 ic=8.124e-04 wall=6.108e-03 inlet=2.053e-03 outlet=1.590e-05 lr=5.000e-04
Saved PyTorch checkpoint to results/unsteady/checkpoints/best.pt
Saved PyTorch checkpoint to results/unsteady/checkpoints/best.pt
Saved PyTorch checkpoint to results/unsteady/checkpoints/best.pt
Saved PyTorch checkpoint to results/unsteady/checkpoints/best.pt
Saved PyTorch checkpoint to results/unsteady/checkpoints/best.pt
Saved PyTorch checkpoint to results/unsteady/checkpoints/best.pt
Saved PyTorch checkpoint to results/unsteady/checkpoints/best.pt
Saved PyTorch checkpoint to results/unsteady/checkpoints/best.pt
Saved PyTorch checkpoint to results/unsteady/checkpoints/best.pt
Saved PyTorch checkpoint to results/unsteady/checkpoints/best.pt
Saved PyTorch checkpoint to results/unsteady/checkpoints/best.pt
Saved PyTorch checkpoint to results/unsteady/checkpoints/best.pt
Saved PyTorch checkpoint to results/unsteady/checkpoints/best.pt
Saved PyTorch checkpoint to results/unsteady/checkpoints/best.pt
Saved PyTorch checkpoint to results/unsteady/checkpoints/best.pt
Saved PyTorch checkpoint to results/unsteady/checkpoints/best.pt
Saved PyTorch checkpoint to results/unsteady/checkpoints/best.pt
Saved PyTorch checkpoint to results/unsteady/checkpoints/best.pt
Saved PyTorch checkpoint to results/unsteady/checkpoints/best.pt
Saved PyTorch checkpoint to results/unsteady/checkpoints/best.pt
Saved PyTorch checkpoint to results/unsteady/checkpoints/best.pt
Saved PyTorch checkpoint to results/unsteady/checkpoints/best.pt
Saved PyTorch checkpoint to results/unsteady/checkpoints/best.pt
Saved PyTorch checkpoint to results/unsteady/checkpoints/best.pt
Adam 5800 | total=6.932e-02 f=2.072e-02 ic=1.024e-03 wall=6.646e-03 inlet=2.866e-03 outlet=1.271e-05 lr=5.000e-04
Saved PyTorch checkpoint to results/unsteady/checkpoints/best.pt
Saved PyTorch checkpoint to results/unsteady/checkpoints/best.pt
Saved PyTorch checkpoint to results/unsteady/checkpoints/best.pt
Saved PyTorch checkpoint to results/unsteady/checkpoints/best.pt
Saved PyTorch checkpoint to results/unsteady/checkpoints/best.pt
Saved PyTorch checkpoint to results/unsteady/checkpoints/best.pt
Saved PyTorch checkpoint to results/unsteady/checkpoints/best.pt
Adam 5900 | total=5.204e-02 f=1.178e-02 ic=7.411e-04 wall=5.543e-03 inlet=2.357e-03 outlet=1.901e-05 lr=5.000e-04
Saved PyTorch checkpoint to results/unsteady/checkpoints/best.pt
Saved PyTorch checkpoint to results/unsteady/checkpoints/best.pt
Saved PyTorch checkpoint to results/unsteady/checkpoints/best.pt
Saved PyTorch checkpoint to results/unsteady/checkpoints/best.pt
Saved PyTorch checkpoint to results/unsteady/checkpoints/best.pt
Saved PyTorch checkpoint to results/unsteady/checkpoints/best.pt
Saved PyTorch checkpoint to results/unsteady/checkpoints/best.pt
Saved PyTorch checkpoint to results/unsteady/checkpoints/best.pt
Saved PyTorch checkpoint to results/unsteady/checkpoints/best.pt
Saved PyTorch checkpoint to results/unsteady/checkpoints/best.pt
Saved PyTorch checkpoint to results/unsteady/checkpoints/best.pt
Adam 6000 | total=5.388e-02 f=1.355e-02 ic=9.508e-04 wall=6.299e-03 inlet=1.573e-03 outlet=1.401e-05 lr=5.000e-04
Saved PyTorch checkpoint to results/unsteady/checkpoints/best.pt
Saved PyTorch checkpoint to results/unsteady/checkpoints/best.pt
Saved PyTorch checkpoint to results/unsteady/checkpoints/best.pt
Saved PyTorch checkpoint to results/unsteady/checkpoints/best.pt
Saved PyTorch checkpoint to results/unsteady/checkpoints/best.pt
Saved PyTorch checkpoint to results/unsteady/checkpoints/best.pt
Saved PyTorch checkpoint to results/unsteady/checkpoints/best.pt
Saved PyTorch checkpoint to results/unsteady/checkpoints/best.pt
Saved PyTorch checkpoint to results/unsteady/checkpoints/best.pt
Saved PyTorch checkpoint to results/unsteady/checkpoints/best.pt
Saved PyTorch checkpoint to results/unsteady/checkpoints/best.pt
Adam 6100 | total=4.991e-02 f=1.243e-02 ic=9.105e-04 wall=5.965e-03 inlet=1.345e-03 outlet=1.858e-05 lr=5.000e-04
Saved PyTorch checkpoint to results/unsteady/checkpoints/best.pt
Saved PyTorch checkpoint to results/unsteady/checkpoints/best.pt
Saved PyTorch checkpoint to results/unsteady/checkpoints/best.pt
Saved PyTorch checkpoint to results/unsteady/checkpoints/best.pt
Saved PyTorch checkpoint to results/unsteady/checkpoints/best.pt
Saved PyTorch checkpoint to results/unsteady/checkpoints/best.pt
Adam 6200 | total=4.795e-02 f=1.193e-02 ic=7.952e-04 wall=5.448e-03 inlet=1.594e-03 outlet=2.032e-05 lr=5.000e-04
Saved PyTorch checkpoint to results/unsteady/checkpoints/best.pt
Saved PyTorch checkpoint to results/unsteady/checkpoints/best.pt
Adam 6300 | total=4.960e-02 f=1.249e-02 ic=7.041e-04 wall=4.953e-03 inlet=2.323e-03 outlet=2.612e-05 lr=5.000e-04
Saved PyTorch checkpoint to results/unsteady/checkpoints/best.pt
Saved PyTorch checkpoint to results/unsteady/checkpoints/best.pt
Saved PyTorch checkpoint to results/unsteady/checkpoints/best.pt
Saved PyTorch checkpoint to results/unsteady/checkpoints/best.pt
Saved PyTorch checkpoint to results/unsteady/checkpoints/best.pt
Saved PyTorch checkpoint to results/unsteady/checkpoints/best.pt
Saved PyTorch checkpoint to results/unsteady/checkpoints/best.pt
Saved PyTorch checkpoint to results/unsteady/checkpoints/best.pt
Saved PyTorch checkpoint to results/unsteady/checkpoints/best.pt
Saved PyTorch checkpoint to results/unsteady/checkpoints/best.pt
Saved PyTorch checkpoint to results/unsteady/checkpoints/best.pt
Saved PyTorch checkpoint to results/unsteady/checkpoints/best.pt
Adam 6400 | total=4.658e-02 f=1.219e-02 ic=7.436e-04 wall=5.086e-03 inlet=1.637e-03 outlet=2.563e-05 lr=5.000e-04
Saved PyTorch checkpoint to results/unsteady/checkpoints/best.pt
Saved PyTorch checkpoint to results/unsteady/checkpoints/best.pt
Saved PyTorch checkpoint to results/unsteady/checkpoints/best.pt
Saved PyTorch checkpoint to results/unsteady/checkpoints/best.pt
Saved PyTorch checkpoint to results/unsteady/checkpoints/best.pt
Saved PyTorch checkpoint to results/unsteady/checkpoints/best.pt
Saved PyTorch checkpoint to results/unsteady/checkpoints/best.pt
Saved PyTorch checkpoint to results/unsteady/checkpoints/best.pt
Saved PyTorch checkpoint to results/unsteady/checkpoints/best.pt
Saved PyTorch checkpoint to results/unsteady/checkpoints/best.pt
Adam 6500 | total=6.032e-02 f=1.943e-02 ic=9.840e-04 wall=5.920e-03 inlet=2.056e-03 outlet=3.163e-05 lr=5.000e-04
Saved PyTorch checkpoint to results/unsteady/checkpoints/best.pt
Saved PyTorch checkpoint to results/unsteady/checkpoints/best.pt
Saved PyTorch checkpoint to results/unsteady/checkpoints/best.pt
Saved PyTorch checkpoint to results/unsteady/checkpoints/best.pt
Saved PyTorch checkpoint to results/unsteady/checkpoints/best.pt
Saved PyTorch checkpoint to results/unsteady/checkpoints/best.pt
Saved PyTorch checkpoint to results/unsteady/checkpoints/best.pt
Saved PyTorch checkpoint to results/unsteady/checkpoints/best.pt
Saved PyTorch checkpoint to results/unsteady/checkpoints/best.pt
Adam 6600 | total=4.422e-02 f=1.200e-02 ic=7.443e-04 wall=4.821e-03 inlet=1.469e-03 outlet=2.686e-05 lr=5.000e-04
Saved PyTorch checkpoint to results/unsteady/checkpoints/best.pt
Saved PyTorch checkpoint to results/unsteady/checkpoints/best.pt
Saved PyTorch checkpoint to results/unsteady/checkpoints/best.pt
Saved PyTorch checkpoint to results/unsteady/checkpoints/best.pt
Saved PyTorch checkpoint to results/unsteady/checkpoints/best.pt
Saved PyTorch checkpoint to results/unsteady/checkpoints/best.pt
Saved PyTorch checkpoint to results/unsteady/checkpoints/best.pt
Saved PyTorch checkpoint to results/unsteady/checkpoints/best.pt
Saved PyTorch checkpoint to results/unsteady/checkpoints/best.pt
Saved PyTorch checkpoint to results/unsteady/checkpoints/best.pt
Saved PyTorch checkpoint to results/unsteady/checkpoints/best.pt
Saved PyTorch checkpoint to results/unsteady/checkpoints/best.pt
Adam 6700 | total=4.352e-02 f=1.217e-02 ic=7.752e-04 wall=4.825e-03 inlet=1.285e-03 outlet=2.998e-05 lr=5.000e-04
Saved PyTorch checkpoint to results/unsteady/checkpoints/best.pt
Saved PyTorch checkpoint to results/unsteady/checkpoints/best.pt
Saved PyTorch checkpoint to results/unsteady/checkpoints/best.pt
Saved PyTorch checkpoint to results/unsteady/checkpoints/best.pt
Saved PyTorch checkpoint to results/unsteady/checkpoints/best.pt
Saved PyTorch checkpoint to results/unsteady/checkpoints/best.pt
Saved PyTorch checkpoint to results/unsteady/checkpoints/best.pt
Saved PyTorch checkpoint to results/unsteady/checkpoints/best.pt
Saved PyTorch checkpoint to results/unsteady/checkpoints/best.pt
Saved PyTorch checkpoint to results/unsteady/checkpoints/best.pt
Saved PyTorch checkpoint to results/unsteady/checkpoints/best.pt
Saved PyTorch checkpoint to results/unsteady/checkpoints/best.pt
Saved PyTorch checkpoint to results/unsteady/checkpoints/best.pt
Saved PyTorch checkpoint to results/unsteady/checkpoints/best.pt
Saved PyTorch checkpoint to results/unsteady/checkpoints/best.pt
Saved PyTorch checkpoint to results/unsteady/checkpoints/best.pt
Saved PyTorch checkpoint to results/unsteady/checkpoints/best.pt
Saved PyTorch checkpoint to results/unsteady/checkpoints/best.pt
Saved PyTorch checkpoint to results/unsteady/checkpoints/best.pt
Saved PyTorch checkpoint to results/unsteady/checkpoints/best.pt
Adam 6800 | total=4.266e-02 f=1.233e-02 ic=7.980e-04 wall=4.685e-03 inlet=1.215e-03 outlet=2.872e-05 lr=5.000e-04
Saved PyTorch checkpoint to results/unsteady/checkpoints/best.pt
Saved PyTorch checkpoint to results/unsteady/checkpoints/best.pt
Saved PyTorch checkpoint to results/unsteady/checkpoints/best.pt
Saved PyTorch checkpoint to results/unsteady/checkpoints/best.pt
Saved PyTorch checkpoint to results/unsteady/checkpoints/best.pt
Saved PyTorch checkpoint to results/unsteady/checkpoints/best.pt
Saved PyTorch checkpoint to results/unsteady/checkpoints/best.pt
Adam 6900 | total=4.270e-02 f=1.257e-02 ic=7.718e-04 wall=4.462e-03 inlet=1.404e-03 outlet=2.930e-05 lr=5.000e-04
Saved PyTorch checkpoint to results/unsteady/checkpoints/best.pt
Saved PyTorch checkpoint to results/unsteady/checkpoints/best.pt
Saved PyTorch checkpoint to results/unsteady/checkpoints/best.pt
Saved PyTorch checkpoint to results/unsteady/checkpoints/best.pt
Saved PyTorch checkpoint to results/unsteady/checkpoints/best.pt
Saved PyTorch checkpoint to results/unsteady/checkpoints/best.pt
Saved PyTorch checkpoint to results/unsteady/checkpoints/best.pt
Saved PyTorch checkpoint to results/unsteady/checkpoints/best.pt
Saved PyTorch checkpoint to results/unsteady/checkpoints/best.pt
Saved PyTorch checkpoint to results/unsteady/checkpoints/best.pt
Saved PyTorch checkpoint to results/unsteady/checkpoints/best.pt
Saved PyTorch checkpoint to results/unsteady/checkpoints/best.pt
Saved PyTorch checkpoint to results/unsteady/checkpoints/best.pt
Saved PyTorch checkpoint to results/unsteady/checkpoints/best.pt
Saved PyTorch checkpoint to results/unsteady/checkpoints/best.pt
Saved PyTorch checkpoint to results/unsteady/checkpoints/best.pt
Saved PyTorch checkpoint to results/unsteady/checkpoints/best.pt
Saved PyTorch checkpoint to results/unsteady/checkpoints/best.pt
Saved PyTorch checkpoint to results/unsteady/checkpoints/best.pt
Adam 7000 | total=4.487e-02 f=1.400e-02 ic=9.791e-04 wall=5.007e-03 inlet=9.639e-04 outlet=3.283e-05 lr=5.000e-04
Saved PyTorch checkpoint to results/unsteady/checkpoints/best.pt
Saved PyTorch checkpoint to results/unsteady/checkpoints/best.pt
Saved PyTorch checkpoint to results/unsteady/checkpoints/best.pt
Saved PyTorch checkpoint to results/unsteady/checkpoints/best.pt
Saved PyTorch checkpoint to results/unsteady/checkpoints/best.pt
Saved PyTorch checkpoint to results/unsteady/checkpoints/best.pt
Saved PyTorch checkpoint to results/unsteady/checkpoints/best.pt
Saved PyTorch checkpoint to results/unsteady/checkpoints/best.pt
Saved PyTorch checkpoint to results/unsteady/checkpoints/best.pt
Saved PyTorch checkpoint to results/unsteady/checkpoints/best.pt
Saved PyTorch checkpoint to results/unsteady/checkpoints/best.pt
Saved PyTorch checkpoint to results/unsteady/checkpoints/best.pt
Adam 7100 | total=8.457e-02 f=3.724e-02 ic=1.087e-03 wall=5.120e-03 inlet=4.126e-03 outlet=2.380e-05 lr=5.000e-04
Saved PyTorch checkpoint to results/unsteady/checkpoints/best.pt
Saved PyTorch checkpoint to results/unsteady/checkpoints/best.pt
Saved PyTorch checkpoint to results/unsteady/checkpoints/best.pt
Saved PyTorch checkpoint to results/unsteady/checkpoints/best.pt
Saved PyTorch checkpoint to results/unsteady/checkpoints/best.pt
Saved PyTorch checkpoint to results/unsteady/checkpoints/best.pt
Saved PyTorch checkpoint to results/unsteady/checkpoints/best.pt
Saved PyTorch checkpoint to results/unsteady/checkpoints/best.pt
Saved PyTorch checkpoint to results/unsteady/checkpoints/best.pt
Saved PyTorch checkpoint to results/unsteady/checkpoints/best.pt
Saved PyTorch checkpoint to results/unsteady/checkpoints/best.pt
Saved PyTorch checkpoint to results/unsteady/checkpoints/best.pt
Saved PyTorch checkpoint to results/unsteady/checkpoints/best.pt
Saved PyTorch checkpoint to results/unsteady/checkpoints/best.pt
Saved PyTorch checkpoint to results/unsteady/checkpoints/best.pt
Adam 7200 | total=4.720e-02 f=1.484e-02 ic=1.174e-03 wall=5.260e-03 inlet=9.721e-04 outlet=2.801e-05 lr=5.000e-04
Saved PyTorch checkpoint to results/unsteady/checkpoints/best.pt
Saved PyTorch checkpoint to results/unsteady/checkpoints/best.pt
Saved PyTorch checkpoint to results/unsteady/checkpoints/best.pt
Saved PyTorch checkpoint to results/unsteady/checkpoints/best.pt
Saved PyTorch checkpoint to results/unsteady/checkpoints/best.pt
Saved PyTorch checkpoint to results/unsteady/checkpoints/best.pt
Saved PyTorch checkpoint to results/unsteady/checkpoints/best.pt
Saved PyTorch checkpoint to results/unsteady/checkpoints/best.pt
Saved PyTorch checkpoint to results/unsteady/checkpoints/best.pt
Saved PyTorch checkpoint to results/unsteady/checkpoints/best.pt
Saved PyTorch checkpoint to results/unsteady/checkpoints/best.pt
Saved PyTorch checkpoint to results/unsteady/checkpoints/best.pt
Saved PyTorch checkpoint to results/unsteady/checkpoints/best.pt
Saved PyTorch checkpoint to results/unsteady/checkpoints/best.pt
Saved PyTorch checkpoint to results/unsteady/checkpoints/best.pt
Adam 7300 | total=4.943e-02 f=1.800e-02 ic=8.137e-04 wall=4.122e-03 inlet=1.992e-03 outlet=5.179e-05 lr=5.000e-04
Saved PyTorch checkpoint to results/unsteady/checkpoints/best.pt
Saved PyTorch checkpoint to results/unsteady/checkpoints/best.pt
Saved PyTorch checkpoint to results/unsteady/checkpoints/best.pt
Saved PyTorch checkpoint to results/unsteady/checkpoints/best.pt
Saved PyTorch checkpoint to results/unsteady/checkpoints/best.pt
Saved PyTorch checkpoint to results/unsteady/checkpoints/best.pt
Saved PyTorch checkpoint to results/unsteady/checkpoints/best.pt
Saved PyTorch checkpoint to results/unsteady/checkpoints/best.pt
Saved PyTorch checkpoint to results/unsteady/checkpoints/best.pt
Saved PyTorch checkpoint to results/unsteady/checkpoints/best.pt
Saved PyTorch checkpoint to results/unsteady/checkpoints/best.pt
Saved PyTorch checkpoint to results/unsteady/checkpoints/best.pt
Saved PyTorch checkpoint to results/unsteady/checkpoints/best.pt
Saved PyTorch checkpoint to results/unsteady/checkpoints/best.pt
Saved PyTorch checkpoint to results/unsteady/checkpoints/best.pt
Saved PyTorch checkpoint to results/unsteady/checkpoints/best.pt
Saved PyTorch checkpoint to results/unsteady/checkpoints/best.pt
Saved PyTorch checkpoint to results/unsteady/checkpoints/best.pt
Saved PyTorch checkpoint to results/unsteady/checkpoints/best.pt
Saved PyTorch checkpoint to results/unsteady/checkpoints/best.pt
Saved PyTorch checkpoint to results/unsteady/checkpoints/best.pt
Saved PyTorch checkpoint to results/unsteady/checkpoints/best.pt
Saved PyTorch checkpoint to results/unsteady/checkpoints/best.pt
Saved PyTorch checkpoint to results/unsteady/checkpoints/best.pt
Saved PyTorch checkpoint to results/unsteady/checkpoints/best.pt
Saved PyTorch checkpoint to results/unsteady/checkpoints/best.pt
Saved PyTorch checkpoint to results/unsteady/checkpoints/best.pt
Adam 7400 | total=5.886e-02 f=2.058e-02 ic=8.667e-04 wall=3.704e-03 inlet=3.772e-03 outlet=3.056e-05 lr=5.000e-04
Saved PyTorch checkpoint to results/unsteady/checkpoints/best.pt
Saved PyTorch checkpoint to results/unsteady/checkpoints/best.pt
Saved PyTorch checkpoint to results/unsteady/checkpoints/best.pt
Saved PyTorch checkpoint to results/unsteady/checkpoints/best.pt
Saved PyTorch checkpoint to results/unsteady/checkpoints/best.pt
Saved PyTorch checkpoint to results/unsteady/checkpoints/best.pt
Saved PyTorch checkpoint to results/unsteady/checkpoints/best.pt
Saved PyTorch checkpoint to results/unsteady/checkpoints/best.pt
Adam 7500 | total=3.801e-02 f=1.249e-02 ic=8.245e-04 wall=3.919e-03 inlet=1.012e-03 outlet=4.075e-05 lr=5.000e-04
Saved PyTorch checkpoint to results/unsteady/checkpoints/best.pt
Saved PyTorch checkpoint to results/unsteady/checkpoints/best.pt
Saved PyTorch checkpoint to results/unsteady/checkpoints/best.pt
Saved PyTorch checkpoint to results/unsteady/checkpoints/best.pt
Saved PyTorch checkpoint to results/unsteady/checkpoints/best.pt
Saved PyTorch checkpoint to results/unsteady/checkpoints/best.pt
Adam 7600 | total=4.022e-02 f=1.380e-02 ic=9.815e-04 wall=4.248e-03 inlet=8.314e-04 outlet=4.140e-05 lr=5.000e-04
Saved PyTorch checkpoint to results/unsteady/checkpoints/best.pt
Saved PyTorch checkpoint to results/unsteady/checkpoints/best.pt
Saved PyTorch checkpoint to results/unsteady/checkpoints/best.pt
Saved PyTorch checkpoint to results/unsteady/checkpoints/best.pt
Saved PyTorch checkpoint to results/unsteady/checkpoints/best.pt
Saved PyTorch checkpoint to results/unsteady/checkpoints/best.pt
Saved PyTorch checkpoint to results/unsteady/checkpoints/best.pt
Saved PyTorch checkpoint to results/unsteady/checkpoints/best.pt
Saved PyTorch checkpoint to results/unsteady/checkpoints/best.pt
Saved PyTorch checkpoint to results/unsteady/checkpoints/best.pt
Saved PyTorch checkpoint to results/unsteady/checkpoints/best.pt
Adam 7700 | total=3.711e-02 f=1.258e-02 ic=7.832e-04 wall=3.553e-03 inlet=1.187e-03 outlet=4.133e-05 lr=5.000e-04
Saved PyTorch checkpoint to results/unsteady/checkpoints/best.pt
Saved PyTorch checkpoint to results/unsteady/checkpoints/best.pt
Saved PyTorch checkpoint to results/unsteady/checkpoints/best.pt
Saved PyTorch checkpoint to results/unsteady/checkpoints/best.pt
Saved PyTorch checkpoint to results/unsteady/checkpoints/best.pt
Saved PyTorch checkpoint to results/unsteady/checkpoints/best.pt
Saved PyTorch checkpoint to results/unsteady/checkpoints/best.pt
Saved PyTorch checkpoint to results/unsteady/checkpoints/best.pt
Saved PyTorch checkpoint to results/unsteady/checkpoints/best.pt
Adam 7800 | total=5.345e-02 f=2.178e-02 ic=8.596e-04 wall=3.477e-03 inlet=2.671e-03 outlet=6.710e-05 lr=5.000e-04
Saved PyTorch checkpoint to results/unsteady/checkpoints/best.pt
Saved PyTorch checkpoint to results/unsteady/checkpoints/best.pt
Saved PyTorch checkpoint to results/unsteady/checkpoints/best.pt
Saved PyTorch checkpoint to results/unsteady/checkpoints/best.pt
Saved PyTorch checkpoint to results/unsteady/checkpoints/best.pt
Adam 7900 | total=3.576e-02 f=1.253e-02 ic=8.371e-04 wall=3.629e-03 inlet=8.410e-04 outlet=4.737e-05 lr=5.000e-04
Saved PyTorch checkpoint to results/unsteady/checkpoints/best.pt
Saved PyTorch checkpoint to results/unsteady/checkpoints/best.pt
Saved PyTorch checkpoint to results/unsteady/checkpoints/best.pt
Saved PyTorch checkpoint to results/unsteady/checkpoints/best.pt
Saved PyTorch checkpoint to results/unsteady/checkpoints/best.pt
Saved PyTorch checkpoint to results/unsteady/checkpoints/best.pt
Saved PyTorch checkpoint to results/unsteady/checkpoints/best.pt
Saved PyTorch checkpoint to results/unsteady/checkpoints/best.pt
Saved PyTorch checkpoint to results/unsteady/checkpoints/best.pt
Adam 8000 | total=3.492e-02 f=1.242e-02 ic=8.281e-04 wall=3.401e-03 inlet=9.243e-04 outlet=4.450e-05 lr=5.000e-04
Saved PyTorch checkpoint to results/unsteady/checkpoints/best.pt
Saved PyTorch checkpoint to results/unsteady/checkpoints/best.pt
Saved PyTorch checkpoint to results/unsteady/checkpoints/best.pt
Saved PyTorch checkpoint to results/unsteady/checkpoints/best.pt
Saved PyTorch checkpoint to results/unsteady/checkpoints/best.pt
Saved PyTorch checkpoint to results/unsteady/checkpoints/best.pt
Saved PyTorch checkpoint to results/unsteady/checkpoints/best.pt
Adam 8100 | total=4.135e-02 f=1.613e-02 ic=8.044e-04 wall=3.217e-03 inlet=1.653e-03 outlet=6.310e-05 lr=5.000e-04
Saved PyTorch checkpoint to results/unsteady/checkpoints/best.pt
Saved PyTorch checkpoint to results/unsteady/checkpoints/best.pt
Saved PyTorch checkpoint to results/unsteady/checkpoints/best.pt
Saved PyTorch checkpoint to results/unsteady/checkpoints/best.pt
Saved PyTorch checkpoint to results/unsteady/checkpoints/best.pt
Adam 8200 | total=5.461e-02 f=2.464e-02 ic=1.034e-03 wall=3.893e-03 inlet=1.886e-03 outlet=3.455e-05 lr=5.000e-04
Saved PyTorch checkpoint to results/unsteady/checkpoints/best.pt
Saved PyTorch checkpoint to results/unsteady/checkpoints/best.pt
Saved PyTorch checkpoint to results/unsteady/checkpoints/best.pt
Saved PyTorch checkpoint to results/unsteady/checkpoints/best.pt
Saved PyTorch checkpoint to results/unsteady/checkpoints/best.pt
Saved PyTorch checkpoint to results/unsteady/checkpoints/best.pt
Saved PyTorch checkpoint to results/unsteady/checkpoints/best.pt
Saved PyTorch checkpoint to results/unsteady/checkpoints/best.pt
Saved PyTorch checkpoint to results/unsteady/checkpoints/best.pt
Saved PyTorch checkpoint to results/unsteady/checkpoints/best.pt
Saved PyTorch checkpoint to results/unsteady/checkpoints/best.pt
Saved PyTorch checkpoint to results/unsteady/checkpoints/best.pt
Saved PyTorch checkpoint to results/unsteady/checkpoints/best.pt
Saved PyTorch checkpoint to results/unsteady/checkpoints/best.pt
Saved PyTorch checkpoint to results/unsteady/checkpoints/best.pt
Saved PyTorch checkpoint to results/unsteady/checkpoints/best.pt
Adam 8300 | total=3.523e-02 f=1.348e-02 ic=8.468e-04 wall=3.465e-03 inlet=7.063e-04 outlet=5.359e-05 lr=5.000e-04
Saved PyTorch checkpoint to results/unsteady/checkpoints/best.pt
Saved PyTorch checkpoint to results/unsteady/checkpoints/best.pt
Saved PyTorch checkpoint to results/unsteady/checkpoints/best.pt
Saved PyTorch checkpoint to results/unsteady/checkpoints/best.pt
Saved PyTorch checkpoint to results/unsteady/checkpoints/best.pt
Saved PyTorch checkpoint to results/unsteady/checkpoints/best.pt
Saved PyTorch checkpoint to results/unsteady/checkpoints/best.pt
Saved PyTorch checkpoint to results/unsteady/checkpoints/best.pt
Saved PyTorch checkpoint to results/unsteady/checkpoints/best.pt
Adam 8400 | total=3.253e-02 f=1.211e-02 ic=8.071e-04 wall=3.078e-03 inlet=8.346e-04 outlet=5.335e-05 lr=5.000e-04
Saved PyTorch checkpoint to results/unsteady/checkpoints/best.pt
Saved PyTorch checkpoint to results/unsteady/checkpoints/best.pt
Saved PyTorch checkpoint to results/unsteady/checkpoints/best.pt
Saved PyTorch checkpoint to results/unsteady/checkpoints/best.pt
Saved PyTorch checkpoint to results/unsteady/checkpoints/best.pt
Adam 8500 | total=3.495e-02 f=1.319e-02 ic=1.016e-03 wall=3.494e-03 inlet=6.447e-04 outlet=5.059e-05 lr=5.000e-04
Saved PyTorch checkpoint to results/unsteady/checkpoints/best.pt
Saved PyTorch checkpoint to results/unsteady/checkpoints/best.pt
Saved PyTorch checkpoint to results/unsteady/checkpoints/best.pt
Saved PyTorch checkpoint to results/unsteady/checkpoints/best.pt
Saved PyTorch checkpoint to results/unsteady/checkpoints/best.pt
Adam 8600 | total=3.203e-02 f=1.220e-02 ic=7.854e-04 wall=2.826e-03 inlet=9.720e-04 outlet=5.234e-05 lr=5.000e-04
Saved PyTorch checkpoint to results/unsteady/checkpoints/best.pt
Saved PyTorch checkpoint to results/unsteady/checkpoints/best.pt
Saved PyTorch checkpoint to results/unsteady/checkpoints/best.pt
Saved PyTorch checkpoint to results/unsteady/checkpoints/best.pt
Saved PyTorch checkpoint to results/unsteady/checkpoints/best.pt
Adam 8700 | total=3.185e-02 f=1.234e-02 ic=7.849e-04 wall=2.855e-03 inlet=8.778e-04 outlet=6.129e-05 lr=5.000e-04
Saved PyTorch checkpoint to results/unsteady/checkpoints/best.pt
Saved PyTorch checkpoint to results/unsteady/checkpoints/best.pt
Saved PyTorch checkpoint to results/unsteady/checkpoints/best.pt
Saved PyTorch checkpoint to results/unsteady/checkpoints/best.pt
Saved PyTorch checkpoint to results/unsteady/checkpoints/best.pt
Saved PyTorch checkpoint to results/unsteady/checkpoints/best.pt
Adam 8800 | total=3.109e-02 f=1.213e-02 ic=7.629e-04 wall=2.860e-03 inlet=7.670e-04 outlet=5.926e-05 lr=5.000e-04
Saved PyTorch checkpoint to results/unsteady/checkpoints/best.pt
Saved PyTorch checkpoint to results/unsteady/checkpoints/best.pt
Saved PyTorch checkpoint to results/unsteady/checkpoints/best.pt
Saved PyTorch checkpoint to results/unsteady/checkpoints/best.pt
Saved PyTorch checkpoint to results/unsteady/checkpoints/best.pt
Saved PyTorch checkpoint to results/unsteady/checkpoints/best.pt
Adam 8900 | total=2.999e-02 f=1.197e-02 ic=8.210e-04 wall=2.756e-03 inlet=6.727e-04 outlet=5.814e-05 lr=5.000e-04
Saved PyTorch checkpoint to results/unsteady/checkpoints/best.pt
Saved PyTorch checkpoint to results/unsteady/checkpoints/best.pt
Saved PyTorch checkpoint to results/unsteady/checkpoints/best.pt
Saved PyTorch checkpoint to results/unsteady/checkpoints/best.pt
Saved PyTorch checkpoint to results/unsteady/checkpoints/best.pt
Saved PyTorch checkpoint to results/unsteady/checkpoints/best.pt
Saved PyTorch checkpoint to results/unsteady/checkpoints/best.pt
Saved PyTorch checkpoint to results/unsteady/checkpoints/best.pt
Saved PyTorch checkpoint to results/unsteady/checkpoints/best.pt
Saved PyTorch checkpoint to results/unsteady/checkpoints/best.pt
Saved PyTorch checkpoint to results/unsteady/checkpoints/best.pt
Saved PyTorch checkpoint to results/unsteady/checkpoints/best.pt
Saved PyTorch checkpoint to results/unsteady/checkpoints/best.pt
Saved PyTorch checkpoint to results/unsteady/checkpoints/best.pt
Saved PyTorch checkpoint to results/unsteady/checkpoints/best.pt
Adam 9000 | total=2.925e-02 f=1.173e-02 ic=8.057e-04 wall=2.638e-03 inlet=6.938e-04 outlet=5.918e-05 lr=5.000e-04
Saved PyTorch checkpoint to results/unsteady/checkpoints/best.pt
Saved PyTorch checkpoint to results/unsteady/checkpoints/best.pt
Saved PyTorch checkpoint to results/unsteady/checkpoints/best.pt
Saved PyTorch checkpoint to results/unsteady/checkpoints/best.pt
Saved PyTorch checkpoint to results/unsteady/checkpoints/best.pt
Saved PyTorch checkpoint to results/unsteady/checkpoints/best.pt
Saved PyTorch checkpoint to results/unsteady/checkpoints/best.pt
Saved PyTorch checkpoint to results/unsteady/checkpoints/best.pt
Saved PyTorch checkpoint to results/unsteady/checkpoints/best.pt
Adam 9100 | total=4.266e-02 f=2.072e-02 ic=9.932e-04 wall=2.994e-03 inlet=1.186e-03 outlet=4.360e-05 lr=5.000e-04
Saved PyTorch checkpoint to results/unsteady/checkpoints/best.pt
Saved PyTorch checkpoint to results/unsteady/checkpoints/best.pt
Saved PyTorch checkpoint to results/unsteady/checkpoints/best.pt
Saved PyTorch checkpoint to results/unsteady/checkpoints/best.pt
Saved PyTorch checkpoint to results/unsteady/checkpoints/best.pt
Saved PyTorch checkpoint to results/unsteady/checkpoints/best.pt
Saved PyTorch checkpoint to results/unsteady/checkpoints/best.pt
Saved PyTorch checkpoint to results/unsteady/checkpoints/best.pt
Saved PyTorch checkpoint to results/unsteady/checkpoints/best.pt
Saved PyTorch checkpoint to results/unsteady/checkpoints/best.pt
Saved PyTorch checkpoint to results/unsteady/checkpoints/best.pt
Adam 9200 | total=2.844e-02 f=1.134e-02 ic=7.427e-04 wall=2.556e-03 inlet=7.045e-04 outlet=5.939e-05 lr=5.000e-04
Saved PyTorch checkpoint to results/unsteady/checkpoints/best.pt
Saved PyTorch checkpoint to results/unsteady/checkpoints/best.pt
Saved PyTorch checkpoint to results/unsteady/checkpoints/best.pt
Saved PyTorch checkpoint to results/unsteady/checkpoints/best.pt
Saved PyTorch checkpoint to results/unsteady/checkpoints/best.pt
Saved PyTorch checkpoint to results/unsteady/checkpoints/best.pt
Adam 9300 | total=2.833e-02 f=1.194e-02 ic=8.363e-04 wall=2.551e-03 inlet=5.487e-04 outlet=5.615e-05 lr=5.000e-04
Saved PyTorch checkpoint to results/unsteady/checkpoints/best.pt
Saved PyTorch checkpoint to results/unsteady/checkpoints/best.pt
Saved PyTorch checkpoint to results/unsteady/checkpoints/best.pt
Saved PyTorch checkpoint to results/unsteady/checkpoints/best.pt
Saved PyTorch checkpoint to results/unsteady/checkpoints/best.pt
Saved PyTorch checkpoint to results/unsteady/checkpoints/best.pt
Saved PyTorch checkpoint to results/unsteady/checkpoints/best.pt
Saved PyTorch checkpoint to results/unsteady/checkpoints/best.pt
Saved PyTorch checkpoint to results/unsteady/checkpoints/best.pt
Saved PyTorch checkpoint to results/unsteady/checkpoints/best.pt
Saved PyTorch checkpoint to results/unsteady/checkpoints/best.pt
Saved PyTorch checkpoint to results/unsteady/checkpoints/best.pt
Saved PyTorch checkpoint to results/unsteady/checkpoints/best.pt
Saved PyTorch checkpoint to results/unsteady/checkpoints/best.pt
Saved PyTorch checkpoint to results/unsteady/checkpoints/best.pt
Adam 9400 | total=2.769e-02 f=1.160e-02 ic=7.778e-04 wall=2.361e-03 inlet=6.889e-04 outlet=5.929e-05 lr=5.000e-04
Saved PyTorch checkpoint to results/unsteady/checkpoints/best.pt
Adam 9500 | total=2.870e-02 f=1.222e-02 ic=8.624e-04 wall=2.567e-03 inlet=5.438e-04 outlet=5.793e-05 lr=5.000e-04
Saved PyTorch checkpoint to results/unsteady/checkpoints/best.pt
Saved PyTorch checkpoint to results/unsteady/checkpoints/best.pt
Saved PyTorch checkpoint to results/unsteady/checkpoints/best.pt
Saved PyTorch checkpoint to results/unsteady/checkpoints/best.pt
Saved PyTorch checkpoint to results/unsteady/checkpoints/best.pt
Saved PyTorch checkpoint to results/unsteady/checkpoints/best.pt
Adam 9600 | total=2.854e-02 f=1.243e-02 ic=7.456e-04 wall=2.268e-03 inlet=7.882e-04 outlet=7.294e-05 lr=5.000e-04
Saved PyTorch checkpoint to results/unsteady/checkpoints/best.pt
Saved PyTorch checkpoint to results/unsteady/checkpoints/best.pt
Saved PyTorch checkpoint to results/unsteady/checkpoints/best.pt
Adam 9700 | total=2.767e-02 f=1.204e-02 ic=8.658e-04 wall=2.461e-03 inlet=4.795e-04 outlet=6.616e-05 lr=5.000e-04
Saved PyTorch checkpoint to results/unsteady/checkpoints/best.pt
Saved PyTorch checkpoint to results/unsteady/checkpoints/best.pt
Saved PyTorch checkpoint to results/unsteady/checkpoints/best.pt
Saved PyTorch checkpoint to results/unsteady/checkpoints/best.pt
Saved PyTorch checkpoint to results/unsteady/checkpoints/best.pt
Saved PyTorch checkpoint to results/unsteady/checkpoints/best.pt
Saved PyTorch checkpoint to results/unsteady/checkpoints/best.pt
Adam 9800 | total=2.616e-02 f=1.136e-02 ic=7.788e-04 wall=2.203e-03 inlet=5.880e-04 outlet=5.817e-05 lr=5.000e-04
Saved PyTorch checkpoint to results/unsteady/checkpoints/best.pt
Saved PyTorch checkpoint to results/unsteady/checkpoints/best.pt
Saved PyTorch checkpoint to results/unsteady/checkpoints/best.pt
Saved PyTorch checkpoint to results/unsteady/checkpoints/best.pt
Saved PyTorch checkpoint to results/unsteady/checkpoints/best.pt
Saved PyTorch checkpoint to results/unsteady/checkpoints/best.pt
Saved PyTorch checkpoint to results/unsteady/checkpoints/best.pt
Saved PyTorch checkpoint to results/unsteady/checkpoints/best.pt
Saved PyTorch checkpoint to results/unsteady/checkpoints/best.pt
Adam 9900 | total=2.539e-02 f=1.117e-02 ic=7.725e-04 wall=2.154e-03 inlet=5.243e-04 outlet=6.235e-05 lr=5.000e-04
Saved PyTorch checkpoint to results/unsteady/checkpoints/best.pt
Saved PyTorch checkpoint to results/unsteady/checkpoints/best.pt
Saved PyTorch checkpoint to results/unsteady/checkpoints/best.pt
Saved PyTorch checkpoint to results/unsteady/checkpoints/best.pt
Saved PyTorch checkpoint to results/unsteady/checkpoints/best.pt
Saved PyTorch checkpoint to results/unsteady/checkpoints/best.pt
Saved PyTorch checkpoint to results/unsteady/checkpoints/best.pt
Saved PyTorch checkpoint to results/unsteady/checkpoints/best.pt
Saved PyTorch checkpoint to results/unsteady/checkpoints/best.pt
Saved PyTorch checkpoint to results/unsteady/checkpoints/best.pt
Saved PyTorch checkpoint to results/unsteady/checkpoints/best.pt
Saved PyTorch checkpoint to results/unsteady/checkpoints/best.pt
Saved PyTorch checkpoint to results/unsteady/checkpoints/best.pt
Saved PyTorch checkpoint to results/unsteady/checkpoints/best.pt
Saved PyTorch checkpoint to results/unsteady/checkpoints/best.pt
Saved PyTorch checkpoint to results/unsteady/checkpoints/best.pt
Saved PyTorch checkpoint to results/unsteady/checkpoints/best.pt
Saved PyTorch checkpoint to results/unsteady/checkpoints/best.pt
Saved PyTorch checkpoint to results/unsteady/checkpoints/best.pt
Adam 10000 | total=2.499e-02 f=1.101e-02 ic=7.723e-04 wall=2.098e-03 inlet=5.298e-04 outlet=6.117e-05 lr=5.000e-04
Saved PyTorch checkpoint to results/unsteady/checkpoints/best.pt
LBFGS 1 | total=2.499e-02 f=1.104e-02 ic=7.930e-04 wall=2.132e-03 inlet=4.871e-04 outlet=6.085e-05
LBFGS 100 | total=2.207e-02 f=1.160e-02 ic=8.363e-04 wall=1.553e-03 inlet=3.602e-04 outlet=7.240e-05
LBFGS 200 | total=2.011e-02 f=1.091e-02 ic=7.247e-04 wall=1.331e-03 inlet=3.469e-04 outlet=8.230e-05
LBFGS 300 | total=1.860e-02 f=1.029e-02 ic=5.935e-04 wall=1.235e-03 inlet=3.000e-04 outlet=5.241e-05
LBFGS 400 | total=1.709e-02 f=9.492e-03 ic=5.329e-04 wall=1.160e-03 inlet=2.406e-04 outlet=6.785e-05
LBFGS 500 | total=1.598e-02 f=9.216e-03 ic=5.579e-04 wall=1.020e-03 inlet=2.039e-04 outlet=8.522e-05
Saved PyTorch checkpoint to results/unsteady/checkpoints/latest_lbfgs.pt
LBFGS 600 | total=1.487e-02 f=8.967e-03 ic=4.709e-04 wall=8.938e-04 inlet=1.811e-04 outlet=5.547e-05
LBFGS 700 | total=1.400e-02 f=8.722e-03 ic=4.400e-04 wall=7.992e-04 inlet=1.584e-04 outlet=4.706e-05
LBFGS 800 | total=1.316e-02 f=8.386e-03 ic=4.020e-04 wall=7.182e-04 inlet=1.472e-04 outlet=4.651e-05
LBFGS 900 | total=1.237e-02 f=8.115e-03 ic=3.285e-04 wall=6.419e-04 inlet=1.344e-04 outlet=4.811e-05
LBFGS 1000 | total=1.176e-02 f=7.797e-03 ic=3.103e-04 wall=5.947e-04 inlet=1.236e-04 outlet=5.980e-05
Saved PyTorch checkpoint to results/unsteady/checkpoints/latest_lbfgs.pt
LBFGS 1100 | total=1.123e-02 f=7.377e-03 ic=3.138e-04 wall=5.725e-04 inlet=1.227e-04 outlet=6.027e-05
LBFGS 1200 | total=1.071e-02 f=7.111e-03 ic=2.844e-04 wall=5.501e-04 inlet=1.018e-04 outlet=5.428e-05
LBFGS 1300 | total=1.026e-02 f=6.769e-03 ic=2.833e-04 wall=5.206e-04 inlet=1.070e-04 outlet=6.535e-05
LBFGS 1400 | total=9.830e-03 f=6.648e-03 ic=2.841e-04 wall=4.699e-04 inlet=9.471e-05 outlet=7.490e-05
LBFGS 1500 | total=9.419e-03 f=6.542e-03 ic=2.538e-04 wall=4.276e-04 inlet=8.088e-05 outlet=8.080e-05
Saved PyTorch checkpoint to results/unsteady/checkpoints/latest_lbfgs.pt
LBFGS 1600 | total=9.035e-03 f=6.356e-03 ic=2.243e-04 wall=3.992e-04 inlet=7.358e-05 outlet=9.110e-05
LBFGS 1700 | total=8.716e-03 f=6.114e-03 ic=2.038e-04 wall=3.922e-04 inlet=6.605e-05 outlet=1.078e-04
LBFGS 1800 | total=8.415e-03 f=5.903e-03 ic=2.016e-04 wall=3.773e-04 inlet=6.234e-05 outlet=1.128e-04
LBFGS 1900 | total=8.203e-03 f=5.803e-03 ic=1.927e-04 wall=3.621e-04 inlet=5.724e-05 outlet=1.108e-04
LBFGS 2000 | total=7.967e-03 f=5.650e-03 ic=1.770e-04 wall=3.498e-04 inlet=5.805e-05 outlet=1.000e-04
Saved PyTorch checkpoint to results/unsteady/checkpoints/latest_lbfgs.pt
LBFGS 2100 | total=7.759e-03 f=5.552e-03 ic=1.658e-04 wall=3.345e-04 inlet=5.591e-05 outlet=8.926e-05
LBFGS 2200 | total=7.586e-03 f=5.383e-03 ic=1.594e-04 wall=3.358e-04 inlet=5.841e-05 outlet=7.277e-05
LBFGS 2300 | total=7.409e-03 f=5.329e-03 ic=1.513e-04 wall=3.187e-04 inlet=5.415e-05 outlet=6.447e-05
LBFGS 2400 | total=7.253e-03 f=5.291e-03 ic=1.341e-04 wall=3.039e-04 inlet=4.981e-05 outlet=5.870e-05
LBFGS 2500 | total=7.084e-03 f=5.183e-03 ic=1.235e-04 wall=2.963e-04 inlet=4.670e-05 outlet=6.229e-05
Saved PyTorch checkpoint to results/unsteady/checkpoints/latest_lbfgs.pt
LBFGS 2600 | total=6.963e-03 f=5.130e-03 ic=1.205e-04 wall=2.857e-04 inlet=4.460e-05 outlet=6.025e-05
LBFGS 2700 | total=6.846e-03 f=5.060e-03 ic=1.141e-04 wall=2.778e-04 inlet=4.490e-05 outlet=5.837e-05
LBFGS 2800 | total=6.732e-03 f=4.994e-03 ic=1.018e-04 wall=2.747e-04 inlet=4.210e-05 outlet=5.263e-05
LBFGS 2900 | total=6.620e-03 f=4.935e-03 ic=9.751e-05 wall=2.682e-04 inlet=4.034e-05 outlet=4.435e-05
LBFGS 3000 | total=6.508e-03 f=4.855e-03 ic=9.626e-05 wall=2.640e-04 inlet=4.060e-05 outlet=3.422e-05
Saved PyTorch checkpoint to results/unsteady/checkpoints/latest_lbfgs.pt
LBFGS 3100 | total=6.404e-03 f=4.777e-03 ic=9.092e-05 wall=2.619e-04 inlet=3.902e-05 outlet=3.082e-05
LBFGS 3200 | total=6.297e-03 f=4.714e-03 ic=8.531e-05 wall=2.561e-04 inlet=3.862e-05 outlet=2.403e-05
LBFGS 3300 | total=6.206e-03 f=4.633e-03 ic=8.077e-05 wall=2.552e-04 inlet=3.914e-05 outlet=2.014e-05
LBFGS 3400 | total=6.112e-03 f=4.578e-03 ic=7.758e-05 wall=2.496e-04 inlet=3.787e-05 outlet=1.922e-05
LBFGS 3500 | total=6.040e-03 f=4.545e-03 ic=7.874e-05 wall=2.442e-04 inlet=3.540e-05 outlet=1.758e-05
Saved PyTorch checkpoint to results/unsteady/checkpoints/latest_lbfgs.pt
LBFGS 3600 | total=5.954e-03 f=4.523e-03 ic=6.901e-05 wall=2.356e-04 inlet=3.348e-05 outlet=1.691e-05
LBFGS 3700 | total=5.877e-03 f=4.462e-03 ic=6.876e-05 wall=2.340e-04 inlet=3.247e-05 outlet=1.405e-05
LBFGS 3800 | total=5.798e-03 f=4.389e-03 ic=6.490e-05 wall=2.327e-04 inlet=3.389e-05 outlet=1.183e-05
LBFGS 3900 | total=5.727e-03 f=4.360e-03 ic=6.381e-05 wall=2.252e-04 inlet=3.301e-05 outlet=1.180e-05
LBFGS 4000 | total=5.657e-03 f=4.325e-03 ic=5.743e-05 wall=2.188e-04 inlet=3.411e-05 outlet=1.040e-05
Saved PyTorch checkpoint to results/unsteady/checkpoints/latest_lbfgs.pt
LBFGS 4100 | total=5.589e-03 f=4.280e-03 ic=5.455e-05 wall=2.164e-04 inlet=3.281e-05 outlet=8.596e-06
LBFGS 4200 | total=5.516e-03 f=4.234e-03 ic=5.249e-05 wall=2.113e-04 inlet=3.331e-05 outlet=7.133e-06
LBFGS 4300 | total=5.450e-03 f=4.218e-03 ic=5.275e-05 wall=2.037e-04 inlet=3.079e-05 outlet=6.742e-06
LBFGS 4400 | total=5.384e-03 f=4.168e-03 ic=4.945e-05 wall=2.031e-04 inlet=2.895e-05 outlet=6.749e-06
LBFGS 4500 | total=5.325e-03 f=4.118e-03 ic=5.005e-05 wall=2.015e-04 inlet=2.855e-05 outlet=6.313e-06
Saved PyTorch checkpoint to results/unsteady/checkpoints/latest_lbfgs.pt
LBFGS 4600 | total=5.264e-03 f=4.106e-03 ic=4.944e-05 wall=1.929e-04 inlet=2.751e-05 outlet=6.541e-06
LBFGS 4700 | total=5.212e-03 f=4.080e-03 ic=4.518e-05 wall=1.895e-04 inlet=2.650e-05 outlet=6.689e-06
LBFGS 4800 | total=5.153e-03 f=4.039e-03 ic=4.563e-05 wall=1.865e-04 inlet=2.576e-05 outlet=6.874e-06
LBFGS 4900 | total=5.103e-03 f=3.995e-03 ic=4.585e-05 wall=1.864e-04 inlet=2.440e-05 outlet=7.613e-06
LBFGS 5000 | total=5.052e-03 f=3.983e-03 ic=4.486e-05 wall=1.799e-04 inlet=2.367e-05 outlet=7.247e-06
Saved PyTorch checkpoint to results/unsteady/checkpoints/latest_lbfgs.pt
LBFGS 5100 | total=5.002e-03 f=3.938e-03 ic=4.793e-05 wall=1.773e-04 inlet=2.431e-05 outlet=7.954e-06
LBFGS 5200 | total=4.945e-03 f=3.902e-03 ic=4.513e-05 wall=1.733e-04 inlet=2.471e-05 outlet=7.432e-06
LBFGS 5300 | total=4.898e-03 f=3.867e-03 ic=4.644e-05 wall=1.723e-04 inlet=2.294e-05 outlet=7.923e-06
LBFGS 5400 | total=4.855e-03 f=3.844e-03 ic=4.550e-05 wall=1.699e-04 inlet=2.190e-05 outlet=7.097e-06
LBFGS 5500 | total=4.817e-03 f=3.823e-03 ic=4.342e-05 wall=1.676e-04 inlet=2.112e-05 outlet=6.430e-06
Saved PyTorch checkpoint to results/unsteady/checkpoints/latest_lbfgs.pt
LBFGS 5600 | total=4.776e-03 f=3.795e-03 ic=4.310e-05 wall=1.646e-04 inlet=2.175e-05 outlet=6.055e-06
LBFGS 5700 | total=4.729e-03 f=3.773e-03 ic=4.159e-05 wall=1.611e-04 inlet=2.070e-05 outlet=5.132e-06
LBFGS 5800 | total=4.684e-03 f=3.748e-03 ic=4.045e-05 wall=1.585e-04 inlet=1.956e-05 outlet=5.733e-06
LBFGS 5900 | total=4.644e-03 f=3.708e-03 ic=4.014e-05 wall=1.593e-04 inlet=1.900e-05 outlet=4.769e-06
LBFGS 6000 | total=4.604e-03 f=3.669e-03 ic=4.015e-05 wall=1.594e-04 inlet=1.847e-05 outlet=5.129e-06
Saved PyTorch checkpoint to results/unsteady/checkpoints/latest_lbfgs.pt
LBFGS 6100 | total=4.562e-03 f=3.646e-03 ic=3.987e-05 wall=1.557e-04 inlet=1.820e-05 outlet=5.693e-06
LBFGS 6200 | total=4.526e-03 f=3.634e-03 ic=3.906e-05 wall=1.519e-04 inlet=1.751e-05 outlet=5.738e-06
LBFGS 6300 | total=4.493e-03 f=3.620e-03 ic=3.531e-05 wall=1.493e-04 inlet=1.705e-05 outlet=5.851e-06
LBFGS 6400 | total=4.456e-03 f=3.588e-03 ic=3.567e-05 wall=1.496e-04 inlet=1.587e-05 outlet=5.708e-06
LBFGS 6500 | total=4.423e-03 f=3.554e-03 ic=3.498e-05 wall=1.501e-04 inlet=1.540e-05 outlet=6.447e-06
Saved PyTorch checkpoint to results/unsteady/checkpoints/latest_lbfgs.pt
LBFGS 6600 | total=4.395e-03 f=3.539e-03 ic=3.467e-05 wall=1.472e-04 inlet=1.588e-05 outlet=6.238e-06
LBFGS 6700 | total=4.362e-03 f=3.521e-03 ic=3.630e-05 wall=1.448e-04 inlet=1.504e-05 outlet=5.557e-06
LBFGS 6800 | total=4.334e-03 f=3.513e-03 ic=3.577e-05 wall=1.417e-04 inlet=1.430e-05 outlet=5.535e-06
LBFGS 6900 | total=4.303e-03 f=3.492e-03 ic=3.579e-05 wall=1.397e-04 inlet=1.430e-05 outlet=5.487e-06
LBFGS 7000 | total=4.275e-03 f=3.476e-03 ic=3.509e-05 wall=1.372e-04 inlet=1.441e-05 outlet=5.706e-06
Saved PyTorch checkpoint to results/unsteady/checkpoints/latest_lbfgs.pt
LBFGS 7100 | total=4.249e-03 f=3.461e-03 ic=3.602e-05 wall=1.355e-04 inlet=1.390e-05 outlet=5.562e-06
LBFGS 7200 | total=4.222e-03 f=3.444e-03 ic=3.531e-05 wall=1.342e-04 inlet=1.321e-05 outlet=5.440e-06
LBFGS 7300 | total=4.195e-03 f=3.435e-03 ic=3.425e-05 wall=1.314e-04 inlet=1.278e-05 outlet=5.130e-06
LBFGS 7400 | total=4.164e-03 f=3.420e-03 ic=3.169e-05 wall=1.288e-04 inlet=1.280e-05 outlet=4.775e-06
LBFGS 7500 | total=4.137e-03 f=3.401e-03 ic=2.973e-05 wall=1.277e-04 inlet=1.266e-05 outlet=5.319e-06
Saved PyTorch checkpoint to results/unsteady/checkpoints/latest_lbfgs.pt
LBFGS 7600 | total=4.110e-03 f=3.380e-03 ic=2.991e-05 wall=1.266e-04 inlet=1.225e-05 outlet=5.391e-06
LBFGS 7700 | total=4.088e-03 f=3.378e-03 ic=2.867e-05 wall=1.234e-04 inlet=1.170e-05 outlet=5.392e-06
LBFGS 7800 | total=4.063e-03 f=3.360e-03 ic=2.810e-05 wall=1.227e-04 inlet=1.123e-05 outlet=5.207e-06
LBFGS 7900 | total=4.040e-03 f=3.341e-03 ic=2.658e-05 wall=1.220e-04 inlet=1.156e-05 outlet=4.739e-06
LBFGS 8000 | total=4.016e-03 f=3.330e-03 ic=2.599e-05 wall=1.194e-04 inlet=1.171e-05 outlet=4.673e-06
Saved PyTorch checkpoint to results/unsteady/checkpoints/latest_lbfgs.pt
LBFGS 8100 | total=3.996e-03 f=3.315e-03 ic=2.610e-05 wall=1.182e-04 inlet=1.184e-05 outlet=4.823e-06
LBFGS 8200 | total=3.969e-03 f=3.296e-03 ic=2.488e-05 wall=1.174e-04 inlet=1.132e-05 outlet=4.794e-06
LBFGS 8300 | total=3.945e-03 f=3.283e-03 ic=2.397e-05 wall=1.155e-04 inlet=1.112e-05 outlet=5.094e-06
LBFGS 8400 | total=3.921e-03 f=3.270e-03 ic=2.302e-05 wall=1.137e-04 inlet=1.098e-05 outlet=4.980e-06
LBFGS 8500 | total=3.900e-03 f=3.247e-03 ic=2.278e-05 wall=1.143e-04 inlet=1.097e-05 outlet=4.479e-06
Saved PyTorch checkpoint to results/unsteady/checkpoints/latest_lbfgs.pt
LBFGS 8600 | total=3.882e-03 f=3.229e-03 ic=2.260e-05 wall=1.143e-04 inlet=1.081e-05 outlet=4.303e-06
LBFGS 8700 | total=3.861e-03 f=3.218e-03 ic=2.247e-05 wall=1.126e-04 inlet=1.084e-05 outlet=4.006e-06
LBFGS 8800 | total=3.841e-03 f=3.201e-03 ic=2.288e-05 wall=1.117e-04 inlet=1.083e-05 outlet=4.455e-06
LBFGS 8900 | total=3.822e-03 f=3.185e-03 ic=2.379e-05 wall=1.113e-04 inlet=1.029e-05 outlet=4.894e-06
LBFGS 9000 | total=3.805e-03 f=3.170e-03 ic=2.402e-05 wall=1.109e-04 inlet=1.025e-05 outlet=5.239e-06
Saved PyTorch checkpoint to results/unsteady/checkpoints/latest_lbfgs.pt
LBFGS 9100 | total=3.786e-03 f=3.157e-03 ic=2.308e-05 wall=1.103e-04 inlet=1.000e-05 outlet=5.148e-06
LBFGS 9200 | total=3.767e-03 f=3.144e-03 ic=2.120e-05 wall=1.094e-04 inlet=1.029e-05 outlet=4.403e-06
LBFGS 9300 | total=3.750e-03 f=3.142e-03 ic=1.959e-05 wall=1.068e-04 inlet=1.011e-05 outlet=3.866e-06
LBFGS 9400 | total=3.736e-03 f=3.128e-03 ic=1.873e-05 wall=1.073e-04 inlet=9.678e-06 outlet=3.681e-06
LBFGS 9500 | total=3.719e-03 f=3.118e-03 ic=1.836e-05 wall=1.060e-04 inlet=1.012e-05 outlet=3.029e-06
Saved PyTorch checkpoint to results/unsteady/checkpoints/latest_lbfgs.pt
LBFGS 9600 | total=3.704e-03 f=3.110e-03 ic=1.742e-05 wall=1.047e-04 inlet=9.896e-06 outlet=2.805e-06
LBFGS 9700 | total=3.687e-03 f=3.100e-03 ic=1.657e-05 wall=1.042e-04 inlet=9.352e-06 outlet=2.648e-06
LBFGS 9800 | total=3.669e-03 f=3.090e-03 ic=1.519e-05 wall=1.028e-04 inlet=9.522e-06 outlet=2.542e-06
LBFGS 9900 | total=3.651e-03 f=3.074e-03 ic=1.527e-05 wall=1.029e-04 inlet=9.021e-06 outlet=2.568e-06
LBFGS 10000 | total=3.633e-03 f=3.076e-03 ic=1.420e-05 wall=9.903e-05 inlet=9.089e-06 outlet=2.419e-06
Saved PyTorch checkpoint to results/unsteady/checkpoints/latest_lbfgs.pt
LBFGS 10100 | total=3.614e-03 f=3.054e-03 ic=1.415e-05 wall=9.955e-05 inlet=9.172e-06 outlet=2.243e-06
LBFGS 10200 | total=3.594e-03 f=3.044e-03 ic=1.444e-05 wall=9.776e-05 inlet=9.012e-06 outlet=2.033e-06
LBFGS 10300 | total=3.575e-03 f=3.031e-03 ic=1.392e-05 wall=9.690e-05 inlet=8.708e-06 outlet=1.802e-06
LBFGS 10400 | total=3.558e-03 f=3.024e-03 ic=1.395e-05 wall=9.505e-05 inlet=8.529e-06 outlet=1.718e-06
LBFGS 10500 | total=3.540e-03 f=3.011e-03 ic=1.427e-05 wall=9.420e-05 inlet=8.448e-06 outlet=1.647e-06
Saved PyTorch checkpoint to results/unsteady/checkpoints/latest_lbfgs.pt
LBFGS 10600 | total=3.522e-03 f=3.009e-03 ic=1.362e-05 wall=9.138e-05 inlet=8.201e-06 outlet=1.567e-06
LBFGS 10700 | total=3.506e-03 f=3.003e-03 ic=1.328e-05 wall=8.977e-05 inlet=7.828e-06 outlet=1.424e-06
LBFGS 10800 | total=3.488e-03 f=2.994e-03 ic=1.283e-05 wall=8.815e-05 inlet=7.752e-06 outlet=1.464e-06
LBFGS 10900 | total=3.472e-03 f=2.980e-03 ic=1.264e-05 wall=8.804e-05 inlet=7.674e-06 outlet=1.389e-06
LBFGS 11000 | total=3.453e-03 f=2.965e-03 ic=1.191e-05 wall=8.734e-05 inlet=7.691e-06 outlet=1.373e-06
Saved PyTorch checkpoint to results/unsteady/checkpoints/latest_lbfgs.pt
LBFGS 11100 | total=3.437e-03 f=2.950e-03 ic=1.159e-05 wall=8.679e-05 inlet=7.917e-06 outlet=1.569e-06
LBFGS 11200 | total=3.420e-03 f=2.936e-03 ic=1.119e-05 wall=8.655e-05 inlet=7.814e-06 outlet=1.248e-06
LBFGS 11300 | total=3.405e-03 f=2.921e-03 ic=1.128e-05 wall=8.650e-05 inlet=7.818e-06 outlet=1.218e-06
LBFGS 11400 | total=3.391e-03 f=2.916e-03 ic=1.135e-05 wall=8.517e-05 inlet=7.349e-06 outlet=1.073e-06
LBFGS 11500 | total=3.377e-03 f=2.899e-03 ic=1.176e-05 wall=8.528e-05 inlet=7.893e-06 outlet=1.210e-06
Saved PyTorch checkpoint to results/unsteady/checkpoints/latest_lbfgs.pt
LBFGS 11600 | total=3.360e-03 f=2.884e-03 ic=1.144e-05 wall=8.452e-05 inlet=8.197e-06 outlet=1.002e-06
LBFGS 11700 | total=3.342e-03 f=2.882e-03 ic=1.142e-05 wall=8.194e-05 inlet=7.623e-06 outlet=1.020e-06
LBFGS 11800 | total=3.326e-03 f=2.868e-03 ic=1.161e-05 wall=8.139e-05 inlet=7.597e-06 outlet=1.128e-06
LBFGS 11900 | total=3.309e-03 f=2.863e-03 ic=1.205e-05 wall=7.904e-05 inlet=7.430e-06 outlet=1.092e-06
LBFGS 12000 | total=3.294e-03 f=2.854e-03 ic=1.153e-05 wall=7.805e-05 inlet=7.314e-06 outlet=1.080e-06
Saved PyTorch checkpoint to results/unsteady/checkpoints/latest_lbfgs.pt
LBFGS 12100 | total=3.280e-03 f=2.840e-03 ic=1.196e-05 wall=7.788e-05 inlet=7.569e-06 outlet=9.118e-07
LBFGS 12200 | total=3.266e-03 f=2.831e-03 ic=1.153e-05 wall=7.687e-05 inlet=7.553e-06 outlet=1.111e-06
LBFGS 12300 | total=3.250e-03 f=2.825e-03 ic=1.149e-05 wall=7.532e-05 inlet=7.201e-06 outlet=1.277e-06
LBFGS 12400 | total=3.236e-03 f=2.815e-03 ic=1.099e-05 wall=7.444e-05 inlet=7.301e-06 outlet=1.202e-06
LBFGS 12500 | total=3.222e-03 f=2.802e-03 ic=1.088e-05 wall=7.406e-05 inlet=7.381e-06 outlet=1.222e-06
Saved PyTorch checkpoint to results/unsteady/checkpoints/latest_lbfgs.pt
LBFGS 12600 | total=3.210e-03 f=2.798e-03 ic=1.094e-05 wall=7.254e-05 inlet=7.343e-06 outlet=1.409e-06
LBFGS 12700 | total=3.197e-03 f=2.792e-03 ic=1.098e-05 wall=7.110e-05 inlet=7.324e-06 outlet=1.886e-06
LBFGS 12800 | total=3.182e-03 f=2.787e-03 ic=1.109e-05 wall=6.913e-05 inlet=7.317e-06 outlet=1.723e-06
LBFGS 12900 | total=3.169e-03 f=2.779e-03 ic=1.063e-05 wall=6.825e-05 inlet=7.273e-06 outlet=1.742e-06
LBFGS 13000 | total=3.154e-03 f=2.773e-03 ic=1.072e-05 wall=6.682e-05 inlet=6.954e-06 outlet=1.766e-06
Saved PyTorch checkpoint to results/unsteady/checkpoints/latest_lbfgs.pt
LBFGS 13100 | total=3.135e-03 f=2.761e-03 ic=1.081e-05 wall=6.584e-05 inlet=6.565e-06 outlet=2.008e-06
LBFGS 13200 | total=3.117e-03 f=2.745e-03 ic=1.094e-05 wall=6.548e-05 inlet=6.366e-06 outlet=1.756e-06
LBFGS 13300 | total=3.100e-03 f=2.732e-03 ic=1.117e-05 wall=6.452e-05 inlet=6.575e-06 outlet=1.446e-06
LBFGS 13400 | total=3.087e-03 f=2.727e-03 ic=1.081e-05 wall=6.291e-05 inlet=6.754e-06 outlet=1.486e-06
LBFGS 13500 | total=3.070e-03 f=2.718e-03 ic=1.085e-05 wall=6.156e-05 inlet=6.483e-06 outlet=1.642e-06
Saved PyTorch checkpoint to results/unsteady/checkpoints/latest_lbfgs.pt
LBFGS 13600 | total=3.057e-03 f=2.710e-03 ic=1.083e-05 wall=6.063e-05 inlet=6.405e-06 outlet=1.514e-06
LBFGS 13700 | total=3.043e-03 f=2.701e-03 ic=1.128e-05 wall=5.959e-05 inlet=6.369e-06 outlet=1.213e-06
LBFGS 13800 | total=3.030e-03 f=2.691e-03 ic=1.153e-05 wall=5.885e-05 inlet=6.342e-06 outlet=1.112e-06
LBFGS 13900 | total=3.018e-03 f=2.672e-03 ic=1.170e-05 wall=5.962e-05 inlet=6.983e-06 outlet=1.314e-06
LBFGS 14000 | total=3.004e-03 f=2.665e-03 ic=1.200e-05 wall=5.844e-05 inlet=6.611e-06 outlet=1.799e-06
Saved PyTorch checkpoint to results/unsteady/checkpoints/latest_lbfgs.pt
LBFGS 14100 | total=2.991e-03 f=2.653e-03 ic=1.252e-05 wall=5.826e-05 inlet=6.357e-06 outlet=1.622e-06
LBFGS 14200 | total=2.979e-03 f=2.646e-03 ic=1.265e-05 wall=5.750e-05 inlet=6.172e-06 outlet=1.552e-06
LBFGS 14300 | total=2.967e-03 f=2.638e-03 ic=1.246e-05 wall=5.670e-05 inlet=6.202e-06 outlet=1.648e-06
LBFGS 14400 | total=2.955e-03 f=2.633e-03 ic=1.266e-05 wall=5.514e-05 inlet=6.425e-06 outlet=2.135e-06
LBFGS 14500 | total=2.941e-03 f=2.619e-03 ic=1.289e-05 wall=5.549e-05 inlet=6.025e-06 outlet=2.324e-06
Saved PyTorch checkpoint to results/unsteady/checkpoints/latest_lbfgs.pt
LBFGS 14600 | total=2.928e-03 f=2.603e-03 ic=1.246e-05 wall=5.590e-05 inlet=6.075e-06 outlet=2.635e-06
LBFGS 14700 | total=2.917e-03 f=2.602e-03 ic=1.241e-05 wall=5.425e-05 inlet=5.816e-06 outlet=2.401e-06
LBFGS 14800 | total=2.906e-03 f=2.598e-03 ic=1.232e-05 wall=5.295e-05 inlet=5.557e-06 outlet=2.179e-06
LBFGS 14900 | total=2.894e-03 f=2.588e-03 ic=1.186e-05 wall=5.300e-05 inlet=5.474e-06 outlet=1.976e-06
LBFGS 15000 | total=2.881e-03 f=2.576e-03 ic=1.193e-05 wall=5.243e-05 inlet=5.870e-06 outlet=1.944e-06
Saved PyTorch checkpoint to results/unsteady/checkpoints/latest_lbfgs.pt
LBFGS 15100 | total=2.867e-03 f=2.565e-03 ic=1.218e-05 wall=5.176e-05 inlet=5.972e-06 outlet=1.626e-06
LBFGS 15200 | total=2.854e-03 f=2.560e-03 ic=1.249e-05 wall=5.053e-05 inlet=5.505e-06 outlet=1.454e-06
LBFGS 15300 | total=2.842e-03 f=2.551e-03 ic=1.233e-05 wall=5.018e-05 inlet=5.379e-06 outlet=1.429e-06
LBFGS 15400 | total=2.832e-03 f=2.540e-03 ic=1.193e-05 wall=5.011e-05 inlet=5.449e-06 outlet=1.526e-06
LBFGS 15500 | total=2.820e-03 f=2.527e-03 ic=1.164e-05 wall=5.050e-05 inlet=5.473e-06 outlet=1.529e-06
Saved PyTorch checkpoint to results/unsteady/checkpoints/latest_lbfgs.pt
LBFGS 15600 | total=2.809e-03 f=2.518e-03 ic=1.145e-05 wall=5.032e-05 inlet=5.326e-06 outlet=1.571e-06
LBFGS 15700 | total=2.798e-03 f=2.513e-03 ic=1.154e-05 wall=4.921e-05 inlet=5.266e-06 outlet=1.509e-06
LBFGS 15800 | total=2.788e-03 f=2.504e-03 ic=1.187e-05 wall=4.853e-05 inlet=5.480e-06 outlet=1.379e-06
LBFGS 15900 | total=2.778e-03 f=2.500e-03 ic=1.158e-05 wall=4.780e-05 inlet=5.216e-06 outlet=1.464e-06
LBFGS 16000 | total=2.767e-03 f=2.493e-03 ic=1.113e-05 wall=4.739e-05 inlet=4.997e-06 outlet=1.420e-06
Saved PyTorch checkpoint to results/unsteady/checkpoints/latest_lbfgs.pt
LBFGS 16100 | total=2.757e-03 f=2.488e-03 ic=1.055e-05 wall=4.629e-05 inlet=5.122e-06 outlet=1.371e-06
LBFGS 16200 | total=2.748e-03 f=2.484e-03 ic=1.038e-05 wall=4.537e-05 inlet=5.032e-06 outlet=1.301e-06
LBFGS 16300 | total=2.738e-03 f=2.476e-03 ic=1.045e-05 wall=4.493e-05 inlet=5.261e-06 outlet=1.102e-06
LBFGS 16400 | total=2.729e-03 f=2.467e-03 ic=1.003e-05 wall=4.501e-05 inlet=5.050e-06 outlet=1.192e-06
LBFGS 16500 | total=2.721e-03 f=2.465e-03 ic=9.910e-06 wall=4.423e-05 inlet=4.828e-06 outlet=1.174e-06
Saved PyTorch checkpoint to results/unsteady/checkpoints/latest_lbfgs.pt
LBFGS 16600 | total=2.712e-03 f=2.456e-03 ic=9.694e-06 wall=4.393e-05 inlet=5.057e-06 outlet=1.347e-06
LBFGS 16700 | total=2.704e-03 f=2.453e-03 ic=9.526e-06 wall=4.332e-05 inlet=4.821e-06 outlet=1.196e-06
LBFGS 16800 | total=2.696e-03 f=2.442e-03 ic=9.238e-06 wall=4.369e-05 inlet=5.071e-06 outlet=1.052e-06
LBFGS 16900 | total=2.688e-03 f=2.435e-03 ic=9.017e-06 wall=4.362e-05 inlet=4.838e-06 outlet=1.102e-06
LBFGS 17000 | total=2.679e-03 f=2.428e-03 ic=8.957e-06 wall=4.324e-05 inlet=4.948e-06 outlet=1.098e-06
Saved PyTorch checkpoint to results/unsteady/checkpoints/latest_lbfgs.pt
LBFGS 17100 | total=2.670e-03 f=2.420e-03 ic=8.850e-06 wall=4.299e-05 inlet=5.003e-06 outlet=9.478e-07
LBFGS 17200 | total=2.662e-03 f=2.417e-03 ic=8.513e-06 wall=4.215e-05 inlet=4.896e-06 outlet=9.923e-07
LBFGS 17300 | total=2.654e-03 f=2.415e-03 ic=7.845e-06 wall=4.137e-05 inlet=4.704e-06 outlet=9.943e-07
LBFGS 17400 | total=2.647e-03 f=2.408e-03 ic=8.153e-06 wall=4.122e-05 inlet=4.807e-06 outlet=1.004e-06
LBFGS 17500 | total=2.639e-03 f=2.397e-03 ic=8.260e-06 wall=4.148e-05 inlet=5.007e-06 outlet=1.079e-06
Saved PyTorch checkpoint to results/unsteady/checkpoints/latest_lbfgs.pt
LBFGS 17600 | total=2.630e-03 f=2.388e-03 ic=8.513e-06 wall=4.151e-05 inlet=5.102e-06 outlet=1.191e-06
LBFGS 17700 | total=2.622e-03 f=2.382e-03 ic=8.466e-06 wall=4.122e-05 inlet=4.952e-06 outlet=1.092e-06
LBFGS 17800 | total=2.614e-03 f=2.378e-03 ic=8.501e-06 wall=4.047e-05 inlet=4.808e-06 outlet=1.104e-06
LBFGS 17900 | total=2.604e-03 f=2.370e-03 ic=8.287e-06 wall=4.020e-05 inlet=4.804e-06 outlet=9.730e-07
LBFGS 18000 | total=2.595e-03 f=2.365e-03 ic=8.162e-06 wall=3.962e-05 inlet=4.442e-06 outlet=8.825e-07
Saved PyTorch checkpoint to results/unsteady/checkpoints/latest_lbfgs.pt
LBFGS 18100 | total=2.585e-03 f=2.357e-03 ic=8.348e-06 wall=3.922e-05 inlet=4.536e-06 outlet=9.200e-07
LBFGS 18200 | total=2.575e-03 f=2.348e-03 ic=8.513e-06 wall=3.892e-05 inlet=4.657e-06 outlet=8.763e-07
LBFGS 18300 | total=2.565e-03 f=2.341e-03 ic=8.544e-06 wall=3.833e-05 inlet=4.521e-06 outlet=8.821e-07
LBFGS 18400 | total=2.557e-03 f=2.334e-03 ic=8.746e-06 wall=3.803e-05 inlet=4.593e-06 outlet=8.534e-07
LBFGS 18500 | total=2.549e-03 f=2.329e-03 ic=8.754e-06 wall=3.764e-05 inlet=4.431e-06 outlet=9.278e-07
Saved PyTorch checkpoint to results/unsteady/checkpoints/latest_lbfgs.pt
LBFGS 18600 | total=2.540e-03 f=2.324e-03 ic=8.797e-06 wall=3.677e-05 inlet=4.422e-06 outlet=1.081e-06
LBFGS 18700 | total=2.531e-03 f=2.319e-03 ic=8.786e-06 wall=3.586e-05 inlet=4.526e-06 outlet=9.943e-07
LBFGS 18800 | total=2.521e-03 f=2.310e-03 ic=8.654e-06 wall=3.610e-05 inlet=4.194e-06 outlet=1.038e-06
LBFGS 18900 | total=2.512e-03 f=2.300e-03 ic=8.799e-06 wall=3.591e-05 inlet=4.385e-06 outlet=1.239e-06
LBFGS 19000 | total=2.504e-03 f=2.299e-03 ic=8.523e-06 wall=3.485e-05 inlet=4.173e-06 outlet=1.268e-06
Saved PyTorch checkpoint to results/unsteady/checkpoints/latest_lbfgs.pt
LBFGS 19100 | total=2.494e-03 f=2.294e-03 ic=8.564e-06 wall=3.388e-05 inlet=4.155e-06 outlet=1.375e-06
LBFGS 19200 | total=2.484e-03 f=2.282e-03 ic=8.605e-06 wall=3.383e-05 inlet=4.426e-06 outlet=1.425e-06
LBFGS 19300 | total=2.475e-03 f=2.275e-03 ic=8.773e-06 wall=3.349e-05 inlet=4.403e-06 outlet=1.596e-06
LBFGS 19400 | total=2.466e-03 f=2.269e-03 ic=8.346e-06 wall=3.324e-05 inlet=4.113e-06 outlet=1.714e-06
LBFGS 19500 | total=2.456e-03 f=2.258e-03 ic=8.499e-06 wall=3.340e-05 inlet=4.124e-06 outlet=1.889e-06
Saved PyTorch checkpoint to results/unsteady/checkpoints/latest_lbfgs.pt
LBFGS 19600 | total=2.447e-03 f=2.250e-03 ic=8.521e-06 wall=3.304e-05 inlet=4.038e-06 outlet=2.285e-06
LBFGS 19700 | total=2.434e-03 f=2.245e-03 ic=8.460e-06 wall=3.188e-05 inlet=3.868e-06 outlet=2.237e-06
LBFGS 19800 | total=2.423e-03 f=2.229e-03 ic=8.263e-06 wall=3.235e-05 inlet=4.219e-06 outlet=2.213e-06
LBFGS 19900 | total=2.412e-03 f=2.220e-03 ic=8.397e-06 wall=3.233e-05 inlet=3.999e-06 outlet=2.047e-06
LBFGS 20000 | total=2.402e-03 f=2.207e-03 ic=8.299e-06 wall=3.300e-05 inlet=4.002e-06 outlet=1.802e-06
Saved PyTorch checkpoint to results/unsteady/checkpoints/latest_lbfgs.pt
LBFGS 20100 | total=2.393e-03 f=2.198e-03 ic=8.867e-06 wall=3.267e-05 inlet=4.189e-06 outlet=1.632e-06
LBFGS 20200 | total=2.383e-03 f=2.189e-03 ic=9.171e-06 wall=3.251e-05 inlet=4.080e-06 outlet=1.506e-06
LBFGS 20300 | total=2.373e-03 f=2.182e-03 ic=9.075e-06 wall=3.199e-05 inlet=4.033e-06 outlet=1.475e-06
LBFGS 20400 | total=2.363e-03 f=2.173e-03 ic=9.087e-06 wall=3.177e-05 inlet=4.152e-06 outlet=1.520e-06
LBFGS 20500 | total=2.353e-03 f=2.165e-03 ic=9.080e-06 wall=3.126e-05 inlet=4.277e-06 outlet=1.553e-06
Saved PyTorch checkpoint to results/unsteady/checkpoints/latest_lbfgs.pt
LBFGS 20600 | total=2.342e-03 f=2.156e-03 ic=9.688e-06 wall=3.087e-05 inlet=4.103e-06 outlet=1.667e-06
LBFGS 20700 | total=2.332e-03 f=2.147e-03 ic=9.635e-06 wall=3.040e-05 inlet=4.256e-06 outlet=1.717e-06
LBFGS 20800 | total=2.321e-03 f=2.140e-03 ic=9.935e-06 wall=3.012e-05 inlet=3.808e-06 outlet=1.596e-06
LBFGS 20900 | total=2.309e-03 f=2.129e-03 ic=1.003e-05 wall=2.980e-05 inlet=4.024e-06 outlet=1.636e-06
LBFGS 21000 | total=2.299e-03 f=2.120e-03 ic=1.012e-05 wall=2.931e-05 inlet=4.167e-06 outlet=1.508e-06
Saved PyTorch checkpoint to results/unsteady/checkpoints/latest_lbfgs.pt
LBFGS 21100 | total=2.285e-03 f=2.110e-03 ic=9.821e-06 wall=2.851e-05 inlet=4.160e-06 outlet=1.615e-06
LBFGS 21200 | total=2.271e-03 f=2.099e-03 ic=9.934e-06 wall=2.831e-05 inlet=3.942e-06 outlet=1.548e-06
LBFGS 21300 | total=2.257e-03 f=2.086e-03 ic=9.498e-06 wall=2.808e-05 inlet=3.986e-06 outlet=1.444e-06
LBFGS 21400 | total=2.242e-03 f=2.074e-03 ic=1.003e-05 wall=2.742e-05 inlet=3.854e-06 outlet=1.649e-06
LBFGS 21500 | total=2.228e-03 f=2.059e-03 ic=1.080e-05 wall=2.739e-05 inlet=3.886e-06 outlet=1.653e-06
Saved PyTorch checkpoint to results/unsteady/checkpoints/latest_lbfgs.pt
LBFGS 21600 | total=2.213e-03 f=2.044e-03 ic=1.132e-05 wall=2.719e-05 inlet=4.147e-06 outlet=1.627e-06
LBFGS 21700 | total=2.195e-03 f=2.027e-03 ic=1.097e-05 wall=2.695e-05 inlet=4.080e-06 outlet=1.610e-06
LBFGS 21800 | total=2.178e-03 f=2.012e-03 ic=1.084e-05 wall=2.672e-05 inlet=3.827e-06 outlet=1.698e-06
LBFGS 21900 | total=2.162e-03 f=1.992e-03 ic=1.083e-05 wall=2.749e-05 inlet=3.928e-06 outlet=1.662e-06
LBFGS 22000 | total=2.144e-03 f=1.976e-03 ic=1.075e-05 wall=2.732e-05 inlet=3.908e-06 outlet=1.622e-06
Saved PyTorch checkpoint to results/unsteady/checkpoints/latest_lbfgs.pt
LBFGS 22100 | total=2.128e-03 f=1.961e-03 ic=1.109e-05 wall=2.723e-05 inlet=3.753e-06 outlet=1.638e-06
LBFGS 22200 | total=2.111e-03 f=1.941e-03 ic=1.127e-05 wall=2.748e-05 inlet=3.827e-06 outlet=1.769e-06
LBFGS 22300 | total=2.091e-03 f=1.924e-03 ic=1.083e-05 wall=2.721e-05 inlet=3.652e-06 outlet=1.890e-06
LBFGS 22400 | total=2.070e-03 f=1.902e-03 ic=1.129e-05 wall=2.725e-05 inlet=3.838e-06 outlet=1.748e-06
LBFGS 22500 | total=2.051e-03 f=1.880e-03 ic=1.150e-05 wall=2.768e-05 inlet=3.888e-06 outlet=1.643e-06
Saved PyTorch checkpoint to results/unsteady/checkpoints/latest_lbfgs.pt
LBFGS 22600 | total=2.031e-03 f=1.861e-03 ic=1.176e-05 wall=2.758e-05 inlet=3.611e-06 outlet=1.605e-06
LBFGS 22700 | total=2.011e-03 f=1.845e-03 ic=1.223e-05 wall=2.658e-05 inlet=3.748e-06 outlet=1.507e-06
LBFGS 22800 | total=1.987e-03 f=1.821e-03 ic=1.264e-05 wall=2.685e-05 inlet=3.717e-06 outlet=1.265e-06
LBFGS 22900 | total=1.967e-03 f=1.799e-03 ic=1.227e-05 wall=2.695e-05 inlet=4.033e-06 outlet=1.010e-06
LBFGS 23000 | total=1.944e-03 f=1.779e-03 ic=1.238e-05 wall=2.613e-05 inlet=4.058e-06 outlet=1.023e-06
Saved PyTorch checkpoint to results/unsteady/checkpoints/latest_lbfgs.pt
LBFGS 23100 | total=1.923e-03 f=1.762e-03 ic=1.169e-05 wall=2.556e-05 inlet=3.981e-06 outlet=1.247e-06
LBFGS 23200 | total=1.903e-03 f=1.743e-03 ic=1.205e-05 wall=2.529e-05 inlet=3.895e-06 outlet=1.301e-06
LBFGS 23300 | total=1.880e-03 f=1.722e-03 ic=1.181e-05 wall=2.517e-05 inlet=3.857e-06 outlet=1.101e-06
LBFGS 23400 | total=1.858e-03 f=1.698e-03 ic=1.187e-05 wall=2.564e-05 inlet=3.746e-06 outlet=9.453e-07
LBFGS 23500 | total=1.837e-03 f=1.680e-03 ic=1.272e-05 wall=2.476e-05 inlet=3.997e-06 outlet=7.556e-07
Saved PyTorch checkpoint to results/unsteady/checkpoints/latest_lbfgs.pt
LBFGS 23600 | total=1.816e-03 f=1.662e-03 ic=1.240e-05 wall=2.399e-05 inlet=4.077e-06 outlet=7.170e-07
LBFGS 23700 | total=1.793e-03 f=1.641e-03 ic=1.214e-05 wall=2.366e-05 inlet=4.158e-06 outlet=7.680e-07
LBFGS 23800 | total=1.772e-03 f=1.622e-03 ic=1.226e-05 wall=2.311e-05 inlet=4.325e-06 outlet=7.775e-07
LBFGS 23900 | total=1.752e-03 f=1.600e-03 ic=1.289e-05 wall=2.351e-05 inlet=4.233e-06 outlet=7.119e-07
LBFGS 24000 | total=1.731e-03 f=1.582e-03 ic=1.306e-05 wall=2.303e-05 inlet=4.120e-06 outlet=8.659e-07
Saved PyTorch checkpoint to results/unsteady/checkpoints/latest_lbfgs.pt
LBFGS 24100 | total=1.711e-03 f=1.565e-03 ic=1.319e-05 wall=2.247e-05 inlet=4.073e-06 outlet=9.357e-07
LBFGS 24200 | total=1.691e-03 f=1.547e-03 ic=1.304e-05 wall=2.229e-05 inlet=3.707e-06 outlet=1.044e-06
LBFGS 24300 | total=1.673e-03 f=1.531e-03 ic=1.270e-05 wall=2.191e-05 inlet=3.717e-06 outlet=1.008e-06
LBFGS 24400 | total=1.655e-03 f=1.517e-03 ic=1.203e-05 wall=2.112e-05 inlet=3.832e-06 outlet=7.601e-07
LBFGS 24500 | total=1.636e-03 f=1.497e-03 ic=1.163e-05 wall=2.135e-05 inlet=3.975e-06 outlet=9.213e-07
Saved PyTorch checkpoint to results/unsteady/checkpoints/latest_lbfgs.pt
LBFGS 24600 | total=1.620e-03 f=1.484e-03 ic=1.126e-05 wall=2.099e-05 inlet=3.880e-06 outlet=1.129e-06
LBFGS 24700 | total=1.604e-03 f=1.472e-03 ic=1.104e-05 wall=2.017e-05 inlet=3.889e-06 outlet=9.750e-07
LBFGS 24800 | total=1.590e-03 f=1.461e-03 ic=1.131e-05 wall=1.973e-05 inlet=3.686e-06 outlet=8.187e-07
LBFGS 24900 | total=1.576e-03 f=1.446e-03 ic=1.105e-05 wall=1.978e-05 inlet=3.702e-06 outlet=8.009e-07
LBFGS 25000 | total=1.560e-03 f=1.433e-03 ic=1.107e-05 wall=1.948e-05 inlet=3.543e-06 outlet=8.710e-07
Saved PyTorch checkpoint to results/unsteady/checkpoints/latest_lbfgs.pt
LBFGS 25100 | total=1.548e-03 f=1.421e-03 ic=1.102e-05 wall=1.962e-05 inlet=3.434e-06 outlet=9.683e-07
LBFGS 25200 | total=1.533e-03 f=1.409e-03 ic=1.108e-05 wall=1.883e-05 inlet=3.587e-06 outlet=9.281e-07
LBFGS 25300 | total=1.520e-03 f=1.397e-03 ic=1.114e-05 wall=1.850e-05 inlet=3.713e-06 outlet=8.639e-07
LBFGS 25400 | total=1.506e-03 f=1.384e-03 ic=1.100e-05 wall=1.850e-05 inlet=3.477e-06 outlet=8.809e-07
LBFGS 25500 | total=1.491e-03 f=1.370e-03 ic=1.089e-05 wall=1.805e-05 inlet=3.787e-06 outlet=1.034e-06
Saved PyTorch checkpoint to results/unsteady/checkpoints/latest_lbfgs.pt
LBFGS 25600 | total=1.478e-03 f=1.357e-03 ic=1.112e-05 wall=1.794e-05 inlet=3.840e-06 outlet=9.325e-07
LBFGS 25700 | total=1.463e-03 f=1.343e-03 ic=1.090e-05 wall=1.790e-05 inlet=3.728e-06 outlet=8.897e-07
LBFGS 25800 | total=1.449e-03 f=1.331e-03 ic=1.042e-05 wall=1.752e-05 inlet=3.666e-06 outlet=9.384e-07
LBFGS 25900 | total=1.436e-03 f=1.321e-03 ic=1.035e-05 wall=1.695e-05 inlet=3.715e-06 outlet=1.158e-06
LBFGS 26000 | total=1.424e-03 f=1.309e-03 ic=1.102e-05 wall=1.668e-05 inlet=3.758e-06 outlet=1.373e-06
Saved PyTorch checkpoint to results/unsteady/checkpoints/latest_lbfgs.pt
LBFGS 26100 | total=1.410e-03 f=1.298e-03 ic=1.094e-05 wall=1.623e-05 inlet=3.723e-06 outlet=1.676e-06
LBFGS 26200 | total=1.398e-03 f=1.287e-03 ic=1.096e-05 wall=1.582e-05 inlet=3.802e-06 outlet=1.496e-06
LBFGS 26300 | total=1.384e-03 f=1.272e-03 ic=1.170e-05 wall=1.594e-05 inlet=3.906e-06 outlet=1.361e-06
LBFGS 26400 | total=1.372e-03 f=1.262e-03 ic=1.176e-05 wall=1.549e-05 inlet=3.944e-06 outlet=1.246e-06
LBFGS 26500 | total=1.361e-03 f=1.253e-03 ic=1.126e-05 wall=1.513e-05 inlet=3.800e-06 outlet=1.397e-06
Saved PyTorch checkpoint to results/unsteady/checkpoints/latest_lbfgs.pt
LBFGS 26600 | total=1.351e-03 f=1.245e-03 ic=1.101e-05 wall=1.473e-05 inlet=3.861e-06 outlet=1.299e-06
LBFGS 26700 | total=1.340e-03 f=1.236e-03 ic=1.105e-05 wall=1.473e-05 inlet=3.747e-06 outlet=1.251e-06
LBFGS 26800 | total=1.330e-03 f=1.225e-03 ic=1.106e-05 wall=1.482e-05 inlet=3.661e-06 outlet=1.228e-06
LBFGS 26900 | total=1.319e-03 f=1.215e-03 ic=1.129e-05 wall=1.467e-05 inlet=3.651e-06 outlet=1.197e-06
LBFGS 27000 | total=1.310e-03 f=1.205e-03 ic=1.140e-05 wall=1.473e-05 inlet=3.754e-06 outlet=1.209e-06
Saved PyTorch checkpoint to results/unsteady/checkpoints/latest_lbfgs.pt
LBFGS 27100 | total=1.299e-03 f=1.193e-03 ic=1.115e-05 wall=1.497e-05 inlet=3.773e-06 outlet=1.235e-06
LBFGS 27200 | total=1.289e-03 f=1.184e-03 ic=1.108e-05 wall=1.479e-05 inlet=3.823e-06 outlet=1.306e-06
LBFGS 27300 | total=1.279e-03 f=1.174e-03 ic=1.116e-05 wall=1.482e-05 inlet=3.674e-06 outlet=1.243e-06
LBFGS 27400 | total=1.267e-03 f=1.163e-03 ic=1.113e-05 wall=1.482e-05 inlet=3.630e-06 outlet=1.251e-06
LBFGS 27500 | total=1.258e-03 f=1.154e-03 ic=1.106e-05 wall=1.469e-05 inlet=3.615e-06 outlet=1.334e-06
Saved PyTorch checkpoint to results/unsteady/checkpoints/latest_lbfgs.pt
LBFGS 27600 | total=1.248e-03 f=1.143e-03 ic=1.117e-05 wall=1.459e-05 inlet=3.756e-06 outlet=1.346e-06
LBFGS 27700 | total=1.238e-03 f=1.134e-03 ic=1.150e-05 wall=1.448e-05 inlet=3.777e-06 outlet=1.284e-06
LBFGS 27800 | total=1.228e-03 f=1.125e-03 ic=1.141e-05 wall=1.433e-05 inlet=3.843e-06 outlet=1.121e-06
LBFGS 27900 | total=1.218e-03 f=1.115e-03 ic=1.141e-05 wall=1.448e-05 inlet=3.787e-06 outlet=9.765e-07
LBFGS 28000 | total=1.209e-03 f=1.106e-03 ic=1.133e-05 wall=1.429e-05 inlet=3.809e-06 outlet=9.032e-07
Saved PyTorch checkpoint to results/unsteady/checkpoints/latest_lbfgs.pt
LBFGS 28100 | total=1.197e-03 f=1.096e-03 ic=1.128e-05 wall=1.412e-05 inlet=3.797e-06 outlet=8.779e-07
LBFGS 28200 | total=1.187e-03 f=1.085e-03 ic=1.128e-05 wall=1.412e-05 inlet=3.701e-06 outlet=9.906e-07
LBFGS 28300 | total=1.177e-03 f=1.075e-03 ic=1.135e-05 wall=1.403e-05 inlet=3.769e-06 outlet=1.186e-06
LBFGS 28400 | total=1.165e-03 f=1.062e-03 ic=1.137e-05 wall=1.428e-05 inlet=3.816e-06 outlet=1.140e-06
LBFGS 28500 | total=1.155e-03 f=1.054e-03 ic=1.109e-05 wall=1.409e-05 inlet=3.705e-06 outlet=1.172e-06
Saved PyTorch checkpoint to results/unsteady/checkpoints/latest_lbfgs.pt
LBFGS 28600 | total=1.145e-03 f=1.044e-03 ic=1.112e-05 wall=1.411e-05 inlet=3.629e-06 outlet=1.125e-06
LBFGS 28700 | total=1.134e-03 f=1.034e-03 ic=1.151e-05 wall=1.404e-05 inlet=3.481e-06 outlet=1.157e-06
LBFGS 28800 | total=1.124e-03 f=1.025e-03 ic=1.152e-05 wall=1.379e-05 inlet=3.520e-06 outlet=1.089e-06
LBFGS 28900 | total=1.113e-03 f=1.013e-03 ic=1.130e-05 wall=1.379e-05 inlet=3.641e-06 outlet=1.247e-06
LBFGS 29000 | total=1.104e-03 f=1.005e-03 ic=1.144e-05 wall=1.358e-05 inlet=3.594e-06 outlet=1.282e-06
Saved PyTorch checkpoint to results/unsteady/checkpoints/latest_lbfgs.pt
LBFGS 29100 | total=1.095e-03 f=9.980e-04 ic=1.156e-05 wall=1.334e-05 inlet=3.445e-06 outlet=1.366e-06
LBFGS 29200 | total=1.085e-03 f=9.889e-04 ic=1.133e-05 wall=1.320e-05 inlet=3.451e-06 outlet=1.435e-06
LBFGS 29300 | total=1.076e-03 f=9.813e-04 ic=1.125e-05 wall=1.308e-05 inlet=3.356e-06 outlet=1.380e-06
LBFGS 29400 | total=1.066e-03 f=9.735e-04 ic=1.107e-05 wall=1.266e-05 inlet=3.464e-06 outlet=1.195e-06
LBFGS 29500 | total=1.057e-03 f=9.655e-04 ic=1.103e-05 wall=1.250e-05 inlet=3.376e-06 outlet=1.285e-06
Saved PyTorch checkpoint to results/unsteady/checkpoints/latest_lbfgs.pt
LBFGS 29600 | total=1.048e-03 f=9.577e-04 ic=1.099e-05 wall=1.238e-05 inlet=3.348e-06 outlet=1.106e-06
LBFGS 29700 | total=1.040e-03 f=9.502e-04 ic=1.086e-05 wall=1.230e-05 inlet=3.344e-06 outlet=9.908e-07
LBFGS 29800 | total=1.032e-03 f=9.414e-04 ic=1.100e-05 wall=1.244e-05 inlet=3.302e-06 outlet=8.965e-07
LBFGS 29900 | total=1.024e-03 f=9.318e-04 ic=1.095e-05 wall=1.246e-05 inlet=3.546e-06 outlet=9.272e-07
LBFGS 30000 | total=1.016e-03 f=9.238e-04 ic=1.101e-05 wall=1.239e-05 inlet=3.609e-06 outlet=8.499e-07
Saved PyTorch checkpoint to results/unsteady/checkpoints/latest_lbfgs.pt
LBFGS 30100 | total=1.007e-03 f=9.173e-04 ic=1.090e-05 wall=1.200e-05 inlet=3.590e-06 outlet=8.544e-07
LBFGS 30200 | total=9.991e-04 f=9.098e-04 ic=1.066e-05 wall=1.194e-05 inlet=3.634e-06 outlet=7.547e-07
LBFGS 30300 | total=9.902e-04 f=9.011e-04 ic=1.022e-05 wall=1.185e-05 inlet=3.762e-06 outlet=7.857e-07
LBFGS 30400 | total=9.812e-04 f=8.928e-04 ic=1.025e-05 wall=1.174e-05 inlet=3.733e-06 outlet=7.800e-07
LBFGS 30500 | total=9.726e-04 f=8.836e-04 ic=1.046e-05 wall=1.197e-05 inlet=3.594e-06 outlet=7.466e-07
Saved PyTorch checkpoint to results/unsteady/checkpoints/latest_lbfgs.pt
LBFGS 30600 | total=9.654e-04 f=8.775e-04 ic=1.044e-05 wall=1.174e-05 inlet=3.595e-06 outlet=7.719e-07
LBFGS 30700 | total=9.579e-04 f=8.707e-04 ic=1.038e-05 wall=1.177e-05 inlet=3.451e-06 outlet=7.511e-07
LBFGS 30800 | total=9.508e-04 f=8.646e-04 ic=1.037e-05 wall=1.173e-05 inlet=3.292e-06 outlet=7.216e-07
LBFGS 30900 | total=9.432e-04 f=8.563e-04 ic=1.024e-05 wall=1.166e-05 inlet=3.548e-06 outlet=6.930e-07
LBFGS 31000 | total=9.351e-04 f=8.491e-04 ic=9.914e-06 wall=1.152e-05 inlet=3.539e-06 outlet=7.375e-07
Saved PyTorch checkpoint to results/unsteady/checkpoints/latest_lbfgs.pt
LBFGS 31100 | total=9.268e-04 f=8.400e-04 ic=9.839e-06 wall=1.177e-05 inlet=3.476e-06 outlet=7.386e-07
LBFGS 31200 | total=9.184e-04 f=8.327e-04 ic=9.433e-06 wall=1.166e-05 inlet=3.408e-06 outlet=8.139e-07
LBFGS 31300 | total=9.111e-04 f=8.258e-04 ic=9.397e-06 wall=1.169e-05 inlet=3.337e-06 outlet=7.707e-07
LBFGS 31400 | total=9.045e-04 f=8.179e-04 ic=9.554e-06 wall=1.173e-05 inlet=3.516e-06 outlet=8.612e-07
LBFGS 31500 | total=8.962e-04 f=8.094e-04 ic=9.244e-06 wall=1.182e-05 inlet=3.519e-06 outlet=8.590e-07
Saved PyTorch checkpoint to results/unsteady/checkpoints/latest_lbfgs.pt
LBFGS 31600 | total=8.893e-04 f=8.030e-04 ic=9.217e-06 wall=1.177e-05 inlet=3.464e-06 outlet=9.113e-07
LBFGS 31700 | total=8.817e-04 f=7.958e-04 ic=9.607e-06 wall=1.167e-05 inlet=3.408e-06 outlet=9.083e-07
LBFGS 31800 | total=8.738e-04 f=7.886e-04 ic=9.832e-06 wall=1.147e-05 inlet=3.374e-06 outlet=1.101e-06
LBFGS 31900 | total=8.667e-04 f=7.815e-04 ic=9.597e-06 wall=1.144e-05 inlet=3.432e-06 outlet=1.191e-06
LBFGS 32000 | total=8.597e-04 f=7.752e-04 ic=9.225e-06 wall=1.132e-05 inlet=3.467e-06 outlet=1.297e-06
Saved PyTorch checkpoint to results/unsteady/checkpoints/latest_lbfgs.pt
LBFGS 32100 | total=8.536e-04 f=7.696e-04 ic=9.591e-06 wall=1.122e-05 inlet=3.410e-06 outlet=1.200e-06
LBFGS 32200 | total=8.476e-04 f=7.653e-04 ic=9.412e-06 wall=1.092e-05 inlet=3.420e-06 outlet=1.229e-06
LBFGS 32300 | total=8.420e-04 f=7.596e-04 ic=9.362e-06 wall=1.097e-05 inlet=3.420e-06 outlet=1.112e-06
LBFGS 32400 | total=8.365e-04 f=7.555e-04 ic=9.268e-06 wall=1.081e-05 inlet=3.328e-06 outlet=1.001e-06
LBFGS 32500 | total=8.312e-04 f=7.508e-04 ic=9.249e-06 wall=1.082e-05 inlet=3.195e-06 outlet=1.005e-06
Saved PyTorch checkpoint to results/unsteady/checkpoints/latest_lbfgs.pt
LBFGS 32600 | total=8.253e-04 f=7.446e-04 ic=9.111e-06 wall=1.089e-05 inlet=3.210e-06 outlet=1.048e-06
LBFGS 32700 | total=8.193e-04 f=7.394e-04 ic=9.277e-06 wall=1.084e-05 inlet=3.086e-06 outlet=1.052e-06
LBFGS 32800 | total=8.132e-04 f=7.327e-04 ic=9.084e-06 wall=1.098e-05 inlet=3.101e-06 outlet=9.976e-07
LBFGS 32900 | total=8.069e-04 f=7.255e-04 ic=9.226e-06 wall=1.110e-05 inlet=3.151e-06 outlet=9.553e-07
LBFGS 33000 | total=8.006e-04 f=7.195e-04 ic=9.299e-06 wall=1.108e-05 inlet=3.098e-06 outlet=9.296e-07
Saved PyTorch checkpoint to results/unsteady/checkpoints/latest_lbfgs.pt
LBFGS 33100 | total=7.940e-04 f=7.135e-04 ic=9.308e-06 wall=1.106e-05 inlet=3.009e-06 outlet=8.915e-07
LBFGS 33200 | total=7.877e-04 f=7.075e-04 ic=9.187e-06 wall=1.108e-05 inlet=2.931e-06 outlet=9.534e-07
LBFGS 33300 | total=7.821e-04 f=7.031e-04 ic=8.868e-06 wall=1.094e-05 inlet=2.890e-06 outlet=1.070e-06
LBFGS 33400 | total=7.765e-04 f=6.970e-04 ic=8.693e-06 wall=1.101e-05 inlet=2.909e-06 outlet=1.157e-06
LBFGS 33500 | total=7.716e-04 f=6.918e-04 ic=8.685e-06 wall=1.109e-05 inlet=2.911e-06 outlet=1.103e-06
Saved PyTorch checkpoint to results/unsteady/checkpoints/latest_lbfgs.pt
LBFGS 33600 | total=7.665e-04 f=6.879e-04 ic=8.683e-06 wall=1.091e-05 inlet=2.853e-06 outlet=1.066e-06
LBFGS 33700 | total=7.613e-04 f=6.820e-04 ic=8.462e-06 wall=1.095e-05 inlet=2.966e-06 outlet=1.172e-06
LBFGS 33800 | total=7.568e-04 f=6.773e-04 ic=8.325e-06 wall=1.107e-05 inlet=2.923e-06 outlet=1.186e-06
LBFGS 33900 | total=7.524e-04 f=6.730e-04 ic=8.182e-06 wall=1.108e-05 inlet=2.919e-06 outlet=1.124e-06
LBFGS 34000 | total=7.474e-04 f=6.682e-04 ic=8.290e-06 wall=1.112e-05 inlet=2.829e-06 outlet=1.145e-06
Saved PyTorch checkpoint to results/unsteady/checkpoints/latest_lbfgs.pt
LBFGS 34100 | total=7.431e-04 f=6.639e-04 ic=8.298e-06 wall=1.109e-05 inlet=2.843e-06 outlet=1.158e-06
LBFGS 34200 | total=7.387e-04 f=6.592e-04 ic=8.353e-06 wall=1.116e-05 inlet=2.844e-06 outlet=1.149e-06
LBFGS 34300 | total=7.348e-04 f=6.555e-04 ic=8.394e-06 wall=1.117e-05 inlet=2.769e-06 outlet=1.174e-06
LBFGS 34400 | total=7.303e-04 f=6.510e-04 ic=8.533e-06 wall=1.120e-05 inlet=2.701e-06 outlet=1.235e-06
LBFGS 34500 | total=7.245e-04 f=6.467e-04 ic=8.503e-06 wall=1.095e-05 inlet=2.643e-06 outlet=1.279e-06
Saved PyTorch checkpoint to results/unsteady/checkpoints/latest_lbfgs.pt
LBFGS 34600 | total=7.192e-04 f=6.428e-04 ic=8.411e-06 wall=1.070e-05 inlet=2.640e-06 outlet=1.262e-06
LBFGS 34700 | total=7.139e-04 f=6.376e-04 ic=8.119e-06 wall=1.070e-05 inlet=2.680e-06 outlet=1.309e-06
LBFGS 34800 | total=7.091e-04 f=6.326e-04 ic=8.211e-06 wall=1.069e-05 inlet=2.693e-06 outlet=1.318e-06
LBFGS 34900 | total=7.043e-04 f=6.285e-04 ic=8.392e-06 wall=1.047e-05 inlet=2.762e-06 outlet=1.289e-06
LBFGS 35000 | total=6.996e-04 f=6.238e-04 ic=8.620e-06 wall=1.054e-05 inlet=2.650e-06 outlet=1.228e-06
Saved PyTorch checkpoint to results/unsteady/checkpoints/latest_lbfgs.pt
LBFGS 35100 | total=6.951e-04 f=6.196e-04 ic=8.589e-06 wall=1.053e-05 inlet=2.605e-06 outlet=1.168e-06
LBFGS 35200 | total=6.903e-04 f=6.147e-04 ic=8.695e-06 wall=1.046e-05 inlet=2.694e-06 outlet=1.142e-06
LBFGS 35300 | total=6.856e-04 f=6.101e-04 ic=8.674e-06 wall=1.046e-05 inlet=2.688e-06 outlet=1.098e-06
LBFGS 35400 | total=6.813e-04 f=6.066e-04 ic=8.793e-06 wall=1.032e-05 inlet=2.639e-06 outlet=1.061e-06
LBFGS 35500 | total=6.770e-04 f=6.026e-04 ic=9.037e-06 wall=1.023e-05 inlet=2.632e-06 outlet=1.084e-06
Saved PyTorch checkpoint to results/unsteady/checkpoints/latest_lbfgs.pt
LBFGS 35600 | total=6.727e-04 f=5.978e-04 ic=9.162e-06 wall=1.034e-05 inlet=2.595e-06 outlet=1.096e-06
LBFGS 35700 | total=6.681e-04 f=5.933e-04 ic=9.033e-06 wall=1.034e-05 inlet=2.586e-06 outlet=1.134e-06
LBFGS 35800 | total=6.638e-04 f=5.894e-04 ic=8.924e-06 wall=1.025e-05 inlet=2.621e-06 outlet=1.136e-06
LBFGS 35900 | total=6.596e-04 f=5.859e-04 ic=8.699e-06 wall=1.008e-05 inlet=2.680e-06 outlet=1.169e-06
LBFGS 36000 | total=6.552e-04 f=5.816e-04 ic=8.802e-06 wall=1.011e-05 inlet=2.609e-06 outlet=1.190e-06
Saved PyTorch checkpoint to results/unsteady/checkpoints/latest_lbfgs.pt
LBFGS 36100 | total=6.508e-04 f=5.774e-04 ic=8.793e-06 wall=1.005e-05 inlet=2.624e-06 outlet=1.267e-06
LBFGS 36200 | total=6.464e-04 f=5.731e-04 ic=8.749e-06 wall=1.002e-05 inlet=2.612e-06 outlet=1.348e-06
LBFGS 36300 | total=6.423e-04 f=5.693e-04 ic=8.761e-06 wall=9.994e-06 inlet=2.568e-06 outlet=1.431e-06
LBFGS 36400 | total=6.380e-04 f=5.649e-04 ic=8.978e-06 wall=9.930e-06 inlet=2.575e-06 outlet=1.622e-06
LBFGS 36500 | total=6.337e-04 f=5.606e-04 ic=9.030e-06 wall=9.944e-06 inlet=2.543e-06 outlet=1.614e-06
Saved PyTorch checkpoint to results/unsteady/checkpoints/latest_lbfgs.pt
LBFGS 36600 | total=6.289e-04 f=5.555e-04 ic=9.037e-06 wall=1.002e-05 inlet=2.521e-06 outlet=1.630e-06
LBFGS 36700 | total=6.243e-04 f=5.512e-04 ic=9.176e-06 wall=9.912e-06 inlet=2.545e-06 outlet=1.560e-06
LBFGS 36800 | total=6.200e-04 f=5.468e-04 ic=9.239e-06 wall=9.911e-06 inlet=2.541e-06 outlet=1.641e-06
LBFGS 36900 | total=6.163e-04 f=5.428e-04 ic=9.252e-06 wall=9.943e-06 inlet=2.563e-06 outlet=1.698e-06
LBFGS 37000 | total=6.129e-04 f=5.393e-04 ic=9.464e-06 wall=9.936e-06 inlet=2.560e-06 outlet=1.672e-06
Saved PyTorch checkpoint to results/unsteady/checkpoints/latest_lbfgs.pt
LBFGS 37100 | total=6.095e-04 f=5.367e-04 ic=9.489e-06 wall=9.848e-06 inlet=2.487e-06 outlet=1.597e-06
LBFGS 37200 | total=6.056e-04 f=5.334e-04 ic=9.546e-06 wall=9.781e-06 inlet=2.433e-06 outlet=1.592e-06
LBFGS 37300 | total=6.022e-04 f=5.304e-04 ic=9.587e-06 wall=9.676e-06 inlet=2.455e-06 outlet=1.584e-06
LBFGS 37400 | total=5.976e-04 f=5.257e-04 ic=9.483e-06 wall=9.706e-06 inlet=2.467e-06 outlet=1.513e-06
LBFGS 37500 | total=5.937e-04 f=5.218e-04 ic=9.537e-06 wall=9.720e-06 inlet=2.450e-06 outlet=1.480e-06
Saved PyTorch checkpoint to results/unsteady/checkpoints/latest_lbfgs.pt
LBFGS 37600 | total=5.899e-04 f=5.183e-04 ic=9.604e-06 wall=9.566e-06 inlet=2.533e-06 outlet=1.454e-06
LBFGS 37700 | total=5.856e-04 f=5.149e-04 ic=9.739e-06 wall=9.454e-06 inlet=2.437e-06 outlet=1.468e-06
LBFGS 37800 | total=5.816e-04 f=5.116e-04 ic=9.935e-06 wall=9.329e-06 inlet=2.388e-06 outlet=1.438e-06
LBFGS 37900 | total=5.784e-04 f=5.088e-04 ic=1.008e-05 wall=9.289e-06 inlet=2.330e-06 outlet=1.416e-06
LBFGS 38000 | total=5.748e-04 f=5.052e-04 ic=1.006e-05 wall=9.301e-06 inlet=2.318e-06 outlet=1.400e-06
Saved PyTorch checkpoint to results/unsteady/checkpoints/latest_lbfgs.pt
LBFGS 38100 | total=5.712e-04 f=5.019e-04 ic=1.015e-05 wall=9.220e-06 inlet=2.330e-06 outlet=1.403e-06
LBFGS 38200 | total=5.677e-04 f=4.987e-04 ic=1.023e-05 wall=9.136e-06 inlet=2.331e-06 outlet=1.406e-06
LBFGS 38300 | total=5.638e-04 f=4.952e-04 ic=1.031e-05 wall=9.103e-06 inlet=2.270e-06 outlet=1.422e-06
LBFGS 38400 | total=5.601e-04 f=4.919e-04 ic=1.009e-05 wall=9.056e-06 inlet=2.259e-06 outlet=1.531e-06
LBFGS 38500 | total=5.565e-04 f=4.884e-04 ic=9.960e-06 wall=9.104e-06 inlet=2.232e-06 outlet=1.504e-06
Saved PyTorch checkpoint to results/unsteady/checkpoints/latest_lbfgs.pt
LBFGS 38600 | total=5.526e-04 f=4.839e-04 ic=1.009e-05 wall=9.159e-06 inlet=2.293e-06 outlet=1.389e-06
LBFGS 38700 | total=5.488e-04 f=4.807e-04 ic=1.016e-05 wall=9.113e-06 inlet=2.216e-06 outlet=1.336e-06
LBFGS 38800 | total=5.451e-04 f=4.767e-04 ic=1.016e-05 wall=9.175e-06 inlet=2.211e-06 outlet=1.360e-06
LBFGS 38900 | total=5.423e-04 f=4.744e-04 ic=1.020e-05 wall=9.095e-06 inlet=2.165e-06 outlet=1.393e-06
LBFGS 39000 | total=5.396e-04 f=4.720e-04 ic=1.013e-05 wall=8.968e-06 inlet=2.233e-06 outlet=1.382e-06
Saved PyTorch checkpoint to results/unsteady/checkpoints/latest_lbfgs.pt
LBFGS 39100 | total=5.364e-04 f=4.692e-04 ic=1.022e-05 wall=9.007e-06 inlet=2.116e-06 outlet=1.391e-06
LBFGS 39200 | total=5.332e-04 f=4.666e-04 ic=1.026e-05 wall=8.900e-06 inlet=2.098e-06 outlet=1.389e-06
LBFGS 39300 | total=5.303e-04 f=4.634e-04 ic=1.049e-05 wall=8.882e-06 inlet=2.122e-06 outlet=1.407e-06
LBFGS 39400 | total=5.277e-04 f=4.609e-04 ic=1.043e-05 wall=8.863e-06 inlet=2.112e-06 outlet=1.403e-06
LBFGS 39500 | total=5.243e-04 f=4.577e-04 ic=1.031e-05 wall=8.861e-06 inlet=2.129e-06 outlet=1.370e-06
Saved PyTorch checkpoint to results/unsteady/checkpoints/latest_lbfgs.pt
LBFGS 39600 | total=5.210e-04 f=4.541e-04 ic=1.024e-05 wall=8.949e-06 inlet=2.120e-06 outlet=1.303e-06
LBFGS 39700 | total=5.183e-04 f=4.520e-04 ic=1.012e-05 wall=8.872e-06 inlet=2.118e-06 outlet=1.255e-06
LBFGS 39800 | total=5.156e-04 f=4.495e-04 ic=9.976e-06 wall=8.854e-06 inlet=2.115e-06 outlet=1.254e-06
LBFGS 39900 | total=5.129e-04 f=4.475e-04 ic=1.000e-05 wall=8.749e-06 inlet=2.086e-06 outlet=1.273e-06
LBFGS 40000 | total=5.106e-04 f=4.458e-04 ic=1.001e-05 wall=8.670e-06 inlet=2.038e-06 outlet=1.291e-06
Saved PyTorch checkpoint to results/unsteady/checkpoints/latest_lbfgs.pt
LBFGS 40100 | total=5.077e-04 f=4.429e-04 ic=9.738e-06 wall=8.658e-06 inlet=2.106e-06 outlet=1.264e-06
LBFGS 40200 | total=5.049e-04 f=4.404e-04 ic=9.553e-06 wall=8.623e-06 inlet=2.122e-06 outlet=1.227e-06
LBFGS 40300 | total=5.020e-04 f=4.377e-04 ic=9.556e-06 wall=8.558e-06 inlet=2.152e-06 outlet=1.179e-06
LBFGS 40400 | total=4.991e-04 f=4.351e-04 ic=9.517e-06 wall=8.513e-06 inlet=2.167e-06 outlet=1.111e-06
LBFGS 40500 | total=4.964e-04 f=4.323e-04 ic=9.390e-06 wall=8.570e-06 inlet=2.155e-06 outlet=1.079e-06
Saved PyTorch checkpoint to results/unsteady/checkpoints/latest_lbfgs.pt
LBFGS 40600 | total=4.937e-04 f=4.301e-04 ic=9.434e-06 wall=8.549e-06 inlet=2.088e-06 outlet=1.008e-06
LBFGS 40700 | total=4.914e-04 f=4.277e-04 ic=9.391e-06 wall=8.562e-06 inlet=2.111e-06 outlet=9.737e-07
LBFGS 40800 | total=4.889e-04 f=4.251e-04 ic=9.360e-06 wall=8.571e-06 inlet=2.119e-06 outlet=9.064e-07
LBFGS 40900 | total=4.860e-04 f=4.229e-04 ic=9.369e-06 wall=8.512e-06 inlet=2.062e-06 outlet=8.833e-07
LBFGS 41000 | total=4.830e-04 f=4.205e-04 ic=9.383e-06 wall=8.392e-06 inlet=2.079e-06 outlet=8.389e-07
Saved PyTorch checkpoint to results/unsteady/checkpoints/latest_lbfgs.pt
LBFGS 41100 | total=4.803e-04 f=4.178e-04 ic=9.394e-06 wall=8.381e-06 inlet=2.068e-06 outlet=8.118e-07
LBFGS 41200 | total=4.778e-04 f=4.155e-04 ic=9.384e-06 wall=8.289e-06 inlet=2.123e-06 outlet=8.338e-07
LBFGS 41300 | total=4.747e-04 f=4.125e-04 ic=9.289e-06 wall=8.271e-06 inlet=2.142e-06 outlet=7.775e-07
LBFGS 41400 | total=4.723e-04 f=4.102e-04 ic=9.270e-06 wall=8.245e-06 inlet=2.163e-06 outlet=7.724e-07
LBFGS 41500 | total=4.702e-04 f=4.082e-04 ic=9.122e-06 wall=8.243e-06 inlet=2.176e-06 outlet=7.342e-07
Saved PyTorch checkpoint to results/unsteady/checkpoints/latest_lbfgs.pt
LBFGS 41600 | total=4.679e-04 f=4.059e-04 ic=9.161e-06 wall=8.214e-06 inlet=2.197e-06 outlet=7.397e-07
LBFGS 41700 | total=4.656e-04 f=4.039e-04 ic=9.184e-06 wall=8.167e-06 inlet=2.196e-06 outlet=7.780e-07
LBFGS 41800 | total=4.635e-04 f=4.021e-04 ic=9.042e-06 wall=8.112e-06 inlet=2.219e-06 outlet=7.721e-07
LBFGS 41900 | total=4.614e-04 f=4.002e-04 ic=9.002e-06 wall=8.073e-06 inlet=2.219e-06 outlet=8.137e-07
LBFGS 42000 | total=4.593e-04 f=3.980e-04 ic=8.986e-06 wall=8.107e-06 inlet=2.192e-06 outlet=8.333e-07
Saved PyTorch checkpoint to results/unsteady/checkpoints/latest_lbfgs.pt
LBFGS 42100 | total=4.571e-04 f=3.962e-04 ic=8.981e-06 wall=8.041e-06 inlet=2.173e-06 outlet=8.003e-07
LBFGS 42200 | total=4.546e-04 f=3.941e-04 ic=8.956e-06 wall=7.952e-06 inlet=2.191e-06 outlet=7.663e-07
LBFGS 42300 | total=4.521e-04 f=3.922e-04 ic=8.985e-06 wall=7.865e-06 inlet=2.185e-06 outlet=7.479e-07
LBFGS 42400 | total=4.499e-04 f=3.901e-04 ic=8.931e-06 wall=7.828e-06 inlet=2.195e-06 outlet=7.546e-07
LBFGS 42500 | total=4.479e-04 f=3.884e-04 ic=8.954e-06 wall=7.801e-06 inlet=2.167e-06 outlet=7.620e-07
Saved PyTorch checkpoint to results/unsteady/checkpoints/latest_lbfgs.pt
LBFGS 42600 | total=4.461e-04 f=3.870e-04 ic=8.999e-06 wall=7.710e-06 inlet=2.152e-06 outlet=8.009e-07
LBFGS 42700 | total=4.441e-04 f=3.855e-04 ic=8.872e-06 wall=7.690e-06 inlet=2.096e-06 outlet=8.022e-07
LBFGS 42800 | total=4.421e-04 f=3.841e-04 ic=8.997e-06 wall=7.588e-06 inlet=2.055e-06 outlet=8.285e-07
LBFGS 42900 | total=4.402e-04 f=3.826e-04 ic=8.968e-06 wall=7.518e-06 inlet=2.042e-06 outlet=8.171e-07
LBFGS 43000 | total=4.381e-04 f=3.804e-04 ic=8.862e-06 wall=7.576e-06 inlet=2.023e-06 outlet=8.505e-07
Saved PyTorch checkpoint to results/unsteady/checkpoints/latest_lbfgs.pt
LBFGS 43100 | total=4.358e-04 f=3.779e-04 ic=8.810e-06 wall=7.619e-06 inlet=2.018e-06 outlet=8.605e-07
LBFGS 43200 | total=4.334e-04 f=3.762e-04 ic=8.774e-06 wall=7.551e-06 inlet=1.958e-06 outlet=8.162e-07
LBFGS 43300 | total=4.308e-04 f=3.743e-04 ic=8.609e-06 wall=7.497e-06 inlet=1.921e-06 outlet=8.021e-07
LBFGS 43400 | total=4.283e-04 f=3.723e-04 ic=8.532e-06 wall=7.458e-06 inlet=1.867e-06 outlet=7.747e-07
LBFGS 43500 | total=4.259e-04 f=3.701e-04 ic=8.455e-06 wall=7.506e-06 inlet=1.820e-06 outlet=7.792e-07
Saved PyTorch checkpoint to results/unsteady/checkpoints/latest_lbfgs.pt
LBFGS 43600 | total=4.238e-04 f=3.682e-04 ic=8.345e-06 wall=7.482e-06 inlet=1.809e-06 outlet=7.966e-07
LBFGS 43700 | total=4.217e-04 f=3.665e-04 ic=8.342e-06 wall=7.386e-06 inlet=1.825e-06 outlet=8.100e-07
LBFGS 43800 | total=4.194e-04 f=3.647e-04 ic=8.181e-06 wall=7.398e-06 inlet=1.758e-06 outlet=7.920e-07
LBFGS 43900 | total=4.172e-04 f=3.628e-04 ic=8.143e-06 wall=7.384e-06 inlet=1.712e-06 outlet=8.120e-07
LBFGS 44000 | total=4.149e-04 f=3.608e-04 ic=8.110e-06 wall=7.301e-06 inlet=1.743e-06 outlet=8.262e-07
Saved PyTorch checkpoint to results/unsteady/checkpoints/latest_lbfgs.pt
LBFGS 44100 | total=4.129e-04 f=3.589e-04 ic=7.933e-06 wall=7.329e-06 inlet=1.708e-06 outlet=8.623e-07
LBFGS 44200 | total=4.107e-04 f=3.571e-04 ic=7.724e-06 wall=7.270e-06 inlet=1.721e-06 outlet=8.782e-07
LBFGS 44300 | total=4.086e-04 f=3.556e-04 ic=7.814e-06 wall=7.175e-06 inlet=1.702e-06 outlet=8.493e-07
LBFGS 44400 | total=4.066e-04 f=3.539e-04 ic=7.765e-06 wall=7.117e-06 inlet=1.706e-06 outlet=8.740e-07
LBFGS 44500 | total=4.047e-04 f=3.520e-04 ic=7.661e-06 wall=7.087e-06 inlet=1.751e-06 outlet=8.574e-07
Saved PyTorch checkpoint to results/unsteady/checkpoints/latest_lbfgs.pt
LBFGS 44600 | total=4.031e-04 f=3.508e-04 ic=7.666e-06 wall=7.040e-06 inlet=1.735e-06 outlet=7.882e-07
LBFGS 44700 | total=4.012e-04 f=3.492e-04 ic=7.580e-06 wall=7.001e-06 inlet=1.728e-06 outlet=7.759e-07
LBFGS 44800 | total=3.992e-04 f=3.478e-04 ic=7.481e-06 wall=6.923e-06 inlet=1.707e-06 outlet=7.783e-07
LBFGS 44900 | total=3.976e-04 f=3.463e-04 ic=7.497e-06 wall=6.915e-06 inlet=1.693e-06 outlet=7.593e-07
LBFGS 45000 | total=3.956e-04 f=3.445e-04 ic=7.546e-06 wall=6.885e-06 inlet=1.677e-06 outlet=7.647e-07
Saved PyTorch checkpoint to results/unsteady/checkpoints/latest_lbfgs.pt
LBFGS 45100 | total=3.938e-04 f=3.430e-04 ic=7.494e-06 wall=6.826e-06 inlet=1.686e-06 outlet=7.354e-07
LBFGS 45200 | total=3.920e-04 f=3.414e-04 ic=7.412e-06 wall=6.826e-06 inlet=1.673e-06 outlet=7.532e-07
LBFGS 45300 | total=3.904e-04 f=3.401e-04 ic=7.333e-06 wall=6.786e-06 inlet=1.669e-06 outlet=7.246e-07
LBFGS 45400 | total=3.886e-04 f=3.387e-04 ic=7.323e-06 wall=6.696e-06 inlet=1.684e-06 outlet=6.883e-07
LBFGS 45500 | total=3.868e-04 f=3.371e-04 ic=7.311e-06 wall=6.705e-06 inlet=1.643e-06 outlet=6.797e-07
Saved PyTorch checkpoint to results/unsteady/checkpoints/latest_lbfgs.pt
LBFGS 45600 | total=3.853e-04 f=3.355e-04 ic=7.357e-06 wall=6.715e-06 inlet=1.618e-06 outlet=6.827e-07
LBFGS 45700 | total=3.834e-04 f=3.338e-04 ic=7.398e-06 wall=6.715e-06 inlet=1.588e-06 outlet=6.679e-07
LBFGS 45800 | total=3.816e-04 f=3.321e-04 ic=7.362e-06 wall=6.730e-06 inlet=1.569e-06 outlet=6.830e-07
LBFGS 45900 | total=3.798e-04 f=3.303e-04 ic=7.418e-06 wall=6.708e-06 inlet=1.561e-06 outlet=6.680e-07
LBFGS 46000 | total=3.784e-04 f=3.289e-04 ic=7.505e-06 wall=6.708e-06 inlet=1.568e-06 outlet=6.713e-07
Saved PyTorch checkpoint to results/unsteady/checkpoints/latest_lbfgs.pt
LBFGS 46100 | total=3.763e-04 f=3.269e-04 ic=7.605e-06 wall=6.705e-06 inlet=1.522e-06 outlet=6.956e-07
LBFGS 46200 | total=3.746e-04 f=3.256e-04 ic=7.684e-06 wall=6.687e-06 inlet=1.442e-06 outlet=7.013e-07
LBFGS 46300 | total=3.731e-04 f=3.244e-04 ic=7.664e-06 wall=6.620e-06 inlet=1.441e-06 outlet=7.022e-07
LBFGS 46400 | total=3.714e-04 f=3.227e-04 ic=7.630e-06 wall=6.626e-06 inlet=1.442e-06 outlet=7.172e-07
LBFGS 46500 | total=3.697e-04 f=3.213e-04 ic=7.492e-06 wall=6.599e-06 inlet=1.446e-06 outlet=6.926e-07
Saved PyTorch checkpoint to results/unsteady/checkpoints/latest_lbfgs.pt
LBFGS 46600 | total=3.680e-04 f=3.196e-04 ic=7.575e-06 wall=6.578e-06 inlet=1.431e-06 outlet=6.947e-07
LBFGS 46700 | total=3.662e-04 f=3.179e-04 ic=7.580e-06 wall=6.567e-06 inlet=1.447e-06 outlet=6.813e-07
LBFGS 46800 | total=3.644e-04 f=3.164e-04 ic=7.574e-06 wall=6.535e-06 inlet=1.429e-06 outlet=6.686e-07
LBFGS 46900 | total=3.625e-04 f=3.146e-04 ic=7.651e-06 wall=6.512e-06 inlet=1.413e-06 outlet=6.742e-07
LBFGS 47000 | total=3.610e-04 f=3.135e-04 ic=7.616e-06 wall=6.450e-06 inlet=1.395e-06 outlet=6.507e-07
Saved PyTorch checkpoint to results/unsteady/checkpoints/latest_lbfgs.pt
LBFGS 47100 | total=3.593e-04 f=3.120e-04 ic=7.526e-06 wall=6.469e-06 inlet=1.343e-06 outlet=6.434e-07
LBFGS 47200 | total=3.577e-04 f=3.105e-04 ic=7.545e-06 wall=6.408e-06 inlet=1.378e-06 outlet=6.356e-07
LBFGS 47300 | total=3.560e-04 f=3.089e-04 ic=7.497e-06 wall=6.418e-06 inlet=1.381e-06 outlet=6.307e-07
LBFGS 47400 | total=3.547e-04 f=3.075e-04 ic=7.505e-06 wall=6.431e-06 inlet=1.376e-06 outlet=6.380e-07
LBFGS 47500 | total=3.532e-04 f=3.061e-04 ic=7.484e-06 wall=6.444e-06 inlet=1.352e-06 outlet=6.207e-07
Saved PyTorch checkpoint to results/unsteady/checkpoints/latest_lbfgs.pt
LBFGS 47600 | total=3.517e-04 f=3.047e-04 ic=7.510e-06 wall=6.448e-06 inlet=1.336e-06 outlet=6.040e-07
LBFGS 47700 | total=3.499e-04 f=3.031e-04 ic=7.474e-06 wall=6.458e-06 inlet=1.289e-06 outlet=5.649e-07
LBFGS 47800 | total=3.482e-04 f=3.015e-04 ic=7.486e-06 wall=6.449e-06 inlet=1.276e-06 outlet=5.550e-07
LBFGS 47900 | total=3.469e-04 f=3.003e-04 ic=7.518e-06 wall=6.436e-06 inlet=1.264e-06 outlet=5.574e-07
LBFGS 48000 | total=3.456e-04 f=2.990e-04 ic=7.499e-06 wall=6.458e-06 inlet=1.252e-06 outlet=5.517e-07
Saved PyTorch checkpoint to results/unsteady/checkpoints/latest_lbfgs.pt
LBFGS 48100 | total=3.442e-04 f=2.977e-04 ic=7.453e-06 wall=6.454e-06 inlet=1.244e-06 outlet=5.434e-07
LBFGS 48200 | total=3.429e-04 f=2.966e-04 ic=7.365e-06 wall=6.436e-06 inlet=1.245e-06 outlet=5.490e-07
LBFGS 48300 | total=3.413e-04 f=2.954e-04 ic=7.365e-06 wall=6.364e-06 inlet=1.238e-06 outlet=5.458e-07
LBFGS 48400 | total=3.399e-04 f=2.944e-04 ic=7.342e-06 wall=6.306e-06 inlet=1.224e-06 outlet=5.640e-07
LBFGS 48500 | total=3.385e-04 f=2.933e-04 ic=7.342e-06 wall=6.244e-06 inlet=1.229e-06 outlet=5.641e-07
Saved PyTorch checkpoint to results/unsteady/checkpoints/latest_lbfgs.pt
LBFGS 48600 | total=3.372e-04 f=2.921e-04 ic=7.250e-06 wall=6.218e-06 inlet=1.238e-06 outlet=5.495e-07
LBFGS 48700 | total=3.358e-04 f=2.907e-04 ic=7.252e-06 wall=6.191e-06 inlet=1.264e-06 outlet=5.500e-07
LBFGS 48800 | total=3.345e-04 f=2.895e-04 ic=7.245e-06 wall=6.176e-06 inlet=1.270e-06 outlet=4.967e-07
LBFGS 48900 | total=3.334e-04 f=2.884e-04 ic=7.303e-06 wall=6.133e-06 inlet=1.301e-06 outlet=4.829e-07
LBFGS 49000 | total=3.322e-04 f=2.874e-04 ic=7.348e-06 wall=6.075e-06 inlet=1.321e-06 outlet=4.725e-07
Saved PyTorch checkpoint to results/unsteady/checkpoints/latest_lbfgs.pt
LBFGS 49100 | total=3.310e-04 f=2.865e-04 ic=7.329e-06 wall=6.011e-06 inlet=1.323e-06 outlet=4.779e-07
LBFGS 49200 | total=3.297e-04 f=2.855e-04 ic=7.385e-06 wall=5.946e-06 inlet=1.320e-06 outlet=5.122e-07
LBFGS 49300 | total=3.284e-04 f=2.842e-04 ic=7.403e-06 wall=5.927e-06 inlet=1.331e-06 outlet=4.965e-07
LBFGS 49400 | total=3.271e-04 f=2.829e-04 ic=7.385e-06 wall=5.938e-06 inlet=1.312e-06 outlet=5.055e-07
LBFGS 49500 | total=3.259e-04 f=2.819e-04 ic=7.479e-06 wall=5.876e-06 inlet=1.319e-06 outlet=5.054e-07
Saved PyTorch checkpoint to results/unsteady/checkpoints/latest_lbfgs.pt
LBFGS 49600 | total=3.248e-04 f=2.809e-04 ic=7.476e-06 wall=5.888e-06 inlet=1.304e-06 outlet=4.946e-07
LBFGS 49700 | total=3.235e-04 f=2.799e-04 ic=7.493e-06 wall=5.829e-06 inlet=1.300e-06 outlet=4.940e-07
LBFGS 49800 | total=3.224e-04 f=2.788e-04 ic=7.537e-06 wall=5.803e-06 inlet=1.308e-06 outlet=5.117e-07
LBFGS 49900 | total=3.211e-04 f=2.776e-04 ic=7.601e-06 wall=5.774e-06 inlet=1.299e-06 outlet=5.348e-07
LBFGS 50000 | total=3.200e-04 f=2.766e-04 ic=7.672e-06 wall=5.747e-06 inlet=1.293e-06 outlet=5.390e-07
Saved PyTorch checkpoint to results/unsteady/checkpoints/latest_lbfgs.pt
LBFGS 50100 | total=3.188e-04 f=2.756e-04 ic=7.638e-06 wall=5.738e-06 inlet=1.266e-06 outlet=5.312e-07
LBFGS 50200 | total=3.176e-04 f=2.747e-04 ic=7.594e-06 wall=5.715e-06 inlet=1.258e-06 outlet=5.225e-07
LBFGS 50300 | total=3.163e-04 f=2.734e-04 ic=7.591e-06 wall=5.720e-06 inlet=1.232e-06 outlet=5.079e-07
LBFGS 50400 | total=3.150e-04 f=2.722e-04 ic=7.559e-06 wall=5.713e-06 inlet=1.235e-06 outlet=5.018e-07
LBFGS 50500 | total=3.138e-04 f=2.712e-04 ic=7.556e-06 wall=5.689e-06 inlet=1.223e-06 outlet=5.092e-07
Saved PyTorch checkpoint to results/unsteady/checkpoints/latest_lbfgs.pt
LBFGS 50600 | total=3.126e-04 f=2.701e-04 ic=7.564e-06 wall=5.657e-06 inlet=1.227e-06 outlet=5.254e-07
LBFGS 50700 | total=3.113e-04 f=2.690e-04 ic=7.558e-06 wall=5.635e-06 inlet=1.207e-06 outlet=5.483e-07
LBFGS 50800 | total=3.101e-04 f=2.678e-04 ic=7.448e-06 wall=5.673e-06 inlet=1.179e-06 outlet=5.622e-07
LBFGS 50900 | total=3.090e-04 f=2.670e-04 ic=7.394e-06 wall=5.626e-06 inlet=1.181e-06 outlet=5.760e-07
LBFGS 51000 | total=3.080e-04 f=2.661e-04 ic=7.303e-06 wall=5.642e-06 inlet=1.149e-06 outlet=6.194e-07
Saved PyTorch checkpoint to results/unsteady/checkpoints/latest_lbfgs.pt
LBFGS 51100 | total=3.068e-04 f=2.650e-04 ic=7.275e-06 wall=5.644e-06 inlet=1.146e-06 outlet=5.910e-07
LBFGS 51200 | total=3.057e-04 f=2.641e-04 ic=7.191e-06 wall=5.628e-06 inlet=1.139e-06 outlet=6.095e-07
LBFGS 51300 | total=3.044e-04 f=2.628e-04 ic=7.205e-06 wall=5.642e-06 inlet=1.122e-06 outlet=5.632e-07
LBFGS 51400 | total=3.032e-04 f=2.618e-04 ic=7.201e-06 wall=5.616e-06 inlet=1.110e-06 outlet=5.433e-07
LBFGS 51500 | total=3.020e-04 f=2.609e-04 ic=7.196e-06 wall=5.545e-06 inlet=1.125e-06 outlet=5.618e-07
Saved PyTorch checkpoint to results/unsteady/checkpoints/latest_lbfgs.pt
LBFGS 51600 | total=3.009e-04 f=2.599e-04 ic=7.256e-06 wall=5.530e-06 inlet=1.110e-06 outlet=5.727e-07
LBFGS 51700 | total=2.997e-04 f=2.587e-04 ic=7.227e-06 wall=5.516e-06 inlet=1.124e-06 outlet=5.641e-07
LBFGS 51800 | total=2.984e-04 f=2.575e-04 ic=7.201e-06 wall=5.512e-06 inlet=1.111e-06 outlet=5.825e-07
LBFGS 51900 | total=2.973e-04 f=2.564e-04 ic=7.221e-06 wall=5.530e-06 inlet=1.096e-06 outlet=5.919e-07
LBFGS 52000 | total=2.963e-04 f=2.555e-04 ic=7.186e-06 wall=5.535e-06 inlet=1.085e-06 outlet=5.907e-07
Saved PyTorch checkpoint to results/unsteady/checkpoints/latest_lbfgs.pt
LBFGS 52100 | total=2.953e-04 f=2.544e-04 ic=7.195e-06 wall=5.514e-06 inlet=1.093e-06 outlet=5.960e-07
LBFGS 52200 | total=2.941e-04 f=2.533e-04 ic=7.163e-06 wall=5.541e-06 inlet=1.069e-06 outlet=6.061e-07
LBFGS 52300 | total=2.931e-04 f=2.525e-04 ic=7.134e-06 wall=5.479e-06 inlet=1.081e-06 outlet=6.493e-07
LBFGS 52400 | total=2.919e-04 f=2.513e-04 ic=7.084e-06 wall=5.500e-06 inlet=1.073e-06 outlet=6.558e-07
LBFGS 52500 | total=2.908e-04 f=2.503e-04 ic=7.070e-06 wall=5.507e-06 inlet=1.050e-06 outlet=6.687e-07
Saved PyTorch checkpoint to results/unsteady/checkpoints/latest_lbfgs.pt
LBFGS 52600 | total=2.898e-04 f=2.492e-04 ic=7.075e-06 wall=5.513e-06 inlet=1.052e-06 outlet=6.643e-07
LBFGS 52700 | total=2.886e-04 f=2.481e-04 ic=7.058e-06 wall=5.492e-06 inlet=1.066e-06 outlet=5.905e-07
LBFGS 52800 | total=2.875e-04 f=2.471e-04 ic=7.038e-06 wall=5.484e-06 inlet=1.081e-06 outlet=5.636e-07
LBFGS 52900 | total=2.866e-04 f=2.462e-04 ic=7.009e-06 wall=5.477e-06 inlet=1.083e-06 outlet=5.257e-07
LBFGS 53000 | total=2.856e-04 f=2.454e-04 ic=6.960e-06 wall=5.482e-06 inlet=1.070e-06 outlet=5.254e-07
Saved PyTorch checkpoint to results/unsteady/checkpoints/latest_lbfgs.pt
LBFGS 53100 | total=2.847e-04 f=2.444e-04 ic=7.004e-06 wall=5.474e-06 inlet=1.073e-06 outlet=5.188e-07
LBFGS 53200 | total=2.838e-04 f=2.437e-04 ic=6.941e-06 wall=5.470e-06 inlet=1.064e-06 outlet=5.059e-07
LBFGS 53300 | total=2.828e-04 f=2.429e-04 ic=6.841e-06 wall=5.464e-06 inlet=1.044e-06 outlet=5.196e-07
LBFGS 53400 | total=2.817e-04 f=2.419e-04 ic=6.704e-06 wall=5.461e-06 inlet=1.050e-06 outlet=5.051e-07
LBFGS 53500 | total=2.807e-04 f=2.409e-04 ic=6.598e-06 wall=5.504e-06 inlet=1.043e-06 outlet=4.920e-07
Saved PyTorch checkpoint to results/unsteady/checkpoints/latest_lbfgs.pt
LBFGS 53600 | total=2.796e-04 f=2.399e-04 ic=6.529e-06 wall=5.497e-06 inlet=1.047e-06 outlet=4.921e-07
LBFGS 53700 | total=2.786e-04 f=2.389e-04 ic=6.524e-06 wall=5.470e-06 inlet=1.063e-06 outlet=5.029e-07
LBFGS 53800 | total=2.774e-04 f=2.380e-04 ic=6.513e-06 wall=5.417e-06 inlet=1.075e-06 outlet=4.923e-07
LBFGS 53900 | total=2.764e-04 f=2.371e-04 ic=6.417e-06 wall=5.423e-06 inlet=1.056e-06 outlet=4.687e-07
LBFGS 54000 | total=2.753e-04 f=2.360e-04 ic=6.455e-06 wall=5.410e-06 inlet=1.056e-06 outlet=4.671e-07
Saved PyTorch checkpoint to results/unsteady/checkpoints/latest_lbfgs.pt
LBFGS 54100 | total=2.742e-04 f=2.349e-04 ic=6.425e-06 wall=5.396e-06 inlet=1.080e-06 outlet=4.407e-07
LBFGS 54200 | total=2.732e-04 f=2.339e-04 ic=6.329e-06 wall=5.423e-06 inlet=1.083e-06 outlet=4.349e-07
LBFGS 54300 | total=2.724e-04 f=2.332e-04 ic=6.316e-06 wall=5.409e-06 inlet=1.083e-06 outlet=4.361e-07
LBFGS 54400 | total=2.715e-04 f=2.324e-04 ic=6.285e-06 wall=5.413e-06 inlet=1.065e-06 outlet=3.994e-07
LBFGS 54500 | total=2.705e-04 f=2.315e-04 ic=6.216e-06 wall=5.404e-06 inlet=1.070e-06 outlet=3.903e-07
Saved PyTorch checkpoint to results/unsteady/checkpoints/latest_lbfgs.pt
LBFGS 54600 | total=2.694e-04 f=2.305e-04 ic=6.246e-06 wall=5.380e-06 inlet=1.076e-06 outlet=3.757e-07
LBFGS 54700 | total=2.686e-04 f=2.298e-04 ic=6.255e-06 wall=5.368e-06 inlet=1.050e-06 outlet=3.856e-07
LBFGS 54800 | total=2.676e-04 f=2.289e-04 ic=6.220e-06 wall=5.359e-06 inlet=1.052e-06 outlet=3.788e-07
LBFGS 54900 | total=2.667e-04 f=2.281e-04 ic=6.233e-06 wall=5.364e-06 inlet=1.049e-06 outlet=3.757e-07
LBFGS 55000 | total=2.657e-04 f=2.272e-04 ic=6.231e-06 wall=5.355e-06 inlet=1.029e-06 outlet=3.556e-07
Saved PyTorch checkpoint to results/unsteady/checkpoints/latest_lbfgs.pt
LBFGS 55100 | total=2.648e-04 f=2.263e-04 ic=6.168e-06 wall=5.349e-06 inlet=1.040e-06 outlet=3.574e-07
LBFGS 55200 | total=2.639e-04 f=2.255e-04 ic=6.179e-06 wall=5.329e-06 inlet=1.038e-06 outlet=3.624e-07
LBFGS 55300 | total=2.630e-04 f=2.247e-04 ic=6.202e-06 wall=5.298e-06 inlet=1.034e-06 outlet=3.793e-07
LBFGS 55400 | total=2.621e-04 f=2.239e-04 ic=6.210e-06 wall=5.289e-06 inlet=1.035e-06 outlet=3.860e-07
LBFGS 55500 | total=2.612e-04 f=2.231e-04 ic=6.226e-06 wall=5.287e-06 inlet=1.024e-06 outlet=3.843e-07
Saved PyTorch checkpoint to results/unsteady/checkpoints/latest_lbfgs.pt
LBFGS 55600 | total=2.604e-04 f=2.222e-04 ic=6.216e-06 wall=5.259e-06 inlet=1.058e-06 outlet=3.804e-07
LBFGS 55700 | total=2.595e-04 f=2.213e-04 ic=6.224e-06 wall=5.267e-06 inlet=1.050e-06 outlet=3.641e-07
LBFGS 55800 | total=2.587e-04 f=2.207e-04 ic=6.207e-06 wall=5.244e-06 inlet=1.054e-06 outlet=3.665e-07
LBFGS 55900 | total=2.580e-04 f=2.201e-04 ic=6.151e-06 wall=5.244e-06 inlet=1.036e-06 outlet=3.454e-07
LBFGS 56000 | total=2.571e-04 f=2.193e-04 ic=6.182e-06 wall=5.214e-06 inlet=1.046e-06 outlet=3.338e-07
Saved PyTorch checkpoint to results/unsteady/checkpoints/latest_lbfgs.pt
LBFGS 56100 | total=2.562e-04 f=2.185e-04 ic=6.156e-06 wall=5.209e-06 inlet=1.023e-06 outlet=3.395e-07
LBFGS 56200 | total=2.553e-04 f=2.178e-04 ic=6.105e-06 wall=5.195e-06 inlet=1.010e-06 outlet=3.366e-07
LBFGS 56300 | total=2.545e-04 f=2.171e-04 ic=6.134e-06 wall=5.175e-06 inlet=1.011e-06 outlet=3.399e-07
LBFGS 56400 | total=2.538e-04 f=2.165e-04 ic=6.063e-06 wall=5.152e-06 inlet=1.021e-06 outlet=3.375e-07
LBFGS 56500 | total=2.531e-04 f=2.158e-04 ic=6.045e-06 wall=5.146e-06 inlet=1.035e-06 outlet=3.386e-07
Saved PyTorch checkpoint to results/unsteady/checkpoints/latest_lbfgs.pt
LBFGS 56600 | total=2.524e-04 f=2.152e-04 ic=6.026e-06 wall=5.127e-06 inlet=1.041e-06 outlet=3.463e-07
LBFGS 56700 | total=2.517e-04 f=2.145e-04 ic=6.022e-06 wall=5.105e-06 inlet=1.046e-06 outlet=3.592e-07
LBFGS 56800 | total=2.509e-04 f=2.140e-04 ic=5.999e-06 wall=5.083e-06 inlet=1.038e-06 outlet=3.615e-07
LBFGS 56900 | total=2.502e-04 f=2.133e-04 ic=6.037e-06 wall=5.053e-06 inlet=1.036e-06 outlet=3.797e-07
LBFGS 57000 | total=2.494e-04 f=2.126e-04 ic=6.036e-06 wall=5.061e-06 inlet=1.013e-06 outlet=3.943e-07
Saved PyTorch checkpoint to results/unsteady/checkpoints/latest_lbfgs.pt
LBFGS 57100 | total=2.487e-04 f=2.120e-04 ic=6.021e-06 wall=5.052e-06 inlet=1.011e-06 outlet=3.726e-07
LBFGS 57200 | total=2.479e-04 f=2.113e-04 ic=6.027e-06 wall=5.017e-06 inlet=1.030e-06 outlet=3.556e-07
LBFGS 57300 | total=2.472e-04 f=2.107e-04 ic=6.032e-06 wall=5.011e-06 inlet=1.011e-06 outlet=3.621e-07
LBFGS 57400 | total=2.466e-04 f=2.103e-04 ic=6.049e-06 wall=4.978e-06 inlet=1.008e-06 outlet=3.401e-07
LBFGS 57500 | total=2.459e-04 f=2.096e-04 ic=6.037e-06 wall=4.977e-06 inlet=1.009e-06 outlet=3.570e-07
Saved PyTorch checkpoint to results/unsteady/checkpoints/latest_lbfgs.pt
LBFGS 57600 | total=2.451e-04 f=2.089e-04 ic=6.074e-06 wall=4.962e-06 inlet=1.001e-06 outlet=3.408e-07
LBFGS 57700 | total=2.443e-04 f=2.082e-04 ic=6.042e-06 wall=4.950e-06 inlet=1.001e-06 outlet=3.525e-07
LBFGS 57800 | total=2.434e-04 f=2.075e-04 ic=5.987e-06 wall=4.912e-06 inlet=1.011e-06 outlet=3.377e-07
LBFGS 57900 | total=2.425e-04 f=2.066e-04 ic=5.947e-06 wall=4.937e-06 inlet=9.869e-07 outlet=3.145e-07
LBFGS 58000 | total=2.418e-04 f=2.060e-04 ic=5.951e-06 wall=4.913e-06 inlet=9.836e-07 outlet=3.171e-07
Saved PyTorch checkpoint to results/unsteady/checkpoints/latest_lbfgs.pt
LBFGS 58100 | total=2.410e-04 f=2.055e-04 ic=5.902e-06 wall=4.880e-06 inlet=9.880e-07 outlet=3.151e-07
LBFGS 58200 | total=2.404e-04 f=2.050e-04 ic=5.854e-06 wall=4.875e-06 inlet=9.850e-07 outlet=3.144e-07
LBFGS 58300 | total=2.397e-04 f=2.045e-04 ic=5.839e-06 wall=4.832e-06 inlet=9.835e-07 outlet=3.099e-07
LBFGS 58400 | total=2.391e-04 f=2.039e-04 ic=5.817e-06 wall=4.839e-06 inlet=9.740e-07 outlet=3.347e-07
LBFGS 58500 | total=2.384e-04 f=2.034e-04 ic=5.815e-06 wall=4.798e-06 inlet=9.693e-07 outlet=3.371e-07
Saved PyTorch checkpoint to results/unsteady/checkpoints/latest_lbfgs.pt
LBFGS 58600 | total=2.377e-04 f=2.029e-04 ic=5.804e-06 wall=4.752e-06 inlet=9.802e-07 outlet=3.464e-07
LBFGS 58700 | total=2.369e-04 f=2.021e-04 ic=5.803e-06 wall=4.753e-06 inlet=9.811e-07 outlet=3.611e-07
LBFGS 58800 | total=2.362e-04 f=2.015e-04 ic=5.787e-06 wall=4.739e-06 inlet=9.802e-07 outlet=3.554e-07
LBFGS 58900 | total=2.355e-04 f=2.008e-04 ic=5.794e-06 wall=4.719e-06 inlet=9.827e-07 outlet=3.583e-07
LBFGS 59000 | total=2.347e-04 f=2.001e-04 ic=5.845e-06 wall=4.705e-06 inlet=9.715e-07 outlet=3.489e-07
Saved PyTorch checkpoint to results/unsteady/checkpoints/latest_lbfgs.pt
LBFGS 59100 | total=2.340e-04 f=1.995e-04 ic=5.815e-06 wall=4.681e-06 inlet=9.854e-07 outlet=3.401e-07
LBFGS 59200 | total=2.333e-04 f=1.990e-04 ic=5.796e-06 wall=4.649e-06 inlet=9.934e-07 outlet=3.465e-07
LBFGS 59300 | total=2.328e-04 f=1.984e-04 ic=5.771e-06 wall=4.653e-06 inlet=9.943e-07 outlet=3.489e-07
LBFGS 59400 | total=2.321e-04 f=1.979e-04 ic=5.733e-06 wall=4.636e-06 inlet=9.924e-07 outlet=3.522e-07
LBFGS 59500 | total=2.315e-04 f=1.973e-04 ic=5.756e-06 wall=4.644e-06 inlet=9.744e-07 outlet=3.604e-07
Saved PyTorch checkpoint to results/unsteady/checkpoints/latest_lbfgs.pt
LBFGS 59600 | total=2.308e-04 f=1.967e-04 ic=5.723e-06 wall=4.640e-06 inlet=9.680e-07 outlet=3.662e-07
LBFGS 59700 | total=2.301e-04 f=1.962e-04 ic=5.658e-06 wall=4.622e-06 inlet=9.687e-07 outlet=3.714e-07
LBFGS 59800 | total=2.295e-04 f=1.955e-04 ic=5.613e-06 wall=4.630e-06 inlet=9.645e-07 outlet=3.673e-07
LBFGS 59900 | total=2.287e-04 f=1.949e-04 ic=5.557e-06 wall=4.619e-06 inlet=9.566e-07 outlet=3.680e-07
LBFGS 60000 | total=2.281e-04 f=1.944e-04 ic=5.515e-06 wall=4.606e-06 inlet=9.437e-07 outlet=3.807e-07
Saved PyTorch checkpoint to results/unsteady/checkpoints/latest_lbfgs.pt
LBFGS 60100 | total=2.274e-04 f=1.940e-04 ic=5.449e-06 wall=4.568e-06 inlet=9.605e-07 outlet=3.835e-07
LBFGS 60200 | total=2.268e-04 f=1.934e-04 ic=5.430e-06 wall=4.558e-06 inlet=9.496e-07 outlet=3.914e-07
LBFGS 60300 | total=2.262e-04 f=1.930e-04 ic=5.415e-06 wall=4.536e-06 inlet=9.408e-07 outlet=4.016e-07
LBFGS 60400 | total=2.256e-04 f=1.925e-04 ic=5.452e-06 wall=4.523e-06 inlet=9.280e-07 outlet=4.089e-07
LBFGS 60500 | total=2.249e-04 f=1.919e-04 ic=5.380e-06 wall=4.516e-06 inlet=9.281e-07 outlet=4.084e-07
Saved PyTorch checkpoint to results/unsteady/checkpoints/latest_lbfgs.pt
LBFGS 60600 | total=2.242e-04 f=1.913e-04 ic=5.369e-06 wall=4.508e-06 inlet=9.137e-07 outlet=4.204e-07
LBFGS 60700 | total=2.236e-04 f=1.908e-04 ic=5.334e-06 wall=4.498e-06 inlet=9.179e-07 outlet=4.143e-07
LBFGS 60800 | total=2.231e-04 f=1.903e-04 ic=5.325e-06 wall=4.507e-06 inlet=9.113e-07 outlet=4.193e-07
LBFGS 60900 | total=2.226e-04 f=1.897e-04 ic=5.321e-06 wall=4.511e-06 inlet=9.091e-07 outlet=4.189e-07
LBFGS 61000 | total=2.220e-04 f=1.892e-04 ic=5.281e-06 wall=4.506e-06 inlet=9.077e-07 outlet=4.246e-07
Saved PyTorch checkpoint to results/unsteady/checkpoints/latest_lbfgs.pt
LBFGS 61100 | total=2.213e-04 f=1.885e-04 ic=5.292e-06 wall=4.503e-06 inlet=9.065e-07 outlet=4.282e-07
LBFGS 61200 | total=2.207e-04 f=1.881e-04 ic=5.237e-06 wall=4.485e-06 inlet=9.074e-07 outlet=4.300e-07
LBFGS 61300 | total=2.202e-04 f=1.875e-04 ic=5.237e-06 wall=4.481e-06 inlet=9.059e-07 outlet=4.470e-07
LBFGS 61400 | total=2.196e-04 f=1.871e-04 ic=5.205e-06 wall=4.451e-06 inlet=9.160e-07 outlet=4.613e-07
LBFGS 61500 | total=2.189e-04 f=1.867e-04 ic=5.141e-06 wall=4.422e-06 inlet=9.088e-07 outlet=4.841e-07
Saved PyTorch checkpoint to results/unsteady/checkpoints/latest_lbfgs.pt
LBFGS 61600 | total=2.183e-04 f=1.862e-04 ic=5.142e-06 wall=4.398e-06 inlet=9.104e-07 outlet=4.914e-07
LBFGS 61700 | total=2.178e-04 f=1.857e-04 ic=5.148e-06 wall=4.391e-06 inlet=9.048e-07 outlet=4.933e-07
LBFGS 61800 | total=2.173e-04 f=1.853e-04 ic=5.098e-06 wall=4.366e-06 inlet=9.141e-07 outlet=4.868e-07
LBFGS 61900 | total=2.167e-04 f=1.848e-04 ic=5.097e-06 wall=4.323e-06 inlet=9.237e-07 outlet=4.811e-07
LBFGS 62000 | total=2.160e-04 f=1.844e-04 ic=5.141e-06 wall=4.297e-06 inlet=9.120e-07 outlet=4.757e-07
Saved PyTorch checkpoint to results/unsteady/checkpoints/latest_lbfgs.pt
LBFGS 62100 | total=2.155e-04 f=1.839e-04 ic=5.142e-06 wall=4.287e-06 inlet=9.066e-07 outlet=4.750e-07
LBFGS 62200 | total=2.149e-04 f=1.834e-04 ic=5.096e-06 wall=4.271e-06 inlet=9.103e-07 outlet=4.709e-07
LBFGS 62300 | total=2.143e-04 f=1.828e-04 ic=5.058e-06 wall=4.265e-06 inlet=9.205e-07 outlet=4.811e-07
LBFGS 62400 | total=2.136e-04 f=1.821e-04 ic=5.065e-06 wall=4.257e-06 inlet=9.346e-07 outlet=4.927e-07
LBFGS 62500 | total=2.131e-04 f=1.816e-04 ic=5.066e-06 wall=4.263e-06 inlet=9.186e-07 outlet=5.060e-07
Saved PyTorch checkpoint to results/unsteady/checkpoints/latest_lbfgs.pt
LBFGS 62600 | total=2.125e-04 f=1.812e-04 ic=5.018e-06 wall=4.255e-06 inlet=9.045e-07 outlet=4.963e-07
LBFGS 62700 | total=2.119e-04 f=1.806e-04 ic=4.965e-06 wall=4.253e-06 inlet=9.114e-07 outlet=5.140e-07
LBFGS 62800 | total=2.114e-04 f=1.802e-04 ic=4.960e-06 wall=4.249e-06 inlet=9.099e-07 outlet=4.940e-07
LBFGS 62900 | total=2.109e-04 f=1.797e-04 ic=4.972e-06 wall=4.235e-06 inlet=9.196e-07 outlet=4.869e-07
LBFGS 63000 | total=2.105e-04 f=1.794e-04 ic=4.972e-06 wall=4.212e-06 inlet=9.219e-07 outlet=4.882e-07
Saved PyTorch checkpoint to results/unsteady/checkpoints/latest_lbfgs.pt
LBFGS 63100 | total=2.100e-04 f=1.790e-04 ic=4.933e-06 wall=4.203e-06 inlet=9.190e-07 outlet=4.825e-07
LBFGS 63200 | total=2.094e-04 f=1.785e-04 ic=4.900e-06 wall=4.186e-06 inlet=9.239e-07 outlet=4.912e-07
LBFGS 63300 | total=2.089e-04 f=1.781e-04 ic=4.861e-06 wall=4.170e-06 inlet=9.266e-07 outlet=4.977e-07
LBFGS 63400 | total=2.083e-04 f=1.776e-04 ic=4.888e-06 wall=4.135e-06 inlet=9.278e-07 outlet=4.988e-07
LBFGS 63500 | total=2.078e-04 f=1.772e-04 ic=4.854e-06 wall=4.120e-06 inlet=9.291e-07 outlet=4.987e-07
Saved PyTorch checkpoint to results/unsteady/checkpoints/latest_lbfgs.pt
LBFGS 63600 | total=2.073e-04 f=1.768e-04 ic=4.854e-06 wall=4.107e-06 inlet=9.243e-07 outlet=4.956e-07
LBFGS 63700 | total=2.067e-04 f=1.763e-04 ic=4.783e-06 wall=4.099e-06 inlet=9.336e-07 outlet=4.849e-07
LBFGS 63800 | total=2.062e-04 f=1.759e-04 ic=4.753e-06 wall=4.061e-06 inlet=9.363e-07 outlet=4.730e-07
LBFGS 63900 | total=2.056e-04 f=1.755e-04 ic=4.752e-06 wall=4.054e-06 inlet=9.307e-07 outlet=4.808e-07
LBFGS 64000 | total=2.051e-04 f=1.750e-04 ic=4.711e-06 wall=4.055e-06 inlet=9.283e-07 outlet=4.968e-07
Saved PyTorch checkpoint to results/unsteady/checkpoints/latest_lbfgs.pt
LBFGS 64100 | total=2.046e-04 f=1.745e-04 ic=4.715e-06 wall=4.051e-06 inlet=9.235e-07 outlet=4.842e-07
LBFGS 64200 | total=2.040e-04 f=1.739e-04 ic=4.692e-06 wall=4.048e-06 inlet=9.294e-07 outlet=4.717e-07
LBFGS 64300 | total=2.035e-04 f=1.735e-04 ic=4.656e-06 wall=4.052e-06 inlet=9.210e-07 outlet=4.581e-07
LBFGS 64400 | total=2.030e-04 f=1.730e-04 ic=4.632e-06 wall=4.047e-06 inlet=9.280e-07 outlet=4.565e-07
LBFGS 64500 | total=2.025e-04 f=1.725e-04 ic=4.654e-06 wall=4.032e-06 inlet=9.387e-07 outlet=4.457e-07
Saved PyTorch checkpoint to results/unsteady/checkpoints/latest_lbfgs.pt
LBFGS 64600 | total=2.021e-04 f=1.721e-04 ic=4.629e-06 wall=4.036e-06 inlet=9.405e-07 outlet=4.418e-07
LBFGS 64700 | total=2.016e-04 f=1.716e-04 ic=4.596e-06 wall=4.054e-06 inlet=9.292e-07 outlet=4.415e-07
LBFGS 64800 | total=2.011e-04 f=1.712e-04 ic=4.638e-06 wall=4.037e-06 inlet=9.251e-07 outlet=4.368e-07
LBFGS 64900 | total=2.005e-04 f=1.707e-04 ic=4.631e-06 wall=4.033e-06 inlet=9.133e-07 outlet=4.249e-07
LBFGS 65000 | total=2.001e-04 f=1.704e-04 ic=4.632e-06 wall=4.013e-06 inlet=9.155e-07 outlet=4.340e-07
Saved PyTorch checkpoint to results/unsteady/checkpoints/latest_lbfgs.pt
LBFGS 65100 | total=1.996e-04 f=1.700e-04 ic=4.567e-06 wall=3.999e-06 inlet=9.135e-07 outlet=4.275e-07
LBFGS 65200 | total=1.992e-04 f=1.697e-04 ic=4.575e-06 wall=3.985e-06 inlet=9.144e-07 outlet=4.182e-07
LBFGS 65300 | total=1.987e-04 f=1.692e-04 ic=4.546e-06 wall=3.992e-06 inlet=9.109e-07 outlet=4.148e-07
LBFGS 65400 | total=1.982e-04 f=1.688e-04 ic=4.567e-06 wall=3.970e-06 inlet=9.167e-07 outlet=4.116e-07
LBFGS 65500 | total=1.977e-04 f=1.684e-04 ic=4.547e-06 wall=3.960e-06 inlet=9.069e-07 outlet=4.148e-07
Saved PyTorch checkpoint to results/unsteady/checkpoints/latest_lbfgs.pt
LBFGS 65600 | total=1.971e-04 f=1.680e-04 ic=4.539e-06 wall=3.927e-06 inlet=9.180e-07 outlet=4.109e-07
LBFGS 65700 | total=1.966e-04 f=1.676e-04 ic=4.518e-06 wall=3.916e-06 inlet=9.028e-07 outlet=4.165e-07
LBFGS 65800 | total=1.962e-04 f=1.672e-04 ic=4.480e-06 wall=3.901e-06 inlet=9.027e-07 outlet=4.183e-07
LBFGS 65900 | total=1.957e-04 f=1.669e-04 ic=4.452e-06 wall=3.901e-06 inlet=8.929e-07 outlet=4.174e-07
LBFGS 66000 | total=1.952e-04 f=1.665e-04 ic=4.416e-06 wall=3.889e-06 inlet=8.965e-07 outlet=4.136e-07
Saved PyTorch checkpoint to results/unsteady/checkpoints/latest_lbfgs.pt
LBFGS 66100 | total=1.948e-04 f=1.661e-04 ic=4.419e-06 wall=3.890e-06 inlet=8.852e-07 outlet=4.155e-07
LBFGS 66200 | total=1.943e-04 f=1.657e-04 ic=4.400e-06 wall=3.890e-06 inlet=8.667e-07 outlet=4.119e-07
LBFGS 66300 | total=1.938e-04 f=1.653e-04 ic=4.371e-06 wall=3.881e-06 inlet=8.673e-07 outlet=4.194e-07
LBFGS 66400 | total=1.933e-04 f=1.649e-04 ic=4.337e-06 wall=3.868e-06 inlet=8.668e-07 outlet=4.162e-07
LBFGS 66500 | total=1.928e-04 f=1.644e-04 ic=4.331e-06 wall=3.866e-06 inlet=8.684e-07 outlet=4.155e-07
Saved PyTorch checkpoint to results/unsteady/checkpoints/latest_lbfgs.pt
LBFGS 66600 | total=1.923e-04 f=1.640e-04 ic=4.289e-06 wall=3.866e-06 inlet=8.629e-07 outlet=4.198e-07
LBFGS 66700 | total=1.919e-04 f=1.636e-04 ic=4.288e-06 wall=3.865e-06 inlet=8.531e-07 outlet=4.169e-07
LBFGS 66800 | total=1.915e-04 f=1.633e-04 ic=4.283e-06 wall=3.852e-06 inlet=8.488e-07 outlet=4.130e-07
LBFGS 66900 | total=1.910e-04 f=1.629e-04 ic=4.239e-06 wall=3.839e-06 inlet=8.518e-07 outlet=4.068e-07
LBFGS 67000 | total=1.906e-04 f=1.625e-04 ic=4.204e-06 wall=3.831e-06 inlet=8.538e-07 outlet=4.046e-07
Saved PyTorch checkpoint to results/unsteady/checkpoints/latest_lbfgs.pt
LBFGS 67100 | total=1.902e-04 f=1.621e-04 ic=4.196e-06 wall=3.819e-06 inlet=8.622e-07 outlet=4.121e-07
LBFGS 67200 | total=1.898e-04 f=1.619e-04 ic=4.175e-06 wall=3.807e-06 inlet=8.591e-07 outlet=3.992e-07
LBFGS 67300 | total=1.894e-04 f=1.616e-04 ic=4.198e-06 wall=3.788e-06 inlet=8.575e-07 outlet=3.931e-07
LBFGS 67400 | total=1.890e-04 f=1.612e-04 ic=4.201e-06 wall=3.775e-06 inlet=8.576e-07 outlet=3.956e-07
LBFGS 67500 | total=1.886e-04 f=1.609e-04 ic=4.196e-06 wall=3.771e-06 inlet=8.452e-07 outlet=3.981e-07
Saved PyTorch checkpoint to results/unsteady/checkpoints/latest_lbfgs.pt
LBFGS 67600 | total=1.882e-04 f=1.606e-04 ic=4.176e-06 wall=3.757e-06 inlet=8.450e-07 outlet=4.011e-07
LBFGS 67700 | total=1.878e-04 f=1.603e-04 ic=4.167e-06 wall=3.742e-06 inlet=8.403e-07 outlet=3.983e-07
LBFGS 67800 | total=1.874e-04 f=1.599e-04 ic=4.114e-06 wall=3.750e-06 inlet=8.375e-07 outlet=3.905e-07
LBFGS 67900 | total=1.870e-04 f=1.596e-04 ic=4.119e-06 wall=3.737e-06 inlet=8.405e-07 outlet=3.926e-07
LBFGS 68000 | total=1.866e-04 f=1.593e-04 ic=4.109e-06 wall=3.718e-06 inlet=8.440e-07 outlet=3.889e-07
Saved PyTorch checkpoint to results/unsteady/checkpoints/latest_lbfgs.pt
LBFGS 68100 | total=1.862e-04 f=1.589e-04 ic=4.108e-06 wall=3.715e-06 inlet=8.421e-07 outlet=3.976e-07
LBFGS 68200 | total=1.858e-04 f=1.585e-04 ic=4.099e-06 wall=3.701e-06 inlet=8.448e-07 outlet=4.072e-07
LBFGS 68300 | total=1.853e-04 f=1.581e-04 ic=4.101e-06 wall=3.698e-06 inlet=8.416e-07 outlet=4.061e-07
LBFGS 68400 | total=1.849e-04 f=1.577e-04 ic=4.086e-06 wall=3.683e-06 inlet=8.451e-07 outlet=4.025e-07
LBFGS 68500 | total=1.844e-04 f=1.574e-04 ic=4.049e-06 wall=3.676e-06 inlet=8.366e-07 outlet=4.105e-07
Saved PyTorch checkpoint to results/unsteady/checkpoints/latest_lbfgs.pt
LBFGS 68600 | total=1.840e-04 f=1.570e-04 ic=4.045e-06 wall=3.668e-06 inlet=8.324e-07 outlet=4.040e-07
LBFGS 68700 | total=1.835e-04 f=1.566e-04 ic=4.029e-06 wall=3.663e-06 inlet=8.372e-07 outlet=4.008e-07
LBFGS 68800 | total=1.831e-04 f=1.562e-04 ic=4.017e-06 wall=3.664e-06 inlet=8.289e-07 outlet=3.810e-07
LBFGS 68900 | total=1.827e-04 f=1.559e-04 ic=4.004e-06 wall=3.664e-06 inlet=8.223e-07 outlet=3.787e-07
LBFGS 69000 | total=1.824e-04 f=1.557e-04 ic=3.957e-06 wall=3.662e-06 inlet=8.147e-07 outlet=3.707e-07
Saved PyTorch checkpoint to results/unsteady/checkpoints/latest_lbfgs.pt
LBFGS 69100 | total=1.820e-04 f=1.554e-04 ic=3.935e-06 wall=3.656e-06 inlet=8.075e-07 outlet=3.705e-07
LBFGS 69200 | total=1.816e-04 f=1.550e-04 ic=3.939e-06 wall=3.653e-06 inlet=7.958e-07 outlet=3.682e-07
LBFGS 69300 | total=1.812e-04 f=1.548e-04 ic=3.928e-06 wall=3.646e-06 inlet=7.897e-07 outlet=3.660e-07
LBFGS 69400 | total=1.809e-04 f=1.543e-04 ic=3.969e-06 wall=3.653e-06 inlet=7.868e-07 outlet=3.642e-07
LBFGS 69500 | total=1.805e-04 f=1.540e-04 ic=3.981e-06 wall=3.644e-06 inlet=7.950e-07 outlet=3.604e-07
Saved PyTorch checkpoint to results/unsteady/checkpoints/latest_lbfgs.pt
LBFGS 69600 | total=1.801e-04 f=1.536e-04 ic=3.967e-06 wall=3.638e-06 inlet=7.956e-07 outlet=3.530e-07
LBFGS 69700 | total=1.797e-04 f=1.533e-04 ic=3.956e-06 wall=3.634e-06 inlet=7.970e-07 outlet=3.506e-07
LBFGS 69800 | total=1.794e-04 f=1.530e-04 ic=3.960e-06 wall=3.616e-06 inlet=8.058e-07 outlet=3.429e-07
LBFGS 69900 | total=1.790e-04 f=1.526e-04 ic=3.976e-06 wall=3.594e-06 inlet=8.085e-07 outlet=3.423e-07
LBFGS 70000 | total=1.786e-04 f=1.523e-04 ic=3.975e-06 wall=3.591e-06 inlet=8.020e-07 outlet=3.499e-07
Saved PyTorch checkpoint to results/unsteady/checkpoints/latest_lbfgs.pt
LBFGS 70100 | total=1.782e-04 f=1.520e-04 ic=3.965e-06 wall=3.588e-06 inlet=7.988e-07 outlet=3.478e-07
LBFGS 70200 | total=1.779e-04 f=1.517e-04 ic=3.932e-06 wall=3.574e-06 inlet=8.043e-07 outlet=3.453e-07
LBFGS 70300 | total=1.775e-04 f=1.513e-04 ic=3.932e-06 wall=3.580e-06 inlet=7.910e-07 outlet=3.484e-07
LBFGS 70400 | total=1.771e-04 f=1.510e-04 ic=3.907e-06 wall=3.579e-06 inlet=7.829e-07 outlet=3.505e-07
LBFGS 70500 | total=1.768e-04 f=1.508e-04 ic=3.874e-06 wall=3.574e-06 inlet=7.851e-07 outlet=3.498e-07
Saved PyTorch checkpoint to results/unsteady/checkpoints/latest_lbfgs.pt
LBFGS 70600 | total=1.764e-04 f=1.504e-04 ic=3.875e-06 wall=3.560e-06 inlet=7.927e-07 outlet=3.403e-07
LBFGS 70700 | total=1.759e-04 f=1.499e-04 ic=3.885e-06 wall=3.561e-06 inlet=7.918e-07 outlet=3.365e-07
LBFGS 70800 | total=1.755e-04 f=1.496e-04 ic=3.851e-06 wall=3.561e-06 inlet=7.950e-07 outlet=3.337e-07
LBFGS 70900 | total=1.752e-04 f=1.492e-04 ic=3.823e-06 wall=3.564e-06 inlet=7.960e-07 outlet=3.348e-07
LBFGS 71000 | total=1.748e-04 f=1.488e-04 ic=3.820e-06 wall=3.572e-06 inlet=7.852e-07 outlet=3.295e-07
Saved PyTorch checkpoint to results/unsteady/checkpoints/latest_lbfgs.pt
LBFGS 71100 | total=1.743e-04 f=1.484e-04 ic=3.833e-06 wall=3.561e-06 inlet=7.883e-07 outlet=3.284e-07
LBFGS 71200 | total=1.738e-04 f=1.479e-04 ic=3.836e-06 wall=3.558e-06 inlet=7.853e-07 outlet=3.458e-07
LBFGS 71300 | total=1.734e-04 f=1.476e-04 ic=3.813e-06 wall=3.551e-06 inlet=7.835e-07 outlet=3.405e-07
LBFGS 71400 | total=1.730e-04 f=1.473e-04 ic=3.802e-06 wall=3.547e-06 inlet=7.743e-07 outlet=3.384e-07
LBFGS 71500 | total=1.726e-04 f=1.470e-04 ic=3.782e-06 wall=3.532e-06 inlet=7.723e-07 outlet=3.406e-07
Saved PyTorch checkpoint to results/unsteady/checkpoints/latest_lbfgs.pt
LBFGS 71600 | total=1.722e-04 f=1.465e-04 ic=3.770e-06 wall=3.528e-06 inlet=7.738e-07 outlet=3.498e-07
LBFGS 71700 | total=1.718e-04 f=1.462e-04 ic=3.766e-06 wall=3.523e-06 inlet=7.723e-07 outlet=3.405e-07
LBFGS 71800 | total=1.713e-04 f=1.458e-04 ic=3.767e-06 wall=3.521e-06 inlet=7.654e-07 outlet=3.475e-07
LBFGS 71900 | total=1.708e-04 f=1.453e-04 ic=3.757e-06 wall=3.510e-06 inlet=7.685e-07 outlet=3.558e-07
LBFGS 72000 | total=1.704e-04 f=1.450e-04 ic=3.744e-06 wall=3.507e-06 inlet=7.634e-07 outlet=3.535e-07
Saved PyTorch checkpoint to results/unsteady/checkpoints/latest_lbfgs.pt
LBFGS 72100 | total=1.700e-04 f=1.446e-04 ic=3.739e-06 wall=3.492e-06 inlet=7.685e-07 outlet=3.497e-07
LBFGS 72200 | total=1.696e-04 f=1.442e-04 ic=3.700e-06 wall=3.498e-06 inlet=7.643e-07 outlet=3.491e-07
LBFGS 72300 | total=1.691e-04 f=1.438e-04 ic=3.711e-06 wall=3.484e-06 inlet=7.563e-07 outlet=3.439e-07
LBFGS 72400 | total=1.686e-04 f=1.434e-04 ic=3.713e-06 wall=3.467e-06 inlet=7.605e-07 outlet=3.406e-07
LBFGS 72500 | total=1.682e-04 f=1.431e-04 ic=3.724e-06 wall=3.452e-06 inlet=7.579e-07 outlet=3.474e-07
Saved PyTorch checkpoint to results/unsteady/checkpoints/latest_lbfgs.pt
LBFGS 72600 | total=1.678e-04 f=1.427e-04 ic=3.708e-06 wall=3.447e-06 inlet=7.629e-07 outlet=3.507e-07
LBFGS 72700 | total=1.673e-04 f=1.423e-04 ic=3.718e-06 wall=3.437e-06 inlet=7.574e-07 outlet=3.479e-07
LBFGS 72800 | total=1.668e-04 f=1.418e-04 ic=3.705e-06 wall=3.420e-06 inlet=7.654e-07 outlet=3.519e-07
LBFGS 72900 | total=1.664e-04 f=1.415e-04 ic=3.731e-06 wall=3.400e-06 inlet=7.621e-07 outlet=3.554e-07
LBFGS 73000 | total=1.660e-04 f=1.412e-04 ic=3.697e-06 wall=3.393e-06 inlet=7.629e-07 outlet=3.535e-07
Saved PyTorch checkpoint to results/unsteady/checkpoints/latest_lbfgs.pt
LBFGS 73100 | total=1.657e-04 f=1.408e-04 ic=3.692e-06 wall=3.394e-06 inlet=7.602e-07 outlet=3.507e-07
LBFGS 73200 | total=1.652e-04 f=1.405e-04 ic=3.706e-06 wall=3.389e-06 inlet=7.526e-07 outlet=3.451e-07
LBFGS 73300 | total=1.649e-04 f=1.401e-04 ic=3.714e-06 wall=3.382e-06 inlet=7.579e-07 outlet=3.392e-07
LBFGS 73400 | total=1.645e-04 f=1.398e-04 ic=3.728e-06 wall=3.376e-06 inlet=7.553e-07 outlet=3.320e-07
Saved PyTorch checkpoint to results/unsteady/checkpoints/latest_lbfgs.pt
--- 9653.41 seconds ---
Saved PyTorch checkpoint to results/unsteady/checkpoints/latest.pt

=== Training complete. Run bench: bash scripts/bench_unsteady.sh ===
