########## START causal_eps10 Mon Jun  1 02:27:39 UTC 2026 ##########
Using device: cuda
Experiment: causal_eps10  eps=10.0  bins=32 (duration)  lbfgs=uniform
[bins] mode=duration M=32 N=136311 per-bin count: min=4095 max=4482
[snapshot] will save at Adam iters: [2000, 5000, 10000]
Adam 1 | total=4.989e+00 f=1.708e-01 ic=6.128e-01 wall=5.611e-01 inlet=2.458e-01 outlet=1.713e-01 min_w=1.066e-24
Saved PyTorch checkpoint to results/checkpoints/causal_eps10/best.pt
Saved PyTorch checkpoint to results/checkpoints/causal_eps10/best.pt
Saved PyTorch checkpoint to results/checkpoints/causal_eps10/best.pt
Saved PyTorch checkpoint to results/checkpoints/causal_eps10/best.pt
Saved PyTorch checkpoint to results/checkpoints/causal_eps10/best.pt
Saved PyTorch checkpoint to results/checkpoints/causal_eps10/best.pt
Saved PyTorch checkpoint to results/checkpoints/causal_eps10/best.pt
Saved PyTorch checkpoint to results/checkpoints/causal_eps10/best.pt
Saved PyTorch checkpoint to results/checkpoints/causal_eps10/best.pt
Saved PyTorch checkpoint to results/checkpoints/causal_eps10/best.pt
Saved PyTorch checkpoint to results/checkpoints/causal_eps10/best.pt
Saved PyTorch checkpoint to results/checkpoints/causal_eps10/best.pt
Saved PyTorch checkpoint to results/checkpoints/causal_eps10/best.pt
Saved PyTorch checkpoint to results/checkpoints/causal_eps10/best.pt
Saved PyTorch checkpoint to results/checkpoints/causal_eps10/best.pt
Saved PyTorch checkpoint to results/checkpoints/causal_eps10/best.pt
Saved PyTorch checkpoint to results/checkpoints/causal_eps10/best.pt
Saved PyTorch checkpoint to results/checkpoints/causal_eps10/best.pt
Saved PyTorch checkpoint to results/checkpoints/causal_eps10/best.pt
Saved PyTorch checkpoint to results/checkpoints/causal_eps10/best.pt
Saved PyTorch checkpoint to results/checkpoints/causal_eps10/best.pt
Saved PyTorch checkpoint to results/checkpoints/causal_eps10/best.pt
Saved PyTorch checkpoint to results/checkpoints/causal_eps10/best.pt
Saved PyTorch checkpoint to results/checkpoints/causal_eps10/best.pt
Saved PyTorch checkpoint to results/checkpoints/causal_eps10/best.pt
Saved PyTorch checkpoint to results/checkpoints/causal_eps10/best.pt
Saved PyTorch checkpoint to results/checkpoints/causal_eps10/best.pt
Saved PyTorch checkpoint to results/checkpoints/causal_eps10/best.pt
Saved PyTorch checkpoint to results/checkpoints/causal_eps10/best.pt
Saved PyTorch checkpoint to results/checkpoints/causal_eps10/best.pt
Saved PyTorch checkpoint to results/checkpoints/causal_eps10/best.pt
Saved PyTorch checkpoint to results/checkpoints/causal_eps10/best.pt
Saved PyTorch checkpoint to results/checkpoints/causal_eps10/best.pt
Saved PyTorch checkpoint to results/checkpoints/causal_eps10/best.pt
Saved PyTorch checkpoint to results/checkpoints/causal_eps10/best.pt
Saved PyTorch checkpoint to results/checkpoints/causal_eps10/best.pt
Saved PyTorch checkpoint to results/checkpoints/causal_eps10/best.pt
Saved PyTorch checkpoint to results/checkpoints/causal_eps10/best.pt
Saved PyTorch checkpoint to results/checkpoints/causal_eps10/best.pt
Saved PyTorch checkpoint to results/checkpoints/causal_eps10/best.pt
Saved PyTorch checkpoint to results/checkpoints/causal_eps10/best.pt
Saved PyTorch checkpoint to results/checkpoints/causal_eps10/best.pt
Saved PyTorch checkpoint to results/checkpoints/causal_eps10/best.pt
Saved PyTorch checkpoint to results/checkpoints/causal_eps10/best.pt
Saved PyTorch checkpoint to results/checkpoints/causal_eps10/best.pt
Saved PyTorch checkpoint to results/checkpoints/causal_eps10/best.pt
Saved PyTorch checkpoint to results/checkpoints/causal_eps10/best.pt
Saved PyTorch checkpoint to results/checkpoints/causal_eps10/best.pt
Saved PyTorch checkpoint to results/checkpoints/causal_eps10/best.pt
Saved PyTorch checkpoint to results/checkpoints/causal_eps10/best.pt
Saved PyTorch checkpoint to results/checkpoints/causal_eps10/best.pt
Saved PyTorch checkpoint to results/checkpoints/causal_eps10/best.pt
Saved PyTorch checkpoint to results/checkpoints/causal_eps10/best.pt
Saved PyTorch checkpoint to results/checkpoints/causal_eps10/best.pt
Saved PyTorch checkpoint to results/checkpoints/causal_eps10/best.pt
Saved PyTorch checkpoint to results/checkpoints/causal_eps10/best.pt
Saved PyTorch checkpoint to results/checkpoints/causal_eps10/best.pt
Saved PyTorch checkpoint to results/checkpoints/causal_eps10/best.pt
Saved PyTorch checkpoint to results/checkpoints/causal_eps10/best.pt
Saved PyTorch checkpoint to results/checkpoints/causal_eps10/best.pt
Saved PyTorch checkpoint to results/checkpoints/causal_eps10/best.pt
Saved PyTorch checkpoint to results/checkpoints/causal_eps10/best.pt
Saved PyTorch checkpoint to results/checkpoints/causal_eps10/best.pt
Saved PyTorch checkpoint to results/checkpoints/causal_eps10/best.pt
Saved PyTorch checkpoint to results/checkpoints/causal_eps10/best.pt
Saved PyTorch checkpoint to results/checkpoints/causal_eps10/best.pt
Saved PyTorch checkpoint to results/checkpoints/causal_eps10/best.pt
Saved PyTorch checkpoint to results/checkpoints/causal_eps10/best.pt
Saved PyTorch checkpoint to results/checkpoints/causal_eps10/best.pt
Saved PyTorch checkpoint to results/checkpoints/causal_eps10/best.pt
Saved PyTorch checkpoint to results/checkpoints/causal_eps10/best.pt
Saved PyTorch checkpoint to results/checkpoints/causal_eps10/best.pt
Saved PyTorch checkpoint to results/checkpoints/causal_eps10/best.pt
Adam 100 | total=4.152e-01 f=3.929e-02 ic=6.840e-03 wall=3.103e-02 inlet=4.270e-02 outlet=4.212e-04 min_w=6.256e-01
Saved PyTorch checkpoint to results/checkpoints/causal_eps10/best.pt
Saved PyTorch checkpoint to results/checkpoints/causal_eps10/best.pt
Saved PyTorch checkpoint to results/checkpoints/causal_eps10/best.pt
Saved PyTorch checkpoint to results/checkpoints/causal_eps10/best.pt
Saved PyTorch checkpoint to results/checkpoints/causal_eps10/best.pt
Saved PyTorch checkpoint to results/checkpoints/causal_eps10/best.pt
Saved PyTorch checkpoint to results/checkpoints/causal_eps10/best.pt
Saved PyTorch checkpoint to results/checkpoints/causal_eps10/best.pt
Saved PyTorch checkpoint to results/checkpoints/causal_eps10/best.pt
Saved PyTorch checkpoint to results/checkpoints/causal_eps10/best.pt
Saved PyTorch checkpoint to results/checkpoints/causal_eps10/best.pt
Saved PyTorch checkpoint to results/checkpoints/causal_eps10/best.pt
Saved PyTorch checkpoint to results/checkpoints/causal_eps10/best.pt
Saved PyTorch checkpoint to results/checkpoints/causal_eps10/best.pt
Saved PyTorch checkpoint to results/checkpoints/causal_eps10/best.pt
Saved PyTorch checkpoint to results/checkpoints/causal_eps10/best.pt
Saved PyTorch checkpoint to results/checkpoints/causal_eps10/best.pt
Saved PyTorch checkpoint to results/checkpoints/causal_eps10/best.pt
Saved PyTorch checkpoint to results/checkpoints/causal_eps10/best.pt
Saved PyTorch checkpoint to results/checkpoints/causal_eps10/best.pt
Saved PyTorch checkpoint to results/checkpoints/causal_eps10/best.pt
Saved PyTorch checkpoint to results/checkpoints/causal_eps10/best.pt
Saved PyTorch checkpoint to results/checkpoints/causal_eps10/best.pt
Saved PyTorch checkpoint to results/checkpoints/causal_eps10/best.pt
Saved PyTorch checkpoint to results/checkpoints/causal_eps10/best.pt
Saved PyTorch checkpoint to results/checkpoints/causal_eps10/best.pt
Saved PyTorch checkpoint to results/checkpoints/causal_eps10/best.pt
Saved PyTorch checkpoint to results/checkpoints/causal_eps10/best.pt
Saved PyTorch checkpoint to results/checkpoints/causal_eps10/best.pt
Saved PyTorch checkpoint to results/checkpoints/causal_eps10/best.pt
Saved PyTorch checkpoint to results/checkpoints/causal_eps10/best.pt
Saved PyTorch checkpoint to results/checkpoints/causal_eps10/best.pt
Saved PyTorch checkpoint to results/checkpoints/causal_eps10/best.pt
Saved PyTorch checkpoint to results/checkpoints/causal_eps10/best.pt
Saved PyTorch checkpoint to results/checkpoints/causal_eps10/best.pt
Saved PyTorch checkpoint to results/checkpoints/causal_eps10/best.pt
Saved PyTorch checkpoint to results/checkpoints/causal_eps10/best.pt
Saved PyTorch checkpoint to results/checkpoints/causal_eps10/best.pt
Saved PyTorch checkpoint to results/checkpoints/causal_eps10/best.pt
Saved PyTorch checkpoint to results/checkpoints/causal_eps10/best.pt
Saved PyTorch checkpoint to results/checkpoints/causal_eps10/best.pt
Saved PyTorch checkpoint to results/checkpoints/causal_eps10/best.pt
Saved PyTorch checkpoint to results/checkpoints/causal_eps10/best.pt
Saved PyTorch checkpoint to results/checkpoints/causal_eps10/best.pt
Saved PyTorch checkpoint to results/checkpoints/causal_eps10/best.pt
Saved PyTorch checkpoint to results/checkpoints/causal_eps10/best.pt
Saved PyTorch checkpoint to results/checkpoints/causal_eps10/best.pt
Saved PyTorch checkpoint to results/checkpoints/causal_eps10/best.pt
Saved PyTorch checkpoint to results/checkpoints/causal_eps10/best.pt
Saved PyTorch checkpoint to results/checkpoints/causal_eps10/best.pt
Saved PyTorch checkpoint to results/checkpoints/causal_eps10/best.pt
Saved PyTorch checkpoint to results/checkpoints/causal_eps10/best.pt
Saved PyTorch checkpoint to results/checkpoints/causal_eps10/best.pt
Saved PyTorch checkpoint to results/checkpoints/causal_eps10/best.pt
Saved PyTorch checkpoint to results/checkpoints/causal_eps10/best.pt
Saved PyTorch checkpoint to results/checkpoints/causal_eps10/best.pt
Saved PyTorch checkpoint to results/checkpoints/causal_eps10/best.pt
Saved PyTorch checkpoint to results/checkpoints/causal_eps10/best.pt
Saved PyTorch checkpoint to results/checkpoints/causal_eps10/best.pt
Saved PyTorch checkpoint to results/checkpoints/causal_eps10/best.pt
Saved PyTorch checkpoint to results/checkpoints/causal_eps10/best.pt
Saved PyTorch checkpoint to results/checkpoints/causal_eps10/best.pt
Saved PyTorch checkpoint to results/checkpoints/causal_eps10/best.pt
Saved PyTorch checkpoint to results/checkpoints/causal_eps10/best.pt
Saved PyTorch checkpoint to results/checkpoints/causal_eps10/best.pt
Saved PyTorch checkpoint to results/checkpoints/causal_eps10/best.pt
Saved PyTorch checkpoint to results/checkpoints/causal_eps10/best.pt
Saved PyTorch checkpoint to results/checkpoints/causal_eps10/best.pt
Saved PyTorch checkpoint to results/checkpoints/causal_eps10/best.pt
Saved PyTorch checkpoint to results/checkpoints/causal_eps10/best.pt
Saved PyTorch checkpoint to results/checkpoints/causal_eps10/best.pt
Saved PyTorch checkpoint to results/checkpoints/causal_eps10/best.pt
Saved PyTorch checkpoint to results/checkpoints/causal_eps10/best.pt
Saved PyTorch checkpoint to results/checkpoints/causal_eps10/best.pt
Saved PyTorch checkpoint to results/checkpoints/causal_eps10/best.pt
Saved PyTorch checkpoint to results/checkpoints/causal_eps10/best.pt
Saved PyTorch checkpoint to results/checkpoints/causal_eps10/best.pt
Saved PyTorch checkpoint to results/checkpoints/causal_eps10/best.pt
Saved PyTorch checkpoint to results/checkpoints/causal_eps10/best.pt
Saved PyTorch checkpoint to results/checkpoints/causal_eps10/best.pt
Saved PyTorch checkpoint to results/checkpoints/causal_eps10/best.pt
Saved PyTorch checkpoint to results/checkpoints/causal_eps10/best.pt
Saved PyTorch checkpoint to results/checkpoints/causal_eps10/best.pt
Saved PyTorch checkpoint to results/checkpoints/causal_eps10/best.pt
Saved PyTorch checkpoint to results/checkpoints/causal_eps10/best.pt
Saved PyTorch checkpoint to results/checkpoints/causal_eps10/best.pt
Saved PyTorch checkpoint to results/checkpoints/causal_eps10/best.pt
Saved PyTorch checkpoint to results/checkpoints/causal_eps10/best.pt
Saved PyTorch checkpoint to results/checkpoints/causal_eps10/best.pt
Saved PyTorch checkpoint to results/checkpoints/causal_eps10/best.pt
Saved PyTorch checkpoint to results/checkpoints/causal_eps10/best.pt
Saved PyTorch checkpoint to results/checkpoints/causal_eps10/best.pt
Saved PyTorch checkpoint to results/checkpoints/causal_eps10/best.pt
Saved PyTorch checkpoint to results/checkpoints/causal_eps10/best.pt
Saved PyTorch checkpoint to results/checkpoints/causal_eps10/best.pt
Saved PyTorch checkpoint to results/checkpoints/causal_eps10/best.pt
Saved PyTorch checkpoint to results/checkpoints/causal_eps10/best.pt
Saved PyTorch checkpoint to results/checkpoints/causal_eps10/best.pt
Saved PyTorch checkpoint to results/checkpoints/causal_eps10/best.pt
Saved PyTorch checkpoint to results/checkpoints/causal_eps10/best.pt
Adam 200 | total=3.647e-01 f=2.346e-02 ic=3.821e-03 wall=3.071e-02 inlet=3.675e-02 outlet=1.113e-04 min_w=7.765e-01
Saved PyTorch checkpoint to results/checkpoints/causal_eps10/best.pt
Saved PyTorch checkpoint to results/checkpoints/causal_eps10/best.pt
Saved PyTorch checkpoint to results/checkpoints/causal_eps10/best.pt
Saved PyTorch checkpoint to results/checkpoints/causal_eps10/best.pt
Saved PyTorch checkpoint to results/checkpoints/causal_eps10/best.pt
Saved PyTorch checkpoint to results/checkpoints/causal_eps10/best.pt
Saved PyTorch checkpoint to results/checkpoints/causal_eps10/best.pt
Saved PyTorch checkpoint to results/checkpoints/causal_eps10/best.pt
Saved PyTorch checkpoint to results/checkpoints/causal_eps10/best.pt
Saved PyTorch checkpoint to results/checkpoints/causal_eps10/best.pt
Saved PyTorch checkpoint to results/checkpoints/causal_eps10/best.pt
Saved PyTorch checkpoint to results/checkpoints/causal_eps10/best.pt
Saved PyTorch checkpoint to results/checkpoints/causal_eps10/best.pt
Saved PyTorch checkpoint to results/checkpoints/causal_eps10/best.pt
Saved PyTorch checkpoint to results/checkpoints/causal_eps10/best.pt
Saved PyTorch checkpoint to results/checkpoints/causal_eps10/best.pt
Saved PyTorch checkpoint to results/checkpoints/causal_eps10/best.pt
Saved PyTorch checkpoint to results/checkpoints/causal_eps10/best.pt
Saved PyTorch checkpoint to results/checkpoints/causal_eps10/best.pt
Saved PyTorch checkpoint to results/checkpoints/causal_eps10/best.pt
Saved PyTorch checkpoint to results/checkpoints/causal_eps10/best.pt
Saved PyTorch checkpoint to results/checkpoints/causal_eps10/best.pt
Saved PyTorch checkpoint to results/checkpoints/causal_eps10/best.pt
Saved PyTorch checkpoint to results/checkpoints/causal_eps10/best.pt
Saved PyTorch checkpoint to results/checkpoints/causal_eps10/best.pt
Saved PyTorch checkpoint to results/checkpoints/causal_eps10/best.pt
Saved PyTorch checkpoint to results/checkpoints/causal_eps10/best.pt
Saved PyTorch checkpoint to results/checkpoints/causal_eps10/best.pt
Saved PyTorch checkpoint to results/checkpoints/causal_eps10/best.pt
Saved PyTorch checkpoint to results/checkpoints/causal_eps10/best.pt
Saved PyTorch checkpoint to results/checkpoints/causal_eps10/best.pt
Saved PyTorch checkpoint to results/checkpoints/causal_eps10/best.pt
Saved PyTorch checkpoint to results/checkpoints/causal_eps10/best.pt
Saved PyTorch checkpoint to results/checkpoints/causal_eps10/best.pt
Saved PyTorch checkpoint to results/checkpoints/causal_eps10/best.pt
Saved PyTorch checkpoint to results/checkpoints/causal_eps10/best.pt
Saved PyTorch checkpoint to results/checkpoints/causal_eps10/best.pt
Saved PyTorch checkpoint to results/checkpoints/causal_eps10/best.pt
Saved PyTorch checkpoint to results/checkpoints/causal_eps10/best.pt
Saved PyTorch checkpoint to results/checkpoints/causal_eps10/best.pt
Saved PyTorch checkpoint to results/checkpoints/causal_eps10/best.pt
Saved PyTorch checkpoint to results/checkpoints/causal_eps10/best.pt
Saved PyTorch checkpoint to results/checkpoints/causal_eps10/best.pt
Saved PyTorch checkpoint to results/checkpoints/causal_eps10/best.pt
Saved PyTorch checkpoint to results/checkpoints/causal_eps10/best.pt
Saved PyTorch checkpoint to results/checkpoints/causal_eps10/best.pt
Saved PyTorch checkpoint to results/checkpoints/causal_eps10/best.pt
Saved PyTorch checkpoint to results/checkpoints/causal_eps10/best.pt
Saved PyTorch checkpoint to results/checkpoints/causal_eps10/best.pt
Saved PyTorch checkpoint to results/checkpoints/causal_eps10/best.pt
Saved PyTorch checkpoint to results/checkpoints/causal_eps10/best.pt
Saved PyTorch checkpoint to results/checkpoints/causal_eps10/best.pt
Saved PyTorch checkpoint to results/checkpoints/causal_eps10/best.pt
Saved PyTorch checkpoint to results/checkpoints/causal_eps10/best.pt
Saved PyTorch checkpoint to results/checkpoints/causal_eps10/best.pt
Saved PyTorch checkpoint to results/checkpoints/causal_eps10/best.pt
Saved PyTorch checkpoint to results/checkpoints/causal_eps10/best.pt
Saved PyTorch checkpoint to results/checkpoints/causal_eps10/best.pt
Saved PyTorch checkpoint to results/checkpoints/causal_eps10/best.pt
Saved PyTorch checkpoint to results/checkpoints/causal_eps10/best.pt
Saved PyTorch checkpoint to results/checkpoints/causal_eps10/best.pt
Saved PyTorch checkpoint to results/checkpoints/causal_eps10/best.pt
Saved PyTorch checkpoint to results/checkpoints/causal_eps10/best.pt
Saved PyTorch checkpoint to results/checkpoints/causal_eps10/best.pt
Saved PyTorch checkpoint to results/checkpoints/causal_eps10/best.pt
Saved PyTorch checkpoint to results/checkpoints/causal_eps10/best.pt
Saved PyTorch checkpoint to results/checkpoints/causal_eps10/best.pt
Saved PyTorch checkpoint to results/checkpoints/causal_eps10/best.pt
Saved PyTorch checkpoint to results/checkpoints/causal_eps10/best.pt
Saved PyTorch checkpoint to results/checkpoints/causal_eps10/best.pt
Saved PyTorch checkpoint to results/checkpoints/causal_eps10/best.pt
Saved PyTorch checkpoint to results/checkpoints/causal_eps10/best.pt
Saved PyTorch checkpoint to results/checkpoints/causal_eps10/best.pt
Saved PyTorch checkpoint to results/checkpoints/causal_eps10/best.pt
Saved PyTorch checkpoint to results/checkpoints/causal_eps10/best.pt
Saved PyTorch checkpoint to results/checkpoints/causal_eps10/best.pt
Saved PyTorch checkpoint to results/checkpoints/causal_eps10/best.pt
Saved PyTorch checkpoint to results/checkpoints/causal_eps10/best.pt
Saved PyTorch checkpoint to results/checkpoints/causal_eps10/best.pt
Saved PyTorch checkpoint to results/checkpoints/causal_eps10/best.pt
Saved PyTorch checkpoint to results/checkpoints/causal_eps10/best.pt
Saved PyTorch checkpoint to results/checkpoints/causal_eps10/best.pt
Saved PyTorch checkpoint to results/checkpoints/causal_eps10/best.pt
Saved PyTorch checkpoint to results/checkpoints/causal_eps10/best.pt
Saved PyTorch checkpoint to results/checkpoints/causal_eps10/best.pt
Saved PyTorch checkpoint to results/checkpoints/causal_eps10/best.pt
Saved PyTorch checkpoint to results/checkpoints/causal_eps10/best.pt
Saved PyTorch checkpoint to results/checkpoints/causal_eps10/best.pt
Saved PyTorch checkpoint to results/checkpoints/causal_eps10/best.pt
Saved PyTorch checkpoint to results/checkpoints/causal_eps10/best.pt
Saved PyTorch checkpoint to results/checkpoints/causal_eps10/best.pt
Saved PyTorch checkpoint to results/checkpoints/causal_eps10/best.pt
Saved PyTorch checkpoint to results/checkpoints/causal_eps10/best.pt
Saved PyTorch checkpoint to results/checkpoints/causal_eps10/best.pt
Saved PyTorch checkpoint to results/checkpoints/causal_eps10/best.pt
Saved PyTorch checkpoint to results/checkpoints/causal_eps10/best.pt
Saved PyTorch checkpoint to results/checkpoints/causal_eps10/best.pt
Saved PyTorch checkpoint to results/checkpoints/causal_eps10/best.pt
Saved PyTorch checkpoint to results/checkpoints/causal_eps10/best.pt
Saved PyTorch checkpoint to results/checkpoints/causal_eps10/best.pt
Adam 300 | total=3.288e-01 f=1.609e-02 ic=2.946e-03 wall=2.897e-02 inlet=3.296e-02 outlet=1.453e-04 min_w=8.490e-01
Saved PyTorch checkpoint to results/checkpoints/causal_eps10/best.pt
Saved PyTorch checkpoint to results/checkpoints/causal_eps10/best.pt
Saved PyTorch checkpoint to results/checkpoints/causal_eps10/best.pt
Saved PyTorch checkpoint to results/checkpoints/causal_eps10/best.pt
Saved PyTorch checkpoint to results/checkpoints/causal_eps10/best.pt
Saved PyTorch checkpoint to results/checkpoints/causal_eps10/best.pt
Saved PyTorch checkpoint to results/checkpoints/causal_eps10/best.pt
Saved PyTorch checkpoint to results/checkpoints/causal_eps10/best.pt
Saved PyTorch checkpoint to results/checkpoints/causal_eps10/best.pt
Saved PyTorch checkpoint to results/checkpoints/causal_eps10/best.pt
Saved PyTorch checkpoint to results/checkpoints/causal_eps10/best.pt
Saved PyTorch checkpoint to results/checkpoints/causal_eps10/best.pt
Saved PyTorch checkpoint to results/checkpoints/causal_eps10/best.pt
Saved PyTorch checkpoint to results/checkpoints/causal_eps10/best.pt
Saved PyTorch checkpoint to results/checkpoints/causal_eps10/best.pt
Saved PyTorch checkpoint to results/checkpoints/causal_eps10/best.pt
Saved PyTorch checkpoint to results/checkpoints/causal_eps10/best.pt
Saved PyTorch checkpoint to results/checkpoints/causal_eps10/best.pt
Saved PyTorch checkpoint to results/checkpoints/causal_eps10/best.pt
Saved PyTorch checkpoint to results/checkpoints/causal_eps10/best.pt
Saved PyTorch checkpoint to results/checkpoints/causal_eps10/best.pt
Saved PyTorch checkpoint to results/checkpoints/causal_eps10/best.pt
Saved PyTorch checkpoint to results/checkpoints/causal_eps10/best.pt
Saved PyTorch checkpoint to results/checkpoints/causal_eps10/best.pt
Saved PyTorch checkpoint to results/checkpoints/causal_eps10/best.pt
Saved PyTorch checkpoint to results/checkpoints/causal_eps10/best.pt
Saved PyTorch checkpoint to results/checkpoints/causal_eps10/best.pt
Saved PyTorch checkpoint to results/checkpoints/causal_eps10/best.pt
Saved PyTorch checkpoint to results/checkpoints/causal_eps10/best.pt
Saved PyTorch checkpoint to results/checkpoints/causal_eps10/best.pt
Saved PyTorch checkpoint to results/checkpoints/causal_eps10/best.pt
Saved PyTorch checkpoint to results/checkpoints/causal_eps10/best.pt
Saved PyTorch checkpoint to results/checkpoints/causal_eps10/best.pt
Saved PyTorch checkpoint to results/checkpoints/causal_eps10/best.pt
Saved PyTorch checkpoint to results/checkpoints/causal_eps10/best.pt
Saved PyTorch checkpoint to results/checkpoints/causal_eps10/best.pt
Saved PyTorch checkpoint to results/checkpoints/causal_eps10/best.pt
Saved PyTorch checkpoint to results/checkpoints/causal_eps10/best.pt
Saved PyTorch checkpoint to results/checkpoints/causal_eps10/best.pt
Saved PyTorch checkpoint to results/checkpoints/causal_eps10/best.pt
Saved PyTorch checkpoint to results/checkpoints/causal_eps10/best.pt
Saved PyTorch checkpoint to results/checkpoints/causal_eps10/best.pt
Saved PyTorch checkpoint to results/checkpoints/causal_eps10/best.pt
Saved PyTorch checkpoint to results/checkpoints/causal_eps10/best.pt
Saved PyTorch checkpoint to results/checkpoints/causal_eps10/best.pt
Saved PyTorch checkpoint to results/checkpoints/causal_eps10/best.pt
Saved PyTorch checkpoint to results/checkpoints/causal_eps10/best.pt
Saved PyTorch checkpoint to results/checkpoints/causal_eps10/best.pt
Saved PyTorch checkpoint to results/checkpoints/causal_eps10/best.pt
Saved PyTorch checkpoint to results/checkpoints/causal_eps10/best.pt
Saved PyTorch checkpoint to results/checkpoints/causal_eps10/best.pt
Saved PyTorch checkpoint to results/checkpoints/causal_eps10/best.pt
Saved PyTorch checkpoint to results/checkpoints/causal_eps10/best.pt
Saved PyTorch checkpoint to results/checkpoints/causal_eps10/best.pt
Saved PyTorch checkpoint to results/checkpoints/causal_eps10/best.pt
Saved PyTorch checkpoint to results/checkpoints/causal_eps10/best.pt
Saved PyTorch checkpoint to results/checkpoints/causal_eps10/best.pt
Saved PyTorch checkpoint to results/checkpoints/causal_eps10/best.pt
Saved PyTorch checkpoint to results/checkpoints/causal_eps10/best.pt
Saved PyTorch checkpoint to results/checkpoints/causal_eps10/best.pt
Saved PyTorch checkpoint to results/checkpoints/causal_eps10/best.pt
Saved PyTorch checkpoint to results/checkpoints/causal_eps10/best.pt
Saved PyTorch checkpoint to results/checkpoints/causal_eps10/best.pt
Saved PyTorch checkpoint to results/checkpoints/causal_eps10/best.pt
Saved PyTorch checkpoint to results/checkpoints/causal_eps10/best.pt
Saved PyTorch checkpoint to results/checkpoints/causal_eps10/best.pt
Saved PyTorch checkpoint to results/checkpoints/causal_eps10/best.pt
Saved PyTorch checkpoint to results/checkpoints/causal_eps10/best.pt
Saved PyTorch checkpoint to results/checkpoints/causal_eps10/best.pt
Saved PyTorch checkpoint to results/checkpoints/causal_eps10/best.pt
Saved PyTorch checkpoint to results/checkpoints/causal_eps10/best.pt
Saved PyTorch checkpoint to results/checkpoints/causal_eps10/best.pt
Saved PyTorch checkpoint to results/checkpoints/causal_eps10/best.pt
Saved PyTorch checkpoint to results/checkpoints/causal_eps10/best.pt
Saved PyTorch checkpoint to results/checkpoints/causal_eps10/best.pt
Saved PyTorch checkpoint to results/checkpoints/causal_eps10/best.pt
Saved PyTorch checkpoint to results/checkpoints/causal_eps10/best.pt
Saved PyTorch checkpoint to results/checkpoints/causal_eps10/best.pt
Saved PyTorch checkpoint to results/checkpoints/causal_eps10/best.pt
Saved PyTorch checkpoint to results/checkpoints/causal_eps10/best.pt
Saved PyTorch checkpoint to results/checkpoints/causal_eps10/best.pt
Saved PyTorch checkpoint to results/checkpoints/causal_eps10/best.pt
Saved PyTorch checkpoint to results/checkpoints/causal_eps10/best.pt
Saved PyTorch checkpoint to results/checkpoints/causal_eps10/best.pt
Saved PyTorch checkpoint to results/checkpoints/causal_eps10/best.pt
Saved PyTorch checkpoint to results/checkpoints/causal_eps10/best.pt
Saved PyTorch checkpoint to results/checkpoints/causal_eps10/best.pt
Saved PyTorch checkpoint to results/checkpoints/causal_eps10/best.pt
Saved PyTorch checkpoint to results/checkpoints/causal_eps10/best.pt
Saved PyTorch checkpoint to results/checkpoints/causal_eps10/best.pt
Saved PyTorch checkpoint to results/checkpoints/causal_eps10/best.pt
Saved PyTorch checkpoint to results/checkpoints/causal_eps10/best.pt
Saved PyTorch checkpoint to results/checkpoints/causal_eps10/best.pt
Saved PyTorch checkpoint to results/checkpoints/causal_eps10/best.pt
Saved PyTorch checkpoint to results/checkpoints/causal_eps10/best.pt
Saved PyTorch checkpoint to results/checkpoints/causal_eps10/best.pt
Saved PyTorch checkpoint to results/checkpoints/causal_eps10/best.pt
Saved PyTorch checkpoint to results/checkpoints/causal_eps10/best.pt
Saved PyTorch checkpoint to results/checkpoints/causal_eps10/best.pt
Saved PyTorch checkpoint to results/checkpoints/causal_eps10/best.pt
Adam 400 | total=3.006e-01 f=1.372e-02 ic=1.873e-03 wall=2.707e-02 inlet=2.989e-02 outlet=2.120e-04 min_w=8.731e-01
Saved PyTorch checkpoint to results/checkpoints/causal_eps10/best.pt
Saved PyTorch checkpoint to results/checkpoints/causal_eps10/best.pt
Saved PyTorch checkpoint to results/checkpoints/causal_eps10/best.pt
Saved PyTorch checkpoint to results/checkpoints/causal_eps10/best.pt
Saved PyTorch checkpoint to results/checkpoints/causal_eps10/best.pt
Saved PyTorch checkpoint to results/checkpoints/causal_eps10/best.pt
Saved PyTorch checkpoint to results/checkpoints/causal_eps10/best.pt
Saved PyTorch checkpoint to results/checkpoints/causal_eps10/best.pt
Saved PyTorch checkpoint to results/checkpoints/causal_eps10/best.pt
Saved PyTorch checkpoint to results/checkpoints/causal_eps10/best.pt
Saved PyTorch checkpoint to results/checkpoints/causal_eps10/best.pt
Saved PyTorch checkpoint to results/checkpoints/causal_eps10/best.pt
Saved PyTorch checkpoint to results/checkpoints/causal_eps10/best.pt
Saved PyTorch checkpoint to results/checkpoints/causal_eps10/best.pt
Saved PyTorch checkpoint to results/checkpoints/causal_eps10/best.pt
Saved PyTorch checkpoint to results/checkpoints/causal_eps10/best.pt
Saved PyTorch checkpoint to results/checkpoints/causal_eps10/best.pt
Saved PyTorch checkpoint to results/checkpoints/causal_eps10/best.pt
Saved PyTorch checkpoint to results/checkpoints/causal_eps10/best.pt
Saved PyTorch checkpoint to results/checkpoints/causal_eps10/best.pt
Saved PyTorch checkpoint to results/checkpoints/causal_eps10/best.pt
Saved PyTorch checkpoint to results/checkpoints/causal_eps10/best.pt
Saved PyTorch checkpoint to results/checkpoints/causal_eps10/best.pt
Saved PyTorch checkpoint to results/checkpoints/causal_eps10/best.pt
Saved PyTorch checkpoint to results/checkpoints/causal_eps10/best.pt
Saved PyTorch checkpoint to results/checkpoints/causal_eps10/best.pt
Saved PyTorch checkpoint to results/checkpoints/causal_eps10/best.pt
Saved PyTorch checkpoint to results/checkpoints/causal_eps10/best.pt
Saved PyTorch checkpoint to results/checkpoints/causal_eps10/best.pt
Saved PyTorch checkpoint to results/checkpoints/causal_eps10/best.pt
Saved PyTorch checkpoint to results/checkpoints/causal_eps10/best.pt
Saved PyTorch checkpoint to results/checkpoints/causal_eps10/best.pt
Saved PyTorch checkpoint to results/checkpoints/causal_eps10/best.pt
Saved PyTorch checkpoint to results/checkpoints/causal_eps10/best.pt
Saved PyTorch checkpoint to results/checkpoints/causal_eps10/best.pt
Saved PyTorch checkpoint to results/checkpoints/causal_eps10/best.pt
Saved PyTorch checkpoint to results/checkpoints/causal_eps10/best.pt
Saved PyTorch checkpoint to results/checkpoints/causal_eps10/best.pt
Saved PyTorch checkpoint to results/checkpoints/causal_eps10/best.pt
Saved PyTorch checkpoint to results/checkpoints/causal_eps10/best.pt
Saved PyTorch checkpoint to results/checkpoints/causal_eps10/best.pt
Saved PyTorch checkpoint to results/checkpoints/causal_eps10/best.pt
Saved PyTorch checkpoint to results/checkpoints/causal_eps10/best.pt
Saved PyTorch checkpoint to results/checkpoints/causal_eps10/best.pt
Saved PyTorch checkpoint to results/checkpoints/causal_eps10/best.pt
Saved PyTorch checkpoint to results/checkpoints/causal_eps10/best.pt
Saved PyTorch checkpoint to results/checkpoints/causal_eps10/best.pt
Saved PyTorch checkpoint to results/checkpoints/causal_eps10/best.pt
Saved PyTorch checkpoint to results/checkpoints/causal_eps10/best.pt
Saved PyTorch checkpoint to results/checkpoints/causal_eps10/best.pt
Saved PyTorch checkpoint to results/checkpoints/causal_eps10/best.pt
Saved PyTorch checkpoint to results/checkpoints/causal_eps10/best.pt
Saved PyTorch checkpoint to results/checkpoints/causal_eps10/best.pt
Saved PyTorch checkpoint to results/checkpoints/causal_eps10/best.pt
Saved PyTorch checkpoint to results/checkpoints/causal_eps10/best.pt
Saved PyTorch checkpoint to results/checkpoints/causal_eps10/best.pt
Saved PyTorch checkpoint to results/checkpoints/causal_eps10/best.pt
Saved PyTorch checkpoint to results/checkpoints/causal_eps10/best.pt
Saved PyTorch checkpoint to results/checkpoints/causal_eps10/best.pt
Saved PyTorch checkpoint to results/checkpoints/causal_eps10/best.pt
Saved PyTorch checkpoint to results/checkpoints/causal_eps10/best.pt
Saved PyTorch checkpoint to results/checkpoints/causal_eps10/best.pt
Saved PyTorch checkpoint to results/checkpoints/causal_eps10/best.pt
Saved PyTorch checkpoint to results/checkpoints/causal_eps10/best.pt
Saved PyTorch checkpoint to results/checkpoints/causal_eps10/best.pt
Saved PyTorch checkpoint to results/checkpoints/causal_eps10/best.pt
Saved PyTorch checkpoint to results/checkpoints/causal_eps10/best.pt
Saved PyTorch checkpoint to results/checkpoints/causal_eps10/best.pt
Saved PyTorch checkpoint to results/checkpoints/causal_eps10/best.pt
Saved PyTorch checkpoint to results/checkpoints/causal_eps10/best.pt
Saved PyTorch checkpoint to results/checkpoints/causal_eps10/best.pt
Saved PyTorch checkpoint to results/checkpoints/causal_eps10/best.pt
Saved PyTorch checkpoint to results/checkpoints/causal_eps10/best.pt
Saved PyTorch checkpoint to results/checkpoints/causal_eps10/best.pt
Saved PyTorch checkpoint to results/checkpoints/causal_eps10/best.pt
Saved PyTorch checkpoint to results/checkpoints/causal_eps10/best.pt
Saved PyTorch checkpoint to results/checkpoints/causal_eps10/best.pt
Saved PyTorch checkpoint to results/checkpoints/causal_eps10/best.pt
Saved PyTorch checkpoint to results/checkpoints/causal_eps10/best.pt
Saved PyTorch checkpoint to results/checkpoints/causal_eps10/best.pt
Saved PyTorch checkpoint to results/checkpoints/causal_eps10/best.pt
Saved PyTorch checkpoint to results/checkpoints/causal_eps10/best.pt
Saved PyTorch checkpoint to results/checkpoints/causal_eps10/best.pt
Saved PyTorch checkpoint to results/checkpoints/causal_eps10/best.pt
Saved PyTorch checkpoint to results/checkpoints/causal_eps10/best.pt
Saved PyTorch checkpoint to results/checkpoints/causal_eps10/best.pt
Saved PyTorch checkpoint to results/checkpoints/causal_eps10/best.pt
Saved PyTorch checkpoint to results/checkpoints/causal_eps10/best.pt
Saved PyTorch checkpoint to results/checkpoints/causal_eps10/best.pt
Saved PyTorch checkpoint to results/checkpoints/causal_eps10/best.pt
Saved PyTorch checkpoint to results/checkpoints/causal_eps10/best.pt
Saved PyTorch checkpoint to results/checkpoints/causal_eps10/best.pt
Saved PyTorch checkpoint to results/checkpoints/causal_eps10/best.pt
Saved PyTorch checkpoint to results/checkpoints/causal_eps10/best.pt
Saved PyTorch checkpoint to results/checkpoints/causal_eps10/best.pt
Saved PyTorch checkpoint to results/checkpoints/causal_eps10/best.pt
Saved PyTorch checkpoint to results/checkpoints/causal_eps10/best.pt
Saved PyTorch checkpoint to results/checkpoints/causal_eps10/best.pt
Saved PyTorch checkpoint to results/checkpoints/causal_eps10/best.pt
Saved PyTorch checkpoint to results/checkpoints/causal_eps10/best.pt
Adam 500 | total=2.848e-01 f=1.273e-02 ic=1.261e-03 wall=2.584e-02 inlet=2.828e-02 outlet=2.145e-04 min_w=8.830e-01
Saved PyTorch checkpoint to results/checkpoints/causal_eps10/best.pt
Saved PyTorch checkpoint to results/checkpoints/causal_eps10/best.pt
Saved PyTorch checkpoint to results/checkpoints/causal_eps10/best.pt
Saved PyTorch checkpoint to results/checkpoints/causal_eps10/best.pt
Saved PyTorch checkpoint to results/checkpoints/causal_eps10/best.pt
Saved PyTorch checkpoint to results/checkpoints/causal_eps10/best.pt
Saved PyTorch checkpoint to results/checkpoints/causal_eps10/best.pt
Saved PyTorch checkpoint to results/checkpoints/causal_eps10/best.pt
Saved PyTorch checkpoint to results/checkpoints/causal_eps10/best.pt
Saved PyTorch checkpoint to results/checkpoints/causal_eps10/best.pt
Saved PyTorch checkpoint to results/checkpoints/causal_eps10/best.pt
Saved PyTorch checkpoint to results/checkpoints/causal_eps10/best.pt
Saved PyTorch checkpoint to results/checkpoints/causal_eps10/best.pt
Saved PyTorch checkpoint to results/checkpoints/causal_eps10/best.pt
Saved PyTorch checkpoint to results/checkpoints/causal_eps10/best.pt
Saved PyTorch checkpoint to results/checkpoints/causal_eps10/best.pt
Saved PyTorch checkpoint to results/checkpoints/causal_eps10/best.pt
Saved PyTorch checkpoint to results/checkpoints/causal_eps10/best.pt
Saved PyTorch checkpoint to results/checkpoints/causal_eps10/best.pt
Saved PyTorch checkpoint to results/checkpoints/causal_eps10/best.pt
Saved PyTorch checkpoint to results/checkpoints/causal_eps10/best.pt
Saved PyTorch checkpoint to results/checkpoints/causal_eps10/best.pt
Saved PyTorch checkpoint to results/checkpoints/causal_eps10/best.pt
Saved PyTorch checkpoint to results/checkpoints/causal_eps10/best.pt
Saved PyTorch checkpoint to results/checkpoints/causal_eps10/best.pt
Saved PyTorch checkpoint to results/checkpoints/causal_eps10/best.pt
Saved PyTorch checkpoint to results/checkpoints/causal_eps10/best.pt
Saved PyTorch checkpoint to results/checkpoints/causal_eps10/best.pt
Saved PyTorch checkpoint to results/checkpoints/causal_eps10/best.pt
Saved PyTorch checkpoint to results/checkpoints/causal_eps10/best.pt
Saved PyTorch checkpoint to results/checkpoints/causal_eps10/best.pt
Saved PyTorch checkpoint to results/checkpoints/causal_eps10/best.pt
Saved PyTorch checkpoint to results/checkpoints/causal_eps10/best.pt
Saved PyTorch checkpoint to results/checkpoints/causal_eps10/best.pt
Saved PyTorch checkpoint to results/checkpoints/causal_eps10/best.pt
Saved PyTorch checkpoint to results/checkpoints/causal_eps10/best.pt
Saved PyTorch checkpoint to results/checkpoints/causal_eps10/best.pt
Saved PyTorch checkpoint to results/checkpoints/causal_eps10/best.pt
Saved PyTorch checkpoint to results/checkpoints/causal_eps10/best.pt
Saved PyTorch checkpoint to results/checkpoints/causal_eps10/best.pt
Saved PyTorch checkpoint to results/checkpoints/causal_eps10/best.pt
Saved PyTorch checkpoint to results/checkpoints/causal_eps10/best.pt
Saved PyTorch checkpoint to results/checkpoints/causal_eps10/best.pt
Saved PyTorch checkpoint to results/checkpoints/causal_eps10/best.pt
Saved PyTorch checkpoint to results/checkpoints/causal_eps10/best.pt
Saved PyTorch checkpoint to results/checkpoints/causal_eps10/best.pt
Saved PyTorch checkpoint to results/checkpoints/causal_eps10/best.pt
Saved PyTorch checkpoint to results/checkpoints/causal_eps10/best.pt
Saved PyTorch checkpoint to results/checkpoints/causal_eps10/best.pt
Saved PyTorch checkpoint to results/checkpoints/causal_eps10/best.pt
Saved PyTorch checkpoint to results/checkpoints/causal_eps10/best.pt
Saved PyTorch checkpoint to results/checkpoints/causal_eps10/best.pt
Saved PyTorch checkpoint to results/checkpoints/causal_eps10/best.pt
Saved PyTorch checkpoint to results/checkpoints/causal_eps10/best.pt
Saved PyTorch checkpoint to results/checkpoints/causal_eps10/best.pt
Saved PyTorch checkpoint to results/checkpoints/causal_eps10/best.pt
Saved PyTorch checkpoint to results/checkpoints/causal_eps10/best.pt
Saved PyTorch checkpoint to results/checkpoints/causal_eps10/best.pt
Saved PyTorch checkpoint to results/checkpoints/causal_eps10/best.pt
Saved PyTorch checkpoint to results/checkpoints/causal_eps10/best.pt
Saved PyTorch checkpoint to results/checkpoints/causal_eps10/best.pt
Saved PyTorch checkpoint to results/checkpoints/causal_eps10/best.pt
Saved PyTorch checkpoint to results/checkpoints/causal_eps10/best.pt
Saved PyTorch checkpoint to results/checkpoints/causal_eps10/best.pt
Saved PyTorch checkpoint to results/checkpoints/causal_eps10/best.pt
Saved PyTorch checkpoint to results/checkpoints/causal_eps10/best.pt
Saved PyTorch checkpoint to results/checkpoints/causal_eps10/best.pt
Saved PyTorch checkpoint to results/checkpoints/causal_eps10/best.pt
Saved PyTorch checkpoint to results/checkpoints/causal_eps10/best.pt
Saved PyTorch checkpoint to results/checkpoints/causal_eps10/best.pt
Saved PyTorch checkpoint to results/checkpoints/causal_eps10/best.pt
Saved PyTorch checkpoint to results/checkpoints/causal_eps10/best.pt
Saved PyTorch checkpoint to results/checkpoints/causal_eps10/best.pt
Saved PyTorch checkpoint to results/checkpoints/causal_eps10/best.pt
Saved PyTorch checkpoint to results/checkpoints/causal_eps10/best.pt
Saved PyTorch checkpoint to results/checkpoints/causal_eps10/best.pt
Saved PyTorch checkpoint to results/checkpoints/causal_eps10/best.pt
Saved PyTorch checkpoint to results/checkpoints/causal_eps10/best.pt
Saved PyTorch checkpoint to results/checkpoints/causal_eps10/best.pt
Saved PyTorch checkpoint to results/checkpoints/causal_eps10/best.pt
Saved PyTorch checkpoint to results/checkpoints/causal_eps10/best.pt
Saved PyTorch checkpoint to results/checkpoints/causal_eps10/best.pt
Saved PyTorch checkpoint to results/checkpoints/causal_eps10/best.pt
Saved PyTorch checkpoint to results/checkpoints/causal_eps10/best.pt
Saved PyTorch checkpoint to results/checkpoints/causal_eps10/best.pt
Saved PyTorch checkpoint to results/checkpoints/causal_eps10/best.pt
Saved PyTorch checkpoint to results/checkpoints/causal_eps10/best.pt
Saved PyTorch checkpoint to results/checkpoints/causal_eps10/best.pt
Saved PyTorch checkpoint to results/checkpoints/causal_eps10/best.pt
Saved PyTorch checkpoint to results/checkpoints/causal_eps10/best.pt
Saved PyTorch checkpoint to results/checkpoints/causal_eps10/best.pt
Saved PyTorch checkpoint to results/checkpoints/causal_eps10/best.pt
Saved PyTorch checkpoint to results/checkpoints/causal_eps10/best.pt
Saved PyTorch checkpoint to results/checkpoints/causal_eps10/best.pt
Saved PyTorch checkpoint to results/checkpoints/causal_eps10/best.pt
Saved PyTorch checkpoint to results/checkpoints/causal_eps10/best.pt
Saved PyTorch checkpoint to results/checkpoints/causal_eps10/best.pt
Saved PyTorch checkpoint to results/checkpoints/causal_eps10/best.pt
Saved PyTorch checkpoint to results/checkpoints/causal_eps10/best.pt
Saved PyTorch checkpoint to results/checkpoints/causal_eps10/best.pt
Adam 600 | total=2.744e-01 f=1.239e-02 ic=1.133e-03 wall=2.493e-02 inlet=2.720e-02 outlet=1.930e-04 min_w=8.856e-01
Saved PyTorch checkpoint to results/checkpoints/causal_eps10/best.pt
Saved PyTorch checkpoint to results/checkpoints/causal_eps10/best.pt
Saved PyTorch checkpoint to results/checkpoints/causal_eps10/best.pt
Saved PyTorch checkpoint to results/checkpoints/causal_eps10/best.pt
Saved PyTorch checkpoint to results/checkpoints/causal_eps10/best.pt
Saved PyTorch checkpoint to results/checkpoints/causal_eps10/best.pt
Saved PyTorch checkpoint to results/checkpoints/causal_eps10/best.pt
Saved PyTorch checkpoint to results/checkpoints/causal_eps10/best.pt
Saved PyTorch checkpoint to results/checkpoints/causal_eps10/best.pt
Saved PyTorch checkpoint to results/checkpoints/causal_eps10/best.pt
Saved PyTorch checkpoint to results/checkpoints/causal_eps10/best.pt
Saved PyTorch checkpoint to results/checkpoints/causal_eps10/best.pt
Saved PyTorch checkpoint to results/checkpoints/causal_eps10/best.pt
Saved PyTorch checkpoint to results/checkpoints/causal_eps10/best.pt
Saved PyTorch checkpoint to results/checkpoints/causal_eps10/best.pt
Saved PyTorch checkpoint to results/checkpoints/causal_eps10/best.pt
Saved PyTorch checkpoint to results/checkpoints/causal_eps10/best.pt
Saved PyTorch checkpoint to results/checkpoints/causal_eps10/best.pt
Saved PyTorch checkpoint to results/checkpoints/causal_eps10/best.pt
Saved PyTorch checkpoint to results/checkpoints/causal_eps10/best.pt
Saved PyTorch checkpoint to results/checkpoints/causal_eps10/best.pt
Saved PyTorch checkpoint to results/checkpoints/causal_eps10/best.pt
Saved PyTorch checkpoint to results/checkpoints/causal_eps10/best.pt
Saved PyTorch checkpoint to results/checkpoints/causal_eps10/best.pt
Saved PyTorch checkpoint to results/checkpoints/causal_eps10/best.pt
Saved PyTorch checkpoint to results/checkpoints/causal_eps10/best.pt
Saved PyTorch checkpoint to results/checkpoints/causal_eps10/best.pt
Saved PyTorch checkpoint to results/checkpoints/causal_eps10/best.pt
Saved PyTorch checkpoint to results/checkpoints/causal_eps10/best.pt
Saved PyTorch checkpoint to results/checkpoints/causal_eps10/best.pt
Saved PyTorch checkpoint to results/checkpoints/causal_eps10/best.pt
Saved PyTorch checkpoint to results/checkpoints/causal_eps10/best.pt
Saved PyTorch checkpoint to results/checkpoints/causal_eps10/best.pt
Saved PyTorch checkpoint to results/checkpoints/causal_eps10/best.pt
Saved PyTorch checkpoint to results/checkpoints/causal_eps10/best.pt
Saved PyTorch checkpoint to results/checkpoints/causal_eps10/best.pt
Saved PyTorch checkpoint to results/checkpoints/causal_eps10/best.pt
Saved PyTorch checkpoint to results/checkpoints/causal_eps10/best.pt
Saved PyTorch checkpoint to results/checkpoints/causal_eps10/best.pt
Saved PyTorch checkpoint to results/checkpoints/causal_eps10/best.pt
Saved PyTorch checkpoint to results/checkpoints/causal_eps10/best.pt
Saved PyTorch checkpoint to results/checkpoints/causal_eps10/best.pt
Saved PyTorch checkpoint to results/checkpoints/causal_eps10/best.pt
Saved PyTorch checkpoint to results/checkpoints/causal_eps10/best.pt
Saved PyTorch checkpoint to results/checkpoints/causal_eps10/best.pt
Saved PyTorch checkpoint to results/checkpoints/causal_eps10/best.pt
Saved PyTorch checkpoint to results/checkpoints/causal_eps10/best.pt
Saved PyTorch checkpoint to results/checkpoints/causal_eps10/best.pt
Saved PyTorch checkpoint to results/checkpoints/causal_eps10/best.pt
Saved PyTorch checkpoint to results/checkpoints/causal_eps10/best.pt
Saved PyTorch checkpoint to results/checkpoints/causal_eps10/best.pt
Saved PyTorch checkpoint to results/checkpoints/causal_eps10/best.pt
Saved PyTorch checkpoint to results/checkpoints/causal_eps10/best.pt
Saved PyTorch checkpoint to results/checkpoints/causal_eps10/best.pt
Saved PyTorch checkpoint to results/checkpoints/causal_eps10/best.pt
Adam 700 | total=2.635e-01 f=1.316e-02 ic=1.225e-03 wall=2.408e-02 inlet=2.569e-02 outlet=2.015e-04 min_w=8.781e-01
Saved PyTorch checkpoint to results/checkpoints/causal_eps10/best.pt
Saved PyTorch checkpoint to results/checkpoints/causal_eps10/best.pt
Saved PyTorch checkpoint to results/checkpoints/causal_eps10/best.pt
Saved PyTorch checkpoint to results/checkpoints/causal_eps10/best.pt
Saved PyTorch checkpoint to results/checkpoints/causal_eps10/best.pt
Saved PyTorch checkpoint to results/checkpoints/causal_eps10/best.pt
Saved PyTorch checkpoint to results/checkpoints/causal_eps10/best.pt
Saved PyTorch checkpoint to results/checkpoints/causal_eps10/best.pt
Saved PyTorch checkpoint to results/checkpoints/causal_eps10/best.pt
Saved PyTorch checkpoint to results/checkpoints/causal_eps10/best.pt
Saved PyTorch checkpoint to results/checkpoints/causal_eps10/best.pt
Saved PyTorch checkpoint to results/checkpoints/causal_eps10/best.pt
Saved PyTorch checkpoint to results/checkpoints/causal_eps10/best.pt
Saved PyTorch checkpoint to results/checkpoints/causal_eps10/best.pt
Saved PyTorch checkpoint to results/checkpoints/causal_eps10/best.pt
Saved PyTorch checkpoint to results/checkpoints/causal_eps10/best.pt
Saved PyTorch checkpoint to results/checkpoints/causal_eps10/best.pt
Saved PyTorch checkpoint to results/checkpoints/causal_eps10/best.pt
Saved PyTorch checkpoint to results/checkpoints/causal_eps10/best.pt
Saved PyTorch checkpoint to results/checkpoints/causal_eps10/best.pt
Saved PyTorch checkpoint to results/checkpoints/causal_eps10/best.pt
Saved PyTorch checkpoint to results/checkpoints/causal_eps10/best.pt
Saved PyTorch checkpoint to results/checkpoints/causal_eps10/best.pt
Saved PyTorch checkpoint to results/checkpoints/causal_eps10/best.pt
Saved PyTorch checkpoint to results/checkpoints/causal_eps10/best.pt
Saved PyTorch checkpoint to results/checkpoints/causal_eps10/best.pt
Saved PyTorch checkpoint to results/checkpoints/causal_eps10/best.pt
Saved PyTorch checkpoint to results/checkpoints/causal_eps10/best.pt
Saved PyTorch checkpoint to results/checkpoints/causal_eps10/best.pt
Saved PyTorch checkpoint to results/checkpoints/causal_eps10/best.pt
Saved PyTorch checkpoint to results/checkpoints/causal_eps10/best.pt
Saved PyTorch checkpoint to results/checkpoints/causal_eps10/best.pt
Saved PyTorch checkpoint to results/checkpoints/causal_eps10/best.pt
Saved PyTorch checkpoint to results/checkpoints/causal_eps10/best.pt
Saved PyTorch checkpoint to results/checkpoints/causal_eps10/best.pt
Saved PyTorch checkpoint to results/checkpoints/causal_eps10/best.pt
Saved PyTorch checkpoint to results/checkpoints/causal_eps10/best.pt
Saved PyTorch checkpoint to results/checkpoints/causal_eps10/best.pt
Saved PyTorch checkpoint to results/checkpoints/causal_eps10/best.pt
Saved PyTorch checkpoint to results/checkpoints/causal_eps10/best.pt
Saved PyTorch checkpoint to results/checkpoints/causal_eps10/best.pt
Saved PyTorch checkpoint to results/checkpoints/causal_eps10/best.pt
Saved PyTorch checkpoint to results/checkpoints/causal_eps10/best.pt
Saved PyTorch checkpoint to results/checkpoints/causal_eps10/best.pt
Saved PyTorch checkpoint to results/checkpoints/causal_eps10/best.pt
Saved PyTorch checkpoint to results/checkpoints/causal_eps10/best.pt
Saved PyTorch checkpoint to results/checkpoints/causal_eps10/best.pt
Saved PyTorch checkpoint to results/checkpoints/causal_eps10/best.pt
Saved PyTorch checkpoint to results/checkpoints/causal_eps10/best.pt
Saved PyTorch checkpoint to results/checkpoints/causal_eps10/best.pt
Saved PyTorch checkpoint to results/checkpoints/causal_eps10/best.pt
Saved PyTorch checkpoint to results/checkpoints/causal_eps10/best.pt
Saved PyTorch checkpoint to results/checkpoints/causal_eps10/best.pt
Saved PyTorch checkpoint to results/checkpoints/causal_eps10/best.pt
Saved PyTorch checkpoint to results/checkpoints/causal_eps10/best.pt
Saved PyTorch checkpoint to results/checkpoints/causal_eps10/best.pt
Saved PyTorch checkpoint to results/checkpoints/causal_eps10/best.pt
Saved PyTorch checkpoint to results/checkpoints/causal_eps10/best.pt
Saved PyTorch checkpoint to results/checkpoints/causal_eps10/best.pt
Saved PyTorch checkpoint to results/checkpoints/causal_eps10/best.pt
Saved PyTorch checkpoint to results/checkpoints/causal_eps10/best.pt
Saved PyTorch checkpoint to results/checkpoints/causal_eps10/best.pt
Saved PyTorch checkpoint to results/checkpoints/causal_eps10/best.pt
Saved PyTorch checkpoint to results/checkpoints/causal_eps10/best.pt
Saved PyTorch checkpoint to results/checkpoints/causal_eps10/best.pt
Saved PyTorch checkpoint to results/checkpoints/causal_eps10/best.pt
Saved PyTorch checkpoint to results/checkpoints/causal_eps10/best.pt
Saved PyTorch checkpoint to results/checkpoints/causal_eps10/best.pt
Saved PyTorch checkpoint to results/checkpoints/causal_eps10/best.pt
Saved PyTorch checkpoint to results/checkpoints/causal_eps10/best.pt
Saved PyTorch checkpoint to results/checkpoints/causal_eps10/best.pt
Saved PyTorch checkpoint to results/checkpoints/causal_eps10/best.pt
Saved PyTorch checkpoint to results/checkpoints/causal_eps10/best.pt
Saved PyTorch checkpoint to results/checkpoints/causal_eps10/best.pt
Saved PyTorch checkpoint to results/checkpoints/causal_eps10/best.pt
Saved PyTorch checkpoint to results/checkpoints/causal_eps10/best.pt
Saved PyTorch checkpoint to results/checkpoints/causal_eps10/best.pt
Saved PyTorch checkpoint to results/checkpoints/causal_eps10/best.pt
Saved PyTorch checkpoint to results/checkpoints/causal_eps10/best.pt
Saved PyTorch checkpoint to results/checkpoints/causal_eps10/best.pt
Saved PyTorch checkpoint to results/checkpoints/causal_eps10/best.pt
Saved PyTorch checkpoint to results/checkpoints/causal_eps10/best.pt
Saved PyTorch checkpoint to results/checkpoints/causal_eps10/best.pt
Saved PyTorch checkpoint to results/checkpoints/causal_eps10/best.pt
Saved PyTorch checkpoint to results/checkpoints/causal_eps10/best.pt
Saved PyTorch checkpoint to results/checkpoints/causal_eps10/best.pt
Saved PyTorch checkpoint to results/checkpoints/causal_eps10/best.pt
Saved PyTorch checkpoint to results/checkpoints/causal_eps10/best.pt
Saved PyTorch checkpoint to results/checkpoints/causal_eps10/best.pt
Saved PyTorch checkpoint to results/checkpoints/causal_eps10/best.pt
Saved PyTorch checkpoint to results/checkpoints/causal_eps10/best.pt
Saved PyTorch checkpoint to results/checkpoints/causal_eps10/best.pt
Saved PyTorch checkpoint to results/checkpoints/causal_eps10/best.pt
Saved PyTorch checkpoint to results/checkpoints/causal_eps10/best.pt
Saved PyTorch checkpoint to results/checkpoints/causal_eps10/best.pt
Saved PyTorch checkpoint to results/checkpoints/causal_eps10/best.pt
Saved PyTorch checkpoint to results/checkpoints/causal_eps10/best.pt
Saved PyTorch checkpoint to results/checkpoints/causal_eps10/best.pt
Saved PyTorch checkpoint to results/checkpoints/causal_eps10/best.pt
Saved PyTorch checkpoint to results/checkpoints/causal_eps10/best.pt
Adam 800 | total=2.487e-01 f=1.553e-02 ic=1.378e-03 wall=2.278e-02 inlet=2.353e-02 outlet=2.171e-04 min_w=8.559e-01
Saved PyTorch checkpoint to results/checkpoints/causal_eps10/best.pt
Saved PyTorch checkpoint to results/checkpoints/causal_eps10/best.pt
Saved PyTorch checkpoint to results/checkpoints/causal_eps10/best.pt
Saved PyTorch checkpoint to results/checkpoints/causal_eps10/best.pt
Saved PyTorch checkpoint to results/checkpoints/causal_eps10/best.pt
Saved PyTorch checkpoint to results/checkpoints/causal_eps10/best.pt
Saved PyTorch checkpoint to results/checkpoints/causal_eps10/best.pt
Saved PyTorch checkpoint to results/checkpoints/causal_eps10/best.pt
Saved PyTorch checkpoint to results/checkpoints/causal_eps10/best.pt
Saved PyTorch checkpoint to results/checkpoints/causal_eps10/best.pt
Saved PyTorch checkpoint to results/checkpoints/causal_eps10/best.pt
Saved PyTorch checkpoint to results/checkpoints/causal_eps10/best.pt
Saved PyTorch checkpoint to results/checkpoints/causal_eps10/best.pt
Saved PyTorch checkpoint to results/checkpoints/causal_eps10/best.pt
Saved PyTorch checkpoint to results/checkpoints/causal_eps10/best.pt
Saved PyTorch checkpoint to results/checkpoints/causal_eps10/best.pt
Saved PyTorch checkpoint to results/checkpoints/causal_eps10/best.pt
Saved PyTorch checkpoint to results/checkpoints/causal_eps10/best.pt
Saved PyTorch checkpoint to results/checkpoints/causal_eps10/best.pt
Saved PyTorch checkpoint to results/checkpoints/causal_eps10/best.pt
Saved PyTorch checkpoint to results/checkpoints/causal_eps10/best.pt
Saved PyTorch checkpoint to results/checkpoints/causal_eps10/best.pt
Saved PyTorch checkpoint to results/checkpoints/causal_eps10/best.pt
Saved PyTorch checkpoint to results/checkpoints/causal_eps10/best.pt
Saved PyTorch checkpoint to results/checkpoints/causal_eps10/best.pt
Saved PyTorch checkpoint to results/checkpoints/causal_eps10/best.pt
Saved PyTorch checkpoint to results/checkpoints/causal_eps10/best.pt
Saved PyTorch checkpoint to results/checkpoints/causal_eps10/best.pt
Saved PyTorch checkpoint to results/checkpoints/causal_eps10/best.pt
Saved PyTorch checkpoint to results/checkpoints/causal_eps10/best.pt
Saved PyTorch checkpoint to results/checkpoints/causal_eps10/best.pt
Saved PyTorch checkpoint to results/checkpoints/causal_eps10/best.pt
Saved PyTorch checkpoint to results/checkpoints/causal_eps10/best.pt
Saved PyTorch checkpoint to results/checkpoints/causal_eps10/best.pt
Saved PyTorch checkpoint to results/checkpoints/causal_eps10/best.pt
Saved PyTorch checkpoint to results/checkpoints/causal_eps10/best.pt
Saved PyTorch checkpoint to results/checkpoints/causal_eps10/best.pt
Saved PyTorch checkpoint to results/checkpoints/causal_eps10/best.pt
Saved PyTorch checkpoint to results/checkpoints/causal_eps10/best.pt
Saved PyTorch checkpoint to results/checkpoints/causal_eps10/best.pt
Saved PyTorch checkpoint to results/checkpoints/causal_eps10/best.pt
Saved PyTorch checkpoint to results/checkpoints/causal_eps10/best.pt
Saved PyTorch checkpoint to results/checkpoints/causal_eps10/best.pt
Saved PyTorch checkpoint to results/checkpoints/causal_eps10/best.pt
Saved PyTorch checkpoint to results/checkpoints/causal_eps10/best.pt
Saved PyTorch checkpoint to results/checkpoints/causal_eps10/best.pt
Saved PyTorch checkpoint to results/checkpoints/causal_eps10/best.pt
Saved PyTorch checkpoint to results/checkpoints/causal_eps10/best.pt
Saved PyTorch checkpoint to results/checkpoints/causal_eps10/best.pt
Saved PyTorch checkpoint to results/checkpoints/causal_eps10/best.pt
Saved PyTorch checkpoint to results/checkpoints/causal_eps10/best.pt
Saved PyTorch checkpoint to results/checkpoints/causal_eps10/best.pt
Saved PyTorch checkpoint to results/checkpoints/causal_eps10/best.pt
Saved PyTorch checkpoint to results/checkpoints/causal_eps10/best.pt
Saved PyTorch checkpoint to results/checkpoints/causal_eps10/best.pt
Saved PyTorch checkpoint to results/checkpoints/causal_eps10/best.pt
Adam 900 | total=2.302e-01 f=1.912e-02 ic=1.329e-03 wall=2.042e-02 inlet=2.149e-02 outlet=2.219e-04 min_w=8.233e-01
Saved PyTorch checkpoint to results/checkpoints/causal_eps10/best.pt
Saved PyTorch checkpoint to results/checkpoints/causal_eps10/best.pt
Saved PyTorch checkpoint to results/checkpoints/causal_eps10/best.pt
Saved PyTorch checkpoint to results/checkpoints/causal_eps10/best.pt
Saved PyTorch checkpoint to results/checkpoints/causal_eps10/best.pt
Saved PyTorch checkpoint to results/checkpoints/causal_eps10/best.pt
Saved PyTorch checkpoint to results/checkpoints/causal_eps10/best.pt
Saved PyTorch checkpoint to results/checkpoints/causal_eps10/best.pt
Saved PyTorch checkpoint to results/checkpoints/causal_eps10/best.pt
Saved PyTorch checkpoint to results/checkpoints/causal_eps10/best.pt
Saved PyTorch checkpoint to results/checkpoints/causal_eps10/best.pt
Saved PyTorch checkpoint to results/checkpoints/causal_eps10/best.pt
Saved PyTorch checkpoint to results/checkpoints/causal_eps10/best.pt
Saved PyTorch checkpoint to results/checkpoints/causal_eps10/best.pt
Saved PyTorch checkpoint to results/checkpoints/causal_eps10/best.pt
Saved PyTorch checkpoint to results/checkpoints/causal_eps10/best.pt
Saved PyTorch checkpoint to results/checkpoints/causal_eps10/best.pt
Saved PyTorch checkpoint to results/checkpoints/causal_eps10/best.pt
Saved PyTorch checkpoint to results/checkpoints/causal_eps10/best.pt
Saved PyTorch checkpoint to results/checkpoints/causal_eps10/best.pt
Saved PyTorch checkpoint to results/checkpoints/causal_eps10/best.pt
Saved PyTorch checkpoint to results/checkpoints/causal_eps10/best.pt
Saved PyTorch checkpoint to results/checkpoints/causal_eps10/best.pt
Saved PyTorch checkpoint to results/checkpoints/causal_eps10/best.pt
Saved PyTorch checkpoint to results/checkpoints/causal_eps10/best.pt
Saved PyTorch checkpoint to results/checkpoints/causal_eps10/best.pt
Saved PyTorch checkpoint to results/checkpoints/causal_eps10/best.pt
Saved PyTorch checkpoint to results/checkpoints/causal_eps10/best.pt
Saved PyTorch checkpoint to results/checkpoints/causal_eps10/best.pt
Saved PyTorch checkpoint to results/checkpoints/causal_eps10/best.pt
Saved PyTorch checkpoint to results/checkpoints/causal_eps10/best.pt
Saved PyTorch checkpoint to results/checkpoints/causal_eps10/best.pt
Saved PyTorch checkpoint to results/checkpoints/causal_eps10/best.pt
Saved PyTorch checkpoint to results/checkpoints/causal_eps10/best.pt
Saved PyTorch checkpoint to results/checkpoints/causal_eps10/best.pt
Saved PyTorch checkpoint to results/checkpoints/causal_eps10/best.pt
Saved PyTorch checkpoint to results/checkpoints/causal_eps10/best.pt
Saved PyTorch checkpoint to results/checkpoints/causal_eps10/best.pt
Saved PyTorch checkpoint to results/checkpoints/causal_eps10/best.pt
Saved PyTorch checkpoint to results/checkpoints/causal_eps10/best.pt
Saved PyTorch checkpoint to results/checkpoints/causal_eps10/best.pt
Saved PyTorch checkpoint to results/checkpoints/causal_eps10/best.pt
Saved PyTorch checkpoint to results/checkpoints/causal_eps10/best.pt
Saved PyTorch checkpoint to results/checkpoints/causal_eps10/best.pt
Saved PyTorch checkpoint to results/checkpoints/causal_eps10/best.pt
Saved PyTorch checkpoint to results/checkpoints/causal_eps10/best.pt
Saved PyTorch checkpoint to results/checkpoints/causal_eps10/best.pt
Saved PyTorch checkpoint to results/checkpoints/causal_eps10/best.pt
Saved PyTorch checkpoint to results/checkpoints/causal_eps10/best.pt
Saved PyTorch checkpoint to results/checkpoints/causal_eps10/best.pt
Saved PyTorch checkpoint to results/checkpoints/causal_eps10/best.pt
Saved PyTorch checkpoint to results/checkpoints/causal_eps10/best.pt
Saved PyTorch checkpoint to results/checkpoints/causal_eps10/best.pt
Saved PyTorch checkpoint to results/checkpoints/causal_eps10/best.pt
Saved PyTorch checkpoint to results/checkpoints/causal_eps10/best.pt
Saved PyTorch checkpoint to results/checkpoints/causal_eps10/best.pt
Saved PyTorch checkpoint to results/checkpoints/causal_eps10/best.pt
Saved PyTorch checkpoint to results/checkpoints/causal_eps10/best.pt
Saved PyTorch checkpoint to results/checkpoints/causal_eps10/best.pt
Saved PyTorch checkpoint to results/checkpoints/causal_eps10/best.pt
Saved PyTorch checkpoint to results/checkpoints/causal_eps10/best.pt
Saved PyTorch checkpoint to results/checkpoints/causal_eps10/best.pt
Adam 1000 | total=2.110e-01 f=2.261e-02 ic=1.635e-03 wall=1.999e-02 inlet=1.733e-02 outlet=1.672e-04 min_w=7.931e-01
Saved PyTorch checkpoint to results/checkpoints/causal_eps10/best.pt
Saved PyTorch checkpoint to results/checkpoints/causal_eps10/best.pt
Saved PyTorch checkpoint to results/checkpoints/causal_eps10/best.pt
Saved PyTorch checkpoint to results/checkpoints/causal_eps10/best.pt
Saved PyTorch checkpoint to results/checkpoints/causal_eps10/best.pt
Saved PyTorch checkpoint to results/checkpoints/causal_eps10/best.pt
Saved PyTorch checkpoint to results/checkpoints/causal_eps10/best.pt
Saved PyTorch checkpoint to results/checkpoints/causal_eps10/best.pt
Saved PyTorch checkpoint to results/checkpoints/causal_eps10/best.pt
Saved PyTorch checkpoint to results/checkpoints/causal_eps10/best.pt
Saved PyTorch checkpoint to results/checkpoints/causal_eps10/best.pt
Saved PyTorch checkpoint to results/checkpoints/causal_eps10/best.pt
Saved PyTorch checkpoint to results/checkpoints/causal_eps10/best.pt
Saved PyTorch checkpoint to results/checkpoints/causal_eps10/best.pt
Saved PyTorch checkpoint to results/checkpoints/causal_eps10/best.pt
Saved PyTorch checkpoint to results/checkpoints/causal_eps10/best.pt
Saved PyTorch checkpoint to results/checkpoints/causal_eps10/best.pt
Saved PyTorch checkpoint to results/checkpoints/causal_eps10/best.pt
Saved PyTorch checkpoint to results/checkpoints/causal_eps10/best.pt
Saved PyTorch checkpoint to results/checkpoints/causal_eps10/best.pt
Saved PyTorch checkpoint to results/checkpoints/causal_eps10/best.pt
Saved PyTorch checkpoint to results/checkpoints/causal_eps10/best.pt
Saved PyTorch checkpoint to results/checkpoints/causal_eps10/best.pt
Saved PyTorch checkpoint to results/checkpoints/causal_eps10/best.pt
Saved PyTorch checkpoint to results/checkpoints/causal_eps10/best.pt
Saved PyTorch checkpoint to results/checkpoints/causal_eps10/best.pt
Saved PyTorch checkpoint to results/checkpoints/causal_eps10/best.pt
Saved PyTorch checkpoint to results/checkpoints/causal_eps10/best.pt
Saved PyTorch checkpoint to results/checkpoints/causal_eps10/best.pt
Saved PyTorch checkpoint to results/checkpoints/causal_eps10/best.pt
Saved PyTorch checkpoint to results/checkpoints/causal_eps10/best.pt
Saved PyTorch checkpoint to results/checkpoints/causal_eps10/best.pt
Saved PyTorch checkpoint to results/checkpoints/causal_eps10/best.pt
Saved PyTorch checkpoint to results/checkpoints/causal_eps10/best.pt
Saved PyTorch checkpoint to results/checkpoints/causal_eps10/best.pt
Saved PyTorch checkpoint to results/checkpoints/causal_eps10/best.pt
Saved PyTorch checkpoint to results/checkpoints/causal_eps10/best.pt
Saved PyTorch checkpoint to results/checkpoints/causal_eps10/best.pt
Saved PyTorch checkpoint to results/checkpoints/causal_eps10/best.pt
Saved PyTorch checkpoint to results/checkpoints/causal_eps10/best.pt
Saved PyTorch checkpoint to results/checkpoints/causal_eps10/best.pt
Saved PyTorch checkpoint to results/checkpoints/causal_eps10/best.pt
Saved PyTorch checkpoint to results/checkpoints/causal_eps10/best.pt
Saved PyTorch checkpoint to results/checkpoints/causal_eps10/best.pt
Saved PyTorch checkpoint to results/checkpoints/causal_eps10/best.pt
Saved PyTorch checkpoint to results/checkpoints/causal_eps10/best.pt
Saved PyTorch checkpoint to results/checkpoints/causal_eps10/best.pt
Saved PyTorch checkpoint to results/checkpoints/causal_eps10/best.pt
Saved PyTorch checkpoint to results/checkpoints/causal_eps10/best.pt
Saved PyTorch checkpoint to results/checkpoints/causal_eps10/best.pt
Saved PyTorch checkpoint to results/checkpoints/causal_eps10/best.pt
Saved PyTorch checkpoint to results/checkpoints/causal_eps10/best.pt
Saved PyTorch checkpoint to results/checkpoints/causal_eps10/best.pt
Saved PyTorch checkpoint to results/checkpoints/causal_eps10/best.pt
Saved PyTorch checkpoint to results/checkpoints/causal_eps10/best.pt
Saved PyTorch checkpoint to results/checkpoints/causal_eps10/best.pt
Saved PyTorch checkpoint to results/checkpoints/causal_eps10/best.pt
Saved PyTorch checkpoint to results/checkpoints/causal_eps10/best.pt
Saved PyTorch checkpoint to results/checkpoints/causal_eps10/best.pt
Saved PyTorch checkpoint to results/checkpoints/causal_eps10/best.pt
Saved PyTorch checkpoint to results/checkpoints/causal_eps10/best.pt
Saved PyTorch checkpoint to results/checkpoints/causal_eps10/best.pt
Saved PyTorch checkpoint to results/checkpoints/causal_eps10/best.pt
Saved PyTorch checkpoint to results/checkpoints/causal_eps10/best.pt
Saved PyTorch checkpoint to results/checkpoints/causal_eps10/best.pt
Saved PyTorch checkpoint to results/checkpoints/causal_eps10/best.pt
Saved PyTorch checkpoint to results/checkpoints/causal_eps10/best.pt
Saved PyTorch checkpoint to results/checkpoints/causal_eps10/best.pt
Saved PyTorch checkpoint to results/checkpoints/causal_eps10/best.pt
Saved PyTorch checkpoint to results/checkpoints/causal_eps10/best.pt
Saved PyTorch checkpoint to results/checkpoints/causal_eps10/best.pt
Saved PyTorch checkpoint to results/checkpoints/causal_eps10/best.pt
Saved PyTorch checkpoint to results/checkpoints/causal_eps10/best.pt
Saved PyTorch checkpoint to results/checkpoints/causal_eps10/best.pt
Adam 1100 | total=2.167e-01 f=3.014e-02 ic=3.975e-03 wall=2.500e-02 inlet=1.151e-02 outlet=8.773e-05 min_w=7.282e-01
Saved PyTorch checkpoint to results/checkpoints/causal_eps10/best.pt
Saved PyTorch checkpoint to results/checkpoints/causal_eps10/best.pt
Saved PyTorch checkpoint to results/checkpoints/causal_eps10/best.pt
Saved PyTorch checkpoint to results/checkpoints/causal_eps10/best.pt
Saved PyTorch checkpoint to results/checkpoints/causal_eps10/best.pt
Saved PyTorch checkpoint to results/checkpoints/causal_eps10/best.pt
Saved PyTorch checkpoint to results/checkpoints/causal_eps10/best.pt
Saved PyTorch checkpoint to results/checkpoints/causal_eps10/best.pt
Saved PyTorch checkpoint to results/checkpoints/causal_eps10/best.pt
Saved PyTorch checkpoint to results/checkpoints/causal_eps10/best.pt
Saved PyTorch checkpoint to results/checkpoints/causal_eps10/best.pt
Saved PyTorch checkpoint to results/checkpoints/causal_eps10/best.pt
Saved PyTorch checkpoint to results/checkpoints/causal_eps10/best.pt
Saved PyTorch checkpoint to results/checkpoints/causal_eps10/best.pt
Saved PyTorch checkpoint to results/checkpoints/causal_eps10/best.pt
Saved PyTorch checkpoint to results/checkpoints/causal_eps10/best.pt
Saved PyTorch checkpoint to results/checkpoints/causal_eps10/best.pt
Saved PyTorch checkpoint to results/checkpoints/causal_eps10/best.pt
Saved PyTorch checkpoint to results/checkpoints/causal_eps10/best.pt
Saved PyTorch checkpoint to results/checkpoints/causal_eps10/best.pt
Saved PyTorch checkpoint to results/checkpoints/causal_eps10/best.pt
Saved PyTorch checkpoint to results/checkpoints/causal_eps10/best.pt
Saved PyTorch checkpoint to results/checkpoints/causal_eps10/best.pt
Saved PyTorch checkpoint to results/checkpoints/causal_eps10/best.pt
Saved PyTorch checkpoint to results/checkpoints/causal_eps10/best.pt
Saved PyTorch checkpoint to results/checkpoints/causal_eps10/best.pt
Saved PyTorch checkpoint to results/checkpoints/causal_eps10/best.pt
Saved PyTorch checkpoint to results/checkpoints/causal_eps10/best.pt
Saved PyTorch checkpoint to results/checkpoints/causal_eps10/best.pt
Saved PyTorch checkpoint to results/checkpoints/causal_eps10/best.pt
Saved PyTorch checkpoint to results/checkpoints/causal_eps10/best.pt
Saved PyTorch checkpoint to results/checkpoints/causal_eps10/best.pt
Saved PyTorch checkpoint to results/checkpoints/causal_eps10/best.pt
Saved PyTorch checkpoint to results/checkpoints/causal_eps10/best.pt
Saved PyTorch checkpoint to results/checkpoints/causal_eps10/best.pt
Saved PyTorch checkpoint to results/checkpoints/causal_eps10/best.pt
Saved PyTorch checkpoint to results/checkpoints/causal_eps10/best.pt
Saved PyTorch checkpoint to results/checkpoints/causal_eps10/best.pt
Saved PyTorch checkpoint to results/checkpoints/causal_eps10/best.pt
Saved PyTorch checkpoint to results/checkpoints/causal_eps10/best.pt
Saved PyTorch checkpoint to results/checkpoints/causal_eps10/best.pt
Saved PyTorch checkpoint to results/checkpoints/causal_eps10/best.pt
Saved PyTorch checkpoint to results/checkpoints/causal_eps10/best.pt
Saved PyTorch checkpoint to results/checkpoints/causal_eps10/best.pt
Saved PyTorch checkpoint to results/checkpoints/causal_eps10/best.pt
Saved PyTorch checkpoint to results/checkpoints/causal_eps10/best.pt
Saved PyTorch checkpoint to results/checkpoints/causal_eps10/best.pt
Saved PyTorch checkpoint to results/checkpoints/causal_eps10/best.pt
Saved PyTorch checkpoint to results/checkpoints/causal_eps10/best.pt
Saved PyTorch checkpoint to results/checkpoints/causal_eps10/best.pt
Saved PyTorch checkpoint to results/checkpoints/causal_eps10/best.pt
Saved PyTorch checkpoint to results/checkpoints/causal_eps10/best.pt
Saved PyTorch checkpoint to results/checkpoints/causal_eps10/best.pt
Saved PyTorch checkpoint to results/checkpoints/causal_eps10/best.pt
Saved PyTorch checkpoint to results/checkpoints/causal_eps10/best.pt
Saved PyTorch checkpoint to results/checkpoints/causal_eps10/best.pt
Saved PyTorch checkpoint to results/checkpoints/causal_eps10/best.pt
Saved PyTorch checkpoint to results/checkpoints/causal_eps10/best.pt
Saved PyTorch checkpoint to results/checkpoints/causal_eps10/best.pt
Saved PyTorch checkpoint to results/checkpoints/causal_eps10/best.pt
Saved PyTorch checkpoint to results/checkpoints/causal_eps10/best.pt
Saved PyTorch checkpoint to results/checkpoints/causal_eps10/best.pt
Saved PyTorch checkpoint to results/checkpoints/causal_eps10/best.pt
Saved PyTorch checkpoint to results/checkpoints/causal_eps10/best.pt
Saved PyTorch checkpoint to results/checkpoints/causal_eps10/best.pt
Saved PyTorch checkpoint to results/checkpoints/causal_eps10/best.pt
Saved PyTorch checkpoint to results/checkpoints/causal_eps10/best.pt
Adam 1200 | total=1.891e-01 f=3.173e-02 ic=2.067e-03 wall=1.208e-02 inlet=1.897e-02 outlet=7.234e-05 min_w=7.081e-01
Saved PyTorch checkpoint to results/checkpoints/causal_eps10/best.pt
Saved PyTorch checkpoint to results/checkpoints/causal_eps10/best.pt
Saved PyTorch checkpoint to results/checkpoints/causal_eps10/best.pt
Saved PyTorch checkpoint to results/checkpoints/causal_eps10/best.pt
Saved PyTorch checkpoint to results/checkpoints/causal_eps10/best.pt
Saved PyTorch checkpoint to results/checkpoints/causal_eps10/best.pt
Saved PyTorch checkpoint to results/checkpoints/causal_eps10/best.pt
Saved PyTorch checkpoint to results/checkpoints/causal_eps10/best.pt
Saved PyTorch checkpoint to results/checkpoints/causal_eps10/best.pt
Saved PyTorch checkpoint to results/checkpoints/causal_eps10/best.pt
Saved PyTorch checkpoint to results/checkpoints/causal_eps10/best.pt
Saved PyTorch checkpoint to results/checkpoints/causal_eps10/best.pt
Saved PyTorch checkpoint to results/checkpoints/causal_eps10/best.pt
Saved PyTorch checkpoint to results/checkpoints/causal_eps10/best.pt
Saved PyTorch checkpoint to results/checkpoints/causal_eps10/best.pt
Saved PyTorch checkpoint to results/checkpoints/causal_eps10/best.pt
Saved PyTorch checkpoint to results/checkpoints/causal_eps10/best.pt
Saved PyTorch checkpoint to results/checkpoints/causal_eps10/best.pt
Saved PyTorch checkpoint to results/checkpoints/causal_eps10/best.pt
Saved PyTorch checkpoint to results/checkpoints/causal_eps10/best.pt
Saved PyTorch checkpoint to results/checkpoints/causal_eps10/best.pt
Saved PyTorch checkpoint to results/checkpoints/causal_eps10/best.pt
Saved PyTorch checkpoint to results/checkpoints/causal_eps10/best.pt
Saved PyTorch checkpoint to results/checkpoints/causal_eps10/best.pt
Saved PyTorch checkpoint to results/checkpoints/causal_eps10/best.pt
Saved PyTorch checkpoint to results/checkpoints/causal_eps10/best.pt
Saved PyTorch checkpoint to results/checkpoints/causal_eps10/best.pt
Saved PyTorch checkpoint to results/checkpoints/causal_eps10/best.pt
Saved PyTorch checkpoint to results/checkpoints/causal_eps10/best.pt
Saved PyTorch checkpoint to results/checkpoints/causal_eps10/best.pt
Saved PyTorch checkpoint to results/checkpoints/causal_eps10/best.pt
Saved PyTorch checkpoint to results/checkpoints/causal_eps10/best.pt
Saved PyTorch checkpoint to results/checkpoints/causal_eps10/best.pt
Saved PyTorch checkpoint to results/checkpoints/causal_eps10/best.pt
Saved PyTorch checkpoint to results/checkpoints/causal_eps10/best.pt
Saved PyTorch checkpoint to results/checkpoints/causal_eps10/best.pt
Saved PyTorch checkpoint to results/checkpoints/causal_eps10/best.pt
Saved PyTorch checkpoint to results/checkpoints/causal_eps10/best.pt
Saved PyTorch checkpoint to results/checkpoints/causal_eps10/best.pt
Saved PyTorch checkpoint to results/checkpoints/causal_eps10/best.pt
Saved PyTorch checkpoint to results/checkpoints/causal_eps10/best.pt
Saved PyTorch checkpoint to results/checkpoints/causal_eps10/best.pt
Saved PyTorch checkpoint to results/checkpoints/causal_eps10/best.pt
Saved PyTorch checkpoint to results/checkpoints/causal_eps10/best.pt
Saved PyTorch checkpoint to results/checkpoints/causal_eps10/best.pt
Saved PyTorch checkpoint to results/checkpoints/causal_eps10/best.pt
Saved PyTorch checkpoint to results/checkpoints/causal_eps10/best.pt
Saved PyTorch checkpoint to results/checkpoints/causal_eps10/best.pt
Saved PyTorch checkpoint to results/checkpoints/causal_eps10/best.pt
Adam 1300 | total=1.941e-01 f=4.044e-02 ic=5.100e-03 wall=2.056e-02 inlet=9.141e-03 outlet=2.169e-05 min_w=6.336e-01
Saved PyTorch checkpoint to results/checkpoints/causal_eps10/best.pt
Saved PyTorch checkpoint to results/checkpoints/causal_eps10/best.pt
Saved PyTorch checkpoint to results/checkpoints/causal_eps10/best.pt
Saved PyTorch checkpoint to results/checkpoints/causal_eps10/best.pt
Saved PyTorch checkpoint to results/checkpoints/causal_eps10/best.pt
Saved PyTorch checkpoint to results/checkpoints/causal_eps10/best.pt
Saved PyTorch checkpoint to results/checkpoints/causal_eps10/best.pt
Saved PyTorch checkpoint to results/checkpoints/causal_eps10/best.pt
Saved PyTorch checkpoint to results/checkpoints/causal_eps10/best.pt
Saved PyTorch checkpoint to results/checkpoints/causal_eps10/best.pt
Saved PyTorch checkpoint to results/checkpoints/causal_eps10/best.pt
Saved PyTorch checkpoint to results/checkpoints/causal_eps10/best.pt
Saved PyTorch checkpoint to results/checkpoints/causal_eps10/best.pt
Saved PyTorch checkpoint to results/checkpoints/causal_eps10/best.pt
Saved PyTorch checkpoint to results/checkpoints/causal_eps10/best.pt
Saved PyTorch checkpoint to results/checkpoints/causal_eps10/best.pt
Saved PyTorch checkpoint to results/checkpoints/causal_eps10/best.pt
Saved PyTorch checkpoint to results/checkpoints/causal_eps10/best.pt
Saved PyTorch checkpoint to results/checkpoints/causal_eps10/best.pt
Saved PyTorch checkpoint to results/checkpoints/causal_eps10/best.pt
Saved PyTorch checkpoint to results/checkpoints/causal_eps10/best.pt
Saved PyTorch checkpoint to results/checkpoints/causal_eps10/best.pt
Saved PyTorch checkpoint to results/checkpoints/causal_eps10/best.pt
Saved PyTorch checkpoint to results/checkpoints/causal_eps10/best.pt
Saved PyTorch checkpoint to results/checkpoints/causal_eps10/best.pt
Saved PyTorch checkpoint to results/checkpoints/causal_eps10/best.pt
Saved PyTorch checkpoint to results/checkpoints/causal_eps10/best.pt
Saved PyTorch checkpoint to results/checkpoints/causal_eps10/best.pt
Saved PyTorch checkpoint to results/checkpoints/causal_eps10/best.pt
Saved PyTorch checkpoint to results/checkpoints/causal_eps10/best.pt
Saved PyTorch checkpoint to results/checkpoints/causal_eps10/best.pt
Saved PyTorch checkpoint to results/checkpoints/causal_eps10/best.pt
Saved PyTorch checkpoint to results/checkpoints/causal_eps10/best.pt
Saved PyTorch checkpoint to results/checkpoints/causal_eps10/best.pt
Saved PyTorch checkpoint to results/checkpoints/causal_eps10/best.pt
Saved PyTorch checkpoint to results/checkpoints/causal_eps10/best.pt
Saved PyTorch checkpoint to results/checkpoints/causal_eps10/best.pt
Adam 1400 | total=1.478e-01 f=3.252e-02 ic=2.212e-03 wall=1.408e-02 inlet=8.527e-03 outlet=1.932e-05 min_w=7.070e-01
Saved PyTorch checkpoint to results/checkpoints/causal_eps10/best.pt
Saved PyTorch checkpoint to results/checkpoints/causal_eps10/best.pt
Saved PyTorch checkpoint to results/checkpoints/causal_eps10/best.pt
Saved PyTorch checkpoint to results/checkpoints/causal_eps10/best.pt
Saved PyTorch checkpoint to results/checkpoints/causal_eps10/best.pt
Saved PyTorch checkpoint to results/checkpoints/causal_eps10/best.pt
Saved PyTorch checkpoint to results/checkpoints/causal_eps10/best.pt
Saved PyTorch checkpoint to results/checkpoints/causal_eps10/best.pt
Saved PyTorch checkpoint to results/checkpoints/causal_eps10/best.pt
Saved PyTorch checkpoint to results/checkpoints/causal_eps10/best.pt
Saved PyTorch checkpoint to results/checkpoints/causal_eps10/best.pt
Saved PyTorch checkpoint to results/checkpoints/causal_eps10/best.pt
Saved PyTorch checkpoint to results/checkpoints/causal_eps10/best.pt
Saved PyTorch checkpoint to results/checkpoints/causal_eps10/best.pt
Saved PyTorch checkpoint to results/checkpoints/causal_eps10/best.pt
Saved PyTorch checkpoint to results/checkpoints/causal_eps10/best.pt
Saved PyTorch checkpoint to results/checkpoints/causal_eps10/best.pt
Saved PyTorch checkpoint to results/checkpoints/causal_eps10/best.pt
Saved PyTorch checkpoint to results/checkpoints/causal_eps10/best.pt
Saved PyTorch checkpoint to results/checkpoints/causal_eps10/best.pt
Saved PyTorch checkpoint to results/checkpoints/causal_eps10/best.pt
Saved PyTorch checkpoint to results/checkpoints/causal_eps10/best.pt
Saved PyTorch checkpoint to results/checkpoints/causal_eps10/best.pt
Adam 1500 | total=1.338e-01 f=3.005e-02 ic=1.554e-03 wall=1.162e-02 inlet=8.807e-03 outlet=2.395e-05 min_w=7.299e-01
Saved PyTorch checkpoint to results/checkpoints/causal_eps10/best.pt
Saved PyTorch checkpoint to results/checkpoints/causal_eps10/best.pt
Saved PyTorch checkpoint to results/checkpoints/causal_eps10/best.pt
Saved PyTorch checkpoint to results/checkpoints/causal_eps10/best.pt
Saved PyTorch checkpoint to results/checkpoints/causal_eps10/best.pt
Saved PyTorch checkpoint to results/checkpoints/causal_eps10/best.pt
Saved PyTorch checkpoint to results/checkpoints/causal_eps10/best.pt
Saved PyTorch checkpoint to results/checkpoints/causal_eps10/best.pt
Saved PyTorch checkpoint to results/checkpoints/causal_eps10/best.pt
Saved PyTorch checkpoint to results/checkpoints/causal_eps10/best.pt
Saved PyTorch checkpoint to results/checkpoints/causal_eps10/best.pt
Saved PyTorch checkpoint to results/checkpoints/causal_eps10/best.pt
Saved PyTorch checkpoint to results/checkpoints/causal_eps10/best.pt
Saved PyTorch checkpoint to results/checkpoints/causal_eps10/best.pt
Saved PyTorch checkpoint to results/checkpoints/causal_eps10/best.pt
Saved PyTorch checkpoint to results/checkpoints/causal_eps10/best.pt
Saved PyTorch checkpoint to results/checkpoints/causal_eps10/best.pt
Saved PyTorch checkpoint to results/checkpoints/causal_eps10/best.pt
Saved PyTorch checkpoint to results/checkpoints/causal_eps10/best.pt
Saved PyTorch checkpoint to results/checkpoints/causal_eps10/best.pt
Saved PyTorch checkpoint to results/checkpoints/causal_eps10/best.pt
Saved PyTorch checkpoint to results/checkpoints/causal_eps10/best.pt
Saved PyTorch checkpoint to results/checkpoints/causal_eps10/best.pt
Saved PyTorch checkpoint to results/checkpoints/causal_eps10/best.pt
Saved PyTorch checkpoint to results/checkpoints/causal_eps10/best.pt
Saved PyTorch checkpoint to results/checkpoints/causal_eps10/best.pt
Saved PyTorch checkpoint to results/checkpoints/causal_eps10/best.pt
Saved PyTorch checkpoint to results/checkpoints/causal_eps10/best.pt
Saved PyTorch checkpoint to results/checkpoints/causal_eps10/best.pt
Saved PyTorch checkpoint to results/checkpoints/causal_eps10/best.pt
Saved PyTorch checkpoint to results/checkpoints/causal_eps10/best.pt
Saved PyTorch checkpoint to results/checkpoints/causal_eps10/best.pt
Saved PyTorch checkpoint to results/checkpoints/causal_eps10/best.pt
Saved PyTorch checkpoint to results/checkpoints/causal_eps10/best.pt
Saved PyTorch checkpoint to results/checkpoints/causal_eps10/best.pt
Saved PyTorch checkpoint to results/checkpoints/causal_eps10/best.pt
Saved PyTorch checkpoint to results/checkpoints/causal_eps10/best.pt
Saved PyTorch checkpoint to results/checkpoints/causal_eps10/best.pt
Saved PyTorch checkpoint to results/checkpoints/causal_eps10/best.pt
Saved PyTorch checkpoint to results/checkpoints/causal_eps10/best.pt
Saved PyTorch checkpoint to results/checkpoints/causal_eps10/best.pt
Saved PyTorch checkpoint to results/checkpoints/causal_eps10/best.pt
Saved PyTorch checkpoint to results/checkpoints/causal_eps10/best.pt
Saved PyTorch checkpoint to results/checkpoints/causal_eps10/best.pt
Saved PyTorch checkpoint to results/checkpoints/causal_eps10/best.pt
Saved PyTorch checkpoint to results/checkpoints/causal_eps10/best.pt
Saved PyTorch checkpoint to results/checkpoints/causal_eps10/best.pt
Saved PyTorch checkpoint to results/checkpoints/causal_eps10/best.pt
Saved PyTorch checkpoint to results/checkpoints/causal_eps10/best.pt
Saved PyTorch checkpoint to results/checkpoints/causal_eps10/best.pt
Saved PyTorch checkpoint to results/checkpoints/causal_eps10/best.pt
Saved PyTorch checkpoint to results/checkpoints/causal_eps10/best.pt
Saved PyTorch checkpoint to results/checkpoints/causal_eps10/best.pt
Saved PyTorch checkpoint to results/checkpoints/causal_eps10/best.pt
Saved PyTorch checkpoint to results/checkpoints/causal_eps10/best.pt
Saved PyTorch checkpoint to results/checkpoints/causal_eps10/best.pt
Adam 1600 | total=1.291e-01 f=2.906e-02 ic=1.436e-03 wall=1.234e-02 inlet=7.378e-03 outlet=3.326e-05 min_w=7.396e-01
Saved PyTorch checkpoint to results/checkpoints/causal_eps10/best.pt
Saved PyTorch checkpoint to results/checkpoints/causal_eps10/best.pt
Saved PyTorch checkpoint to results/checkpoints/causal_eps10/best.pt
Saved PyTorch checkpoint to results/checkpoints/causal_eps10/best.pt
Saved PyTorch checkpoint to results/checkpoints/causal_eps10/best.pt
Saved PyTorch checkpoint to results/checkpoints/causal_eps10/best.pt
Saved PyTorch checkpoint to results/checkpoints/causal_eps10/best.pt
Saved PyTorch checkpoint to results/checkpoints/causal_eps10/best.pt
Saved PyTorch checkpoint to results/checkpoints/causal_eps10/best.pt
Saved PyTorch checkpoint to results/checkpoints/causal_eps10/best.pt
Saved PyTorch checkpoint to results/checkpoints/causal_eps10/best.pt
Saved PyTorch checkpoint to results/checkpoints/causal_eps10/best.pt
Saved PyTorch checkpoint to results/checkpoints/causal_eps10/best.pt
Saved PyTorch checkpoint to results/checkpoints/causal_eps10/best.pt
Saved PyTorch checkpoint to results/checkpoints/causal_eps10/best.pt
Saved PyTorch checkpoint to results/checkpoints/causal_eps10/best.pt
Saved PyTorch checkpoint to results/checkpoints/causal_eps10/best.pt
Saved PyTorch checkpoint to results/checkpoints/causal_eps10/best.pt
Saved PyTorch checkpoint to results/checkpoints/causal_eps10/best.pt
Saved PyTorch checkpoint to results/checkpoints/causal_eps10/best.pt
Saved PyTorch checkpoint to results/checkpoints/causal_eps10/best.pt
Saved PyTorch checkpoint to results/checkpoints/causal_eps10/best.pt
Saved PyTorch checkpoint to results/checkpoints/causal_eps10/best.pt
Saved PyTorch checkpoint to results/checkpoints/causal_eps10/best.pt
Saved PyTorch checkpoint to results/checkpoints/causal_eps10/best.pt
Saved PyTorch checkpoint to results/checkpoints/causal_eps10/best.pt
Saved PyTorch checkpoint to results/checkpoints/causal_eps10/best.pt
Saved PyTorch checkpoint to results/checkpoints/causal_eps10/best.pt
Saved PyTorch checkpoint to results/checkpoints/causal_eps10/best.pt
Saved PyTorch checkpoint to results/checkpoints/causal_eps10/best.pt
Saved PyTorch checkpoint to results/checkpoints/causal_eps10/best.pt
Saved PyTorch checkpoint to results/checkpoints/causal_eps10/best.pt
Saved PyTorch checkpoint to results/checkpoints/causal_eps10/best.pt
Saved PyTorch checkpoint to results/checkpoints/causal_eps10/best.pt
Saved PyTorch checkpoint to results/checkpoints/causal_eps10/best.pt
Adam 1700 | total=1.222e-01 f=2.718e-02 ic=1.080e-03 wall=1.130e-02 inlet=7.488e-03 outlet=4.105e-05 min_w=7.566e-01
Saved PyTorch checkpoint to results/checkpoints/causal_eps10/best.pt
Saved PyTorch checkpoint to results/checkpoints/causal_eps10/best.pt
Saved PyTorch checkpoint to results/checkpoints/causal_eps10/best.pt
Saved PyTorch checkpoint to results/checkpoints/causal_eps10/best.pt
Saved PyTorch checkpoint to results/checkpoints/causal_eps10/best.pt
Saved PyTorch checkpoint to results/checkpoints/causal_eps10/best.pt
Saved PyTorch checkpoint to results/checkpoints/causal_eps10/best.pt
Saved PyTorch checkpoint to results/checkpoints/causal_eps10/best.pt
Saved PyTorch checkpoint to results/checkpoints/causal_eps10/best.pt
Saved PyTorch checkpoint to results/checkpoints/causal_eps10/best.pt
Saved PyTorch checkpoint to results/checkpoints/causal_eps10/best.pt
Saved PyTorch checkpoint to results/checkpoints/causal_eps10/best.pt
Saved PyTorch checkpoint to results/checkpoints/causal_eps10/best.pt
Saved PyTorch checkpoint to results/checkpoints/causal_eps10/best.pt
Saved PyTorch checkpoint to results/checkpoints/causal_eps10/best.pt
Saved PyTorch checkpoint to results/checkpoints/causal_eps10/best.pt
Saved PyTorch checkpoint to results/checkpoints/causal_eps10/best.pt
Saved PyTorch checkpoint to results/checkpoints/causal_eps10/best.pt
Saved PyTorch checkpoint to results/checkpoints/causal_eps10/best.pt
Saved PyTorch checkpoint to results/checkpoints/causal_eps10/best.pt
Saved PyTorch checkpoint to results/checkpoints/causal_eps10/best.pt
Saved PyTorch checkpoint to results/checkpoints/causal_eps10/best.pt
Saved PyTorch checkpoint to results/checkpoints/causal_eps10/best.pt
Saved PyTorch checkpoint to results/checkpoints/causal_eps10/best.pt
Saved PyTorch checkpoint to results/checkpoints/causal_eps10/best.pt
Saved PyTorch checkpoint to results/checkpoints/causal_eps10/best.pt
Saved PyTorch checkpoint to results/checkpoints/causal_eps10/best.pt
Saved PyTorch checkpoint to results/checkpoints/causal_eps10/best.pt
Saved PyTorch checkpoint to results/checkpoints/causal_eps10/best.pt
Saved PyTorch checkpoint to results/checkpoints/causal_eps10/best.pt
Saved PyTorch checkpoint to results/checkpoints/causal_eps10/best.pt
Saved PyTorch checkpoint to results/checkpoints/causal_eps10/best.pt
Saved PyTorch checkpoint to results/checkpoints/causal_eps10/best.pt
Saved PyTorch checkpoint to results/checkpoints/causal_eps10/best.pt
Saved PyTorch checkpoint to results/checkpoints/causal_eps10/best.pt
Saved PyTorch checkpoint to results/checkpoints/causal_eps10/best.pt
Saved PyTorch checkpoint to results/checkpoints/causal_eps10/best.pt
Saved PyTorch checkpoint to results/checkpoints/causal_eps10/best.pt
Saved PyTorch checkpoint to results/checkpoints/causal_eps10/best.pt
Saved PyTorch checkpoint to results/checkpoints/causal_eps10/best.pt
Saved PyTorch checkpoint to results/checkpoints/causal_eps10/best.pt
Saved PyTorch checkpoint to results/checkpoints/causal_eps10/best.pt
Saved PyTorch checkpoint to results/checkpoints/causal_eps10/best.pt
Saved PyTorch checkpoint to results/checkpoints/causal_eps10/best.pt
Saved PyTorch checkpoint to results/checkpoints/causal_eps10/best.pt
Saved PyTorch checkpoint to results/checkpoints/causal_eps10/best.pt
Saved PyTorch checkpoint to results/checkpoints/causal_eps10/best.pt
Saved PyTorch checkpoint to results/checkpoints/causal_eps10/best.pt
Saved PyTorch checkpoint to results/checkpoints/causal_eps10/best.pt
Saved PyTorch checkpoint to results/checkpoints/causal_eps10/best.pt
Saved PyTorch checkpoint to results/checkpoints/causal_eps10/best.pt
Adam 1800 | total=1.171e-01 f=2.526e-02 ic=8.277e-04 wall=1.079e-02 inlet=7.402e-03 outlet=4.491e-05 min_w=7.740e-01
Saved PyTorch checkpoint to results/checkpoints/causal_eps10/best.pt
Saved PyTorch checkpoint to results/checkpoints/causal_eps10/best.pt
Saved PyTorch checkpoint to results/checkpoints/causal_eps10/best.pt
Saved PyTorch checkpoint to results/checkpoints/causal_eps10/best.pt
Saved PyTorch checkpoint to results/checkpoints/causal_eps10/best.pt
Saved PyTorch checkpoint to results/checkpoints/causal_eps10/best.pt
Saved PyTorch checkpoint to results/checkpoints/causal_eps10/best.pt
Saved PyTorch checkpoint to results/checkpoints/causal_eps10/best.pt
Saved PyTorch checkpoint to results/checkpoints/causal_eps10/best.pt
Saved PyTorch checkpoint to results/checkpoints/causal_eps10/best.pt
Saved PyTorch checkpoint to results/checkpoints/causal_eps10/best.pt
Saved PyTorch checkpoint to results/checkpoints/causal_eps10/best.pt
Saved PyTorch checkpoint to results/checkpoints/causal_eps10/best.pt
Saved PyTorch checkpoint to results/checkpoints/causal_eps10/best.pt
Saved PyTorch checkpoint to results/checkpoints/causal_eps10/best.pt
Saved PyTorch checkpoint to results/checkpoints/causal_eps10/best.pt
Saved PyTorch checkpoint to results/checkpoints/causal_eps10/best.pt
Saved PyTorch checkpoint to results/checkpoints/causal_eps10/best.pt
Saved PyTorch checkpoint to results/checkpoints/causal_eps10/best.pt
Saved PyTorch checkpoint to results/checkpoints/causal_eps10/best.pt
Saved PyTorch checkpoint to results/checkpoints/causal_eps10/best.pt
Saved PyTorch checkpoint to results/checkpoints/causal_eps10/best.pt
Saved PyTorch checkpoint to results/checkpoints/causal_eps10/best.pt
Saved PyTorch checkpoint to results/checkpoints/causal_eps10/best.pt
Saved PyTorch checkpoint to results/checkpoints/causal_eps10/best.pt
Saved PyTorch checkpoint to results/checkpoints/causal_eps10/best.pt
Saved PyTorch checkpoint to results/checkpoints/causal_eps10/best.pt
Saved PyTorch checkpoint to results/checkpoints/causal_eps10/best.pt
Saved PyTorch checkpoint to results/checkpoints/causal_eps10/best.pt
Saved PyTorch checkpoint to results/checkpoints/causal_eps10/best.pt
Saved PyTorch checkpoint to results/checkpoints/causal_eps10/best.pt
Saved PyTorch checkpoint to results/checkpoints/causal_eps10/best.pt
Saved PyTorch checkpoint to results/checkpoints/causal_eps10/best.pt
Saved PyTorch checkpoint to results/checkpoints/causal_eps10/best.pt
Saved PyTorch checkpoint to results/checkpoints/causal_eps10/best.pt
Adam 1900 | total=1.272e-01 f=2.691e-02 ic=1.161e-03 wall=1.075e-02 inlet=9.058e-03 outlet=4.038e-05 min_w=7.561e-01
Saved PyTorch checkpoint to results/checkpoints/causal_eps10/best.pt
Saved PyTorch checkpoint to results/checkpoints/causal_eps10/best.pt
Saved PyTorch checkpoint to results/checkpoints/causal_eps10/best.pt
Saved PyTorch checkpoint to results/checkpoints/causal_eps10/best.pt
Saved PyTorch checkpoint to results/checkpoints/causal_eps10/best.pt
Saved PyTorch checkpoint to results/checkpoints/causal_eps10/best.pt
Saved PyTorch checkpoint to results/checkpoints/causal_eps10/best.pt
Saved PyTorch checkpoint to results/checkpoints/causal_eps10/best.pt
Saved PyTorch checkpoint to results/checkpoints/causal_eps10/best.pt
Saved PyTorch checkpoint to results/checkpoints/causal_eps10/best.pt
Saved PyTorch checkpoint to results/checkpoints/causal_eps10/best.pt
Saved PyTorch checkpoint to results/checkpoints/causal_eps10/best.pt
Saved PyTorch checkpoint to results/checkpoints/causal_eps10/best.pt
Saved PyTorch checkpoint to results/checkpoints/causal_eps10/best.pt
Saved PyTorch checkpoint to results/checkpoints/causal_eps10/best.pt
Saved PyTorch checkpoint to results/checkpoints/causal_eps10/best.pt
Saved PyTorch checkpoint to results/checkpoints/causal_eps10/best.pt
Saved PyTorch checkpoint to results/checkpoints/causal_eps10/best.pt
Saved PyTorch checkpoint to results/checkpoints/causal_eps10/best.pt
Saved PyTorch checkpoint to results/checkpoints/causal_eps10/best.pt
Saved PyTorch checkpoint to results/checkpoints/causal_eps10/best.pt
Saved PyTorch checkpoint to results/checkpoints/causal_eps10/best.pt
Saved PyTorch checkpoint to results/checkpoints/causal_eps10/best.pt
Saved PyTorch checkpoint to results/checkpoints/causal_eps10/best.pt
Saved PyTorch checkpoint to results/checkpoints/causal_eps10/best.pt
Saved PyTorch checkpoint to results/checkpoints/causal_eps10/best.pt
Saved PyTorch checkpoint to results/checkpoints/causal_eps10/best.pt
Saved PyTorch checkpoint to results/checkpoints/causal_eps10/best.pt
Saved PyTorch checkpoint to results/checkpoints/causal_eps10/best.pt
Saved PyTorch checkpoint to results/checkpoints/causal_eps10/best.pt
Adam 2000 | total=1.070e-01 f=2.277e-02 ic=6.560e-04 wall=1.050e-02 inlet=6.219e-03 outlet=3.592e-05 min_w=7.964e-01
Saved PyTorch checkpoint to results/checkpoints/causal_eps10/best.pt
Saved PyTorch checkpoint to results/checkpoints/causal_eps10/snapshot_iter2000.pt
[snapshot] iter 2000 → results/checkpoints/causal_eps10/snapshot_iter2000.pt
Saved PyTorch checkpoint to results/checkpoints/causal_eps10/best.pt
Saved PyTorch checkpoint to results/checkpoints/causal_eps10/best.pt
Saved PyTorch checkpoint to results/checkpoints/causal_eps10/best.pt
Saved PyTorch checkpoint to results/checkpoints/causal_eps10/best.pt
Saved PyTorch checkpoint to results/checkpoints/causal_eps10/best.pt
Saved PyTorch checkpoint to results/checkpoints/causal_eps10/best.pt
Saved PyTorch checkpoint to results/checkpoints/causal_eps10/best.pt
Saved PyTorch checkpoint to results/checkpoints/causal_eps10/best.pt
Saved PyTorch checkpoint to results/checkpoints/causal_eps10/best.pt
Saved PyTorch checkpoint to results/checkpoints/causal_eps10/best.pt
Saved PyTorch checkpoint to results/checkpoints/causal_eps10/best.pt
Saved PyTorch checkpoint to results/checkpoints/causal_eps10/best.pt
Saved PyTorch checkpoint to results/checkpoints/causal_eps10/best.pt
Saved PyTorch checkpoint to results/checkpoints/causal_eps10/best.pt
Saved PyTorch checkpoint to results/checkpoints/causal_eps10/best.pt
Saved PyTorch checkpoint to results/checkpoints/causal_eps10/best.pt
Adam 2100 | total=1.050e-01 f=2.189e-02 ic=7.196e-04 wall=1.041e-02 inlet=6.064e-03 outlet=2.843e-05 min_w=8.037e-01
Saved PyTorch checkpoint to results/checkpoints/causal_eps10/best.pt
Saved PyTorch checkpoint to results/checkpoints/causal_eps10/best.pt
Saved PyTorch checkpoint to results/checkpoints/causal_eps10/best.pt
Saved PyTorch checkpoint to results/checkpoints/causal_eps10/best.pt
Saved PyTorch checkpoint to results/checkpoints/causal_eps10/best.pt
Saved PyTorch checkpoint to results/checkpoints/causal_eps10/best.pt
Saved PyTorch checkpoint to results/checkpoints/causal_eps10/best.pt
Saved PyTorch checkpoint to results/checkpoints/causal_eps10/best.pt
Saved PyTorch checkpoint to results/checkpoints/causal_eps10/best.pt
Saved PyTorch checkpoint to results/checkpoints/causal_eps10/best.pt
Saved PyTorch checkpoint to results/checkpoints/causal_eps10/best.pt
Saved PyTorch checkpoint to results/checkpoints/causal_eps10/best.pt
Saved PyTorch checkpoint to results/checkpoints/causal_eps10/best.pt
Saved PyTorch checkpoint to results/checkpoints/causal_eps10/best.pt
Adam 2200 | total=1.049e-01 f=2.304e-02 ic=7.888e-04 wall=1.239e-02 inlet=3.812e-03 outlet=2.346e-05 min_w=7.931e-01
Saved PyTorch checkpoint to results/checkpoints/causal_eps10/best.pt
Saved PyTorch checkpoint to results/checkpoints/causal_eps10/best.pt
Saved PyTorch checkpoint to results/checkpoints/causal_eps10/best.pt
Saved PyTorch checkpoint to results/checkpoints/causal_eps10/best.pt
Saved PyTorch checkpoint to results/checkpoints/causal_eps10/best.pt
Saved PyTorch checkpoint to results/checkpoints/causal_eps10/best.pt
Saved PyTorch checkpoint to results/checkpoints/causal_eps10/best.pt
Saved PyTorch checkpoint to results/checkpoints/causal_eps10/best.pt
Saved PyTorch checkpoint to results/checkpoints/causal_eps10/best.pt
Adam 2300 | total=9.980e-02 f=2.171e-02 ic=5.618e-04 wall=1.113e-02 inlet=4.370e-03 outlet=2.370e-05 min_w=8.049e-01
Saved PyTorch checkpoint to results/checkpoints/causal_eps10/best.pt
Saved PyTorch checkpoint to results/checkpoints/causal_eps10/best.pt
Saved PyTorch checkpoint to results/checkpoints/causal_eps10/best.pt
Saved PyTorch checkpoint to results/checkpoints/causal_eps10/best.pt
Saved PyTorch checkpoint to results/checkpoints/causal_eps10/best.pt
Saved PyTorch checkpoint to results/checkpoints/causal_eps10/best.pt
Saved PyTorch checkpoint to results/checkpoints/causal_eps10/best.pt
Saved PyTorch checkpoint to results/checkpoints/causal_eps10/best.pt
Adam 2400 | total=9.207e-02 f=1.900e-02 ic=5.446e-04 wall=1.028e-02 inlet=4.221e-03 outlet=1.744e-05 min_w=8.295e-01
Saved PyTorch checkpoint to results/checkpoints/causal_eps10/best.pt
Saved PyTorch checkpoint to results/checkpoints/causal_eps10/best.pt
Saved PyTorch checkpoint to results/checkpoints/causal_eps10/best.pt
Saved PyTorch checkpoint to results/checkpoints/causal_eps10/best.pt
Saved PyTorch checkpoint to results/checkpoints/causal_eps10/best.pt
Saved PyTorch checkpoint to results/checkpoints/causal_eps10/best.pt
Saved PyTorch checkpoint to results/checkpoints/causal_eps10/best.pt
Saved PyTorch checkpoint to results/checkpoints/causal_eps10/best.pt
Adam 2500 | total=9.054e-02 f=1.860e-02 ic=4.684e-04 wall=9.566e-03 inlet=4.725e-03 outlet=1.871e-05 min_w=8.334e-01
Saved PyTorch checkpoint to results/checkpoints/causal_eps10/best.pt
Saved PyTorch checkpoint to results/checkpoints/causal_eps10/best.pt
Saved PyTorch checkpoint to results/checkpoints/causal_eps10/best.pt
Saved PyTorch checkpoint to results/checkpoints/causal_eps10/best.pt
Saved PyTorch checkpoint to results/checkpoints/causal_eps10/best.pt
Saved PyTorch checkpoint to results/checkpoints/causal_eps10/best.pt
Saved PyTorch checkpoint to results/checkpoints/causal_eps10/best.pt
Saved PyTorch checkpoint to results/checkpoints/causal_eps10/best.pt
Adam 2600 | total=1.084e-01 f=2.180e-02 ic=8.758e-04 wall=8.073e-03 inlet=9.062e-03 outlet=1.841e-05 min_w=8.048e-01
Saved PyTorch checkpoint to results/checkpoints/causal_eps10/best.pt
Saved PyTorch checkpoint to results/checkpoints/causal_eps10/best.pt
Saved PyTorch checkpoint to results/checkpoints/causal_eps10/best.pt
Saved PyTorch checkpoint to results/checkpoints/causal_eps10/best.pt
Saved PyTorch checkpoint to results/checkpoints/causal_eps10/best.pt
Saved PyTorch checkpoint to results/checkpoints/causal_eps10/best.pt
Adam 2700 | total=9.480e-02 f=2.075e-02 ic=7.463e-04 wall=1.196e-02 inlet=2.696e-03 outlet=1.815e-05 min_w=8.115e-01
Saved PyTorch checkpoint to results/checkpoints/causal_eps10/best.pt
Saved PyTorch checkpoint to results/checkpoints/causal_eps10/best.pt
Saved PyTorch checkpoint to results/checkpoints/causal_eps10/best.pt
Saved PyTorch checkpoint to results/checkpoints/causal_eps10/best.pt
Saved PyTorch checkpoint to results/checkpoints/causal_eps10/best.pt
Saved PyTorch checkpoint to results/checkpoints/causal_eps10/best.pt
Saved PyTorch checkpoint to results/checkpoints/causal_eps10/best.pt
Saved PyTorch checkpoint to results/checkpoints/causal_eps10/best.pt
Saved PyTorch checkpoint to results/checkpoints/causal_eps10/best.pt
Saved PyTorch checkpoint to results/checkpoints/causal_eps10/best.pt
Adam 2800 | total=8.616e-02 f=1.790e-02 ic=6.327e-04 wall=8.988e-03 inlet=4.533e-03 outlet=1.668e-05 min_w=8.386e-01
Saved PyTorch checkpoint to results/checkpoints/causal_eps10/best.pt
Saved PyTorch checkpoint to results/checkpoints/causal_eps10/best.pt
Saved PyTorch checkpoint to results/checkpoints/causal_eps10/best.pt
Saved PyTorch checkpoint to results/checkpoints/causal_eps10/best.pt
Saved PyTorch checkpoint to results/checkpoints/causal_eps10/best.pt
Saved PyTorch checkpoint to results/checkpoints/causal_eps10/best.pt
Saved PyTorch checkpoint to results/checkpoints/causal_eps10/best.pt
Saved PyTorch checkpoint to results/checkpoints/causal_eps10/best.pt
Saved PyTorch checkpoint to results/checkpoints/causal_eps10/best.pt
Adam 2900 | total=8.059e-02 f=1.676e-02 ic=5.012e-04 wall=9.097e-03 inlet=3.565e-03 outlet=1.805e-05 min_w=8.498e-01
Saved PyTorch checkpoint to results/checkpoints/causal_eps10/best.pt
Saved PyTorch checkpoint to results/checkpoints/causal_eps10/best.pt
Saved PyTorch checkpoint to results/checkpoints/causal_eps10/best.pt
Saved PyTorch checkpoint to results/checkpoints/causal_eps10/best.pt
Saved PyTorch checkpoint to results/checkpoints/causal_eps10/best.pt
Saved PyTorch checkpoint to results/checkpoints/causal_eps10/best.pt
Adam 3000 | total=8.033e-02 f=1.710e-02 ic=5.414e-04 wall=9.848e-03 inlet=2.686e-03 outlet=1.854e-05 min_w=8.459e-01
Saved PyTorch checkpoint to results/checkpoints/causal_eps10/best.pt
Saved PyTorch checkpoint to results/checkpoints/causal_eps10/best.pt
Saved PyTorch checkpoint to results/checkpoints/causal_eps10/best.pt
Saved PyTorch checkpoint to results/checkpoints/causal_eps10/best.pt
Saved PyTorch checkpoint to results/checkpoints/causal_eps10/best.pt
Saved PyTorch checkpoint to results/checkpoints/causal_eps10/best.pt
Saved PyTorch checkpoint to results/checkpoints/causal_eps10/best.pt
Saved PyTorch checkpoint to results/checkpoints/causal_eps10/best.pt
Adam 3100 | total=8.298e-02 f=1.839e-02 ic=6.592e-04 wall=8.630e-03 inlet=4.152e-03 outlet=1.686e-05 min_w=8.341e-01
Saved PyTorch checkpoint to results/checkpoints/causal_eps10/best.pt
Saved PyTorch checkpoint to results/checkpoints/causal_eps10/best.pt
Saved PyTorch checkpoint to results/checkpoints/causal_eps10/best.pt
Saved PyTorch checkpoint to results/checkpoints/causal_eps10/best.pt
Saved PyTorch checkpoint to results/checkpoints/causal_eps10/best.pt
Saved PyTorch checkpoint to results/checkpoints/causal_eps10/best.pt
Adam 3200 | total=7.818e-02 f=1.646e-02 ic=5.731e-04 wall=8.164e-03 inlet=4.060e-03 outlet=1.815e-05 min_w=8.527e-01
Saved PyTorch checkpoint to results/checkpoints/causal_eps10/best.pt
Saved PyTorch checkpoint to results/checkpoints/causal_eps10/best.pt
Saved PyTorch checkpoint to results/checkpoints/causal_eps10/best.pt
Saved PyTorch checkpoint to results/checkpoints/causal_eps10/best.pt
Saved PyTorch checkpoint to results/checkpoints/causal_eps10/best.pt
Saved PyTorch checkpoint to results/checkpoints/causal_eps10/best.pt
Saved PyTorch checkpoint to results/checkpoints/causal_eps10/best.pt
Saved PyTorch checkpoint to results/checkpoints/causal_eps10/best.pt
Saved PyTorch checkpoint to results/checkpoints/causal_eps10/best.pt
Adam 3300 | total=7.572e-02 f=1.594e-02 ic=5.306e-04 wall=7.979e-03 inlet=3.867e-03 outlet=1.933e-05 min_w=8.578e-01
Saved PyTorch checkpoint to results/checkpoints/causal_eps10/best.pt
Saved PyTorch checkpoint to results/checkpoints/causal_eps10/best.pt
Saved PyTorch checkpoint to results/checkpoints/causal_eps10/best.pt
Saved PyTorch checkpoint to results/checkpoints/causal_eps10/best.pt
Saved PyTorch checkpoint to results/checkpoints/causal_eps10/best.pt
Saved PyTorch checkpoint to results/checkpoints/causal_eps10/best.pt
Saved PyTorch checkpoint to results/checkpoints/causal_eps10/best.pt
Saved PyTorch checkpoint to results/checkpoints/causal_eps10/best.pt
Saved PyTorch checkpoint to results/checkpoints/causal_eps10/best.pt
Saved PyTorch checkpoint to results/checkpoints/causal_eps10/best.pt
Adam 3400 | total=7.975e-02 f=1.669e-02 ic=6.673e-04 wall=7.570e-03 inlet=4.904e-03 outlet=1.828e-05 min_w=8.507e-01
Saved PyTorch checkpoint to results/checkpoints/causal_eps10/best.pt
Saved PyTorch checkpoint to results/checkpoints/causal_eps10/best.pt
Saved PyTorch checkpoint to results/checkpoints/causal_eps10/best.pt
Saved PyTorch checkpoint to results/checkpoints/causal_eps10/best.pt
Saved PyTorch checkpoint to results/checkpoints/causal_eps10/best.pt
Saved PyTorch checkpoint to results/checkpoints/causal_eps10/best.pt
Saved PyTorch checkpoint to results/checkpoints/causal_eps10/best.pt
Saved PyTorch checkpoint to results/checkpoints/causal_eps10/best.pt
Adam 3500 | total=7.435e-02 f=1.565e-02 ic=5.612e-04 wall=7.568e-03 inlet=4.056e-03 outlet=1.925e-05 min_w=8.605e-01
Saved PyTorch checkpoint to results/checkpoints/causal_eps10/best.pt
Saved PyTorch checkpoint to results/checkpoints/causal_eps10/best.pt
Saved PyTorch checkpoint to results/checkpoints/causal_eps10/best.pt
Saved PyTorch checkpoint to results/checkpoints/causal_eps10/best.pt
Adam 3600 | total=7.180e-02 f=1.567e-02 ic=5.505e-04 wall=7.920e-03 inlet=3.191e-03 outlet=1.844e-05 min_w=8.599e-01
Saved PyTorch checkpoint to results/checkpoints/causal_eps10/best.pt
Saved PyTorch checkpoint to results/checkpoints/causal_eps10/best.pt
Saved PyTorch checkpoint to results/checkpoints/causal_eps10/best.pt
Adam 3700 | total=7.249e-02 f=1.612e-02 ic=5.682e-04 wall=7.856e-03 inlet=3.301e-03 outlet=1.878e-05 min_w=8.557e-01
Saved PyTorch checkpoint to results/checkpoints/causal_eps10/best.pt
Saved PyTorch checkpoint to results/checkpoints/causal_eps10/best.pt
Saved PyTorch checkpoint to results/checkpoints/causal_eps10/best.pt
Saved PyTorch checkpoint to results/checkpoints/causal_eps10/best.pt
Saved PyTorch checkpoint to results/checkpoints/causal_eps10/best.pt
Saved PyTorch checkpoint to results/checkpoints/causal_eps10/best.pt
Saved PyTorch checkpoint to results/checkpoints/causal_eps10/best.pt
Adam 3800 | total=7.040e-02 f=1.584e-02 ic=5.912e-04 wall=8.745e-03 inlet=2.046e-03 outlet=2.441e-05 min_w=8.573e-01
Saved PyTorch checkpoint to results/checkpoints/causal_eps10/best.pt
Saved PyTorch checkpoint to results/checkpoints/causal_eps10/best.pt
Saved PyTorch checkpoint to results/checkpoints/causal_eps10/best.pt
Saved PyTorch checkpoint to results/checkpoints/causal_eps10/best.pt
Saved PyTorch checkpoint to results/checkpoints/causal_eps10/best.pt
Saved PyTorch checkpoint to results/checkpoints/causal_eps10/best.pt
Adam 3900 | total=7.194e-02 f=1.616e-02 ic=6.640e-04 wall=9.083e-03 inlet=1.936e-03 outlet=1.984e-05 min_w=8.539e-01
Saved PyTorch checkpoint to results/checkpoints/causal_eps10/best.pt
Saved PyTorch checkpoint to results/checkpoints/causal_eps10/best.pt
Saved PyTorch checkpoint to results/checkpoints/causal_eps10/best.pt
Saved PyTorch checkpoint to results/checkpoints/causal_eps10/best.pt
Saved PyTorch checkpoint to results/checkpoints/causal_eps10/best.pt
Saved PyTorch checkpoint to results/checkpoints/causal_eps10/best.pt
Adam 4000 | total=6.760e-02 f=1.449e-02 ic=5.801e-04 wall=7.010e-03 inlet=3.492e-03 outlet=2.005e-05 min_w=8.713e-01
Saved PyTorch checkpoint to results/checkpoints/causal_eps10/best.pt
Saved PyTorch checkpoint to results/checkpoints/causal_eps10/best.pt
Saved PyTorch checkpoint to results/checkpoints/causal_eps10/best.pt
Saved PyTorch checkpoint to results/checkpoints/causal_eps10/best.pt
Saved PyTorch checkpoint to results/checkpoints/causal_eps10/best.pt
Adam 4100 | total=6.500e-02 f=1.405e-02 ic=5.523e-04 wall=7.177e-03 inlet=2.897e-03 outlet=2.401e-05 min_w=8.749e-01
Saved PyTorch checkpoint to results/checkpoints/causal_eps10/best.pt
Saved PyTorch checkpoint to results/checkpoints/causal_eps10/best.pt
Saved PyTorch checkpoint to results/checkpoints/causal_eps10/best.pt
Saved PyTorch checkpoint to results/checkpoints/causal_eps10/best.pt
Adam 4200 | total=6.445e-02 f=1.409e-02 ic=5.724e-04 wall=7.209e-03 inlet=2.743e-03 outlet=2.409e-05 min_w=8.740e-01
Saved PyTorch checkpoint to results/checkpoints/causal_eps10/best.pt
Saved PyTorch checkpoint to results/checkpoints/causal_eps10/best.pt
Saved PyTorch checkpoint to results/checkpoints/causal_eps10/best.pt
Saved PyTorch checkpoint to results/checkpoints/causal_eps10/best.pt
Adam 4300 | total=7.953e-02 f=1.958e-02 ic=9.749e-04 wall=9.694e-03 inlet=2.095e-03 outlet=2.712e-05 min_w=8.208e-01
Saved PyTorch checkpoint to results/checkpoints/causal_eps10/best.pt
Saved PyTorch checkpoint to results/checkpoints/causal_eps10/best.pt
Saved PyTorch checkpoint to results/checkpoints/causal_eps10/best.pt
Saved PyTorch checkpoint to results/checkpoints/causal_eps10/best.pt
Saved PyTorch checkpoint to results/checkpoints/causal_eps10/best.pt
Saved PyTorch checkpoint to results/checkpoints/causal_eps10/best.pt
Saved PyTorch checkpoint to results/checkpoints/causal_eps10/best.pt
Adam 4400 | total=6.325e-02 f=1.439e-02 ic=6.658e-04 wall=7.774e-03 inlet=1.859e-03 outlet=2.266e-05 min_w=8.708e-01
Saved PyTorch checkpoint to results/checkpoints/causal_eps10/best.pt
Saved PyTorch checkpoint to results/checkpoints/causal_eps10/best.pt
Saved PyTorch checkpoint to results/checkpoints/causal_eps10/best.pt
Adam 4500 | total=6.393e-02 f=1.423e-02 ic=6.485e-04 wall=6.478e-03 inlet=3.328e-03 outlet=2.657e-05 min_w=8.730e-01
Saved PyTorch checkpoint to results/checkpoints/causal_eps10/best.pt
Saved PyTorch checkpoint to results/checkpoints/causal_eps10/best.pt
Saved PyTorch checkpoint to results/checkpoints/causal_eps10/best.pt
Saved PyTorch checkpoint to results/checkpoints/causal_eps10/best.pt
Saved PyTorch checkpoint to results/checkpoints/causal_eps10/best.pt
Saved PyTorch checkpoint to results/checkpoints/causal_eps10/best.pt
Adam 4600 | total=6.174e-02 f=1.309e-02 ic=6.548e-04 wall=6.280e-03 inlet=3.314e-03 outlet=2.582e-05 min_w=8.839e-01
Saved PyTorch checkpoint to results/checkpoints/causal_eps10/best.pt
Saved PyTorch checkpoint to results/checkpoints/causal_eps10/best.pt
Saved PyTorch checkpoint to results/checkpoints/causal_eps10/best.pt
Adam 4700 | total=5.906e-02 f=1.326e-02 ic=6.474e-04 wall=6.766e-03 inlet=2.259e-03 outlet=2.527e-05 min_w=8.816e-01
Saved PyTorch checkpoint to results/checkpoints/causal_eps10/best.pt
Saved PyTorch checkpoint to results/checkpoints/causal_eps10/best.pt
Saved PyTorch checkpoint to results/checkpoints/causal_eps10/best.pt
Saved PyTorch checkpoint to results/checkpoints/causal_eps10/best.pt
Saved PyTorch checkpoint to results/checkpoints/causal_eps10/best.pt
Adam 4800 | total=6.294e-02 f=1.416e-02 ic=7.200e-04 wall=6.075e-03 inlet=3.531e-03 outlet=2.646e-05 min_w=8.738e-01
Saved PyTorch checkpoint to results/checkpoints/causal_eps10/best.pt
Saved PyTorch checkpoint to results/checkpoints/causal_eps10/best.pt
Saved PyTorch checkpoint to results/checkpoints/causal_eps10/best.pt
Saved PyTorch checkpoint to results/checkpoints/causal_eps10/best.pt
Adam 4900 | total=6.097e-02 f=1.484e-02 ic=7.038e-04 wall=6.546e-03 inlet=2.533e-03 outlet=2.659e-05 min_w=8.667e-01
Saved PyTorch checkpoint to results/checkpoints/causal_eps10/best.pt
Saved PyTorch checkpoint to results/checkpoints/causal_eps10/best.pt
Saved PyTorch checkpoint to results/checkpoints/causal_eps10/best.pt
Saved PyTorch checkpoint to results/checkpoints/causal_eps10/best.pt
Saved PyTorch checkpoint to results/checkpoints/causal_eps10/best.pt
Saved PyTorch checkpoint to results/checkpoints/causal_eps10/best.pt
Saved PyTorch checkpoint to results/checkpoints/causal_eps10/best.pt
Saved PyTorch checkpoint to results/checkpoints/causal_eps10/best.pt
Saved PyTorch checkpoint to results/checkpoints/causal_eps10/best.pt
Saved PyTorch checkpoint to results/checkpoints/causal_eps10/best.pt
Saved PyTorch checkpoint to results/checkpoints/causal_eps10/best.pt
Adam 5000 | total=5.690e-02 f=1.330e-02 ic=7.495e-04 wall=6.849e-03 inlet=1.717e-03 outlet=2.801e-05 min_w=8.804e-01
Saved PyTorch checkpoint to results/checkpoints/causal_eps10/snapshot_iter5000.pt
[snapshot] iter 5000 → results/checkpoints/causal_eps10/snapshot_iter5000.pt
Adam 5100 | total=5.752e-02 f=1.413e-02 ic=7.649e-04 wall=6.837e-03 inlet=1.682e-03 outlet=3.148e-05 min_w=8.716e-01
Saved PyTorch checkpoint to results/checkpoints/causal_eps10/best.pt
Saved PyTorch checkpoint to results/checkpoints/causal_eps10/best.pt
Saved PyTorch checkpoint to results/checkpoints/causal_eps10/best.pt
Saved PyTorch checkpoint to results/checkpoints/causal_eps10/best.pt
Saved PyTorch checkpoint to results/checkpoints/causal_eps10/best.pt
Saved PyTorch checkpoint to results/checkpoints/causal_eps10/best.pt
Saved PyTorch checkpoint to results/checkpoints/causal_eps10/best.pt
Saved PyTorch checkpoint to results/checkpoints/causal_eps10/best.pt
Adam 5200 | total=5.842e-02 f=1.415e-02 ic=7.917e-04 wall=5.602e-03 inlet=3.088e-03 outlet=3.290e-05 min_w=8.726e-01
Saved PyTorch checkpoint to results/checkpoints/causal_eps10/best.pt
Saved PyTorch checkpoint to results/checkpoints/causal_eps10/best.pt
Saved PyTorch checkpoint to results/checkpoints/causal_eps10/best.pt
Saved PyTorch checkpoint to results/checkpoints/causal_eps10/best.pt
Saved PyTorch checkpoint to results/checkpoints/causal_eps10/best.pt
Saved PyTorch checkpoint to results/checkpoints/causal_eps10/best.pt
Saved PyTorch checkpoint to results/checkpoints/causal_eps10/best.pt
Saved PyTorch checkpoint to results/checkpoints/causal_eps10/best.pt
Adam 5300 | total=5.083e-02 f=1.170e-02 ic=7.442e-04 wall=5.846e-03 inlet=1.825e-03 outlet=3.245e-05 min_w=8.950e-01
Saved PyTorch checkpoint to results/checkpoints/causal_eps10/best.pt
Adam 5400 | total=5.716e-02 f=1.497e-02 ic=7.901e-04 wall=5.605e-03 inlet=2.669e-03 outlet=3.230e-05 min_w=8.655e-01
Saved PyTorch checkpoint to results/checkpoints/causal_eps10/best.pt
Saved PyTorch checkpoint to results/checkpoints/causal_eps10/best.pt
Saved PyTorch checkpoint to results/checkpoints/causal_eps10/best.pt
Saved PyTorch checkpoint to results/checkpoints/causal_eps10/best.pt
Saved PyTorch checkpoint to results/checkpoints/causal_eps10/best.pt
Saved PyTorch checkpoint to results/checkpoints/causal_eps10/best.pt
Adam 5500 | total=5.293e-02 f=1.236e-02 ic=8.025e-04 wall=5.134e-03 inlet=2.813e-03 outlet=3.437e-05 min_w=8.897e-01
Saved PyTorch checkpoint to results/checkpoints/causal_eps10/best.pt
Saved PyTorch checkpoint to results/checkpoints/causal_eps10/best.pt
Saved PyTorch checkpoint to results/checkpoints/causal_eps10/best.pt
Saved PyTorch checkpoint to results/checkpoints/causal_eps10/best.pt
Saved PyTorch checkpoint to results/checkpoints/causal_eps10/best.pt
Adam 5600 | total=5.383e-02 f=1.289e-02 ic=8.310e-04 wall=4.950e-03 inlet=3.064e-03 outlet=3.604e-05 min_w=8.843e-01
Saved PyTorch checkpoint to results/checkpoints/causal_eps10/best.pt
Saved PyTorch checkpoint to results/checkpoints/causal_eps10/best.pt
Saved PyTorch checkpoint to results/checkpoints/causal_eps10/best.pt
Saved PyTorch checkpoint to results/checkpoints/causal_eps10/best.pt
Saved PyTorch checkpoint to results/checkpoints/causal_eps10/best.pt
Saved PyTorch checkpoint to results/checkpoints/causal_eps10/best.pt
Adam 5700 | total=4.722e-02 f=1.143e-02 ic=7.735e-04 wall=5.562e-03 inlet=1.432e-03 outlet=3.617e-05 min_w=8.969e-01
Saved PyTorch checkpoint to results/checkpoints/causal_eps10/best.pt
Saved PyTorch checkpoint to results/checkpoints/causal_eps10/best.pt
Saved PyTorch checkpoint to results/checkpoints/causal_eps10/best.pt
Saved PyTorch checkpoint to results/checkpoints/causal_eps10/best.pt
Saved PyTorch checkpoint to results/checkpoints/causal_eps10/best.pt
Adam 5800 | total=4.520e-02 f=1.099e-02 ic=7.862e-04 wall=5.136e-03 inlet=1.542e-03 outlet=3.740e-05 min_w=9.013e-01
Saved PyTorch checkpoint to results/checkpoints/causal_eps10/best.pt
Saved PyTorch checkpoint to results/checkpoints/causal_eps10/best.pt
Saved PyTorch checkpoint to results/checkpoints/causal_eps10/best.pt
Adam 5900 | total=4.607e-02 f=1.153e-02 ic=8.058e-04 wall=4.785e-03 inlet=1.954e-03 outlet=3.886e-05 min_w=8.968e-01
Saved PyTorch checkpoint to results/checkpoints/causal_eps10/best.pt
Saved PyTorch checkpoint to results/checkpoints/causal_eps10/best.pt
Saved PyTorch checkpoint to results/checkpoints/causal_eps10/best.pt
Adam 6000 | total=6.309e-02 f=1.835e-02 ic=1.047e-03 wall=4.568e-03 inlet=4.163e-03 outlet=3.585e-05 min_w=8.344e-01
Saved PyTorch checkpoint to results/checkpoints/causal_eps10/best.pt
Saved PyTorch checkpoint to results/checkpoints/causal_eps10/best.pt
Saved PyTorch checkpoint to results/checkpoints/causal_eps10/best.pt
Saved PyTorch checkpoint to results/checkpoints/causal_eps10/best.pt
Saved PyTorch checkpoint to results/checkpoints/causal_eps10/best.pt
Saved PyTorch checkpoint to results/checkpoints/causal_eps10/best.pt
Adam 6100 | total=4.519e-02 f=1.213e-02 ic=8.629e-04 wall=4.494e-03 inlet=1.939e-03 outlet=3.754e-05 min_w=8.912e-01
Saved PyTorch checkpoint to results/checkpoints/causal_eps10/best.pt
Saved PyTorch checkpoint to results/checkpoints/causal_eps10/best.pt
Saved PyTorch checkpoint to results/checkpoints/causal_eps10/best.pt
Saved PyTorch checkpoint to results/checkpoints/causal_eps10/best.pt
Saved PyTorch checkpoint to results/checkpoints/causal_eps10/best.pt
Adam 6200 | total=4.763e-02 f=1.455e-02 ic=9.364e-04 wall=4.870e-03 inlet=1.551e-03 outlet=4.131e-05 min_w=8.666e-01
Saved PyTorch checkpoint to results/checkpoints/causal_eps10/best.pt
Saved PyTorch checkpoint to results/checkpoints/causal_eps10/best.pt
Saved PyTorch checkpoint to results/checkpoints/causal_eps10/best.pt
Adam 6300 | total=4.440e-02 f=1.216e-02 ic=8.652e-04 wall=4.203e-03 inlet=2.064e-03 outlet=3.872e-05 min_w=8.908e-01
Saved PyTorch checkpoint to results/checkpoints/causal_eps10/best.pt
Saved PyTorch checkpoint to results/checkpoints/causal_eps10/best.pt
Adam 6400 | total=4.656e-02 f=1.376e-02 ic=9.035e-04 wall=4.135e-03 inlet=2.236e-03 outlet=3.936e-05 min_w=8.761e-01
Saved PyTorch checkpoint to results/checkpoints/causal_eps10/best.pt
Saved PyTorch checkpoint to results/checkpoints/causal_eps10/best.pt
Adam 6500 | total=4.480e-02 f=1.389e-02 ic=9.301e-04 wall=4.196e-03 inlet=1.792e-03 outlet=3.658e-05 min_w=8.744e-01
Saved PyTorch checkpoint to results/checkpoints/causal_eps10/best.pt
Saved PyTorch checkpoint to results/checkpoints/causal_eps10/best.pt
Saved PyTorch checkpoint to results/checkpoints/causal_eps10/best.pt
Saved PyTorch checkpoint to results/checkpoints/causal_eps10/best.pt
Saved PyTorch checkpoint to results/checkpoints/causal_eps10/best.pt
Adam 6600 | total=3.858e-02 f=1.109e-02 ic=8.971e-04 wall=4.092e-03 inlet=1.217e-03 outlet=4.251e-05 min_w=8.997e-01
Saved PyTorch checkpoint to results/checkpoints/causal_eps10/best.pt
Saved PyTorch checkpoint to results/checkpoints/causal_eps10/best.pt
Saved PyTorch checkpoint to results/checkpoints/causal_eps10/best.pt
Saved PyTorch checkpoint to results/checkpoints/causal_eps10/best.pt
Adam 6700 | total=5.014e-02 f=1.499e-02 ic=1.016e-03 wall=3.727e-03 inlet=3.092e-03 outlet=4.369e-05 min_w=8.647e-01
Saved PyTorch checkpoint to results/checkpoints/causal_eps10/best.pt
Saved PyTorch checkpoint to results/checkpoints/causal_eps10/best.pt
Saved PyTorch checkpoint to results/checkpoints/causal_eps10/best.pt
Saved PyTorch checkpoint to results/checkpoints/causal_eps10/best.pt
Adam 6800 | total=3.836e-02 f=1.199e-02 ic=9.629e-04 wall=3.997e-03 inlet=1.074e-03 outlet=4.367e-05 min_w=8.908e-01
Adam 6900 | total=4.461e-02 f=1.478e-02 ic=9.591e-04 wall=3.566e-03 inlet=2.199e-03 outlet=4.589e-05 min_w=8.656e-01
Saved PyTorch checkpoint to results/checkpoints/causal_eps10/best.pt
Saved PyTorch checkpoint to results/checkpoints/causal_eps10/best.pt
Saved PyTorch checkpoint to results/checkpoints/causal_eps10/best.pt
Saved PyTorch checkpoint to results/checkpoints/causal_eps10/best.pt
Saved PyTorch checkpoint to results/checkpoints/causal_eps10/best.pt
Adam 7000 | total=4.242e-02 f=1.515e-02 ic=1.066e-03 wall=3.986e-03 inlet=1.245e-03 outlet=4.690e-05 min_w=8.609e-01
Saved PyTorch checkpoint to results/checkpoints/causal_eps10/best.pt
Saved PyTorch checkpoint to results/checkpoints/causal_eps10/best.pt
Saved PyTorch checkpoint to results/checkpoints/causal_eps10/best.pt
Saved PyTorch checkpoint to results/checkpoints/causal_eps10/best.pt
Saved PyTorch checkpoint to results/checkpoints/causal_eps10/best.pt
Adam 7100 | total=3.557e-02 f=1.149e-02 ic=9.729e-04 wall=3.623e-03 inlet=9.914e-04 outlet=4.414e-05 min_w=8.958e-01
Adam 7200 | total=4.120e-02 f=1.327e-02 ic=9.763e-04 wall=3.251e-03 inlet=2.131e-03 outlet=4.543e-05 min_w=8.806e-01
Saved PyTorch checkpoint to results/checkpoints/causal_eps10/best.pt
Saved PyTorch checkpoint to results/checkpoints/causal_eps10/best.pt
Saved PyTorch checkpoint to results/checkpoints/causal_eps10/best.pt
Saved PyTorch checkpoint to results/checkpoints/causal_eps10/best.pt
Saved PyTorch checkpoint to results/checkpoints/causal_eps10/best.pt
Adam 7300 | total=4.262e-02 f=1.407e-02 ic=9.750e-04 wall=3.194e-03 inlet=2.311e-03 outlet=4.542e-05 min_w=8.729e-01
Saved PyTorch checkpoint to results/checkpoints/causal_eps10/best.pt
Saved PyTorch checkpoint to results/checkpoints/causal_eps10/best.pt
Adam 7400 | total=3.723e-02 f=1.332e-02 ic=9.505e-04 wall=3.279e-03 inlet=1.303e-03 outlet=4.877e-05 min_w=8.786e-01
Saved PyTorch checkpoint to results/checkpoints/causal_eps10/best.pt
Saved PyTorch checkpoint to results/checkpoints/causal_eps10/best.pt
Saved PyTorch checkpoint to results/checkpoints/causal_eps10/best.pt
Adam 7500 | total=4.664e-02 f=1.746e-02 ic=1.314e-03 wall=4.310e-03 inlet=1.253e-03 outlet=4.934e-05 min_w=8.384e-01
Adam 7600 | total=3.881e-02 f=1.469e-02 ic=9.213e-04 wall=3.095e-03 inlet=1.536e-03 outlet=4.939e-05 min_w=8.659e-01
Saved PyTorch checkpoint to results/checkpoints/causal_eps10/best.pt
Saved PyTorch checkpoint to results/checkpoints/causal_eps10/best.pt
Saved PyTorch checkpoint to results/checkpoints/causal_eps10/best.pt
Adam 7700 | total=3.299e-02 f=1.167e-02 ic=9.642e-04 wall=3.316e-03 inlet=7.467e-04 outlet=4.704e-05 min_w=8.938e-01
Saved PyTorch checkpoint to results/checkpoints/causal_eps10/best.pt
Saved PyTorch checkpoint to results/checkpoints/causal_eps10/best.pt
Saved PyTorch checkpoint to results/checkpoints/causal_eps10/best.pt
Saved PyTorch checkpoint to results/checkpoints/causal_eps10/best.pt
Adam 7800 | total=3.466e-02 f=1.271e-02 ic=1.064e-03 wall=3.436e-03 inlet=7.317e-04 outlet=4.615e-05 min_w=8.840e-01
Adam 7900 | total=3.468e-02 f=1.340e-02 ic=9.801e-04 wall=3.033e-03 inlet=1.018e-03 outlet=4.474e-05 min_w=8.786e-01
Saved PyTorch checkpoint to results/checkpoints/causal_eps10/best.pt
Adam 8000 | total=4.022e-02 f=1.682e-02 ic=9.946e-04 wall=3.017e-03 inlet=1.455e-03 outlet=4.287e-05 min_w=8.472e-01
Saved PyTorch checkpoint to results/checkpoints/causal_eps10/best.pt
Saved PyTorch checkpoint to results/checkpoints/causal_eps10/best.pt
Saved PyTorch checkpoint to results/checkpoints/causal_eps10/best.pt
Saved PyTorch checkpoint to results/checkpoints/causal_eps10/best.pt
Saved PyTorch checkpoint to results/checkpoints/causal_eps10/best.pt
Saved PyTorch checkpoint to results/checkpoints/causal_eps10/best.pt
Saved PyTorch checkpoint to results/checkpoints/causal_eps10/best.pt
Saved PyTorch checkpoint to results/checkpoints/causal_eps10/best.pt
Adam 8100 | total=3.848e-02 f=1.485e-02 ic=9.234e-04 wall=2.723e-03 inlet=1.809e-03 outlet=4.482e-05 min_w=8.663e-01
Adam 8200 | total=3.158e-02 f=1.214e-02 ic=9.415e-04 wall=2.959e-03 inlet=7.312e-04 outlet=4.743e-05 min_w=8.897e-01
Saved PyTorch checkpoint to results/checkpoints/causal_eps10/best.pt
Saved PyTorch checkpoint to results/checkpoints/causal_eps10/best.pt
Saved PyTorch checkpoint to results/checkpoints/causal_eps10/best.pt
Adam 8300 | total=3.539e-02 f=1.305e-02 ic=8.895e-04 wall=2.545e-03 inlet=1.734e-03 outlet=4.959e-05 min_w=8.823e-01
Saved PyTorch checkpoint to results/checkpoints/causal_eps10/best.pt
Saved PyTorch checkpoint to results/checkpoints/causal_eps10/best.pt
Saved PyTorch checkpoint to results/checkpoints/causal_eps10/best.pt
Saved PyTorch checkpoint to results/checkpoints/causal_eps10/best.pt
Adam 8400 | total=3.336e-02 f=1.274e-02 ic=8.760e-04 wall=2.508e-03 inlet=1.431e-03 outlet=4.800e-05 min_w=8.852e-01
Saved PyTorch checkpoint to results/checkpoints/causal_eps10/best.pt
Saved PyTorch checkpoint to results/checkpoints/causal_eps10/best.pt
Saved PyTorch checkpoint to results/checkpoints/causal_eps10/best.pt
Saved PyTorch checkpoint to results/checkpoints/causal_eps10/best.pt
Adam 8500 | total=3.024e-02 f=1.174e-02 ic=9.696e-04 wall=2.906e-03 inlet=5.894e-04 outlet=5.076e-05 min_w=8.926e-01
Saved PyTorch checkpoint to results/checkpoints/causal_eps10/best.pt
Saved PyTorch checkpoint to results/checkpoints/causal_eps10/best.pt
Adam 8600 | total=4.168e-02 f=1.759e-02 ic=1.191e-03 wall=3.440e-03 inlet=1.130e-03 outlet=5.204e-05 min_w=8.375e-01
Saved PyTorch checkpoint to results/checkpoints/causal_eps10/best.pt
Saved PyTorch checkpoint to results/checkpoints/causal_eps10/best.pt
Adam 8700 | total=3.656e-02 f=1.628e-02 ic=9.806e-04 wall=2.817e-03 inlet=1.032e-03 outlet=5.338e-05 min_w=8.504e-01
Saved PyTorch checkpoint to results/checkpoints/causal_eps10/best.pt
Saved PyTorch checkpoint to results/checkpoints/causal_eps10/best.pt
Saved PyTorch checkpoint to results/checkpoints/causal_eps10/best.pt
Saved PyTorch checkpoint to results/checkpoints/causal_eps10/best.pt
Adam 8800 | total=3.197e-02 f=1.392e-02 ic=8.793e-04 wall=2.482e-03 inlet=9.416e-04 outlet=5.237e-05 min_w=8.728e-01
Saved PyTorch checkpoint to results/checkpoints/causal_eps10/best.pt
Saved PyTorch checkpoint to results/checkpoints/causal_eps10/best.pt
Saved PyTorch checkpoint to results/checkpoints/causal_eps10/best.pt
Saved PyTorch checkpoint to results/checkpoints/causal_eps10/best.pt
Saved PyTorch checkpoint to results/checkpoints/causal_eps10/best.pt
Adam 8900 | total=2.997e-02 f=1.205e-02 ic=8.260e-04 wall=2.291e-03 inlet=1.118e-03 outlet=4.953e-05 min_w=8.912e-01
Adam 9000 | total=3.211e-02 f=1.405e-02 ic=9.352e-04 wall=2.612e-03 inlet=8.036e-04 outlet=4.657e-05 min_w=8.719e-01
Saved PyTorch checkpoint to results/checkpoints/causal_eps10/best.pt
Saved PyTorch checkpoint to results/checkpoints/causal_eps10/best.pt
Saved PyTorch checkpoint to results/checkpoints/causal_eps10/best.pt
Saved PyTorch checkpoint to results/checkpoints/causal_eps10/best.pt
Saved PyTorch checkpoint to results/checkpoints/causal_eps10/best.pt
Adam 9100 | total=2.880e-02 f=1.229e-02 ic=8.406e-04 wall=2.478e-03 inlet=6.461e-04 outlet=4.856e-05 min_w=8.880e-01
Saved PyTorch checkpoint to results/checkpoints/causal_eps10/best.pt
Saved PyTorch checkpoint to results/checkpoints/causal_eps10/best.pt
Adam 9200 | total=2.873e-02 f=1.242e-02 ic=8.265e-04 wall=2.339e-03 inlet=7.475e-04 outlet=5.467e-05 min_w=8.863e-01
Saved PyTorch checkpoint to results/checkpoints/causal_eps10/best.pt
Saved PyTorch checkpoint to results/checkpoints/causal_eps10/best.pt
Saved PyTorch checkpoint to results/checkpoints/causal_eps10/best.pt
Saved PyTorch checkpoint to results/checkpoints/causal_eps10/best.pt
Saved PyTorch checkpoint to results/checkpoints/causal_eps10/best.pt
Adam 9300 | total=2.693e-02 f=1.157e-02 ic=8.239e-04 wall=2.247e-03 inlet=6.511e-04 outlet=5.134e-05 min_w=8.946e-01
Saved PyTorch checkpoint to results/checkpoints/causal_eps10/best.pt
Saved PyTorch checkpoint to results/checkpoints/causal_eps10/best.pt
Adam 9400 | total=2.794e-02 f=1.205e-02 ic=8.712e-04 wall=2.430e-03 inlet=5.625e-04 outlet=5.432e-05 min_w=8.891e-01
Saved PyTorch checkpoint to results/checkpoints/causal_eps10/best.pt
Saved PyTorch checkpoint to results/checkpoints/causal_eps10/best.pt
Saved PyTorch checkpoint to results/checkpoints/causal_eps10/best.pt
Saved PyTorch checkpoint to results/checkpoints/causal_eps10/best.pt
Adam 9500 | total=4.337e-02 f=1.752e-02 ic=9.308e-04 wall=2.344e-03 inlet=2.629e-03 outlet=5.064e-05 min_w=8.412e-01
Adam 9600 | total=2.838e-02 f=1.223e-02 ic=7.642e-04 wall=2.058e-03 inlet=1.009e-03 outlet=5.245e-05 min_w=8.887e-01
Adam 9700 | total=3.922e-02 f=1.856e-02 ic=1.032e-03 wall=2.776e-03 inlet=1.138e-03 outlet=5.330e-05 min_w=8.285e-01
Saved PyTorch checkpoint to results/checkpoints/causal_eps10/best.pt
Saved PyTorch checkpoint to results/checkpoints/causal_eps10/best.pt
Saved PyTorch checkpoint to results/checkpoints/causal_eps10/best.pt
Saved PyTorch checkpoint to results/checkpoints/causal_eps10/best.pt
Adam 9800 | total=2.871e-02 f=1.291e-02 ic=7.703e-04 wall=2.010e-03 inlet=9.850e-04 outlet=4.996e-05 min_w=8.827e-01
Saved PyTorch checkpoint to results/checkpoints/causal_eps10/best.pt
Saved PyTorch checkpoint to results/checkpoints/causal_eps10/best.pt
Adam 9900 | total=2.622e-02 f=1.216e-02 ic=7.389e-04 wall=2.025e-03 inlet=6.294e-04 outlet=4.562e-05 min_w=8.888e-01
Adam 10000 | total=2.637e-02 f=1.213e-02 ic=7.739e-04 wall=2.084e-03 inlet=5.982e-04 outlet=5.114e-05 min_w=8.888e-01
Saved PyTorch checkpoint to results/checkpoints/causal_eps10/snapshot_iter10000.pt
[snapshot] iter 10000 → results/checkpoints/causal_eps10/snapshot_iter10000.pt
--- 1169.71 seconds ---
Saved PyTorch checkpoint to results/checkpoints/causal_eps10/latest.pt
Causal weight curve saved to results/figures/causal_eps10/causal_weight_curve.png
########## DONE causal_eps10 Mon Jun  1 02:47:56 UTC 2026 ##########
########## START causal_eps30 Mon Jun  1 02:47:56 UTC 2026 ##########
Using device: cuda
Experiment: causal_eps30  eps=30.0  bins=32 (duration)  lbfgs=uniform
[bins] mode=duration M=32 N=136366 per-bin count: min=4084 max=4492
[snapshot] will save at Adam iters: [2000, 5000, 10000]
Adam 1 | total=4.935e+00 f=1.167e-01 ic=6.128e-01 wall=5.611e-01 inlet=2.458e-01 outlet=1.713e-01 min_w=0.000e+00
Saved PyTorch checkpoint to results/checkpoints/causal_eps30/best.pt
Saved PyTorch checkpoint to results/checkpoints/causal_eps30/best.pt
Saved PyTorch checkpoint to results/checkpoints/causal_eps30/best.pt
Saved PyTorch checkpoint to results/checkpoints/causal_eps30/best.pt
Saved PyTorch checkpoint to results/checkpoints/causal_eps30/best.pt
Saved PyTorch checkpoint to results/checkpoints/causal_eps30/best.pt
Saved PyTorch checkpoint to results/checkpoints/causal_eps30/best.pt
Saved PyTorch checkpoint to results/checkpoints/causal_eps30/best.pt
Saved PyTorch checkpoint to results/checkpoints/causal_eps30/best.pt
Saved PyTorch checkpoint to results/checkpoints/causal_eps30/best.pt
Saved PyTorch checkpoint to results/checkpoints/causal_eps30/best.pt
Saved PyTorch checkpoint to results/checkpoints/causal_eps30/best.pt
Saved PyTorch checkpoint to results/checkpoints/causal_eps30/best.pt
Saved PyTorch checkpoint to results/checkpoints/causal_eps30/best.pt
Saved PyTorch checkpoint to results/checkpoints/causal_eps30/best.pt
Saved PyTorch checkpoint to results/checkpoints/causal_eps30/best.pt
Saved PyTorch checkpoint to results/checkpoints/causal_eps30/best.pt
Saved PyTorch checkpoint to results/checkpoints/causal_eps30/best.pt
Saved PyTorch checkpoint to results/checkpoints/causal_eps30/best.pt
Saved PyTorch checkpoint to results/checkpoints/causal_eps30/best.pt
Saved PyTorch checkpoint to results/checkpoints/causal_eps30/best.pt
Saved PyTorch checkpoint to results/checkpoints/causal_eps30/best.pt
Saved PyTorch checkpoint to results/checkpoints/causal_eps30/best.pt
Saved PyTorch checkpoint to results/checkpoints/causal_eps30/best.pt
Saved PyTorch checkpoint to results/checkpoints/causal_eps30/best.pt
Saved PyTorch checkpoint to results/checkpoints/causal_eps30/best.pt
Saved PyTorch checkpoint to results/checkpoints/causal_eps30/best.pt
Saved PyTorch checkpoint to results/checkpoints/causal_eps30/best.pt
Saved PyTorch checkpoint to results/checkpoints/causal_eps30/best.pt
Saved PyTorch checkpoint to results/checkpoints/causal_eps30/best.pt
Saved PyTorch checkpoint to results/checkpoints/causal_eps30/best.pt
Saved PyTorch checkpoint to results/checkpoints/causal_eps30/best.pt
Saved PyTorch checkpoint to results/checkpoints/causal_eps30/best.pt
Saved PyTorch checkpoint to results/checkpoints/causal_eps30/best.pt
Saved PyTorch checkpoint to results/checkpoints/causal_eps30/best.pt
Saved PyTorch checkpoint to results/checkpoints/causal_eps30/best.pt
Saved PyTorch checkpoint to results/checkpoints/causal_eps30/best.pt
Saved PyTorch checkpoint to results/checkpoints/causal_eps30/best.pt
Saved PyTorch checkpoint to results/checkpoints/causal_eps30/best.pt
Saved PyTorch checkpoint to results/checkpoints/causal_eps30/best.pt
Saved PyTorch checkpoint to results/checkpoints/causal_eps30/best.pt
Saved PyTorch checkpoint to results/checkpoints/causal_eps30/best.pt
Saved PyTorch checkpoint to results/checkpoints/causal_eps30/best.pt
Saved PyTorch checkpoint to results/checkpoints/causal_eps30/best.pt
Saved PyTorch checkpoint to results/checkpoints/causal_eps30/best.pt
Saved PyTorch checkpoint to results/checkpoints/causal_eps30/best.pt
Saved PyTorch checkpoint to results/checkpoints/causal_eps30/best.pt
Saved PyTorch checkpoint to results/checkpoints/causal_eps30/best.pt
Saved PyTorch checkpoint to results/checkpoints/causal_eps30/best.pt
Saved PyTorch checkpoint to results/checkpoints/causal_eps30/best.pt
Saved PyTorch checkpoint to results/checkpoints/causal_eps30/best.pt
Saved PyTorch checkpoint to results/checkpoints/causal_eps30/best.pt
Saved PyTorch checkpoint to results/checkpoints/causal_eps30/best.pt
Saved PyTorch checkpoint to results/checkpoints/causal_eps30/best.pt
Saved PyTorch checkpoint to results/checkpoints/causal_eps30/best.pt
Saved PyTorch checkpoint to results/checkpoints/causal_eps30/best.pt
Saved PyTorch checkpoint to results/checkpoints/causal_eps30/best.pt
Saved PyTorch checkpoint to results/checkpoints/causal_eps30/best.pt
Saved PyTorch checkpoint to results/checkpoints/causal_eps30/best.pt
Saved PyTorch checkpoint to results/checkpoints/causal_eps30/best.pt
Saved PyTorch checkpoint to results/checkpoints/causal_eps30/best.pt
Saved PyTorch checkpoint to results/checkpoints/causal_eps30/best.pt
Saved PyTorch checkpoint to results/checkpoints/causal_eps30/best.pt
Saved PyTorch checkpoint to results/checkpoints/causal_eps30/best.pt
Saved PyTorch checkpoint to results/checkpoints/causal_eps30/best.pt
Saved PyTorch checkpoint to results/checkpoints/causal_eps30/best.pt
Saved PyTorch checkpoint to results/checkpoints/causal_eps30/best.pt
Saved PyTorch checkpoint to results/checkpoints/causal_eps30/best.pt
Adam 100 | total=3.929e-01 f=3.504e-02 ic=6.790e-03 wall=3.332e-02 inlet=3.686e-02 outlet=1.869e-04 min_w=1.098e-02
Saved PyTorch checkpoint to results/checkpoints/causal_eps30/best.pt
Saved PyTorch checkpoint to results/checkpoints/causal_eps30/best.pt
Saved PyTorch checkpoint to results/checkpoints/causal_eps30/best.pt
Saved PyTorch checkpoint to results/checkpoints/causal_eps30/best.pt
Saved PyTorch checkpoint to results/checkpoints/causal_eps30/best.pt
Saved PyTorch checkpoint to results/checkpoints/causal_eps30/best.pt
Saved PyTorch checkpoint to results/checkpoints/causal_eps30/best.pt
Saved PyTorch checkpoint to results/checkpoints/causal_eps30/best.pt
Saved PyTorch checkpoint to results/checkpoints/causal_eps30/best.pt
Saved PyTorch checkpoint to results/checkpoints/causal_eps30/best.pt
Saved PyTorch checkpoint to results/checkpoints/causal_eps30/best.pt
Saved PyTorch checkpoint to results/checkpoints/causal_eps30/best.pt
Saved PyTorch checkpoint to results/checkpoints/causal_eps30/best.pt
Saved PyTorch checkpoint to results/checkpoints/causal_eps30/best.pt
Saved PyTorch checkpoint to results/checkpoints/causal_eps30/best.pt
Saved PyTorch checkpoint to results/checkpoints/causal_eps30/best.pt
Saved PyTorch checkpoint to results/checkpoints/causal_eps30/best.pt
Saved PyTorch checkpoint to results/checkpoints/causal_eps30/best.pt
Saved PyTorch checkpoint to results/checkpoints/causal_eps30/best.pt
Saved PyTorch checkpoint to results/checkpoints/causal_eps30/best.pt
Saved PyTorch checkpoint to results/checkpoints/causal_eps30/best.pt
Saved PyTorch checkpoint to results/checkpoints/causal_eps30/best.pt
Saved PyTorch checkpoint to results/checkpoints/causal_eps30/best.pt
Saved PyTorch checkpoint to results/checkpoints/causal_eps30/best.pt
Saved PyTorch checkpoint to results/checkpoints/causal_eps30/best.pt
Saved PyTorch checkpoint to results/checkpoints/causal_eps30/best.pt
Saved PyTorch checkpoint to results/checkpoints/causal_eps30/best.pt
Saved PyTorch checkpoint to results/checkpoints/causal_eps30/best.pt
Saved PyTorch checkpoint to results/checkpoints/causal_eps30/best.pt
Saved PyTorch checkpoint to results/checkpoints/causal_eps30/best.pt
Saved PyTorch checkpoint to results/checkpoints/causal_eps30/best.pt
Saved PyTorch checkpoint to results/checkpoints/causal_eps30/best.pt
Saved PyTorch checkpoint to results/checkpoints/causal_eps30/best.pt
Saved PyTorch checkpoint to results/checkpoints/causal_eps30/best.pt
Saved PyTorch checkpoint to results/checkpoints/causal_eps30/best.pt
Saved PyTorch checkpoint to results/checkpoints/causal_eps30/best.pt
Saved PyTorch checkpoint to results/checkpoints/causal_eps30/best.pt
Saved PyTorch checkpoint to results/checkpoints/causal_eps30/best.pt
Saved PyTorch checkpoint to results/checkpoints/causal_eps30/best.pt
Saved PyTorch checkpoint to results/checkpoints/causal_eps30/best.pt
Saved PyTorch checkpoint to results/checkpoints/causal_eps30/best.pt
Saved PyTorch checkpoint to results/checkpoints/causal_eps30/best.pt
Saved PyTorch checkpoint to results/checkpoints/causal_eps30/best.pt
Saved PyTorch checkpoint to results/checkpoints/causal_eps30/best.pt
Saved PyTorch checkpoint to results/checkpoints/causal_eps30/best.pt
Saved PyTorch checkpoint to results/checkpoints/causal_eps30/best.pt
Saved PyTorch checkpoint to results/checkpoints/causal_eps30/best.pt
Saved PyTorch checkpoint to results/checkpoints/causal_eps30/best.pt
Saved PyTorch checkpoint to results/checkpoints/causal_eps30/best.pt
Saved PyTorch checkpoint to results/checkpoints/causal_eps30/best.pt
Saved PyTorch checkpoint to results/checkpoints/causal_eps30/best.pt
Saved PyTorch checkpoint to results/checkpoints/causal_eps30/best.pt
Saved PyTorch checkpoint to results/checkpoints/causal_eps30/best.pt
Saved PyTorch checkpoint to results/checkpoints/causal_eps30/best.pt
Saved PyTorch checkpoint to results/checkpoints/causal_eps30/best.pt
Saved PyTorch checkpoint to results/checkpoints/causal_eps30/best.pt
Saved PyTorch checkpoint to results/checkpoints/causal_eps30/best.pt
Saved PyTorch checkpoint to results/checkpoints/causal_eps30/best.pt
Saved PyTorch checkpoint to results/checkpoints/causal_eps30/best.pt
Saved PyTorch checkpoint to results/checkpoints/causal_eps30/best.pt
Saved PyTorch checkpoint to results/checkpoints/causal_eps30/best.pt
Saved PyTorch checkpoint to results/checkpoints/causal_eps30/best.pt
Saved PyTorch checkpoint to results/checkpoints/causal_eps30/best.pt
Saved PyTorch checkpoint to results/checkpoints/causal_eps30/best.pt
Saved PyTorch checkpoint to results/checkpoints/causal_eps30/best.pt
Saved PyTorch checkpoint to results/checkpoints/causal_eps30/best.pt
Saved PyTorch checkpoint to results/checkpoints/causal_eps30/best.pt
Saved PyTorch checkpoint to results/checkpoints/causal_eps30/best.pt
Saved PyTorch checkpoint to results/checkpoints/causal_eps30/best.pt
Saved PyTorch checkpoint to results/checkpoints/causal_eps30/best.pt
Saved PyTorch checkpoint to results/checkpoints/causal_eps30/best.pt
Saved PyTorch checkpoint to results/checkpoints/causal_eps30/best.pt
Saved PyTorch checkpoint to results/checkpoints/causal_eps30/best.pt
Saved PyTorch checkpoint to results/checkpoints/causal_eps30/best.pt
Saved PyTorch checkpoint to results/checkpoints/causal_eps30/best.pt
Saved PyTorch checkpoint to results/checkpoints/causal_eps30/best.pt
Saved PyTorch checkpoint to results/checkpoints/causal_eps30/best.pt
Saved PyTorch checkpoint to results/checkpoints/causal_eps30/best.pt
Saved PyTorch checkpoint to results/checkpoints/causal_eps30/best.pt
Saved PyTorch checkpoint to results/checkpoints/causal_eps30/best.pt
Saved PyTorch checkpoint to results/checkpoints/causal_eps30/best.pt
Saved PyTorch checkpoint to results/checkpoints/causal_eps30/best.pt
Saved PyTorch checkpoint to results/checkpoints/causal_eps30/best.pt
Saved PyTorch checkpoint to results/checkpoints/causal_eps30/best.pt
Saved PyTorch checkpoint to results/checkpoints/causal_eps30/best.pt
Saved PyTorch checkpoint to results/checkpoints/causal_eps30/best.pt
Saved PyTorch checkpoint to results/checkpoints/causal_eps30/best.pt
Saved PyTorch checkpoint to results/checkpoints/causal_eps30/best.pt
Saved PyTorch checkpoint to results/checkpoints/causal_eps30/best.pt
Saved PyTorch checkpoint to results/checkpoints/causal_eps30/best.pt
Saved PyTorch checkpoint to results/checkpoints/causal_eps30/best.pt
Saved PyTorch checkpoint to results/checkpoints/causal_eps30/best.pt
Saved PyTorch checkpoint to results/checkpoints/causal_eps30/best.pt
Saved PyTorch checkpoint to results/checkpoints/causal_eps30/best.pt
Saved PyTorch checkpoint to results/checkpoints/causal_eps30/best.pt
Saved PyTorch checkpoint to results/checkpoints/causal_eps30/best.pt
Saved PyTorch checkpoint to results/checkpoints/causal_eps30/best.pt
Saved PyTorch checkpoint to results/checkpoints/causal_eps30/best.pt
Saved PyTorch checkpoint to results/checkpoints/causal_eps30/best.pt
Saved PyTorch checkpoint to results/checkpoints/causal_eps30/best.pt
Adam 200 | total=3.580e-01 f=2.508e-02 ic=3.356e-03 wall=3.049e-02 inlet=3.539e-02 outlet=1.249e-04 min_w=2.951e-01
Saved PyTorch checkpoint to results/checkpoints/causal_eps30/best.pt
Saved PyTorch checkpoint to results/checkpoints/causal_eps30/best.pt
Saved PyTorch checkpoint to results/checkpoints/causal_eps30/best.pt
Saved PyTorch checkpoint to results/checkpoints/causal_eps30/best.pt
Saved PyTorch checkpoint to results/checkpoints/causal_eps30/best.pt
Saved PyTorch checkpoint to results/checkpoints/causal_eps30/best.pt
Saved PyTorch checkpoint to results/checkpoints/causal_eps30/best.pt
Saved PyTorch checkpoint to results/checkpoints/causal_eps30/best.pt
Saved PyTorch checkpoint to results/checkpoints/causal_eps30/best.pt
Saved PyTorch checkpoint to results/checkpoints/causal_eps30/best.pt
Saved PyTorch checkpoint to results/checkpoints/causal_eps30/best.pt
Saved PyTorch checkpoint to results/checkpoints/causal_eps30/best.pt
Saved PyTorch checkpoint to results/checkpoints/causal_eps30/best.pt
Saved PyTorch checkpoint to results/checkpoints/causal_eps30/best.pt
Saved PyTorch checkpoint to results/checkpoints/causal_eps30/best.pt
Saved PyTorch checkpoint to results/checkpoints/causal_eps30/best.pt
Saved PyTorch checkpoint to results/checkpoints/causal_eps30/best.pt
Saved PyTorch checkpoint to results/checkpoints/causal_eps30/best.pt
Saved PyTorch checkpoint to results/checkpoints/causal_eps30/best.pt
Saved PyTorch checkpoint to results/checkpoints/causal_eps30/best.pt
Saved PyTorch checkpoint to results/checkpoints/causal_eps30/best.pt
Saved PyTorch checkpoint to results/checkpoints/causal_eps30/best.pt
Saved PyTorch checkpoint to results/checkpoints/causal_eps30/best.pt
Saved PyTorch checkpoint to results/checkpoints/causal_eps30/best.pt
Saved PyTorch checkpoint to results/checkpoints/causal_eps30/best.pt
Saved PyTorch checkpoint to results/checkpoints/causal_eps30/best.pt
Saved PyTorch checkpoint to results/checkpoints/causal_eps30/best.pt
Saved PyTorch checkpoint to results/checkpoints/causal_eps30/best.pt
Saved PyTorch checkpoint to results/checkpoints/causal_eps30/best.pt
Saved PyTorch checkpoint to results/checkpoints/causal_eps30/best.pt
Saved PyTorch checkpoint to results/checkpoints/causal_eps30/best.pt
Saved PyTorch checkpoint to results/checkpoints/causal_eps30/best.pt
Saved PyTorch checkpoint to results/checkpoints/causal_eps30/best.pt
Saved PyTorch checkpoint to results/checkpoints/causal_eps30/best.pt
Saved PyTorch checkpoint to results/checkpoints/causal_eps30/best.pt
Saved PyTorch checkpoint to results/checkpoints/causal_eps30/best.pt
Saved PyTorch checkpoint to results/checkpoints/causal_eps30/best.pt
Saved PyTorch checkpoint to results/checkpoints/causal_eps30/best.pt
Saved PyTorch checkpoint to results/checkpoints/causal_eps30/best.pt
Saved PyTorch checkpoint to results/checkpoints/causal_eps30/best.pt
Saved PyTorch checkpoint to results/checkpoints/causal_eps30/best.pt
Saved PyTorch checkpoint to results/checkpoints/causal_eps30/best.pt
Saved PyTorch checkpoint to results/checkpoints/causal_eps30/best.pt
Saved PyTorch checkpoint to results/checkpoints/causal_eps30/best.pt
Saved PyTorch checkpoint to results/checkpoints/causal_eps30/best.pt
Saved PyTorch checkpoint to results/checkpoints/causal_eps30/best.pt
Saved PyTorch checkpoint to results/checkpoints/causal_eps30/best.pt
Saved PyTorch checkpoint to results/checkpoints/causal_eps30/best.pt
Saved PyTorch checkpoint to results/checkpoints/causal_eps30/best.pt
Saved PyTorch checkpoint to results/checkpoints/causal_eps30/best.pt
Saved PyTorch checkpoint to results/checkpoints/causal_eps30/best.pt
Saved PyTorch checkpoint to results/checkpoints/causal_eps30/best.pt
Saved PyTorch checkpoint to results/checkpoints/causal_eps30/best.pt
Saved PyTorch checkpoint to results/checkpoints/causal_eps30/best.pt
Saved PyTorch checkpoint to results/checkpoints/causal_eps30/best.pt
Saved PyTorch checkpoint to results/checkpoints/causal_eps30/best.pt
Saved PyTorch checkpoint to results/checkpoints/causal_eps30/best.pt
Saved PyTorch checkpoint to results/checkpoints/causal_eps30/best.pt
Saved PyTorch checkpoint to results/checkpoints/causal_eps30/best.pt
Saved PyTorch checkpoint to results/checkpoints/causal_eps30/best.pt
Saved PyTorch checkpoint to results/checkpoints/causal_eps30/best.pt
Saved PyTorch checkpoint to results/checkpoints/causal_eps30/best.pt
Saved PyTorch checkpoint to results/checkpoints/causal_eps30/best.pt
Saved PyTorch checkpoint to results/checkpoints/causal_eps30/best.pt
Saved PyTorch checkpoint to results/checkpoints/causal_eps30/best.pt
Saved PyTorch checkpoint to results/checkpoints/causal_eps30/best.pt
Saved PyTorch checkpoint to results/checkpoints/causal_eps30/best.pt
Saved PyTorch checkpoint to results/checkpoints/causal_eps30/best.pt
Saved PyTorch checkpoint to results/checkpoints/causal_eps30/best.pt
Saved PyTorch checkpoint to results/checkpoints/causal_eps30/best.pt
Saved PyTorch checkpoint to results/checkpoints/causal_eps30/best.pt
Saved PyTorch checkpoint to results/checkpoints/causal_eps30/best.pt
Saved PyTorch checkpoint to results/checkpoints/causal_eps30/best.pt
Saved PyTorch checkpoint to results/checkpoints/causal_eps30/best.pt
Saved PyTorch checkpoint to results/checkpoints/causal_eps30/best.pt
Saved PyTorch checkpoint to results/checkpoints/causal_eps30/best.pt
Saved PyTorch checkpoint to results/checkpoints/causal_eps30/best.pt
Saved PyTorch checkpoint to results/checkpoints/causal_eps30/best.pt
Saved PyTorch checkpoint to results/checkpoints/causal_eps30/best.pt
Saved PyTorch checkpoint to results/checkpoints/causal_eps30/best.pt
Saved PyTorch checkpoint to results/checkpoints/causal_eps30/best.pt
Saved PyTorch checkpoint to results/checkpoints/causal_eps30/best.pt
Saved PyTorch checkpoint to results/checkpoints/causal_eps30/best.pt
Saved PyTorch checkpoint to results/checkpoints/causal_eps30/best.pt
Saved PyTorch checkpoint to results/checkpoints/causal_eps30/best.pt
Saved PyTorch checkpoint to results/checkpoints/causal_eps30/best.pt
Saved PyTorch checkpoint to results/checkpoints/causal_eps30/best.pt
Saved PyTorch checkpoint to results/checkpoints/causal_eps30/best.pt
Saved PyTorch checkpoint to results/checkpoints/causal_eps30/best.pt
Saved PyTorch checkpoint to results/checkpoints/causal_eps30/best.pt
Saved PyTorch checkpoint to results/checkpoints/causal_eps30/best.pt
Saved PyTorch checkpoint to results/checkpoints/causal_eps30/best.pt
Saved PyTorch checkpoint to results/checkpoints/causal_eps30/best.pt
Saved PyTorch checkpoint to results/checkpoints/causal_eps30/best.pt
Saved PyTorch checkpoint to results/checkpoints/causal_eps30/best.pt
Saved PyTorch checkpoint to results/checkpoints/causal_eps30/best.pt
Saved PyTorch checkpoint to results/checkpoints/causal_eps30/best.pt
Saved PyTorch checkpoint to results/checkpoints/causal_eps30/best.pt
Saved PyTorch checkpoint to results/checkpoints/causal_eps30/best.pt
Saved PyTorch checkpoint to results/checkpoints/causal_eps30/best.pt
Adam 300 | total=3.225e-01 f=1.626e-02 ic=2.489e-03 wall=2.863e-02 inlet=3.208e-02 outlet=2.178e-04 min_w=5.475e-01
Saved PyTorch checkpoint to results/checkpoints/causal_eps30/best.pt
Saved PyTorch checkpoint to results/checkpoints/causal_eps30/best.pt
Saved PyTorch checkpoint to results/checkpoints/causal_eps30/best.pt
Saved PyTorch checkpoint to results/checkpoints/causal_eps30/best.pt
Saved PyTorch checkpoint to results/checkpoints/causal_eps30/best.pt
Saved PyTorch checkpoint to results/checkpoints/causal_eps30/best.pt
Saved PyTorch checkpoint to results/checkpoints/causal_eps30/best.pt
Saved PyTorch checkpoint to results/checkpoints/causal_eps30/best.pt
Saved PyTorch checkpoint to results/checkpoints/causal_eps30/best.pt
Saved PyTorch checkpoint to results/checkpoints/causal_eps30/best.pt
Saved PyTorch checkpoint to results/checkpoints/causal_eps30/best.pt
Saved PyTorch checkpoint to results/checkpoints/causal_eps30/best.pt
Saved PyTorch checkpoint to results/checkpoints/causal_eps30/best.pt
Saved PyTorch checkpoint to results/checkpoints/causal_eps30/best.pt
Saved PyTorch checkpoint to results/checkpoints/causal_eps30/best.pt
Saved PyTorch checkpoint to results/checkpoints/causal_eps30/best.pt
Saved PyTorch checkpoint to results/checkpoints/causal_eps30/best.pt
Saved PyTorch checkpoint to results/checkpoints/causal_eps30/best.pt
Saved PyTorch checkpoint to results/checkpoints/causal_eps30/best.pt
Saved PyTorch checkpoint to results/checkpoints/causal_eps30/best.pt
Saved PyTorch checkpoint to results/checkpoints/causal_eps30/best.pt
Saved PyTorch checkpoint to results/checkpoints/causal_eps30/best.pt
Saved PyTorch checkpoint to results/checkpoints/causal_eps30/best.pt
Saved PyTorch checkpoint to results/checkpoints/causal_eps30/best.pt
Saved PyTorch checkpoint to results/checkpoints/causal_eps30/best.pt
Saved PyTorch checkpoint to results/checkpoints/causal_eps30/best.pt
Saved PyTorch checkpoint to results/checkpoints/causal_eps30/best.pt
Saved PyTorch checkpoint to results/checkpoints/causal_eps30/best.pt
Saved PyTorch checkpoint to results/checkpoints/causal_eps30/best.pt
Saved PyTorch checkpoint to results/checkpoints/causal_eps30/best.pt
Saved PyTorch checkpoint to results/checkpoints/causal_eps30/best.pt
Saved PyTorch checkpoint to results/checkpoints/causal_eps30/best.pt
Saved PyTorch checkpoint to results/checkpoints/causal_eps30/best.pt
Saved PyTorch checkpoint to results/checkpoints/causal_eps30/best.pt
Saved PyTorch checkpoint to results/checkpoints/causal_eps30/best.pt
Saved PyTorch checkpoint to results/checkpoints/causal_eps30/best.pt
Saved PyTorch checkpoint to results/checkpoints/causal_eps30/best.pt
Saved PyTorch checkpoint to results/checkpoints/causal_eps30/best.pt
Saved PyTorch checkpoint to results/checkpoints/causal_eps30/best.pt
Saved PyTorch checkpoint to results/checkpoints/causal_eps30/best.pt
Saved PyTorch checkpoint to results/checkpoints/causal_eps30/best.pt
Saved PyTorch checkpoint to results/checkpoints/causal_eps30/best.pt
Saved PyTorch checkpoint to results/checkpoints/causal_eps30/best.pt
Saved PyTorch checkpoint to results/checkpoints/causal_eps30/best.pt
Saved PyTorch checkpoint to results/checkpoints/causal_eps30/best.pt
Saved PyTorch checkpoint to results/checkpoints/causal_eps30/best.pt
Saved PyTorch checkpoint to results/checkpoints/causal_eps30/best.pt
Saved PyTorch checkpoint to results/checkpoints/causal_eps30/best.pt
Saved PyTorch checkpoint to results/checkpoints/causal_eps30/best.pt
Saved PyTorch checkpoint to results/checkpoints/causal_eps30/best.pt
Saved PyTorch checkpoint to results/checkpoints/causal_eps30/best.pt
Saved PyTorch checkpoint to results/checkpoints/causal_eps30/best.pt
Saved PyTorch checkpoint to results/checkpoints/causal_eps30/best.pt
Saved PyTorch checkpoint to results/checkpoints/causal_eps30/best.pt
Saved PyTorch checkpoint to results/checkpoints/causal_eps30/best.pt
Saved PyTorch checkpoint to results/checkpoints/causal_eps30/best.pt
Saved PyTorch checkpoint to results/checkpoints/causal_eps30/best.pt
Saved PyTorch checkpoint to results/checkpoints/causal_eps30/best.pt
Saved PyTorch checkpoint to results/checkpoints/causal_eps30/best.pt
Saved PyTorch checkpoint to results/checkpoints/causal_eps30/best.pt
Saved PyTorch checkpoint to results/checkpoints/causal_eps30/best.pt
Saved PyTorch checkpoint to results/checkpoints/causal_eps30/best.pt
Saved PyTorch checkpoint to results/checkpoints/causal_eps30/best.pt
Saved PyTorch checkpoint to results/checkpoints/causal_eps30/best.pt
Saved PyTorch checkpoint to results/checkpoints/causal_eps30/best.pt
Saved PyTorch checkpoint to results/checkpoints/causal_eps30/best.pt
Saved PyTorch checkpoint to results/checkpoints/causal_eps30/best.pt
Saved PyTorch checkpoint to results/checkpoints/causal_eps30/best.pt
Saved PyTorch checkpoint to results/checkpoints/causal_eps30/best.pt
Saved PyTorch checkpoint to results/checkpoints/causal_eps30/best.pt
Saved PyTorch checkpoint to results/checkpoints/causal_eps30/best.pt
Saved PyTorch checkpoint to results/checkpoints/causal_eps30/best.pt
Saved PyTorch checkpoint to results/checkpoints/causal_eps30/best.pt
Saved PyTorch checkpoint to results/checkpoints/causal_eps30/best.pt
Saved PyTorch checkpoint to results/checkpoints/causal_eps30/best.pt
Saved PyTorch checkpoint to results/checkpoints/causal_eps30/best.pt
Saved PyTorch checkpoint to results/checkpoints/causal_eps30/best.pt
Saved PyTorch checkpoint to results/checkpoints/causal_eps30/best.pt
Saved PyTorch checkpoint to results/checkpoints/causal_eps30/best.pt
Saved PyTorch checkpoint to results/checkpoints/causal_eps30/best.pt
Saved PyTorch checkpoint to results/checkpoints/causal_eps30/best.pt
Saved PyTorch checkpoint to results/checkpoints/causal_eps30/best.pt
Saved PyTorch checkpoint to results/checkpoints/causal_eps30/best.pt
Saved PyTorch checkpoint to results/checkpoints/causal_eps30/best.pt
Saved PyTorch checkpoint to results/checkpoints/causal_eps30/best.pt
Saved PyTorch checkpoint to results/checkpoints/causal_eps30/best.pt
Saved PyTorch checkpoint to results/checkpoints/causal_eps30/best.pt
Saved PyTorch checkpoint to results/checkpoints/causal_eps30/best.pt
Saved PyTorch checkpoint to results/checkpoints/causal_eps30/best.pt
Saved PyTorch checkpoint to results/checkpoints/causal_eps30/best.pt
Saved PyTorch checkpoint to results/checkpoints/causal_eps30/best.pt
Saved PyTorch checkpoint to results/checkpoints/causal_eps30/best.pt
Saved PyTorch checkpoint to results/checkpoints/causal_eps30/best.pt
Saved PyTorch checkpoint to results/checkpoints/causal_eps30/best.pt
Saved PyTorch checkpoint to results/checkpoints/causal_eps30/best.pt
Saved PyTorch checkpoint to results/checkpoints/causal_eps30/best.pt
Saved PyTorch checkpoint to results/checkpoints/causal_eps30/best.pt
Saved PyTorch checkpoint to results/checkpoints/causal_eps30/best.pt
Saved PyTorch checkpoint to results/checkpoints/causal_eps30/best.pt
Saved PyTorch checkpoint to results/checkpoints/causal_eps30/best.pt
Adam 400 | total=2.948e-01 f=1.331e-02 ic=1.529e-03 wall=2.679e-02 inlet=2.916e-02 outlet=2.586e-04 min_w=6.348e-01
Saved PyTorch checkpoint to results/checkpoints/causal_eps30/best.pt
Saved PyTorch checkpoint to results/checkpoints/causal_eps30/best.pt
Saved PyTorch checkpoint to results/checkpoints/causal_eps30/best.pt
Saved PyTorch checkpoint to results/checkpoints/causal_eps30/best.pt
Saved PyTorch checkpoint to results/checkpoints/causal_eps30/best.pt
Saved PyTorch checkpoint to results/checkpoints/causal_eps30/best.pt
Saved PyTorch checkpoint to results/checkpoints/causal_eps30/best.pt
Saved PyTorch checkpoint to results/checkpoints/causal_eps30/best.pt
Saved PyTorch checkpoint to results/checkpoints/causal_eps30/best.pt
Saved PyTorch checkpoint to results/checkpoints/causal_eps30/best.pt
Saved PyTorch checkpoint to results/checkpoints/causal_eps30/best.pt
Saved PyTorch checkpoint to results/checkpoints/causal_eps30/best.pt
Saved PyTorch checkpoint to results/checkpoints/causal_eps30/best.pt
Saved PyTorch checkpoint to results/checkpoints/causal_eps30/best.pt
Saved PyTorch checkpoint to results/checkpoints/causal_eps30/best.pt
Saved PyTorch checkpoint to results/checkpoints/causal_eps30/best.pt
Saved PyTorch checkpoint to results/checkpoints/causal_eps30/best.pt
Saved PyTorch checkpoint to results/checkpoints/causal_eps30/best.pt
Saved PyTorch checkpoint to results/checkpoints/causal_eps30/best.pt
Saved PyTorch checkpoint to results/checkpoints/causal_eps30/best.pt
Saved PyTorch checkpoint to results/checkpoints/causal_eps30/best.pt
Saved PyTorch checkpoint to results/checkpoints/causal_eps30/best.pt
Saved PyTorch checkpoint to results/checkpoints/causal_eps30/best.pt
Saved PyTorch checkpoint to results/checkpoints/causal_eps30/best.pt
Saved PyTorch checkpoint to results/checkpoints/causal_eps30/best.pt
Saved PyTorch checkpoint to results/checkpoints/causal_eps30/best.pt
Saved PyTorch checkpoint to results/checkpoints/causal_eps30/best.pt
Saved PyTorch checkpoint to results/checkpoints/causal_eps30/best.pt
Saved PyTorch checkpoint to results/checkpoints/causal_eps30/best.pt
Saved PyTorch checkpoint to results/checkpoints/causal_eps30/best.pt
Saved PyTorch checkpoint to results/checkpoints/causal_eps30/best.pt
Saved PyTorch checkpoint to results/checkpoints/causal_eps30/best.pt
Saved PyTorch checkpoint to results/checkpoints/causal_eps30/best.pt
Saved PyTorch checkpoint to results/checkpoints/causal_eps30/best.pt
Saved PyTorch checkpoint to results/checkpoints/causal_eps30/best.pt
Saved PyTorch checkpoint to results/checkpoints/causal_eps30/best.pt
Saved PyTorch checkpoint to results/checkpoints/causal_eps30/best.pt
Saved PyTorch checkpoint to results/checkpoints/causal_eps30/best.pt
Saved PyTorch checkpoint to results/checkpoints/causal_eps30/best.pt
Saved PyTorch checkpoint to results/checkpoints/causal_eps30/best.pt
Saved PyTorch checkpoint to results/checkpoints/causal_eps30/best.pt
Saved PyTorch checkpoint to results/checkpoints/causal_eps30/best.pt
Saved PyTorch checkpoint to results/checkpoints/causal_eps30/best.pt
Saved PyTorch checkpoint to results/checkpoints/causal_eps30/best.pt
Saved PyTorch checkpoint to results/checkpoints/causal_eps30/best.pt
Saved PyTorch checkpoint to results/checkpoints/causal_eps30/best.pt
Saved PyTorch checkpoint to results/checkpoints/causal_eps30/best.pt
Saved PyTorch checkpoint to results/checkpoints/causal_eps30/best.pt
Saved PyTorch checkpoint to results/checkpoints/causal_eps30/best.pt
Saved PyTorch checkpoint to results/checkpoints/causal_eps30/best.pt
Saved PyTorch checkpoint to results/checkpoints/causal_eps30/best.pt
Saved PyTorch checkpoint to results/checkpoints/causal_eps30/best.pt
Saved PyTorch checkpoint to results/checkpoints/causal_eps30/best.pt
Saved PyTorch checkpoint to results/checkpoints/causal_eps30/best.pt
Saved PyTorch checkpoint to results/checkpoints/causal_eps30/best.pt
Saved PyTorch checkpoint to results/checkpoints/causal_eps30/best.pt
Saved PyTorch checkpoint to results/checkpoints/causal_eps30/best.pt
Saved PyTorch checkpoint to results/checkpoints/causal_eps30/best.pt
Saved PyTorch checkpoint to results/checkpoints/causal_eps30/best.pt
Saved PyTorch checkpoint to results/checkpoints/causal_eps30/best.pt
Saved PyTorch checkpoint to results/checkpoints/causal_eps30/best.pt
Saved PyTorch checkpoint to results/checkpoints/causal_eps30/best.pt
Saved PyTorch checkpoint to results/checkpoints/causal_eps30/best.pt
Saved PyTorch checkpoint to results/checkpoints/causal_eps30/best.pt
Saved PyTorch checkpoint to results/checkpoints/causal_eps30/best.pt
Saved PyTorch checkpoint to results/checkpoints/causal_eps30/best.pt
Saved PyTorch checkpoint to results/checkpoints/causal_eps30/best.pt
Saved PyTorch checkpoint to results/checkpoints/causal_eps30/best.pt
Saved PyTorch checkpoint to results/checkpoints/causal_eps30/best.pt
Saved PyTorch checkpoint to results/checkpoints/causal_eps30/best.pt
Saved PyTorch checkpoint to results/checkpoints/causal_eps30/best.pt
Saved PyTorch checkpoint to results/checkpoints/causal_eps30/best.pt
Saved PyTorch checkpoint to results/checkpoints/causal_eps30/best.pt
Saved PyTorch checkpoint to results/checkpoints/causal_eps30/best.pt
Saved PyTorch checkpoint to results/checkpoints/causal_eps30/best.pt
Saved PyTorch checkpoint to results/checkpoints/causal_eps30/best.pt
Saved PyTorch checkpoint to results/checkpoints/causal_eps30/best.pt
Saved PyTorch checkpoint to results/checkpoints/causal_eps30/best.pt
Saved PyTorch checkpoint to results/checkpoints/causal_eps30/best.pt
Saved PyTorch checkpoint to results/checkpoints/causal_eps30/best.pt
Saved PyTorch checkpoint to results/checkpoints/causal_eps30/best.pt
Saved PyTorch checkpoint to results/checkpoints/causal_eps30/best.pt
Saved PyTorch checkpoint to results/checkpoints/causal_eps30/best.pt
Saved PyTorch checkpoint to results/checkpoints/causal_eps30/best.pt
Saved PyTorch checkpoint to results/checkpoints/causal_eps30/best.pt
Saved PyTorch checkpoint to results/checkpoints/causal_eps30/best.pt
Saved PyTorch checkpoint to results/checkpoints/causal_eps30/best.pt
Saved PyTorch checkpoint to results/checkpoints/causal_eps30/best.pt
Saved PyTorch checkpoint to results/checkpoints/causal_eps30/best.pt
Saved PyTorch checkpoint to results/checkpoints/causal_eps30/best.pt
Saved PyTorch checkpoint to results/checkpoints/causal_eps30/best.pt
Saved PyTorch checkpoint to results/checkpoints/causal_eps30/best.pt
Saved PyTorch checkpoint to results/checkpoints/causal_eps30/best.pt
Saved PyTorch checkpoint to results/checkpoints/causal_eps30/best.pt
Saved PyTorch checkpoint to results/checkpoints/causal_eps30/best.pt
Saved PyTorch checkpoint to results/checkpoints/causal_eps30/best.pt
Saved PyTorch checkpoint to results/checkpoints/causal_eps30/best.pt
Saved PyTorch checkpoint to results/checkpoints/causal_eps30/best.pt
Saved PyTorch checkpoint to results/checkpoints/causal_eps30/best.pt
Saved PyTorch checkpoint to results/checkpoints/causal_eps30/best.pt
Adam 500 | total=2.804e-01 f=1.259e-02 ic=1.066e-03 wall=2.558e-02 inlet=2.771e-02 outlet=2.224e-04 min_w=6.548e-01
Saved PyTorch checkpoint to results/checkpoints/causal_eps30/best.pt
Saved PyTorch checkpoint to results/checkpoints/causal_eps30/best.pt
Saved PyTorch checkpoint to results/checkpoints/causal_eps30/best.pt
Saved PyTorch checkpoint to results/checkpoints/causal_eps30/best.pt
Saved PyTorch checkpoint to results/checkpoints/causal_eps30/best.pt
Saved PyTorch checkpoint to results/checkpoints/causal_eps30/best.pt
Saved PyTorch checkpoint to results/checkpoints/causal_eps30/best.pt
Saved PyTorch checkpoint to results/checkpoints/causal_eps30/best.pt
Saved PyTorch checkpoint to results/checkpoints/causal_eps30/best.pt
Saved PyTorch checkpoint to results/checkpoints/causal_eps30/best.pt
Saved PyTorch checkpoint to results/checkpoints/causal_eps30/best.pt
Saved PyTorch checkpoint to results/checkpoints/causal_eps30/best.pt
Saved PyTorch checkpoint to results/checkpoints/causal_eps30/best.pt
Saved PyTorch checkpoint to results/checkpoints/causal_eps30/best.pt
Saved PyTorch checkpoint to results/checkpoints/causal_eps30/best.pt
Saved PyTorch checkpoint to results/checkpoints/causal_eps30/best.pt
Saved PyTorch checkpoint to results/checkpoints/causal_eps30/best.pt
Saved PyTorch checkpoint to results/checkpoints/causal_eps30/best.pt
Saved PyTorch checkpoint to results/checkpoints/causal_eps30/best.pt
Saved PyTorch checkpoint to results/checkpoints/causal_eps30/best.pt
Saved PyTorch checkpoint to results/checkpoints/causal_eps30/best.pt
Saved PyTorch checkpoint to results/checkpoints/causal_eps30/best.pt
Saved PyTorch checkpoint to results/checkpoints/causal_eps30/best.pt
Saved PyTorch checkpoint to results/checkpoints/causal_eps30/best.pt
Saved PyTorch checkpoint to results/checkpoints/causal_eps30/best.pt
Saved PyTorch checkpoint to results/checkpoints/causal_eps30/best.pt
Saved PyTorch checkpoint to results/checkpoints/causal_eps30/best.pt
Saved PyTorch checkpoint to results/checkpoints/causal_eps30/best.pt
Saved PyTorch checkpoint to results/checkpoints/causal_eps30/best.pt
Saved PyTorch checkpoint to results/checkpoints/causal_eps30/best.pt
Saved PyTorch checkpoint to results/checkpoints/causal_eps30/best.pt
Saved PyTorch checkpoint to results/checkpoints/causal_eps30/best.pt
Saved PyTorch checkpoint to results/checkpoints/causal_eps30/best.pt
Saved PyTorch checkpoint to results/checkpoints/causal_eps30/best.pt
Saved PyTorch checkpoint to results/checkpoints/causal_eps30/best.pt
Saved PyTorch checkpoint to results/checkpoints/causal_eps30/best.pt
Saved PyTorch checkpoint to results/checkpoints/causal_eps30/best.pt
Saved PyTorch checkpoint to results/checkpoints/causal_eps30/best.pt
Saved PyTorch checkpoint to results/checkpoints/causal_eps30/best.pt
Saved PyTorch checkpoint to results/checkpoints/causal_eps30/best.pt
Saved PyTorch checkpoint to results/checkpoints/causal_eps30/best.pt
Saved PyTorch checkpoint to results/checkpoints/causal_eps30/best.pt
Saved PyTorch checkpoint to results/checkpoints/causal_eps30/best.pt
Saved PyTorch checkpoint to results/checkpoints/causal_eps30/best.pt
Saved PyTorch checkpoint to results/checkpoints/causal_eps30/best.pt
Saved PyTorch checkpoint to results/checkpoints/causal_eps30/best.pt
Saved PyTorch checkpoint to results/checkpoints/causal_eps30/best.pt
Saved PyTorch checkpoint to results/checkpoints/causal_eps30/best.pt
Saved PyTorch checkpoint to results/checkpoints/causal_eps30/best.pt
Saved PyTorch checkpoint to results/checkpoints/causal_eps30/best.pt
Saved PyTorch checkpoint to results/checkpoints/causal_eps30/best.pt
Saved PyTorch checkpoint to results/checkpoints/causal_eps30/best.pt
Saved PyTorch checkpoint to results/checkpoints/causal_eps30/best.pt
Saved PyTorch checkpoint to results/checkpoints/causal_eps30/best.pt
Saved PyTorch checkpoint to results/checkpoints/causal_eps30/best.pt
Saved PyTorch checkpoint to results/checkpoints/causal_eps30/best.pt
Saved PyTorch checkpoint to results/checkpoints/causal_eps30/best.pt
Saved PyTorch checkpoint to results/checkpoints/causal_eps30/best.pt
Saved PyTorch checkpoint to results/checkpoints/causal_eps30/best.pt
Saved PyTorch checkpoint to results/checkpoints/causal_eps30/best.pt
Saved PyTorch checkpoint to results/checkpoints/causal_eps30/best.pt
Saved PyTorch checkpoint to results/checkpoints/causal_eps30/best.pt
Saved PyTorch checkpoint to results/checkpoints/causal_eps30/best.pt
Saved PyTorch checkpoint to results/checkpoints/causal_eps30/best.pt
Saved PyTorch checkpoint to results/checkpoints/causal_eps30/best.pt
Saved PyTorch checkpoint to results/checkpoints/causal_eps30/best.pt
Saved PyTorch checkpoint to results/checkpoints/causal_eps30/best.pt
Saved PyTorch checkpoint to results/checkpoints/causal_eps30/best.pt
Saved PyTorch checkpoint to results/checkpoints/causal_eps30/best.pt
Saved PyTorch checkpoint to results/checkpoints/causal_eps30/best.pt
Saved PyTorch checkpoint to results/checkpoints/causal_eps30/best.pt
Saved PyTorch checkpoint to results/checkpoints/causal_eps30/best.pt
Saved PyTorch checkpoint to results/checkpoints/causal_eps30/best.pt
Saved PyTorch checkpoint to results/checkpoints/causal_eps30/best.pt
Saved PyTorch checkpoint to results/checkpoints/causal_eps30/best.pt
Saved PyTorch checkpoint to results/checkpoints/causal_eps30/best.pt
Saved PyTorch checkpoint to results/checkpoints/causal_eps30/best.pt
Saved PyTorch checkpoint to results/checkpoints/causal_eps30/best.pt
Saved PyTorch checkpoint to results/checkpoints/causal_eps30/best.pt
Saved PyTorch checkpoint to results/checkpoints/causal_eps30/best.pt
Saved PyTorch checkpoint to results/checkpoints/causal_eps30/best.pt
Saved PyTorch checkpoint to results/checkpoints/causal_eps30/best.pt
Saved PyTorch checkpoint to results/checkpoints/causal_eps30/best.pt
Saved PyTorch checkpoint to results/checkpoints/causal_eps30/best.pt
Saved PyTorch checkpoint to results/checkpoints/causal_eps30/best.pt
Saved PyTorch checkpoint to results/checkpoints/causal_eps30/best.pt
Saved PyTorch checkpoint to results/checkpoints/causal_eps30/best.pt
Saved PyTorch checkpoint to results/checkpoints/causal_eps30/best.pt
Saved PyTorch checkpoint to results/checkpoints/causal_eps30/best.pt
Saved PyTorch checkpoint to results/checkpoints/causal_eps30/best.pt
Saved PyTorch checkpoint to results/checkpoints/causal_eps30/best.pt
Saved PyTorch checkpoint to results/checkpoints/causal_eps30/best.pt
Saved PyTorch checkpoint to results/checkpoints/causal_eps30/best.pt
Saved PyTorch checkpoint to results/checkpoints/causal_eps30/best.pt
Saved PyTorch checkpoint to results/checkpoints/causal_eps30/best.pt
Saved PyTorch checkpoint to results/checkpoints/causal_eps30/best.pt
Saved PyTorch checkpoint to results/checkpoints/causal_eps30/best.pt
Saved PyTorch checkpoint to results/checkpoints/causal_eps30/best.pt
Saved PyTorch checkpoint to results/checkpoints/causal_eps30/best.pt
Saved PyTorch checkpoint to results/checkpoints/causal_eps30/best.pt
Adam 600 | total=2.696e-01 f=1.241e-02 ic=1.053e-03 wall=2.463e-02 inlet=2.656e-02 outlet=1.761e-04 min_w=6.567e-01
Saved PyTorch checkpoint to results/checkpoints/causal_eps30/best.pt
Saved PyTorch checkpoint to results/checkpoints/causal_eps30/best.pt
Saved PyTorch checkpoint to results/checkpoints/causal_eps30/best.pt
Saved PyTorch checkpoint to results/checkpoints/causal_eps30/best.pt
Saved PyTorch checkpoint to results/checkpoints/causal_eps30/best.pt
Saved PyTorch checkpoint to results/checkpoints/causal_eps30/best.pt
Saved PyTorch checkpoint to results/checkpoints/causal_eps30/best.pt
Saved PyTorch checkpoint to results/checkpoints/causal_eps30/best.pt
Saved PyTorch checkpoint to results/checkpoints/causal_eps30/best.pt
Saved PyTorch checkpoint to results/checkpoints/causal_eps30/best.pt
Saved PyTorch checkpoint to results/checkpoints/causal_eps30/best.pt
Saved PyTorch checkpoint to results/checkpoints/causal_eps30/best.pt
Saved PyTorch checkpoint to results/checkpoints/causal_eps30/best.pt
Saved PyTorch checkpoint to results/checkpoints/causal_eps30/best.pt
Saved PyTorch checkpoint to results/checkpoints/causal_eps30/best.pt
Saved PyTorch checkpoint to results/checkpoints/causal_eps30/best.pt
Saved PyTorch checkpoint to results/checkpoints/causal_eps30/best.pt
Saved PyTorch checkpoint to results/checkpoints/causal_eps30/best.pt
Saved PyTorch checkpoint to results/checkpoints/causal_eps30/best.pt
Saved PyTorch checkpoint to results/checkpoints/causal_eps30/best.pt
Saved PyTorch checkpoint to results/checkpoints/causal_eps30/best.pt
Saved PyTorch checkpoint to results/checkpoints/causal_eps30/best.pt
Saved PyTorch checkpoint to results/checkpoints/causal_eps30/best.pt
Saved PyTorch checkpoint to results/checkpoints/causal_eps30/best.pt
Saved PyTorch checkpoint to results/checkpoints/causal_eps30/best.pt
Saved PyTorch checkpoint to results/checkpoints/causal_eps30/best.pt
Saved PyTorch checkpoint to results/checkpoints/causal_eps30/best.pt
Saved PyTorch checkpoint to results/checkpoints/causal_eps30/best.pt
Saved PyTorch checkpoint to results/checkpoints/causal_eps30/best.pt
Saved PyTorch checkpoint to results/checkpoints/causal_eps30/best.pt
Saved PyTorch checkpoint to results/checkpoints/causal_eps30/best.pt
Saved PyTorch checkpoint to results/checkpoints/causal_eps30/best.pt
Saved PyTorch checkpoint to results/checkpoints/causal_eps30/best.pt
Saved PyTorch checkpoint to results/checkpoints/causal_eps30/best.pt
Saved PyTorch checkpoint to results/checkpoints/causal_eps30/best.pt
Saved PyTorch checkpoint to results/checkpoints/causal_eps30/best.pt
Saved PyTorch checkpoint to results/checkpoints/causal_eps30/best.pt
Saved PyTorch checkpoint to results/checkpoints/causal_eps30/best.pt
Saved PyTorch checkpoint to results/checkpoints/causal_eps30/best.pt
Saved PyTorch checkpoint to results/checkpoints/causal_eps30/best.pt
Saved PyTorch checkpoint to results/checkpoints/causal_eps30/best.pt
Saved PyTorch checkpoint to results/checkpoints/causal_eps30/best.pt
Saved PyTorch checkpoint to results/checkpoints/causal_eps30/best.pt
Saved PyTorch checkpoint to results/checkpoints/causal_eps30/best.pt
Saved PyTorch checkpoint to results/checkpoints/causal_eps30/best.pt
Saved PyTorch checkpoint to results/checkpoints/causal_eps30/best.pt
Saved PyTorch checkpoint to results/checkpoints/causal_eps30/best.pt
Saved PyTorch checkpoint to results/checkpoints/causal_eps30/best.pt
Saved PyTorch checkpoint to results/checkpoints/causal_eps30/best.pt
Saved PyTorch checkpoint to results/checkpoints/causal_eps30/best.pt
Saved PyTorch checkpoint to results/checkpoints/causal_eps30/best.pt
Saved PyTorch checkpoint to results/checkpoints/causal_eps30/best.pt
Saved PyTorch checkpoint to results/checkpoints/causal_eps30/best.pt
Saved PyTorch checkpoint to results/checkpoints/causal_eps30/best.pt
Saved PyTorch checkpoint to results/checkpoints/causal_eps30/best.pt
Saved PyTorch checkpoint to results/checkpoints/causal_eps30/best.pt
Saved PyTorch checkpoint to results/checkpoints/causal_eps30/best.pt
Saved PyTorch checkpoint to results/checkpoints/causal_eps30/best.pt
Saved PyTorch checkpoint to results/checkpoints/causal_eps30/best.pt
Saved PyTorch checkpoint to results/checkpoints/causal_eps30/best.pt
Saved PyTorch checkpoint to results/checkpoints/causal_eps30/best.pt
Adam 700 | total=2.563e-01 f=1.343e-02 ic=1.150e-03 wall=2.330e-02 inlet=2.502e-02 outlet=1.576e-04 min_w=6.258e-01
Saved PyTorch checkpoint to results/checkpoints/causal_eps30/best.pt
Saved PyTorch checkpoint to results/checkpoints/causal_eps30/best.pt
Saved PyTorch checkpoint to results/checkpoints/causal_eps30/best.pt
Saved PyTorch checkpoint to results/checkpoints/causal_eps30/best.pt
Saved PyTorch checkpoint to results/checkpoints/causal_eps30/best.pt
Saved PyTorch checkpoint to results/checkpoints/causal_eps30/best.pt
Saved PyTorch checkpoint to results/checkpoints/causal_eps30/best.pt
Saved PyTorch checkpoint to results/checkpoints/causal_eps30/best.pt
Saved PyTorch checkpoint to results/checkpoints/causal_eps30/best.pt
Saved PyTorch checkpoint to results/checkpoints/causal_eps30/best.pt
Saved PyTorch checkpoint to results/checkpoints/causal_eps30/best.pt
Saved PyTorch checkpoint to results/checkpoints/causal_eps30/best.pt
Saved PyTorch checkpoint to results/checkpoints/causal_eps30/best.pt
Saved PyTorch checkpoint to results/checkpoints/causal_eps30/best.pt
Saved PyTorch checkpoint to results/checkpoints/causal_eps30/best.pt
Saved PyTorch checkpoint to results/checkpoints/causal_eps30/best.pt
Saved PyTorch checkpoint to results/checkpoints/causal_eps30/best.pt
Saved PyTorch checkpoint to results/checkpoints/causal_eps30/best.pt
Saved PyTorch checkpoint to results/checkpoints/causal_eps30/best.pt
Saved PyTorch checkpoint to results/checkpoints/causal_eps30/best.pt
Saved PyTorch checkpoint to results/checkpoints/causal_eps30/best.pt
Saved PyTorch checkpoint to results/checkpoints/causal_eps30/best.pt
Saved PyTorch checkpoint to results/checkpoints/causal_eps30/best.pt
Saved PyTorch checkpoint to results/checkpoints/causal_eps30/best.pt
Saved PyTorch checkpoint to results/checkpoints/causal_eps30/best.pt
Saved PyTorch checkpoint to results/checkpoints/causal_eps30/best.pt
Saved PyTorch checkpoint to results/checkpoints/causal_eps30/best.pt
Saved PyTorch checkpoint to results/checkpoints/causal_eps30/best.pt
Saved PyTorch checkpoint to results/checkpoints/causal_eps30/best.pt
Saved PyTorch checkpoint to results/checkpoints/causal_eps30/best.pt
Saved PyTorch checkpoint to results/checkpoints/causal_eps30/best.pt
Saved PyTorch checkpoint to results/checkpoints/causal_eps30/best.pt
Saved PyTorch checkpoint to results/checkpoints/causal_eps30/best.pt
Saved PyTorch checkpoint to results/checkpoints/causal_eps30/best.pt
Saved PyTorch checkpoint to results/checkpoints/causal_eps30/best.pt
Saved PyTorch checkpoint to results/checkpoints/causal_eps30/best.pt
Saved PyTorch checkpoint to results/checkpoints/causal_eps30/best.pt
Saved PyTorch checkpoint to results/checkpoints/causal_eps30/best.pt
Saved PyTorch checkpoint to results/checkpoints/causal_eps30/best.pt
Saved PyTorch checkpoint to results/checkpoints/causal_eps30/best.pt
Saved PyTorch checkpoint to results/checkpoints/causal_eps30/best.pt
Saved PyTorch checkpoint to results/checkpoints/causal_eps30/best.pt
Saved PyTorch checkpoint to results/checkpoints/causal_eps30/best.pt
Saved PyTorch checkpoint to results/checkpoints/causal_eps30/best.pt
Saved PyTorch checkpoint to results/checkpoints/causal_eps30/best.pt
Saved PyTorch checkpoint to results/checkpoints/causal_eps30/best.pt
Saved PyTorch checkpoint to results/checkpoints/causal_eps30/best.pt
Saved PyTorch checkpoint to results/checkpoints/causal_eps30/best.pt
Saved PyTorch checkpoint to results/checkpoints/causal_eps30/best.pt
Saved PyTorch checkpoint to results/checkpoints/causal_eps30/best.pt
Saved PyTorch checkpoint to results/checkpoints/causal_eps30/best.pt
Saved PyTorch checkpoint to results/checkpoints/causal_eps30/best.pt
Saved PyTorch checkpoint to results/checkpoints/causal_eps30/best.pt
Saved PyTorch checkpoint to results/checkpoints/causal_eps30/best.pt
Saved PyTorch checkpoint to results/checkpoints/causal_eps30/best.pt
Saved PyTorch checkpoint to results/checkpoints/causal_eps30/best.pt
Saved PyTorch checkpoint to results/checkpoints/causal_eps30/best.pt
Saved PyTorch checkpoint to results/checkpoints/causal_eps30/best.pt
Saved PyTorch checkpoint to results/checkpoints/causal_eps30/best.pt
Saved PyTorch checkpoint to results/checkpoints/causal_eps30/best.pt
Saved PyTorch checkpoint to results/checkpoints/causal_eps30/best.pt
Saved PyTorch checkpoint to results/checkpoints/causal_eps30/best.pt
Saved PyTorch checkpoint to results/checkpoints/causal_eps30/best.pt
Saved PyTorch checkpoint to results/checkpoints/causal_eps30/best.pt
Saved PyTorch checkpoint to results/checkpoints/causal_eps30/best.pt
Saved PyTorch checkpoint to results/checkpoints/causal_eps30/best.pt
Saved PyTorch checkpoint to results/checkpoints/causal_eps30/best.pt
Saved PyTorch checkpoint to results/checkpoints/causal_eps30/best.pt
Saved PyTorch checkpoint to results/checkpoints/causal_eps30/best.pt
Saved PyTorch checkpoint to results/checkpoints/causal_eps30/best.pt
Saved PyTorch checkpoint to results/checkpoints/causal_eps30/best.pt
Saved PyTorch checkpoint to results/checkpoints/causal_eps30/best.pt
Saved PyTorch checkpoint to results/checkpoints/causal_eps30/best.pt
Saved PyTorch checkpoint to results/checkpoints/causal_eps30/best.pt
Saved PyTorch checkpoint to results/checkpoints/causal_eps30/best.pt
Saved PyTorch checkpoint to results/checkpoints/causal_eps30/best.pt
Saved PyTorch checkpoint to results/checkpoints/causal_eps30/best.pt
Saved PyTorch checkpoint to results/checkpoints/causal_eps30/best.pt
Saved PyTorch checkpoint to results/checkpoints/causal_eps30/best.pt
Adam 800 | total=2.356e-01 f=1.622e-02 ic=1.186e-03 wall=2.238e-02 inlet=2.123e-02 outlet=1.600e-04 min_w=5.489e-01
Saved PyTorch checkpoint to results/checkpoints/causal_eps30/best.pt
Saved PyTorch checkpoint to results/checkpoints/causal_eps30/best.pt
Saved PyTorch checkpoint to results/checkpoints/causal_eps30/best.pt
Saved PyTorch checkpoint to results/checkpoints/causal_eps30/best.pt
Saved PyTorch checkpoint to results/checkpoints/causal_eps30/best.pt
Saved PyTorch checkpoint to results/checkpoints/causal_eps30/best.pt
Saved PyTorch checkpoint to results/checkpoints/causal_eps30/best.pt
Saved PyTorch checkpoint to results/checkpoints/causal_eps30/best.pt
Saved PyTorch checkpoint to results/checkpoints/causal_eps30/best.pt
Saved PyTorch checkpoint to results/checkpoints/causal_eps30/best.pt
Saved PyTorch checkpoint to results/checkpoints/causal_eps30/best.pt
Saved PyTorch checkpoint to results/checkpoints/causal_eps30/best.pt
Saved PyTorch checkpoint to results/checkpoints/causal_eps30/best.pt
Saved PyTorch checkpoint to results/checkpoints/causal_eps30/best.pt
Saved PyTorch checkpoint to results/checkpoints/causal_eps30/best.pt
Saved PyTorch checkpoint to results/checkpoints/causal_eps30/best.pt
Saved PyTorch checkpoint to results/checkpoints/causal_eps30/best.pt
Saved PyTorch checkpoint to results/checkpoints/causal_eps30/best.pt
Saved PyTorch checkpoint to results/checkpoints/causal_eps30/best.pt
Saved PyTorch checkpoint to results/checkpoints/causal_eps30/best.pt
Saved PyTorch checkpoint to results/checkpoints/causal_eps30/best.pt
Saved PyTorch checkpoint to results/checkpoints/causal_eps30/best.pt
Saved PyTorch checkpoint to results/checkpoints/causal_eps30/best.pt
Saved PyTorch checkpoint to results/checkpoints/causal_eps30/best.pt
Saved PyTorch checkpoint to results/checkpoints/causal_eps30/best.pt
Saved PyTorch checkpoint to results/checkpoints/causal_eps30/best.pt
Saved PyTorch checkpoint to results/checkpoints/causal_eps30/best.pt
Saved PyTorch checkpoint to results/checkpoints/causal_eps30/best.pt
Saved PyTorch checkpoint to results/checkpoints/causal_eps30/best.pt
Saved PyTorch checkpoint to results/checkpoints/causal_eps30/best.pt
Saved PyTorch checkpoint to results/checkpoints/causal_eps30/best.pt
Saved PyTorch checkpoint to results/checkpoints/causal_eps30/best.pt
Saved PyTorch checkpoint to results/checkpoints/causal_eps30/best.pt
Saved PyTorch checkpoint to results/checkpoints/causal_eps30/best.pt
Saved PyTorch checkpoint to results/checkpoints/causal_eps30/best.pt
Saved PyTorch checkpoint to results/checkpoints/causal_eps30/best.pt
Saved PyTorch checkpoint to results/checkpoints/causal_eps30/best.pt
Saved PyTorch checkpoint to results/checkpoints/causal_eps30/best.pt
Saved PyTorch checkpoint to results/checkpoints/causal_eps30/best.pt
Saved PyTorch checkpoint to results/checkpoints/causal_eps30/best.pt
Saved PyTorch checkpoint to results/checkpoints/causal_eps30/best.pt
Saved PyTorch checkpoint to results/checkpoints/causal_eps30/best.pt
Saved PyTorch checkpoint to results/checkpoints/causal_eps30/best.pt
Saved PyTorch checkpoint to results/checkpoints/causal_eps30/best.pt
Saved PyTorch checkpoint to results/checkpoints/causal_eps30/best.pt
Saved PyTorch checkpoint to results/checkpoints/causal_eps30/best.pt
Saved PyTorch checkpoint to results/checkpoints/causal_eps30/best.pt
Saved PyTorch checkpoint to results/checkpoints/causal_eps30/best.pt
Saved PyTorch checkpoint to results/checkpoints/causal_eps30/best.pt
Saved PyTorch checkpoint to results/checkpoints/causal_eps30/best.pt
Saved PyTorch checkpoint to results/checkpoints/causal_eps30/best.pt
Saved PyTorch checkpoint to results/checkpoints/causal_eps30/best.pt
Saved PyTorch checkpoint to results/checkpoints/causal_eps30/best.pt
Saved PyTorch checkpoint to results/checkpoints/causal_eps30/best.pt
Saved PyTorch checkpoint to results/checkpoints/causal_eps30/best.pt
Saved PyTorch checkpoint to results/checkpoints/causal_eps30/best.pt
Saved PyTorch checkpoint to results/checkpoints/causal_eps30/best.pt
Saved PyTorch checkpoint to results/checkpoints/causal_eps30/best.pt
Saved PyTorch checkpoint to results/checkpoints/causal_eps30/best.pt
Saved PyTorch checkpoint to results/checkpoints/causal_eps30/best.pt
Saved PyTorch checkpoint to results/checkpoints/causal_eps30/best.pt
Saved PyTorch checkpoint to results/checkpoints/causal_eps30/best.pt
Saved PyTorch checkpoint to results/checkpoints/causal_eps30/best.pt
Saved PyTorch checkpoint to results/checkpoints/causal_eps30/best.pt
Saved PyTorch checkpoint to results/checkpoints/causal_eps30/best.pt
Saved PyTorch checkpoint to results/checkpoints/causal_eps30/best.pt
Saved PyTorch checkpoint to results/checkpoints/causal_eps30/best.pt
Saved PyTorch checkpoint to results/checkpoints/causal_eps30/best.pt
Saved PyTorch checkpoint to results/checkpoints/causal_eps30/best.pt
Saved PyTorch checkpoint to results/checkpoints/causal_eps30/best.pt
Saved PyTorch checkpoint to results/checkpoints/causal_eps30/best.pt
Saved PyTorch checkpoint to results/checkpoints/causal_eps30/best.pt
Saved PyTorch checkpoint to results/checkpoints/causal_eps30/best.pt
Saved PyTorch checkpoint to results/checkpoints/causal_eps30/best.pt
Saved PyTorch checkpoint to results/checkpoints/causal_eps30/best.pt
Saved PyTorch checkpoint to results/checkpoints/causal_eps30/best.pt
Saved PyTorch checkpoint to results/checkpoints/causal_eps30/best.pt
Adam 900 | total=2.291e-01 f=2.387e-02 ic=3.263e-03 wall=2.684e-02 inlet=1.352e-02 outlet=1.448e-04 min_w=3.439e-01
Saved PyTorch checkpoint to results/checkpoints/causal_eps30/best.pt
Saved PyTorch checkpoint to results/checkpoints/causal_eps30/best.pt
Saved PyTorch checkpoint to results/checkpoints/causal_eps30/best.pt
Saved PyTorch checkpoint to results/checkpoints/causal_eps30/best.pt
Saved PyTorch checkpoint to results/checkpoints/causal_eps30/best.pt
Saved PyTorch checkpoint to results/checkpoints/causal_eps30/best.pt
Saved PyTorch checkpoint to results/checkpoints/causal_eps30/best.pt
Saved PyTorch checkpoint to results/checkpoints/causal_eps30/best.pt
Saved PyTorch checkpoint to results/checkpoints/causal_eps30/best.pt
Saved PyTorch checkpoint to results/checkpoints/causal_eps30/best.pt
Saved PyTorch checkpoint to results/checkpoints/causal_eps30/best.pt
Saved PyTorch checkpoint to results/checkpoints/causal_eps30/best.pt
Saved PyTorch checkpoint to results/checkpoints/causal_eps30/best.pt
Saved PyTorch checkpoint to results/checkpoints/causal_eps30/best.pt
Saved PyTorch checkpoint to results/checkpoints/causal_eps30/best.pt
Saved PyTorch checkpoint to results/checkpoints/causal_eps30/best.pt
Saved PyTorch checkpoint to results/checkpoints/causal_eps30/best.pt
Saved PyTorch checkpoint to results/checkpoints/causal_eps30/best.pt
Saved PyTorch checkpoint to results/checkpoints/causal_eps30/best.pt
Saved PyTorch checkpoint to results/checkpoints/causal_eps30/best.pt
Saved PyTorch checkpoint to results/checkpoints/causal_eps30/best.pt
Saved PyTorch checkpoint to results/checkpoints/causal_eps30/best.pt
Saved PyTorch checkpoint to results/checkpoints/causal_eps30/best.pt
Saved PyTorch checkpoint to results/checkpoints/causal_eps30/best.pt
Saved PyTorch checkpoint to results/checkpoints/causal_eps30/best.pt
Saved PyTorch checkpoint to results/checkpoints/causal_eps30/best.pt
Saved PyTorch checkpoint to results/checkpoints/causal_eps30/best.pt
Saved PyTorch checkpoint to results/checkpoints/causal_eps30/best.pt
Saved PyTorch checkpoint to results/checkpoints/causal_eps30/best.pt
Saved PyTorch checkpoint to results/checkpoints/causal_eps30/best.pt
Saved PyTorch checkpoint to results/checkpoints/causal_eps30/best.pt
Saved PyTorch checkpoint to results/checkpoints/causal_eps30/best.pt
Saved PyTorch checkpoint to results/checkpoints/causal_eps30/best.pt
Saved PyTorch checkpoint to results/checkpoints/causal_eps30/best.pt
Saved PyTorch checkpoint to results/checkpoints/causal_eps30/best.pt
Saved PyTorch checkpoint to results/checkpoints/causal_eps30/best.pt
Saved PyTorch checkpoint to results/checkpoints/causal_eps30/best.pt
Saved PyTorch checkpoint to results/checkpoints/causal_eps30/best.pt
Saved PyTorch checkpoint to results/checkpoints/causal_eps30/best.pt
Saved PyTorch checkpoint to results/checkpoints/causal_eps30/best.pt
Saved PyTorch checkpoint to results/checkpoints/causal_eps30/best.pt
Saved PyTorch checkpoint to results/checkpoints/causal_eps30/best.pt
Saved PyTorch checkpoint to results/checkpoints/causal_eps30/best.pt
Saved PyTorch checkpoint to results/checkpoints/causal_eps30/best.pt
Saved PyTorch checkpoint to results/checkpoints/causal_eps30/best.pt
Saved PyTorch checkpoint to results/checkpoints/causal_eps30/best.pt
Saved PyTorch checkpoint to results/checkpoints/causal_eps30/best.pt
Saved PyTorch checkpoint to results/checkpoints/causal_eps30/best.pt
Saved PyTorch checkpoint to results/checkpoints/causal_eps30/best.pt
Saved PyTorch checkpoint to results/checkpoints/causal_eps30/best.pt
Saved PyTorch checkpoint to results/checkpoints/causal_eps30/best.pt
Saved PyTorch checkpoint to results/checkpoints/causal_eps30/best.pt
Saved PyTorch checkpoint to results/checkpoints/causal_eps30/best.pt
Saved PyTorch checkpoint to results/checkpoints/causal_eps30/best.pt
Saved PyTorch checkpoint to results/checkpoints/causal_eps30/best.pt
Adam 1000 | total=2.591e-01 f=2.723e-02 ic=3.165e-03 wall=1.320e-02 inlet=3.253e-02 outlet=1.256e-04 min_w=2.299e-01
Saved PyTorch checkpoint to results/checkpoints/causal_eps30/best.pt
Saved PyTorch checkpoint to results/checkpoints/causal_eps30/best.pt
Saved PyTorch checkpoint to results/checkpoints/causal_eps30/best.pt
Saved PyTorch checkpoint to results/checkpoints/causal_eps30/best.pt
Saved PyTorch checkpoint to results/checkpoints/causal_eps30/best.pt
Saved PyTorch checkpoint to results/checkpoints/causal_eps30/best.pt
Saved PyTorch checkpoint to results/checkpoints/causal_eps30/best.pt
Saved PyTorch checkpoint to results/checkpoints/causal_eps30/best.pt
Saved PyTorch checkpoint to results/checkpoints/causal_eps30/best.pt
Saved PyTorch checkpoint to results/checkpoints/causal_eps30/best.pt
Saved PyTorch checkpoint to results/checkpoints/causal_eps30/best.pt
Saved PyTorch checkpoint to results/checkpoints/causal_eps30/best.pt
Saved PyTorch checkpoint to results/checkpoints/causal_eps30/best.pt
Saved PyTorch checkpoint to results/checkpoints/causal_eps30/best.pt
Saved PyTorch checkpoint to results/checkpoints/causal_eps30/best.pt
Saved PyTorch checkpoint to results/checkpoints/causal_eps30/best.pt
Saved PyTorch checkpoint to results/checkpoints/causal_eps30/best.pt
Saved PyTorch checkpoint to results/checkpoints/causal_eps30/best.pt
Saved PyTorch checkpoint to results/checkpoints/causal_eps30/best.pt
Saved PyTorch checkpoint to results/checkpoints/causal_eps30/best.pt
Saved PyTorch checkpoint to results/checkpoints/causal_eps30/best.pt
Saved PyTorch checkpoint to results/checkpoints/causal_eps30/best.pt
Saved PyTorch checkpoint to results/checkpoints/causal_eps30/best.pt
Saved PyTorch checkpoint to results/checkpoints/causal_eps30/best.pt
Saved PyTorch checkpoint to results/checkpoints/causal_eps30/best.pt
Saved PyTorch checkpoint to results/checkpoints/causal_eps30/best.pt
Saved PyTorch checkpoint to results/checkpoints/causal_eps30/best.pt
Saved PyTorch checkpoint to results/checkpoints/causal_eps30/best.pt
Saved PyTorch checkpoint to results/checkpoints/causal_eps30/best.pt
Saved PyTorch checkpoint to results/checkpoints/causal_eps30/best.pt
Saved PyTorch checkpoint to results/checkpoints/causal_eps30/best.pt
Saved PyTorch checkpoint to results/checkpoints/causal_eps30/best.pt
Saved PyTorch checkpoint to results/checkpoints/causal_eps30/best.pt
Saved PyTorch checkpoint to results/checkpoints/causal_eps30/best.pt
Saved PyTorch checkpoint to results/checkpoints/causal_eps30/best.pt
Saved PyTorch checkpoint to results/checkpoints/causal_eps30/best.pt
Saved PyTorch checkpoint to results/checkpoints/causal_eps30/best.pt
Saved PyTorch checkpoint to results/checkpoints/causal_eps30/best.pt
Saved PyTorch checkpoint to results/checkpoints/causal_eps30/best.pt
Saved PyTorch checkpoint to results/checkpoints/causal_eps30/best.pt
Saved PyTorch checkpoint to results/checkpoints/causal_eps30/best.pt
Saved PyTorch checkpoint to results/checkpoints/causal_eps30/best.pt
Saved PyTorch checkpoint to results/checkpoints/causal_eps30/best.pt
Adam 1100 | total=1.574e-01 f=2.709e-02 ic=1.292e-03 wall=1.207e-02 inlet=1.370e-02 outlet=8.214e-05 min_w=2.498e-01
Saved PyTorch checkpoint to results/checkpoints/causal_eps30/best.pt
Saved PyTorch checkpoint to results/checkpoints/causal_eps30/best.pt
Saved PyTorch checkpoint to results/checkpoints/causal_eps30/best.pt
Saved PyTorch checkpoint to results/checkpoints/causal_eps30/best.pt
Saved PyTorch checkpoint to results/checkpoints/causal_eps30/best.pt
Saved PyTorch checkpoint to results/checkpoints/causal_eps30/best.pt
Saved PyTorch checkpoint to results/checkpoints/causal_eps30/best.pt
Saved PyTorch checkpoint to results/checkpoints/causal_eps30/best.pt
Saved PyTorch checkpoint to results/checkpoints/causal_eps30/best.pt
Saved PyTorch checkpoint to results/checkpoints/causal_eps30/best.pt
Saved PyTorch checkpoint to results/checkpoints/causal_eps30/best.pt
Saved PyTorch checkpoint to results/checkpoints/causal_eps30/best.pt
Saved PyTorch checkpoint to results/checkpoints/causal_eps30/best.pt
Saved PyTorch checkpoint to results/checkpoints/causal_eps30/best.pt
Saved PyTorch checkpoint to results/checkpoints/causal_eps30/best.pt
Saved PyTorch checkpoint to results/checkpoints/causal_eps30/best.pt
Saved PyTorch checkpoint to results/checkpoints/causal_eps30/best.pt
Saved PyTorch checkpoint to results/checkpoints/causal_eps30/best.pt
Saved PyTorch checkpoint to results/checkpoints/causal_eps30/best.pt
Saved PyTorch checkpoint to results/checkpoints/causal_eps30/best.pt
Saved PyTorch checkpoint to results/checkpoints/causal_eps30/best.pt
Saved PyTorch checkpoint to results/checkpoints/causal_eps30/best.pt
Saved PyTorch checkpoint to results/checkpoints/causal_eps30/best.pt
Saved PyTorch checkpoint to results/checkpoints/causal_eps30/best.pt
Saved PyTorch checkpoint to results/checkpoints/causal_eps30/best.pt
Saved PyTorch checkpoint to results/checkpoints/causal_eps30/best.pt
Saved PyTorch checkpoint to results/checkpoints/causal_eps30/best.pt
Saved PyTorch checkpoint to results/checkpoints/causal_eps30/best.pt
Saved PyTorch checkpoint to results/checkpoints/causal_eps30/best.pt
Saved PyTorch checkpoint to results/checkpoints/causal_eps30/best.pt
Saved PyTorch checkpoint to results/checkpoints/causal_eps30/best.pt
Saved PyTorch checkpoint to results/checkpoints/causal_eps30/best.pt
Saved PyTorch checkpoint to results/checkpoints/causal_eps30/best.pt
Saved PyTorch checkpoint to results/checkpoints/causal_eps30/best.pt
Saved PyTorch checkpoint to results/checkpoints/causal_eps30/best.pt
Saved PyTorch checkpoint to results/checkpoints/causal_eps30/best.pt
Saved PyTorch checkpoint to results/checkpoints/causal_eps30/best.pt
Saved PyTorch checkpoint to results/checkpoints/causal_eps30/best.pt
Saved PyTorch checkpoint to results/checkpoints/causal_eps30/best.pt
Saved PyTorch checkpoint to results/checkpoints/causal_eps30/best.pt
Adam 1200 | total=1.323e-01 f=2.956e-02 ic=1.726e-03 wall=1.218e-02 inlet=8.021e-03 outlet=5.671e-05 min_w=1.848e-01
Saved PyTorch checkpoint to results/checkpoints/causal_eps30/best.pt
Saved PyTorch checkpoint to results/checkpoints/causal_eps30/best.pt
Saved PyTorch checkpoint to results/checkpoints/causal_eps30/best.pt
Saved PyTorch checkpoint to results/checkpoints/causal_eps30/best.pt
Saved PyTorch checkpoint to results/checkpoints/causal_eps30/best.pt
Saved PyTorch checkpoint to results/checkpoints/causal_eps30/best.pt
Saved PyTorch checkpoint to results/checkpoints/causal_eps30/best.pt
Saved PyTorch checkpoint to results/checkpoints/causal_eps30/best.pt
Saved PyTorch checkpoint to results/checkpoints/causal_eps30/best.pt
Saved PyTorch checkpoint to results/checkpoints/causal_eps30/best.pt
Saved PyTorch checkpoint to results/checkpoints/causal_eps30/best.pt
Saved PyTorch checkpoint to results/checkpoints/causal_eps30/best.pt
Saved PyTorch checkpoint to results/checkpoints/causal_eps30/best.pt
Saved PyTorch checkpoint to results/checkpoints/causal_eps30/best.pt
Saved PyTorch checkpoint to results/checkpoints/causal_eps30/best.pt
Saved PyTorch checkpoint to results/checkpoints/causal_eps30/best.pt
Saved PyTorch checkpoint to results/checkpoints/causal_eps30/best.pt
Saved PyTorch checkpoint to results/checkpoints/causal_eps30/best.pt
Adam 1300 | total=1.231e-01 f=2.886e-02 ic=1.400e-03 wall=1.126e-02 inlet=7.298e-03 outlet=5.237e-05 min_w=2.095e-01
Saved PyTorch checkpoint to results/checkpoints/causal_eps30/best.pt
Saved PyTorch checkpoint to results/checkpoints/causal_eps30/best.pt
Saved PyTorch checkpoint to results/checkpoints/causal_eps30/best.pt
Saved PyTorch checkpoint to results/checkpoints/causal_eps30/best.pt
Saved PyTorch checkpoint to results/checkpoints/causal_eps30/best.pt
Saved PyTorch checkpoint to results/checkpoints/causal_eps30/best.pt
Saved PyTorch checkpoint to results/checkpoints/causal_eps30/best.pt
Saved PyTorch checkpoint to results/checkpoints/causal_eps30/best.pt
Saved PyTorch checkpoint to results/checkpoints/causal_eps30/best.pt
Saved PyTorch checkpoint to results/checkpoints/causal_eps30/best.pt
Saved PyTorch checkpoint to results/checkpoints/causal_eps30/best.pt
Saved PyTorch checkpoint to results/checkpoints/causal_eps30/best.pt
Saved PyTorch checkpoint to results/checkpoints/causal_eps30/best.pt
Saved PyTorch checkpoint to results/checkpoints/causal_eps30/best.pt
Saved PyTorch checkpoint to results/checkpoints/causal_eps30/best.pt
Saved PyTorch checkpoint to results/checkpoints/causal_eps30/best.pt
Saved PyTorch checkpoint to results/checkpoints/causal_eps30/best.pt
Saved PyTorch checkpoint to results/checkpoints/causal_eps30/best.pt
Saved PyTorch checkpoint to results/checkpoints/causal_eps30/best.pt
Saved PyTorch checkpoint to results/checkpoints/causal_eps30/best.pt
Saved PyTorch checkpoint to results/checkpoints/causal_eps30/best.pt
Saved PyTorch checkpoint to results/checkpoints/causal_eps30/best.pt
Saved PyTorch checkpoint to results/checkpoints/causal_eps30/best.pt
Saved PyTorch checkpoint to results/checkpoints/causal_eps30/best.pt
Adam 1400 | total=1.290e-01 f=2.967e-02 ic=2.060e-03 wall=1.451e-02 inlet=4.938e-03 outlet=4.649e-05 min_w=1.921e-01
Saved PyTorch checkpoint to results/checkpoints/causal_eps30/best.pt
Saved PyTorch checkpoint to results/checkpoints/causal_eps30/best.pt
Saved PyTorch checkpoint to results/checkpoints/causal_eps30/best.pt
Saved PyTorch checkpoint to results/checkpoints/causal_eps30/best.pt
Saved PyTorch checkpoint to results/checkpoints/causal_eps30/best.pt
Saved PyTorch checkpoint to results/checkpoints/causal_eps30/best.pt
Saved PyTorch checkpoint to results/checkpoints/causal_eps30/best.pt
Saved PyTorch checkpoint to results/checkpoints/causal_eps30/best.pt
Saved PyTorch checkpoint to results/checkpoints/causal_eps30/best.pt
Saved PyTorch checkpoint to results/checkpoints/causal_eps30/best.pt
Saved PyTorch checkpoint to results/checkpoints/causal_eps30/best.pt
Saved PyTorch checkpoint to results/checkpoints/causal_eps30/best.pt
Saved PyTorch checkpoint to results/checkpoints/causal_eps30/best.pt
Saved PyTorch checkpoint to results/checkpoints/causal_eps30/best.pt
Saved PyTorch checkpoint to results/checkpoints/causal_eps30/best.pt
Saved PyTorch checkpoint to results/checkpoints/causal_eps30/best.pt
Saved PyTorch checkpoint to results/checkpoints/causal_eps30/best.pt
Saved PyTorch checkpoint to results/checkpoints/causal_eps30/best.pt
Saved PyTorch checkpoint to results/checkpoints/causal_eps30/best.pt
Saved PyTorch checkpoint to results/checkpoints/causal_eps30/best.pt
Saved PyTorch checkpoint to results/checkpoints/causal_eps30/best.pt
Saved PyTorch checkpoint to results/checkpoints/causal_eps30/best.pt
Saved PyTorch checkpoint to results/checkpoints/causal_eps30/best.pt
Saved PyTorch checkpoint to results/checkpoints/causal_eps30/best.pt
Saved PyTorch checkpoint to results/checkpoints/causal_eps30/best.pt
Saved PyTorch checkpoint to results/checkpoints/causal_eps30/best.pt
Saved PyTorch checkpoint to results/checkpoints/causal_eps30/best.pt
Adam 1500 | total=1.150e-01 f=2.649e-02 ic=9.857e-04 wall=9.836e-03 inlet=7.667e-03 outlet=4.469e-05 min_w=2.814e-01
Saved PyTorch checkpoint to results/checkpoints/causal_eps30/best.pt
Saved PyTorch checkpoint to results/checkpoints/causal_eps30/best.pt
Saved PyTorch checkpoint to results/checkpoints/causal_eps30/best.pt
Saved PyTorch checkpoint to results/checkpoints/causal_eps30/best.pt
Saved PyTorch checkpoint to results/checkpoints/causal_eps30/best.pt
Saved PyTorch checkpoint to results/checkpoints/causal_eps30/best.pt
Saved PyTorch checkpoint to results/checkpoints/causal_eps30/best.pt
Saved PyTorch checkpoint to results/checkpoints/causal_eps30/best.pt
Saved PyTorch checkpoint to results/checkpoints/causal_eps30/best.pt
Saved PyTorch checkpoint to results/checkpoints/causal_eps30/best.pt
Saved PyTorch checkpoint to results/checkpoints/causal_eps30/best.pt
Saved PyTorch checkpoint to results/checkpoints/causal_eps30/best.pt
Saved PyTorch checkpoint to results/checkpoints/causal_eps30/best.pt
Saved PyTorch checkpoint to results/checkpoints/causal_eps30/best.pt
Adam 1600 | total=1.197e-01 f=2.559e-02 ic=9.507e-04 wall=8.645e-03 inlet=9.970e-03 outlet=4.491e-05 min_w=3.055e-01
Saved PyTorch checkpoint to results/checkpoints/causal_eps30/best.pt
Saved PyTorch checkpoint to results/checkpoints/causal_eps30/best.pt
Saved PyTorch checkpoint to results/checkpoints/causal_eps30/best.pt
Saved PyTorch checkpoint to results/checkpoints/causal_eps30/best.pt
Saved PyTorch checkpoint to results/checkpoints/causal_eps30/best.pt
Saved PyTorch checkpoint to results/checkpoints/causal_eps30/best.pt
Saved PyTorch checkpoint to results/checkpoints/causal_eps30/best.pt
Saved PyTorch checkpoint to results/checkpoints/causal_eps30/best.pt
Saved PyTorch checkpoint to results/checkpoints/causal_eps30/best.pt
Saved PyTorch checkpoint to results/checkpoints/causal_eps30/best.pt
Saved PyTorch checkpoint to results/checkpoints/causal_eps30/best.pt
Saved PyTorch checkpoint to results/checkpoints/causal_eps30/best.pt
Saved PyTorch checkpoint to results/checkpoints/causal_eps30/best.pt
Saved PyTorch checkpoint to results/checkpoints/causal_eps30/best.pt
Saved PyTorch checkpoint to results/checkpoints/causal_eps30/best.pt
Saved PyTorch checkpoint to results/checkpoints/causal_eps30/best.pt
Adam 1700 | total=1.074e-01 f=2.530e-02 ic=9.271e-04 wall=1.043e-02 inlet=5.809e-03 outlet=3.965e-05 min_w=3.196e-01
Saved PyTorch checkpoint to results/checkpoints/causal_eps30/best.pt
Saved PyTorch checkpoint to results/checkpoints/causal_eps30/best.pt
Saved PyTorch checkpoint to results/checkpoints/causal_eps30/best.pt
Saved PyTorch checkpoint to results/checkpoints/causal_eps30/best.pt
Saved PyTorch checkpoint to results/checkpoints/causal_eps30/best.pt
Saved PyTorch checkpoint to results/checkpoints/causal_eps30/best.pt
Saved PyTorch checkpoint to results/checkpoints/causal_eps30/best.pt
Saved PyTorch checkpoint to results/checkpoints/causal_eps30/best.pt
Saved PyTorch checkpoint to results/checkpoints/causal_eps30/best.pt
Saved PyTorch checkpoint to results/checkpoints/causal_eps30/best.pt
Saved PyTorch checkpoint to results/checkpoints/causal_eps30/best.pt
Saved PyTorch checkpoint to results/checkpoints/causal_eps30/best.pt
Saved PyTorch checkpoint to results/checkpoints/causal_eps30/best.pt
Adam 1800 | total=1.103e-01 f=2.462e-02 ic=8.255e-04 wall=9.208e-03 inlet=7.748e-03 outlet=3.995e-05 min_w=3.380e-01
Saved PyTorch checkpoint to results/checkpoints/causal_eps30/best.pt
Saved PyTorch checkpoint to results/checkpoints/causal_eps30/best.pt
Saved PyTorch checkpoint to results/checkpoints/causal_eps30/best.pt
Saved PyTorch checkpoint to results/checkpoints/causal_eps30/best.pt
Saved PyTorch checkpoint to results/checkpoints/causal_eps30/best.pt
Saved PyTorch checkpoint to results/checkpoints/causal_eps30/best.pt
Saved PyTorch checkpoint to results/checkpoints/causal_eps30/best.pt
Saved PyTorch checkpoint to results/checkpoints/causal_eps30/best.pt
Saved PyTorch checkpoint to results/checkpoints/causal_eps30/best.pt
Saved PyTorch checkpoint to results/checkpoints/causal_eps30/best.pt
Adam 1900 | total=1.031e-01 f=2.366e-02 ic=7.251e-04 wall=9.669e-03 inlet=6.072e-03 outlet=3.278e-05 min_w=3.670e-01
Saved PyTorch checkpoint to results/checkpoints/causal_eps30/best.pt
Saved PyTorch checkpoint to results/checkpoints/causal_eps30/best.pt
Saved PyTorch checkpoint to results/checkpoints/causal_eps30/best.pt
Saved PyTorch checkpoint to results/checkpoints/causal_eps30/best.pt
Saved PyTorch checkpoint to results/checkpoints/causal_eps30/best.pt
Saved PyTorch checkpoint to results/checkpoints/causal_eps30/best.pt
Saved PyTorch checkpoint to results/checkpoints/causal_eps30/best.pt
Saved PyTorch checkpoint to results/checkpoints/causal_eps30/best.pt
Saved PyTorch checkpoint to results/checkpoints/causal_eps30/best.pt
Saved PyTorch checkpoint to results/checkpoints/causal_eps30/best.pt
Adam 2000 | total=1.110e-01 f=2.543e-02 ic=1.208e-03 wall=1.340e-02 inlet=3.468e-03 outlet=2.790e-05 min_w=3.179e-01
Saved PyTorch checkpoint to results/checkpoints/causal_eps30/snapshot_iter2000.pt
[snapshot] iter 2000 → results/checkpoints/causal_eps30/snapshot_iter2000.pt
Saved PyTorch checkpoint to results/checkpoints/causal_eps30/best.pt
Saved PyTorch checkpoint to results/checkpoints/causal_eps30/best.pt
Saved PyTorch checkpoint to results/checkpoints/causal_eps30/best.pt
Saved PyTorch checkpoint to results/checkpoints/causal_eps30/best.pt
Saved PyTorch checkpoint to results/checkpoints/causal_eps30/best.pt
Saved PyTorch checkpoint to results/checkpoints/causal_eps30/best.pt
Saved PyTorch checkpoint to results/checkpoints/causal_eps30/best.pt
Saved PyTorch checkpoint to results/checkpoints/causal_eps30/best.pt
Adam 2100 | total=1.062e-01 f=2.241e-02 ic=7.355e-04 wall=8.417e-03 inlet=8.187e-03 outlet=2.802e-05 min_w=4.007e-01
Saved PyTorch checkpoint to results/checkpoints/causal_eps30/best.pt
Saved PyTorch checkpoint to results/checkpoints/causal_eps30/best.pt
Saved PyTorch checkpoint to results/checkpoints/causal_eps30/best.pt
Saved PyTorch checkpoint to results/checkpoints/causal_eps30/best.pt
Saved PyTorch checkpoint to results/checkpoints/causal_eps30/best.pt
Saved PyTorch checkpoint to results/checkpoints/causal_eps30/best.pt
Saved PyTorch checkpoint to results/checkpoints/causal_eps30/best.pt
Saved PyTorch checkpoint to results/checkpoints/causal_eps30/best.pt
Saved PyTorch checkpoint to results/checkpoints/causal_eps30/best.pt
Adam 2200 | total=9.786e-02 f=2.199e-02 ic=6.117e-04 wall=9.623e-03 inlet=5.422e-03 outlet=3.194e-05 min_w=4.153e-01
Saved PyTorch checkpoint to results/checkpoints/causal_eps30/best.pt
Saved PyTorch checkpoint to results/checkpoints/causal_eps30/best.pt
Saved PyTorch checkpoint to results/checkpoints/causal_eps30/best.pt
Saved PyTorch checkpoint to results/checkpoints/causal_eps30/best.pt
Saved PyTorch checkpoint to results/checkpoints/causal_eps30/best.pt
Saved PyTorch checkpoint to results/checkpoints/causal_eps30/best.pt
Saved PyTorch checkpoint to results/checkpoints/causal_eps30/best.pt
Saved PyTorch checkpoint to results/checkpoints/causal_eps30/best.pt
Saved PyTorch checkpoint to results/checkpoints/causal_eps30/best.pt
Adam 2300 | total=9.803e-02 f=2.143e-02 ic=6.671e-04 wall=9.811e-03 inlet=5.370e-03 outlet=2.206e-05 min_w=4.243e-01
Saved PyTorch checkpoint to results/checkpoints/causal_eps30/best.pt
Saved PyTorch checkpoint to results/checkpoints/causal_eps30/best.pt
Saved PyTorch checkpoint to results/checkpoints/causal_eps30/best.pt
Saved PyTorch checkpoint to results/checkpoints/causal_eps30/best.pt
Saved PyTorch checkpoint to results/checkpoints/causal_eps30/best.pt
Saved PyTorch checkpoint to results/checkpoints/causal_eps30/best.pt
Adam 2400 | total=9.407e-02 f=2.098e-02 ic=6.695e-04 wall=1.020e-02 inlet=4.274e-03 outlet=2.291e-05 min_w=4.383e-01
Saved PyTorch checkpoint to results/checkpoints/causal_eps30/best.pt
Saved PyTorch checkpoint to results/checkpoints/causal_eps30/best.pt
Saved PyTorch checkpoint to results/checkpoints/causal_eps30/best.pt
Saved PyTorch checkpoint to results/checkpoints/causal_eps30/best.pt
Saved PyTorch checkpoint to results/checkpoints/causal_eps30/best.pt
Saved PyTorch checkpoint to results/checkpoints/causal_eps30/best.pt
Saved PyTorch checkpoint to results/checkpoints/causal_eps30/best.pt
Saved PyTorch checkpoint to results/checkpoints/causal_eps30/best.pt
Saved PyTorch checkpoint to results/checkpoints/causal_eps30/best.pt
Saved PyTorch checkpoint to results/checkpoints/causal_eps30/best.pt
Saved PyTorch checkpoint to results/checkpoints/causal_eps30/best.pt
Saved PyTorch checkpoint to results/checkpoints/causal_eps30/best.pt
Adam 2500 | total=9.724e-02 f=2.224e-02 ic=8.361e-04 wall=1.165e-02 inlet=3.178e-03 outlet=3.581e-05 min_w=4.053e-01
Saved PyTorch checkpoint to results/checkpoints/causal_eps30/best.pt
Saved PyTorch checkpoint to results/checkpoints/causal_eps30/best.pt
Saved PyTorch checkpoint to results/checkpoints/causal_eps30/best.pt
Saved PyTorch checkpoint to results/checkpoints/causal_eps30/best.pt
Saved PyTorch checkpoint to results/checkpoints/causal_eps30/best.pt
Saved PyTorch checkpoint to results/checkpoints/causal_eps30/best.pt
Saved PyTorch checkpoint to results/checkpoints/causal_eps30/best.pt
Saved PyTorch checkpoint to results/checkpoints/causal_eps30/best.pt
Adam 2600 | total=8.965e-02 f=1.978e-02 ic=6.022e-04 wall=8.945e-03 inlet=4.903e-03 outlet=3.251e-05 min_w=4.767e-01
Saved PyTorch checkpoint to results/checkpoints/causal_eps30/best.pt
Saved PyTorch checkpoint to results/checkpoints/causal_eps30/best.pt
Saved PyTorch checkpoint to results/checkpoints/causal_eps30/best.pt
Saved PyTorch checkpoint to results/checkpoints/causal_eps30/best.pt
Saved PyTorch checkpoint to results/checkpoints/causal_eps30/best.pt
Saved PyTorch checkpoint to results/checkpoints/causal_eps30/best.pt
Adam 2700 | total=8.720e-02 f=1.973e-02 ic=6.698e-04 wall=1.005e-02 inlet=3.300e-03 outlet=3.410e-05 min_w=4.757e-01
Saved PyTorch checkpoint to results/checkpoints/causal_eps30/best.pt
Saved PyTorch checkpoint to results/checkpoints/causal_eps30/best.pt
Saved PyTorch checkpoint to results/checkpoints/causal_eps30/best.pt
Saved PyTorch checkpoint to results/checkpoints/causal_eps30/best.pt
Saved PyTorch checkpoint to results/checkpoints/causal_eps30/best.pt
Saved PyTorch checkpoint to results/checkpoints/causal_eps30/best.pt
Saved PyTorch checkpoint to results/checkpoints/causal_eps30/best.pt
Saved PyTorch checkpoint to results/checkpoints/causal_eps30/best.pt
Saved PyTorch checkpoint to results/checkpoints/causal_eps30/best.pt
Saved PyTorch checkpoint to results/checkpoints/causal_eps30/best.pt
Adam 2800 | total=8.567e-02 f=1.875e-02 ic=7.092e-04 wall=9.679e-03 inlet=3.559e-03 outlet=2.252e-05 min_w=4.971e-01
Saved PyTorch checkpoint to results/checkpoints/causal_eps30/best.pt
Saved PyTorch checkpoint to results/checkpoints/causal_eps30/best.pt
Saved PyTorch checkpoint to results/checkpoints/causal_eps30/best.pt
Saved PyTorch checkpoint to results/checkpoints/causal_eps30/best.pt
Adam 2900 | total=8.402e-02 f=1.811e-02 ic=7.107e-04 wall=8.408e-03 inlet=4.626e-03 outlet=2.206e-05 min_w=5.157e-01
Saved PyTorch checkpoint to results/checkpoints/causal_eps30/best.pt
Saved PyTorch checkpoint to results/checkpoints/causal_eps30/best.pt
Saved PyTorch checkpoint to results/checkpoints/causal_eps30/best.pt
Saved PyTorch checkpoint to results/checkpoints/causal_eps30/best.pt
Saved PyTorch checkpoint to results/checkpoints/causal_eps30/best.pt
Saved PyTorch checkpoint to results/checkpoints/causal_eps30/best.pt
Saved PyTorch checkpoint to results/checkpoints/causal_eps30/best.pt
Saved PyTorch checkpoint to results/checkpoints/causal_eps30/best.pt
Saved PyTorch checkpoint to results/checkpoints/causal_eps30/best.pt
Saved PyTorch checkpoint to results/checkpoints/causal_eps30/best.pt
Adam 3000 | total=8.380e-02 f=1.913e-02 ic=7.549e-04 wall=9.834e-03 inlet=2.941e-03 outlet=3.527e-05 min_w=4.896e-01
Saved PyTorch checkpoint to results/checkpoints/causal_eps30/best.pt
Saved PyTorch checkpoint to results/checkpoints/causal_eps30/best.pt
Saved PyTorch checkpoint to results/checkpoints/causal_eps30/best.pt
Saved PyTorch checkpoint to results/checkpoints/causal_eps30/best.pt
Saved PyTorch checkpoint to results/checkpoints/causal_eps30/best.pt
Saved PyTorch checkpoint to results/checkpoints/causal_eps30/best.pt
Saved PyTorch checkpoint to results/checkpoints/causal_eps30/best.pt
Saved PyTorch checkpoint to results/checkpoints/causal_eps30/best.pt
Saved PyTorch checkpoint to results/checkpoints/causal_eps30/best.pt
Saved PyTorch checkpoint to results/checkpoints/causal_eps30/best.pt
Saved PyTorch checkpoint to results/checkpoints/causal_eps30/best.pt
Saved PyTorch checkpoint to results/checkpoints/causal_eps30/best.pt
Adam 3100 | total=7.510e-02 f=1.650e-02 ic=6.483e-04 wall=8.466e-03 inlet=3.118e-03 outlet=2.465e-05 min_w=5.648e-01
Saved PyTorch checkpoint to results/checkpoints/causal_eps30/best.pt
Saved PyTorch checkpoint to results/checkpoints/causal_eps30/best.pt
Saved PyTorch checkpoint to results/checkpoints/causal_eps30/best.pt
Saved PyTorch checkpoint to results/checkpoints/causal_eps30/best.pt
Saved PyTorch checkpoint to results/checkpoints/causal_eps30/best.pt
Saved PyTorch checkpoint to results/checkpoints/causal_eps30/best.pt
Saved PyTorch checkpoint to results/checkpoints/causal_eps30/best.pt
Saved PyTorch checkpoint to results/checkpoints/causal_eps30/best.pt
Saved PyTorch checkpoint to results/checkpoints/causal_eps30/best.pt
Adam 3200 | total=7.732e-02 f=1.681e-02 ic=6.941e-04 wall=7.624e-03 inlet=4.335e-03 outlet=2.699e-05 min_w=5.586e-01
Saved PyTorch checkpoint to results/checkpoints/causal_eps30/best.pt
Saved PyTorch checkpoint to results/checkpoints/causal_eps30/best.pt
Saved PyTorch checkpoint to results/checkpoints/causal_eps30/best.pt
Saved PyTorch checkpoint to results/checkpoints/causal_eps30/best.pt
Adam 3300 | total=7.283e-02 f=1.643e-02 ic=6.846e-04 wall=8.110e-03 inlet=3.027e-03 outlet=2.733e-05 min_w=5.662e-01
Saved PyTorch checkpoint to results/checkpoints/causal_eps30/best.pt
Saved PyTorch checkpoint to results/checkpoints/causal_eps30/best.pt
Saved PyTorch checkpoint to results/checkpoints/causal_eps30/best.pt
Saved PyTorch checkpoint to results/checkpoints/causal_eps30/best.pt
Saved PyTorch checkpoint to results/checkpoints/causal_eps30/best.pt
Saved PyTorch checkpoint to results/checkpoints/causal_eps30/best.pt
Saved PyTorch checkpoint to results/checkpoints/causal_eps30/best.pt
Saved PyTorch checkpoint to results/checkpoints/causal_eps30/best.pt
Saved PyTorch checkpoint to results/checkpoints/causal_eps30/best.pt
Saved PyTorch checkpoint to results/checkpoints/causal_eps30/best.pt
Saved PyTorch checkpoint to results/checkpoints/causal_eps30/best.pt
Adam 3400 | total=7.532e-02 f=1.647e-02 ic=8.164e-04 wall=6.884e-03 inlet=4.719e-03 outlet=1.698e-05 min_w=5.642e-01
Saved PyTorch checkpoint to results/checkpoints/causal_eps30/best.pt
Saved PyTorch checkpoint to results/checkpoints/causal_eps30/best.pt
Saved PyTorch checkpoint to results/checkpoints/causal_eps30/best.pt
Saved PyTorch checkpoint to results/checkpoints/causal_eps30/best.pt
Saved PyTorch checkpoint to results/checkpoints/causal_eps30/best.pt
Saved PyTorch checkpoint to results/checkpoints/causal_eps30/best.pt
Saved PyTorch checkpoint to results/checkpoints/causal_eps30/best.pt
Saved PyTorch checkpoint to results/checkpoints/causal_eps30/best.pt
Saved PyTorch checkpoint to results/checkpoints/causal_eps30/best.pt
Saved PyTorch checkpoint to results/checkpoints/causal_eps30/best.pt
Adam 3500 | total=7.206e-02 f=1.601e-02 ic=7.587e-04 wall=6.865e-03 inlet=4.190e-03 outlet=2.339e-05 min_w=5.792e-01
Saved PyTorch checkpoint to results/checkpoints/causal_eps30/best.pt
Saved PyTorch checkpoint to results/checkpoints/causal_eps30/best.pt
Saved PyTorch checkpoint to results/checkpoints/causal_eps30/best.pt
Saved PyTorch checkpoint to results/checkpoints/causal_eps30/best.pt
Saved PyTorch checkpoint to results/checkpoints/causal_eps30/best.pt
Saved PyTorch checkpoint to results/checkpoints/causal_eps30/best.pt
Adam 3600 | total=7.518e-02 f=1.792e-02 ic=9.447e-04 wall=8.050e-03 inlet=3.210e-03 outlet=1.685e-05 min_w=5.146e-01
Saved PyTorch checkpoint to results/checkpoints/causal_eps30/best.pt
Saved PyTorch checkpoint to results/checkpoints/causal_eps30/best.pt
Saved PyTorch checkpoint to results/checkpoints/causal_eps30/best.pt
Saved PyTorch checkpoint to results/checkpoints/causal_eps30/best.pt
Saved PyTorch checkpoint to results/checkpoints/causal_eps30/best.pt
Saved PyTorch checkpoint to results/checkpoints/causal_eps30/best.pt
Saved PyTorch checkpoint to results/checkpoints/causal_eps30/best.pt
Saved PyTorch checkpoint to results/checkpoints/causal_eps30/best.pt
Saved PyTorch checkpoint to results/checkpoints/causal_eps30/best.pt
Adam 3700 | total=7.428e-02 f=1.659e-02 ic=9.680e-04 wall=6.111e-03 inlet=5.229e-03 outlet=2.061e-05 min_w=5.606e-01
Saved PyTorch checkpoint to results/checkpoints/causal_eps30/best.pt
Saved PyTorch checkpoint to results/checkpoints/causal_eps30/best.pt
Saved PyTorch checkpoint to results/checkpoints/causal_eps30/best.pt
Saved PyTorch checkpoint to results/checkpoints/causal_eps30/best.pt
Saved PyTorch checkpoint to results/checkpoints/causal_eps30/best.pt
Saved PyTorch checkpoint to results/checkpoints/causal_eps30/best.pt
Saved PyTorch checkpoint to results/checkpoints/causal_eps30/best.pt
Saved PyTorch checkpoint to results/checkpoints/causal_eps30/best.pt
Saved PyTorch checkpoint to results/checkpoints/causal_eps30/best.pt
Saved PyTorch checkpoint to results/checkpoints/causal_eps30/best.pt
Adam 3800 | total=6.627e-02 f=1.579e-02 ic=8.781e-04 wall=6.587e-03 inlet=3.330e-03 outlet=2.080e-05 min_w=5.785e-01
Saved PyTorch checkpoint to results/checkpoints/causal_eps30/best.pt
Saved PyTorch checkpoint to results/checkpoints/causal_eps30/best.pt
Saved PyTorch checkpoint to results/checkpoints/causal_eps30/best.pt
Saved PyTorch checkpoint to results/checkpoints/causal_eps30/best.pt
Saved PyTorch checkpoint to results/checkpoints/causal_eps30/best.pt
Saved PyTorch checkpoint to results/checkpoints/causal_eps30/best.pt
Saved PyTorch checkpoint to results/checkpoints/causal_eps30/best.pt
Saved PyTorch checkpoint to results/checkpoints/causal_eps30/best.pt
Saved PyTorch checkpoint to results/checkpoints/causal_eps30/best.pt
Adam 3900 | total=6.010e-02 f=1.415e-02 ic=8.472e-04 wall=6.495e-03 inlet=2.520e-03 outlet=2.474e-05 min_w=6.241e-01
Saved PyTorch checkpoint to results/checkpoints/causal_eps30/best.pt
Saved PyTorch checkpoint to results/checkpoints/causal_eps30/best.pt
Adam 4000 | total=6.176e-02 f=1.511e-02 ic=9.197e-04 wall=6.326e-03 inlet=2.815e-03 outlet=2.423e-05 min_w=5.958e-01
Saved PyTorch checkpoint to results/checkpoints/causal_eps30/best.pt
Saved PyTorch checkpoint to results/checkpoints/causal_eps30/best.pt
Adam 4100 | total=6.077e-02 f=1.444e-02 ic=9.509e-04 wall=5.613e-03 inlet=3.456e-03 outlet=3.010e-05 min_w=6.170e-01
Saved PyTorch checkpoint to results/checkpoints/causal_eps30/best.pt
Saved PyTorch checkpoint to results/checkpoints/causal_eps30/best.pt
Saved PyTorch checkpoint to results/checkpoints/causal_eps30/best.pt
Saved PyTorch checkpoint to results/checkpoints/causal_eps30/best.pt
Saved PyTorch checkpoint to results/checkpoints/causal_eps30/best.pt
Saved PyTorch checkpoint to results/checkpoints/causal_eps30/best.pt
Saved PyTorch checkpoint to results/checkpoints/causal_eps30/best.pt
Adam 4200 | total=6.245e-02 f=1.657e-02 ic=9.917e-04 wall=6.043e-03 inlet=2.928e-03 outlet=4.126e-05 min_w=5.497e-01
Saved PyTorch checkpoint to results/checkpoints/causal_eps30/best.pt
Saved PyTorch checkpoint to results/checkpoints/causal_eps30/best.pt
Saved PyTorch checkpoint to results/checkpoints/causal_eps30/best.pt
Saved PyTorch checkpoint to results/checkpoints/causal_eps30/best.pt
Saved PyTorch checkpoint to results/checkpoints/causal_eps30/best.pt
Saved PyTorch checkpoint to results/checkpoints/causal_eps30/best.pt
Saved PyTorch checkpoint to results/checkpoints/causal_eps30/best.pt
Saved PyTorch checkpoint to results/checkpoints/causal_eps30/best.pt
Saved PyTorch checkpoint to results/checkpoints/causal_eps30/best.pt
Adam 4300 | total=5.832e-02 f=1.524e-02 ic=1.081e-03 wall=6.765e-03 inlet=1.627e-03 outlet=3.993e-05 min_w=5.827e-01
Saved PyTorch checkpoint to results/checkpoints/causal_eps30/best.pt
Saved PyTorch checkpoint to results/checkpoints/causal_eps30/best.pt
Saved PyTorch checkpoint to results/checkpoints/causal_eps30/best.pt
Saved PyTorch checkpoint to results/checkpoints/causal_eps30/best.pt
Saved PyTorch checkpoint to results/checkpoints/causal_eps30/best.pt
Saved PyTorch checkpoint to results/checkpoints/causal_eps30/best.pt
Saved PyTorch checkpoint to results/checkpoints/causal_eps30/best.pt
Saved PyTorch checkpoint to results/checkpoints/causal_eps30/best.pt
Saved PyTorch checkpoint to results/checkpoints/causal_eps30/best.pt
Saved PyTorch checkpoint to results/checkpoints/causal_eps30/best.pt
Saved PyTorch checkpoint to results/checkpoints/causal_eps30/best.pt
Saved PyTorch checkpoint to results/checkpoints/causal_eps30/best.pt
Saved PyTorch checkpoint to results/checkpoints/causal_eps30/best.pt
Adam 4400 | total=5.260e-02 f=1.352e-02 ic=9.896e-04 wall=5.576e-03 inlet=2.034e-03 outlet=3.411e-05 min_w=6.375e-01
Saved PyTorch checkpoint to results/checkpoints/causal_eps30/best.pt
Saved PyTorch checkpoint to results/checkpoints/causal_eps30/best.pt
Saved PyTorch checkpoint to results/checkpoints/causal_eps30/best.pt
Saved PyTorch checkpoint to results/checkpoints/causal_eps30/best.pt
Saved PyTorch checkpoint to results/checkpoints/causal_eps30/best.pt
Saved PyTorch checkpoint to results/checkpoints/causal_eps30/best.pt
Saved PyTorch checkpoint to results/checkpoints/causal_eps30/best.pt
Adam 4500 | total=5.207e-02 f=1.380e-02 ic=1.024e-03 wall=5.703e-03 inlet=1.739e-03 outlet=3.470e-05 min_w=6.276e-01
Saved PyTorch checkpoint to results/checkpoints/causal_eps30/best.pt
Saved PyTorch checkpoint to results/checkpoints/causal_eps30/best.pt
Saved PyTorch checkpoint to results/checkpoints/causal_eps30/best.pt
Saved PyTorch checkpoint to results/checkpoints/causal_eps30/best.pt
Saved PyTorch checkpoint to results/checkpoints/causal_eps30/best.pt
Adam 4600 | total=5.647e-02 f=1.544e-02 ic=1.222e-03 wall=6.556e-03 inlet=1.396e-03 outlet=4.332e-05 min_w=5.737e-01
Saved PyTorch checkpoint to results/checkpoints/causal_eps30/best.pt
Saved PyTorch checkpoint to results/checkpoints/causal_eps30/best.pt
Saved PyTorch checkpoint to results/checkpoints/causal_eps30/best.pt
Saved PyTorch checkpoint to results/checkpoints/causal_eps30/best.pt
Saved PyTorch checkpoint to results/checkpoints/causal_eps30/best.pt
Saved PyTorch checkpoint to results/checkpoints/causal_eps30/best.pt
Saved PyTorch checkpoint to results/checkpoints/causal_eps30/best.pt
Saved PyTorch checkpoint to results/checkpoints/causal_eps30/best.pt
Saved PyTorch checkpoint to results/checkpoints/causal_eps30/best.pt
Adam 4700 | total=4.994e-02 f=1.376e-02 ic=1.073e-03 wall=5.612e-03 inlet=1.401e-03 outlet=4.364e-05 min_w=6.243e-01
Saved PyTorch checkpoint to results/checkpoints/causal_eps30/best.pt
Adam 4800 | total=5.488e-02 f=1.567e-02 ic=1.080e-03 wall=4.871e-03 inlet=2.749e-03 outlet=3.617e-05 min_w=5.770e-01
Saved PyTorch checkpoint to results/checkpoints/causal_eps30/best.pt
Saved PyTorch checkpoint to results/checkpoints/causal_eps30/best.pt
Saved PyTorch checkpoint to results/checkpoints/causal_eps30/best.pt
Saved PyTorch checkpoint to results/checkpoints/causal_eps30/best.pt
Saved PyTorch checkpoint to results/checkpoints/causal_eps30/best.pt
Saved PyTorch checkpoint to results/checkpoints/causal_eps30/best.pt
Adam 4900 | total=5.020e-02 f=1.456e-02 ic=1.057e-03 wall=4.924e-03 inlet=1.983e-03 outlet=4.797e-05 min_w=6.016e-01
Adam 5000 | total=4.914e-02 f=1.407e-02 ic=1.141e-03 wall=5.577e-03 inlet=1.201e-03 outlet=4.376e-05 min_w=6.149e-01
Saved PyTorch checkpoint to results/checkpoints/causal_eps30/snapshot_iter5000.pt
[snapshot] iter 5000 → results/checkpoints/causal_eps30/snapshot_iter5000.pt
Saved PyTorch checkpoint to results/checkpoints/causal_eps30/best.pt
Saved PyTorch checkpoint to results/checkpoints/causal_eps30/best.pt
Saved PyTorch checkpoint to results/checkpoints/causal_eps30/best.pt
Saved PyTorch checkpoint to results/checkpoints/causal_eps30/best.pt
Saved PyTorch checkpoint to results/checkpoints/causal_eps30/best.pt
Saved PyTorch checkpoint to results/checkpoints/causal_eps30/best.pt
Saved PyTorch checkpoint to results/checkpoints/causal_eps30/best.pt
Saved PyTorch checkpoint to results/checkpoints/causal_eps30/best.pt
Saved PyTorch checkpoint to results/checkpoints/causal_eps30/best.pt
Saved PyTorch checkpoint to results/checkpoints/causal_eps30/best.pt
Adam 5100 | total=4.964e-02 f=1.490e-02 ic=1.111e-03 wall=5.228e-03 inlet=1.488e-03 outlet=5.336e-05 min_w=5.884e-01
Saved PyTorch checkpoint to results/checkpoints/causal_eps30/best.pt
Saved PyTorch checkpoint to results/checkpoints/causal_eps30/best.pt
Saved PyTorch checkpoint to results/checkpoints/causal_eps30/best.pt
Saved PyTorch checkpoint to results/checkpoints/causal_eps30/best.pt
Saved PyTorch checkpoint to results/checkpoints/causal_eps30/best.pt
Saved PyTorch checkpoint to results/checkpoints/causal_eps30/best.pt
Saved PyTorch checkpoint to results/checkpoints/causal_eps30/best.pt
Saved PyTorch checkpoint to results/checkpoints/causal_eps30/best.pt
Saved PyTorch checkpoint to results/checkpoints/causal_eps30/best.pt
Adam 5200 | total=5.536e-02 f=1.543e-02 ic=1.208e-03 wall=4.153e-03 inlet=3.582e-03 outlet=4.834e-05 min_w=5.830e-01
Saved PyTorch checkpoint to results/checkpoints/causal_eps30/best.pt
Saved PyTorch checkpoint to results/checkpoints/causal_eps30/best.pt
Saved PyTorch checkpoint to results/checkpoints/causal_eps30/best.pt
Saved PyTorch checkpoint to results/checkpoints/causal_eps30/best.pt
Adam 5300 | total=5.211e-02 f=1.528e-02 ic=1.129e-03 wall=4.136e-03 inlet=2.995e-03 outlet=4.364e-05 min_w=5.878e-01
Saved PyTorch checkpoint to results/checkpoints/causal_eps30/best.pt
Saved PyTorch checkpoint to results/checkpoints/causal_eps30/best.pt
Saved PyTorch checkpoint to results/checkpoints/causal_eps30/best.pt
Adam 5400 | total=4.471e-02 f=1.370e-02 ic=1.045e-03 wall=4.530e-03 inlet=1.453e-03 outlet=4.625e-05 min_w=6.282e-01
Saved PyTorch checkpoint to results/checkpoints/causal_eps30/best.pt
Saved PyTorch checkpoint to results/checkpoints/causal_eps30/best.pt
Saved PyTorch checkpoint to results/checkpoints/causal_eps30/best.pt
Adam 5500 | total=4.849e-02 f=1.521e-02 ic=1.172e-03 wall=5.051e-03 inlet=1.361e-03 outlet=4.680e-05 min_w=5.836e-01
Saved PyTorch checkpoint to results/checkpoints/causal_eps30/best.pt
Saved PyTorch checkpoint to results/checkpoints/causal_eps30/best.pt
Saved PyTorch checkpoint to results/checkpoints/causal_eps30/best.pt
Saved PyTorch checkpoint to results/checkpoints/causal_eps30/best.pt
Saved PyTorch checkpoint to results/checkpoints/causal_eps30/best.pt
Adam 5600 | total=4.728e-02 f=1.492e-02 ic=1.042e-03 wall=3.978e-03 inlet=2.274e-03 outlet=5.716e-05 min_w=5.909e-01
Saved PyTorch checkpoint to results/checkpoints/causal_eps30/best.pt
Saved PyTorch checkpoint to results/checkpoints/causal_eps30/best.pt
Adam 5700 | total=4.284e-02 f=1.330e-02 ic=1.014e-03 wall=3.911e-03 inlet=1.785e-03 outlet=4.888e-05 min_w=6.408e-01
Saved PyTorch checkpoint to results/checkpoints/causal_eps30/best.pt
Saved PyTorch checkpoint to results/checkpoints/causal_eps30/best.pt
Saved PyTorch checkpoint to results/checkpoints/causal_eps30/best.pt
Saved PyTorch checkpoint to results/checkpoints/causal_eps30/best.pt
Saved PyTorch checkpoint to results/checkpoints/causal_eps30/best.pt
Saved PyTorch checkpoint to results/checkpoints/causal_eps30/best.pt
Saved PyTorch checkpoint to results/checkpoints/causal_eps30/best.pt
Saved PyTorch checkpoint to results/checkpoints/causal_eps30/best.pt
Saved PyTorch checkpoint to results/checkpoints/causal_eps30/best.pt
Saved PyTorch checkpoint to results/checkpoints/causal_eps30/best.pt
Adam 5800 | total=4.790e-02 f=1.606e-02 ic=1.030e-03 wall=3.977e-03 inlet=2.174e-03 outlet=6.142e-05 min_w=5.561e-01
Saved PyTorch checkpoint to results/checkpoints/causal_eps30/best.pt
Saved PyTorch checkpoint to results/checkpoints/causal_eps30/best.pt
Saved PyTorch checkpoint to results/checkpoints/causal_eps30/best.pt
Saved PyTorch checkpoint to results/checkpoints/causal_eps30/best.pt
Adam 5900 | total=4.478e-02 f=1.397e-02 ic=1.038e-03 wall=3.645e-03 inlet=2.299e-03 outlet=5.065e-05 min_w=6.227e-01
Saved PyTorch checkpoint to results/checkpoints/causal_eps30/best.pt
Saved PyTorch checkpoint to results/checkpoints/causal_eps30/best.pt
Saved PyTorch checkpoint to results/checkpoints/causal_eps30/best.pt
Saved PyTorch checkpoint to results/checkpoints/causal_eps30/best.pt
Saved PyTorch checkpoint to results/checkpoints/causal_eps30/best.pt
Saved PyTorch checkpoint to results/checkpoints/causal_eps30/best.pt
Adam 6000 | total=4.184e-02 f=1.340e-02 ic=1.131e-03 wall=4.480e-03 inlet=9.719e-04 outlet=5.453e-05 min_w=6.314e-01
Saved PyTorch checkpoint to results/checkpoints/causal_eps30/best.pt
Saved PyTorch checkpoint to results/checkpoints/causal_eps30/best.pt
Saved PyTorch checkpoint to results/checkpoints/causal_eps30/best.pt
Adam 6100 | total=4.344e-02 f=1.428e-02 ic=9.880e-04 wall=3.554e-03 inlet=2.069e-03 outlet=5.907e-05 min_w=6.088e-01
Saved PyTorch checkpoint to results/checkpoints/causal_eps30/best.pt
Saved PyTorch checkpoint to results/checkpoints/causal_eps30/best.pt
Adam 6200 | total=4.159e-02 f=1.406e-02 ic=9.655e-04 wall=3.564e-03 inlet=1.736e-03 outlet=5.854e-05 min_w=6.137e-01
Saved PyTorch checkpoint to results/checkpoints/causal_eps30/best.pt
Saved PyTorch checkpoint to results/checkpoints/causal_eps30/best.pt
Saved PyTorch checkpoint to results/checkpoints/causal_eps30/best.pt
Adam 6300 | total=4.270e-02 f=1.508e-02 ic=1.004e-03 wall=3.809e-03 inlet=1.502e-03 outlet=6.114e-05 min_w=5.820e-01
Saved PyTorch checkpoint to results/checkpoints/causal_eps30/best.pt
Saved PyTorch checkpoint to results/checkpoints/causal_eps30/best.pt
Saved PyTorch checkpoint to results/checkpoints/causal_eps30/best.pt
Saved PyTorch checkpoint to results/checkpoints/causal_eps30/best.pt
Adam 6400 | total=3.904e-02 f=1.328e-02 ic=1.040e-03 wall=3.934e-03 inlet=9.994e-04 outlet=5.760e-05 min_w=6.333e-01
Saved PyTorch checkpoint to results/checkpoints/causal_eps30/best.pt
Saved PyTorch checkpoint to results/checkpoints/causal_eps30/best.pt
Saved PyTorch checkpoint to results/checkpoints/causal_eps30/best.pt
Saved PyTorch checkpoint to results/checkpoints/causal_eps30/best.pt
Adam 6500 | total=4.027e-02 f=1.376e-02 ic=1.077e-03 wall=4.081e-03 inlet=9.949e-04 outlet=5.640e-05 min_w=6.187e-01
Adam 6600 | total=3.890e-02 f=1.354e-02 ic=1.030e-03 wall=3.868e-03 inlet=9.873e-04 outlet=5.743e-05 min_w=6.253e-01
Saved PyTorch checkpoint to results/checkpoints/causal_eps30/best.pt
Saved PyTorch checkpoint to results/checkpoints/causal_eps30/best.pt
Saved PyTorch checkpoint to results/checkpoints/causal_eps30/best.pt
Saved PyTorch checkpoint to results/checkpoints/causal_eps30/best.pt
Adam 6700 | total=3.971e-02 f=1.383e-02 ic=1.077e-03 wall=3.986e-03 inlet=9.637e-04 outlet=5.582e-05 min_w=6.165e-01
Saved PyTorch checkpoint to results/checkpoints/causal_eps30/best.pt
Adam 6800 | total=3.976e-02 f=1.396e-02 ic=1.102e-03 wall=3.964e-03 inlet=9.645e-04 outlet=5.173e-05 min_w=6.167e-01
Saved PyTorch checkpoint to results/checkpoints/causal_eps30/best.pt
Saved PyTorch checkpoint to results/checkpoints/causal_eps30/best.pt
Saved PyTorch checkpoint to results/checkpoints/causal_eps30/best.pt
Adam 6900 | total=4.078e-02 f=1.448e-02 ic=1.132e-03 wall=4.002e-03 inlet=1.022e-03 outlet=5.165e-05 min_w=6.021e-01
Saved PyTorch checkpoint to results/checkpoints/causal_eps30/best.pt
Saved PyTorch checkpoint to results/checkpoints/causal_eps30/best.pt
Saved PyTorch checkpoint to results/checkpoints/causal_eps30/best.pt
Saved PyTorch checkpoint to results/checkpoints/causal_eps30/best.pt
Saved PyTorch checkpoint to results/checkpoints/causal_eps30/best.pt
Adam 7000 | total=3.815e-02 f=1.382e-02 ic=1.050e-03 wall=3.706e-03 inlet=9.379e-04 outlet=5.152e-05 min_w=6.210e-01
Adam 7100 | total=3.742e-02 f=1.358e-02 ic=1.046e-03 wall=3.661e-03 inlet=8.871e-04 outlet=5.177e-05 min_w=6.273e-01
Adam 7200 | total=3.679e-02 f=1.351e-02 ic=1.033e-03 wall=3.570e-03 inlet=8.690e-04 outlet=5.123e-05 min_w=6.294e-01
Saved PyTorch checkpoint to results/checkpoints/causal_eps30/best.pt
Saved PyTorch checkpoint to results/checkpoints/causal_eps30/best.pt
Saved PyTorch checkpoint to results/checkpoints/causal_eps30/best.pt
Adam 7300 | total=3.533e-02 f=1.327e-02 ic=9.835e-04 wall=3.355e-03 inlet=8.498e-04 outlet=4.982e-05 min_w=6.368e-01
Saved PyTorch checkpoint to results/checkpoints/causal_eps30/best.pt
Saved PyTorch checkpoint to results/checkpoints/causal_eps30/best.pt
Saved PyTorch checkpoint to results/checkpoints/causal_eps30/best.pt
Saved PyTorch checkpoint to results/checkpoints/causal_eps30/best.pt
Saved PyTorch checkpoint to results/checkpoints/causal_eps30/best.pt
Adam 7400 | total=3.446e-02 f=1.337e-02 ic=9.299e-04 wall=3.117e-03 inlet=9.048e-04 outlet=4.844e-05 min_w=6.353e-01
Saved PyTorch checkpoint to results/checkpoints/causal_eps30/best.pt
Saved PyTorch checkpoint to results/checkpoints/causal_eps30/best.pt
Saved PyTorch checkpoint to results/checkpoints/causal_eps30/best.pt
Saved PyTorch checkpoint to results/checkpoints/causal_eps30/best.pt
Saved PyTorch checkpoint to results/checkpoints/causal_eps30/best.pt
Adam 7500 | total=3.566e-02 f=1.442e-02 ic=8.780e-04 wall=2.859e-03 inlet=1.203e-03 outlet=4.722e-05 min_w=6.078e-01
Saved PyTorch checkpoint to results/checkpoints/causal_eps30/best.pt
Saved PyTorch checkpoint to results/checkpoints/causal_eps30/best.pt
Saved PyTorch checkpoint to results/checkpoints/causal_eps30/best.pt
Saved PyTorch checkpoint to results/checkpoints/causal_eps30/best.pt
Saved PyTorch checkpoint to results/checkpoints/causal_eps30/best.pt
Adam 7600 | total=3.480e-02 f=1.376e-02 ic=8.281e-04 wall=2.613e-03 inlet=1.421e-03 outlet=4.840e-05 min_w=6.270e-01
Saved PyTorch checkpoint to results/checkpoints/causal_eps30/best.pt
Saved PyTorch checkpoint to results/checkpoints/causal_eps30/best.pt
Saved PyTorch checkpoint to results/checkpoints/causal_eps30/best.pt
Saved PyTorch checkpoint to results/checkpoints/causal_eps30/best.pt
Saved PyTorch checkpoint to results/checkpoints/causal_eps30/best.pt
Adam 7700 | total=3.433e-02 f=1.325e-02 ic=8.123e-04 wall=2.500e-03 inlet=1.545e-03 outlet=4.994e-05 min_w=6.416e-01
Saved PyTorch checkpoint to results/checkpoints/causal_eps30/best.pt
Saved PyTorch checkpoint to results/checkpoints/causal_eps30/best.pt
Saved PyTorch checkpoint to results/checkpoints/causal_eps30/best.pt
Saved PyTorch checkpoint to results/checkpoints/causal_eps30/best.pt
Saved PyTorch checkpoint to results/checkpoints/causal_eps30/best.pt
Saved PyTorch checkpoint to results/checkpoints/causal_eps30/best.pt
Adam 7800 | total=3.345e-02 f=1.324e-02 ic=7.988e-04 wall=2.454e-03 inlet=1.419e-03 outlet=4.944e-05 min_w=6.417e-01
Saved PyTorch checkpoint to results/checkpoints/causal_eps30/best.pt
Saved PyTorch checkpoint to results/checkpoints/causal_eps30/best.pt
Saved PyTorch checkpoint to results/checkpoints/causal_eps30/best.pt
Saved PyTorch checkpoint to results/checkpoints/causal_eps30/best.pt
Saved PyTorch checkpoint to results/checkpoints/causal_eps30/best.pt
Saved PyTorch checkpoint to results/checkpoints/causal_eps30/best.pt
Adam 7900 | total=3.307e-02 f=1.394e-02 ic=8.091e-04 wall=2.557e-03 inlet=1.096e-03 outlet=4.923e-05 min_w=6.208e-01
Saved PyTorch checkpoint to results/checkpoints/causal_eps30/best.pt
Saved PyTorch checkpoint to results/checkpoints/causal_eps30/best.pt
Saved PyTorch checkpoint to results/checkpoints/causal_eps30/best.pt
Saved PyTorch checkpoint to results/checkpoints/causal_eps30/best.pt
Saved PyTorch checkpoint to results/checkpoints/causal_eps30/best.pt
Adam 8000 | total=3.346e-02 f=1.386e-02 ic=8.999e-04 wall=2.897e-03 inlet=8.325e-04 outlet=5.070e-05 min_w=6.205e-01
Saved PyTorch checkpoint to results/checkpoints/causal_eps30/best.pt
Saved PyTorch checkpoint to results/checkpoints/causal_eps30/best.pt
Saved PyTorch checkpoint to results/checkpoints/causal_eps30/best.pt
Saved PyTorch checkpoint to results/checkpoints/causal_eps30/best.pt
Saved PyTorch checkpoint to results/checkpoints/causal_eps30/best.pt
Adam 8100 | total=3.211e-02 f=1.313e-02 ic=8.995e-04 wall=2.887e-03 inlet=7.180e-04 outlet=5.259e-05 min_w=6.400e-01
Saved PyTorch checkpoint to results/checkpoints/causal_eps30/best.pt
Saved PyTorch checkpoint to results/checkpoints/causal_eps30/best.pt
Saved PyTorch checkpoint to results/checkpoints/causal_eps30/best.pt
Saved PyTorch checkpoint to results/checkpoints/causal_eps30/best.pt
Saved PyTorch checkpoint to results/checkpoints/causal_eps30/best.pt
Saved PyTorch checkpoint to results/checkpoints/causal_eps30/best.pt
Saved PyTorch checkpoint to results/checkpoints/causal_eps30/best.pt
Saved PyTorch checkpoint to results/checkpoints/causal_eps30/best.pt
Adam 8200 | total=3.143e-02 f=1.363e-02 ic=8.076e-04 wall=2.534e-03 inlet=8.528e-04 outlet=5.007e-05 min_w=6.283e-01
Saved PyTorch checkpoint to results/checkpoints/causal_eps30/best.pt
Saved PyTorch checkpoint to results/checkpoints/causal_eps30/best.pt
Saved PyTorch checkpoint to results/checkpoints/causal_eps30/best.pt
Saved PyTorch checkpoint to results/checkpoints/causal_eps30/best.pt
Saved PyTorch checkpoint to results/checkpoints/causal_eps30/best.pt
Adam 8300 | total=3.128e-02 f=1.329e-02 ic=7.262e-04 wall=2.211e-03 inlet=1.231e-03 outlet=5.173e-05 min_w=6.396e-01
Saved PyTorch checkpoint to results/checkpoints/causal_eps30/best.pt
Saved PyTorch checkpoint to results/checkpoints/causal_eps30/best.pt
Saved PyTorch checkpoint to results/checkpoints/causal_eps30/best.pt
Saved PyTorch checkpoint to results/checkpoints/causal_eps30/best.pt
Saved PyTorch checkpoint to results/checkpoints/causal_eps30/best.pt
Adam 8400 | total=3.090e-02 f=1.309e-02 ic=7.146e-04 wall=2.144e-03 inlet=1.265e-03 outlet=5.241e-05 min_w=6.455e-01
Saved PyTorch checkpoint to results/checkpoints/causal_eps30/best.pt
Saved PyTorch checkpoint to results/checkpoints/causal_eps30/best.pt
Saved PyTorch checkpoint to results/checkpoints/causal_eps30/best.pt
Saved PyTorch checkpoint to results/checkpoints/causal_eps30/best.pt
Saved PyTorch checkpoint to results/checkpoints/causal_eps30/best.pt
Adam 8500 | total=3.073e-02 f=1.390e-02 ic=7.529e-04 wall=2.328e-03 inlet=8.761e-04 outlet=5.263e-05 min_w=6.206e-01
Saved PyTorch checkpoint to results/checkpoints/causal_eps30/best.pt
Saved PyTorch checkpoint to results/checkpoints/causal_eps30/best.pt
Saved PyTorch checkpoint to results/checkpoints/causal_eps30/best.pt
Saved PyTorch checkpoint to results/checkpoints/causal_eps30/best.pt
Saved PyTorch checkpoint to results/checkpoints/causal_eps30/best.pt
Saved PyTorch checkpoint to results/checkpoints/causal_eps30/best.pt
Adam 8600 | total=3.057e-02 f=1.318e-02 ic=8.477e-04 wall=2.630e-03 inlet=6.658e-04 outlet=5.584e-05 min_w=6.380e-01
Saved PyTorch checkpoint to results/checkpoints/causal_eps30/best.pt
Saved PyTorch checkpoint to results/checkpoints/causal_eps30/best.pt
Saved PyTorch checkpoint to results/checkpoints/causal_eps30/best.pt
Saved PyTorch checkpoint to results/checkpoints/causal_eps30/best.pt
Saved PyTorch checkpoint to results/checkpoints/causal_eps30/best.pt
Saved PyTorch checkpoint to results/checkpoints/causal_eps30/best.pt
Saved PyTorch checkpoint to results/checkpoints/causal_eps30/best.pt
Adam 8700 | total=2.915e-02 f=1.328e-02 ic=7.510e-04 wall=2.299e-03 inlet=7.154e-04 outlet=5.380e-05 min_w=6.375e-01
Saved PyTorch checkpoint to results/checkpoints/causal_eps30/best.pt
Saved PyTorch checkpoint to results/checkpoints/causal_eps30/best.pt
Saved PyTorch checkpoint to results/checkpoints/causal_eps30/best.pt
Saved PyTorch checkpoint to results/checkpoints/causal_eps30/best.pt
Saved PyTorch checkpoint to results/checkpoints/causal_eps30/best.pt
Saved PyTorch checkpoint to results/checkpoints/causal_eps30/best.pt
Adam 8800 | total=2.916e-02 f=1.299e-02 ic=6.575e-04 wall=1.975e-03 inlet=1.117e-03 outlet=5.579e-05 min_w=6.478e-01
Saved PyTorch checkpoint to results/checkpoints/causal_eps30/best.pt
Saved PyTorch checkpoint to results/checkpoints/causal_eps30/best.pt
Saved PyTorch checkpoint to results/checkpoints/causal_eps30/best.pt
Saved PyTorch checkpoint to results/checkpoints/causal_eps30/best.pt
Saved PyTorch checkpoint to results/checkpoints/causal_eps30/best.pt
Saved PyTorch checkpoint to results/checkpoints/causal_eps30/best.pt
Adam 8900 | total=2.846e-02 f=1.297e-02 ic=6.505e-04 wall=1.945e-03 inlet=1.010e-03 outlet=5.601e-05 min_w=6.479e-01
Saved PyTorch checkpoint to results/checkpoints/causal_eps30/best.pt
Saved PyTorch checkpoint to results/checkpoints/causal_eps30/best.pt
Saved PyTorch checkpoint to results/checkpoints/causal_eps30/best.pt
Saved PyTorch checkpoint to results/checkpoints/causal_eps30/best.pt
Adam 9000 | total=2.936e-02 f=1.354e-02 ic=7.658e-04 wall=2.311e-03 inlet=6.883e-04 outlet=5.686e-05 min_w=6.288e-01
Saved PyTorch checkpoint to results/checkpoints/causal_eps30/best.pt
Saved PyTorch checkpoint to results/checkpoints/causal_eps30/best.pt
Saved PyTorch checkpoint to results/checkpoints/causal_eps30/best.pt
Saved PyTorch checkpoint to results/checkpoints/causal_eps30/best.pt
Saved PyTorch checkpoint to results/checkpoints/causal_eps30/best.pt
Saved PyTorch checkpoint to results/checkpoints/causal_eps30/best.pt
Adam 9100 | total=2.733e-02 f=1.249e-02 ic=7.476e-04 wall=2.257e-03 inlet=5.509e-04 outlet=5.844e-05 min_w=6.575e-01
Saved PyTorch checkpoint to results/checkpoints/causal_eps30/best.pt
Saved PyTorch checkpoint to results/checkpoints/causal_eps30/best.pt
Saved PyTorch checkpoint to results/checkpoints/causal_eps30/best.pt
Saved PyTorch checkpoint to results/checkpoints/causal_eps30/best.pt
Saved PyTorch checkpoint to results/checkpoints/causal_eps30/best.pt
Saved PyTorch checkpoint to results/checkpoints/causal_eps30/best.pt
Saved PyTorch checkpoint to results/checkpoints/causal_eps30/best.pt
Saved PyTorch checkpoint to results/checkpoints/causal_eps30/best.pt
Saved PyTorch checkpoint to results/checkpoints/causal_eps30/best.pt
Adam 9200 | total=2.800e-02 f=1.340e-02 ic=6.326e-04 wall=1.887e-03 inlet=8.951e-04 outlet=5.732e-05 min_w=6.353e-01
Saved PyTorch checkpoint to results/checkpoints/causal_eps30/best.pt
Saved PyTorch checkpoint to results/checkpoints/causal_eps30/best.pt
Saved PyTorch checkpoint to results/checkpoints/causal_eps30/best.pt
Saved PyTorch checkpoint to results/checkpoints/causal_eps30/best.pt
Saved PyTorch checkpoint to results/checkpoints/causal_eps30/best.pt
Saved PyTorch checkpoint to results/checkpoints/causal_eps30/best.pt
Adam 9300 | total=2.757e-02 f=1.274e-02 ic=6.039e-04 wall=1.781e-03 inlet=1.053e-03 outlet=5.930e-05 min_w=6.546e-01
Saved PyTorch checkpoint to results/checkpoints/causal_eps30/best.pt
Saved PyTorch checkpoint to results/checkpoints/causal_eps30/best.pt
Saved PyTorch checkpoint to results/checkpoints/causal_eps30/best.pt
Saved PyTorch checkpoint to results/checkpoints/causal_eps30/best.pt
Adam 9400 | total=2.724e-02 f=1.333e-02 ic=6.597e-04 wall=1.964e-03 inlet=6.747e-04 outlet=5.975e-05 min_w=6.354e-01
Saved PyTorch checkpoint to results/checkpoints/causal_eps30/best.pt
Saved PyTorch checkpoint to results/checkpoints/causal_eps30/best.pt
Adam 9500 | total=2.686e-02 f=1.254e-02 ic=7.417e-04 wall=2.180e-03 inlet=5.242e-04 outlet=6.173e-05 min_w=6.553e-01
Saved PyTorch checkpoint to results/checkpoints/causal_eps30/best.pt
Saved PyTorch checkpoint to results/checkpoints/causal_eps30/best.pt
Saved PyTorch checkpoint to results/checkpoints/causal_eps30/best.pt
Saved PyTorch checkpoint to results/checkpoints/causal_eps30/best.pt
Saved PyTorch checkpoint to results/checkpoints/causal_eps30/best.pt
Saved PyTorch checkpoint to results/checkpoints/causal_eps30/best.pt
Saved PyTorch checkpoint to results/checkpoints/causal_eps30/best.pt
Saved PyTorch checkpoint to results/checkpoints/causal_eps30/best.pt
Adam 9600 | total=2.680e-02 f=1.337e-02 ic=6.190e-04 wall=1.817e-03 inlet=7.327e-04 outlet=6.014e-05 min_w=6.352e-01
Saved PyTorch checkpoint to results/checkpoints/causal_eps30/best.pt
Saved PyTorch checkpoint to results/checkpoints/causal_eps30/best.pt
Saved PyTorch checkpoint to results/checkpoints/causal_eps30/best.pt
Saved PyTorch checkpoint to results/checkpoints/causal_eps30/best.pt
Saved PyTorch checkpoint to results/checkpoints/causal_eps30/best.pt
Adam 9700 | total=2.600e-02 f=1.235e-02 ic=5.594e-04 wall=1.652e-03 inlet=9.549e-04 outlet=6.316e-05 min_w=6.650e-01
Saved PyTorch checkpoint to results/checkpoints/causal_eps30/best.pt
Saved PyTorch checkpoint to results/checkpoints/causal_eps30/best.pt
Saved PyTorch checkpoint to results/checkpoints/causal_eps30/best.pt
Saved PyTorch checkpoint to results/checkpoints/causal_eps30/best.pt
Adam 9800 | total=2.503e-02 f=1.245e-02 ic=5.630e-04 wall=1.656e-03 inlet=7.341e-04 outlet=6.354e-05 min_w=6.611e-01
Saved PyTorch checkpoint to results/checkpoints/causal_eps30/best.pt
Saved PyTorch checkpoint to results/checkpoints/causal_eps30/best.pt
Saved PyTorch checkpoint to results/checkpoints/causal_eps30/best.pt
Saved PyTorch checkpoint to results/checkpoints/causal_eps30/best.pt
Saved PyTorch checkpoint to results/checkpoints/causal_eps30/best.pt
Adam 9900 | total=2.662e-02 f=1.301e-02 ic=6.924e-04 wall=1.968e-03 inlet=6.031e-04 outlet=6.128e-05 min_w=6.433e-01
Saved PyTorch checkpoint to results/checkpoints/causal_eps30/best.pt
Saved PyTorch checkpoint to results/checkpoints/causal_eps30/best.pt
Saved PyTorch checkpoint to results/checkpoints/causal_eps30/best.pt
Saved PyTorch checkpoint to results/checkpoints/causal_eps30/best.pt
Adam 10000 | total=2.485e-02 f=1.210e-02 ic=6.840e-04 wall=1.960e-03 inlet=4.395e-04 outlet=6.495e-05 min_w=6.668e-01
Saved PyTorch checkpoint to results/checkpoints/causal_eps30/snapshot_iter10000.pt
[snapshot] iter 10000 → results/checkpoints/causal_eps30/snapshot_iter10000.pt
--- 1169.90 seconds ---
Saved PyTorch checkpoint to results/checkpoints/causal_eps30/latest.pt
Causal weight curve saved to results/figures/causal_eps30/causal_weight_curve.png
########## DONE causal_eps30 Mon Jun  1 03:08:13 UTC 2026 ##########
########## START causal_eps100 Mon Jun  1 03:08:13 UTC 2026 ##########
Using device: cuda
Experiment: causal_eps100  eps=100.0  bins=32 (duration)  lbfgs=uniform
[bins] mode=duration M=32 N=136298 per-bin count: min=4074 max=4493
[snapshot] will save at Adam iters: [2000, 5000, 10000]
Adam 1 | total=4.931e+00 f=1.125e-01 ic=6.128e-01 wall=5.611e-01 inlet=2.458e-01 outlet=1.713e-01 min_w=0.000e+00
Saved PyTorch checkpoint to results/checkpoints/causal_eps100/best.pt
Saved PyTorch checkpoint to results/checkpoints/causal_eps100/best.pt
Saved PyTorch checkpoint to results/checkpoints/causal_eps100/best.pt
Saved PyTorch checkpoint to results/checkpoints/causal_eps100/best.pt
Saved PyTorch checkpoint to results/checkpoints/causal_eps100/best.pt
Saved PyTorch checkpoint to results/checkpoints/causal_eps100/best.pt
Saved PyTorch checkpoint to results/checkpoints/causal_eps100/best.pt
Saved PyTorch checkpoint to results/checkpoints/causal_eps100/best.pt
Saved PyTorch checkpoint to results/checkpoints/causal_eps100/best.pt
Saved PyTorch checkpoint to results/checkpoints/causal_eps100/best.pt
Saved PyTorch checkpoint to results/checkpoints/causal_eps100/best.pt
Saved PyTorch checkpoint to results/checkpoints/causal_eps100/best.pt
Saved PyTorch checkpoint to results/checkpoints/causal_eps100/best.pt
Saved PyTorch checkpoint to results/checkpoints/causal_eps100/best.pt
Saved PyTorch checkpoint to results/checkpoints/causal_eps100/best.pt
Saved PyTorch checkpoint to results/checkpoints/causal_eps100/best.pt
Saved PyTorch checkpoint to results/checkpoints/causal_eps100/best.pt
Saved PyTorch checkpoint to results/checkpoints/causal_eps100/best.pt
Saved PyTorch checkpoint to results/checkpoints/causal_eps100/best.pt
Saved PyTorch checkpoint to results/checkpoints/causal_eps100/best.pt
Saved PyTorch checkpoint to results/checkpoints/causal_eps100/best.pt
Saved PyTorch checkpoint to results/checkpoints/causal_eps100/best.pt
Saved PyTorch checkpoint to results/checkpoints/causal_eps100/best.pt
Saved PyTorch checkpoint to results/checkpoints/causal_eps100/best.pt
Saved PyTorch checkpoint to results/checkpoints/causal_eps100/best.pt
Saved PyTorch checkpoint to results/checkpoints/causal_eps100/best.pt
Saved PyTorch checkpoint to results/checkpoints/causal_eps100/best.pt
Saved PyTorch checkpoint to results/checkpoints/causal_eps100/best.pt
Saved PyTorch checkpoint to results/checkpoints/causal_eps100/best.pt
Saved PyTorch checkpoint to results/checkpoints/causal_eps100/best.pt
Saved PyTorch checkpoint to results/checkpoints/causal_eps100/best.pt
Saved PyTorch checkpoint to results/checkpoints/causal_eps100/best.pt
Saved PyTorch checkpoint to results/checkpoints/causal_eps100/best.pt
Saved PyTorch checkpoint to results/checkpoints/causal_eps100/best.pt
Saved PyTorch checkpoint to results/checkpoints/causal_eps100/best.pt
Saved PyTorch checkpoint to results/checkpoints/causal_eps100/best.pt
Saved PyTorch checkpoint to results/checkpoints/causal_eps100/best.pt
Saved PyTorch checkpoint to results/checkpoints/causal_eps100/best.pt
Saved PyTorch checkpoint to results/checkpoints/causal_eps100/best.pt
Saved PyTorch checkpoint to results/checkpoints/causal_eps100/best.pt
Saved PyTorch checkpoint to results/checkpoints/causal_eps100/best.pt
Saved PyTorch checkpoint to results/checkpoints/causal_eps100/best.pt
Saved PyTorch checkpoint to results/checkpoints/causal_eps100/best.pt
Saved PyTorch checkpoint to results/checkpoints/causal_eps100/best.pt
Saved PyTorch checkpoint to results/checkpoints/causal_eps100/best.pt
Saved PyTorch checkpoint to results/checkpoints/causal_eps100/best.pt
Saved PyTorch checkpoint to results/checkpoints/causal_eps100/best.pt
Saved PyTorch checkpoint to results/checkpoints/causal_eps100/best.pt
Saved PyTorch checkpoint to results/checkpoints/causal_eps100/best.pt
Saved PyTorch checkpoint to results/checkpoints/causal_eps100/best.pt
Saved PyTorch checkpoint to results/checkpoints/causal_eps100/best.pt
Saved PyTorch checkpoint to results/checkpoints/causal_eps100/best.pt
Saved PyTorch checkpoint to results/checkpoints/causal_eps100/best.pt
Saved PyTorch checkpoint to results/checkpoints/causal_eps100/best.pt
Saved PyTorch checkpoint to results/checkpoints/causal_eps100/best.pt
Saved PyTorch checkpoint to results/checkpoints/causal_eps100/best.pt
Saved PyTorch checkpoint to results/checkpoints/causal_eps100/best.pt
Saved PyTorch checkpoint to results/checkpoints/causal_eps100/best.pt
Saved PyTorch checkpoint to results/checkpoints/causal_eps100/best.pt
Saved PyTorch checkpoint to results/checkpoints/causal_eps100/best.pt
Saved PyTorch checkpoint to results/checkpoints/causal_eps100/best.pt
Saved PyTorch checkpoint to results/checkpoints/causal_eps100/best.pt
Saved PyTorch checkpoint to results/checkpoints/causal_eps100/best.pt
Saved PyTorch checkpoint to results/checkpoints/causal_eps100/best.pt
Saved PyTorch checkpoint to results/checkpoints/causal_eps100/best.pt
Saved PyTorch checkpoint to results/checkpoints/causal_eps100/best.pt
Saved PyTorch checkpoint to results/checkpoints/causal_eps100/best.pt
Saved PyTorch checkpoint to results/checkpoints/causal_eps100/best.pt
Saved PyTorch checkpoint to results/checkpoints/causal_eps100/best.pt
Saved PyTorch checkpoint to results/checkpoints/causal_eps100/best.pt
Adam 100 | total=3.612e-01 f=1.166e-02 ic=9.178e-03 wall=3.704e-02 inlet=3.096e-02 outlet=3.161e-04 min_w=8.960e-18
Saved PyTorch checkpoint to results/checkpoints/causal_eps100/best.pt
Saved PyTorch checkpoint to results/checkpoints/causal_eps100/best.pt
Saved PyTorch checkpoint to results/checkpoints/causal_eps100/best.pt
Saved PyTorch checkpoint to results/checkpoints/causal_eps100/best.pt
Saved PyTorch checkpoint to results/checkpoints/causal_eps100/best.pt
Saved PyTorch checkpoint to results/checkpoints/causal_eps100/best.pt
Saved PyTorch checkpoint to results/checkpoints/causal_eps100/best.pt
Saved PyTorch checkpoint to results/checkpoints/causal_eps100/best.pt
Saved PyTorch checkpoint to results/checkpoints/causal_eps100/best.pt
Saved PyTorch checkpoint to results/checkpoints/causal_eps100/best.pt
Saved PyTorch checkpoint to results/checkpoints/causal_eps100/best.pt
Saved PyTorch checkpoint to results/checkpoints/causal_eps100/best.pt
Saved PyTorch checkpoint to results/checkpoints/causal_eps100/best.pt
Saved PyTorch checkpoint to results/checkpoints/causal_eps100/best.pt
Saved PyTorch checkpoint to results/checkpoints/causal_eps100/best.pt
Saved PyTorch checkpoint to results/checkpoints/causal_eps100/best.pt
Saved PyTorch checkpoint to results/checkpoints/causal_eps100/best.pt
Saved PyTorch checkpoint to results/checkpoints/causal_eps100/best.pt
Saved PyTorch checkpoint to results/checkpoints/causal_eps100/best.pt
Saved PyTorch checkpoint to results/checkpoints/causal_eps100/best.pt
Saved PyTorch checkpoint to results/checkpoints/causal_eps100/best.pt
Saved PyTorch checkpoint to results/checkpoints/causal_eps100/best.pt
Saved PyTorch checkpoint to results/checkpoints/causal_eps100/best.pt
Saved PyTorch checkpoint to results/checkpoints/causal_eps100/best.pt
Saved PyTorch checkpoint to results/checkpoints/causal_eps100/best.pt
Saved PyTorch checkpoint to results/checkpoints/causal_eps100/best.pt
Saved PyTorch checkpoint to results/checkpoints/causal_eps100/best.pt
Saved PyTorch checkpoint to results/checkpoints/causal_eps100/best.pt
Saved PyTorch checkpoint to results/checkpoints/causal_eps100/best.pt
Saved PyTorch checkpoint to results/checkpoints/causal_eps100/best.pt
Saved PyTorch checkpoint to results/checkpoints/causal_eps100/best.pt
Saved PyTorch checkpoint to results/checkpoints/causal_eps100/best.pt
Saved PyTorch checkpoint to results/checkpoints/causal_eps100/best.pt
Saved PyTorch checkpoint to results/checkpoints/causal_eps100/best.pt
Saved PyTorch checkpoint to results/checkpoints/causal_eps100/best.pt
Saved PyTorch checkpoint to results/checkpoints/causal_eps100/best.pt
Saved PyTorch checkpoint to results/checkpoints/causal_eps100/best.pt
Saved PyTorch checkpoint to results/checkpoints/causal_eps100/best.pt
Saved PyTorch checkpoint to results/checkpoints/causal_eps100/best.pt
Saved PyTorch checkpoint to results/checkpoints/causal_eps100/best.pt
Saved PyTorch checkpoint to results/checkpoints/causal_eps100/best.pt
Saved PyTorch checkpoint to results/checkpoints/causal_eps100/best.pt
Saved PyTorch checkpoint to results/checkpoints/causal_eps100/best.pt
Saved PyTorch checkpoint to results/checkpoints/causal_eps100/best.pt
Saved PyTorch checkpoint to results/checkpoints/causal_eps100/best.pt
Saved PyTorch checkpoint to results/checkpoints/causal_eps100/best.pt
Saved PyTorch checkpoint to results/checkpoints/causal_eps100/best.pt
Saved PyTorch checkpoint to results/checkpoints/causal_eps100/best.pt
Saved PyTorch checkpoint to results/checkpoints/causal_eps100/best.pt
Saved PyTorch checkpoint to results/checkpoints/causal_eps100/best.pt
Saved PyTorch checkpoint to results/checkpoints/causal_eps100/best.pt
Saved PyTorch checkpoint to results/checkpoints/causal_eps100/best.pt
Saved PyTorch checkpoint to results/checkpoints/causal_eps100/best.pt
Saved PyTorch checkpoint to results/checkpoints/causal_eps100/best.pt
Saved PyTorch checkpoint to results/checkpoints/causal_eps100/best.pt
Saved PyTorch checkpoint to results/checkpoints/causal_eps100/best.pt
Saved PyTorch checkpoint to results/checkpoints/causal_eps100/best.pt
Saved PyTorch checkpoint to results/checkpoints/causal_eps100/best.pt
Saved PyTorch checkpoint to results/checkpoints/causal_eps100/best.pt
Saved PyTorch checkpoint to results/checkpoints/causal_eps100/best.pt
Saved PyTorch checkpoint to results/checkpoints/causal_eps100/best.pt
Saved PyTorch checkpoint to results/checkpoints/causal_eps100/best.pt
Saved PyTorch checkpoint to results/checkpoints/causal_eps100/best.pt
Saved PyTorch checkpoint to results/checkpoints/causal_eps100/best.pt
Saved PyTorch checkpoint to results/checkpoints/causal_eps100/best.pt
Saved PyTorch checkpoint to results/checkpoints/causal_eps100/best.pt
Saved PyTorch checkpoint to results/checkpoints/causal_eps100/best.pt
Saved PyTorch checkpoint to results/checkpoints/causal_eps100/best.pt
Saved PyTorch checkpoint to results/checkpoints/causal_eps100/best.pt
Saved PyTorch checkpoint to results/checkpoints/causal_eps100/best.pt
Saved PyTorch checkpoint to results/checkpoints/causal_eps100/best.pt
Saved PyTorch checkpoint to results/checkpoints/causal_eps100/best.pt
Saved PyTorch checkpoint to results/checkpoints/causal_eps100/best.pt
Saved PyTorch checkpoint to results/checkpoints/causal_eps100/best.pt
Saved PyTorch checkpoint to results/checkpoints/causal_eps100/best.pt
Saved PyTorch checkpoint to results/checkpoints/causal_eps100/best.pt
Saved PyTorch checkpoint to results/checkpoints/causal_eps100/best.pt
Saved PyTorch checkpoint to results/checkpoints/causal_eps100/best.pt
Saved PyTorch checkpoint to results/checkpoints/causal_eps100/best.pt
Saved PyTorch checkpoint to results/checkpoints/causal_eps100/best.pt
Saved PyTorch checkpoint to results/checkpoints/causal_eps100/best.pt
Saved PyTorch checkpoint to results/checkpoints/causal_eps100/best.pt
Saved PyTorch checkpoint to results/checkpoints/causal_eps100/best.pt
Saved PyTorch checkpoint to results/checkpoints/causal_eps100/best.pt
Saved PyTorch checkpoint to results/checkpoints/causal_eps100/best.pt
Saved PyTorch checkpoint to results/checkpoints/causal_eps100/best.pt
Saved PyTorch checkpoint to results/checkpoints/causal_eps100/best.pt
Saved PyTorch checkpoint to results/checkpoints/causal_eps100/best.pt
Saved PyTorch checkpoint to results/checkpoints/causal_eps100/best.pt
Saved PyTorch checkpoint to results/checkpoints/causal_eps100/best.pt
Saved PyTorch checkpoint to results/checkpoints/causal_eps100/best.pt
Saved PyTorch checkpoint to results/checkpoints/causal_eps100/best.pt
Saved PyTorch checkpoint to results/checkpoints/causal_eps100/best.pt
Saved PyTorch checkpoint to results/checkpoints/causal_eps100/best.pt
Saved PyTorch checkpoint to results/checkpoints/causal_eps100/best.pt
Saved PyTorch checkpoint to results/checkpoints/causal_eps100/best.pt
Saved PyTorch checkpoint to results/checkpoints/causal_eps100/best.pt
Saved PyTorch checkpoint to results/checkpoints/causal_eps100/best.pt
Saved PyTorch checkpoint to results/checkpoints/causal_eps100/best.pt
Saved PyTorch checkpoint to results/checkpoints/causal_eps100/best.pt
Adam 200 | total=3.311e-01 f=1.127e-02 ic=4.756e-03 wall=3.234e-02 inlet=3.063e-02 outlet=1.455e-04 min_w=1.131e-14
Saved PyTorch checkpoint to results/checkpoints/causal_eps100/best.pt
Saved PyTorch checkpoint to results/checkpoints/causal_eps100/best.pt
Saved PyTorch checkpoint to results/checkpoints/causal_eps100/best.pt
Saved PyTorch checkpoint to results/checkpoints/causal_eps100/best.pt
Saved PyTorch checkpoint to results/checkpoints/causal_eps100/best.pt
Saved PyTorch checkpoint to results/checkpoints/causal_eps100/best.pt
Saved PyTorch checkpoint to results/checkpoints/causal_eps100/best.pt
Saved PyTorch checkpoint to results/checkpoints/causal_eps100/best.pt
Saved PyTorch checkpoint to results/checkpoints/causal_eps100/best.pt
Saved PyTorch checkpoint to results/checkpoints/causal_eps100/best.pt
Saved PyTorch checkpoint to results/checkpoints/causal_eps100/best.pt
Saved PyTorch checkpoint to results/checkpoints/causal_eps100/best.pt
Saved PyTorch checkpoint to results/checkpoints/causal_eps100/best.pt
Saved PyTorch checkpoint to results/checkpoints/causal_eps100/best.pt
Saved PyTorch checkpoint to results/checkpoints/causal_eps100/best.pt
Saved PyTorch checkpoint to results/checkpoints/causal_eps100/best.pt
Saved PyTorch checkpoint to results/checkpoints/causal_eps100/best.pt
Saved PyTorch checkpoint to results/checkpoints/causal_eps100/best.pt
Saved PyTorch checkpoint to results/checkpoints/causal_eps100/best.pt
Saved PyTorch checkpoint to results/checkpoints/causal_eps100/best.pt
Saved PyTorch checkpoint to results/checkpoints/causal_eps100/best.pt
Saved PyTorch checkpoint to results/checkpoints/causal_eps100/best.pt
Saved PyTorch checkpoint to results/checkpoints/causal_eps100/best.pt
Saved PyTorch checkpoint to results/checkpoints/causal_eps100/best.pt
Saved PyTorch checkpoint to results/checkpoints/causal_eps100/best.pt
Saved PyTorch checkpoint to results/checkpoints/causal_eps100/best.pt
Saved PyTorch checkpoint to results/checkpoints/causal_eps100/best.pt
Saved PyTorch checkpoint to results/checkpoints/causal_eps100/best.pt
Saved PyTorch checkpoint to results/checkpoints/causal_eps100/best.pt
Saved PyTorch checkpoint to results/checkpoints/causal_eps100/best.pt
Saved PyTorch checkpoint to results/checkpoints/causal_eps100/best.pt
Saved PyTorch checkpoint to results/checkpoints/causal_eps100/best.pt
Saved PyTorch checkpoint to results/checkpoints/causal_eps100/best.pt
Saved PyTorch checkpoint to results/checkpoints/causal_eps100/best.pt
Saved PyTorch checkpoint to results/checkpoints/causal_eps100/best.pt
Saved PyTorch checkpoint to results/checkpoints/causal_eps100/best.pt
Saved PyTorch checkpoint to results/checkpoints/causal_eps100/best.pt
Saved PyTorch checkpoint to results/checkpoints/causal_eps100/best.pt
Saved PyTorch checkpoint to results/checkpoints/causal_eps100/best.pt
Saved PyTorch checkpoint to results/checkpoints/causal_eps100/best.pt
Saved PyTorch checkpoint to results/checkpoints/causal_eps100/best.pt
Saved PyTorch checkpoint to results/checkpoints/causal_eps100/best.pt
Saved PyTorch checkpoint to results/checkpoints/causal_eps100/best.pt
Saved PyTorch checkpoint to results/checkpoints/causal_eps100/best.pt
Saved PyTorch checkpoint to results/checkpoints/causal_eps100/best.pt
Saved PyTorch checkpoint to results/checkpoints/causal_eps100/best.pt
Saved PyTorch checkpoint to results/checkpoints/causal_eps100/best.pt
Saved PyTorch checkpoint to results/checkpoints/causal_eps100/best.pt
Saved PyTorch checkpoint to results/checkpoints/causal_eps100/best.pt
Saved PyTorch checkpoint to results/checkpoints/causal_eps100/best.pt
Saved PyTorch checkpoint to results/checkpoints/causal_eps100/best.pt
Saved PyTorch checkpoint to results/checkpoints/causal_eps100/best.pt
Saved PyTorch checkpoint to results/checkpoints/causal_eps100/best.pt
Saved PyTorch checkpoint to results/checkpoints/causal_eps100/best.pt
Saved PyTorch checkpoint to results/checkpoints/causal_eps100/best.pt
Saved PyTorch checkpoint to results/checkpoints/causal_eps100/best.pt
Saved PyTorch checkpoint to results/checkpoints/causal_eps100/best.pt
Saved PyTorch checkpoint to results/checkpoints/causal_eps100/best.pt
Saved PyTorch checkpoint to results/checkpoints/causal_eps100/best.pt
Saved PyTorch checkpoint to results/checkpoints/causal_eps100/best.pt
Saved PyTorch checkpoint to results/checkpoints/causal_eps100/best.pt
Saved PyTorch checkpoint to results/checkpoints/causal_eps100/best.pt
Saved PyTorch checkpoint to results/checkpoints/causal_eps100/best.pt
Saved PyTorch checkpoint to results/checkpoints/causal_eps100/best.pt
Saved PyTorch checkpoint to results/checkpoints/causal_eps100/best.pt
Saved PyTorch checkpoint to results/checkpoints/causal_eps100/best.pt
Saved PyTorch checkpoint to results/checkpoints/causal_eps100/best.pt
Saved PyTorch checkpoint to results/checkpoints/causal_eps100/best.pt
Saved PyTorch checkpoint to results/checkpoints/causal_eps100/best.pt
Saved PyTorch checkpoint to results/checkpoints/causal_eps100/best.pt
Saved PyTorch checkpoint to results/checkpoints/causal_eps100/best.pt
Saved PyTorch checkpoint to results/checkpoints/causal_eps100/best.pt
Saved PyTorch checkpoint to results/checkpoints/causal_eps100/best.pt
Saved PyTorch checkpoint to results/checkpoints/causal_eps100/best.pt
Saved PyTorch checkpoint to results/checkpoints/causal_eps100/best.pt
Saved PyTorch checkpoint to results/checkpoints/causal_eps100/best.pt
Saved PyTorch checkpoint to results/checkpoints/causal_eps100/best.pt
Saved PyTorch checkpoint to results/checkpoints/causal_eps100/best.pt
Saved PyTorch checkpoint to results/checkpoints/causal_eps100/best.pt
Saved PyTorch checkpoint to results/checkpoints/causal_eps100/best.pt
Saved PyTorch checkpoint to results/checkpoints/causal_eps100/best.pt
Saved PyTorch checkpoint to results/checkpoints/causal_eps100/best.pt
Saved PyTorch checkpoint to results/checkpoints/causal_eps100/best.pt
Saved PyTorch checkpoint to results/checkpoints/causal_eps100/best.pt
Saved PyTorch checkpoint to results/checkpoints/causal_eps100/best.pt
Saved PyTorch checkpoint to results/checkpoints/causal_eps100/best.pt
Saved PyTorch checkpoint to results/checkpoints/causal_eps100/best.pt
Saved PyTorch checkpoint to results/checkpoints/causal_eps100/best.pt
Saved PyTorch checkpoint to results/checkpoints/causal_eps100/best.pt
Saved PyTorch checkpoint to results/checkpoints/causal_eps100/best.pt
Saved PyTorch checkpoint to results/checkpoints/causal_eps100/best.pt
Saved PyTorch checkpoint to results/checkpoints/causal_eps100/best.pt
Saved PyTorch checkpoint to results/checkpoints/causal_eps100/best.pt
Saved PyTorch checkpoint to results/checkpoints/causal_eps100/best.pt
Saved PyTorch checkpoint to results/checkpoints/causal_eps100/best.pt
Saved PyTorch checkpoint to results/checkpoints/causal_eps100/best.pt
Saved PyTorch checkpoint to results/checkpoints/causal_eps100/best.pt
Saved PyTorch checkpoint to results/checkpoints/causal_eps100/best.pt
Saved PyTorch checkpoint to results/checkpoints/causal_eps100/best.pt
Saved PyTorch checkpoint to results/checkpoints/causal_eps100/best.pt
Adam 300 | total=3.087e-01 f=1.128e-02 ic=2.262e-03 wall=2.973e-02 inlet=2.925e-02 outlet=1.709e-04 min_w=1.307e-12
Saved PyTorch checkpoint to results/checkpoints/causal_eps100/best.pt
Saved PyTorch checkpoint to results/checkpoints/causal_eps100/best.pt
Saved PyTorch checkpoint to results/checkpoints/causal_eps100/best.pt
Saved PyTorch checkpoint to results/checkpoints/causal_eps100/best.pt
Saved PyTorch checkpoint to results/checkpoints/causal_eps100/best.pt
Saved PyTorch checkpoint to results/checkpoints/causal_eps100/best.pt
Saved PyTorch checkpoint to results/checkpoints/causal_eps100/best.pt
Saved PyTorch checkpoint to results/checkpoints/causal_eps100/best.pt
Saved PyTorch checkpoint to results/checkpoints/causal_eps100/best.pt
Saved PyTorch checkpoint to results/checkpoints/causal_eps100/best.pt
Saved PyTorch checkpoint to results/checkpoints/causal_eps100/best.pt
Saved PyTorch checkpoint to results/checkpoints/causal_eps100/best.pt
Saved PyTorch checkpoint to results/checkpoints/causal_eps100/best.pt
Saved PyTorch checkpoint to results/checkpoints/causal_eps100/best.pt
Saved PyTorch checkpoint to results/checkpoints/causal_eps100/best.pt
Saved PyTorch checkpoint to results/checkpoints/causal_eps100/best.pt
Saved PyTorch checkpoint to results/checkpoints/causal_eps100/best.pt
Saved PyTorch checkpoint to results/checkpoints/causal_eps100/best.pt
Saved PyTorch checkpoint to results/checkpoints/causal_eps100/best.pt
Saved PyTorch checkpoint to results/checkpoints/causal_eps100/best.pt
Saved PyTorch checkpoint to results/checkpoints/causal_eps100/best.pt
Saved PyTorch checkpoint to results/checkpoints/causal_eps100/best.pt
Saved PyTorch checkpoint to results/checkpoints/causal_eps100/best.pt
Saved PyTorch checkpoint to results/checkpoints/causal_eps100/best.pt
Saved PyTorch checkpoint to results/checkpoints/causal_eps100/best.pt
Saved PyTorch checkpoint to results/checkpoints/causal_eps100/best.pt
Saved PyTorch checkpoint to results/checkpoints/causal_eps100/best.pt
Saved PyTorch checkpoint to results/checkpoints/causal_eps100/best.pt
Saved PyTorch checkpoint to results/checkpoints/causal_eps100/best.pt
Saved PyTorch checkpoint to results/checkpoints/causal_eps100/best.pt
Saved PyTorch checkpoint to results/checkpoints/causal_eps100/best.pt
Saved PyTorch checkpoint to results/checkpoints/causal_eps100/best.pt
Saved PyTorch checkpoint to results/checkpoints/causal_eps100/best.pt
Saved PyTorch checkpoint to results/checkpoints/causal_eps100/best.pt
Saved PyTorch checkpoint to results/checkpoints/causal_eps100/best.pt
Saved PyTorch checkpoint to results/checkpoints/causal_eps100/best.pt
Saved PyTorch checkpoint to results/checkpoints/causal_eps100/best.pt
Saved PyTorch checkpoint to results/checkpoints/causal_eps100/best.pt
Saved PyTorch checkpoint to results/checkpoints/causal_eps100/best.pt
Saved PyTorch checkpoint to results/checkpoints/causal_eps100/best.pt
Saved PyTorch checkpoint to results/checkpoints/causal_eps100/best.pt
Saved PyTorch checkpoint to results/checkpoints/causal_eps100/best.pt
Saved PyTorch checkpoint to results/checkpoints/causal_eps100/best.pt
Saved PyTorch checkpoint to results/checkpoints/causal_eps100/best.pt
Saved PyTorch checkpoint to results/checkpoints/causal_eps100/best.pt
Saved PyTorch checkpoint to results/checkpoints/causal_eps100/best.pt
Saved PyTorch checkpoint to results/checkpoints/causal_eps100/best.pt
Saved PyTorch checkpoint to results/checkpoints/causal_eps100/best.pt
Saved PyTorch checkpoint to results/checkpoints/causal_eps100/best.pt
Saved PyTorch checkpoint to results/checkpoints/causal_eps100/best.pt
Saved PyTorch checkpoint to results/checkpoints/causal_eps100/best.pt
Saved PyTorch checkpoint to results/checkpoints/causal_eps100/best.pt
Saved PyTorch checkpoint to results/checkpoints/causal_eps100/best.pt
Saved PyTorch checkpoint to results/checkpoints/causal_eps100/best.pt
Saved PyTorch checkpoint to results/checkpoints/causal_eps100/best.pt
Saved PyTorch checkpoint to results/checkpoints/causal_eps100/best.pt
Saved PyTorch checkpoint to results/checkpoints/causal_eps100/best.pt
Saved PyTorch checkpoint to results/checkpoints/causal_eps100/best.pt
Saved PyTorch checkpoint to results/checkpoints/causal_eps100/best.pt
Saved PyTorch checkpoint to results/checkpoints/causal_eps100/best.pt
Saved PyTorch checkpoint to results/checkpoints/causal_eps100/best.pt
Saved PyTorch checkpoint to results/checkpoints/causal_eps100/best.pt
Saved PyTorch checkpoint to results/checkpoints/causal_eps100/best.pt
Saved PyTorch checkpoint to results/checkpoints/causal_eps100/best.pt
Saved PyTorch checkpoint to results/checkpoints/causal_eps100/best.pt
Saved PyTorch checkpoint to results/checkpoints/causal_eps100/best.pt
Saved PyTorch checkpoint to results/checkpoints/causal_eps100/best.pt
Saved PyTorch checkpoint to results/checkpoints/causal_eps100/best.pt
Saved PyTorch checkpoint to results/checkpoints/causal_eps100/best.pt
Saved PyTorch checkpoint to results/checkpoints/causal_eps100/best.pt
Saved PyTorch checkpoint to results/checkpoints/causal_eps100/best.pt
Saved PyTorch checkpoint to results/checkpoints/causal_eps100/best.pt
Saved PyTorch checkpoint to results/checkpoints/causal_eps100/best.pt
Saved PyTorch checkpoint to results/checkpoints/causal_eps100/best.pt
Saved PyTorch checkpoint to results/checkpoints/causal_eps100/best.pt
Saved PyTorch checkpoint to results/checkpoints/causal_eps100/best.pt
Saved PyTorch checkpoint to results/checkpoints/causal_eps100/best.pt
Saved PyTorch checkpoint to results/checkpoints/causal_eps100/best.pt
Saved PyTorch checkpoint to results/checkpoints/causal_eps100/best.pt
Saved PyTorch checkpoint to results/checkpoints/causal_eps100/best.pt
Saved PyTorch checkpoint to results/checkpoints/causal_eps100/best.pt
Saved PyTorch checkpoint to results/checkpoints/causal_eps100/best.pt
Saved PyTorch checkpoint to results/checkpoints/causal_eps100/best.pt
Saved PyTorch checkpoint to results/checkpoints/causal_eps100/best.pt
Saved PyTorch checkpoint to results/checkpoints/causal_eps100/best.pt
Saved PyTorch checkpoint to results/checkpoints/causal_eps100/best.pt
Saved PyTorch checkpoint to results/checkpoints/causal_eps100/best.pt
Saved PyTorch checkpoint to results/checkpoints/causal_eps100/best.pt
Saved PyTorch checkpoint to results/checkpoints/causal_eps100/best.pt
Saved PyTorch checkpoint to results/checkpoints/causal_eps100/best.pt
Saved PyTorch checkpoint to results/checkpoints/causal_eps100/best.pt
Saved PyTorch checkpoint to results/checkpoints/causal_eps100/best.pt
Saved PyTorch checkpoint to results/checkpoints/causal_eps100/best.pt
Saved PyTorch checkpoint to results/checkpoints/causal_eps100/best.pt
Saved PyTorch checkpoint to results/checkpoints/causal_eps100/best.pt
Saved PyTorch checkpoint to results/checkpoints/causal_eps100/best.pt
Saved PyTorch checkpoint to results/checkpoints/causal_eps100/best.pt
Saved PyTorch checkpoint to results/checkpoints/causal_eps100/best.pt
Saved PyTorch checkpoint to results/checkpoints/causal_eps100/best.pt
Saved PyTorch checkpoint to results/checkpoints/causal_eps100/best.pt
Adam 400 | total=2.906e-01 f=1.112e-02 ic=1.766e-03 wall=2.753e-02 inlet=2.797e-02 outlet=1.982e-04 min_w=2.194e-09
Saved PyTorch checkpoint to results/checkpoints/causal_eps100/best.pt
Saved PyTorch checkpoint to results/checkpoints/causal_eps100/best.pt
Saved PyTorch checkpoint to results/checkpoints/causal_eps100/best.pt
Saved PyTorch checkpoint to results/checkpoints/causal_eps100/best.pt
Saved PyTorch checkpoint to results/checkpoints/causal_eps100/best.pt
Saved PyTorch checkpoint to results/checkpoints/causal_eps100/best.pt
Saved PyTorch checkpoint to results/checkpoints/causal_eps100/best.pt
Saved PyTorch checkpoint to results/checkpoints/causal_eps100/best.pt
Saved PyTorch checkpoint to results/checkpoints/causal_eps100/best.pt
Saved PyTorch checkpoint to results/checkpoints/causal_eps100/best.pt
Saved PyTorch checkpoint to results/checkpoints/causal_eps100/best.pt
Saved PyTorch checkpoint to results/checkpoints/causal_eps100/best.pt
Saved PyTorch checkpoint to results/checkpoints/causal_eps100/best.pt
Saved PyTorch checkpoint to results/checkpoints/causal_eps100/best.pt
Saved PyTorch checkpoint to results/checkpoints/causal_eps100/best.pt
Saved PyTorch checkpoint to results/checkpoints/causal_eps100/best.pt
Saved PyTorch checkpoint to results/checkpoints/causal_eps100/best.pt
Saved PyTorch checkpoint to results/checkpoints/causal_eps100/best.pt
Saved PyTorch checkpoint to results/checkpoints/causal_eps100/best.pt
Saved PyTorch checkpoint to results/checkpoints/causal_eps100/best.pt
Saved PyTorch checkpoint to results/checkpoints/causal_eps100/best.pt
Saved PyTorch checkpoint to results/checkpoints/causal_eps100/best.pt
Saved PyTorch checkpoint to results/checkpoints/causal_eps100/best.pt
Saved PyTorch checkpoint to results/checkpoints/causal_eps100/best.pt
Saved PyTorch checkpoint to results/checkpoints/causal_eps100/best.pt
Saved PyTorch checkpoint to results/checkpoints/causal_eps100/best.pt
Saved PyTorch checkpoint to results/checkpoints/causal_eps100/best.pt
Saved PyTorch checkpoint to results/checkpoints/causal_eps100/best.pt
Saved PyTorch checkpoint to results/checkpoints/causal_eps100/best.pt
Saved PyTorch checkpoint to results/checkpoints/causal_eps100/best.pt
Saved PyTorch checkpoint to results/checkpoints/causal_eps100/best.pt
Saved PyTorch checkpoint to results/checkpoints/causal_eps100/best.pt
Saved PyTorch checkpoint to results/checkpoints/causal_eps100/best.pt
Saved PyTorch checkpoint to results/checkpoints/causal_eps100/best.pt
Saved PyTorch checkpoint to results/checkpoints/causal_eps100/best.pt
Saved PyTorch checkpoint to results/checkpoints/causal_eps100/best.pt
Saved PyTorch checkpoint to results/checkpoints/causal_eps100/best.pt
Saved PyTorch checkpoint to results/checkpoints/causal_eps100/best.pt
Saved PyTorch checkpoint to results/checkpoints/causal_eps100/best.pt
Saved PyTorch checkpoint to results/checkpoints/causal_eps100/best.pt
Saved PyTorch checkpoint to results/checkpoints/causal_eps100/best.pt
Saved PyTorch checkpoint to results/checkpoints/causal_eps100/best.pt
Saved PyTorch checkpoint to results/checkpoints/causal_eps100/best.pt
Saved PyTorch checkpoint to results/checkpoints/causal_eps100/best.pt
Saved PyTorch checkpoint to results/checkpoints/causal_eps100/best.pt
Saved PyTorch checkpoint to results/checkpoints/causal_eps100/best.pt
Saved PyTorch checkpoint to results/checkpoints/causal_eps100/best.pt
Saved PyTorch checkpoint to results/checkpoints/causal_eps100/best.pt
Saved PyTorch checkpoint to results/checkpoints/causal_eps100/best.pt
Saved PyTorch checkpoint to results/checkpoints/causal_eps100/best.pt
Saved PyTorch checkpoint to results/checkpoints/causal_eps100/best.pt
Saved PyTorch checkpoint to results/checkpoints/causal_eps100/best.pt
Saved PyTorch checkpoint to results/checkpoints/causal_eps100/best.pt
Saved PyTorch checkpoint to results/checkpoints/causal_eps100/best.pt
Saved PyTorch checkpoint to results/checkpoints/causal_eps100/best.pt
Saved PyTorch checkpoint to results/checkpoints/causal_eps100/best.pt
Saved PyTorch checkpoint to results/checkpoints/causal_eps100/best.pt
Saved PyTorch checkpoint to results/checkpoints/causal_eps100/best.pt
Saved PyTorch checkpoint to results/checkpoints/causal_eps100/best.pt
Saved PyTorch checkpoint to results/checkpoints/causal_eps100/best.pt
Saved PyTorch checkpoint to results/checkpoints/causal_eps100/best.pt
Saved PyTorch checkpoint to results/checkpoints/causal_eps100/best.pt
Saved PyTorch checkpoint to results/checkpoints/causal_eps100/best.pt
Saved PyTorch checkpoint to results/checkpoints/causal_eps100/best.pt
Saved PyTorch checkpoint to results/checkpoints/causal_eps100/best.pt
Saved PyTorch checkpoint to results/checkpoints/causal_eps100/best.pt
Saved PyTorch checkpoint to results/checkpoints/causal_eps100/best.pt
Saved PyTorch checkpoint to results/checkpoints/causal_eps100/best.pt
Saved PyTorch checkpoint to results/checkpoints/causal_eps100/best.pt
Saved PyTorch checkpoint to results/checkpoints/causal_eps100/best.pt
Saved PyTorch checkpoint to results/checkpoints/causal_eps100/best.pt
Saved PyTorch checkpoint to results/checkpoints/causal_eps100/best.pt
Saved PyTorch checkpoint to results/checkpoints/causal_eps100/best.pt
Saved PyTorch checkpoint to results/checkpoints/causal_eps100/best.pt
Saved PyTorch checkpoint to results/checkpoints/causal_eps100/best.pt
Saved PyTorch checkpoint to results/checkpoints/causal_eps100/best.pt
Saved PyTorch checkpoint to results/checkpoints/causal_eps100/best.pt
Saved PyTorch checkpoint to results/checkpoints/causal_eps100/best.pt
Saved PyTorch checkpoint to results/checkpoints/causal_eps100/best.pt
Saved PyTorch checkpoint to results/checkpoints/causal_eps100/best.pt
Saved PyTorch checkpoint to results/checkpoints/causal_eps100/best.pt
Saved PyTorch checkpoint to results/checkpoints/causal_eps100/best.pt
Saved PyTorch checkpoint to results/checkpoints/causal_eps100/best.pt
Saved PyTorch checkpoint to results/checkpoints/causal_eps100/best.pt
Saved PyTorch checkpoint to results/checkpoints/causal_eps100/best.pt
Saved PyTorch checkpoint to results/checkpoints/causal_eps100/best.pt
Saved PyTorch checkpoint to results/checkpoints/causal_eps100/best.pt
Saved PyTorch checkpoint to results/checkpoints/causal_eps100/best.pt
Saved PyTorch checkpoint to results/checkpoints/causal_eps100/best.pt
Saved PyTorch checkpoint to results/checkpoints/causal_eps100/best.pt
Saved PyTorch checkpoint to results/checkpoints/causal_eps100/best.pt
Saved PyTorch checkpoint to results/checkpoints/causal_eps100/best.pt
Saved PyTorch checkpoint to results/checkpoints/causal_eps100/best.pt
Saved PyTorch checkpoint to results/checkpoints/causal_eps100/best.pt
Saved PyTorch checkpoint to results/checkpoints/causal_eps100/best.pt
Saved PyTorch checkpoint to results/checkpoints/causal_eps100/best.pt
Saved PyTorch checkpoint to results/checkpoints/causal_eps100/best.pt
Saved PyTorch checkpoint to results/checkpoints/causal_eps100/best.pt
Saved PyTorch checkpoint to results/checkpoints/causal_eps100/best.pt
Saved PyTorch checkpoint to results/checkpoints/causal_eps100/best.pt
Adam 500 | total=2.783e-01 f=1.084e-02 ic=1.118e-03 wall=2.598e-02 inlet=2.725e-02 outlet=1.966e-04 min_w=1.193e-04
Saved PyTorch checkpoint to results/checkpoints/causal_eps100/best.pt
Saved PyTorch checkpoint to results/checkpoints/causal_eps100/best.pt
Saved PyTorch checkpoint to results/checkpoints/causal_eps100/best.pt
Saved PyTorch checkpoint to results/checkpoints/causal_eps100/best.pt
Saved PyTorch checkpoint to results/checkpoints/causal_eps100/best.pt
Saved PyTorch checkpoint to results/checkpoints/causal_eps100/best.pt
Saved PyTorch checkpoint to results/checkpoints/causal_eps100/best.pt
Saved PyTorch checkpoint to results/checkpoints/causal_eps100/best.pt
Saved PyTorch checkpoint to results/checkpoints/causal_eps100/best.pt
Saved PyTorch checkpoint to results/checkpoints/causal_eps100/best.pt
Saved PyTorch checkpoint to results/checkpoints/causal_eps100/best.pt
Saved PyTorch checkpoint to results/checkpoints/causal_eps100/best.pt
Saved PyTorch checkpoint to results/checkpoints/causal_eps100/best.pt
Saved PyTorch checkpoint to results/checkpoints/causal_eps100/best.pt
Saved PyTorch checkpoint to results/checkpoints/causal_eps100/best.pt
Saved PyTorch checkpoint to results/checkpoints/causal_eps100/best.pt
Saved PyTorch checkpoint to results/checkpoints/causal_eps100/best.pt
Saved PyTorch checkpoint to results/checkpoints/causal_eps100/best.pt
Saved PyTorch checkpoint to results/checkpoints/causal_eps100/best.pt
Saved PyTorch checkpoint to results/checkpoints/causal_eps100/best.pt
Saved PyTorch checkpoint to results/checkpoints/causal_eps100/best.pt
Saved PyTorch checkpoint to results/checkpoints/causal_eps100/best.pt
Saved PyTorch checkpoint to results/checkpoints/causal_eps100/best.pt
Saved PyTorch checkpoint to results/checkpoints/causal_eps100/best.pt
Saved PyTorch checkpoint to results/checkpoints/causal_eps100/best.pt
Saved PyTorch checkpoint to results/checkpoints/causal_eps100/best.pt
Saved PyTorch checkpoint to results/checkpoints/causal_eps100/best.pt
Saved PyTorch checkpoint to results/checkpoints/causal_eps100/best.pt
Saved PyTorch checkpoint to results/checkpoints/causal_eps100/best.pt
Saved PyTorch checkpoint to results/checkpoints/causal_eps100/best.pt
Saved PyTorch checkpoint to results/checkpoints/causal_eps100/best.pt
Saved PyTorch checkpoint to results/checkpoints/causal_eps100/best.pt
Saved PyTorch checkpoint to results/checkpoints/causal_eps100/best.pt
Saved PyTorch checkpoint to results/checkpoints/causal_eps100/best.pt
Saved PyTorch checkpoint to results/checkpoints/causal_eps100/best.pt
Saved PyTorch checkpoint to results/checkpoints/causal_eps100/best.pt
Saved PyTorch checkpoint to results/checkpoints/causal_eps100/best.pt
Saved PyTorch checkpoint to results/checkpoints/causal_eps100/best.pt
Saved PyTorch checkpoint to results/checkpoints/causal_eps100/best.pt
Saved PyTorch checkpoint to results/checkpoints/causal_eps100/best.pt
Saved PyTorch checkpoint to results/checkpoints/causal_eps100/best.pt
Saved PyTorch checkpoint to results/checkpoints/causal_eps100/best.pt
Saved PyTorch checkpoint to results/checkpoints/causal_eps100/best.pt
Saved PyTorch checkpoint to results/checkpoints/causal_eps100/best.pt
Saved PyTorch checkpoint to results/checkpoints/causal_eps100/best.pt
Saved PyTorch checkpoint to results/checkpoints/causal_eps100/best.pt
Saved PyTorch checkpoint to results/checkpoints/causal_eps100/best.pt
Saved PyTorch checkpoint to results/checkpoints/causal_eps100/best.pt
Saved PyTorch checkpoint to results/checkpoints/causal_eps100/best.pt
Saved PyTorch checkpoint to results/checkpoints/causal_eps100/best.pt
Saved PyTorch checkpoint to results/checkpoints/causal_eps100/best.pt
Saved PyTorch checkpoint to results/checkpoints/causal_eps100/best.pt
Saved PyTorch checkpoint to results/checkpoints/causal_eps100/best.pt
Saved PyTorch checkpoint to results/checkpoints/causal_eps100/best.pt
Saved PyTorch checkpoint to results/checkpoints/causal_eps100/best.pt
Saved PyTorch checkpoint to results/checkpoints/causal_eps100/best.pt
Saved PyTorch checkpoint to results/checkpoints/causal_eps100/best.pt
Saved PyTorch checkpoint to results/checkpoints/causal_eps100/best.pt
Saved PyTorch checkpoint to results/checkpoints/causal_eps100/best.pt
Saved PyTorch checkpoint to results/checkpoints/causal_eps100/best.pt
Saved PyTorch checkpoint to results/checkpoints/causal_eps100/best.pt
Saved PyTorch checkpoint to results/checkpoints/causal_eps100/best.pt
Saved PyTorch checkpoint to results/checkpoints/causal_eps100/best.pt
Saved PyTorch checkpoint to results/checkpoints/causal_eps100/best.pt
Saved PyTorch checkpoint to results/checkpoints/causal_eps100/best.pt
Saved PyTorch checkpoint to results/checkpoints/causal_eps100/best.pt
Saved PyTorch checkpoint to results/checkpoints/causal_eps100/best.pt
Saved PyTorch checkpoint to results/checkpoints/causal_eps100/best.pt
Saved PyTorch checkpoint to results/checkpoints/causal_eps100/best.pt
Saved PyTorch checkpoint to results/checkpoints/causal_eps100/best.pt
Saved PyTorch checkpoint to results/checkpoints/causal_eps100/best.pt
Saved PyTorch checkpoint to results/checkpoints/causal_eps100/best.pt
Saved PyTorch checkpoint to results/checkpoints/causal_eps100/best.pt
Saved PyTorch checkpoint to results/checkpoints/causal_eps100/best.pt
Saved PyTorch checkpoint to results/checkpoints/causal_eps100/best.pt
Saved PyTorch checkpoint to results/checkpoints/causal_eps100/best.pt
Saved PyTorch checkpoint to results/checkpoints/causal_eps100/best.pt
Saved PyTorch checkpoint to results/checkpoints/causal_eps100/best.pt
Saved PyTorch checkpoint to results/checkpoints/causal_eps100/best.pt
Saved PyTorch checkpoint to results/checkpoints/causal_eps100/best.pt
Saved PyTorch checkpoint to results/checkpoints/causal_eps100/best.pt
Saved PyTorch checkpoint to results/checkpoints/causal_eps100/best.pt
Saved PyTorch checkpoint to results/checkpoints/causal_eps100/best.pt
Saved PyTorch checkpoint to results/checkpoints/causal_eps100/best.pt
Saved PyTorch checkpoint to results/checkpoints/causal_eps100/best.pt
Saved PyTorch checkpoint to results/checkpoints/causal_eps100/best.pt
Saved PyTorch checkpoint to results/checkpoints/causal_eps100/best.pt
Saved PyTorch checkpoint to results/checkpoints/causal_eps100/best.pt
Saved PyTorch checkpoint to results/checkpoints/causal_eps100/best.pt
Saved PyTorch checkpoint to results/checkpoints/causal_eps100/best.pt
Saved PyTorch checkpoint to results/checkpoints/causal_eps100/best.pt
Saved PyTorch checkpoint to results/checkpoints/causal_eps100/best.pt
Saved PyTorch checkpoint to results/checkpoints/causal_eps100/best.pt
Saved PyTorch checkpoint to results/checkpoints/causal_eps100/best.pt
Saved PyTorch checkpoint to results/checkpoints/causal_eps100/best.pt
Saved PyTorch checkpoint to results/checkpoints/causal_eps100/best.pt
Saved PyTorch checkpoint to results/checkpoints/causal_eps100/best.pt
Saved PyTorch checkpoint to results/checkpoints/causal_eps100/best.pt
Saved PyTorch checkpoint to results/checkpoints/causal_eps100/best.pt
Saved PyTorch checkpoint to results/checkpoints/causal_eps100/best.pt
Adam 600 | total=2.702e-01 f=1.075e-02 ic=8.092e-04 wall=2.516e-02 inlet=2.654e-02 outlet=1.373e-04 min_w=6.903e-03
Saved PyTorch checkpoint to results/checkpoints/causal_eps100/best.pt
Saved PyTorch checkpoint to results/checkpoints/causal_eps100/best.pt
Saved PyTorch checkpoint to results/checkpoints/causal_eps100/best.pt
Saved PyTorch checkpoint to results/checkpoints/causal_eps100/best.pt
Saved PyTorch checkpoint to results/checkpoints/causal_eps100/best.pt
Saved PyTorch checkpoint to results/checkpoints/causal_eps100/best.pt
Saved PyTorch checkpoint to results/checkpoints/causal_eps100/best.pt
Saved PyTorch checkpoint to results/checkpoints/causal_eps100/best.pt
Saved PyTorch checkpoint to results/checkpoints/causal_eps100/best.pt
Saved PyTorch checkpoint to results/checkpoints/causal_eps100/best.pt
Saved PyTorch checkpoint to results/checkpoints/causal_eps100/best.pt
Saved PyTorch checkpoint to results/checkpoints/causal_eps100/best.pt
Saved PyTorch checkpoint to results/checkpoints/causal_eps100/best.pt
Saved PyTorch checkpoint to results/checkpoints/causal_eps100/best.pt
Saved PyTorch checkpoint to results/checkpoints/causal_eps100/best.pt
Saved PyTorch checkpoint to results/checkpoints/causal_eps100/best.pt
Saved PyTorch checkpoint to results/checkpoints/causal_eps100/best.pt
Saved PyTorch checkpoint to results/checkpoints/causal_eps100/best.pt
Saved PyTorch checkpoint to results/checkpoints/causal_eps100/best.pt
Saved PyTorch checkpoint to results/checkpoints/causal_eps100/best.pt
Saved PyTorch checkpoint to results/checkpoints/causal_eps100/best.pt
Saved PyTorch checkpoint to results/checkpoints/causal_eps100/best.pt
Saved PyTorch checkpoint to results/checkpoints/causal_eps100/best.pt
Saved PyTorch checkpoint to results/checkpoints/causal_eps100/best.pt
Saved PyTorch checkpoint to results/checkpoints/causal_eps100/best.pt
Saved PyTorch checkpoint to results/checkpoints/causal_eps100/best.pt
Saved PyTorch checkpoint to results/checkpoints/causal_eps100/best.pt
Saved PyTorch checkpoint to results/checkpoints/causal_eps100/best.pt
Saved PyTorch checkpoint to results/checkpoints/causal_eps100/best.pt
Saved PyTorch checkpoint to results/checkpoints/causal_eps100/best.pt
Saved PyTorch checkpoint to results/checkpoints/causal_eps100/best.pt
Saved PyTorch checkpoint to results/checkpoints/causal_eps100/best.pt
Saved PyTorch checkpoint to results/checkpoints/causal_eps100/best.pt
Saved PyTorch checkpoint to results/checkpoints/causal_eps100/best.pt
Saved PyTorch checkpoint to results/checkpoints/causal_eps100/best.pt
Saved PyTorch checkpoint to results/checkpoints/causal_eps100/best.pt
Saved PyTorch checkpoint to results/checkpoints/causal_eps100/best.pt
Saved PyTorch checkpoint to results/checkpoints/causal_eps100/best.pt
Saved PyTorch checkpoint to results/checkpoints/causal_eps100/best.pt
Saved PyTorch checkpoint to results/checkpoints/causal_eps100/best.pt
Saved PyTorch checkpoint to results/checkpoints/causal_eps100/best.pt
Saved PyTorch checkpoint to results/checkpoints/causal_eps100/best.pt
Saved PyTorch checkpoint to results/checkpoints/causal_eps100/best.pt
Saved PyTorch checkpoint to results/checkpoints/causal_eps100/best.pt
Saved PyTorch checkpoint to results/checkpoints/causal_eps100/best.pt
Saved PyTorch checkpoint to results/checkpoints/causal_eps100/best.pt
Saved PyTorch checkpoint to results/checkpoints/causal_eps100/best.pt
Saved PyTorch checkpoint to results/checkpoints/causal_eps100/best.pt
Saved PyTorch checkpoint to results/checkpoints/causal_eps100/best.pt
Saved PyTorch checkpoint to results/checkpoints/causal_eps100/best.pt
Saved PyTorch checkpoint to results/checkpoints/causal_eps100/best.pt
Saved PyTorch checkpoint to results/checkpoints/causal_eps100/best.pt
Saved PyTorch checkpoint to results/checkpoints/causal_eps100/best.pt
Saved PyTorch checkpoint to results/checkpoints/causal_eps100/best.pt
Saved PyTorch checkpoint to results/checkpoints/causal_eps100/best.pt
Saved PyTorch checkpoint to results/checkpoints/causal_eps100/best.pt
Saved PyTorch checkpoint to results/checkpoints/causal_eps100/best.pt
Saved PyTorch checkpoint to results/checkpoints/causal_eps100/best.pt
Saved PyTorch checkpoint to results/checkpoints/causal_eps100/best.pt
Saved PyTorch checkpoint to results/checkpoints/causal_eps100/best.pt
Saved PyTorch checkpoint to results/checkpoints/causal_eps100/best.pt
Saved PyTorch checkpoint to results/checkpoints/causal_eps100/best.pt
Saved PyTorch checkpoint to results/checkpoints/causal_eps100/best.pt
Saved PyTorch checkpoint to results/checkpoints/causal_eps100/best.pt
Saved PyTorch checkpoint to results/checkpoints/causal_eps100/best.pt
Saved PyTorch checkpoint to results/checkpoints/causal_eps100/best.pt
Saved PyTorch checkpoint to results/checkpoints/causal_eps100/best.pt
Saved PyTorch checkpoint to results/checkpoints/causal_eps100/best.pt
Saved PyTorch checkpoint to results/checkpoints/causal_eps100/best.pt
Saved PyTorch checkpoint to results/checkpoints/causal_eps100/best.pt
Saved PyTorch checkpoint to results/checkpoints/causal_eps100/best.pt
Saved PyTorch checkpoint to results/checkpoints/causal_eps100/best.pt
Saved PyTorch checkpoint to results/checkpoints/causal_eps100/best.pt
Saved PyTorch checkpoint to results/checkpoints/causal_eps100/best.pt
Saved PyTorch checkpoint to results/checkpoints/causal_eps100/best.pt
Saved PyTorch checkpoint to results/checkpoints/causal_eps100/best.pt
Saved PyTorch checkpoint to results/checkpoints/causal_eps100/best.pt
Saved PyTorch checkpoint to results/checkpoints/causal_eps100/best.pt
Saved PyTorch checkpoint to results/checkpoints/causal_eps100/best.pt
Saved PyTorch checkpoint to results/checkpoints/causal_eps100/best.pt
Saved PyTorch checkpoint to results/checkpoints/causal_eps100/best.pt
Saved PyTorch checkpoint to results/checkpoints/causal_eps100/best.pt
Saved PyTorch checkpoint to results/checkpoints/causal_eps100/best.pt
Adam 700 | total=2.667e-01 f=1.061e-02 ic=1.008e-03 wall=2.035e-02 inlet=3.064e-02 outlet=1.265e-04 min_w=1.566e-02
Saved PyTorch checkpoint to results/checkpoints/causal_eps100/best.pt
Saved PyTorch checkpoint to results/checkpoints/causal_eps100/best.pt
Saved PyTorch checkpoint to results/checkpoints/causal_eps100/best.pt
Saved PyTorch checkpoint to results/checkpoints/causal_eps100/best.pt
Saved PyTorch checkpoint to results/checkpoints/causal_eps100/best.pt
Saved PyTorch checkpoint to results/checkpoints/causal_eps100/best.pt
Saved PyTorch checkpoint to results/checkpoints/causal_eps100/best.pt
Saved PyTorch checkpoint to results/checkpoints/causal_eps100/best.pt
Saved PyTorch checkpoint to results/checkpoints/causal_eps100/best.pt
Saved PyTorch checkpoint to results/checkpoints/causal_eps100/best.pt
Saved PyTorch checkpoint to results/checkpoints/causal_eps100/best.pt
Saved PyTorch checkpoint to results/checkpoints/causal_eps100/best.pt
Saved PyTorch checkpoint to results/checkpoints/causal_eps100/best.pt
Saved PyTorch checkpoint to results/checkpoints/causal_eps100/best.pt
Saved PyTorch checkpoint to results/checkpoints/causal_eps100/best.pt
Saved PyTorch checkpoint to results/checkpoints/causal_eps100/best.pt
Saved PyTorch checkpoint to results/checkpoints/causal_eps100/best.pt
Saved PyTorch checkpoint to results/checkpoints/causal_eps100/best.pt
Saved PyTorch checkpoint to results/checkpoints/causal_eps100/best.pt
Saved PyTorch checkpoint to results/checkpoints/causal_eps100/best.pt
Saved PyTorch checkpoint to results/checkpoints/causal_eps100/best.pt
Saved PyTorch checkpoint to results/checkpoints/causal_eps100/best.pt
Saved PyTorch checkpoint to results/checkpoints/causal_eps100/best.pt
Saved PyTorch checkpoint to results/checkpoints/causal_eps100/best.pt
Saved PyTorch checkpoint to results/checkpoints/causal_eps100/best.pt
Saved PyTorch checkpoint to results/checkpoints/causal_eps100/best.pt
Saved PyTorch checkpoint to results/checkpoints/causal_eps100/best.pt
Saved PyTorch checkpoint to results/checkpoints/causal_eps100/best.pt
Saved PyTorch checkpoint to results/checkpoints/causal_eps100/best.pt
Saved PyTorch checkpoint to results/checkpoints/causal_eps100/best.pt
Saved PyTorch checkpoint to results/checkpoints/causal_eps100/best.pt
Saved PyTorch checkpoint to results/checkpoints/causal_eps100/best.pt
Saved PyTorch checkpoint to results/checkpoints/causal_eps100/best.pt
Saved PyTorch checkpoint to results/checkpoints/causal_eps100/best.pt
Saved PyTorch checkpoint to results/checkpoints/causal_eps100/best.pt
Saved PyTorch checkpoint to results/checkpoints/causal_eps100/best.pt
Saved PyTorch checkpoint to results/checkpoints/causal_eps100/best.pt
Saved PyTorch checkpoint to results/checkpoints/causal_eps100/best.pt
Saved PyTorch checkpoint to results/checkpoints/causal_eps100/best.pt
Saved PyTorch checkpoint to results/checkpoints/causal_eps100/best.pt
Saved PyTorch checkpoint to results/checkpoints/causal_eps100/best.pt
Saved PyTorch checkpoint to results/checkpoints/causal_eps100/best.pt
Saved PyTorch checkpoint to results/checkpoints/causal_eps100/best.pt
Saved PyTorch checkpoint to results/checkpoints/causal_eps100/best.pt
Saved PyTorch checkpoint to results/checkpoints/causal_eps100/best.pt
Saved PyTorch checkpoint to results/checkpoints/causal_eps100/best.pt
Saved PyTorch checkpoint to results/checkpoints/causal_eps100/best.pt
Saved PyTorch checkpoint to results/checkpoints/causal_eps100/best.pt
Saved PyTorch checkpoint to results/checkpoints/causal_eps100/best.pt
Saved PyTorch checkpoint to results/checkpoints/causal_eps100/best.pt
Saved PyTorch checkpoint to results/checkpoints/causal_eps100/best.pt
Saved PyTorch checkpoint to results/checkpoints/causal_eps100/best.pt
Saved PyTorch checkpoint to results/checkpoints/causal_eps100/best.pt
Saved PyTorch checkpoint to results/checkpoints/causal_eps100/best.pt
Saved PyTorch checkpoint to results/checkpoints/causal_eps100/best.pt
Saved PyTorch checkpoint to results/checkpoints/causal_eps100/best.pt
Saved PyTorch checkpoint to results/checkpoints/causal_eps100/best.pt
Saved PyTorch checkpoint to results/checkpoints/causal_eps100/best.pt
Saved PyTorch checkpoint to results/checkpoints/causal_eps100/best.pt
Saved PyTorch checkpoint to results/checkpoints/causal_eps100/best.pt
Saved PyTorch checkpoint to results/checkpoints/causal_eps100/best.pt
Saved PyTorch checkpoint to results/checkpoints/causal_eps100/best.pt
Saved PyTorch checkpoint to results/checkpoints/causal_eps100/best.pt
Saved PyTorch checkpoint to results/checkpoints/causal_eps100/best.pt
Saved PyTorch checkpoint to results/checkpoints/causal_eps100/best.pt
Saved PyTorch checkpoint to results/checkpoints/causal_eps100/best.pt
Saved PyTorch checkpoint to results/checkpoints/causal_eps100/best.pt
Saved PyTorch checkpoint to results/checkpoints/causal_eps100/best.pt
Saved PyTorch checkpoint to results/checkpoints/causal_eps100/best.pt
Saved PyTorch checkpoint to results/checkpoints/causal_eps100/best.pt
Saved PyTorch checkpoint to results/checkpoints/causal_eps100/best.pt
Saved PyTorch checkpoint to results/checkpoints/causal_eps100/best.pt
Saved PyTorch checkpoint to results/checkpoints/causal_eps100/best.pt
Saved PyTorch checkpoint to results/checkpoints/causal_eps100/best.pt
Saved PyTorch checkpoint to results/checkpoints/causal_eps100/best.pt
Saved PyTorch checkpoint to results/checkpoints/causal_eps100/best.pt
Saved PyTorch checkpoint to results/checkpoints/causal_eps100/best.pt
Adam 800 | total=2.419e-01 f=1.063e-02 ic=9.662e-04 wall=2.266e-02 inlet=2.337e-02 outlet=1.674e-04 min_w=5.015e-03
Saved PyTorch checkpoint to results/checkpoints/causal_eps100/best.pt
Saved PyTorch checkpoint to results/checkpoints/causal_eps100/best.pt
Saved PyTorch checkpoint to results/checkpoints/causal_eps100/best.pt
Saved PyTorch checkpoint to results/checkpoints/causal_eps100/best.pt
Saved PyTorch checkpoint to results/checkpoints/causal_eps100/best.pt
Saved PyTorch checkpoint to results/checkpoints/causal_eps100/best.pt
Saved PyTorch checkpoint to results/checkpoints/causal_eps100/best.pt
Saved PyTorch checkpoint to results/checkpoints/causal_eps100/best.pt
Saved PyTorch checkpoint to results/checkpoints/causal_eps100/best.pt
Saved PyTorch checkpoint to results/checkpoints/causal_eps100/best.pt
Saved PyTorch checkpoint to results/checkpoints/causal_eps100/best.pt
Saved PyTorch checkpoint to results/checkpoints/causal_eps100/best.pt
Saved PyTorch checkpoint to results/checkpoints/causal_eps100/best.pt
Saved PyTorch checkpoint to results/checkpoints/causal_eps100/best.pt
Saved PyTorch checkpoint to results/checkpoints/causal_eps100/best.pt
Saved PyTorch checkpoint to results/checkpoints/causal_eps100/best.pt
Saved PyTorch checkpoint to results/checkpoints/causal_eps100/best.pt
Saved PyTorch checkpoint to results/checkpoints/causal_eps100/best.pt
Saved PyTorch checkpoint to results/checkpoints/causal_eps100/best.pt
Saved PyTorch checkpoint to results/checkpoints/causal_eps100/best.pt
Saved PyTorch checkpoint to results/checkpoints/causal_eps100/best.pt
Saved PyTorch checkpoint to results/checkpoints/causal_eps100/best.pt
Saved PyTorch checkpoint to results/checkpoints/causal_eps100/best.pt
Saved PyTorch checkpoint to results/checkpoints/causal_eps100/best.pt
Saved PyTorch checkpoint to results/checkpoints/causal_eps100/best.pt
Saved PyTorch checkpoint to results/checkpoints/causal_eps100/best.pt
Saved PyTorch checkpoint to results/checkpoints/causal_eps100/best.pt
Saved PyTorch checkpoint to results/checkpoints/causal_eps100/best.pt
Saved PyTorch checkpoint to results/checkpoints/causal_eps100/best.pt
Saved PyTorch checkpoint to results/checkpoints/causal_eps100/best.pt
Saved PyTorch checkpoint to results/checkpoints/causal_eps100/best.pt
Saved PyTorch checkpoint to results/checkpoints/causal_eps100/best.pt
Saved PyTorch checkpoint to results/checkpoints/causal_eps100/best.pt
Saved PyTorch checkpoint to results/checkpoints/causal_eps100/best.pt
Saved PyTorch checkpoint to results/checkpoints/causal_eps100/best.pt
Saved PyTorch checkpoint to results/checkpoints/causal_eps100/best.pt
Saved PyTorch checkpoint to results/checkpoints/causal_eps100/best.pt
Saved PyTorch checkpoint to results/checkpoints/causal_eps100/best.pt
Saved PyTorch checkpoint to results/checkpoints/causal_eps100/best.pt
Saved PyTorch checkpoint to results/checkpoints/causal_eps100/best.pt
Saved PyTorch checkpoint to results/checkpoints/causal_eps100/best.pt
Saved PyTorch checkpoint to results/checkpoints/causal_eps100/best.pt
Saved PyTorch checkpoint to results/checkpoints/causal_eps100/best.pt
Saved PyTorch checkpoint to results/checkpoints/causal_eps100/best.pt
Saved PyTorch checkpoint to results/checkpoints/causal_eps100/best.pt
Saved PyTorch checkpoint to results/checkpoints/causal_eps100/best.pt
Saved PyTorch checkpoint to results/checkpoints/causal_eps100/best.pt
Saved PyTorch checkpoint to results/checkpoints/causal_eps100/best.pt
Saved PyTorch checkpoint to results/checkpoints/causal_eps100/best.pt
Saved PyTorch checkpoint to results/checkpoints/causal_eps100/best.pt
Saved PyTorch checkpoint to results/checkpoints/causal_eps100/best.pt
Saved PyTorch checkpoint to results/checkpoints/causal_eps100/best.pt
Saved PyTorch checkpoint to results/checkpoints/causal_eps100/best.pt
Saved PyTorch checkpoint to results/checkpoints/causal_eps100/best.pt
Saved PyTorch checkpoint to results/checkpoints/causal_eps100/best.pt
Saved PyTorch checkpoint to results/checkpoints/causal_eps100/best.pt
Saved PyTorch checkpoint to results/checkpoints/causal_eps100/best.pt
Saved PyTorch checkpoint to results/checkpoints/causal_eps100/best.pt
Saved PyTorch checkpoint to results/checkpoints/causal_eps100/best.pt
Saved PyTorch checkpoint to results/checkpoints/causal_eps100/best.pt
Saved PyTorch checkpoint to results/checkpoints/causal_eps100/best.pt
Saved PyTorch checkpoint to results/checkpoints/causal_eps100/best.pt
Saved PyTorch checkpoint to results/checkpoints/causal_eps100/best.pt
Adam 900 | total=2.009e-01 f=1.071e-02 ic=1.863e-03 wall=1.939e-02 inlet=1.821e-02 outlet=2.428e-04 min_w=6.388e-05
Saved PyTorch checkpoint to results/checkpoints/causal_eps100/best.pt
Saved PyTorch checkpoint to results/checkpoints/causal_eps100/best.pt
Saved PyTorch checkpoint to results/checkpoints/causal_eps100/best.pt
Saved PyTorch checkpoint to results/checkpoints/causal_eps100/best.pt
Saved PyTorch checkpoint to results/checkpoints/causal_eps100/best.pt
Saved PyTorch checkpoint to results/checkpoints/causal_eps100/best.pt
Saved PyTorch checkpoint to results/checkpoints/causal_eps100/best.pt
Saved PyTorch checkpoint to results/checkpoints/causal_eps100/best.pt
Saved PyTorch checkpoint to results/checkpoints/causal_eps100/best.pt
Saved PyTorch checkpoint to results/checkpoints/causal_eps100/best.pt
Saved PyTorch checkpoint to results/checkpoints/causal_eps100/best.pt
Saved PyTorch checkpoint to results/checkpoints/causal_eps100/best.pt
Saved PyTorch checkpoint to results/checkpoints/causal_eps100/best.pt
Saved PyTorch checkpoint to results/checkpoints/causal_eps100/best.pt
Saved PyTorch checkpoint to results/checkpoints/causal_eps100/best.pt
Saved PyTorch checkpoint to results/checkpoints/causal_eps100/best.pt
Saved PyTorch checkpoint to results/checkpoints/causal_eps100/best.pt
Saved PyTorch checkpoint to results/checkpoints/causal_eps100/best.pt
Saved PyTorch checkpoint to results/checkpoints/causal_eps100/best.pt
Saved PyTorch checkpoint to results/checkpoints/causal_eps100/best.pt
Saved PyTorch checkpoint to results/checkpoints/causal_eps100/best.pt
Saved PyTorch checkpoint to results/checkpoints/causal_eps100/best.pt
Saved PyTorch checkpoint to results/checkpoints/causal_eps100/best.pt
Saved PyTorch checkpoint to results/checkpoints/causal_eps100/best.pt
Saved PyTorch checkpoint to results/checkpoints/causal_eps100/best.pt
Saved PyTorch checkpoint to results/checkpoints/causal_eps100/best.pt
Saved PyTorch checkpoint to results/checkpoints/causal_eps100/best.pt
Saved PyTorch checkpoint to results/checkpoints/causal_eps100/best.pt
Saved PyTorch checkpoint to results/checkpoints/causal_eps100/best.pt
Saved PyTorch checkpoint to results/checkpoints/causal_eps100/best.pt
Saved PyTorch checkpoint to results/checkpoints/causal_eps100/best.pt
Saved PyTorch checkpoint to results/checkpoints/causal_eps100/best.pt
Saved PyTorch checkpoint to results/checkpoints/causal_eps100/best.pt
Saved PyTorch checkpoint to results/checkpoints/causal_eps100/best.pt
Saved PyTorch checkpoint to results/checkpoints/causal_eps100/best.pt
Saved PyTorch checkpoint to results/checkpoints/causal_eps100/best.pt
Saved PyTorch checkpoint to results/checkpoints/causal_eps100/best.pt
Saved PyTorch checkpoint to results/checkpoints/causal_eps100/best.pt
Saved PyTorch checkpoint to results/checkpoints/causal_eps100/best.pt
Saved PyTorch checkpoint to results/checkpoints/causal_eps100/best.pt
Saved PyTorch checkpoint to results/checkpoints/causal_eps100/best.pt
Saved PyTorch checkpoint to results/checkpoints/causal_eps100/best.pt
Saved PyTorch checkpoint to results/checkpoints/causal_eps100/best.pt
Saved PyTorch checkpoint to results/checkpoints/causal_eps100/best.pt
Saved PyTorch checkpoint to results/checkpoints/causal_eps100/best.pt
Saved PyTorch checkpoint to results/checkpoints/causal_eps100/best.pt
Saved PyTorch checkpoint to results/checkpoints/causal_eps100/best.pt
Saved PyTorch checkpoint to results/checkpoints/causal_eps100/best.pt
Saved PyTorch checkpoint to results/checkpoints/causal_eps100/best.pt
Saved PyTorch checkpoint to results/checkpoints/causal_eps100/best.pt
Saved PyTorch checkpoint to results/checkpoints/causal_eps100/best.pt
Saved PyTorch checkpoint to results/checkpoints/causal_eps100/best.pt
Saved PyTorch checkpoint to results/checkpoints/causal_eps100/best.pt
Adam 1000 | total=1.532e-01 f=1.094e-02 ic=2.533e-03 wall=1.616e-02 inlet=1.174e-02 outlet=2.512e-04 min_w=2.031e-10
Saved PyTorch checkpoint to results/checkpoints/causal_eps100/best.pt
Saved PyTorch checkpoint to results/checkpoints/causal_eps100/best.pt
Saved PyTorch checkpoint to results/checkpoints/causal_eps100/best.pt
Saved PyTorch checkpoint to results/checkpoints/causal_eps100/best.pt
Saved PyTorch checkpoint to results/checkpoints/causal_eps100/best.pt
Saved PyTorch checkpoint to results/checkpoints/causal_eps100/best.pt
Saved PyTorch checkpoint to results/checkpoints/causal_eps100/best.pt
Saved PyTorch checkpoint to results/checkpoints/causal_eps100/best.pt
Saved PyTorch checkpoint to results/checkpoints/causal_eps100/best.pt
Saved PyTorch checkpoint to results/checkpoints/causal_eps100/best.pt
Saved PyTorch checkpoint to results/checkpoints/causal_eps100/best.pt
Saved PyTorch checkpoint to results/checkpoints/causal_eps100/best.pt
Saved PyTorch checkpoint to results/checkpoints/causal_eps100/best.pt
Saved PyTorch checkpoint to results/checkpoints/causal_eps100/best.pt
Saved PyTorch checkpoint to results/checkpoints/causal_eps100/best.pt
Saved PyTorch checkpoint to results/checkpoints/causal_eps100/best.pt
Saved PyTorch checkpoint to results/checkpoints/causal_eps100/best.pt
Saved PyTorch checkpoint to results/checkpoints/causal_eps100/best.pt
Saved PyTorch checkpoint to results/checkpoints/causal_eps100/best.pt
Saved PyTorch checkpoint to results/checkpoints/causal_eps100/best.pt
Saved PyTorch checkpoint to results/checkpoints/causal_eps100/best.pt
Saved PyTorch checkpoint to results/checkpoints/causal_eps100/best.pt
Saved PyTorch checkpoint to results/checkpoints/causal_eps100/best.pt
Saved PyTorch checkpoint to results/checkpoints/causal_eps100/best.pt
Saved PyTorch checkpoint to results/checkpoints/causal_eps100/best.pt
Saved PyTorch checkpoint to results/checkpoints/causal_eps100/best.pt
Saved PyTorch checkpoint to results/checkpoints/causal_eps100/best.pt
Saved PyTorch checkpoint to results/checkpoints/causal_eps100/best.pt
Saved PyTorch checkpoint to results/checkpoints/causal_eps100/best.pt
Saved PyTorch checkpoint to results/checkpoints/causal_eps100/best.pt
Saved PyTorch checkpoint to results/checkpoints/causal_eps100/best.pt
Saved PyTorch checkpoint to results/checkpoints/causal_eps100/best.pt
Saved PyTorch checkpoint to results/checkpoints/causal_eps100/best.pt
Saved PyTorch checkpoint to results/checkpoints/causal_eps100/best.pt
Saved PyTorch checkpoint to results/checkpoints/causal_eps100/best.pt
Saved PyTorch checkpoint to results/checkpoints/causal_eps100/best.pt
Saved PyTorch checkpoint to results/checkpoints/causal_eps100/best.pt
Saved PyTorch checkpoint to results/checkpoints/causal_eps100/best.pt
Saved PyTorch checkpoint to results/checkpoints/causal_eps100/best.pt
Saved PyTorch checkpoint to results/checkpoints/causal_eps100/best.pt
Saved PyTorch checkpoint to results/checkpoints/causal_eps100/best.pt
Saved PyTorch checkpoint to results/checkpoints/causal_eps100/best.pt
Saved PyTorch checkpoint to results/checkpoints/causal_eps100/best.pt
Saved PyTorch checkpoint to results/checkpoints/causal_eps100/best.pt
Saved PyTorch checkpoint to results/checkpoints/causal_eps100/best.pt
Saved PyTorch checkpoint to results/checkpoints/causal_eps100/best.pt
Saved PyTorch checkpoint to results/checkpoints/causal_eps100/best.pt
Saved PyTorch checkpoint to results/checkpoints/causal_eps100/best.pt
Saved PyTorch checkpoint to results/checkpoints/causal_eps100/best.pt
Saved PyTorch checkpoint to results/checkpoints/causal_eps100/best.pt
Saved PyTorch checkpoint to results/checkpoints/causal_eps100/best.pt
Saved PyTorch checkpoint to results/checkpoints/causal_eps100/best.pt
Saved PyTorch checkpoint to results/checkpoints/causal_eps100/best.pt
Saved PyTorch checkpoint to results/checkpoints/causal_eps100/best.pt
Saved PyTorch checkpoint to results/checkpoints/causal_eps100/best.pt
Saved PyTorch checkpoint to results/checkpoints/causal_eps100/best.pt
Saved PyTorch checkpoint to results/checkpoints/causal_eps100/best.pt
Saved PyTorch checkpoint to results/checkpoints/causal_eps100/best.pt
Saved PyTorch checkpoint to results/checkpoints/causal_eps100/best.pt
Saved PyTorch checkpoint to results/checkpoints/causal_eps100/best.pt
Saved PyTorch checkpoint to results/checkpoints/causal_eps100/best.pt
Saved PyTorch checkpoint to results/checkpoints/causal_eps100/best.pt
Saved PyTorch checkpoint to results/checkpoints/causal_eps100/best.pt
Saved PyTorch checkpoint to results/checkpoints/causal_eps100/best.pt
Saved PyTorch checkpoint to results/checkpoints/causal_eps100/best.pt
Saved PyTorch checkpoint to results/checkpoints/causal_eps100/best.pt
Saved PyTorch checkpoint to results/checkpoints/causal_eps100/best.pt
Saved PyTorch checkpoint to results/checkpoints/causal_eps100/best.pt
Saved PyTorch checkpoint to results/checkpoints/causal_eps100/best.pt
Saved PyTorch checkpoint to results/checkpoints/causal_eps100/best.pt
Saved PyTorch checkpoint to results/checkpoints/causal_eps100/best.pt
Saved PyTorch checkpoint to results/checkpoints/causal_eps100/best.pt
Saved PyTorch checkpoint to results/checkpoints/causal_eps100/best.pt
Saved PyTorch checkpoint to results/checkpoints/causal_eps100/best.pt
Saved PyTorch checkpoint to results/checkpoints/causal_eps100/best.pt
Saved PyTorch checkpoint to results/checkpoints/causal_eps100/best.pt
Saved PyTorch checkpoint to results/checkpoints/causal_eps100/best.pt
Saved PyTorch checkpoint to results/checkpoints/causal_eps100/best.pt
Saved PyTorch checkpoint to results/checkpoints/causal_eps100/best.pt
Saved PyTorch checkpoint to results/checkpoints/causal_eps100/best.pt
Saved PyTorch checkpoint to results/checkpoints/causal_eps100/best.pt
Saved PyTorch checkpoint to results/checkpoints/causal_eps100/best.pt
Saved PyTorch checkpoint to results/checkpoints/causal_eps100/best.pt
Saved PyTorch checkpoint to results/checkpoints/causal_eps100/best.pt
Saved PyTorch checkpoint to results/checkpoints/causal_eps100/best.pt
Saved PyTorch checkpoint to results/checkpoints/causal_eps100/best.pt
Saved PyTorch checkpoint to results/checkpoints/causal_eps100/best.pt
Saved PyTorch checkpoint to results/checkpoints/causal_eps100/best.pt
Saved PyTorch checkpoint to results/checkpoints/causal_eps100/best.pt
Saved PyTorch checkpoint to results/checkpoints/causal_eps100/best.pt
Saved PyTorch checkpoint to results/checkpoints/causal_eps100/best.pt
Saved PyTorch checkpoint to results/checkpoints/causal_eps100/best.pt
Saved PyTorch checkpoint to results/checkpoints/causal_eps100/best.pt
Saved PyTorch checkpoint to results/checkpoints/causal_eps100/best.pt
Saved PyTorch checkpoint to results/checkpoints/causal_eps100/best.pt
Saved PyTorch checkpoint to results/checkpoints/causal_eps100/best.pt
Saved PyTorch checkpoint to results/checkpoints/causal_eps100/best.pt
Saved PyTorch checkpoint to results/checkpoints/causal_eps100/best.pt
Saved PyTorch checkpoint to results/checkpoints/causal_eps100/best.pt
Saved PyTorch checkpoint to results/checkpoints/causal_eps100/best.pt
Adam 1100 | total=1.005e-01 f=1.112e-02 ic=2.677e-03 wall=1.175e-02 inlet=5.553e-03 outlet=1.650e-04 min_w=9.890e-24
Saved PyTorch checkpoint to results/checkpoints/causal_eps100/best.pt
Saved PyTorch checkpoint to results/checkpoints/causal_eps100/best.pt
Saved PyTorch checkpoint to results/checkpoints/causal_eps100/best.pt
Saved PyTorch checkpoint to results/checkpoints/causal_eps100/best.pt
Saved PyTorch checkpoint to results/checkpoints/causal_eps100/best.pt
Saved PyTorch checkpoint to results/checkpoints/causal_eps100/best.pt
Saved PyTorch checkpoint to results/checkpoints/causal_eps100/best.pt
Saved PyTorch checkpoint to results/checkpoints/causal_eps100/best.pt
Saved PyTorch checkpoint to results/checkpoints/causal_eps100/best.pt
Saved PyTorch checkpoint to results/checkpoints/causal_eps100/best.pt
Saved PyTorch checkpoint to results/checkpoints/causal_eps100/best.pt
Saved PyTorch checkpoint to results/checkpoints/causal_eps100/best.pt
Saved PyTorch checkpoint to results/checkpoints/causal_eps100/best.pt
Saved PyTorch checkpoint to results/checkpoints/causal_eps100/best.pt
Saved PyTorch checkpoint to results/checkpoints/causal_eps100/best.pt
Saved PyTorch checkpoint to results/checkpoints/causal_eps100/best.pt
Saved PyTorch checkpoint to results/checkpoints/causal_eps100/best.pt
Saved PyTorch checkpoint to results/checkpoints/causal_eps100/best.pt
Saved PyTorch checkpoint to results/checkpoints/causal_eps100/best.pt
Saved PyTorch checkpoint to results/checkpoints/causal_eps100/best.pt
Saved PyTorch checkpoint to results/checkpoints/causal_eps100/best.pt
Saved PyTorch checkpoint to results/checkpoints/causal_eps100/best.pt
Saved PyTorch checkpoint to results/checkpoints/causal_eps100/best.pt
Saved PyTorch checkpoint to results/checkpoints/causal_eps100/best.pt
Saved PyTorch checkpoint to results/checkpoints/causal_eps100/best.pt
Saved PyTorch checkpoint to results/checkpoints/causal_eps100/best.pt
Saved PyTorch checkpoint to results/checkpoints/causal_eps100/best.pt
Saved PyTorch checkpoint to results/checkpoints/causal_eps100/best.pt
Saved PyTorch checkpoint to results/checkpoints/causal_eps100/best.pt
Saved PyTorch checkpoint to results/checkpoints/causal_eps100/best.pt
Saved PyTorch checkpoint to results/checkpoints/causal_eps100/best.pt
Saved PyTorch checkpoint to results/checkpoints/causal_eps100/best.pt
Saved PyTorch checkpoint to results/checkpoints/causal_eps100/best.pt
Saved PyTorch checkpoint to results/checkpoints/causal_eps100/best.pt
Saved PyTorch checkpoint to results/checkpoints/causal_eps100/best.pt
Saved PyTorch checkpoint to results/checkpoints/causal_eps100/best.pt
Saved PyTorch checkpoint to results/checkpoints/causal_eps100/best.pt
Saved PyTorch checkpoint to results/checkpoints/causal_eps100/best.pt
Saved PyTorch checkpoint to results/checkpoints/causal_eps100/best.pt
Saved PyTorch checkpoint to results/checkpoints/causal_eps100/best.pt
Saved PyTorch checkpoint to results/checkpoints/causal_eps100/best.pt
Saved PyTorch checkpoint to results/checkpoints/causal_eps100/best.pt
Saved PyTorch checkpoint to results/checkpoints/causal_eps100/best.pt
Saved PyTorch checkpoint to results/checkpoints/causal_eps100/best.pt
Saved PyTorch checkpoint to results/checkpoints/causal_eps100/best.pt
Saved PyTorch checkpoint to results/checkpoints/causal_eps100/best.pt
Saved PyTorch checkpoint to results/checkpoints/causal_eps100/best.pt
Saved PyTorch checkpoint to results/checkpoints/causal_eps100/best.pt
Saved PyTorch checkpoint to results/checkpoints/causal_eps100/best.pt
Saved PyTorch checkpoint to results/checkpoints/causal_eps100/best.pt
Saved PyTorch checkpoint to results/checkpoints/causal_eps100/best.pt
Saved PyTorch checkpoint to results/checkpoints/causal_eps100/best.pt
Saved PyTorch checkpoint to results/checkpoints/causal_eps100/best.pt
Saved PyTorch checkpoint to results/checkpoints/causal_eps100/best.pt
Saved PyTorch checkpoint to results/checkpoints/causal_eps100/best.pt
Saved PyTorch checkpoint to results/checkpoints/causal_eps100/best.pt
Saved PyTorch checkpoint to results/checkpoints/causal_eps100/best.pt
Saved PyTorch checkpoint to results/checkpoints/causal_eps100/best.pt
Saved PyTorch checkpoint to results/checkpoints/causal_eps100/best.pt
Saved PyTorch checkpoint to results/checkpoints/causal_eps100/best.pt
Saved PyTorch checkpoint to results/checkpoints/causal_eps100/best.pt
Saved PyTorch checkpoint to results/checkpoints/causal_eps100/best.pt
Saved PyTorch checkpoint to results/checkpoints/causal_eps100/best.pt
Saved PyTorch checkpoint to results/checkpoints/causal_eps100/best.pt
Adam 1200 | total=7.147e-02 f=1.120e-02 ic=2.023e-03 wall=9.159e-03 inlet=2.468e-03 outlet=1.182e-04 min_w=3.166e-38
Saved PyTorch checkpoint to results/checkpoints/causal_eps100/best.pt
Saved PyTorch checkpoint to results/checkpoints/causal_eps100/best.pt
Saved PyTorch checkpoint to results/checkpoints/causal_eps100/best.pt
Saved PyTorch checkpoint to results/checkpoints/causal_eps100/best.pt
Saved PyTorch checkpoint to results/checkpoints/causal_eps100/best.pt
Saved PyTorch checkpoint to results/checkpoints/causal_eps100/best.pt
Saved PyTorch checkpoint to results/checkpoints/causal_eps100/best.pt
Saved PyTorch checkpoint to results/checkpoints/causal_eps100/best.pt
Saved PyTorch checkpoint to results/checkpoints/causal_eps100/best.pt
Saved PyTorch checkpoint to results/checkpoints/causal_eps100/best.pt
Saved PyTorch checkpoint to results/checkpoints/causal_eps100/best.pt
Saved PyTorch checkpoint to results/checkpoints/causal_eps100/best.pt
Saved PyTorch checkpoint to results/checkpoints/causal_eps100/best.pt
Saved PyTorch checkpoint to results/checkpoints/causal_eps100/best.pt
Saved PyTorch checkpoint to results/checkpoints/causal_eps100/best.pt
Saved PyTorch checkpoint to results/checkpoints/causal_eps100/best.pt
Saved PyTorch checkpoint to results/checkpoints/causal_eps100/best.pt
Saved PyTorch checkpoint to results/checkpoints/causal_eps100/best.pt
Saved PyTorch checkpoint to results/checkpoints/causal_eps100/best.pt
Saved PyTorch checkpoint to results/checkpoints/causal_eps100/best.pt
Saved PyTorch checkpoint to results/checkpoints/causal_eps100/best.pt
Saved PyTorch checkpoint to results/checkpoints/causal_eps100/best.pt
Saved PyTorch checkpoint to results/checkpoints/causal_eps100/best.pt
Saved PyTorch checkpoint to results/checkpoints/causal_eps100/best.pt
Saved PyTorch checkpoint to results/checkpoints/causal_eps100/best.pt
Saved PyTorch checkpoint to results/checkpoints/causal_eps100/best.pt
Saved PyTorch checkpoint to results/checkpoints/causal_eps100/best.pt
Saved PyTorch checkpoint to results/checkpoints/causal_eps100/best.pt
Saved PyTorch checkpoint to results/checkpoints/causal_eps100/best.pt
Saved PyTorch checkpoint to results/checkpoints/causal_eps100/best.pt
Saved PyTorch checkpoint to results/checkpoints/causal_eps100/best.pt
Saved PyTorch checkpoint to results/checkpoints/causal_eps100/best.pt
Saved PyTorch checkpoint to results/checkpoints/causal_eps100/best.pt
Saved PyTorch checkpoint to results/checkpoints/causal_eps100/best.pt
Saved PyTorch checkpoint to results/checkpoints/causal_eps100/best.pt
Saved PyTorch checkpoint to results/checkpoints/causal_eps100/best.pt
Saved PyTorch checkpoint to results/checkpoints/causal_eps100/best.pt
Saved PyTorch checkpoint to results/checkpoints/causal_eps100/best.pt
Saved PyTorch checkpoint to results/checkpoints/causal_eps100/best.pt
Saved PyTorch checkpoint to results/checkpoints/causal_eps100/best.pt
Saved PyTorch checkpoint to results/checkpoints/causal_eps100/best.pt
Saved PyTorch checkpoint to results/checkpoints/causal_eps100/best.pt
Saved PyTorch checkpoint to results/checkpoints/causal_eps100/best.pt
Saved PyTorch checkpoint to results/checkpoints/causal_eps100/best.pt
Saved PyTorch checkpoint to results/checkpoints/causal_eps100/best.pt
Saved PyTorch checkpoint to results/checkpoints/causal_eps100/best.pt
Saved PyTorch checkpoint to results/checkpoints/causal_eps100/best.pt
Saved PyTorch checkpoint to results/checkpoints/causal_eps100/best.pt
Saved PyTorch checkpoint to results/checkpoints/causal_eps100/best.pt
Saved PyTorch checkpoint to results/checkpoints/causal_eps100/best.pt
Saved PyTorch checkpoint to results/checkpoints/causal_eps100/best.pt
Saved PyTorch checkpoint to results/checkpoints/causal_eps100/best.pt
Saved PyTorch checkpoint to results/checkpoints/causal_eps100/best.pt
Saved PyTorch checkpoint to results/checkpoints/causal_eps100/best.pt
Saved PyTorch checkpoint to results/checkpoints/causal_eps100/best.pt
Saved PyTorch checkpoint to results/checkpoints/causal_eps100/best.pt
Saved PyTorch checkpoint to results/checkpoints/causal_eps100/best.pt
Saved PyTorch checkpoint to results/checkpoints/causal_eps100/best.pt
Saved PyTorch checkpoint to results/checkpoints/causal_eps100/best.pt
Saved PyTorch checkpoint to results/checkpoints/causal_eps100/best.pt
Saved PyTorch checkpoint to results/checkpoints/causal_eps100/best.pt
Saved PyTorch checkpoint to results/checkpoints/causal_eps100/best.pt
Saved PyTorch checkpoint to results/checkpoints/causal_eps100/best.pt
Saved PyTorch checkpoint to results/checkpoints/causal_eps100/best.pt
Saved PyTorch checkpoint to results/checkpoints/causal_eps100/best.pt
Saved PyTorch checkpoint to results/checkpoints/causal_eps100/best.pt
Saved PyTorch checkpoint to results/checkpoints/causal_eps100/best.pt
Saved PyTorch checkpoint to results/checkpoints/causal_eps100/best.pt
Saved PyTorch checkpoint to results/checkpoints/causal_eps100/best.pt
Saved PyTorch checkpoint to results/checkpoints/causal_eps100/best.pt
Saved PyTorch checkpoint to results/checkpoints/causal_eps100/best.pt
Saved PyTorch checkpoint to results/checkpoints/causal_eps100/best.pt
Saved PyTorch checkpoint to results/checkpoints/causal_eps100/best.pt
Saved PyTorch checkpoint to results/checkpoints/causal_eps100/best.pt
Saved PyTorch checkpoint to results/checkpoints/causal_eps100/best.pt
Saved PyTorch checkpoint to results/checkpoints/causal_eps100/best.pt
Saved PyTorch checkpoint to results/checkpoints/causal_eps100/best.pt
Saved PyTorch checkpoint to results/checkpoints/causal_eps100/best.pt
Saved PyTorch checkpoint to results/checkpoints/causal_eps100/best.pt
Saved PyTorch checkpoint to results/checkpoints/causal_eps100/best.pt
Saved PyTorch checkpoint to results/checkpoints/causal_eps100/best.pt
Saved PyTorch checkpoint to results/checkpoints/causal_eps100/best.pt
Saved PyTorch checkpoint to results/checkpoints/causal_eps100/best.pt
Saved PyTorch checkpoint to results/checkpoints/causal_eps100/best.pt
Saved PyTorch checkpoint to results/checkpoints/causal_eps100/best.pt
Saved PyTorch checkpoint to results/checkpoints/causal_eps100/best.pt
Saved PyTorch checkpoint to results/checkpoints/causal_eps100/best.pt
Saved PyTorch checkpoint to results/checkpoints/causal_eps100/best.pt
Adam 1300 | total=6.281e-02 f=1.124e-02 ic=1.484e-03 wall=8.082e-03 inlet=1.916e-03 outlet=9.082e-05 min_w=2.706e-40
Saved PyTorch checkpoint to results/checkpoints/causal_eps100/best.pt
Saved PyTorch checkpoint to results/checkpoints/causal_eps100/best.pt
Saved PyTorch checkpoint to results/checkpoints/causal_eps100/best.pt
Saved PyTorch checkpoint to results/checkpoints/causal_eps100/best.pt
Saved PyTorch checkpoint to results/checkpoints/causal_eps100/best.pt
Saved PyTorch checkpoint to results/checkpoints/causal_eps100/best.pt
Saved PyTorch checkpoint to results/checkpoints/causal_eps100/best.pt
Saved PyTorch checkpoint to results/checkpoints/causal_eps100/best.pt
Saved PyTorch checkpoint to results/checkpoints/causal_eps100/best.pt
Saved PyTorch checkpoint to results/checkpoints/causal_eps100/best.pt
Saved PyTorch checkpoint to results/checkpoints/causal_eps100/best.pt
Saved PyTorch checkpoint to results/checkpoints/causal_eps100/best.pt
Saved PyTorch checkpoint to results/checkpoints/causal_eps100/best.pt
Saved PyTorch checkpoint to results/checkpoints/causal_eps100/best.pt
Saved PyTorch checkpoint to results/checkpoints/causal_eps100/best.pt
Saved PyTorch checkpoint to results/checkpoints/causal_eps100/best.pt
Saved PyTorch checkpoint to results/checkpoints/causal_eps100/best.pt
Saved PyTorch checkpoint to results/checkpoints/causal_eps100/best.pt
Saved PyTorch checkpoint to results/checkpoints/causal_eps100/best.pt
Saved PyTorch checkpoint to results/checkpoints/causal_eps100/best.pt
Saved PyTorch checkpoint to results/checkpoints/causal_eps100/best.pt
Saved PyTorch checkpoint to results/checkpoints/causal_eps100/best.pt
Saved PyTorch checkpoint to results/checkpoints/causal_eps100/best.pt
Saved PyTorch checkpoint to results/checkpoints/causal_eps100/best.pt
Saved PyTorch checkpoint to results/checkpoints/causal_eps100/best.pt
Saved PyTorch checkpoint to results/checkpoints/causal_eps100/best.pt
Saved PyTorch checkpoint to results/checkpoints/causal_eps100/best.pt
Saved PyTorch checkpoint to results/checkpoints/causal_eps100/best.pt
Saved PyTorch checkpoint to results/checkpoints/causal_eps100/best.pt
Saved PyTorch checkpoint to results/checkpoints/causal_eps100/best.pt
Saved PyTorch checkpoint to results/checkpoints/causal_eps100/best.pt
Saved PyTorch checkpoint to results/checkpoints/causal_eps100/best.pt
Saved PyTorch checkpoint to results/checkpoints/causal_eps100/best.pt
Saved PyTorch checkpoint to results/checkpoints/causal_eps100/best.pt
Saved PyTorch checkpoint to results/checkpoints/causal_eps100/best.pt
Saved PyTorch checkpoint to results/checkpoints/causal_eps100/best.pt
Saved PyTorch checkpoint to results/checkpoints/causal_eps100/best.pt
Saved PyTorch checkpoint to results/checkpoints/causal_eps100/best.pt
Saved PyTorch checkpoint to results/checkpoints/causal_eps100/best.pt
Saved PyTorch checkpoint to results/checkpoints/causal_eps100/best.pt
Saved PyTorch checkpoint to results/checkpoints/causal_eps100/best.pt
Saved PyTorch checkpoint to results/checkpoints/causal_eps100/best.pt
Saved PyTorch checkpoint to results/checkpoints/causal_eps100/best.pt
Saved PyTorch checkpoint to results/checkpoints/causal_eps100/best.pt
Saved PyTorch checkpoint to results/checkpoints/causal_eps100/best.pt
Saved PyTorch checkpoint to results/checkpoints/causal_eps100/best.pt
Saved PyTorch checkpoint to results/checkpoints/causal_eps100/best.pt
Saved PyTorch checkpoint to results/checkpoints/causal_eps100/best.pt
Saved PyTorch checkpoint to results/checkpoints/causal_eps100/best.pt
Saved PyTorch checkpoint to results/checkpoints/causal_eps100/best.pt
Saved PyTorch checkpoint to results/checkpoints/causal_eps100/best.pt
Saved PyTorch checkpoint to results/checkpoints/causal_eps100/best.pt
Saved PyTorch checkpoint to results/checkpoints/causal_eps100/best.pt
Saved PyTorch checkpoint to results/checkpoints/causal_eps100/best.pt
Saved PyTorch checkpoint to results/checkpoints/causal_eps100/best.pt
Saved PyTorch checkpoint to results/checkpoints/causal_eps100/best.pt
Saved PyTorch checkpoint to results/checkpoints/causal_eps100/best.pt
Saved PyTorch checkpoint to results/checkpoints/causal_eps100/best.pt
Saved PyTorch checkpoint to results/checkpoints/causal_eps100/best.pt
Saved PyTorch checkpoint to results/checkpoints/causal_eps100/best.pt
Saved PyTorch checkpoint to results/checkpoints/causal_eps100/best.pt
Saved PyTorch checkpoint to results/checkpoints/causal_eps100/best.pt
Saved PyTorch checkpoint to results/checkpoints/causal_eps100/best.pt
Saved PyTorch checkpoint to results/checkpoints/causal_eps100/best.pt
Saved PyTorch checkpoint to results/checkpoints/causal_eps100/best.pt
Saved PyTorch checkpoint to results/checkpoints/causal_eps100/best.pt
Saved PyTorch checkpoint to results/checkpoints/causal_eps100/best.pt
Saved PyTorch checkpoint to results/checkpoints/causal_eps100/best.pt
Saved PyTorch checkpoint to results/checkpoints/causal_eps100/best.pt
Saved PyTorch checkpoint to results/checkpoints/causal_eps100/best.pt
Saved PyTorch checkpoint to results/checkpoints/causal_eps100/best.pt
Saved PyTorch checkpoint to results/checkpoints/causal_eps100/best.pt
Saved PyTorch checkpoint to results/checkpoints/causal_eps100/best.pt
Saved PyTorch checkpoint to results/checkpoints/causal_eps100/best.pt
Saved PyTorch checkpoint to results/checkpoints/causal_eps100/best.pt
Saved PyTorch checkpoint to results/checkpoints/causal_eps100/best.pt
Saved PyTorch checkpoint to results/checkpoints/causal_eps100/best.pt
Saved PyTorch checkpoint to results/checkpoints/causal_eps100/best.pt
Saved PyTorch checkpoint to results/checkpoints/causal_eps100/best.pt
Saved PyTorch checkpoint to results/checkpoints/causal_eps100/best.pt
Saved PyTorch checkpoint to results/checkpoints/causal_eps100/best.pt
Saved PyTorch checkpoint to results/checkpoints/causal_eps100/best.pt
Saved PyTorch checkpoint to results/checkpoints/causal_eps100/best.pt
Saved PyTorch checkpoint to results/checkpoints/causal_eps100/best.pt
Saved PyTorch checkpoint to results/checkpoints/causal_eps100/best.pt
Saved PyTorch checkpoint to results/checkpoints/causal_eps100/best.pt
Saved PyTorch checkpoint to results/checkpoints/causal_eps100/best.pt
Saved PyTorch checkpoint to results/checkpoints/causal_eps100/best.pt
Saved PyTorch checkpoint to results/checkpoints/causal_eps100/best.pt
Saved PyTorch checkpoint to results/checkpoints/causal_eps100/best.pt
Saved PyTorch checkpoint to results/checkpoints/causal_eps100/best.pt
Saved PyTorch checkpoint to results/checkpoints/causal_eps100/best.pt
Saved PyTorch checkpoint to results/checkpoints/causal_eps100/best.pt
Saved PyTorch checkpoint to results/checkpoints/causal_eps100/best.pt
Saved PyTorch checkpoint to results/checkpoints/causal_eps100/best.pt
Saved PyTorch checkpoint to results/checkpoints/causal_eps100/best.pt
Saved PyTorch checkpoint to results/checkpoints/causal_eps100/best.pt
Saved PyTorch checkpoint to results/checkpoints/causal_eps100/best.pt
Saved PyTorch checkpoint to results/checkpoints/causal_eps100/best.pt
Saved PyTorch checkpoint to results/checkpoints/causal_eps100/best.pt
Adam 1400 | total=5.957e-02 f=1.127e-02 ic=1.191e-03 wall=7.737e-03 inlet=1.673e-03 outlet=6.052e-05 min_w=2.433e-39
Saved PyTorch checkpoint to results/checkpoints/causal_eps100/best.pt
Saved PyTorch checkpoint to results/checkpoints/causal_eps100/best.pt
Saved PyTorch checkpoint to results/checkpoints/causal_eps100/best.pt
Saved PyTorch checkpoint to results/checkpoints/causal_eps100/best.pt
Saved PyTorch checkpoint to results/checkpoints/causal_eps100/best.pt
Saved PyTorch checkpoint to results/checkpoints/causal_eps100/best.pt
Saved PyTorch checkpoint to results/checkpoints/causal_eps100/best.pt
Saved PyTorch checkpoint to results/checkpoints/causal_eps100/best.pt
Saved PyTorch checkpoint to results/checkpoints/causal_eps100/best.pt
Saved PyTorch checkpoint to results/checkpoints/causal_eps100/best.pt
Saved PyTorch checkpoint to results/checkpoints/causal_eps100/best.pt
Saved PyTorch checkpoint to results/checkpoints/causal_eps100/best.pt
Saved PyTorch checkpoint to results/checkpoints/causal_eps100/best.pt
Saved PyTorch checkpoint to results/checkpoints/causal_eps100/best.pt
Saved PyTorch checkpoint to results/checkpoints/causal_eps100/best.pt
Saved PyTorch checkpoint to results/checkpoints/causal_eps100/best.pt
Saved PyTorch checkpoint to results/checkpoints/causal_eps100/best.pt
Saved PyTorch checkpoint to results/checkpoints/causal_eps100/best.pt
Saved PyTorch checkpoint to results/checkpoints/causal_eps100/best.pt
Saved PyTorch checkpoint to results/checkpoints/causal_eps100/best.pt
Saved PyTorch checkpoint to results/checkpoints/causal_eps100/best.pt
Saved PyTorch checkpoint to results/checkpoints/causal_eps100/best.pt
Saved PyTorch checkpoint to results/checkpoints/causal_eps100/best.pt
Saved PyTorch checkpoint to results/checkpoints/causal_eps100/best.pt
Saved PyTorch checkpoint to results/checkpoints/causal_eps100/best.pt
Saved PyTorch checkpoint to results/checkpoints/causal_eps100/best.pt
Saved PyTorch checkpoint to results/checkpoints/causal_eps100/best.pt
Saved PyTorch checkpoint to results/checkpoints/causal_eps100/best.pt
Saved PyTorch checkpoint to results/checkpoints/causal_eps100/best.pt
Saved PyTorch checkpoint to results/checkpoints/causal_eps100/best.pt
Saved PyTorch checkpoint to results/checkpoints/causal_eps100/best.pt
Saved PyTorch checkpoint to results/checkpoints/causal_eps100/best.pt
Saved PyTorch checkpoint to results/checkpoints/causal_eps100/best.pt
Saved PyTorch checkpoint to results/checkpoints/causal_eps100/best.pt
Saved PyTorch checkpoint to results/checkpoints/causal_eps100/best.pt
Saved PyTorch checkpoint to results/checkpoints/causal_eps100/best.pt
Saved PyTorch checkpoint to results/checkpoints/causal_eps100/best.pt
Saved PyTorch checkpoint to results/checkpoints/causal_eps100/best.pt
Adam 1500 | total=5.778e-02 f=1.131e-02 ic=1.032e-03 wall=7.514e-03 inlet=1.564e-03 outlet=4.767e-05 min_w=1.648e-38
Saved PyTorch checkpoint to results/checkpoints/causal_eps100/best.pt
Saved PyTorch checkpoint to results/checkpoints/causal_eps100/best.pt
Saved PyTorch checkpoint to results/checkpoints/causal_eps100/best.pt
Saved PyTorch checkpoint to results/checkpoints/causal_eps100/best.pt
Saved PyTorch checkpoint to results/checkpoints/causal_eps100/best.pt
Saved PyTorch checkpoint to results/checkpoints/causal_eps100/best.pt
Saved PyTorch checkpoint to results/checkpoints/causal_eps100/best.pt
Saved PyTorch checkpoint to results/checkpoints/causal_eps100/best.pt
Saved PyTorch checkpoint to results/checkpoints/causal_eps100/best.pt
Saved PyTorch checkpoint to results/checkpoints/causal_eps100/best.pt
Saved PyTorch checkpoint to results/checkpoints/causal_eps100/best.pt
Saved PyTorch checkpoint to results/checkpoints/causal_eps100/best.pt
Saved PyTorch checkpoint to results/checkpoints/causal_eps100/best.pt
Saved PyTorch checkpoint to results/checkpoints/causal_eps100/best.pt
Saved PyTorch checkpoint to results/checkpoints/causal_eps100/best.pt
Saved PyTorch checkpoint to results/checkpoints/causal_eps100/best.pt
Saved PyTorch checkpoint to results/checkpoints/causal_eps100/best.pt
Saved PyTorch checkpoint to results/checkpoints/causal_eps100/best.pt
Saved PyTorch checkpoint to results/checkpoints/causal_eps100/best.pt
Saved PyTorch checkpoint to results/checkpoints/causal_eps100/best.pt
Saved PyTorch checkpoint to results/checkpoints/causal_eps100/best.pt
Saved PyTorch checkpoint to results/checkpoints/causal_eps100/best.pt
Saved PyTorch checkpoint to results/checkpoints/causal_eps100/best.pt
Saved PyTorch checkpoint to results/checkpoints/causal_eps100/best.pt
Saved PyTorch checkpoint to results/checkpoints/causal_eps100/best.pt
Saved PyTorch checkpoint to results/checkpoints/causal_eps100/best.pt
Saved PyTorch checkpoint to results/checkpoints/causal_eps100/best.pt
Saved PyTorch checkpoint to results/checkpoints/causal_eps100/best.pt
Saved PyTorch checkpoint to results/checkpoints/causal_eps100/best.pt
Saved PyTorch checkpoint to results/checkpoints/causal_eps100/best.pt
Saved PyTorch checkpoint to results/checkpoints/causal_eps100/best.pt
Saved PyTorch checkpoint to results/checkpoints/causal_eps100/best.pt
Saved PyTorch checkpoint to results/checkpoints/causal_eps100/best.pt
Saved PyTorch checkpoint to results/checkpoints/causal_eps100/best.pt
Saved PyTorch checkpoint to results/checkpoints/causal_eps100/best.pt
Saved PyTorch checkpoint to results/checkpoints/causal_eps100/best.pt
Saved PyTorch checkpoint to results/checkpoints/causal_eps100/best.pt
Saved PyTorch checkpoint to results/checkpoints/causal_eps100/best.pt
Saved PyTorch checkpoint to results/checkpoints/causal_eps100/best.pt
Saved PyTorch checkpoint to results/checkpoints/causal_eps100/best.pt
Saved PyTorch checkpoint to results/checkpoints/causal_eps100/best.pt
Saved PyTorch checkpoint to results/checkpoints/causal_eps100/best.pt
Saved PyTorch checkpoint to results/checkpoints/causal_eps100/best.pt
Saved PyTorch checkpoint to results/checkpoints/causal_eps100/best.pt
Saved PyTorch checkpoint to results/checkpoints/causal_eps100/best.pt
Saved PyTorch checkpoint to results/checkpoints/causal_eps100/best.pt
Saved PyTorch checkpoint to results/checkpoints/causal_eps100/best.pt
Saved PyTorch checkpoint to results/checkpoints/causal_eps100/best.pt
Saved PyTorch checkpoint to results/checkpoints/causal_eps100/best.pt
Saved PyTorch checkpoint to results/checkpoints/causal_eps100/best.pt
Saved PyTorch checkpoint to results/checkpoints/causal_eps100/best.pt
Saved PyTorch checkpoint to results/checkpoints/causal_eps100/best.pt
Saved PyTorch checkpoint to results/checkpoints/causal_eps100/best.pt
Saved PyTorch checkpoint to results/checkpoints/causal_eps100/best.pt
Saved PyTorch checkpoint to results/checkpoints/causal_eps100/best.pt
Saved PyTorch checkpoint to results/checkpoints/causal_eps100/best.pt
Saved PyTorch checkpoint to results/checkpoints/causal_eps100/best.pt
Saved PyTorch checkpoint to results/checkpoints/causal_eps100/best.pt
Saved PyTorch checkpoint to results/checkpoints/causal_eps100/best.pt
Saved PyTorch checkpoint to results/checkpoints/causal_eps100/best.pt
Saved PyTorch checkpoint to results/checkpoints/causal_eps100/best.pt
Saved PyTorch checkpoint to results/checkpoints/causal_eps100/best.pt
Saved PyTorch checkpoint to results/checkpoints/causal_eps100/best.pt
Saved PyTorch checkpoint to results/checkpoints/causal_eps100/best.pt
Saved PyTorch checkpoint to results/checkpoints/causal_eps100/best.pt
Saved PyTorch checkpoint to results/checkpoints/causal_eps100/best.pt
Saved PyTorch checkpoint to results/checkpoints/causal_eps100/best.pt
Saved PyTorch checkpoint to results/checkpoints/causal_eps100/best.pt
Saved PyTorch checkpoint to results/checkpoints/causal_eps100/best.pt
Saved PyTorch checkpoint to results/checkpoints/causal_eps100/best.pt
Saved PyTorch checkpoint to results/checkpoints/causal_eps100/best.pt
Saved PyTorch checkpoint to results/checkpoints/causal_eps100/best.pt
Saved PyTorch checkpoint to results/checkpoints/causal_eps100/best.pt
Saved PyTorch checkpoint to results/checkpoints/causal_eps100/best.pt
Saved PyTorch checkpoint to results/checkpoints/causal_eps100/best.pt
Saved PyTorch checkpoint to results/checkpoints/causal_eps100/best.pt
Adam 1600 | total=6.701e-02 f=1.130e-02 ic=8.614e-04 wall=6.750e-03 inlet=4.210e-03 outlet=4.845e-05 min_w=1.495e-33
Saved PyTorch checkpoint to results/checkpoints/causal_eps100/best.pt
Saved PyTorch checkpoint to results/checkpoints/causal_eps100/best.pt
Saved PyTorch checkpoint to results/checkpoints/causal_eps100/best.pt
Saved PyTorch checkpoint to results/checkpoints/causal_eps100/best.pt
Saved PyTorch checkpoint to results/checkpoints/causal_eps100/best.pt
Saved PyTorch checkpoint to results/checkpoints/causal_eps100/best.pt
Saved PyTorch checkpoint to results/checkpoints/causal_eps100/best.pt
Saved PyTorch checkpoint to results/checkpoints/causal_eps100/best.pt
Saved PyTorch checkpoint to results/checkpoints/causal_eps100/best.pt
Saved PyTorch checkpoint to results/checkpoints/causal_eps100/best.pt
Saved PyTorch checkpoint to results/checkpoints/causal_eps100/best.pt
Saved PyTorch checkpoint to results/checkpoints/causal_eps100/best.pt
Saved PyTorch checkpoint to results/checkpoints/causal_eps100/best.pt
Saved PyTorch checkpoint to results/checkpoints/causal_eps100/best.pt
Saved PyTorch checkpoint to results/checkpoints/causal_eps100/best.pt
Saved PyTorch checkpoint to results/checkpoints/causal_eps100/best.pt
Saved PyTorch checkpoint to results/checkpoints/causal_eps100/best.pt
Saved PyTorch checkpoint to results/checkpoints/causal_eps100/best.pt
Saved PyTorch checkpoint to results/checkpoints/causal_eps100/best.pt
Saved PyTorch checkpoint to results/checkpoints/causal_eps100/best.pt
Saved PyTorch checkpoint to results/checkpoints/causal_eps100/best.pt
Saved PyTorch checkpoint to results/checkpoints/causal_eps100/best.pt
Saved PyTorch checkpoint to results/checkpoints/causal_eps100/best.pt
Saved PyTorch checkpoint to results/checkpoints/causal_eps100/best.pt
Saved PyTorch checkpoint to results/checkpoints/causal_eps100/best.pt
Saved PyTorch checkpoint to results/checkpoints/causal_eps100/best.pt
Saved PyTorch checkpoint to results/checkpoints/causal_eps100/best.pt
Saved PyTorch checkpoint to results/checkpoints/causal_eps100/best.pt
Saved PyTorch checkpoint to results/checkpoints/causal_eps100/best.pt
Saved PyTorch checkpoint to results/checkpoints/causal_eps100/best.pt
Saved PyTorch checkpoint to results/checkpoints/causal_eps100/best.pt
Saved PyTorch checkpoint to results/checkpoints/causal_eps100/best.pt
Saved PyTorch checkpoint to results/checkpoints/causal_eps100/best.pt
Saved PyTorch checkpoint to results/checkpoints/causal_eps100/best.pt
Saved PyTorch checkpoint to results/checkpoints/causal_eps100/best.pt
Saved PyTorch checkpoint to results/checkpoints/causal_eps100/best.pt
Saved PyTorch checkpoint to results/checkpoints/causal_eps100/best.pt
Saved PyTorch checkpoint to results/checkpoints/causal_eps100/best.pt
Saved PyTorch checkpoint to results/checkpoints/causal_eps100/best.pt
Saved PyTorch checkpoint to results/checkpoints/causal_eps100/best.pt
Adam 1700 | total=5.548e-02 f=1.137e-02 ic=9.230e-04 wall=7.189e-03 inlet=1.442e-03 outlet=3.750e-05 min_w=1.231e-36
Saved PyTorch checkpoint to results/checkpoints/causal_eps100/best.pt
Saved PyTorch checkpoint to results/checkpoints/causal_eps100/best.pt
Saved PyTorch checkpoint to results/checkpoints/causal_eps100/best.pt
Saved PyTorch checkpoint to results/checkpoints/causal_eps100/best.pt
Saved PyTorch checkpoint to results/checkpoints/causal_eps100/best.pt
Saved PyTorch checkpoint to results/checkpoints/causal_eps100/best.pt
Saved PyTorch checkpoint to results/checkpoints/causal_eps100/best.pt
Saved PyTorch checkpoint to results/checkpoints/causal_eps100/best.pt
Saved PyTorch checkpoint to results/checkpoints/causal_eps100/best.pt
Saved PyTorch checkpoint to results/checkpoints/causal_eps100/best.pt
Saved PyTorch checkpoint to results/checkpoints/causal_eps100/best.pt
Saved PyTorch checkpoint to results/checkpoints/causal_eps100/best.pt
Saved PyTorch checkpoint to results/checkpoints/causal_eps100/best.pt
Saved PyTorch checkpoint to results/checkpoints/causal_eps100/best.pt
Saved PyTorch checkpoint to results/checkpoints/causal_eps100/best.pt
Saved PyTorch checkpoint to results/checkpoints/causal_eps100/best.pt
Saved PyTorch checkpoint to results/checkpoints/causal_eps100/best.pt
Saved PyTorch checkpoint to results/checkpoints/causal_eps100/best.pt
Saved PyTorch checkpoint to results/checkpoints/causal_eps100/best.pt
Saved PyTorch checkpoint to results/checkpoints/causal_eps100/best.pt
Saved PyTorch checkpoint to results/checkpoints/causal_eps100/best.pt
Saved PyTorch checkpoint to results/checkpoints/causal_eps100/best.pt
Saved PyTorch checkpoint to results/checkpoints/causal_eps100/best.pt
Saved PyTorch checkpoint to results/checkpoints/causal_eps100/best.pt
Saved PyTorch checkpoint to results/checkpoints/causal_eps100/best.pt
Saved PyTorch checkpoint to results/checkpoints/causal_eps100/best.pt
Saved PyTorch checkpoint to results/checkpoints/causal_eps100/best.pt
Saved PyTorch checkpoint to results/checkpoints/causal_eps100/best.pt
Saved PyTorch checkpoint to results/checkpoints/causal_eps100/best.pt
Saved PyTorch checkpoint to results/checkpoints/causal_eps100/best.pt
Saved PyTorch checkpoint to results/checkpoints/causal_eps100/best.pt
Adam 1800 | total=5.450e-02 f=1.140e-02 ic=8.898e-04 wall=6.930e-03 inlet=1.504e-03 outlet=3.524e-05 min_w=1.064e-35
Saved PyTorch checkpoint to results/checkpoints/causal_eps100/best.pt
Saved PyTorch checkpoint to results/checkpoints/causal_eps100/best.pt
Saved PyTorch checkpoint to results/checkpoints/causal_eps100/best.pt
Saved PyTorch checkpoint to results/checkpoints/causal_eps100/best.pt
Saved PyTorch checkpoint to results/checkpoints/causal_eps100/best.pt
Saved PyTorch checkpoint to results/checkpoints/causal_eps100/best.pt
Saved PyTorch checkpoint to results/checkpoints/causal_eps100/best.pt
Saved PyTorch checkpoint to results/checkpoints/causal_eps100/best.pt
Saved PyTorch checkpoint to results/checkpoints/causal_eps100/best.pt
Saved PyTorch checkpoint to results/checkpoints/causal_eps100/best.pt
Saved PyTorch checkpoint to results/checkpoints/causal_eps100/best.pt
Saved PyTorch checkpoint to results/checkpoints/causal_eps100/best.pt
Saved PyTorch checkpoint to results/checkpoints/causal_eps100/best.pt
Saved PyTorch checkpoint to results/checkpoints/causal_eps100/best.pt
Saved PyTorch checkpoint to results/checkpoints/causal_eps100/best.pt
Saved PyTorch checkpoint to results/checkpoints/causal_eps100/best.pt
Saved PyTorch checkpoint to results/checkpoints/causal_eps100/best.pt
Saved PyTorch checkpoint to results/checkpoints/causal_eps100/best.pt
Saved PyTorch checkpoint to results/checkpoints/causal_eps100/best.pt
Saved PyTorch checkpoint to results/checkpoints/causal_eps100/best.pt
Saved PyTorch checkpoint to results/checkpoints/causal_eps100/best.pt
Saved PyTorch checkpoint to results/checkpoints/causal_eps100/best.pt
Adam 1900 | total=5.364e-02 f=1.144e-02 ic=8.910e-04 wall=6.792e-03 inlet=1.463e-03 outlet=3.402e-05 min_w=2.151e-35
Saved PyTorch checkpoint to results/checkpoints/causal_eps100/best.pt
Saved PyTorch checkpoint to results/checkpoints/causal_eps100/best.pt
Saved PyTorch checkpoint to results/checkpoints/causal_eps100/best.pt
Saved PyTorch checkpoint to results/checkpoints/causal_eps100/best.pt
Saved PyTorch checkpoint to results/checkpoints/causal_eps100/best.pt
Saved PyTorch checkpoint to results/checkpoints/causal_eps100/best.pt
Saved PyTorch checkpoint to results/checkpoints/causal_eps100/best.pt
Saved PyTorch checkpoint to results/checkpoints/causal_eps100/best.pt
Saved PyTorch checkpoint to results/checkpoints/causal_eps100/best.pt
Saved PyTorch checkpoint to results/checkpoints/causal_eps100/best.pt
Saved PyTorch checkpoint to results/checkpoints/causal_eps100/best.pt
Saved PyTorch checkpoint to results/checkpoints/causal_eps100/best.pt
Saved PyTorch checkpoint to results/checkpoints/causal_eps100/best.pt
Saved PyTorch checkpoint to results/checkpoints/causal_eps100/best.pt
Saved PyTorch checkpoint to results/checkpoints/causal_eps100/best.pt
Saved PyTorch checkpoint to results/checkpoints/causal_eps100/best.pt
Saved PyTorch checkpoint to results/checkpoints/causal_eps100/best.pt
Saved PyTorch checkpoint to results/checkpoints/causal_eps100/best.pt
Saved PyTorch checkpoint to results/checkpoints/causal_eps100/best.pt
Saved PyTorch checkpoint to results/checkpoints/causal_eps100/best.pt
Saved PyTorch checkpoint to results/checkpoints/causal_eps100/best.pt
Saved PyTorch checkpoint to results/checkpoints/causal_eps100/best.pt
Saved PyTorch checkpoint to results/checkpoints/causal_eps100/best.pt
Saved PyTorch checkpoint to results/checkpoints/causal_eps100/best.pt
Saved PyTorch checkpoint to results/checkpoints/causal_eps100/best.pt
Saved PyTorch checkpoint to results/checkpoints/causal_eps100/best.pt
Saved PyTorch checkpoint to results/checkpoints/causal_eps100/best.pt
Adam 2000 | total=5.372e-02 f=1.144e-02 ic=7.899e-04 wall=6.260e-03 inlet=2.032e-03 outlet=3.486e-05 min_w=6.284e-34
Saved PyTorch checkpoint to results/checkpoints/causal_eps100/snapshot_iter2000.pt
[snapshot] iter 2000 → results/checkpoints/causal_eps100/snapshot_iter2000.pt
Saved PyTorch checkpoint to results/checkpoints/causal_eps100/best.pt
Saved PyTorch checkpoint to results/checkpoints/causal_eps100/best.pt
Saved PyTorch checkpoint to results/checkpoints/causal_eps100/best.pt
Saved PyTorch checkpoint to results/checkpoints/causal_eps100/best.pt
Saved PyTorch checkpoint to results/checkpoints/causal_eps100/best.pt
Saved PyTorch checkpoint to results/checkpoints/causal_eps100/best.pt
Saved PyTorch checkpoint to results/checkpoints/causal_eps100/best.pt
Saved PyTorch checkpoint to results/checkpoints/causal_eps100/best.pt
Saved PyTorch checkpoint to results/checkpoints/causal_eps100/best.pt
Saved PyTorch checkpoint to results/checkpoints/causal_eps100/best.pt
Saved PyTorch checkpoint to results/checkpoints/causal_eps100/best.pt
Saved PyTorch checkpoint to results/checkpoints/causal_eps100/best.pt
Saved PyTorch checkpoint to results/checkpoints/causal_eps100/best.pt
Saved PyTorch checkpoint to results/checkpoints/causal_eps100/best.pt
Saved PyTorch checkpoint to results/checkpoints/causal_eps100/best.pt
Saved PyTorch checkpoint to results/checkpoints/causal_eps100/best.pt
Saved PyTorch checkpoint to results/checkpoints/causal_eps100/best.pt
Saved PyTorch checkpoint to results/checkpoints/causal_eps100/best.pt
Saved PyTorch checkpoint to results/checkpoints/causal_eps100/best.pt
Saved PyTorch checkpoint to results/checkpoints/causal_eps100/best.pt
Saved PyTorch checkpoint to results/checkpoints/causal_eps100/best.pt
Saved PyTorch checkpoint to results/checkpoints/causal_eps100/best.pt
Saved PyTorch checkpoint to results/checkpoints/causal_eps100/best.pt
Saved PyTorch checkpoint to results/checkpoints/causal_eps100/best.pt
Saved PyTorch checkpoint to results/checkpoints/causal_eps100/best.pt
Saved PyTorch checkpoint to results/checkpoints/causal_eps100/best.pt
Saved PyTorch checkpoint to results/checkpoints/causal_eps100/best.pt
Adam 2100 | total=5.163e-02 f=1.150e-02 ic=9.150e-04 wall=6.497e-03 inlet=1.339e-03 outlet=3.535e-05 min_w=6.058e-35
Saved PyTorch checkpoint to results/checkpoints/causal_eps100/best.pt
Saved PyTorch checkpoint to results/checkpoints/causal_eps100/best.pt
Saved PyTorch checkpoint to results/checkpoints/causal_eps100/best.pt
Saved PyTorch checkpoint to results/checkpoints/causal_eps100/best.pt
Saved PyTorch checkpoint to results/checkpoints/causal_eps100/best.pt
Saved PyTorch checkpoint to results/checkpoints/causal_eps100/best.pt
Saved PyTorch checkpoint to results/checkpoints/causal_eps100/best.pt
Saved PyTorch checkpoint to results/checkpoints/causal_eps100/best.pt
Saved PyTorch checkpoint to results/checkpoints/causal_eps100/best.pt
Saved PyTorch checkpoint to results/checkpoints/causal_eps100/best.pt
Saved PyTorch checkpoint to results/checkpoints/causal_eps100/best.pt
Saved PyTorch checkpoint to results/checkpoints/causal_eps100/best.pt
Saved PyTorch checkpoint to results/checkpoints/causal_eps100/best.pt
Saved PyTorch checkpoint to results/checkpoints/causal_eps100/best.pt
Saved PyTorch checkpoint to results/checkpoints/causal_eps100/best.pt
Saved PyTorch checkpoint to results/checkpoints/causal_eps100/best.pt
Saved PyTorch checkpoint to results/checkpoints/causal_eps100/best.pt
Saved PyTorch checkpoint to results/checkpoints/causal_eps100/best.pt
Saved PyTorch checkpoint to results/checkpoints/causal_eps100/best.pt
Saved PyTorch checkpoint to results/checkpoints/causal_eps100/best.pt
Saved PyTorch checkpoint to results/checkpoints/causal_eps100/best.pt
Saved PyTorch checkpoint to results/checkpoints/causal_eps100/best.pt
Saved PyTorch checkpoint to results/checkpoints/causal_eps100/best.pt
Saved PyTorch checkpoint to results/checkpoints/causal_eps100/best.pt
Saved PyTorch checkpoint to results/checkpoints/causal_eps100/best.pt
Saved PyTorch checkpoint to results/checkpoints/causal_eps100/best.pt
Saved PyTorch checkpoint to results/checkpoints/causal_eps100/best.pt
Saved PyTorch checkpoint to results/checkpoints/causal_eps100/best.pt
Saved PyTorch checkpoint to results/checkpoints/causal_eps100/best.pt
Saved PyTorch checkpoint to results/checkpoints/causal_eps100/best.pt
Saved PyTorch checkpoint to results/checkpoints/causal_eps100/best.pt
Saved PyTorch checkpoint to results/checkpoints/causal_eps100/best.pt
Saved PyTorch checkpoint to results/checkpoints/causal_eps100/best.pt
Adam 2200 | total=5.099e-02 f=1.153e-02 ic=9.589e-04 wall=6.573e-03 inlet=1.119e-03 outlet=3.600e-05 min_w=1.118e-35
Saved PyTorch checkpoint to results/checkpoints/causal_eps100/best.pt
Saved PyTorch checkpoint to results/checkpoints/causal_eps100/best.pt
Saved PyTorch checkpoint to results/checkpoints/causal_eps100/best.pt
Saved PyTorch checkpoint to results/checkpoints/causal_eps100/best.pt
Saved PyTorch checkpoint to results/checkpoints/causal_eps100/best.pt
Saved PyTorch checkpoint to results/checkpoints/causal_eps100/best.pt
Saved PyTorch checkpoint to results/checkpoints/causal_eps100/best.pt
Saved PyTorch checkpoint to results/checkpoints/causal_eps100/best.pt
Saved PyTorch checkpoint to results/checkpoints/causal_eps100/best.pt
Saved PyTorch checkpoint to results/checkpoints/causal_eps100/best.pt
Saved PyTorch checkpoint to results/checkpoints/causal_eps100/best.pt
Saved PyTorch checkpoint to results/checkpoints/causal_eps100/best.pt
Saved PyTorch checkpoint to results/checkpoints/causal_eps100/best.pt
Saved PyTorch checkpoint to results/checkpoints/causal_eps100/best.pt
Saved PyTorch checkpoint to results/checkpoints/causal_eps100/best.pt
Saved PyTorch checkpoint to results/checkpoints/causal_eps100/best.pt
Saved PyTorch checkpoint to results/checkpoints/causal_eps100/best.pt
Saved PyTorch checkpoint to results/checkpoints/causal_eps100/best.pt
Saved PyTorch checkpoint to results/checkpoints/causal_eps100/best.pt
Saved PyTorch checkpoint to results/checkpoints/causal_eps100/best.pt
Saved PyTorch checkpoint to results/checkpoints/causal_eps100/best.pt
Saved PyTorch checkpoint to results/checkpoints/causal_eps100/best.pt
Saved PyTorch checkpoint to results/checkpoints/causal_eps100/best.pt
Saved PyTorch checkpoint to results/checkpoints/causal_eps100/best.pt
Saved PyTorch checkpoint to results/checkpoints/causal_eps100/best.pt
Saved PyTorch checkpoint to results/checkpoints/causal_eps100/best.pt
Saved PyTorch checkpoint to results/checkpoints/causal_eps100/best.pt
Saved PyTorch checkpoint to results/checkpoints/causal_eps100/best.pt
Adam 2300 | total=4.938e-02 f=1.153e-02 ic=8.976e-04 wall=6.136e-03 inlet=1.245e-03 outlet=4.047e-05 min_w=6.245e-35
Saved PyTorch checkpoint to results/checkpoints/causal_eps100/best.pt
Saved PyTorch checkpoint to results/checkpoints/causal_eps100/best.pt
Saved PyTorch checkpoint to results/checkpoints/causal_eps100/best.pt
Saved PyTorch checkpoint to results/checkpoints/causal_eps100/best.pt
Saved PyTorch checkpoint to results/checkpoints/causal_eps100/best.pt
Saved PyTorch checkpoint to results/checkpoints/causal_eps100/best.pt
Saved PyTorch checkpoint to results/checkpoints/causal_eps100/best.pt
Saved PyTorch checkpoint to results/checkpoints/causal_eps100/best.pt
Saved PyTorch checkpoint to results/checkpoints/causal_eps100/best.pt
Saved PyTorch checkpoint to results/checkpoints/causal_eps100/best.pt
Saved PyTorch checkpoint to results/checkpoints/causal_eps100/best.pt
Saved PyTorch checkpoint to results/checkpoints/causal_eps100/best.pt
Saved PyTorch checkpoint to results/checkpoints/causal_eps100/best.pt
Saved PyTorch checkpoint to results/checkpoints/causal_eps100/best.pt
Saved PyTorch checkpoint to results/checkpoints/causal_eps100/best.pt
Saved PyTorch checkpoint to results/checkpoints/causal_eps100/best.pt
Saved PyTorch checkpoint to results/checkpoints/causal_eps100/best.pt
Saved PyTorch checkpoint to results/checkpoints/causal_eps100/best.pt
Saved PyTorch checkpoint to results/checkpoints/causal_eps100/best.pt
Saved PyTorch checkpoint to results/checkpoints/causal_eps100/best.pt
Saved PyTorch checkpoint to results/checkpoints/causal_eps100/best.pt
Saved PyTorch checkpoint to results/checkpoints/causal_eps100/best.pt
Saved PyTorch checkpoint to results/checkpoints/causal_eps100/best.pt
Saved PyTorch checkpoint to results/checkpoints/causal_eps100/best.pt
Saved PyTorch checkpoint to results/checkpoints/causal_eps100/best.pt
Saved PyTorch checkpoint to results/checkpoints/causal_eps100/best.pt
Saved PyTorch checkpoint to results/checkpoints/causal_eps100/best.pt
Saved PyTorch checkpoint to results/checkpoints/causal_eps100/best.pt
Saved PyTorch checkpoint to results/checkpoints/causal_eps100/best.pt
Saved PyTorch checkpoint to results/checkpoints/causal_eps100/best.pt
Saved PyTorch checkpoint to results/checkpoints/causal_eps100/best.pt
Saved PyTorch checkpoint to results/checkpoints/causal_eps100/best.pt
Saved PyTorch checkpoint to results/checkpoints/causal_eps100/best.pt
Saved PyTorch checkpoint to results/checkpoints/causal_eps100/best.pt
Adam 2400 | total=4.826e-02 f=1.154e-02 ic=8.191e-04 wall=5.878e-03 inlet=1.294e-03 outlet=4.523e-05 min_w=3.810e-35
Saved PyTorch checkpoint to results/checkpoints/causal_eps100/best.pt
Saved PyTorch checkpoint to results/checkpoints/causal_eps100/best.pt
Saved PyTorch checkpoint to results/checkpoints/causal_eps100/best.pt
Saved PyTorch checkpoint to results/checkpoints/causal_eps100/best.pt
Saved PyTorch checkpoint to results/checkpoints/causal_eps100/best.pt
Saved PyTorch checkpoint to results/checkpoints/causal_eps100/best.pt
Saved PyTorch checkpoint to results/checkpoints/causal_eps100/best.pt
Saved PyTorch checkpoint to results/checkpoints/causal_eps100/best.pt
Saved PyTorch checkpoint to results/checkpoints/causal_eps100/best.pt
Saved PyTorch checkpoint to results/checkpoints/causal_eps100/best.pt
Saved PyTorch checkpoint to results/checkpoints/causal_eps100/best.pt
Saved PyTorch checkpoint to results/checkpoints/causal_eps100/best.pt
Saved PyTorch checkpoint to results/checkpoints/causal_eps100/best.pt
Saved PyTorch checkpoint to results/checkpoints/causal_eps100/best.pt
Saved PyTorch checkpoint to results/checkpoints/causal_eps100/best.pt
Saved PyTorch checkpoint to results/checkpoints/causal_eps100/best.pt
Saved PyTorch checkpoint to results/checkpoints/causal_eps100/best.pt
Saved PyTorch checkpoint to results/checkpoints/causal_eps100/best.pt
Saved PyTorch checkpoint to results/checkpoints/causal_eps100/best.pt
Saved PyTorch checkpoint to results/checkpoints/causal_eps100/best.pt
Saved PyTorch checkpoint to results/checkpoints/causal_eps100/best.pt
Saved PyTorch checkpoint to results/checkpoints/causal_eps100/best.pt
Saved PyTorch checkpoint to results/checkpoints/causal_eps100/best.pt
Saved PyTorch checkpoint to results/checkpoints/causal_eps100/best.pt
Saved PyTorch checkpoint to results/checkpoints/causal_eps100/best.pt
Saved PyTorch checkpoint to results/checkpoints/causal_eps100/best.pt
Saved PyTorch checkpoint to results/checkpoints/causal_eps100/best.pt
Saved PyTorch checkpoint to results/checkpoints/causal_eps100/best.pt
Saved PyTorch checkpoint to results/checkpoints/causal_eps100/best.pt
Saved PyTorch checkpoint to results/checkpoints/causal_eps100/best.pt
Saved PyTorch checkpoint to results/checkpoints/causal_eps100/best.pt
Saved PyTorch checkpoint to results/checkpoints/causal_eps100/best.pt
Saved PyTorch checkpoint to results/checkpoints/causal_eps100/best.pt
Saved PyTorch checkpoint to results/checkpoints/causal_eps100/best.pt
Saved PyTorch checkpoint to results/checkpoints/causal_eps100/best.pt
Saved PyTorch checkpoint to results/checkpoints/causal_eps100/best.pt
Saved PyTorch checkpoint to results/checkpoints/causal_eps100/best.pt
Saved PyTorch checkpoint to results/checkpoints/causal_eps100/best.pt
Saved PyTorch checkpoint to results/checkpoints/causal_eps100/best.pt
Saved PyTorch checkpoint to results/checkpoints/causal_eps100/best.pt
Saved PyTorch checkpoint to results/checkpoints/causal_eps100/best.pt
Saved PyTorch checkpoint to results/checkpoints/causal_eps100/best.pt
Saved PyTorch checkpoint to results/checkpoints/causal_eps100/best.pt
Saved PyTorch checkpoint to results/checkpoints/causal_eps100/best.pt
Saved PyTorch checkpoint to results/checkpoints/causal_eps100/best.pt
Saved PyTorch checkpoint to results/checkpoints/causal_eps100/best.pt
Saved PyTorch checkpoint to results/checkpoints/causal_eps100/best.pt
Saved PyTorch checkpoint to results/checkpoints/causal_eps100/best.pt
Saved PyTorch checkpoint to results/checkpoints/causal_eps100/best.pt
Saved PyTorch checkpoint to results/checkpoints/causal_eps100/best.pt
Saved PyTorch checkpoint to results/checkpoints/causal_eps100/best.pt
Saved PyTorch checkpoint to results/checkpoints/causal_eps100/best.pt
Saved PyTorch checkpoint to results/checkpoints/causal_eps100/best.pt
Saved PyTorch checkpoint to results/checkpoints/causal_eps100/best.pt
Saved PyTorch checkpoint to results/checkpoints/causal_eps100/best.pt
Saved PyTorch checkpoint to results/checkpoints/causal_eps100/best.pt
Saved PyTorch checkpoint to results/checkpoints/causal_eps100/best.pt
Saved PyTorch checkpoint to results/checkpoints/causal_eps100/best.pt
Saved PyTorch checkpoint to results/checkpoints/causal_eps100/best.pt
Saved PyTorch checkpoint to results/checkpoints/causal_eps100/best.pt
Saved PyTorch checkpoint to results/checkpoints/causal_eps100/best.pt
Saved PyTorch checkpoint to results/checkpoints/causal_eps100/best.pt
Saved PyTorch checkpoint to results/checkpoints/causal_eps100/best.pt
Saved PyTorch checkpoint to results/checkpoints/causal_eps100/best.pt
Saved PyTorch checkpoint to results/checkpoints/causal_eps100/best.pt
Adam 2500 | total=6.316e-02 f=1.160e-02 ic=1.602e-03 wall=8.740e-03 inlet=1.243e-03 outlet=4.498e-05 min_w=1.999e-37
Saved PyTorch checkpoint to results/checkpoints/causal_eps100/best.pt
Saved PyTorch checkpoint to results/checkpoints/causal_eps100/best.pt
Saved PyTorch checkpoint to results/checkpoints/causal_eps100/best.pt
Saved PyTorch checkpoint to results/checkpoints/causal_eps100/best.pt
Saved PyTorch checkpoint to results/checkpoints/causal_eps100/best.pt
Saved PyTorch checkpoint to results/checkpoints/causal_eps100/best.pt
Saved PyTorch checkpoint to results/checkpoints/causal_eps100/best.pt
Saved PyTorch checkpoint to results/checkpoints/causal_eps100/best.pt
Saved PyTorch checkpoint to results/checkpoints/causal_eps100/best.pt
Saved PyTorch checkpoint to results/checkpoints/causal_eps100/best.pt
Saved PyTorch checkpoint to results/checkpoints/causal_eps100/best.pt
Saved PyTorch checkpoint to results/checkpoints/causal_eps100/best.pt
Saved PyTorch checkpoint to results/checkpoints/causal_eps100/best.pt
Saved PyTorch checkpoint to results/checkpoints/causal_eps100/best.pt
Saved PyTorch checkpoint to results/checkpoints/causal_eps100/best.pt
Saved PyTorch checkpoint to results/checkpoints/causal_eps100/best.pt
Saved PyTorch checkpoint to results/checkpoints/causal_eps100/best.pt
Saved PyTorch checkpoint to results/checkpoints/causal_eps100/best.pt
Saved PyTorch checkpoint to results/checkpoints/causal_eps100/best.pt
Saved PyTorch checkpoint to results/checkpoints/causal_eps100/best.pt
Saved PyTorch checkpoint to results/checkpoints/causal_eps100/best.pt
Saved PyTorch checkpoint to results/checkpoints/causal_eps100/best.pt
Saved PyTorch checkpoint to results/checkpoints/causal_eps100/best.pt
Saved PyTorch checkpoint to results/checkpoints/causal_eps100/best.pt
Saved PyTorch checkpoint to results/checkpoints/causal_eps100/best.pt
Saved PyTorch checkpoint to results/checkpoints/causal_eps100/best.pt
Saved PyTorch checkpoint to results/checkpoints/causal_eps100/best.pt
Saved PyTorch checkpoint to results/checkpoints/causal_eps100/best.pt
Saved PyTorch checkpoint to results/checkpoints/causal_eps100/best.pt
Saved PyTorch checkpoint to results/checkpoints/causal_eps100/best.pt
Saved PyTorch checkpoint to results/checkpoints/causal_eps100/best.pt
Saved PyTorch checkpoint to results/checkpoints/causal_eps100/best.pt
Saved PyTorch checkpoint to results/checkpoints/causal_eps100/best.pt
Saved PyTorch checkpoint to results/checkpoints/causal_eps100/best.pt
Saved PyTorch checkpoint to results/checkpoints/causal_eps100/best.pt
Saved PyTorch checkpoint to results/checkpoints/causal_eps100/best.pt
Saved PyTorch checkpoint to results/checkpoints/causal_eps100/best.pt
Saved PyTorch checkpoint to results/checkpoints/causal_eps100/best.pt
Saved PyTorch checkpoint to results/checkpoints/causal_eps100/best.pt
Saved PyTorch checkpoint to results/checkpoints/causal_eps100/best.pt
Saved PyTorch checkpoint to results/checkpoints/causal_eps100/best.pt
Saved PyTorch checkpoint to results/checkpoints/causal_eps100/best.pt
Saved PyTorch checkpoint to results/checkpoints/causal_eps100/best.pt
Adam 2600 | total=4.559e-02 f=1.155e-02 ic=7.790e-04 wall=5.388e-03 inlet=1.253e-03 outlet=5.001e-05 min_w=7.416e-35
Saved PyTorch checkpoint to results/checkpoints/causal_eps100/best.pt
Saved PyTorch checkpoint to results/checkpoints/causal_eps100/best.pt
Saved PyTorch checkpoint to results/checkpoints/causal_eps100/best.pt
Saved PyTorch checkpoint to results/checkpoints/causal_eps100/best.pt
Saved PyTorch checkpoint to results/checkpoints/causal_eps100/best.pt
Saved PyTorch checkpoint to results/checkpoints/causal_eps100/best.pt
Saved PyTorch checkpoint to results/checkpoints/causal_eps100/best.pt
Saved PyTorch checkpoint to results/checkpoints/causal_eps100/best.pt
Saved PyTorch checkpoint to results/checkpoints/causal_eps100/best.pt
Saved PyTorch checkpoint to results/checkpoints/causal_eps100/best.pt
Saved PyTorch checkpoint to results/checkpoints/causal_eps100/best.pt
Saved PyTorch checkpoint to results/checkpoints/causal_eps100/best.pt
Saved PyTorch checkpoint to results/checkpoints/causal_eps100/best.pt
Saved PyTorch checkpoint to results/checkpoints/causal_eps100/best.pt
Saved PyTorch checkpoint to results/checkpoints/causal_eps100/best.pt
Saved PyTorch checkpoint to results/checkpoints/causal_eps100/best.pt
Saved PyTorch checkpoint to results/checkpoints/causal_eps100/best.pt
Saved PyTorch checkpoint to results/checkpoints/causal_eps100/best.pt
Saved PyTorch checkpoint to results/checkpoints/causal_eps100/best.pt
Saved PyTorch checkpoint to results/checkpoints/causal_eps100/best.pt
Saved PyTorch checkpoint to results/checkpoints/causal_eps100/best.pt
Saved PyTorch checkpoint to results/checkpoints/causal_eps100/best.pt
Saved PyTorch checkpoint to results/checkpoints/causal_eps100/best.pt
Saved PyTorch checkpoint to results/checkpoints/causal_eps100/best.pt
Saved PyTorch checkpoint to results/checkpoints/causal_eps100/best.pt
Saved PyTorch checkpoint to results/checkpoints/causal_eps100/best.pt
Saved PyTorch checkpoint to results/checkpoints/causal_eps100/best.pt
Saved PyTorch checkpoint to results/checkpoints/causal_eps100/best.pt
Saved PyTorch checkpoint to results/checkpoints/causal_eps100/best.pt
Saved PyTorch checkpoint to results/checkpoints/causal_eps100/best.pt
Saved PyTorch checkpoint to results/checkpoints/causal_eps100/best.pt
Saved PyTorch checkpoint to results/checkpoints/causal_eps100/best.pt
Saved PyTorch checkpoint to results/checkpoints/causal_eps100/best.pt
Saved PyTorch checkpoint to results/checkpoints/causal_eps100/best.pt
Saved PyTorch checkpoint to results/checkpoints/causal_eps100/best.pt
Saved PyTorch checkpoint to results/checkpoints/causal_eps100/best.pt
Saved PyTorch checkpoint to results/checkpoints/causal_eps100/best.pt
Saved PyTorch checkpoint to results/checkpoints/causal_eps100/best.pt
Saved PyTorch checkpoint to results/checkpoints/causal_eps100/best.pt
Saved PyTorch checkpoint to results/checkpoints/causal_eps100/best.pt
Saved PyTorch checkpoint to results/checkpoints/causal_eps100/best.pt
Saved PyTorch checkpoint to results/checkpoints/causal_eps100/best.pt
Saved PyTorch checkpoint to results/checkpoints/causal_eps100/best.pt
Saved PyTorch checkpoint to results/checkpoints/causal_eps100/best.pt
Saved PyTorch checkpoint to results/checkpoints/causal_eps100/best.pt
Saved PyTorch checkpoint to results/checkpoints/causal_eps100/best.pt
Saved PyTorch checkpoint to results/checkpoints/causal_eps100/best.pt
Saved PyTorch checkpoint to results/checkpoints/causal_eps100/best.pt
Saved PyTorch checkpoint to results/checkpoints/causal_eps100/best.pt
Saved PyTorch checkpoint to results/checkpoints/causal_eps100/best.pt
Saved PyTorch checkpoint to results/checkpoints/causal_eps100/best.pt
Saved PyTorch checkpoint to results/checkpoints/causal_eps100/best.pt
Saved PyTorch checkpoint to results/checkpoints/causal_eps100/best.pt
Saved PyTorch checkpoint to results/checkpoints/causal_eps100/best.pt
Saved PyTorch checkpoint to results/checkpoints/causal_eps100/best.pt
Saved PyTorch checkpoint to results/checkpoints/causal_eps100/best.pt
Saved PyTorch checkpoint to results/checkpoints/causal_eps100/best.pt
Saved PyTorch checkpoint to results/checkpoints/causal_eps100/best.pt
Saved PyTorch checkpoint to results/checkpoints/causal_eps100/best.pt
Saved PyTorch checkpoint to results/checkpoints/causal_eps100/best.pt
Saved PyTorch checkpoint to results/checkpoints/causal_eps100/best.pt
Saved PyTorch checkpoint to results/checkpoints/causal_eps100/best.pt
Saved PyTorch checkpoint to results/checkpoints/causal_eps100/best.pt
Saved PyTorch checkpoint to results/checkpoints/causal_eps100/best.pt
Saved PyTorch checkpoint to results/checkpoints/causal_eps100/best.pt
Saved PyTorch checkpoint to results/checkpoints/causal_eps100/best.pt
Saved PyTorch checkpoint to results/checkpoints/causal_eps100/best.pt
Saved PyTorch checkpoint to results/checkpoints/causal_eps100/best.pt
Saved PyTorch checkpoint to results/checkpoints/causal_eps100/best.pt
Saved PyTorch checkpoint to results/checkpoints/causal_eps100/best.pt
Saved PyTorch checkpoint to results/checkpoints/causal_eps100/best.pt
Saved PyTorch checkpoint to results/checkpoints/causal_eps100/best.pt
Saved PyTorch checkpoint to results/checkpoints/causal_eps100/best.pt
Saved PyTorch checkpoint to results/checkpoints/causal_eps100/best.pt
Saved PyTorch checkpoint to results/checkpoints/causal_eps100/best.pt
Saved PyTorch checkpoint to results/checkpoints/causal_eps100/best.pt
Saved PyTorch checkpoint to results/checkpoints/causal_eps100/best.pt
Saved PyTorch checkpoint to results/checkpoints/causal_eps100/best.pt
Adam 2700 | total=5.786e-02 f=1.132e-02 ic=7.554e-04 wall=5.252e-03 inlet=3.892e-03 outlet=6.487e-05 min_w=1.267e-32
Saved PyTorch checkpoint to results/checkpoints/causal_eps100/best.pt
Saved PyTorch checkpoint to results/checkpoints/causal_eps100/best.pt
Saved PyTorch checkpoint to results/checkpoints/causal_eps100/best.pt
Saved PyTorch checkpoint to results/checkpoints/causal_eps100/best.pt
Saved PyTorch checkpoint to results/checkpoints/causal_eps100/best.pt
Saved PyTorch checkpoint to results/checkpoints/causal_eps100/best.pt
Saved PyTorch checkpoint to results/checkpoints/causal_eps100/best.pt
Saved PyTorch checkpoint to results/checkpoints/causal_eps100/best.pt
Saved PyTorch checkpoint to results/checkpoints/causal_eps100/best.pt
Saved PyTorch checkpoint to results/checkpoints/causal_eps100/best.pt
Saved PyTorch checkpoint to results/checkpoints/causal_eps100/best.pt
Saved PyTorch checkpoint to results/checkpoints/causal_eps100/best.pt
Saved PyTorch checkpoint to results/checkpoints/causal_eps100/best.pt
Saved PyTorch checkpoint to results/checkpoints/causal_eps100/best.pt
Saved PyTorch checkpoint to results/checkpoints/causal_eps100/best.pt
Saved PyTorch checkpoint to results/checkpoints/causal_eps100/best.pt
Saved PyTorch checkpoint to results/checkpoints/causal_eps100/best.pt
Saved PyTorch checkpoint to results/checkpoints/causal_eps100/best.pt
Saved PyTorch checkpoint to results/checkpoints/causal_eps100/best.pt
Saved PyTorch checkpoint to results/checkpoints/causal_eps100/best.pt
Saved PyTorch checkpoint to results/checkpoints/causal_eps100/best.pt
Saved PyTorch checkpoint to results/checkpoints/causal_eps100/best.pt
Saved PyTorch checkpoint to results/checkpoints/causal_eps100/best.pt
Saved PyTorch checkpoint to results/checkpoints/causal_eps100/best.pt
Saved PyTorch checkpoint to results/checkpoints/causal_eps100/best.pt
Saved PyTorch checkpoint to results/checkpoints/causal_eps100/best.pt
Saved PyTorch checkpoint to results/checkpoints/causal_eps100/best.pt
Saved PyTorch checkpoint to results/checkpoints/causal_eps100/best.pt
Saved PyTorch checkpoint to results/checkpoints/causal_eps100/best.pt
Saved PyTorch checkpoint to results/checkpoints/causal_eps100/best.pt
Saved PyTorch checkpoint to results/checkpoints/causal_eps100/best.pt
Saved PyTorch checkpoint to results/checkpoints/causal_eps100/best.pt
Saved PyTorch checkpoint to results/checkpoints/causal_eps100/best.pt
Saved PyTorch checkpoint to results/checkpoints/causal_eps100/best.pt
Saved PyTorch checkpoint to results/checkpoints/causal_eps100/best.pt
Saved PyTorch checkpoint to results/checkpoints/causal_eps100/best.pt
Saved PyTorch checkpoint to results/checkpoints/causal_eps100/best.pt
Saved PyTorch checkpoint to results/checkpoints/causal_eps100/best.pt
Saved PyTorch checkpoint to results/checkpoints/causal_eps100/best.pt
Saved PyTorch checkpoint to results/checkpoints/causal_eps100/best.pt
Saved PyTorch checkpoint to results/checkpoints/causal_eps100/best.pt
Saved PyTorch checkpoint to results/checkpoints/causal_eps100/best.pt
Saved PyTorch checkpoint to results/checkpoints/causal_eps100/best.pt
Saved PyTorch checkpoint to results/checkpoints/causal_eps100/best.pt
Saved PyTorch checkpoint to results/checkpoints/causal_eps100/best.pt
Adam 2800 | total=4.240e-02 f=1.155e-02 ic=7.088e-04 wall=4.838e-03 inlet=1.178e-03 outlet=6.174e-05 min_w=4.339e-35
Saved PyTorch checkpoint to results/checkpoints/causal_eps100/best.pt
Saved PyTorch checkpoint to results/checkpoints/causal_eps100/best.pt
Saved PyTorch checkpoint to results/checkpoints/causal_eps100/best.pt
Saved PyTorch checkpoint to results/checkpoints/causal_eps100/best.pt
Saved PyTorch checkpoint to results/checkpoints/causal_eps100/best.pt
Saved PyTorch checkpoint to results/checkpoints/causal_eps100/best.pt
Saved PyTorch checkpoint to results/checkpoints/causal_eps100/best.pt
Saved PyTorch checkpoint to results/checkpoints/causal_eps100/best.pt
Saved PyTorch checkpoint to results/checkpoints/causal_eps100/best.pt
Saved PyTorch checkpoint to results/checkpoints/causal_eps100/best.pt
Saved PyTorch checkpoint to results/checkpoints/causal_eps100/best.pt
Saved PyTorch checkpoint to results/checkpoints/causal_eps100/best.pt
Saved PyTorch checkpoint to results/checkpoints/causal_eps100/best.pt
Saved PyTorch checkpoint to results/checkpoints/causal_eps100/best.pt
Saved PyTorch checkpoint to results/checkpoints/causal_eps100/best.pt
Saved PyTorch checkpoint to results/checkpoints/causal_eps100/best.pt
Saved PyTorch checkpoint to results/checkpoints/causal_eps100/best.pt
Saved PyTorch checkpoint to results/checkpoints/causal_eps100/best.pt
Saved PyTorch checkpoint to results/checkpoints/causal_eps100/best.pt
Saved PyTorch checkpoint to results/checkpoints/causal_eps100/best.pt
Saved PyTorch checkpoint to results/checkpoints/causal_eps100/best.pt
Saved PyTorch checkpoint to results/checkpoints/causal_eps100/best.pt
Saved PyTorch checkpoint to results/checkpoints/causal_eps100/best.pt
Saved PyTorch checkpoint to results/checkpoints/causal_eps100/best.pt
Saved PyTorch checkpoint to results/checkpoints/causal_eps100/best.pt
Saved PyTorch checkpoint to results/checkpoints/causal_eps100/best.pt
Saved PyTorch checkpoint to results/checkpoints/causal_eps100/best.pt
Saved PyTorch checkpoint to results/checkpoints/causal_eps100/best.pt
Saved PyTorch checkpoint to results/checkpoints/causal_eps100/best.pt
Saved PyTorch checkpoint to results/checkpoints/causal_eps100/best.pt
Saved PyTorch checkpoint to results/checkpoints/causal_eps100/best.pt
Saved PyTorch checkpoint to results/checkpoints/causal_eps100/best.pt
Saved PyTorch checkpoint to results/checkpoints/causal_eps100/best.pt
Saved PyTorch checkpoint to results/checkpoints/causal_eps100/best.pt
Saved PyTorch checkpoint to results/checkpoints/causal_eps100/best.pt
Saved PyTorch checkpoint to results/checkpoints/causal_eps100/best.pt
Saved PyTorch checkpoint to results/checkpoints/causal_eps100/best.pt
Saved PyTorch checkpoint to results/checkpoints/causal_eps100/best.pt
Saved PyTorch checkpoint to results/checkpoints/causal_eps100/best.pt
Saved PyTorch checkpoint to results/checkpoints/causal_eps100/best.pt
Saved PyTorch checkpoint to results/checkpoints/causal_eps100/best.pt
Saved PyTorch checkpoint to results/checkpoints/causal_eps100/best.pt
Saved PyTorch checkpoint to results/checkpoints/causal_eps100/best.pt
Saved PyTorch checkpoint to results/checkpoints/causal_eps100/best.pt
Saved PyTorch checkpoint to results/checkpoints/causal_eps100/best.pt
Saved PyTorch checkpoint to results/checkpoints/causal_eps100/best.pt
Saved PyTorch checkpoint to results/checkpoints/causal_eps100/best.pt
Saved PyTorch checkpoint to results/checkpoints/causal_eps100/best.pt
Saved PyTorch checkpoint to results/checkpoints/causal_eps100/best.pt
Saved PyTorch checkpoint to results/checkpoints/causal_eps100/best.pt
Saved PyTorch checkpoint to results/checkpoints/causal_eps100/best.pt
Saved PyTorch checkpoint to results/checkpoints/causal_eps100/best.pt
Saved PyTorch checkpoint to results/checkpoints/causal_eps100/best.pt
Saved PyTorch checkpoint to results/checkpoints/causal_eps100/best.pt
Saved PyTorch checkpoint to results/checkpoints/causal_eps100/best.pt
Saved PyTorch checkpoint to results/checkpoints/causal_eps100/best.pt
Saved PyTorch checkpoint to results/checkpoints/causal_eps100/best.pt
Saved PyTorch checkpoint to results/checkpoints/causal_eps100/best.pt
Saved PyTorch checkpoint to results/checkpoints/causal_eps100/best.pt
Saved PyTorch checkpoint to results/checkpoints/causal_eps100/best.pt
Saved PyTorch checkpoint to results/checkpoints/causal_eps100/best.pt
Saved PyTorch checkpoint to results/checkpoints/causal_eps100/best.pt
Saved PyTorch checkpoint to results/checkpoints/causal_eps100/best.pt
Saved PyTorch checkpoint to results/checkpoints/causal_eps100/best.pt
Saved PyTorch checkpoint to results/checkpoints/causal_eps100/best.pt
Saved PyTorch checkpoint to results/checkpoints/causal_eps100/best.pt
Saved PyTorch checkpoint to results/checkpoints/causal_eps100/best.pt
Saved PyTorch checkpoint to results/checkpoints/causal_eps100/best.pt
Saved PyTorch checkpoint to results/checkpoints/causal_eps100/best.pt
Saved PyTorch checkpoint to results/checkpoints/causal_eps100/best.pt
Saved PyTorch checkpoint to results/checkpoints/causal_eps100/best.pt
Saved PyTorch checkpoint to results/checkpoints/causal_eps100/best.pt
Saved PyTorch checkpoint to results/checkpoints/causal_eps100/best.pt
Saved PyTorch checkpoint to results/checkpoints/causal_eps100/best.pt
Saved PyTorch checkpoint to results/checkpoints/causal_eps100/best.pt
Saved PyTorch checkpoint to results/checkpoints/causal_eps100/best.pt
Adam 2900 | total=6.725e-02 f=1.150e-02 ic=1.826e-03 wall=8.621e-03 inlet=2.152e-03 outlet=5.608e-05 min_w=8.047e-40
Saved PyTorch checkpoint to results/checkpoints/causal_eps100/best.pt
Saved PyTorch checkpoint to results/checkpoints/causal_eps100/best.pt
Saved PyTorch checkpoint to results/checkpoints/causal_eps100/best.pt
Saved PyTorch checkpoint to results/checkpoints/causal_eps100/best.pt
Saved PyTorch checkpoint to results/checkpoints/causal_eps100/best.pt
Saved PyTorch checkpoint to results/checkpoints/causal_eps100/best.pt
Saved PyTorch checkpoint to results/checkpoints/causal_eps100/best.pt
Saved PyTorch checkpoint to results/checkpoints/causal_eps100/best.pt
Saved PyTorch checkpoint to results/checkpoints/causal_eps100/best.pt
Saved PyTorch checkpoint to results/checkpoints/causal_eps100/best.pt
Saved PyTorch checkpoint to results/checkpoints/causal_eps100/best.pt
Saved PyTorch checkpoint to results/checkpoints/causal_eps100/best.pt
Saved PyTorch checkpoint to results/checkpoints/causal_eps100/best.pt
Saved PyTorch checkpoint to results/checkpoints/causal_eps100/best.pt
Saved PyTorch checkpoint to results/checkpoints/causal_eps100/best.pt
Saved PyTorch checkpoint to results/checkpoints/causal_eps100/best.pt
Saved PyTorch checkpoint to results/checkpoints/causal_eps100/best.pt
Saved PyTorch checkpoint to results/checkpoints/causal_eps100/best.pt
Saved PyTorch checkpoint to results/checkpoints/causal_eps100/best.pt
Saved PyTorch checkpoint to results/checkpoints/causal_eps100/best.pt
Saved PyTorch checkpoint to results/checkpoints/causal_eps100/best.pt
Saved PyTorch checkpoint to results/checkpoints/causal_eps100/best.pt
Saved PyTorch checkpoint to results/checkpoints/causal_eps100/best.pt
Saved PyTorch checkpoint to results/checkpoints/causal_eps100/best.pt
Saved PyTorch checkpoint to results/checkpoints/causal_eps100/best.pt
Saved PyTorch checkpoint to results/checkpoints/causal_eps100/best.pt
Saved PyTorch checkpoint to results/checkpoints/causal_eps100/best.pt
Saved PyTorch checkpoint to results/checkpoints/causal_eps100/best.pt
Saved PyTorch checkpoint to results/checkpoints/causal_eps100/best.pt
Saved PyTorch checkpoint to results/checkpoints/causal_eps100/best.pt
Saved PyTorch checkpoint to results/checkpoints/causal_eps100/best.pt
Saved PyTorch checkpoint to results/checkpoints/causal_eps100/best.pt
Saved PyTorch checkpoint to results/checkpoints/causal_eps100/best.pt
Saved PyTorch checkpoint to results/checkpoints/causal_eps100/best.pt
Saved PyTorch checkpoint to results/checkpoints/causal_eps100/best.pt
Saved PyTorch checkpoint to results/checkpoints/causal_eps100/best.pt
Saved PyTorch checkpoint to results/checkpoints/causal_eps100/best.pt
Saved PyTorch checkpoint to results/checkpoints/causal_eps100/best.pt
Saved PyTorch checkpoint to results/checkpoints/causal_eps100/best.pt
Saved PyTorch checkpoint to results/checkpoints/causal_eps100/best.pt
Saved PyTorch checkpoint to results/checkpoints/causal_eps100/best.pt
Saved PyTorch checkpoint to results/checkpoints/causal_eps100/best.pt
Saved PyTorch checkpoint to results/checkpoints/causal_eps100/best.pt
Saved PyTorch checkpoint to results/checkpoints/causal_eps100/best.pt
Saved PyTorch checkpoint to results/checkpoints/causal_eps100/best.pt
Saved PyTorch checkpoint to results/checkpoints/causal_eps100/best.pt
Saved PyTorch checkpoint to results/checkpoints/causal_eps100/best.pt
Saved PyTorch checkpoint to results/checkpoints/causal_eps100/best.pt
Saved PyTorch checkpoint to results/checkpoints/causal_eps100/best.pt
Saved PyTorch checkpoint to results/checkpoints/causal_eps100/best.pt
Saved PyTorch checkpoint to results/checkpoints/causal_eps100/best.pt
Saved PyTorch checkpoint to results/checkpoints/causal_eps100/best.pt
Saved PyTorch checkpoint to results/checkpoints/causal_eps100/best.pt
Adam 3000 | total=3.833e-02 f=1.153e-02 ic=6.491e-04 wall=4.119e-03 inlet=1.097e-03 outlet=7.097e-05 min_w=1.377e-35
Saved PyTorch checkpoint to results/checkpoints/causal_eps100/best.pt
Saved PyTorch checkpoint to results/checkpoints/causal_eps100/best.pt
Saved PyTorch checkpoint to results/checkpoints/causal_eps100/best.pt
Saved PyTorch checkpoint to results/checkpoints/causal_eps100/best.pt
Saved PyTorch checkpoint to results/checkpoints/causal_eps100/best.pt
Saved PyTorch checkpoint to results/checkpoints/causal_eps100/best.pt
Saved PyTorch checkpoint to results/checkpoints/causal_eps100/best.pt
Saved PyTorch checkpoint to results/checkpoints/causal_eps100/best.pt
Saved PyTorch checkpoint to results/checkpoints/causal_eps100/best.pt
Saved PyTorch checkpoint to results/checkpoints/causal_eps100/best.pt
Saved PyTorch checkpoint to results/checkpoints/causal_eps100/best.pt
Saved PyTorch checkpoint to results/checkpoints/causal_eps100/best.pt
Saved PyTorch checkpoint to results/checkpoints/causal_eps100/best.pt
Saved PyTorch checkpoint to results/checkpoints/causal_eps100/best.pt
Saved PyTorch checkpoint to results/checkpoints/causal_eps100/best.pt
Saved PyTorch checkpoint to results/checkpoints/causal_eps100/best.pt
Saved PyTorch checkpoint to results/checkpoints/causal_eps100/best.pt
Saved PyTorch checkpoint to results/checkpoints/causal_eps100/best.pt
Saved PyTorch checkpoint to results/checkpoints/causal_eps100/best.pt
Saved PyTorch checkpoint to results/checkpoints/causal_eps100/best.pt
Saved PyTorch checkpoint to results/checkpoints/causal_eps100/best.pt
Saved PyTorch checkpoint to results/checkpoints/causal_eps100/best.pt
Saved PyTorch checkpoint to results/checkpoints/causal_eps100/best.pt
Saved PyTorch checkpoint to results/checkpoints/causal_eps100/best.pt
Saved PyTorch checkpoint to results/checkpoints/causal_eps100/best.pt
Saved PyTorch checkpoint to results/checkpoints/causal_eps100/best.pt
Saved PyTorch checkpoint to results/checkpoints/causal_eps100/best.pt
Saved PyTorch checkpoint to results/checkpoints/causal_eps100/best.pt
Saved PyTorch checkpoint to results/checkpoints/causal_eps100/best.pt
Saved PyTorch checkpoint to results/checkpoints/causal_eps100/best.pt
Saved PyTorch checkpoint to results/checkpoints/causal_eps100/best.pt
Saved PyTorch checkpoint to results/checkpoints/causal_eps100/best.pt
Saved PyTorch checkpoint to results/checkpoints/causal_eps100/best.pt
Saved PyTorch checkpoint to results/checkpoints/causal_eps100/best.pt
Saved PyTorch checkpoint to results/checkpoints/causal_eps100/best.pt
Saved PyTorch checkpoint to results/checkpoints/causal_eps100/best.pt
Saved PyTorch checkpoint to results/checkpoints/causal_eps100/best.pt
Saved PyTorch checkpoint to results/checkpoints/causal_eps100/best.pt
Saved PyTorch checkpoint to results/checkpoints/causal_eps100/best.pt
Saved PyTorch checkpoint to results/checkpoints/causal_eps100/best.pt
Saved PyTorch checkpoint to results/checkpoints/causal_eps100/best.pt
Saved PyTorch checkpoint to results/checkpoints/causal_eps100/best.pt
Saved PyTorch checkpoint to results/checkpoints/causal_eps100/best.pt
Saved PyTorch checkpoint to results/checkpoints/causal_eps100/best.pt
Saved PyTorch checkpoint to results/checkpoints/causal_eps100/best.pt
Saved PyTorch checkpoint to results/checkpoints/causal_eps100/best.pt
Saved PyTorch checkpoint to results/checkpoints/causal_eps100/best.pt
Saved PyTorch checkpoint to results/checkpoints/causal_eps100/best.pt
Saved PyTorch checkpoint to results/checkpoints/causal_eps100/best.pt
Saved PyTorch checkpoint to results/checkpoints/causal_eps100/best.pt
Saved PyTorch checkpoint to results/checkpoints/causal_eps100/best.pt
Saved PyTorch checkpoint to results/checkpoints/causal_eps100/best.pt
Saved PyTorch checkpoint to results/checkpoints/causal_eps100/best.pt
Saved PyTorch checkpoint to results/checkpoints/causal_eps100/best.pt
Saved PyTorch checkpoint to results/checkpoints/causal_eps100/best.pt
Saved PyTorch checkpoint to results/checkpoints/causal_eps100/best.pt
Saved PyTorch checkpoint to results/checkpoints/causal_eps100/best.pt
Saved PyTorch checkpoint to results/checkpoints/causal_eps100/best.pt
Saved PyTorch checkpoint to results/checkpoints/causal_eps100/best.pt
Saved PyTorch checkpoint to results/checkpoints/causal_eps100/best.pt
Adam 3100 | total=4.071e-02 f=1.147e-02 ic=6.973e-04 wall=4.427e-03 inlet=1.267e-03 outlet=7.922e-05 min_w=1.487e-37
Saved PyTorch checkpoint to results/checkpoints/causal_eps100/best.pt
Saved PyTorch checkpoint to results/checkpoints/causal_eps100/best.pt
Saved PyTorch checkpoint to results/checkpoints/causal_eps100/best.pt
Saved PyTorch checkpoint to results/checkpoints/causal_eps100/best.pt
Saved PyTorch checkpoint to results/checkpoints/causal_eps100/best.pt
Saved PyTorch checkpoint to results/checkpoints/causal_eps100/best.pt
Saved PyTorch checkpoint to results/checkpoints/causal_eps100/best.pt
Saved PyTorch checkpoint to results/checkpoints/causal_eps100/best.pt
Saved PyTorch checkpoint to results/checkpoints/causal_eps100/best.pt
Saved PyTorch checkpoint to results/checkpoints/causal_eps100/best.pt
Saved PyTorch checkpoint to results/checkpoints/causal_eps100/best.pt
Saved PyTorch checkpoint to results/checkpoints/causal_eps100/best.pt
Saved PyTorch checkpoint to results/checkpoints/causal_eps100/best.pt
Saved PyTorch checkpoint to results/checkpoints/causal_eps100/best.pt
Saved PyTorch checkpoint to results/checkpoints/causal_eps100/best.pt
Saved PyTorch checkpoint to results/checkpoints/causal_eps100/best.pt
Saved PyTorch checkpoint to results/checkpoints/causal_eps100/best.pt
Saved PyTorch checkpoint to results/checkpoints/causal_eps100/best.pt
Saved PyTorch checkpoint to results/checkpoints/causal_eps100/best.pt
Saved PyTorch checkpoint to results/checkpoints/causal_eps100/best.pt
Saved PyTorch checkpoint to results/checkpoints/causal_eps100/best.pt
Saved PyTorch checkpoint to results/checkpoints/causal_eps100/best.pt
Saved PyTorch checkpoint to results/checkpoints/causal_eps100/best.pt
Saved PyTorch checkpoint to results/checkpoints/causal_eps100/best.pt
Saved PyTorch checkpoint to results/checkpoints/causal_eps100/best.pt
Saved PyTorch checkpoint to results/checkpoints/causal_eps100/best.pt
Saved PyTorch checkpoint to results/checkpoints/causal_eps100/best.pt
Saved PyTorch checkpoint to results/checkpoints/causal_eps100/best.pt
Saved PyTorch checkpoint to results/checkpoints/causal_eps100/best.pt
Saved PyTorch checkpoint to results/checkpoints/causal_eps100/best.pt
Saved PyTorch checkpoint to results/checkpoints/causal_eps100/best.pt
Saved PyTorch checkpoint to results/checkpoints/causal_eps100/best.pt
Saved PyTorch checkpoint to results/checkpoints/causal_eps100/best.pt
Saved PyTorch checkpoint to results/checkpoints/causal_eps100/best.pt
Saved PyTorch checkpoint to results/checkpoints/causal_eps100/best.pt
Saved PyTorch checkpoint to results/checkpoints/causal_eps100/best.pt
Saved PyTorch checkpoint to results/checkpoints/causal_eps100/best.pt
Saved PyTorch checkpoint to results/checkpoints/causal_eps100/best.pt
Saved PyTorch checkpoint to results/checkpoints/causal_eps100/best.pt
Saved PyTorch checkpoint to results/checkpoints/causal_eps100/best.pt
Saved PyTorch checkpoint to results/checkpoints/causal_eps100/best.pt
Saved PyTorch checkpoint to results/checkpoints/causal_eps100/best.pt
Saved PyTorch checkpoint to results/checkpoints/causal_eps100/best.pt
Saved PyTorch checkpoint to results/checkpoints/causal_eps100/best.pt
Saved PyTorch checkpoint to results/checkpoints/causal_eps100/best.pt
Saved PyTorch checkpoint to results/checkpoints/causal_eps100/best.pt
Saved PyTorch checkpoint to results/checkpoints/causal_eps100/best.pt
Saved PyTorch checkpoint to results/checkpoints/causal_eps100/best.pt
Saved PyTorch checkpoint to results/checkpoints/causal_eps100/best.pt
Saved PyTorch checkpoint to results/checkpoints/causal_eps100/best.pt
Saved PyTorch checkpoint to results/checkpoints/causal_eps100/best.pt
Saved PyTorch checkpoint to results/checkpoints/causal_eps100/best.pt
Saved PyTorch checkpoint to results/checkpoints/causal_eps100/best.pt
Saved PyTorch checkpoint to results/checkpoints/causal_eps100/best.pt
Saved PyTorch checkpoint to results/checkpoints/causal_eps100/best.pt
Saved PyTorch checkpoint to results/checkpoints/causal_eps100/best.pt
Saved PyTorch checkpoint to results/checkpoints/causal_eps100/best.pt
Saved PyTorch checkpoint to results/checkpoints/causal_eps100/best.pt
Saved PyTorch checkpoint to results/checkpoints/causal_eps100/best.pt
Saved PyTorch checkpoint to results/checkpoints/causal_eps100/best.pt
Saved PyTorch checkpoint to results/checkpoints/causal_eps100/best.pt
Saved PyTorch checkpoint to results/checkpoints/causal_eps100/best.pt
Saved PyTorch checkpoint to results/checkpoints/causal_eps100/best.pt
Saved PyTorch checkpoint to results/checkpoints/causal_eps100/best.pt
Saved PyTorch checkpoint to results/checkpoints/causal_eps100/best.pt
Saved PyTorch checkpoint to results/checkpoints/causal_eps100/best.pt
Saved PyTorch checkpoint to results/checkpoints/causal_eps100/best.pt
Saved PyTorch checkpoint to results/checkpoints/causal_eps100/best.pt
Saved PyTorch checkpoint to results/checkpoints/causal_eps100/best.pt
Adam 3200 | total=3.369e-02 f=1.149e-02 ic=6.120e-04 wall=3.331e-03 inlet=9.725e-04 outlet=7.331e-05 min_w=1.617e-36
Saved PyTorch checkpoint to results/checkpoints/causal_eps100/best.pt
Saved PyTorch checkpoint to results/checkpoints/causal_eps100/best.pt
Saved PyTorch checkpoint to results/checkpoints/causal_eps100/best.pt
Saved PyTorch checkpoint to results/checkpoints/causal_eps100/best.pt
Saved PyTorch checkpoint to results/checkpoints/causal_eps100/best.pt
Saved PyTorch checkpoint to results/checkpoints/causal_eps100/best.pt
Saved PyTorch checkpoint to results/checkpoints/causal_eps100/best.pt
Saved PyTorch checkpoint to results/checkpoints/causal_eps100/best.pt
Saved PyTorch checkpoint to results/checkpoints/causal_eps100/best.pt
Saved PyTorch checkpoint to results/checkpoints/causal_eps100/best.pt
Saved PyTorch checkpoint to results/checkpoints/causal_eps100/best.pt
Saved PyTorch checkpoint to results/checkpoints/causal_eps100/best.pt
Saved PyTorch checkpoint to results/checkpoints/causal_eps100/best.pt
Saved PyTorch checkpoint to results/checkpoints/causal_eps100/best.pt
Saved PyTorch checkpoint to results/checkpoints/causal_eps100/best.pt
Saved PyTorch checkpoint to results/checkpoints/causal_eps100/best.pt
Saved PyTorch checkpoint to results/checkpoints/causal_eps100/best.pt
Saved PyTorch checkpoint to results/checkpoints/causal_eps100/best.pt
Saved PyTorch checkpoint to results/checkpoints/causal_eps100/best.pt
Saved PyTorch checkpoint to results/checkpoints/causal_eps100/best.pt
Saved PyTorch checkpoint to results/checkpoints/causal_eps100/best.pt
Saved PyTorch checkpoint to results/checkpoints/causal_eps100/best.pt
Saved PyTorch checkpoint to results/checkpoints/causal_eps100/best.pt
Saved PyTorch checkpoint to results/checkpoints/causal_eps100/best.pt
Saved PyTorch checkpoint to results/checkpoints/causal_eps100/best.pt
Saved PyTorch checkpoint to results/checkpoints/causal_eps100/best.pt
Saved PyTorch checkpoint to results/checkpoints/causal_eps100/best.pt
Saved PyTorch checkpoint to results/checkpoints/causal_eps100/best.pt
Saved PyTorch checkpoint to results/checkpoints/causal_eps100/best.pt
Saved PyTorch checkpoint to results/checkpoints/causal_eps100/best.pt
Saved PyTorch checkpoint to results/checkpoints/causal_eps100/best.pt
Saved PyTorch checkpoint to results/checkpoints/causal_eps100/best.pt
Saved PyTorch checkpoint to results/checkpoints/causal_eps100/best.pt
Saved PyTorch checkpoint to results/checkpoints/causal_eps100/best.pt
Saved PyTorch checkpoint to results/checkpoints/causal_eps100/best.pt
Saved PyTorch checkpoint to results/checkpoints/causal_eps100/best.pt
Saved PyTorch checkpoint to results/checkpoints/causal_eps100/best.pt
Saved PyTorch checkpoint to results/checkpoints/causal_eps100/best.pt
Saved PyTorch checkpoint to results/checkpoints/causal_eps100/best.pt
Saved PyTorch checkpoint to results/checkpoints/causal_eps100/best.pt
Saved PyTorch checkpoint to results/checkpoints/causal_eps100/best.pt
Saved PyTorch checkpoint to results/checkpoints/causal_eps100/best.pt
Saved PyTorch checkpoint to results/checkpoints/causal_eps100/best.pt
Saved PyTorch checkpoint to results/checkpoints/causal_eps100/best.pt
Saved PyTorch checkpoint to results/checkpoints/causal_eps100/best.pt
Saved PyTorch checkpoint to results/checkpoints/causal_eps100/best.pt
Saved PyTorch checkpoint to results/checkpoints/causal_eps100/best.pt
Saved PyTorch checkpoint to results/checkpoints/causal_eps100/best.pt
Saved PyTorch checkpoint to results/checkpoints/causal_eps100/best.pt
Saved PyTorch checkpoint to results/checkpoints/causal_eps100/best.pt
Saved PyTorch checkpoint to results/checkpoints/causal_eps100/best.pt
Saved PyTorch checkpoint to results/checkpoints/causal_eps100/best.pt
Saved PyTorch checkpoint to results/checkpoints/causal_eps100/best.pt
Saved PyTorch checkpoint to results/checkpoints/causal_eps100/best.pt
Saved PyTorch checkpoint to results/checkpoints/causal_eps100/best.pt
Saved PyTorch checkpoint to results/checkpoints/causal_eps100/best.pt
Saved PyTorch checkpoint to results/checkpoints/causal_eps100/best.pt
Saved PyTorch checkpoint to results/checkpoints/causal_eps100/best.pt
Saved PyTorch checkpoint to results/checkpoints/causal_eps100/best.pt
Saved PyTorch checkpoint to results/checkpoints/causal_eps100/best.pt
Saved PyTorch checkpoint to results/checkpoints/causal_eps100/best.pt
Saved PyTorch checkpoint to results/checkpoints/causal_eps100/best.pt
Saved PyTorch checkpoint to results/checkpoints/causal_eps100/best.pt
Saved PyTorch checkpoint to results/checkpoints/causal_eps100/best.pt
Saved PyTorch checkpoint to results/checkpoints/causal_eps100/best.pt
Adam 3300 | total=3.308e-02 f=1.147e-02 ic=4.822e-04 wall=3.062e-03 inlet=1.151e-03 outlet=5.497e-05 min_w=2.619e-36
Saved PyTorch checkpoint to results/checkpoints/causal_eps100/best.pt
Saved PyTorch checkpoint to results/checkpoints/causal_eps100/best.pt
Saved PyTorch checkpoint to results/checkpoints/causal_eps100/best.pt
Saved PyTorch checkpoint to results/checkpoints/causal_eps100/best.pt
Saved PyTorch checkpoint to results/checkpoints/causal_eps100/best.pt
Saved PyTorch checkpoint to results/checkpoints/causal_eps100/best.pt
Saved PyTorch checkpoint to results/checkpoints/causal_eps100/best.pt
Saved PyTorch checkpoint to results/checkpoints/causal_eps100/best.pt
Saved PyTorch checkpoint to results/checkpoints/causal_eps100/best.pt
Saved PyTorch checkpoint to results/checkpoints/causal_eps100/best.pt
Saved PyTorch checkpoint to results/checkpoints/causal_eps100/best.pt
Saved PyTorch checkpoint to results/checkpoints/causal_eps100/best.pt
Saved PyTorch checkpoint to results/checkpoints/causal_eps100/best.pt
Saved PyTorch checkpoint to results/checkpoints/causal_eps100/best.pt
Saved PyTorch checkpoint to results/checkpoints/causal_eps100/best.pt
Saved PyTorch checkpoint to results/checkpoints/causal_eps100/best.pt
Saved PyTorch checkpoint to results/checkpoints/causal_eps100/best.pt
Saved PyTorch checkpoint to results/checkpoints/causal_eps100/best.pt
Saved PyTorch checkpoint to results/checkpoints/causal_eps100/best.pt
Saved PyTorch checkpoint to results/checkpoints/causal_eps100/best.pt
Saved PyTorch checkpoint to results/checkpoints/causal_eps100/best.pt
Saved PyTorch checkpoint to results/checkpoints/causal_eps100/best.pt
Saved PyTorch checkpoint to results/checkpoints/causal_eps100/best.pt
Saved PyTorch checkpoint to results/checkpoints/causal_eps100/best.pt
Saved PyTorch checkpoint to results/checkpoints/causal_eps100/best.pt
Saved PyTorch checkpoint to results/checkpoints/causal_eps100/best.pt
Saved PyTorch checkpoint to results/checkpoints/causal_eps100/best.pt
Saved PyTorch checkpoint to results/checkpoints/causal_eps100/best.pt
Saved PyTorch checkpoint to results/checkpoints/causal_eps100/best.pt
Saved PyTorch checkpoint to results/checkpoints/causal_eps100/best.pt
Saved PyTorch checkpoint to results/checkpoints/causal_eps100/best.pt
Saved PyTorch checkpoint to results/checkpoints/causal_eps100/best.pt
Saved PyTorch checkpoint to results/checkpoints/causal_eps100/best.pt
Saved PyTorch checkpoint to results/checkpoints/causal_eps100/best.pt
Saved PyTorch checkpoint to results/checkpoints/causal_eps100/best.pt
Saved PyTorch checkpoint to results/checkpoints/causal_eps100/best.pt
Saved PyTorch checkpoint to results/checkpoints/causal_eps100/best.pt
Saved PyTorch checkpoint to results/checkpoints/causal_eps100/best.pt
Saved PyTorch checkpoint to results/checkpoints/causal_eps100/best.pt
Saved PyTorch checkpoint to results/checkpoints/causal_eps100/best.pt
Saved PyTorch checkpoint to results/checkpoints/causal_eps100/best.pt
Saved PyTorch checkpoint to results/checkpoints/causal_eps100/best.pt
Saved PyTorch checkpoint to results/checkpoints/causal_eps100/best.pt
Saved PyTorch checkpoint to results/checkpoints/causal_eps100/best.pt
Saved PyTorch checkpoint to results/checkpoints/causal_eps100/best.pt
Saved PyTorch checkpoint to results/checkpoints/causal_eps100/best.pt
Saved PyTorch checkpoint to results/checkpoints/causal_eps100/best.pt
Saved PyTorch checkpoint to results/checkpoints/causal_eps100/best.pt
Saved PyTorch checkpoint to results/checkpoints/causal_eps100/best.pt
Saved PyTorch checkpoint to results/checkpoints/causal_eps100/best.pt
Saved PyTorch checkpoint to results/checkpoints/causal_eps100/best.pt
Saved PyTorch checkpoint to results/checkpoints/causal_eps100/best.pt
Saved PyTorch checkpoint to results/checkpoints/causal_eps100/best.pt
Adam 3400 | total=3.004e-02 f=1.146e-02 ic=5.951e-04 wall=2.724e-03 inlet=8.582e-04 outlet=6.985e-05 min_w=1.372e-36
Saved PyTorch checkpoint to results/checkpoints/causal_eps100/best.pt
Saved PyTorch checkpoint to results/checkpoints/causal_eps100/best.pt
Saved PyTorch checkpoint to results/checkpoints/causal_eps100/best.pt
Saved PyTorch checkpoint to results/checkpoints/causal_eps100/best.pt
Saved PyTorch checkpoint to results/checkpoints/causal_eps100/best.pt
Saved PyTorch checkpoint to results/checkpoints/causal_eps100/best.pt
Saved PyTorch checkpoint to results/checkpoints/causal_eps100/best.pt
Saved PyTorch checkpoint to results/checkpoints/causal_eps100/best.pt
Saved PyTorch checkpoint to results/checkpoints/causal_eps100/best.pt
Saved PyTorch checkpoint to results/checkpoints/causal_eps100/best.pt
Saved PyTorch checkpoint to results/checkpoints/causal_eps100/best.pt
Saved PyTorch checkpoint to results/checkpoints/causal_eps100/best.pt
Saved PyTorch checkpoint to results/checkpoints/causal_eps100/best.pt
Saved PyTorch checkpoint to results/checkpoints/causal_eps100/best.pt
Saved PyTorch checkpoint to results/checkpoints/causal_eps100/best.pt
Saved PyTorch checkpoint to results/checkpoints/causal_eps100/best.pt
Saved PyTorch checkpoint to results/checkpoints/causal_eps100/best.pt
Saved PyTorch checkpoint to results/checkpoints/causal_eps100/best.pt
Saved PyTorch checkpoint to results/checkpoints/causal_eps100/best.pt
Saved PyTorch checkpoint to results/checkpoints/causal_eps100/best.pt
Saved PyTorch checkpoint to results/checkpoints/causal_eps100/best.pt
Saved PyTorch checkpoint to results/checkpoints/causal_eps100/best.pt
Saved PyTorch checkpoint to results/checkpoints/causal_eps100/best.pt
Saved PyTorch checkpoint to results/checkpoints/causal_eps100/best.pt
Saved PyTorch checkpoint to results/checkpoints/causal_eps100/best.pt
Saved PyTorch checkpoint to results/checkpoints/causal_eps100/best.pt
Saved PyTorch checkpoint to results/checkpoints/causal_eps100/best.pt
Saved PyTorch checkpoint to results/checkpoints/causal_eps100/best.pt
Saved PyTorch checkpoint to results/checkpoints/causal_eps100/best.pt
Saved PyTorch checkpoint to results/checkpoints/causal_eps100/best.pt
Saved PyTorch checkpoint to results/checkpoints/causal_eps100/best.pt
Saved PyTorch checkpoint to results/checkpoints/causal_eps100/best.pt
Saved PyTorch checkpoint to results/checkpoints/causal_eps100/best.pt
Saved PyTorch checkpoint to results/checkpoints/causal_eps100/best.pt
Saved PyTorch checkpoint to results/checkpoints/causal_eps100/best.pt
Saved PyTorch checkpoint to results/checkpoints/causal_eps100/best.pt
Saved PyTorch checkpoint to results/checkpoints/causal_eps100/best.pt
Saved PyTorch checkpoint to results/checkpoints/causal_eps100/best.pt
Saved PyTorch checkpoint to results/checkpoints/causal_eps100/best.pt
Saved PyTorch checkpoint to results/checkpoints/causal_eps100/best.pt
Saved PyTorch checkpoint to results/checkpoints/causal_eps100/best.pt
Saved PyTorch checkpoint to results/checkpoints/causal_eps100/best.pt
Saved PyTorch checkpoint to results/checkpoints/causal_eps100/best.pt
Saved PyTorch checkpoint to results/checkpoints/causal_eps100/best.pt
Saved PyTorch checkpoint to results/checkpoints/causal_eps100/best.pt
Saved PyTorch checkpoint to results/checkpoints/causal_eps100/best.pt
Saved PyTorch checkpoint to results/checkpoints/causal_eps100/best.pt
Saved PyTorch checkpoint to results/checkpoints/causal_eps100/best.pt
Saved PyTorch checkpoint to results/checkpoints/causal_eps100/best.pt
Saved PyTorch checkpoint to results/checkpoints/causal_eps100/best.pt
Saved PyTorch checkpoint to results/checkpoints/causal_eps100/best.pt
Saved PyTorch checkpoint to results/checkpoints/causal_eps100/best.pt
Saved PyTorch checkpoint to results/checkpoints/causal_eps100/best.pt
Saved PyTorch checkpoint to results/checkpoints/causal_eps100/best.pt
Saved PyTorch checkpoint to results/checkpoints/causal_eps100/best.pt
Saved PyTorch checkpoint to results/checkpoints/causal_eps100/best.pt
Saved PyTorch checkpoint to results/checkpoints/causal_eps100/best.pt
Saved PyTorch checkpoint to results/checkpoints/causal_eps100/best.pt
Saved PyTorch checkpoint to results/checkpoints/causal_eps100/best.pt
Saved PyTorch checkpoint to results/checkpoints/causal_eps100/best.pt
Saved PyTorch checkpoint to results/checkpoints/causal_eps100/best.pt
Saved PyTorch checkpoint to results/checkpoints/causal_eps100/best.pt
Saved PyTorch checkpoint to results/checkpoints/causal_eps100/best.pt
Saved PyTorch checkpoint to results/checkpoints/causal_eps100/best.pt
Saved PyTorch checkpoint to results/checkpoints/causal_eps100/best.pt
Saved PyTorch checkpoint to results/checkpoints/causal_eps100/best.pt
Saved PyTorch checkpoint to results/checkpoints/causal_eps100/best.pt
Saved PyTorch checkpoint to results/checkpoints/causal_eps100/best.pt
Saved PyTorch checkpoint to results/checkpoints/causal_eps100/best.pt
Saved PyTorch checkpoint to results/checkpoints/causal_eps100/best.pt
Saved PyTorch checkpoint to results/checkpoints/causal_eps100/best.pt
Saved PyTorch checkpoint to results/checkpoints/causal_eps100/best.pt
Saved PyTorch checkpoint to results/checkpoints/causal_eps100/best.pt
Saved PyTorch checkpoint to results/checkpoints/causal_eps100/best.pt
Saved PyTorch checkpoint to results/checkpoints/causal_eps100/best.pt
Saved PyTorch checkpoint to results/checkpoints/causal_eps100/best.pt
Saved PyTorch checkpoint to results/checkpoints/causal_eps100/best.pt
Saved PyTorch checkpoint to results/checkpoints/causal_eps100/best.pt
Saved PyTorch checkpoint to results/checkpoints/causal_eps100/best.pt
Saved PyTorch checkpoint to results/checkpoints/causal_eps100/best.pt
Saved PyTorch checkpoint to results/checkpoints/causal_eps100/best.pt
Saved PyTorch checkpoint to results/checkpoints/causal_eps100/best.pt
Saved PyTorch checkpoint to results/checkpoints/causal_eps100/best.pt
Saved PyTorch checkpoint to results/checkpoints/causal_eps100/best.pt
Saved PyTorch checkpoint to results/checkpoints/causal_eps100/best.pt
Saved PyTorch checkpoint to results/checkpoints/causal_eps100/best.pt
Saved PyTorch checkpoint to results/checkpoints/causal_eps100/best.pt
Saved PyTorch checkpoint to results/checkpoints/causal_eps100/best.pt
Saved PyTorch checkpoint to results/checkpoints/causal_eps100/best.pt
Saved PyTorch checkpoint to results/checkpoints/causal_eps100/best.pt
Saved PyTorch checkpoint to results/checkpoints/causal_eps100/best.pt
Saved PyTorch checkpoint to results/checkpoints/causal_eps100/best.pt
Saved PyTorch checkpoint to results/checkpoints/causal_eps100/best.pt
Saved PyTorch checkpoint to results/checkpoints/causal_eps100/best.pt
Saved PyTorch checkpoint to results/checkpoints/causal_eps100/best.pt
Saved PyTorch checkpoint to results/checkpoints/causal_eps100/best.pt
Saved PyTorch checkpoint to results/checkpoints/causal_eps100/best.pt
Saved PyTorch checkpoint to results/checkpoints/causal_eps100/best.pt
Saved PyTorch checkpoint to results/checkpoints/causal_eps100/best.pt
Saved PyTorch checkpoint to results/checkpoints/causal_eps100/best.pt
Adam 3500 | total=2.808e-02 f=1.143e-02 ic=6.088e-04 wall=2.405e-03 inlet=7.900e-04 outlet=6.789e-05 min_w=5.525e-36
Saved PyTorch checkpoint to results/checkpoints/causal_eps100/best.pt
Saved PyTorch checkpoint to results/checkpoints/causal_eps100/best.pt
Saved PyTorch checkpoint to results/checkpoints/causal_eps100/best.pt
Saved PyTorch checkpoint to results/checkpoints/causal_eps100/best.pt
Saved PyTorch checkpoint to results/checkpoints/causal_eps100/best.pt
Saved PyTorch checkpoint to results/checkpoints/causal_eps100/best.pt
Saved PyTorch checkpoint to results/checkpoints/causal_eps100/best.pt
Saved PyTorch checkpoint to results/checkpoints/causal_eps100/best.pt
Saved PyTorch checkpoint to results/checkpoints/causal_eps100/best.pt
Saved PyTorch checkpoint to results/checkpoints/causal_eps100/best.pt
Saved PyTorch checkpoint to results/checkpoints/causal_eps100/best.pt
Saved PyTorch checkpoint to results/checkpoints/causal_eps100/best.pt
Saved PyTorch checkpoint to results/checkpoints/causal_eps100/best.pt
Saved PyTorch checkpoint to results/checkpoints/causal_eps100/best.pt
Saved PyTorch checkpoint to results/checkpoints/causal_eps100/best.pt
Saved PyTorch checkpoint to results/checkpoints/causal_eps100/best.pt
Saved PyTorch checkpoint to results/checkpoints/causal_eps100/best.pt
Saved PyTorch checkpoint to results/checkpoints/causal_eps100/best.pt
Saved PyTorch checkpoint to results/checkpoints/causal_eps100/best.pt
Saved PyTorch checkpoint to results/checkpoints/causal_eps100/best.pt
Saved PyTorch checkpoint to results/checkpoints/causal_eps100/best.pt
Saved PyTorch checkpoint to results/checkpoints/causal_eps100/best.pt
Saved PyTorch checkpoint to results/checkpoints/causal_eps100/best.pt
Saved PyTorch checkpoint to results/checkpoints/causal_eps100/best.pt
Saved PyTorch checkpoint to results/checkpoints/causal_eps100/best.pt
Saved PyTorch checkpoint to results/checkpoints/causal_eps100/best.pt
Saved PyTorch checkpoint to results/checkpoints/causal_eps100/best.pt
Saved PyTorch checkpoint to results/checkpoints/causal_eps100/best.pt
Saved PyTorch checkpoint to results/checkpoints/causal_eps100/best.pt
Saved PyTorch checkpoint to results/checkpoints/causal_eps100/best.pt
Adam 3600 | total=2.725e-02 f=1.143e-02 ic=5.778e-04 wall=2.272e-03 inlet=7.646e-04 outlet=6.784e-05 min_w=1.567e-35
Saved PyTorch checkpoint to results/checkpoints/causal_eps100/best.pt
Saved PyTorch checkpoint to results/checkpoints/causal_eps100/best.pt
Saved PyTorch checkpoint to results/checkpoints/causal_eps100/best.pt
Saved PyTorch checkpoint to results/checkpoints/causal_eps100/best.pt
Saved PyTorch checkpoint to results/checkpoints/causal_eps100/best.pt
Saved PyTorch checkpoint to results/checkpoints/causal_eps100/best.pt
Saved PyTorch checkpoint to results/checkpoints/causal_eps100/best.pt
Saved PyTorch checkpoint to results/checkpoints/causal_eps100/best.pt
Saved PyTorch checkpoint to results/checkpoints/causal_eps100/best.pt
Saved PyTorch checkpoint to results/checkpoints/causal_eps100/best.pt
Saved PyTorch checkpoint to results/checkpoints/causal_eps100/best.pt
Saved PyTorch checkpoint to results/checkpoints/causal_eps100/best.pt
Saved PyTorch checkpoint to results/checkpoints/causal_eps100/best.pt
Saved PyTorch checkpoint to results/checkpoints/causal_eps100/best.pt
Saved PyTorch checkpoint to results/checkpoints/causal_eps100/best.pt
Saved PyTorch checkpoint to results/checkpoints/causal_eps100/best.pt
Saved PyTorch checkpoint to results/checkpoints/causal_eps100/best.pt
Saved PyTorch checkpoint to results/checkpoints/causal_eps100/best.pt
Saved PyTorch checkpoint to results/checkpoints/causal_eps100/best.pt
Saved PyTorch checkpoint to results/checkpoints/causal_eps100/best.pt
Saved PyTorch checkpoint to results/checkpoints/causal_eps100/best.pt
Saved PyTorch checkpoint to results/checkpoints/causal_eps100/best.pt
Saved PyTorch checkpoint to results/checkpoints/causal_eps100/best.pt
Saved PyTorch checkpoint to results/checkpoints/causal_eps100/best.pt
Saved PyTorch checkpoint to results/checkpoints/causal_eps100/best.pt
Saved PyTorch checkpoint to results/checkpoints/causal_eps100/best.pt
Saved PyTorch checkpoint to results/checkpoints/causal_eps100/best.pt
Saved PyTorch checkpoint to results/checkpoints/causal_eps100/best.pt
Saved PyTorch checkpoint to results/checkpoints/causal_eps100/best.pt
Saved PyTorch checkpoint to results/checkpoints/causal_eps100/best.pt
Saved PyTorch checkpoint to results/checkpoints/causal_eps100/best.pt
Saved PyTorch checkpoint to results/checkpoints/causal_eps100/best.pt
Saved PyTorch checkpoint to results/checkpoints/causal_eps100/best.pt
Saved PyTorch checkpoint to results/checkpoints/causal_eps100/best.pt
Saved PyTorch checkpoint to results/checkpoints/causal_eps100/best.pt
Saved PyTorch checkpoint to results/checkpoints/causal_eps100/best.pt
Saved PyTorch checkpoint to results/checkpoints/causal_eps100/best.pt
Saved PyTorch checkpoint to results/checkpoints/causal_eps100/best.pt
Saved PyTorch checkpoint to results/checkpoints/causal_eps100/best.pt
Saved PyTorch checkpoint to results/checkpoints/causal_eps100/best.pt
Saved PyTorch checkpoint to results/checkpoints/causal_eps100/best.pt
Saved PyTorch checkpoint to results/checkpoints/causal_eps100/best.pt
Saved PyTorch checkpoint to results/checkpoints/causal_eps100/best.pt
Saved PyTorch checkpoint to results/checkpoints/causal_eps100/best.pt
Saved PyTorch checkpoint to results/checkpoints/causal_eps100/best.pt
Saved PyTorch checkpoint to results/checkpoints/causal_eps100/best.pt
Saved PyTorch checkpoint to results/checkpoints/causal_eps100/best.pt
Saved PyTorch checkpoint to results/checkpoints/causal_eps100/best.pt
Saved PyTorch checkpoint to results/checkpoints/causal_eps100/best.pt
Saved PyTorch checkpoint to results/checkpoints/causal_eps100/best.pt
Saved PyTorch checkpoint to results/checkpoints/causal_eps100/best.pt
Saved PyTorch checkpoint to results/checkpoints/causal_eps100/best.pt
Saved PyTorch checkpoint to results/checkpoints/causal_eps100/best.pt
Saved PyTorch checkpoint to results/checkpoints/causal_eps100/best.pt
Saved PyTorch checkpoint to results/checkpoints/causal_eps100/best.pt
Saved PyTorch checkpoint to results/checkpoints/causal_eps100/best.pt
Saved PyTorch checkpoint to results/checkpoints/causal_eps100/best.pt
Saved PyTorch checkpoint to results/checkpoints/causal_eps100/best.pt
Saved PyTorch checkpoint to results/checkpoints/causal_eps100/best.pt
Saved PyTorch checkpoint to results/checkpoints/causal_eps100/best.pt
Saved PyTorch checkpoint to results/checkpoints/causal_eps100/best.pt
Saved PyTorch checkpoint to results/checkpoints/causal_eps100/best.pt
Saved PyTorch checkpoint to results/checkpoints/causal_eps100/best.pt
Saved PyTorch checkpoint to results/checkpoints/causal_eps100/best.pt
Saved PyTorch checkpoint to results/checkpoints/causal_eps100/best.pt
Saved PyTorch checkpoint to results/checkpoints/causal_eps100/best.pt
Saved PyTorch checkpoint to results/checkpoints/causal_eps100/best.pt
Saved PyTorch checkpoint to results/checkpoints/causal_eps100/best.pt
Saved PyTorch checkpoint to results/checkpoints/causal_eps100/best.pt
Saved PyTorch checkpoint to results/checkpoints/causal_eps100/best.pt
Saved PyTorch checkpoint to results/checkpoints/causal_eps100/best.pt
Saved PyTorch checkpoint to results/checkpoints/causal_eps100/best.pt
Saved PyTorch checkpoint to results/checkpoints/causal_eps100/best.pt
Adam 3700 | total=3.899e-02 f=1.134e-02 ic=8.784e-04 wall=2.341e-03 inlet=3.003e-03 outlet=5.786e-05 min_w=4.192e-32
Saved PyTorch checkpoint to results/checkpoints/causal_eps100/best.pt
Saved PyTorch checkpoint to results/checkpoints/causal_eps100/best.pt
Saved PyTorch checkpoint to results/checkpoints/causal_eps100/best.pt
Saved PyTorch checkpoint to results/checkpoints/causal_eps100/best.pt
Saved PyTorch checkpoint to results/checkpoints/causal_eps100/best.pt
Saved PyTorch checkpoint to results/checkpoints/causal_eps100/best.pt
Saved PyTorch checkpoint to results/checkpoints/causal_eps100/best.pt
Saved PyTorch checkpoint to results/checkpoints/causal_eps100/best.pt
Saved PyTorch checkpoint to results/checkpoints/causal_eps100/best.pt
Saved PyTorch checkpoint to results/checkpoints/causal_eps100/best.pt
Saved PyTorch checkpoint to results/checkpoints/causal_eps100/best.pt
Saved PyTorch checkpoint to results/checkpoints/causal_eps100/best.pt
Saved PyTorch checkpoint to results/checkpoints/causal_eps100/best.pt
Saved PyTorch checkpoint to results/checkpoints/causal_eps100/best.pt
Saved PyTorch checkpoint to results/checkpoints/causal_eps100/best.pt
Saved PyTorch checkpoint to results/checkpoints/causal_eps100/best.pt
Saved PyTorch checkpoint to results/checkpoints/causal_eps100/best.pt
Saved PyTorch checkpoint to results/checkpoints/causal_eps100/best.pt
Saved PyTorch checkpoint to results/checkpoints/causal_eps100/best.pt
Saved PyTorch checkpoint to results/checkpoints/causal_eps100/best.pt
Saved PyTorch checkpoint to results/checkpoints/causal_eps100/best.pt
Saved PyTorch checkpoint to results/checkpoints/causal_eps100/best.pt
Saved PyTorch checkpoint to results/checkpoints/causal_eps100/best.pt
Saved PyTorch checkpoint to results/checkpoints/causal_eps100/best.pt
Saved PyTorch checkpoint to results/checkpoints/causal_eps100/best.pt
Saved PyTorch checkpoint to results/checkpoints/causal_eps100/best.pt
Saved PyTorch checkpoint to results/checkpoints/causal_eps100/best.pt
Adam 3800 | total=2.555e-02 f=1.142e-02 ic=5.891e-04 wall=2.002e-03 inlet=6.923e-04 outlet=6.190e-05 min_w=1.614e-32
Saved PyTorch checkpoint to results/checkpoints/causal_eps100/best.pt
Saved PyTorch checkpoint to results/checkpoints/causal_eps100/best.pt
Saved PyTorch checkpoint to results/checkpoints/causal_eps100/best.pt
Saved PyTorch checkpoint to results/checkpoints/causal_eps100/best.pt
Saved PyTorch checkpoint to results/checkpoints/causal_eps100/best.pt
Saved PyTorch checkpoint to results/checkpoints/causal_eps100/best.pt
Saved PyTorch checkpoint to results/checkpoints/causal_eps100/best.pt
Saved PyTorch checkpoint to results/checkpoints/causal_eps100/best.pt
Saved PyTorch checkpoint to results/checkpoints/causal_eps100/best.pt
Saved PyTorch checkpoint to results/checkpoints/causal_eps100/best.pt
Saved PyTorch checkpoint to results/checkpoints/causal_eps100/best.pt
Saved PyTorch checkpoint to results/checkpoints/causal_eps100/best.pt
Saved PyTorch checkpoint to results/checkpoints/causal_eps100/best.pt
Saved PyTorch checkpoint to results/checkpoints/causal_eps100/best.pt
Saved PyTorch checkpoint to results/checkpoints/causal_eps100/best.pt
Saved PyTorch checkpoint to results/checkpoints/causal_eps100/best.pt
Saved PyTorch checkpoint to results/checkpoints/causal_eps100/best.pt
Saved PyTorch checkpoint to results/checkpoints/causal_eps100/best.pt
Saved PyTorch checkpoint to results/checkpoints/causal_eps100/best.pt
Saved PyTorch checkpoint to results/checkpoints/causal_eps100/best.pt
Saved PyTorch checkpoint to results/checkpoints/causal_eps100/best.pt
Saved PyTorch checkpoint to results/checkpoints/causal_eps100/best.pt
Saved PyTorch checkpoint to results/checkpoints/causal_eps100/best.pt
Saved PyTorch checkpoint to results/checkpoints/causal_eps100/best.pt
Saved PyTorch checkpoint to results/checkpoints/causal_eps100/best.pt
Saved PyTorch checkpoint to results/checkpoints/causal_eps100/best.pt
Saved PyTorch checkpoint to results/checkpoints/causal_eps100/best.pt
Saved PyTorch checkpoint to results/checkpoints/causal_eps100/best.pt
Saved PyTorch checkpoint to results/checkpoints/causal_eps100/best.pt
Saved PyTorch checkpoint to results/checkpoints/causal_eps100/best.pt
Saved PyTorch checkpoint to results/checkpoints/causal_eps100/best.pt
Saved PyTorch checkpoint to results/checkpoints/causal_eps100/best.pt
Saved PyTorch checkpoint to results/checkpoints/causal_eps100/best.pt
Saved PyTorch checkpoint to results/checkpoints/causal_eps100/best.pt
Saved PyTorch checkpoint to results/checkpoints/causal_eps100/best.pt
Saved PyTorch checkpoint to results/checkpoints/causal_eps100/best.pt
Saved PyTorch checkpoint to results/checkpoints/causal_eps100/best.pt
Saved PyTorch checkpoint to results/checkpoints/causal_eps100/best.pt
Saved PyTorch checkpoint to results/checkpoints/causal_eps100/best.pt
Saved PyTorch checkpoint to results/checkpoints/causal_eps100/best.pt
Saved PyTorch checkpoint to results/checkpoints/causal_eps100/best.pt
Saved PyTorch checkpoint to results/checkpoints/causal_eps100/best.pt
Saved PyTorch checkpoint to results/checkpoints/causal_eps100/best.pt
Saved PyTorch checkpoint to results/checkpoints/causal_eps100/best.pt
Saved PyTorch checkpoint to results/checkpoints/causal_eps100/best.pt
Adam 3900 | total=2.572e-02 f=1.144e-02 ic=6.118e-04 wall=2.175e-03 inlet=5.472e-04 outlet=5.520e-05 min_w=1.728e-31
Saved PyTorch checkpoint to results/checkpoints/causal_eps100/best.pt
Saved PyTorch checkpoint to results/checkpoints/causal_eps100/best.pt
Saved PyTorch checkpoint to results/checkpoints/causal_eps100/best.pt
Saved PyTorch checkpoint to results/checkpoints/causal_eps100/best.pt
Saved PyTorch checkpoint to results/checkpoints/causal_eps100/best.pt
Saved PyTorch checkpoint to results/checkpoints/causal_eps100/best.pt
Saved PyTorch checkpoint to results/checkpoints/causal_eps100/best.pt
Saved PyTorch checkpoint to results/checkpoints/causal_eps100/best.pt
Saved PyTorch checkpoint to results/checkpoints/causal_eps100/best.pt
Saved PyTorch checkpoint to results/checkpoints/causal_eps100/best.pt
Saved PyTorch checkpoint to results/checkpoints/causal_eps100/best.pt
Saved PyTorch checkpoint to results/checkpoints/causal_eps100/best.pt
Saved PyTorch checkpoint to results/checkpoints/causal_eps100/best.pt
Saved PyTorch checkpoint to results/checkpoints/causal_eps100/best.pt
Saved PyTorch checkpoint to results/checkpoints/causal_eps100/best.pt
Saved PyTorch checkpoint to results/checkpoints/causal_eps100/best.pt
Saved PyTorch checkpoint to results/checkpoints/causal_eps100/best.pt
Saved PyTorch checkpoint to results/checkpoints/causal_eps100/best.pt
Saved PyTorch checkpoint to results/checkpoints/causal_eps100/best.pt
Saved PyTorch checkpoint to results/checkpoints/causal_eps100/best.pt
Saved PyTorch checkpoint to results/checkpoints/causal_eps100/best.pt
Saved PyTorch checkpoint to results/checkpoints/causal_eps100/best.pt
Saved PyTorch checkpoint to results/checkpoints/causal_eps100/best.pt
Saved PyTorch checkpoint to results/checkpoints/causal_eps100/best.pt
Saved PyTorch checkpoint to results/checkpoints/causal_eps100/best.pt
Saved PyTorch checkpoint to results/checkpoints/causal_eps100/best.pt
Saved PyTorch checkpoint to results/checkpoints/causal_eps100/best.pt
Saved PyTorch checkpoint to results/checkpoints/causal_eps100/best.pt
Saved PyTorch checkpoint to results/checkpoints/causal_eps100/best.pt
Saved PyTorch checkpoint to results/checkpoints/causal_eps100/best.pt
Saved PyTorch checkpoint to results/checkpoints/causal_eps100/best.pt
Saved PyTorch checkpoint to results/checkpoints/causal_eps100/best.pt
Saved PyTorch checkpoint to results/checkpoints/causal_eps100/best.pt
Saved PyTorch checkpoint to results/checkpoints/causal_eps100/best.pt
Saved PyTorch checkpoint to results/checkpoints/causal_eps100/best.pt
Saved PyTorch checkpoint to results/checkpoints/causal_eps100/best.pt
Saved PyTorch checkpoint to results/checkpoints/causal_eps100/best.pt
Saved PyTorch checkpoint to results/checkpoints/causal_eps100/best.pt
Saved PyTorch checkpoint to results/checkpoints/causal_eps100/best.pt
Saved PyTorch checkpoint to results/checkpoints/causal_eps100/best.pt
Adam 4000 | total=3.849e-02 f=1.132e-02 ic=1.164e-03 wall=3.469e-03 inlet=1.722e-03 outlet=4.844e-05 min_w=7.455e-32
Saved PyTorch checkpoint to results/checkpoints/causal_eps100/best.pt
Saved PyTorch checkpoint to results/checkpoints/causal_eps100/best.pt
Saved PyTorch checkpoint to results/checkpoints/causal_eps100/best.pt
Saved PyTorch checkpoint to results/checkpoints/causal_eps100/best.pt
Saved PyTorch checkpoint to results/checkpoints/causal_eps100/best.pt
Saved PyTorch checkpoint to results/checkpoints/causal_eps100/best.pt
Adam 4100 | total=2.455e-02 f=1.140e-02 ic=5.809e-04 wall=1.623e-03 inlet=8.802e-04 outlet=5.617e-05 min_w=1.898e-27
Saved PyTorch checkpoint to results/checkpoints/causal_eps100/best.pt
Saved PyTorch checkpoint to results/checkpoints/causal_eps100/best.pt
Saved PyTorch checkpoint to results/checkpoints/causal_eps100/best.pt
Saved PyTorch checkpoint to results/checkpoints/causal_eps100/best.pt
Saved PyTorch checkpoint to results/checkpoints/causal_eps100/best.pt
Saved PyTorch checkpoint to results/checkpoints/causal_eps100/best.pt
Saved PyTorch checkpoint to results/checkpoints/causal_eps100/best.pt
Saved PyTorch checkpoint to results/checkpoints/causal_eps100/best.pt
Saved PyTorch checkpoint to results/checkpoints/causal_eps100/best.pt
Saved PyTorch checkpoint to results/checkpoints/causal_eps100/best.pt
Saved PyTorch checkpoint to results/checkpoints/causal_eps100/best.pt
Saved PyTorch checkpoint to results/checkpoints/causal_eps100/best.pt
Saved PyTorch checkpoint to results/checkpoints/causal_eps100/best.pt
Adam 4200 | total=2.377e-02 f=1.140e-02 ic=5.921e-04 wall=1.601e-03 inlet=7.421e-04 outlet=5.492e-05 min_w=2.984e-26
Saved PyTorch checkpoint to results/checkpoints/causal_eps100/best.pt
Saved PyTorch checkpoint to results/checkpoints/causal_eps100/best.pt
Saved PyTorch checkpoint to results/checkpoints/causal_eps100/best.pt
Saved PyTorch checkpoint to results/checkpoints/causal_eps100/best.pt
Saved PyTorch checkpoint to results/checkpoints/causal_eps100/best.pt
Saved PyTorch checkpoint to results/checkpoints/causal_eps100/best.pt
Saved PyTorch checkpoint to results/checkpoints/causal_eps100/best.pt
Saved PyTorch checkpoint to results/checkpoints/causal_eps100/best.pt
Saved PyTorch checkpoint to results/checkpoints/causal_eps100/best.pt
Saved PyTorch checkpoint to results/checkpoints/causal_eps100/best.pt
Saved PyTorch checkpoint to results/checkpoints/causal_eps100/best.pt
Saved PyTorch checkpoint to results/checkpoints/causal_eps100/best.pt
Saved PyTorch checkpoint to results/checkpoints/causal_eps100/best.pt
Saved PyTorch checkpoint to results/checkpoints/causal_eps100/best.pt
Saved PyTorch checkpoint to results/checkpoints/causal_eps100/best.pt
Adam 4300 | total=2.330e-02 f=1.140e-02 ic=6.279e-04 wall=1.683e-03 inlet=5.598e-04 outlet=5.235e-05 min_w=4.935e-25
Saved PyTorch checkpoint to results/checkpoints/causal_eps100/best.pt
Saved PyTorch checkpoint to results/checkpoints/causal_eps100/best.pt
Saved PyTorch checkpoint to results/checkpoints/causal_eps100/best.pt
Saved PyTorch checkpoint to results/checkpoints/causal_eps100/best.pt
Saved PyTorch checkpoint to results/checkpoints/causal_eps100/best.pt
Saved PyTorch checkpoint to results/checkpoints/causal_eps100/best.pt
Saved PyTorch checkpoint to results/checkpoints/causal_eps100/best.pt
Saved PyTorch checkpoint to results/checkpoints/causal_eps100/best.pt
Saved PyTorch checkpoint to results/checkpoints/causal_eps100/best.pt
Saved PyTorch checkpoint to results/checkpoints/causal_eps100/best.pt
Saved PyTorch checkpoint to results/checkpoints/causal_eps100/best.pt
Saved PyTorch checkpoint to results/checkpoints/causal_eps100/best.pt
Saved PyTorch checkpoint to results/checkpoints/causal_eps100/best.pt
Saved PyTorch checkpoint to results/checkpoints/causal_eps100/best.pt
Saved PyTorch checkpoint to results/checkpoints/causal_eps100/best.pt
Saved PyTorch checkpoint to results/checkpoints/causal_eps100/best.pt
Adam 4400 | total=2.316e-02 f=1.138e-02 ic=6.178e-04 wall=1.639e-03 inlet=5.823e-04 outlet=5.466e-05 min_w=1.216e-23
Saved PyTorch checkpoint to results/checkpoints/causal_eps100/best.pt
Saved PyTorch checkpoint to results/checkpoints/causal_eps100/best.pt
Saved PyTorch checkpoint to results/checkpoints/causal_eps100/best.pt
Saved PyTorch checkpoint to results/checkpoints/causal_eps100/best.pt
Saved PyTorch checkpoint to results/checkpoints/causal_eps100/best.pt
Saved PyTorch checkpoint to results/checkpoints/causal_eps100/best.pt
Saved PyTorch checkpoint to results/checkpoints/causal_eps100/best.pt
Saved PyTorch checkpoint to results/checkpoints/causal_eps100/best.pt
Saved PyTorch checkpoint to results/checkpoints/causal_eps100/best.pt
Adam 4500 | total=2.427e-02 f=1.136e-02 ic=7.563e-04 wall=1.828e-03 inlet=5.921e-04 outlet=4.369e-05 min_w=2.086e-22
Saved PyTorch checkpoint to results/checkpoints/causal_eps100/best.pt
Saved PyTorch checkpoint to results/checkpoints/causal_eps100/best.pt
Adam 4600 | total=2.337e-02 f=1.134e-02 ic=6.675e-04 wall=1.441e-03 inlet=8.226e-04 outlet=3.753e-05 min_w=1.238e-20
Saved PyTorch checkpoint to results/checkpoints/causal_eps100/best.pt
Saved PyTorch checkpoint to results/checkpoints/causal_eps100/best.pt
Saved PyTorch checkpoint to results/checkpoints/causal_eps100/best.pt
Saved PyTorch checkpoint to results/checkpoints/causal_eps100/best.pt
Adam 4700 | total=2.529e-02 f=1.130e-02 ic=7.025e-04 wall=1.317e-03 inlet=1.333e-03 outlet=3.787e-05 min_w=9.563e-19
Saved PyTorch checkpoint to results/checkpoints/causal_eps100/best.pt
Saved PyTorch checkpoint to results/checkpoints/causal_eps100/best.pt
Saved PyTorch checkpoint to results/checkpoints/causal_eps100/best.pt
Saved PyTorch checkpoint to results/checkpoints/causal_eps100/best.pt
Saved PyTorch checkpoint to results/checkpoints/causal_eps100/best.pt
Saved PyTorch checkpoint to results/checkpoints/causal_eps100/best.pt
Saved PyTorch checkpoint to results/checkpoints/causal_eps100/best.pt
Adam 4800 | total=3.101e-02 f=1.127e-02 ic=1.070e-03 wall=2.707e-03 inlet=1.019e-03 outlet=3.651e-05 min_w=1.314e-19
Saved PyTorch checkpoint to results/checkpoints/causal_eps100/best.pt
Saved PyTorch checkpoint to results/checkpoints/causal_eps100/best.pt
Adam 4900 | total=2.162e-02 f=1.131e-02 ic=6.481e-04 wall=1.373e-03 inlet=5.493e-04 outlet=4.741e-05 min_w=6.970e-17
Saved PyTorch checkpoint to results/checkpoints/causal_eps100/best.pt
Adam 5000 | total=2.684e-02 f=1.127e-02 ic=9.263e-04 wall=2.208e-03 inlet=7.129e-04 outlet=4.455e-05 min_w=9.326e-17
Saved PyTorch checkpoint to results/checkpoints/causal_eps100/snapshot_iter5000.pt
[snapshot] iter 5000 → results/checkpoints/causal_eps100/snapshot_iter5000.pt
Saved PyTorch checkpoint to results/checkpoints/causal_eps100/best.pt
Saved PyTorch checkpoint to results/checkpoints/causal_eps100/best.pt
Saved PyTorch checkpoint to results/checkpoints/causal_eps100/best.pt
Adam 5100 | total=2.275e-02 f=1.124e-02 ic=6.319e-04 wall=1.303e-03 inlet=8.623e-04 outlet=5.371e-05 min_w=6.165e-15
Adam 5200 | total=2.524e-02 f=1.122e-02 ic=6.808e-04 wall=1.179e-03 inlet=1.480e-03 outlet=4.024e-05 min_w=2.441e-13
Saved PyTorch checkpoint to results/checkpoints/causal_eps100/best.pt
Saved PyTorch checkpoint to results/checkpoints/causal_eps100/best.pt
Saved PyTorch checkpoint to results/checkpoints/causal_eps100/best.pt
Adam 5300 | total=2.625e-02 f=1.118e-02 ic=7.233e-04 wall=1.213e-03 inlet=1.650e-03 outlet=3.253e-05 min_w=1.638e-12
Adam 5400 | total=2.079e-02 f=1.124e-02 ic=6.014e-04 wall=1.119e-03 inlet=6.612e-04 outlet=4.420e-05 min_w=6.805e-12
Saved PyTorch checkpoint to results/checkpoints/causal_eps100/best.pt
Saved PyTorch checkpoint to results/checkpoints/causal_eps100/best.pt
Saved PyTorch checkpoint to results/checkpoints/causal_eps100/best.pt
Adam 5500 | total=2.068e-02 f=1.122e-02 ic=6.231e-04 wall=1.130e-03 inlet=6.284e-04 outlet=3.653e-05 min_w=4.109e-11
Saved PyTorch checkpoint to results/checkpoints/causal_eps100/best.pt
Saved PyTorch checkpoint to results/checkpoints/causal_eps100/best.pt
Saved PyTorch checkpoint to results/checkpoints/causal_eps100/best.pt
Saved PyTorch checkpoint to results/checkpoints/causal_eps100/best.pt
Saved PyTorch checkpoint to results/checkpoints/causal_eps100/best.pt
Adam 5600 | total=2.150e-02 f=1.119e-02 ic=6.130e-04 wall=1.251e-03 inlet=6.795e-04 outlet=5.135e-05 min_w=1.125e-10
Saved PyTorch checkpoint to results/checkpoints/causal_eps100/best.pt
Saved PyTorch checkpoint to results/checkpoints/causal_eps100/best.pt
Saved PyTorch checkpoint to results/checkpoints/causal_eps100/best.pt
Saved PyTorch checkpoint to results/checkpoints/causal_eps100/best.pt
Adam 5700 | total=2.259e-02 f=1.115e-02 ic=6.676e-04 wall=1.325e-03 inlet=8.186e-04 outlet=6.204e-05 min_w=8.159e-10
Saved PyTorch checkpoint to results/checkpoints/causal_eps100/best.pt
Saved PyTorch checkpoint to results/checkpoints/causal_eps100/best.pt
Adam 5800 | total=2.280e-02 f=1.113e-02 ic=6.527e-04 wall=1.105e-03 inlet=1.092e-03 outlet=3.523e-05 min_w=7.803e-09
Adam 5900 | total=2.984e-02 f=1.110e-02 ic=1.046e-03 wall=2.404e-03 inlet=1.124e-03 outlet=5.263e-05 min_w=3.404e-09
Saved PyTorch checkpoint to results/checkpoints/causal_eps100/best.pt
Adam 6000 | total=2.671e-02 f=1.109e-02 ic=9.016e-04 wall=1.986e-03 inlet=9.468e-04 outlet=5.929e-05 min_w=2.525e-08
Saved PyTorch checkpoint to results/checkpoints/causal_eps100/best.pt
Adam 6100 | total=2.275e-02 f=1.113e-02 ic=7.955e-04 wall=1.618e-03 inlet=5.386e-04 outlet=4.628e-05 min_w=2.177e-07
Adam 6200 | total=2.317e-02 f=1.109e-02 ic=6.384e-04 wall=1.052e-03 inlet=1.228e-03 outlet=4.070e-05 min_w=1.286e-06
Adam 6300 | total=2.004e-02 f=1.114e-02 ic=5.991e-04 wall=1.091e-03 inlet=5.585e-04 outlet=5.308e-05 min_w=3.464e-06
Saved PyTorch checkpoint to results/checkpoints/causal_eps100/best.pt
Saved PyTorch checkpoint to results/checkpoints/causal_eps100/best.pt
Adam 6400 | total=2.653e-02 f=1.107e-02 ic=7.115e-04 wall=1.167e-03 inlet=1.773e-03 outlet=5.141e-05 min_w=1.167e-05
Saved PyTorch checkpoint to results/checkpoints/causal_eps100/best.pt
Adam 6500 | total=2.251e-02 f=1.109e-02 ic=6.200e-04 wall=1.010e-03 inlet=1.138e-03 outlet=5.460e-05 min_w=2.584e-05
Adam 6600 | total=2.134e-02 f=1.104e-02 ic=6.506e-04 wall=1.150e-03 inlet=7.706e-04 outlet=4.266e-05 min_w=3.578e-05
Saved PyTorch checkpoint to results/checkpoints/causal_eps100/best.pt
Adam 6700 | total=2.155e-02 f=1.105e-02 ic=6.069e-04 wall=1.032e-03 inlet=9.394e-04 outlet=4.220e-05 min_w=8.162e-05
Adam 6800 | total=2.870e-02 f=1.097e-02 ic=1.037e-03 wall=2.206e-03 inlet=1.121e-03 outlet=5.963e-05 min_w=6.809e-05
Saved PyTorch checkpoint to results/checkpoints/causal_eps100/best.pt
Adam 6900 | total=2.073e-02 f=1.104e-02 ic=6.512e-04 wall=1.177e-03 inlet=6.181e-04 outlet=6.454e-05 min_w=3.116e-04
Adam 7000 | total=1.999e-02 f=1.106e-02 ic=5.926e-04 wall=1.064e-03 inlet=5.903e-04 outlet=5.920e-05 min_w=7.072e-04
Adam 7100 | total=2.119e-02 f=1.099e-02 ic=6.391e-04 wall=1.155e-03 inlet=7.479e-04 outlet=4.537e-05 min_w=7.270e-04
Saved PyTorch checkpoint to results/checkpoints/causal_eps100/best.pt
Adam 7200 | total=2.049e-02 f=1.101e-02 ic=6.413e-04 wall=1.176e-03 inlet=5.816e-04 outlet=4.852e-05 min_w=1.279e-03
Adam 7300 | total=2.070e-02 f=1.100e-02 ic=6.621e-04 wall=1.267e-03 inlet=5.316e-04 outlet=5.042e-05 min_w=1.885e-03
Adam 7400 | total=2.321e-02 f=1.100e-02 ic=6.190e-04 wall=1.005e-03 inlet=1.300e-03 outlet=5.992e-05 min_w=3.702e-03
Adam 7500 | total=2.144e-02 f=1.095e-02 ic=7.014e-04 wall=1.315e-03 inlet=6.290e-04 outlet=6.916e-05 min_w=4.007e-03
Adam 7600 | total=2.049e-02 f=1.094e-02 ic=6.218e-04 wall=1.149e-03 inlet=6.214e-04 outlet=6.934e-05 min_w=5.925e-03
Adam 7700 | total=2.134e-02 f=1.097e-02 ic=5.670e-04 wall=9.302e-04 inlet=1.018e-03 outlet=5.835e-05 min_w=1.009e-02
Adam 7800 | total=2.193e-02 f=1.093e-02 ic=5.612e-04 wall=9.558e-04 inlet=1.121e-03 outlet=5.292e-05 min_w=9.859e-03
Adam 7900 | total=1.997e-02 f=1.089e-02 ic=6.101e-04 wall=1.154e-03 inlet=5.292e-04 outlet=5.387e-05 min_w=1.132e-02
Adam 8000 | total=2.259e-02 f=1.087e-02 ic=5.744e-04 wall=9.575e-04 inlet=1.261e-03 outlet=5.657e-05 min_w=1.706e-02
Saved PyTorch checkpoint to results/checkpoints/causal_eps100/best.pt
Saved PyTorch checkpoint to results/checkpoints/causal_eps100/best.pt
Adam 8100 | total=2.175e-02 f=1.085e-02 ic=5.513e-04 wall=9.346e-04 inlet=1.124e-03 outlet=5.521e-05 min_w=1.844e-02
Saved PyTorch checkpoint to results/checkpoints/causal_eps100/best.pt
Adam 8200 | total=2.133e-02 f=1.081e-02 ic=5.513e-04 wall=9.353e-04 inlet=1.049e-03 outlet=5.439e-05 min_w=1.750e-02
Saved PyTorch checkpoint to results/checkpoints/causal_eps100/best.pt
Adam 8300 | total=1.930e-02 f=1.078e-02 ic=5.768e-04 wall=1.014e-03 inlet=5.629e-04 outlet=5.532e-05 min_w=2.246e-02
Saved PyTorch checkpoint to results/checkpoints/causal_eps100/best.pt
Adam 8400 | total=1.982e-02 f=1.074e-02 ic=6.239e-04 wall=1.154e-03 inlet=5.277e-04 outlet=5.633e-05 min_w=2.316e-02
Adam 8500 | total=2.098e-02 f=1.068e-02 ic=6.731e-04 wall=1.300e-03 inlet=6.103e-04 outlet=7.628e-05 min_w=2.548e-02
Saved PyTorch checkpoint to results/checkpoints/causal_eps100/best.pt
Saved PyTorch checkpoint to results/checkpoints/causal_eps100/best.pt
Adam 8600 | total=2.000e-02 f=1.062e-02 ic=5.262e-04 wall=8.727e-04 inlet=8.850e-04 outlet=6.639e-05 min_w=4.427e-02
Saved PyTorch checkpoint to results/checkpoints/causal_eps100/best.pt
Saved PyTorch checkpoint to results/checkpoints/causal_eps100/best.pt
Saved PyTorch checkpoint to results/checkpoints/causal_eps100/best.pt
Adam 8700 | total=1.996e-02 f=1.061e-02 ic=5.124e-04 wall=8.680e-04 inlet=8.872e-04 outlet=5.816e-05 min_w=4.159e-02
Saved PyTorch checkpoint to results/checkpoints/causal_eps100/best.pt
Saved PyTorch checkpoint to results/checkpoints/causal_eps100/best.pt
Adam 8800 | total=1.937e-02 f=1.054e-02 ic=5.172e-04 wall=8.879e-04 inlet=7.615e-04 outlet=7.382e-05 min_w=4.770e-02
Saved PyTorch checkpoint to results/checkpoints/causal_eps100/best.pt
Adam 8900 | total=2.211e-02 f=1.052e-02 ic=5.555e-04 wall=9.201e-04 inlet=1.275e-03 outlet=6.161e-05 min_w=4.977e-02
Saved PyTorch checkpoint to results/checkpoints/causal_eps100/best.pt
Saved PyTorch checkpoint to results/checkpoints/causal_eps100/best.pt
Adam 9000 | total=1.918e-02 f=1.048e-02 ic=5.260e-04 wall=9.226e-04 inlet=6.964e-04 outlet=7.835e-05 min_w=4.786e-02
Saved PyTorch checkpoint to results/checkpoints/causal_eps100/best.pt
Saved PyTorch checkpoint to results/checkpoints/causal_eps100/best.pt
Saved PyTorch checkpoint to results/checkpoints/causal_eps100/best.pt
Adam 9100 | total=1.923e-02 f=1.047e-02 ic=5.832e-04 wall=1.067e-03 inlet=5.572e-04 outlet=5.754e-05 min_w=4.519e-02
Saved PyTorch checkpoint to results/checkpoints/causal_eps100/best.pt
Saved PyTorch checkpoint to results/checkpoints/causal_eps100/best.pt
Adam 9200 | total=2.202e-02 f=1.045e-02 ic=7.135e-04 wall=1.396e-03 inlet=7.585e-04 outlet=8.184e-05 min_w=4.043e-02
Saved PyTorch checkpoint to results/checkpoints/causal_eps100/best.pt
Saved PyTorch checkpoint to results/checkpoints/causal_eps100/best.pt
Saved PyTorch checkpoint to results/checkpoints/causal_eps100/best.pt
Adam 9300 | total=1.872e-02 f=1.031e-02 ic=4.874e-04 wall=8.444e-04 inlet=7.272e-04 outlet=5.994e-05 min_w=6.692e-02
Adam 9400 | total=1.828e-02 f=1.029e-02 ic=5.123e-04 wall=8.935e-04 inlet=5.904e-04 outlet=5.928e-05 min_w=6.540e-02
Adam 9500 | total=1.831e-02 f=1.025e-02 ic=5.554e-04 wall=1.012e-03 inlet=4.752e-04 outlet=6.043e-05 min_w=6.662e-02
Saved PyTorch checkpoint to results/checkpoints/causal_eps100/best.pt
Saved PyTorch checkpoint to results/checkpoints/causal_eps100/best.pt
Saved PyTorch checkpoint to results/checkpoints/causal_eps100/best.pt
Adam 9600 | total=1.870e-02 f=1.019e-02 ic=6.018e-04 wall=1.123e-03 inlet=4.455e-04 outlet=6.186e-05 min_w=7.141e-02
Saved PyTorch checkpoint to results/checkpoints/causal_eps100/best.pt
Adam 9700 | total=1.838e-02 f=1.011e-02 ic=5.870e-04 wall=1.105e-03 inlet=4.195e-04 outlet=6.300e-05 min_w=7.969e-02
Saved PyTorch checkpoint to results/checkpoints/causal_eps100/best.pt
Saved PyTorch checkpoint to results/checkpoints/causal_eps100/best.pt
Adam 9800 | total=1.875e-02 f=1.001e-02 ic=6.214e-04 wall=1.199e-03 inlet=4.110e-04 outlet=6.599e-05 min_w=8.904e-02
Adam 9900 | total=1.776e-02 f=9.973e-03 ic=4.816e-04 wall=8.733e-04 inlet=5.726e-04 outlet=7.966e-05 min_w=9.495e-02
Saved PyTorch checkpoint to results/checkpoints/causal_eps100/best.pt
Adam 10000 | total=1.922e-02 f=9.851e-03 ic=4.858e-04 wall=8.388e-04 inlet=9.231e-04 outlet=7.423e-05 min_w=1.096e-01
Saved PyTorch checkpoint to results/checkpoints/causal_eps100/snapshot_iter10000.pt
[snapshot] iter 10000 → results/checkpoints/causal_eps100/snapshot_iter10000.pt
--- 1198.92 seconds ---
Saved PyTorch checkpoint to results/checkpoints/causal_eps100/latest.pt
Causal weight curve saved to results/figures/causal_eps100/causal_weight_curve.png
########## DONE causal_eps100 Mon Jun  1 03:29:00 UTC 2026 ##########
ALL SWEEP DONE
