Using device: cuda
Experiment: causal_eps30  eps=30.0  bins=32 (duration)  lbfgs=uniform
[bins] mode=duration M=32 N=136366 per-bin count: min=4084 max=4492
[snapshot] will save at Adam iters: [2000, 5000, 10000]
Adam 1 | total=4.935e+00 f=1.167e-01 ic=6.128e-01 wall=5.611e-01 inlet=2.458e-01 outlet=1.713e-01 min_w=0.000e+00
Saved PyTorch checkpoint to results/checkpoints/causal_eps30/best.pt
Saved PyTorch checkpoint to results/checkpoints/causal_eps30/best.pt
Saved PyTorch checkpoint to results/checkpoints/causal_eps30/best.pt
Saved PyTorch checkpoint to results/checkpoints/causal_eps30/best.pt
Saved PyTorch checkpoint to results/checkpoints/causal_eps30/best.pt
Saved PyTorch checkpoint to results/checkpoints/causal_eps30/best.pt
Saved PyTorch checkpoint to results/checkpoints/causal_eps30/best.pt
Saved PyTorch checkpoint to results/checkpoints/causal_eps30/best.pt
Saved PyTorch checkpoint to results/checkpoints/causal_eps30/best.pt
Saved PyTorch checkpoint to results/checkpoints/causal_eps30/best.pt
Saved PyTorch checkpoint to results/checkpoints/causal_eps30/best.pt
Saved PyTorch checkpoint to results/checkpoints/causal_eps30/best.pt
Saved PyTorch checkpoint to results/checkpoints/causal_eps30/best.pt
Saved PyTorch checkpoint to results/checkpoints/causal_eps30/best.pt
Saved PyTorch checkpoint to results/checkpoints/causal_eps30/best.pt
Saved PyTorch checkpoint to results/checkpoints/causal_eps30/best.pt
Saved PyTorch checkpoint to results/checkpoints/causal_eps30/best.pt
Saved PyTorch checkpoint to results/checkpoints/causal_eps30/best.pt
Saved PyTorch checkpoint to results/checkpoints/causal_eps30/best.pt
Saved PyTorch checkpoint to results/checkpoints/causal_eps30/best.pt
Saved PyTorch checkpoint to results/checkpoints/causal_eps30/best.pt
Saved PyTorch checkpoint to results/checkpoints/causal_eps30/best.pt
Saved PyTorch checkpoint to results/checkpoints/causal_eps30/best.pt
Saved PyTorch checkpoint to results/checkpoints/causal_eps30/best.pt
Saved PyTorch checkpoint to results/checkpoints/causal_eps30/best.pt
Saved PyTorch checkpoint to results/checkpoints/causal_eps30/best.pt
Saved PyTorch checkpoint to results/checkpoints/causal_eps30/best.pt
Saved PyTorch checkpoint to results/checkpoints/causal_eps30/best.pt
Saved PyTorch checkpoint to results/checkpoints/causal_eps30/best.pt
Saved PyTorch checkpoint to results/checkpoints/causal_eps30/best.pt
Saved PyTorch checkpoint to results/checkpoints/causal_eps30/best.pt
Saved PyTorch checkpoint to results/checkpoints/causal_eps30/best.pt
Saved PyTorch checkpoint to results/checkpoints/causal_eps30/best.pt
Saved PyTorch checkpoint to results/checkpoints/causal_eps30/best.pt
Saved PyTorch checkpoint to results/checkpoints/causal_eps30/best.pt
Saved PyTorch checkpoint to results/checkpoints/causal_eps30/best.pt
Saved PyTorch checkpoint to results/checkpoints/causal_eps30/best.pt
Saved PyTorch checkpoint to results/checkpoints/causal_eps30/best.pt
Saved PyTorch checkpoint to results/checkpoints/causal_eps30/best.pt
Saved PyTorch checkpoint to results/checkpoints/causal_eps30/best.pt
Saved PyTorch checkpoint to results/checkpoints/causal_eps30/best.pt
Saved PyTorch checkpoint to results/checkpoints/causal_eps30/best.pt
Saved PyTorch checkpoint to results/checkpoints/causal_eps30/best.pt
Saved PyTorch checkpoint to results/checkpoints/causal_eps30/best.pt
Saved PyTorch checkpoint to results/checkpoints/causal_eps30/best.pt
Saved PyTorch checkpoint to results/checkpoints/causal_eps30/best.pt
Saved PyTorch checkpoint to results/checkpoints/causal_eps30/best.pt
Saved PyTorch checkpoint to results/checkpoints/causal_eps30/best.pt
Saved PyTorch checkpoint to results/checkpoints/causal_eps30/best.pt
Saved PyTorch checkpoint to results/checkpoints/causal_eps30/best.pt
Saved PyTorch checkpoint to results/checkpoints/causal_eps30/best.pt
Saved PyTorch checkpoint to results/checkpoints/causal_eps30/best.pt
Saved PyTorch checkpoint to results/checkpoints/causal_eps30/best.pt
Saved PyTorch checkpoint to results/checkpoints/causal_eps30/best.pt
Saved PyTorch checkpoint to results/checkpoints/causal_eps30/best.pt
Saved PyTorch checkpoint to results/checkpoints/causal_eps30/best.pt
Saved PyTorch checkpoint to results/checkpoints/causal_eps30/best.pt
Saved PyTorch checkpoint to results/checkpoints/causal_eps30/best.pt
Saved PyTorch checkpoint to results/checkpoints/causal_eps30/best.pt
Saved PyTorch checkpoint to results/checkpoints/causal_eps30/best.pt
Saved PyTorch checkpoint to results/checkpoints/causal_eps30/best.pt
Saved PyTorch checkpoint to results/checkpoints/causal_eps30/best.pt
Saved PyTorch checkpoint to results/checkpoints/causal_eps30/best.pt
Saved PyTorch checkpoint to results/checkpoints/causal_eps30/best.pt
Saved PyTorch checkpoint to results/checkpoints/causal_eps30/best.pt
Saved PyTorch checkpoint to results/checkpoints/causal_eps30/best.pt
Saved PyTorch checkpoint to results/checkpoints/causal_eps30/best.pt
Saved PyTorch checkpoint to results/checkpoints/causal_eps30/best.pt
Adam 100 | total=3.929e-01 f=3.504e-02 ic=6.790e-03 wall=3.332e-02 inlet=3.686e-02 outlet=1.869e-04 min_w=1.098e-02
Saved PyTorch checkpoint to results/checkpoints/causal_eps30/best.pt
Saved PyTorch checkpoint to results/checkpoints/causal_eps30/best.pt
Saved PyTorch checkpoint to results/checkpoints/causal_eps30/best.pt
Saved PyTorch checkpoint to results/checkpoints/causal_eps30/best.pt
Saved PyTorch checkpoint to results/checkpoints/causal_eps30/best.pt
Saved PyTorch checkpoint to results/checkpoints/causal_eps30/best.pt
Saved PyTorch checkpoint to results/checkpoints/causal_eps30/best.pt
Saved PyTorch checkpoint to results/checkpoints/causal_eps30/best.pt
Saved PyTorch checkpoint to results/checkpoints/causal_eps30/best.pt
Saved PyTorch checkpoint to results/checkpoints/causal_eps30/best.pt
Saved PyTorch checkpoint to results/checkpoints/causal_eps30/best.pt
Saved PyTorch checkpoint to results/checkpoints/causal_eps30/best.pt
Saved PyTorch checkpoint to results/checkpoints/causal_eps30/best.pt
Saved PyTorch checkpoint to results/checkpoints/causal_eps30/best.pt
Saved PyTorch checkpoint to results/checkpoints/causal_eps30/best.pt
Saved PyTorch checkpoint to results/checkpoints/causal_eps30/best.pt
Saved PyTorch checkpoint to results/checkpoints/causal_eps30/best.pt
Saved PyTorch checkpoint to results/checkpoints/causal_eps30/best.pt
Saved PyTorch checkpoint to results/checkpoints/causal_eps30/best.pt
Saved PyTorch checkpoint to results/checkpoints/causal_eps30/best.pt
Saved PyTorch checkpoint to results/checkpoints/causal_eps30/best.pt
Saved PyTorch checkpoint to results/checkpoints/causal_eps30/best.pt
Saved PyTorch checkpoint to results/checkpoints/causal_eps30/best.pt
Saved PyTorch checkpoint to results/checkpoints/causal_eps30/best.pt
Saved PyTorch checkpoint to results/checkpoints/causal_eps30/best.pt
Saved PyTorch checkpoint to results/checkpoints/causal_eps30/best.pt
Saved PyTorch checkpoint to results/checkpoints/causal_eps30/best.pt
Saved PyTorch checkpoint to results/checkpoints/causal_eps30/best.pt
Saved PyTorch checkpoint to results/checkpoints/causal_eps30/best.pt
Saved PyTorch checkpoint to results/checkpoints/causal_eps30/best.pt
Saved PyTorch checkpoint to results/checkpoints/causal_eps30/best.pt
Saved PyTorch checkpoint to results/checkpoints/causal_eps30/best.pt
Saved PyTorch checkpoint to results/checkpoints/causal_eps30/best.pt
Saved PyTorch checkpoint to results/checkpoints/causal_eps30/best.pt
Saved PyTorch checkpoint to results/checkpoints/causal_eps30/best.pt
Saved PyTorch checkpoint to results/checkpoints/causal_eps30/best.pt
Saved PyTorch checkpoint to results/checkpoints/causal_eps30/best.pt
Saved PyTorch checkpoint to results/checkpoints/causal_eps30/best.pt
Saved PyTorch checkpoint to results/checkpoints/causal_eps30/best.pt
Saved PyTorch checkpoint to results/checkpoints/causal_eps30/best.pt
Saved PyTorch checkpoint to results/checkpoints/causal_eps30/best.pt
Saved PyTorch checkpoint to results/checkpoints/causal_eps30/best.pt
Saved PyTorch checkpoint to results/checkpoints/causal_eps30/best.pt
Saved PyTorch checkpoint to results/checkpoints/causal_eps30/best.pt
Saved PyTorch checkpoint to results/checkpoints/causal_eps30/best.pt
Saved PyTorch checkpoint to results/checkpoints/causal_eps30/best.pt
Saved PyTorch checkpoint to results/checkpoints/causal_eps30/best.pt
Saved PyTorch checkpoint to results/checkpoints/causal_eps30/best.pt
Saved PyTorch checkpoint to results/checkpoints/causal_eps30/best.pt
Saved PyTorch checkpoint to results/checkpoints/causal_eps30/best.pt
Saved PyTorch checkpoint to results/checkpoints/causal_eps30/best.pt
Saved PyTorch checkpoint to results/checkpoints/causal_eps30/best.pt
Saved PyTorch checkpoint to results/checkpoints/causal_eps30/best.pt
Saved PyTorch checkpoint to results/checkpoints/causal_eps30/best.pt
Saved PyTorch checkpoint to results/checkpoints/causal_eps30/best.pt
Saved PyTorch checkpoint to results/checkpoints/causal_eps30/best.pt
Saved PyTorch checkpoint to results/checkpoints/causal_eps30/best.pt
Saved PyTorch checkpoint to results/checkpoints/causal_eps30/best.pt
Saved PyTorch checkpoint to results/checkpoints/causal_eps30/best.pt
Saved PyTorch checkpoint to results/checkpoints/causal_eps30/best.pt
Saved PyTorch checkpoint to results/checkpoints/causal_eps30/best.pt
Saved PyTorch checkpoint to results/checkpoints/causal_eps30/best.pt
Saved PyTorch checkpoint to results/checkpoints/causal_eps30/best.pt
Saved PyTorch checkpoint to results/checkpoints/causal_eps30/best.pt
Saved PyTorch checkpoint to results/checkpoints/causal_eps30/best.pt
Saved PyTorch checkpoint to results/checkpoints/causal_eps30/best.pt
Saved PyTorch checkpoint to results/checkpoints/causal_eps30/best.pt
Saved PyTorch checkpoint to results/checkpoints/causal_eps30/best.pt
Saved PyTorch checkpoint to results/checkpoints/causal_eps30/best.pt
Saved PyTorch checkpoint to results/checkpoints/causal_eps30/best.pt
Saved PyTorch checkpoint to results/checkpoints/causal_eps30/best.pt
Saved PyTorch checkpoint to results/checkpoints/causal_eps30/best.pt
Saved PyTorch checkpoint to results/checkpoints/causal_eps30/best.pt
Saved PyTorch checkpoint to results/checkpoints/causal_eps30/best.pt
Saved PyTorch checkpoint to results/checkpoints/causal_eps30/best.pt
Saved PyTorch checkpoint to results/checkpoints/causal_eps30/best.pt
Saved PyTorch checkpoint to results/checkpoints/causal_eps30/best.pt
Saved PyTorch checkpoint to results/checkpoints/causal_eps30/best.pt
Saved PyTorch checkpoint to results/checkpoints/causal_eps30/best.pt
Saved PyTorch checkpoint to results/checkpoints/causal_eps30/best.pt
Saved PyTorch checkpoint to results/checkpoints/causal_eps30/best.pt
Saved PyTorch checkpoint to results/checkpoints/causal_eps30/best.pt
Saved PyTorch checkpoint to results/checkpoints/causal_eps30/best.pt
Saved PyTorch checkpoint to results/checkpoints/causal_eps30/best.pt
Saved PyTorch checkpoint to results/checkpoints/causal_eps30/best.pt
Saved PyTorch checkpoint to results/checkpoints/causal_eps30/best.pt
Saved PyTorch checkpoint to results/checkpoints/causal_eps30/best.pt
Saved PyTorch checkpoint to results/checkpoints/causal_eps30/best.pt
Saved PyTorch checkpoint to results/checkpoints/causal_eps30/best.pt
Saved PyTorch checkpoint to results/checkpoints/causal_eps30/best.pt
Saved PyTorch checkpoint to results/checkpoints/causal_eps30/best.pt
Saved PyTorch checkpoint to results/checkpoints/causal_eps30/best.pt
Saved PyTorch checkpoint to results/checkpoints/causal_eps30/best.pt
Saved PyTorch checkpoint to results/checkpoints/causal_eps30/best.pt
Saved PyTorch checkpoint to results/checkpoints/causal_eps30/best.pt
Saved PyTorch checkpoint to results/checkpoints/causal_eps30/best.pt
Saved PyTorch checkpoint to results/checkpoints/causal_eps30/best.pt
Saved PyTorch checkpoint to results/checkpoints/causal_eps30/best.pt
Saved PyTorch checkpoint to results/checkpoints/causal_eps30/best.pt
Saved PyTorch checkpoint to results/checkpoints/causal_eps30/best.pt
Adam 200 | total=3.580e-01 f=2.508e-02 ic=3.356e-03 wall=3.049e-02 inlet=3.539e-02 outlet=1.249e-04 min_w=2.951e-01
Saved PyTorch checkpoint to results/checkpoints/causal_eps30/best.pt
Saved PyTorch checkpoint to results/checkpoints/causal_eps30/best.pt
Saved PyTorch checkpoint to results/checkpoints/causal_eps30/best.pt
Saved PyTorch checkpoint to results/checkpoints/causal_eps30/best.pt
Saved PyTorch checkpoint to results/checkpoints/causal_eps30/best.pt
Saved PyTorch checkpoint to results/checkpoints/causal_eps30/best.pt
Saved PyTorch checkpoint to results/checkpoints/causal_eps30/best.pt
Saved PyTorch checkpoint to results/checkpoints/causal_eps30/best.pt
Saved PyTorch checkpoint to results/checkpoints/causal_eps30/best.pt
Saved PyTorch checkpoint to results/checkpoints/causal_eps30/best.pt
Saved PyTorch checkpoint to results/checkpoints/causal_eps30/best.pt
Saved PyTorch checkpoint to results/checkpoints/causal_eps30/best.pt
Saved PyTorch checkpoint to results/checkpoints/causal_eps30/best.pt
Saved PyTorch checkpoint to results/checkpoints/causal_eps30/best.pt
Saved PyTorch checkpoint to results/checkpoints/causal_eps30/best.pt
Saved PyTorch checkpoint to results/checkpoints/causal_eps30/best.pt
Saved PyTorch checkpoint to results/checkpoints/causal_eps30/best.pt
Saved PyTorch checkpoint to results/checkpoints/causal_eps30/best.pt
Saved PyTorch checkpoint to results/checkpoints/causal_eps30/best.pt
Saved PyTorch checkpoint to results/checkpoints/causal_eps30/best.pt
Saved PyTorch checkpoint to results/checkpoints/causal_eps30/best.pt
Saved PyTorch checkpoint to results/checkpoints/causal_eps30/best.pt
Saved PyTorch checkpoint to results/checkpoints/causal_eps30/best.pt
Saved PyTorch checkpoint to results/checkpoints/causal_eps30/best.pt
Saved PyTorch checkpoint to results/checkpoints/causal_eps30/best.pt
Saved PyTorch checkpoint to results/checkpoints/causal_eps30/best.pt
Saved PyTorch checkpoint to results/checkpoints/causal_eps30/best.pt
Saved PyTorch checkpoint to results/checkpoints/causal_eps30/best.pt
Saved PyTorch checkpoint to results/checkpoints/causal_eps30/best.pt
Saved PyTorch checkpoint to results/checkpoints/causal_eps30/best.pt
Saved PyTorch checkpoint to results/checkpoints/causal_eps30/best.pt
Saved PyTorch checkpoint to results/checkpoints/causal_eps30/best.pt
Saved PyTorch checkpoint to results/checkpoints/causal_eps30/best.pt
Saved PyTorch checkpoint to results/checkpoints/causal_eps30/best.pt
Saved PyTorch checkpoint to results/checkpoints/causal_eps30/best.pt
Saved PyTorch checkpoint to results/checkpoints/causal_eps30/best.pt
Saved PyTorch checkpoint to results/checkpoints/causal_eps30/best.pt
Saved PyTorch checkpoint to results/checkpoints/causal_eps30/best.pt
Saved PyTorch checkpoint to results/checkpoints/causal_eps30/best.pt
Saved PyTorch checkpoint to results/checkpoints/causal_eps30/best.pt
Saved PyTorch checkpoint to results/checkpoints/causal_eps30/best.pt
Saved PyTorch checkpoint to results/checkpoints/causal_eps30/best.pt
Saved PyTorch checkpoint to results/checkpoints/causal_eps30/best.pt
Saved PyTorch checkpoint to results/checkpoints/causal_eps30/best.pt
Saved PyTorch checkpoint to results/checkpoints/causal_eps30/best.pt
Saved PyTorch checkpoint to results/checkpoints/causal_eps30/best.pt
Saved PyTorch checkpoint to results/checkpoints/causal_eps30/best.pt
Saved PyTorch checkpoint to results/checkpoints/causal_eps30/best.pt
Saved PyTorch checkpoint to results/checkpoints/causal_eps30/best.pt
Saved PyTorch checkpoint to results/checkpoints/causal_eps30/best.pt
Saved PyTorch checkpoint to results/checkpoints/causal_eps30/best.pt
Saved PyTorch checkpoint to results/checkpoints/causal_eps30/best.pt
Saved PyTorch checkpoint to results/checkpoints/causal_eps30/best.pt
Saved PyTorch checkpoint to results/checkpoints/causal_eps30/best.pt
Saved PyTorch checkpoint to results/checkpoints/causal_eps30/best.pt
Saved PyTorch checkpoint to results/checkpoints/causal_eps30/best.pt
Saved PyTorch checkpoint to results/checkpoints/causal_eps30/best.pt
Saved PyTorch checkpoint to results/checkpoints/causal_eps30/best.pt
Saved PyTorch checkpoint to results/checkpoints/causal_eps30/best.pt
Saved PyTorch checkpoint to results/checkpoints/causal_eps30/best.pt
Saved PyTorch checkpoint to results/checkpoints/causal_eps30/best.pt
Saved PyTorch checkpoint to results/checkpoints/causal_eps30/best.pt
Saved PyTorch checkpoint to results/checkpoints/causal_eps30/best.pt
Saved PyTorch checkpoint to results/checkpoints/causal_eps30/best.pt
Saved PyTorch checkpoint to results/checkpoints/causal_eps30/best.pt
Saved PyTorch checkpoint to results/checkpoints/causal_eps30/best.pt
Saved PyTorch checkpoint to results/checkpoints/causal_eps30/best.pt
Saved PyTorch checkpoint to results/checkpoints/causal_eps30/best.pt
Saved PyTorch checkpoint to results/checkpoints/causal_eps30/best.pt
Saved PyTorch checkpoint to results/checkpoints/causal_eps30/best.pt
Saved PyTorch checkpoint to results/checkpoints/causal_eps30/best.pt
Saved PyTorch checkpoint to results/checkpoints/causal_eps30/best.pt
Saved PyTorch checkpoint to results/checkpoints/causal_eps30/best.pt
Saved PyTorch checkpoint to results/checkpoints/causal_eps30/best.pt
Saved PyTorch checkpoint to results/checkpoints/causal_eps30/best.pt
Saved PyTorch checkpoint to results/checkpoints/causal_eps30/best.pt
Saved PyTorch checkpoint to results/checkpoints/causal_eps30/best.pt
Saved PyTorch checkpoint to results/checkpoints/causal_eps30/best.pt
Saved PyTorch checkpoint to results/checkpoints/causal_eps30/best.pt
Saved PyTorch checkpoint to results/checkpoints/causal_eps30/best.pt
Saved PyTorch checkpoint to results/checkpoints/causal_eps30/best.pt
Saved PyTorch checkpoint to results/checkpoints/causal_eps30/best.pt
Saved PyTorch checkpoint to results/checkpoints/causal_eps30/best.pt
Saved PyTorch checkpoint to results/checkpoints/causal_eps30/best.pt
Saved PyTorch checkpoint to results/checkpoints/causal_eps30/best.pt
Saved PyTorch checkpoint to results/checkpoints/causal_eps30/best.pt
Saved PyTorch checkpoint to results/checkpoints/causal_eps30/best.pt
Saved PyTorch checkpoint to results/checkpoints/causal_eps30/best.pt
Saved PyTorch checkpoint to results/checkpoints/causal_eps30/best.pt
Saved PyTorch checkpoint to results/checkpoints/causal_eps30/best.pt
Saved PyTorch checkpoint to results/checkpoints/causal_eps30/best.pt
Saved PyTorch checkpoint to results/checkpoints/causal_eps30/best.pt
Saved PyTorch checkpoint to results/checkpoints/causal_eps30/best.pt
Saved PyTorch checkpoint to results/checkpoints/causal_eps30/best.pt
Saved PyTorch checkpoint to results/checkpoints/causal_eps30/best.pt
Saved PyTorch checkpoint to results/checkpoints/causal_eps30/best.pt
Saved PyTorch checkpoint to results/checkpoints/causal_eps30/best.pt
Saved PyTorch checkpoint to results/checkpoints/causal_eps30/best.pt
Saved PyTorch checkpoint to results/checkpoints/causal_eps30/best.pt
Saved PyTorch checkpoint to results/checkpoints/causal_eps30/best.pt
Adam 300 | total=3.225e-01 f=1.626e-02 ic=2.489e-03 wall=2.863e-02 inlet=3.208e-02 outlet=2.178e-04 min_w=5.475e-01
Saved PyTorch checkpoint to results/checkpoints/causal_eps30/best.pt
Saved PyTorch checkpoint to results/checkpoints/causal_eps30/best.pt
Saved PyTorch checkpoint to results/checkpoints/causal_eps30/best.pt
Saved PyTorch checkpoint to results/checkpoints/causal_eps30/best.pt
Saved PyTorch checkpoint to results/checkpoints/causal_eps30/best.pt
Saved PyTorch checkpoint to results/checkpoints/causal_eps30/best.pt
Saved PyTorch checkpoint to results/checkpoints/causal_eps30/best.pt
Saved PyTorch checkpoint to results/checkpoints/causal_eps30/best.pt
Saved PyTorch checkpoint to results/checkpoints/causal_eps30/best.pt
Saved PyTorch checkpoint to results/checkpoints/causal_eps30/best.pt
Saved PyTorch checkpoint to results/checkpoints/causal_eps30/best.pt
Saved PyTorch checkpoint to results/checkpoints/causal_eps30/best.pt
Saved PyTorch checkpoint to results/checkpoints/causal_eps30/best.pt
Saved PyTorch checkpoint to results/checkpoints/causal_eps30/best.pt
Saved PyTorch checkpoint to results/checkpoints/causal_eps30/best.pt
Saved PyTorch checkpoint to results/checkpoints/causal_eps30/best.pt
Saved PyTorch checkpoint to results/checkpoints/causal_eps30/best.pt
Saved PyTorch checkpoint to results/checkpoints/causal_eps30/best.pt
Saved PyTorch checkpoint to results/checkpoints/causal_eps30/best.pt
Saved PyTorch checkpoint to results/checkpoints/causal_eps30/best.pt
Saved PyTorch checkpoint to results/checkpoints/causal_eps30/best.pt
Saved PyTorch checkpoint to results/checkpoints/causal_eps30/best.pt
Saved PyTorch checkpoint to results/checkpoints/causal_eps30/best.pt
Saved PyTorch checkpoint to results/checkpoints/causal_eps30/best.pt
Saved PyTorch checkpoint to results/checkpoints/causal_eps30/best.pt
Saved PyTorch checkpoint to results/checkpoints/causal_eps30/best.pt
Saved PyTorch checkpoint to results/checkpoints/causal_eps30/best.pt
Saved PyTorch checkpoint to results/checkpoints/causal_eps30/best.pt
Saved PyTorch checkpoint to results/checkpoints/causal_eps30/best.pt
Saved PyTorch checkpoint to results/checkpoints/causal_eps30/best.pt
Saved PyTorch checkpoint to results/checkpoints/causal_eps30/best.pt
Saved PyTorch checkpoint to results/checkpoints/causal_eps30/best.pt
Saved PyTorch checkpoint to results/checkpoints/causal_eps30/best.pt
Saved PyTorch checkpoint to results/checkpoints/causal_eps30/best.pt
Saved PyTorch checkpoint to results/checkpoints/causal_eps30/best.pt
Saved PyTorch checkpoint to results/checkpoints/causal_eps30/best.pt
Saved PyTorch checkpoint to results/checkpoints/causal_eps30/best.pt
Saved PyTorch checkpoint to results/checkpoints/causal_eps30/best.pt
Saved PyTorch checkpoint to results/checkpoints/causal_eps30/best.pt
Saved PyTorch checkpoint to results/checkpoints/causal_eps30/best.pt
Saved PyTorch checkpoint to results/checkpoints/causal_eps30/best.pt
Saved PyTorch checkpoint to results/checkpoints/causal_eps30/best.pt
Saved PyTorch checkpoint to results/checkpoints/causal_eps30/best.pt
Saved PyTorch checkpoint to results/checkpoints/causal_eps30/best.pt
Saved PyTorch checkpoint to results/checkpoints/causal_eps30/best.pt
Saved PyTorch checkpoint to results/checkpoints/causal_eps30/best.pt
Saved PyTorch checkpoint to results/checkpoints/causal_eps30/best.pt
Saved PyTorch checkpoint to results/checkpoints/causal_eps30/best.pt
Saved PyTorch checkpoint to results/checkpoints/causal_eps30/best.pt
Saved PyTorch checkpoint to results/checkpoints/causal_eps30/best.pt
Saved PyTorch checkpoint to results/checkpoints/causal_eps30/best.pt
Saved PyTorch checkpoint to results/checkpoints/causal_eps30/best.pt
Saved PyTorch checkpoint to results/checkpoints/causal_eps30/best.pt
Saved PyTorch checkpoint to results/checkpoints/causal_eps30/best.pt
Saved PyTorch checkpoint to results/checkpoints/causal_eps30/best.pt
Saved PyTorch checkpoint to results/checkpoints/causal_eps30/best.pt
Saved PyTorch checkpoint to results/checkpoints/causal_eps30/best.pt
Saved PyTorch checkpoint to results/checkpoints/causal_eps30/best.pt
Saved PyTorch checkpoint to results/checkpoints/causal_eps30/best.pt
Saved PyTorch checkpoint to results/checkpoints/causal_eps30/best.pt
Saved PyTorch checkpoint to results/checkpoints/causal_eps30/best.pt
Saved PyTorch checkpoint to results/checkpoints/causal_eps30/best.pt
Saved PyTorch checkpoint to results/checkpoints/causal_eps30/best.pt
Saved PyTorch checkpoint to results/checkpoints/causal_eps30/best.pt
Saved PyTorch checkpoint to results/checkpoints/causal_eps30/best.pt
Saved PyTorch checkpoint to results/checkpoints/causal_eps30/best.pt
Saved PyTorch checkpoint to results/checkpoints/causal_eps30/best.pt
Saved PyTorch checkpoint to results/checkpoints/causal_eps30/best.pt
Saved PyTorch checkpoint to results/checkpoints/causal_eps30/best.pt
Saved PyTorch checkpoint to results/checkpoints/causal_eps30/best.pt
Saved PyTorch checkpoint to results/checkpoints/causal_eps30/best.pt
Saved PyTorch checkpoint to results/checkpoints/causal_eps30/best.pt
Saved PyTorch checkpoint to results/checkpoints/causal_eps30/best.pt
Saved PyTorch checkpoint to results/checkpoints/causal_eps30/best.pt
Saved PyTorch checkpoint to results/checkpoints/causal_eps30/best.pt
Saved PyTorch checkpoint to results/checkpoints/causal_eps30/best.pt
Saved PyTorch checkpoint to results/checkpoints/causal_eps30/best.pt
Saved PyTorch checkpoint to results/checkpoints/causal_eps30/best.pt
Saved PyTorch checkpoint to results/checkpoints/causal_eps30/best.pt
Saved PyTorch checkpoint to results/checkpoints/causal_eps30/best.pt
Saved PyTorch checkpoint to results/checkpoints/causal_eps30/best.pt
Saved PyTorch checkpoint to results/checkpoints/causal_eps30/best.pt
Saved PyTorch checkpoint to results/checkpoints/causal_eps30/best.pt
Saved PyTorch checkpoint to results/checkpoints/causal_eps30/best.pt
Saved PyTorch checkpoint to results/checkpoints/causal_eps30/best.pt
Saved PyTorch checkpoint to results/checkpoints/causal_eps30/best.pt
Saved PyTorch checkpoint to results/checkpoints/causal_eps30/best.pt
Saved PyTorch checkpoint to results/checkpoints/causal_eps30/best.pt
Saved PyTorch checkpoint to results/checkpoints/causal_eps30/best.pt
Saved PyTorch checkpoint to results/checkpoints/causal_eps30/best.pt
Saved PyTorch checkpoint to results/checkpoints/causal_eps30/best.pt
Saved PyTorch checkpoint to results/checkpoints/causal_eps30/best.pt
Saved PyTorch checkpoint to results/checkpoints/causal_eps30/best.pt
Saved PyTorch checkpoint to results/checkpoints/causal_eps30/best.pt
Saved PyTorch checkpoint to results/checkpoints/causal_eps30/best.pt
Saved PyTorch checkpoint to results/checkpoints/causal_eps30/best.pt
Saved PyTorch checkpoint to results/checkpoints/causal_eps30/best.pt
Saved PyTorch checkpoint to results/checkpoints/causal_eps30/best.pt
Saved PyTorch checkpoint to results/checkpoints/causal_eps30/best.pt
Saved PyTorch checkpoint to results/checkpoints/causal_eps30/best.pt
Adam 400 | total=2.948e-01 f=1.331e-02 ic=1.529e-03 wall=2.679e-02 inlet=2.916e-02 outlet=2.586e-04 min_w=6.348e-01
Saved PyTorch checkpoint to results/checkpoints/causal_eps30/best.pt
Saved PyTorch checkpoint to results/checkpoints/causal_eps30/best.pt
Saved PyTorch checkpoint to results/checkpoints/causal_eps30/best.pt
Saved PyTorch checkpoint to results/checkpoints/causal_eps30/best.pt
Saved PyTorch checkpoint to results/checkpoints/causal_eps30/best.pt
Saved PyTorch checkpoint to results/checkpoints/causal_eps30/best.pt
Saved PyTorch checkpoint to results/checkpoints/causal_eps30/best.pt
Saved PyTorch checkpoint to results/checkpoints/causal_eps30/best.pt
Saved PyTorch checkpoint to results/checkpoints/causal_eps30/best.pt
Saved PyTorch checkpoint to results/checkpoints/causal_eps30/best.pt
Saved PyTorch checkpoint to results/checkpoints/causal_eps30/best.pt
Saved PyTorch checkpoint to results/checkpoints/causal_eps30/best.pt
Saved PyTorch checkpoint to results/checkpoints/causal_eps30/best.pt
Saved PyTorch checkpoint to results/checkpoints/causal_eps30/best.pt
Saved PyTorch checkpoint to results/checkpoints/causal_eps30/best.pt
Saved PyTorch checkpoint to results/checkpoints/causal_eps30/best.pt
Saved PyTorch checkpoint to results/checkpoints/causal_eps30/best.pt
Saved PyTorch checkpoint to results/checkpoints/causal_eps30/best.pt
Saved PyTorch checkpoint to results/checkpoints/causal_eps30/best.pt
Saved PyTorch checkpoint to results/checkpoints/causal_eps30/best.pt
Saved PyTorch checkpoint to results/checkpoints/causal_eps30/best.pt
Saved PyTorch checkpoint to results/checkpoints/causal_eps30/best.pt
Saved PyTorch checkpoint to results/checkpoints/causal_eps30/best.pt
Saved PyTorch checkpoint to results/checkpoints/causal_eps30/best.pt
Saved PyTorch checkpoint to results/checkpoints/causal_eps30/best.pt
Saved PyTorch checkpoint to results/checkpoints/causal_eps30/best.pt
Saved PyTorch checkpoint to results/checkpoints/causal_eps30/best.pt
Saved PyTorch checkpoint to results/checkpoints/causal_eps30/best.pt
Saved PyTorch checkpoint to results/checkpoints/causal_eps30/best.pt
Saved PyTorch checkpoint to results/checkpoints/causal_eps30/best.pt
Saved PyTorch checkpoint to results/checkpoints/causal_eps30/best.pt
Saved PyTorch checkpoint to results/checkpoints/causal_eps30/best.pt
Saved PyTorch checkpoint to results/checkpoints/causal_eps30/best.pt
Saved PyTorch checkpoint to results/checkpoints/causal_eps30/best.pt
Saved PyTorch checkpoint to results/checkpoints/causal_eps30/best.pt
Saved PyTorch checkpoint to results/checkpoints/causal_eps30/best.pt
Saved PyTorch checkpoint to results/checkpoints/causal_eps30/best.pt
Saved PyTorch checkpoint to results/checkpoints/causal_eps30/best.pt
Saved PyTorch checkpoint to results/checkpoints/causal_eps30/best.pt
Saved PyTorch checkpoint to results/checkpoints/causal_eps30/best.pt
Saved PyTorch checkpoint to results/checkpoints/causal_eps30/best.pt
Saved PyTorch checkpoint to results/checkpoints/causal_eps30/best.pt
Saved PyTorch checkpoint to results/checkpoints/causal_eps30/best.pt
Saved PyTorch checkpoint to results/checkpoints/causal_eps30/best.pt
Saved PyTorch checkpoint to results/checkpoints/causal_eps30/best.pt
Saved PyTorch checkpoint to results/checkpoints/causal_eps30/best.pt
Saved PyTorch checkpoint to results/checkpoints/causal_eps30/best.pt
Saved PyTorch checkpoint to results/checkpoints/causal_eps30/best.pt
Saved PyTorch checkpoint to results/checkpoints/causal_eps30/best.pt
Saved PyTorch checkpoint to results/checkpoints/causal_eps30/best.pt
Saved PyTorch checkpoint to results/checkpoints/causal_eps30/best.pt
Saved PyTorch checkpoint to results/checkpoints/causal_eps30/best.pt
Saved PyTorch checkpoint to results/checkpoints/causal_eps30/best.pt
Saved PyTorch checkpoint to results/checkpoints/causal_eps30/best.pt
Saved PyTorch checkpoint to results/checkpoints/causal_eps30/best.pt
Saved PyTorch checkpoint to results/checkpoints/causal_eps30/best.pt
Saved PyTorch checkpoint to results/checkpoints/causal_eps30/best.pt
Saved PyTorch checkpoint to results/checkpoints/causal_eps30/best.pt
Saved PyTorch checkpoint to results/checkpoints/causal_eps30/best.pt
Saved PyTorch checkpoint to results/checkpoints/causal_eps30/best.pt
Saved PyTorch checkpoint to results/checkpoints/causal_eps30/best.pt
Saved PyTorch checkpoint to results/checkpoints/causal_eps30/best.pt
Saved PyTorch checkpoint to results/checkpoints/causal_eps30/best.pt
Saved PyTorch checkpoint to results/checkpoints/causal_eps30/best.pt
Saved PyTorch checkpoint to results/checkpoints/causal_eps30/best.pt
Saved PyTorch checkpoint to results/checkpoints/causal_eps30/best.pt
Saved PyTorch checkpoint to results/checkpoints/causal_eps30/best.pt
Saved PyTorch checkpoint to results/checkpoints/causal_eps30/best.pt
Saved PyTorch checkpoint to results/checkpoints/causal_eps30/best.pt
Saved PyTorch checkpoint to results/checkpoints/causal_eps30/best.pt
Saved PyTorch checkpoint to results/checkpoints/causal_eps30/best.pt
Saved PyTorch checkpoint to results/checkpoints/causal_eps30/best.pt
Saved PyTorch checkpoint to results/checkpoints/causal_eps30/best.pt
Saved PyTorch checkpoint to results/checkpoints/causal_eps30/best.pt
Saved PyTorch checkpoint to results/checkpoints/causal_eps30/best.pt
Saved PyTorch checkpoint to results/checkpoints/causal_eps30/best.pt
Saved PyTorch checkpoint to results/checkpoints/causal_eps30/best.pt
Saved PyTorch checkpoint to results/checkpoints/causal_eps30/best.pt
Saved PyTorch checkpoint to results/checkpoints/causal_eps30/best.pt
Saved PyTorch checkpoint to results/checkpoints/causal_eps30/best.pt
Saved PyTorch checkpoint to results/checkpoints/causal_eps30/best.pt
Saved PyTorch checkpoint to results/checkpoints/causal_eps30/best.pt
Saved PyTorch checkpoint to results/checkpoints/causal_eps30/best.pt
Saved PyTorch checkpoint to results/checkpoints/causal_eps30/best.pt
Saved PyTorch checkpoint to results/checkpoints/causal_eps30/best.pt
Saved PyTorch checkpoint to results/checkpoints/causal_eps30/best.pt
Saved PyTorch checkpoint to results/checkpoints/causal_eps30/best.pt
Saved PyTorch checkpoint to results/checkpoints/causal_eps30/best.pt
Saved PyTorch checkpoint to results/checkpoints/causal_eps30/best.pt
Saved PyTorch checkpoint to results/checkpoints/causal_eps30/best.pt
Saved PyTorch checkpoint to results/checkpoints/causal_eps30/best.pt
Saved PyTorch checkpoint to results/checkpoints/causal_eps30/best.pt
Saved PyTorch checkpoint to results/checkpoints/causal_eps30/best.pt
Saved PyTorch checkpoint to results/checkpoints/causal_eps30/best.pt
Saved PyTorch checkpoint to results/checkpoints/causal_eps30/best.pt
Saved PyTorch checkpoint to results/checkpoints/causal_eps30/best.pt
Saved PyTorch checkpoint to results/checkpoints/causal_eps30/best.pt
Saved PyTorch checkpoint to results/checkpoints/causal_eps30/best.pt
Saved PyTorch checkpoint to results/checkpoints/causal_eps30/best.pt
Saved PyTorch checkpoint to results/checkpoints/causal_eps30/best.pt
Adam 500 | total=2.804e-01 f=1.259e-02 ic=1.066e-03 wall=2.558e-02 inlet=2.771e-02 outlet=2.224e-04 min_w=6.548e-01
Saved PyTorch checkpoint to results/checkpoints/causal_eps30/best.pt
Saved PyTorch checkpoint to results/checkpoints/causal_eps30/best.pt
Saved PyTorch checkpoint to results/checkpoints/causal_eps30/best.pt
Saved PyTorch checkpoint to results/checkpoints/causal_eps30/best.pt
Saved PyTorch checkpoint to results/checkpoints/causal_eps30/best.pt
Saved PyTorch checkpoint to results/checkpoints/causal_eps30/best.pt
Saved PyTorch checkpoint to results/checkpoints/causal_eps30/best.pt
Saved PyTorch checkpoint to results/checkpoints/causal_eps30/best.pt
Saved PyTorch checkpoint to results/checkpoints/causal_eps30/best.pt
Saved PyTorch checkpoint to results/checkpoints/causal_eps30/best.pt
Saved PyTorch checkpoint to results/checkpoints/causal_eps30/best.pt
Saved PyTorch checkpoint to results/checkpoints/causal_eps30/best.pt
Saved PyTorch checkpoint to results/checkpoints/causal_eps30/best.pt
Saved PyTorch checkpoint to results/checkpoints/causal_eps30/best.pt
Saved PyTorch checkpoint to results/checkpoints/causal_eps30/best.pt
Saved PyTorch checkpoint to results/checkpoints/causal_eps30/best.pt
Saved PyTorch checkpoint to results/checkpoints/causal_eps30/best.pt
Saved PyTorch checkpoint to results/checkpoints/causal_eps30/best.pt
Saved PyTorch checkpoint to results/checkpoints/causal_eps30/best.pt
Saved PyTorch checkpoint to results/checkpoints/causal_eps30/best.pt
Saved PyTorch checkpoint to results/checkpoints/causal_eps30/best.pt
Saved PyTorch checkpoint to results/checkpoints/causal_eps30/best.pt
Saved PyTorch checkpoint to results/checkpoints/causal_eps30/best.pt
Saved PyTorch checkpoint to results/checkpoints/causal_eps30/best.pt
Saved PyTorch checkpoint to results/checkpoints/causal_eps30/best.pt
Saved PyTorch checkpoint to results/checkpoints/causal_eps30/best.pt
Saved PyTorch checkpoint to results/checkpoints/causal_eps30/best.pt
Saved PyTorch checkpoint to results/checkpoints/causal_eps30/best.pt
Saved PyTorch checkpoint to results/checkpoints/causal_eps30/best.pt
Saved PyTorch checkpoint to results/checkpoints/causal_eps30/best.pt
Saved PyTorch checkpoint to results/checkpoints/causal_eps30/best.pt
Saved PyTorch checkpoint to results/checkpoints/causal_eps30/best.pt
Saved PyTorch checkpoint to results/checkpoints/causal_eps30/best.pt
Saved PyTorch checkpoint to results/checkpoints/causal_eps30/best.pt
Saved PyTorch checkpoint to results/checkpoints/causal_eps30/best.pt
Saved PyTorch checkpoint to results/checkpoints/causal_eps30/best.pt
Saved PyTorch checkpoint to results/checkpoints/causal_eps30/best.pt
Saved PyTorch checkpoint to results/checkpoints/causal_eps30/best.pt
Saved PyTorch checkpoint to results/checkpoints/causal_eps30/best.pt
Saved PyTorch checkpoint to results/checkpoints/causal_eps30/best.pt
Saved PyTorch checkpoint to results/checkpoints/causal_eps30/best.pt
Saved PyTorch checkpoint to results/checkpoints/causal_eps30/best.pt
Saved PyTorch checkpoint to results/checkpoints/causal_eps30/best.pt
Saved PyTorch checkpoint to results/checkpoints/causal_eps30/best.pt
Saved PyTorch checkpoint to results/checkpoints/causal_eps30/best.pt
Saved PyTorch checkpoint to results/checkpoints/causal_eps30/best.pt
Saved PyTorch checkpoint to results/checkpoints/causal_eps30/best.pt
Saved PyTorch checkpoint to results/checkpoints/causal_eps30/best.pt
Saved PyTorch checkpoint to results/checkpoints/causal_eps30/best.pt
Saved PyTorch checkpoint to results/checkpoints/causal_eps30/best.pt
Saved PyTorch checkpoint to results/checkpoints/causal_eps30/best.pt
Saved PyTorch checkpoint to results/checkpoints/causal_eps30/best.pt
Saved PyTorch checkpoint to results/checkpoints/causal_eps30/best.pt
Saved PyTorch checkpoint to results/checkpoints/causal_eps30/best.pt
Saved PyTorch checkpoint to results/checkpoints/causal_eps30/best.pt
Saved PyTorch checkpoint to results/checkpoints/causal_eps30/best.pt
Saved PyTorch checkpoint to results/checkpoints/causal_eps30/best.pt
Saved PyTorch checkpoint to results/checkpoints/causal_eps30/best.pt
Saved PyTorch checkpoint to results/checkpoints/causal_eps30/best.pt
Saved PyTorch checkpoint to results/checkpoints/causal_eps30/best.pt
Saved PyTorch checkpoint to results/checkpoints/causal_eps30/best.pt
Saved PyTorch checkpoint to results/checkpoints/causal_eps30/best.pt
Saved PyTorch checkpoint to results/checkpoints/causal_eps30/best.pt
Saved PyTorch checkpoint to results/checkpoints/causal_eps30/best.pt
Saved PyTorch checkpoint to results/checkpoints/causal_eps30/best.pt
Saved PyTorch checkpoint to results/checkpoints/causal_eps30/best.pt
Saved PyTorch checkpoint to results/checkpoints/causal_eps30/best.pt
Saved PyTorch checkpoint to results/checkpoints/causal_eps30/best.pt
Saved PyTorch checkpoint to results/checkpoints/causal_eps30/best.pt
Saved PyTorch checkpoint to results/checkpoints/causal_eps30/best.pt
Saved PyTorch checkpoint to results/checkpoints/causal_eps30/best.pt
Saved PyTorch checkpoint to results/checkpoints/causal_eps30/best.pt
Saved PyTorch checkpoint to results/checkpoints/causal_eps30/best.pt
Saved PyTorch checkpoint to results/checkpoints/causal_eps30/best.pt
Saved PyTorch checkpoint to results/checkpoints/causal_eps30/best.pt
Saved PyTorch checkpoint to results/checkpoints/causal_eps30/best.pt
Saved PyTorch checkpoint to results/checkpoints/causal_eps30/best.pt
Saved PyTorch checkpoint to results/checkpoints/causal_eps30/best.pt
Saved PyTorch checkpoint to results/checkpoints/causal_eps30/best.pt
Saved PyTorch checkpoint to results/checkpoints/causal_eps30/best.pt
Saved PyTorch checkpoint to results/checkpoints/causal_eps30/best.pt
Saved PyTorch checkpoint to results/checkpoints/causal_eps30/best.pt
Saved PyTorch checkpoint to results/checkpoints/causal_eps30/best.pt
Saved PyTorch checkpoint to results/checkpoints/causal_eps30/best.pt
Saved PyTorch checkpoint to results/checkpoints/causal_eps30/best.pt
Saved PyTorch checkpoint to results/checkpoints/causal_eps30/best.pt
Saved PyTorch checkpoint to results/checkpoints/causal_eps30/best.pt
Saved PyTorch checkpoint to results/checkpoints/causal_eps30/best.pt
Saved PyTorch checkpoint to results/checkpoints/causal_eps30/best.pt
Saved PyTorch checkpoint to results/checkpoints/causal_eps30/best.pt
Saved PyTorch checkpoint to results/checkpoints/causal_eps30/best.pt
Saved PyTorch checkpoint to results/checkpoints/causal_eps30/best.pt
Saved PyTorch checkpoint to results/checkpoints/causal_eps30/best.pt
Saved PyTorch checkpoint to results/checkpoints/causal_eps30/best.pt
Saved PyTorch checkpoint to results/checkpoints/causal_eps30/best.pt
Saved PyTorch checkpoint to results/checkpoints/causal_eps30/best.pt
Saved PyTorch checkpoint to results/checkpoints/causal_eps30/best.pt
Saved PyTorch checkpoint to results/checkpoints/causal_eps30/best.pt
Saved PyTorch checkpoint to results/checkpoints/causal_eps30/best.pt
Saved PyTorch checkpoint to results/checkpoints/causal_eps30/best.pt
Adam 600 | total=2.696e-01 f=1.241e-02 ic=1.053e-03 wall=2.463e-02 inlet=2.656e-02 outlet=1.761e-04 min_w=6.567e-01
Saved PyTorch checkpoint to results/checkpoints/causal_eps30/best.pt
Saved PyTorch checkpoint to results/checkpoints/causal_eps30/best.pt
Saved PyTorch checkpoint to results/checkpoints/causal_eps30/best.pt
Saved PyTorch checkpoint to results/checkpoints/causal_eps30/best.pt
Saved PyTorch checkpoint to results/checkpoints/causal_eps30/best.pt
Saved PyTorch checkpoint to results/checkpoints/causal_eps30/best.pt
Saved PyTorch checkpoint to results/checkpoints/causal_eps30/best.pt
Saved PyTorch checkpoint to results/checkpoints/causal_eps30/best.pt
Saved PyTorch checkpoint to results/checkpoints/causal_eps30/best.pt
Saved PyTorch checkpoint to results/checkpoints/causal_eps30/best.pt
Saved PyTorch checkpoint to results/checkpoints/causal_eps30/best.pt
Saved PyTorch checkpoint to results/checkpoints/causal_eps30/best.pt
Saved PyTorch checkpoint to results/checkpoints/causal_eps30/best.pt
Saved PyTorch checkpoint to results/checkpoints/causal_eps30/best.pt
Saved PyTorch checkpoint to results/checkpoints/causal_eps30/best.pt
Saved PyTorch checkpoint to results/checkpoints/causal_eps30/best.pt
Saved PyTorch checkpoint to results/checkpoints/causal_eps30/best.pt
Saved PyTorch checkpoint to results/checkpoints/causal_eps30/best.pt
Saved PyTorch checkpoint to results/checkpoints/causal_eps30/best.pt
Saved PyTorch checkpoint to results/checkpoints/causal_eps30/best.pt
Saved PyTorch checkpoint to results/checkpoints/causal_eps30/best.pt
Saved PyTorch checkpoint to results/checkpoints/causal_eps30/best.pt
Saved PyTorch checkpoint to results/checkpoints/causal_eps30/best.pt
Saved PyTorch checkpoint to results/checkpoints/causal_eps30/best.pt
Saved PyTorch checkpoint to results/checkpoints/causal_eps30/best.pt
Saved PyTorch checkpoint to results/checkpoints/causal_eps30/best.pt
Saved PyTorch checkpoint to results/checkpoints/causal_eps30/best.pt
Saved PyTorch checkpoint to results/checkpoints/causal_eps30/best.pt
Saved PyTorch checkpoint to results/checkpoints/causal_eps30/best.pt
Saved PyTorch checkpoint to results/checkpoints/causal_eps30/best.pt
Saved PyTorch checkpoint to results/checkpoints/causal_eps30/best.pt
Saved PyTorch checkpoint to results/checkpoints/causal_eps30/best.pt
Saved PyTorch checkpoint to results/checkpoints/causal_eps30/best.pt
Saved PyTorch checkpoint to results/checkpoints/causal_eps30/best.pt
Saved PyTorch checkpoint to results/checkpoints/causal_eps30/best.pt
Saved PyTorch checkpoint to results/checkpoints/causal_eps30/best.pt
Saved PyTorch checkpoint to results/checkpoints/causal_eps30/best.pt
Saved PyTorch checkpoint to results/checkpoints/causal_eps30/best.pt
Saved PyTorch checkpoint to results/checkpoints/causal_eps30/best.pt
Saved PyTorch checkpoint to results/checkpoints/causal_eps30/best.pt
Saved PyTorch checkpoint to results/checkpoints/causal_eps30/best.pt
Saved PyTorch checkpoint to results/checkpoints/causal_eps30/best.pt
Saved PyTorch checkpoint to results/checkpoints/causal_eps30/best.pt
Saved PyTorch checkpoint to results/checkpoints/causal_eps30/best.pt
Saved PyTorch checkpoint to results/checkpoints/causal_eps30/best.pt
Saved PyTorch checkpoint to results/checkpoints/causal_eps30/best.pt
Saved PyTorch checkpoint to results/checkpoints/causal_eps30/best.pt
Saved PyTorch checkpoint to results/checkpoints/causal_eps30/best.pt
Saved PyTorch checkpoint to results/checkpoints/causal_eps30/best.pt
Saved PyTorch checkpoint to results/checkpoints/causal_eps30/best.pt
Saved PyTorch checkpoint to results/checkpoints/causal_eps30/best.pt
Saved PyTorch checkpoint to results/checkpoints/causal_eps30/best.pt
Saved PyTorch checkpoint to results/checkpoints/causal_eps30/best.pt
Saved PyTorch checkpoint to results/checkpoints/causal_eps30/best.pt
Saved PyTorch checkpoint to results/checkpoints/causal_eps30/best.pt
Saved PyTorch checkpoint to results/checkpoints/causal_eps30/best.pt
Saved PyTorch checkpoint to results/checkpoints/causal_eps30/best.pt
Saved PyTorch checkpoint to results/checkpoints/causal_eps30/best.pt
Saved PyTorch checkpoint to results/checkpoints/causal_eps30/best.pt
Saved PyTorch checkpoint to results/checkpoints/causal_eps30/best.pt
Saved PyTorch checkpoint to results/checkpoints/causal_eps30/best.pt
Adam 700 | total=2.563e-01 f=1.343e-02 ic=1.150e-03 wall=2.330e-02 inlet=2.502e-02 outlet=1.576e-04 min_w=6.258e-01
Saved PyTorch checkpoint to results/checkpoints/causal_eps30/best.pt
Saved PyTorch checkpoint to results/checkpoints/causal_eps30/best.pt
Saved PyTorch checkpoint to results/checkpoints/causal_eps30/best.pt
Saved PyTorch checkpoint to results/checkpoints/causal_eps30/best.pt
Saved PyTorch checkpoint to results/checkpoints/causal_eps30/best.pt
Saved PyTorch checkpoint to results/checkpoints/causal_eps30/best.pt
Saved PyTorch checkpoint to results/checkpoints/causal_eps30/best.pt
Saved PyTorch checkpoint to results/checkpoints/causal_eps30/best.pt
Saved PyTorch checkpoint to results/checkpoints/causal_eps30/best.pt
Saved PyTorch checkpoint to results/checkpoints/causal_eps30/best.pt
Saved PyTorch checkpoint to results/checkpoints/causal_eps30/best.pt
Saved PyTorch checkpoint to results/checkpoints/causal_eps30/best.pt
Saved PyTorch checkpoint to results/checkpoints/causal_eps30/best.pt
Saved PyTorch checkpoint to results/checkpoints/causal_eps30/best.pt
Saved PyTorch checkpoint to results/checkpoints/causal_eps30/best.pt
Saved PyTorch checkpoint to results/checkpoints/causal_eps30/best.pt
Saved PyTorch checkpoint to results/checkpoints/causal_eps30/best.pt
Saved PyTorch checkpoint to results/checkpoints/causal_eps30/best.pt
Saved PyTorch checkpoint to results/checkpoints/causal_eps30/best.pt
Saved PyTorch checkpoint to results/checkpoints/causal_eps30/best.pt
Saved PyTorch checkpoint to results/checkpoints/causal_eps30/best.pt
Saved PyTorch checkpoint to results/checkpoints/causal_eps30/best.pt
Saved PyTorch checkpoint to results/checkpoints/causal_eps30/best.pt
Saved PyTorch checkpoint to results/checkpoints/causal_eps30/best.pt
Saved PyTorch checkpoint to results/checkpoints/causal_eps30/best.pt
Saved PyTorch checkpoint to results/checkpoints/causal_eps30/best.pt
Saved PyTorch checkpoint to results/checkpoints/causal_eps30/best.pt
Saved PyTorch checkpoint to results/checkpoints/causal_eps30/best.pt
Saved PyTorch checkpoint to results/checkpoints/causal_eps30/best.pt
Saved PyTorch checkpoint to results/checkpoints/causal_eps30/best.pt
Saved PyTorch checkpoint to results/checkpoints/causal_eps30/best.pt
Saved PyTorch checkpoint to results/checkpoints/causal_eps30/best.pt
Saved PyTorch checkpoint to results/checkpoints/causal_eps30/best.pt
Saved PyTorch checkpoint to results/checkpoints/causal_eps30/best.pt
Saved PyTorch checkpoint to results/checkpoints/causal_eps30/best.pt
Saved PyTorch checkpoint to results/checkpoints/causal_eps30/best.pt
Saved PyTorch checkpoint to results/checkpoints/causal_eps30/best.pt
Saved PyTorch checkpoint to results/checkpoints/causal_eps30/best.pt
Saved PyTorch checkpoint to results/checkpoints/causal_eps30/best.pt
Saved PyTorch checkpoint to results/checkpoints/causal_eps30/best.pt
Saved PyTorch checkpoint to results/checkpoints/causal_eps30/best.pt
Saved PyTorch checkpoint to results/checkpoints/causal_eps30/best.pt
Saved PyTorch checkpoint to results/checkpoints/causal_eps30/best.pt
Saved PyTorch checkpoint to results/checkpoints/causal_eps30/best.pt
Saved PyTorch checkpoint to results/checkpoints/causal_eps30/best.pt
Saved PyTorch checkpoint to results/checkpoints/causal_eps30/best.pt
Saved PyTorch checkpoint to results/checkpoints/causal_eps30/best.pt
Saved PyTorch checkpoint to results/checkpoints/causal_eps30/best.pt
Saved PyTorch checkpoint to results/checkpoints/causal_eps30/best.pt
Saved PyTorch checkpoint to results/checkpoints/causal_eps30/best.pt
Saved PyTorch checkpoint to results/checkpoints/causal_eps30/best.pt
Saved PyTorch checkpoint to results/checkpoints/causal_eps30/best.pt
Saved PyTorch checkpoint to results/checkpoints/causal_eps30/best.pt
Saved PyTorch checkpoint to results/checkpoints/causal_eps30/best.pt
Saved PyTorch checkpoint to results/checkpoints/causal_eps30/best.pt
Saved PyTorch checkpoint to results/checkpoints/causal_eps30/best.pt
Saved PyTorch checkpoint to results/checkpoints/causal_eps30/best.pt
Saved PyTorch checkpoint to results/checkpoints/causal_eps30/best.pt
Saved PyTorch checkpoint to results/checkpoints/causal_eps30/best.pt
Saved PyTorch checkpoint to results/checkpoints/causal_eps30/best.pt
Saved PyTorch checkpoint to results/checkpoints/causal_eps30/best.pt
Saved PyTorch checkpoint to results/checkpoints/causal_eps30/best.pt
Saved PyTorch checkpoint to results/checkpoints/causal_eps30/best.pt
Saved PyTorch checkpoint to results/checkpoints/causal_eps30/best.pt
Saved PyTorch checkpoint to results/checkpoints/causal_eps30/best.pt
Saved PyTorch checkpoint to results/checkpoints/causal_eps30/best.pt
Saved PyTorch checkpoint to results/checkpoints/causal_eps30/best.pt
Saved PyTorch checkpoint to results/checkpoints/causal_eps30/best.pt
Saved PyTorch checkpoint to results/checkpoints/causal_eps30/best.pt
Saved PyTorch checkpoint to results/checkpoints/causal_eps30/best.pt
Saved PyTorch checkpoint to results/checkpoints/causal_eps30/best.pt
Saved PyTorch checkpoint to results/checkpoints/causal_eps30/best.pt
Saved PyTorch checkpoint to results/checkpoints/causal_eps30/best.pt
Saved PyTorch checkpoint to results/checkpoints/causal_eps30/best.pt
Saved PyTorch checkpoint to results/checkpoints/causal_eps30/best.pt
Saved PyTorch checkpoint to results/checkpoints/causal_eps30/best.pt
Saved PyTorch checkpoint to results/checkpoints/causal_eps30/best.pt
Saved PyTorch checkpoint to results/checkpoints/causal_eps30/best.pt
Saved PyTorch checkpoint to results/checkpoints/causal_eps30/best.pt
Adam 800 | total=2.356e-01 f=1.622e-02 ic=1.186e-03 wall=2.238e-02 inlet=2.123e-02 outlet=1.600e-04 min_w=5.489e-01
Saved PyTorch checkpoint to results/checkpoints/causal_eps30/best.pt
Saved PyTorch checkpoint to results/checkpoints/causal_eps30/best.pt
Saved PyTorch checkpoint to results/checkpoints/causal_eps30/best.pt
Saved PyTorch checkpoint to results/checkpoints/causal_eps30/best.pt
Saved PyTorch checkpoint to results/checkpoints/causal_eps30/best.pt
Saved PyTorch checkpoint to results/checkpoints/causal_eps30/best.pt
Saved PyTorch checkpoint to results/checkpoints/causal_eps30/best.pt
Saved PyTorch checkpoint to results/checkpoints/causal_eps30/best.pt
Saved PyTorch checkpoint to results/checkpoints/causal_eps30/best.pt
Saved PyTorch checkpoint to results/checkpoints/causal_eps30/best.pt
Saved PyTorch checkpoint to results/checkpoints/causal_eps30/best.pt
Saved PyTorch checkpoint to results/checkpoints/causal_eps30/best.pt
Saved PyTorch checkpoint to results/checkpoints/causal_eps30/best.pt
Saved PyTorch checkpoint to results/checkpoints/causal_eps30/best.pt
Saved PyTorch checkpoint to results/checkpoints/causal_eps30/best.pt
Saved PyTorch checkpoint to results/checkpoints/causal_eps30/best.pt
Saved PyTorch checkpoint to results/checkpoints/causal_eps30/best.pt
Saved PyTorch checkpoint to results/checkpoints/causal_eps30/best.pt
Saved PyTorch checkpoint to results/checkpoints/causal_eps30/best.pt
Saved PyTorch checkpoint to results/checkpoints/causal_eps30/best.pt
Saved PyTorch checkpoint to results/checkpoints/causal_eps30/best.pt
Saved PyTorch checkpoint to results/checkpoints/causal_eps30/best.pt
Saved PyTorch checkpoint to results/checkpoints/causal_eps30/best.pt
Saved PyTorch checkpoint to results/checkpoints/causal_eps30/best.pt
Saved PyTorch checkpoint to results/checkpoints/causal_eps30/best.pt
Saved PyTorch checkpoint to results/checkpoints/causal_eps30/best.pt
Saved PyTorch checkpoint to results/checkpoints/causal_eps30/best.pt
Saved PyTorch checkpoint to results/checkpoints/causal_eps30/best.pt
Saved PyTorch checkpoint to results/checkpoints/causal_eps30/best.pt
Saved PyTorch checkpoint to results/checkpoints/causal_eps30/best.pt
Saved PyTorch checkpoint to results/checkpoints/causal_eps30/best.pt
Saved PyTorch checkpoint to results/checkpoints/causal_eps30/best.pt
Saved PyTorch checkpoint to results/checkpoints/causal_eps30/best.pt
Saved PyTorch checkpoint to results/checkpoints/causal_eps30/best.pt
Saved PyTorch checkpoint to results/checkpoints/causal_eps30/best.pt
Saved PyTorch checkpoint to results/checkpoints/causal_eps30/best.pt
Saved PyTorch checkpoint to results/checkpoints/causal_eps30/best.pt
Saved PyTorch checkpoint to results/checkpoints/causal_eps30/best.pt
Saved PyTorch checkpoint to results/checkpoints/causal_eps30/best.pt
Saved PyTorch checkpoint to results/checkpoints/causal_eps30/best.pt
Saved PyTorch checkpoint to results/checkpoints/causal_eps30/best.pt
Saved PyTorch checkpoint to results/checkpoints/causal_eps30/best.pt
Saved PyTorch checkpoint to results/checkpoints/causal_eps30/best.pt
Saved PyTorch checkpoint to results/checkpoints/causal_eps30/best.pt
Saved PyTorch checkpoint to results/checkpoints/causal_eps30/best.pt
Saved PyTorch checkpoint to results/checkpoints/causal_eps30/best.pt
Saved PyTorch checkpoint to results/checkpoints/causal_eps30/best.pt
Saved PyTorch checkpoint to results/checkpoints/causal_eps30/best.pt
Saved PyTorch checkpoint to results/checkpoints/causal_eps30/best.pt
Saved PyTorch checkpoint to results/checkpoints/causal_eps30/best.pt
Saved PyTorch checkpoint to results/checkpoints/causal_eps30/best.pt
Saved PyTorch checkpoint to results/checkpoints/causal_eps30/best.pt
Saved PyTorch checkpoint to results/checkpoints/causal_eps30/best.pt
Saved PyTorch checkpoint to results/checkpoints/causal_eps30/best.pt
Saved PyTorch checkpoint to results/checkpoints/causal_eps30/best.pt
Saved PyTorch checkpoint to results/checkpoints/causal_eps30/best.pt
Saved PyTorch checkpoint to results/checkpoints/causal_eps30/best.pt
Saved PyTorch checkpoint to results/checkpoints/causal_eps30/best.pt
Saved PyTorch checkpoint to results/checkpoints/causal_eps30/best.pt
Saved PyTorch checkpoint to results/checkpoints/causal_eps30/best.pt
Saved PyTorch checkpoint to results/checkpoints/causal_eps30/best.pt
Saved PyTorch checkpoint to results/checkpoints/causal_eps30/best.pt
Saved PyTorch checkpoint to results/checkpoints/causal_eps30/best.pt
Saved PyTorch checkpoint to results/checkpoints/causal_eps30/best.pt
Saved PyTorch checkpoint to results/checkpoints/causal_eps30/best.pt
Saved PyTorch checkpoint to results/checkpoints/causal_eps30/best.pt
Saved PyTorch checkpoint to results/checkpoints/causal_eps30/best.pt
Saved PyTorch checkpoint to results/checkpoints/causal_eps30/best.pt
Saved PyTorch checkpoint to results/checkpoints/causal_eps30/best.pt
Saved PyTorch checkpoint to results/checkpoints/causal_eps30/best.pt
Saved PyTorch checkpoint to results/checkpoints/causal_eps30/best.pt
Saved PyTorch checkpoint to results/checkpoints/causal_eps30/best.pt
Saved PyTorch checkpoint to results/checkpoints/causal_eps30/best.pt
Saved PyTorch checkpoint to results/checkpoints/causal_eps30/best.pt
Saved PyTorch checkpoint to results/checkpoints/causal_eps30/best.pt
Saved PyTorch checkpoint to results/checkpoints/causal_eps30/best.pt
Saved PyTorch checkpoint to results/checkpoints/causal_eps30/best.pt
Adam 900 | total=2.291e-01 f=2.387e-02 ic=3.263e-03 wall=2.684e-02 inlet=1.352e-02 outlet=1.448e-04 min_w=3.439e-01
Saved PyTorch checkpoint to results/checkpoints/causal_eps30/best.pt
Saved PyTorch checkpoint to results/checkpoints/causal_eps30/best.pt
Saved PyTorch checkpoint to results/checkpoints/causal_eps30/best.pt
Saved PyTorch checkpoint to results/checkpoints/causal_eps30/best.pt
Saved PyTorch checkpoint to results/checkpoints/causal_eps30/best.pt
Saved PyTorch checkpoint to results/checkpoints/causal_eps30/best.pt
Saved PyTorch checkpoint to results/checkpoints/causal_eps30/best.pt
Saved PyTorch checkpoint to results/checkpoints/causal_eps30/best.pt
Saved PyTorch checkpoint to results/checkpoints/causal_eps30/best.pt
Saved PyTorch checkpoint to results/checkpoints/causal_eps30/best.pt
Saved PyTorch checkpoint to results/checkpoints/causal_eps30/best.pt
Saved PyTorch checkpoint to results/checkpoints/causal_eps30/best.pt
Saved PyTorch checkpoint to results/checkpoints/causal_eps30/best.pt
Saved PyTorch checkpoint to results/checkpoints/causal_eps30/best.pt
Saved PyTorch checkpoint to results/checkpoints/causal_eps30/best.pt
Saved PyTorch checkpoint to results/checkpoints/causal_eps30/best.pt
Saved PyTorch checkpoint to results/checkpoints/causal_eps30/best.pt
Saved PyTorch checkpoint to results/checkpoints/causal_eps30/best.pt
Saved PyTorch checkpoint to results/checkpoints/causal_eps30/best.pt
Saved PyTorch checkpoint to results/checkpoints/causal_eps30/best.pt
Saved PyTorch checkpoint to results/checkpoints/causal_eps30/best.pt
Saved PyTorch checkpoint to results/checkpoints/causal_eps30/best.pt
Saved PyTorch checkpoint to results/checkpoints/causal_eps30/best.pt
Saved PyTorch checkpoint to results/checkpoints/causal_eps30/best.pt
Saved PyTorch checkpoint to results/checkpoints/causal_eps30/best.pt
Saved PyTorch checkpoint to results/checkpoints/causal_eps30/best.pt
Saved PyTorch checkpoint to results/checkpoints/causal_eps30/best.pt
Saved PyTorch checkpoint to results/checkpoints/causal_eps30/best.pt
Saved PyTorch checkpoint to results/checkpoints/causal_eps30/best.pt
Saved PyTorch checkpoint to results/checkpoints/causal_eps30/best.pt
Saved PyTorch checkpoint to results/checkpoints/causal_eps30/best.pt
Saved PyTorch checkpoint to results/checkpoints/causal_eps30/best.pt
Saved PyTorch checkpoint to results/checkpoints/causal_eps30/best.pt
Saved PyTorch checkpoint to results/checkpoints/causal_eps30/best.pt
Saved PyTorch checkpoint to results/checkpoints/causal_eps30/best.pt
Saved PyTorch checkpoint to results/checkpoints/causal_eps30/best.pt
Saved PyTorch checkpoint to results/checkpoints/causal_eps30/best.pt
Saved PyTorch checkpoint to results/checkpoints/causal_eps30/best.pt
Saved PyTorch checkpoint to results/checkpoints/causal_eps30/best.pt
Saved PyTorch checkpoint to results/checkpoints/causal_eps30/best.pt
Saved PyTorch checkpoint to results/checkpoints/causal_eps30/best.pt
Saved PyTorch checkpoint to results/checkpoints/causal_eps30/best.pt
Saved PyTorch checkpoint to results/checkpoints/causal_eps30/best.pt
Saved PyTorch checkpoint to results/checkpoints/causal_eps30/best.pt
Saved PyTorch checkpoint to results/checkpoints/causal_eps30/best.pt
Saved PyTorch checkpoint to results/checkpoints/causal_eps30/best.pt
Saved PyTorch checkpoint to results/checkpoints/causal_eps30/best.pt
Saved PyTorch checkpoint to results/checkpoints/causal_eps30/best.pt
Saved PyTorch checkpoint to results/checkpoints/causal_eps30/best.pt
Saved PyTorch checkpoint to results/checkpoints/causal_eps30/best.pt
Saved PyTorch checkpoint to results/checkpoints/causal_eps30/best.pt
Saved PyTorch checkpoint to results/checkpoints/causal_eps30/best.pt
Saved PyTorch checkpoint to results/checkpoints/causal_eps30/best.pt
Saved PyTorch checkpoint to results/checkpoints/causal_eps30/best.pt
Saved PyTorch checkpoint to results/checkpoints/causal_eps30/best.pt
Adam 1000 | total=2.591e-01 f=2.723e-02 ic=3.165e-03 wall=1.320e-02 inlet=3.253e-02 outlet=1.256e-04 min_w=2.299e-01
Saved PyTorch checkpoint to results/checkpoints/causal_eps30/best.pt
Saved PyTorch checkpoint to results/checkpoints/causal_eps30/best.pt
Saved PyTorch checkpoint to results/checkpoints/causal_eps30/best.pt
Saved PyTorch checkpoint to results/checkpoints/causal_eps30/best.pt
Saved PyTorch checkpoint to results/checkpoints/causal_eps30/best.pt
Saved PyTorch checkpoint to results/checkpoints/causal_eps30/best.pt
Saved PyTorch checkpoint to results/checkpoints/causal_eps30/best.pt
Saved PyTorch checkpoint to results/checkpoints/causal_eps30/best.pt
Saved PyTorch checkpoint to results/checkpoints/causal_eps30/best.pt
Saved PyTorch checkpoint to results/checkpoints/causal_eps30/best.pt
Saved PyTorch checkpoint to results/checkpoints/causal_eps30/best.pt
Saved PyTorch checkpoint to results/checkpoints/causal_eps30/best.pt
Saved PyTorch checkpoint to results/checkpoints/causal_eps30/best.pt
Saved PyTorch checkpoint to results/checkpoints/causal_eps30/best.pt
Saved PyTorch checkpoint to results/checkpoints/causal_eps30/best.pt
Saved PyTorch checkpoint to results/checkpoints/causal_eps30/best.pt
Saved PyTorch checkpoint to results/checkpoints/causal_eps30/best.pt
Saved PyTorch checkpoint to results/checkpoints/causal_eps30/best.pt
Saved PyTorch checkpoint to results/checkpoints/causal_eps30/best.pt
Saved PyTorch checkpoint to results/checkpoints/causal_eps30/best.pt
Saved PyTorch checkpoint to results/checkpoints/causal_eps30/best.pt
Saved PyTorch checkpoint to results/checkpoints/causal_eps30/best.pt
Saved PyTorch checkpoint to results/checkpoints/causal_eps30/best.pt
Saved PyTorch checkpoint to results/checkpoints/causal_eps30/best.pt
Saved PyTorch checkpoint to results/checkpoints/causal_eps30/best.pt
Saved PyTorch checkpoint to results/checkpoints/causal_eps30/best.pt
Saved PyTorch checkpoint to results/checkpoints/causal_eps30/best.pt
Saved PyTorch checkpoint to results/checkpoints/causal_eps30/best.pt
Saved PyTorch checkpoint to results/checkpoints/causal_eps30/best.pt
Saved PyTorch checkpoint to results/checkpoints/causal_eps30/best.pt
Saved PyTorch checkpoint to results/checkpoints/causal_eps30/best.pt
Saved PyTorch checkpoint to results/checkpoints/causal_eps30/best.pt
Saved PyTorch checkpoint to results/checkpoints/causal_eps30/best.pt
Saved PyTorch checkpoint to results/checkpoints/causal_eps30/best.pt
Saved PyTorch checkpoint to results/checkpoints/causal_eps30/best.pt
Saved PyTorch checkpoint to results/checkpoints/causal_eps30/best.pt
Saved PyTorch checkpoint to results/checkpoints/causal_eps30/best.pt
Saved PyTorch checkpoint to results/checkpoints/causal_eps30/best.pt
Saved PyTorch checkpoint to results/checkpoints/causal_eps30/best.pt
Saved PyTorch checkpoint to results/checkpoints/causal_eps30/best.pt
Saved PyTorch checkpoint to results/checkpoints/causal_eps30/best.pt
Saved PyTorch checkpoint to results/checkpoints/causal_eps30/best.pt
Saved PyTorch checkpoint to results/checkpoints/causal_eps30/best.pt
Adam 1100 | total=1.574e-01 f=2.709e-02 ic=1.292e-03 wall=1.207e-02 inlet=1.370e-02 outlet=8.214e-05 min_w=2.498e-01
Saved PyTorch checkpoint to results/checkpoints/causal_eps30/best.pt
Saved PyTorch checkpoint to results/checkpoints/causal_eps30/best.pt
Saved PyTorch checkpoint to results/checkpoints/causal_eps30/best.pt
Saved PyTorch checkpoint to results/checkpoints/causal_eps30/best.pt
Saved PyTorch checkpoint to results/checkpoints/causal_eps30/best.pt
Saved PyTorch checkpoint to results/checkpoints/causal_eps30/best.pt
Saved PyTorch checkpoint to results/checkpoints/causal_eps30/best.pt
Saved PyTorch checkpoint to results/checkpoints/causal_eps30/best.pt
Saved PyTorch checkpoint to results/checkpoints/causal_eps30/best.pt
Saved PyTorch checkpoint to results/checkpoints/causal_eps30/best.pt
Saved PyTorch checkpoint to results/checkpoints/causal_eps30/best.pt
Saved PyTorch checkpoint to results/checkpoints/causal_eps30/best.pt
Saved PyTorch checkpoint to results/checkpoints/causal_eps30/best.pt
Saved PyTorch checkpoint to results/checkpoints/causal_eps30/best.pt
Saved PyTorch checkpoint to results/checkpoints/causal_eps30/best.pt
Saved PyTorch checkpoint to results/checkpoints/causal_eps30/best.pt
Saved PyTorch checkpoint to results/checkpoints/causal_eps30/best.pt
Saved PyTorch checkpoint to results/checkpoints/causal_eps30/best.pt
Saved PyTorch checkpoint to results/checkpoints/causal_eps30/best.pt
Saved PyTorch checkpoint to results/checkpoints/causal_eps30/best.pt
Saved PyTorch checkpoint to results/checkpoints/causal_eps30/best.pt
Saved PyTorch checkpoint to results/checkpoints/causal_eps30/best.pt
Saved PyTorch checkpoint to results/checkpoints/causal_eps30/best.pt
Saved PyTorch checkpoint to results/checkpoints/causal_eps30/best.pt
Saved PyTorch checkpoint to results/checkpoints/causal_eps30/best.pt
Saved PyTorch checkpoint to results/checkpoints/causal_eps30/best.pt
Saved PyTorch checkpoint to results/checkpoints/causal_eps30/best.pt
Saved PyTorch checkpoint to results/checkpoints/causal_eps30/best.pt
Saved PyTorch checkpoint to results/checkpoints/causal_eps30/best.pt
Saved PyTorch checkpoint to results/checkpoints/causal_eps30/best.pt
Saved PyTorch checkpoint to results/checkpoints/causal_eps30/best.pt
Saved PyTorch checkpoint to results/checkpoints/causal_eps30/best.pt
Saved PyTorch checkpoint to results/checkpoints/causal_eps30/best.pt
Saved PyTorch checkpoint to results/checkpoints/causal_eps30/best.pt
Saved PyTorch checkpoint to results/checkpoints/causal_eps30/best.pt
Saved PyTorch checkpoint to results/checkpoints/causal_eps30/best.pt
Saved PyTorch checkpoint to results/checkpoints/causal_eps30/best.pt
Saved PyTorch checkpoint to results/checkpoints/causal_eps30/best.pt
Saved PyTorch checkpoint to results/checkpoints/causal_eps30/best.pt
Saved PyTorch checkpoint to results/checkpoints/causal_eps30/best.pt
Adam 1200 | total=1.323e-01 f=2.956e-02 ic=1.726e-03 wall=1.218e-02 inlet=8.021e-03 outlet=5.671e-05 min_w=1.848e-01
Saved PyTorch checkpoint to results/checkpoints/causal_eps30/best.pt
Saved PyTorch checkpoint to results/checkpoints/causal_eps30/best.pt
Saved PyTorch checkpoint to results/checkpoints/causal_eps30/best.pt
Saved PyTorch checkpoint to results/checkpoints/causal_eps30/best.pt
Saved PyTorch checkpoint to results/checkpoints/causal_eps30/best.pt
Saved PyTorch checkpoint to results/checkpoints/causal_eps30/best.pt
Saved PyTorch checkpoint to results/checkpoints/causal_eps30/best.pt
Saved PyTorch checkpoint to results/checkpoints/causal_eps30/best.pt
Saved PyTorch checkpoint to results/checkpoints/causal_eps30/best.pt
Saved PyTorch checkpoint to results/checkpoints/causal_eps30/best.pt
Saved PyTorch checkpoint to results/checkpoints/causal_eps30/best.pt
Saved PyTorch checkpoint to results/checkpoints/causal_eps30/best.pt
Saved PyTorch checkpoint to results/checkpoints/causal_eps30/best.pt
Saved PyTorch checkpoint to results/checkpoints/causal_eps30/best.pt
Saved PyTorch checkpoint to results/checkpoints/causal_eps30/best.pt
Saved PyTorch checkpoint to results/checkpoints/causal_eps30/best.pt
Saved PyTorch checkpoint to results/checkpoints/causal_eps30/best.pt
Saved PyTorch checkpoint to results/checkpoints/causal_eps30/best.pt
Adam 1300 | total=1.231e-01 f=2.886e-02 ic=1.400e-03 wall=1.126e-02 inlet=7.298e-03 outlet=5.237e-05 min_w=2.095e-01
Saved PyTorch checkpoint to results/checkpoints/causal_eps30/best.pt
Saved PyTorch checkpoint to results/checkpoints/causal_eps30/best.pt
Saved PyTorch checkpoint to results/checkpoints/causal_eps30/best.pt
Saved PyTorch checkpoint to results/checkpoints/causal_eps30/best.pt
Saved PyTorch checkpoint to results/checkpoints/causal_eps30/best.pt
Saved PyTorch checkpoint to results/checkpoints/causal_eps30/best.pt
Saved PyTorch checkpoint to results/checkpoints/causal_eps30/best.pt
Saved PyTorch checkpoint to results/checkpoints/causal_eps30/best.pt
Saved PyTorch checkpoint to results/checkpoints/causal_eps30/best.pt
Saved PyTorch checkpoint to results/checkpoints/causal_eps30/best.pt
Saved PyTorch checkpoint to results/checkpoints/causal_eps30/best.pt
Saved PyTorch checkpoint to results/checkpoints/causal_eps30/best.pt
Saved PyTorch checkpoint to results/checkpoints/causal_eps30/best.pt
Saved PyTorch checkpoint to results/checkpoints/causal_eps30/best.pt
Saved PyTorch checkpoint to results/checkpoints/causal_eps30/best.pt
Saved PyTorch checkpoint to results/checkpoints/causal_eps30/best.pt
Saved PyTorch checkpoint to results/checkpoints/causal_eps30/best.pt
Saved PyTorch checkpoint to results/checkpoints/causal_eps30/best.pt
Saved PyTorch checkpoint to results/checkpoints/causal_eps30/best.pt
Saved PyTorch checkpoint to results/checkpoints/causal_eps30/best.pt
Saved PyTorch checkpoint to results/checkpoints/causal_eps30/best.pt
Saved PyTorch checkpoint to results/checkpoints/causal_eps30/best.pt
Saved PyTorch checkpoint to results/checkpoints/causal_eps30/best.pt
Saved PyTorch checkpoint to results/checkpoints/causal_eps30/best.pt
Adam 1400 | total=1.290e-01 f=2.967e-02 ic=2.060e-03 wall=1.451e-02 inlet=4.938e-03 outlet=4.649e-05 min_w=1.921e-01
Saved PyTorch checkpoint to results/checkpoints/causal_eps30/best.pt
Saved PyTorch checkpoint to results/checkpoints/causal_eps30/best.pt
Saved PyTorch checkpoint to results/checkpoints/causal_eps30/best.pt
Saved PyTorch checkpoint to results/checkpoints/causal_eps30/best.pt
Saved PyTorch checkpoint to results/checkpoints/causal_eps30/best.pt
Saved PyTorch checkpoint to results/checkpoints/causal_eps30/best.pt
Saved PyTorch checkpoint to results/checkpoints/causal_eps30/best.pt
Saved PyTorch checkpoint to results/checkpoints/causal_eps30/best.pt
Saved PyTorch checkpoint to results/checkpoints/causal_eps30/best.pt
Saved PyTorch checkpoint to results/checkpoints/causal_eps30/best.pt
Saved PyTorch checkpoint to results/checkpoints/causal_eps30/best.pt
Saved PyTorch checkpoint to results/checkpoints/causal_eps30/best.pt
Saved PyTorch checkpoint to results/checkpoints/causal_eps30/best.pt
Saved PyTorch checkpoint to results/checkpoints/causal_eps30/best.pt
Saved PyTorch checkpoint to results/checkpoints/causal_eps30/best.pt
Saved PyTorch checkpoint to results/checkpoints/causal_eps30/best.pt
Saved PyTorch checkpoint to results/checkpoints/causal_eps30/best.pt
Saved PyTorch checkpoint to results/checkpoints/causal_eps30/best.pt
Saved PyTorch checkpoint to results/checkpoints/causal_eps30/best.pt
Saved PyTorch checkpoint to results/checkpoints/causal_eps30/best.pt
Saved PyTorch checkpoint to results/checkpoints/causal_eps30/best.pt
Saved PyTorch checkpoint to results/checkpoints/causal_eps30/best.pt
Saved PyTorch checkpoint to results/checkpoints/causal_eps30/best.pt
Saved PyTorch checkpoint to results/checkpoints/causal_eps30/best.pt
Saved PyTorch checkpoint to results/checkpoints/causal_eps30/best.pt
Saved PyTorch checkpoint to results/checkpoints/causal_eps30/best.pt
Saved PyTorch checkpoint to results/checkpoints/causal_eps30/best.pt
Adam 1500 | total=1.150e-01 f=2.649e-02 ic=9.857e-04 wall=9.836e-03 inlet=7.667e-03 outlet=4.469e-05 min_w=2.814e-01
Saved PyTorch checkpoint to results/checkpoints/causal_eps30/best.pt
Saved PyTorch checkpoint to results/checkpoints/causal_eps30/best.pt
Saved PyTorch checkpoint to results/checkpoints/causal_eps30/best.pt
Saved PyTorch checkpoint to results/checkpoints/causal_eps30/best.pt
Saved PyTorch checkpoint to results/checkpoints/causal_eps30/best.pt
Saved PyTorch checkpoint to results/checkpoints/causal_eps30/best.pt
Saved PyTorch checkpoint to results/checkpoints/causal_eps30/best.pt
Saved PyTorch checkpoint to results/checkpoints/causal_eps30/best.pt
Saved PyTorch checkpoint to results/checkpoints/causal_eps30/best.pt
Saved PyTorch checkpoint to results/checkpoints/causal_eps30/best.pt
Saved PyTorch checkpoint to results/checkpoints/causal_eps30/best.pt
Saved PyTorch checkpoint to results/checkpoints/causal_eps30/best.pt
Saved PyTorch checkpoint to results/checkpoints/causal_eps30/best.pt
Saved PyTorch checkpoint to results/checkpoints/causal_eps30/best.pt
Adam 1600 | total=1.197e-01 f=2.559e-02 ic=9.507e-04 wall=8.645e-03 inlet=9.970e-03 outlet=4.491e-05 min_w=3.055e-01
Saved PyTorch checkpoint to results/checkpoints/causal_eps30/best.pt
Saved PyTorch checkpoint to results/checkpoints/causal_eps30/best.pt
Saved PyTorch checkpoint to results/checkpoints/causal_eps30/best.pt
Saved PyTorch checkpoint to results/checkpoints/causal_eps30/best.pt
Saved PyTorch checkpoint to results/checkpoints/causal_eps30/best.pt
Saved PyTorch checkpoint to results/checkpoints/causal_eps30/best.pt
Saved PyTorch checkpoint to results/checkpoints/causal_eps30/best.pt
Saved PyTorch checkpoint to results/checkpoints/causal_eps30/best.pt
Saved PyTorch checkpoint to results/checkpoints/causal_eps30/best.pt
Saved PyTorch checkpoint to results/checkpoints/causal_eps30/best.pt
Saved PyTorch checkpoint to results/checkpoints/causal_eps30/best.pt
Saved PyTorch checkpoint to results/checkpoints/causal_eps30/best.pt
Saved PyTorch checkpoint to results/checkpoints/causal_eps30/best.pt
Saved PyTorch checkpoint to results/checkpoints/causal_eps30/best.pt
Saved PyTorch checkpoint to results/checkpoints/causal_eps30/best.pt
Saved PyTorch checkpoint to results/checkpoints/causal_eps30/best.pt
Adam 1700 | total=1.074e-01 f=2.530e-02 ic=9.271e-04 wall=1.043e-02 inlet=5.809e-03 outlet=3.965e-05 min_w=3.196e-01
Saved PyTorch checkpoint to results/checkpoints/causal_eps30/best.pt
Saved PyTorch checkpoint to results/checkpoints/causal_eps30/best.pt
Saved PyTorch checkpoint to results/checkpoints/causal_eps30/best.pt
Saved PyTorch checkpoint to results/checkpoints/causal_eps30/best.pt
Saved PyTorch checkpoint to results/checkpoints/causal_eps30/best.pt
Saved PyTorch checkpoint to results/checkpoints/causal_eps30/best.pt
Saved PyTorch checkpoint to results/checkpoints/causal_eps30/best.pt
Saved PyTorch checkpoint to results/checkpoints/causal_eps30/best.pt
Saved PyTorch checkpoint to results/checkpoints/causal_eps30/best.pt
Saved PyTorch checkpoint to results/checkpoints/causal_eps30/best.pt
Saved PyTorch checkpoint to results/checkpoints/causal_eps30/best.pt
Saved PyTorch checkpoint to results/checkpoints/causal_eps30/best.pt
Saved PyTorch checkpoint to results/checkpoints/causal_eps30/best.pt
Adam 1800 | total=1.103e-01 f=2.462e-02 ic=8.255e-04 wall=9.208e-03 inlet=7.748e-03 outlet=3.995e-05 min_w=3.380e-01
Saved PyTorch checkpoint to results/checkpoints/causal_eps30/best.pt
Saved PyTorch checkpoint to results/checkpoints/causal_eps30/best.pt
Saved PyTorch checkpoint to results/checkpoints/causal_eps30/best.pt
Saved PyTorch checkpoint to results/checkpoints/causal_eps30/best.pt
Saved PyTorch checkpoint to results/checkpoints/causal_eps30/best.pt
Saved PyTorch checkpoint to results/checkpoints/causal_eps30/best.pt
Saved PyTorch checkpoint to results/checkpoints/causal_eps30/best.pt
Saved PyTorch checkpoint to results/checkpoints/causal_eps30/best.pt
Saved PyTorch checkpoint to results/checkpoints/causal_eps30/best.pt
Saved PyTorch checkpoint to results/checkpoints/causal_eps30/best.pt
Adam 1900 | total=1.031e-01 f=2.366e-02 ic=7.251e-04 wall=9.669e-03 inlet=6.072e-03 outlet=3.278e-05 min_w=3.670e-01
Saved PyTorch checkpoint to results/checkpoints/causal_eps30/best.pt
Saved PyTorch checkpoint to results/checkpoints/causal_eps30/best.pt
Saved PyTorch checkpoint to results/checkpoints/causal_eps30/best.pt
Saved PyTorch checkpoint to results/checkpoints/causal_eps30/best.pt
Saved PyTorch checkpoint to results/checkpoints/causal_eps30/best.pt
Saved PyTorch checkpoint to results/checkpoints/causal_eps30/best.pt
Saved PyTorch checkpoint to results/checkpoints/causal_eps30/best.pt
Saved PyTorch checkpoint to results/checkpoints/causal_eps30/best.pt
Saved PyTorch checkpoint to results/checkpoints/causal_eps30/best.pt
Saved PyTorch checkpoint to results/checkpoints/causal_eps30/best.pt
Adam 2000 | total=1.110e-01 f=2.543e-02 ic=1.208e-03 wall=1.340e-02 inlet=3.468e-03 outlet=2.790e-05 min_w=3.179e-01
Saved PyTorch checkpoint to results/checkpoints/causal_eps30/snapshot_iter2000.pt
[snapshot] iter 2000 → results/checkpoints/causal_eps30/snapshot_iter2000.pt
Saved PyTorch checkpoint to results/checkpoints/causal_eps30/best.pt
Saved PyTorch checkpoint to results/checkpoints/causal_eps30/best.pt
Saved PyTorch checkpoint to results/checkpoints/causal_eps30/best.pt
Saved PyTorch checkpoint to results/checkpoints/causal_eps30/best.pt
Saved PyTorch checkpoint to results/checkpoints/causal_eps30/best.pt
Saved PyTorch checkpoint to results/checkpoints/causal_eps30/best.pt
Saved PyTorch checkpoint to results/checkpoints/causal_eps30/best.pt
Saved PyTorch checkpoint to results/checkpoints/causal_eps30/best.pt
Adam 2100 | total=1.062e-01 f=2.241e-02 ic=7.355e-04 wall=8.417e-03 inlet=8.187e-03 outlet=2.802e-05 min_w=4.007e-01
Saved PyTorch checkpoint to results/checkpoints/causal_eps30/best.pt
Saved PyTorch checkpoint to results/checkpoints/causal_eps30/best.pt
Saved PyTorch checkpoint to results/checkpoints/causal_eps30/best.pt
Saved PyTorch checkpoint to results/checkpoints/causal_eps30/best.pt
Saved PyTorch checkpoint to results/checkpoints/causal_eps30/best.pt
Saved PyTorch checkpoint to results/checkpoints/causal_eps30/best.pt
Saved PyTorch checkpoint to results/checkpoints/causal_eps30/best.pt
Saved PyTorch checkpoint to results/checkpoints/causal_eps30/best.pt
Saved PyTorch checkpoint to results/checkpoints/causal_eps30/best.pt
Adam 2200 | total=9.786e-02 f=2.199e-02 ic=6.117e-04 wall=9.623e-03 inlet=5.422e-03 outlet=3.194e-05 min_w=4.153e-01
Saved PyTorch checkpoint to results/checkpoints/causal_eps30/best.pt
Saved PyTorch checkpoint to results/checkpoints/causal_eps30/best.pt
Saved PyTorch checkpoint to results/checkpoints/causal_eps30/best.pt
Saved PyTorch checkpoint to results/checkpoints/causal_eps30/best.pt
Saved PyTorch checkpoint to results/checkpoints/causal_eps30/best.pt
Saved PyTorch checkpoint to results/checkpoints/causal_eps30/best.pt
Saved PyTorch checkpoint to results/checkpoints/causal_eps30/best.pt
Saved PyTorch checkpoint to results/checkpoints/causal_eps30/best.pt
Saved PyTorch checkpoint to results/checkpoints/causal_eps30/best.pt
Adam 2300 | total=9.803e-02 f=2.143e-02 ic=6.671e-04 wall=9.811e-03 inlet=5.370e-03 outlet=2.206e-05 min_w=4.243e-01
Saved PyTorch checkpoint to results/checkpoints/causal_eps30/best.pt
Saved PyTorch checkpoint to results/checkpoints/causal_eps30/best.pt
Saved PyTorch checkpoint to results/checkpoints/causal_eps30/best.pt
Saved PyTorch checkpoint to results/checkpoints/causal_eps30/best.pt
Saved PyTorch checkpoint to results/checkpoints/causal_eps30/best.pt
Saved PyTorch checkpoint to results/checkpoints/causal_eps30/best.pt
Adam 2400 | total=9.407e-02 f=2.098e-02 ic=6.695e-04 wall=1.020e-02 inlet=4.274e-03 outlet=2.291e-05 min_w=4.383e-01
Saved PyTorch checkpoint to results/checkpoints/causal_eps30/best.pt
Saved PyTorch checkpoint to results/checkpoints/causal_eps30/best.pt
Saved PyTorch checkpoint to results/checkpoints/causal_eps30/best.pt
Saved PyTorch checkpoint to results/checkpoints/causal_eps30/best.pt
Saved PyTorch checkpoint to results/checkpoints/causal_eps30/best.pt
Saved PyTorch checkpoint to results/checkpoints/causal_eps30/best.pt
Saved PyTorch checkpoint to results/checkpoints/causal_eps30/best.pt
Saved PyTorch checkpoint to results/checkpoints/causal_eps30/best.pt
Saved PyTorch checkpoint to results/checkpoints/causal_eps30/best.pt
Saved PyTorch checkpoint to results/checkpoints/causal_eps30/best.pt
Saved PyTorch checkpoint to results/checkpoints/causal_eps30/best.pt
Saved PyTorch checkpoint to results/checkpoints/causal_eps30/best.pt
Adam 2500 | total=9.724e-02 f=2.224e-02 ic=8.361e-04 wall=1.165e-02 inlet=3.178e-03 outlet=3.581e-05 min_w=4.053e-01
Saved PyTorch checkpoint to results/checkpoints/causal_eps30/best.pt
Saved PyTorch checkpoint to results/checkpoints/causal_eps30/best.pt
Saved PyTorch checkpoint to results/checkpoints/causal_eps30/best.pt
Saved PyTorch checkpoint to results/checkpoints/causal_eps30/best.pt
Saved PyTorch checkpoint to results/checkpoints/causal_eps30/best.pt
Saved PyTorch checkpoint to results/checkpoints/causal_eps30/best.pt
Saved PyTorch checkpoint to results/checkpoints/causal_eps30/best.pt
Saved PyTorch checkpoint to results/checkpoints/causal_eps30/best.pt
Adam 2600 | total=8.965e-02 f=1.978e-02 ic=6.022e-04 wall=8.945e-03 inlet=4.903e-03 outlet=3.251e-05 min_w=4.767e-01
Saved PyTorch checkpoint to results/checkpoints/causal_eps30/best.pt
Saved PyTorch checkpoint to results/checkpoints/causal_eps30/best.pt
Saved PyTorch checkpoint to results/checkpoints/causal_eps30/best.pt
Saved PyTorch checkpoint to results/checkpoints/causal_eps30/best.pt
Saved PyTorch checkpoint to results/checkpoints/causal_eps30/best.pt
Saved PyTorch checkpoint to results/checkpoints/causal_eps30/best.pt
Adam 2700 | total=8.720e-02 f=1.973e-02 ic=6.698e-04 wall=1.005e-02 inlet=3.300e-03 outlet=3.410e-05 min_w=4.757e-01
Saved PyTorch checkpoint to results/checkpoints/causal_eps30/best.pt
Saved PyTorch checkpoint to results/checkpoints/causal_eps30/best.pt
Saved PyTorch checkpoint to results/checkpoints/causal_eps30/best.pt
Saved PyTorch checkpoint to results/checkpoints/causal_eps30/best.pt
Saved PyTorch checkpoint to results/checkpoints/causal_eps30/best.pt
Saved PyTorch checkpoint to results/checkpoints/causal_eps30/best.pt
Saved PyTorch checkpoint to results/checkpoints/causal_eps30/best.pt
Saved PyTorch checkpoint to results/checkpoints/causal_eps30/best.pt
Saved PyTorch checkpoint to results/checkpoints/causal_eps30/best.pt
Saved PyTorch checkpoint to results/checkpoints/causal_eps30/best.pt
Adam 2800 | total=8.567e-02 f=1.875e-02 ic=7.092e-04 wall=9.679e-03 inlet=3.559e-03 outlet=2.252e-05 min_w=4.971e-01
Saved PyTorch checkpoint to results/checkpoints/causal_eps30/best.pt
Saved PyTorch checkpoint to results/checkpoints/causal_eps30/best.pt
Saved PyTorch checkpoint to results/checkpoints/causal_eps30/best.pt
Saved PyTorch checkpoint to results/checkpoints/causal_eps30/best.pt
Adam 2900 | total=8.402e-02 f=1.811e-02 ic=7.107e-04 wall=8.408e-03 inlet=4.626e-03 outlet=2.206e-05 min_w=5.157e-01
Saved PyTorch checkpoint to results/checkpoints/causal_eps30/best.pt
Saved PyTorch checkpoint to results/checkpoints/causal_eps30/best.pt
Saved PyTorch checkpoint to results/checkpoints/causal_eps30/best.pt
Saved PyTorch checkpoint to results/checkpoints/causal_eps30/best.pt
Saved PyTorch checkpoint to results/checkpoints/causal_eps30/best.pt
Saved PyTorch checkpoint to results/checkpoints/causal_eps30/best.pt
Saved PyTorch checkpoint to results/checkpoints/causal_eps30/best.pt
Saved PyTorch checkpoint to results/checkpoints/causal_eps30/best.pt
Saved PyTorch checkpoint to results/checkpoints/causal_eps30/best.pt
Saved PyTorch checkpoint to results/checkpoints/causal_eps30/best.pt
Adam 3000 | total=8.380e-02 f=1.913e-02 ic=7.549e-04 wall=9.834e-03 inlet=2.941e-03 outlet=3.527e-05 min_w=4.896e-01
Saved PyTorch checkpoint to results/checkpoints/causal_eps30/best.pt
Saved PyTorch checkpoint to results/checkpoints/causal_eps30/best.pt
Saved PyTorch checkpoint to results/checkpoints/causal_eps30/best.pt
Saved PyTorch checkpoint to results/checkpoints/causal_eps30/best.pt
Saved PyTorch checkpoint to results/checkpoints/causal_eps30/best.pt
Saved PyTorch checkpoint to results/checkpoints/causal_eps30/best.pt
Saved PyTorch checkpoint to results/checkpoints/causal_eps30/best.pt
Saved PyTorch checkpoint to results/checkpoints/causal_eps30/best.pt
Saved PyTorch checkpoint to results/checkpoints/causal_eps30/best.pt
Saved PyTorch checkpoint to results/checkpoints/causal_eps30/best.pt
Saved PyTorch checkpoint to results/checkpoints/causal_eps30/best.pt
Saved PyTorch checkpoint to results/checkpoints/causal_eps30/best.pt
Adam 3100 | total=7.510e-02 f=1.650e-02 ic=6.483e-04 wall=8.466e-03 inlet=3.118e-03 outlet=2.465e-05 min_w=5.648e-01
Saved PyTorch checkpoint to results/checkpoints/causal_eps30/best.pt
Saved PyTorch checkpoint to results/checkpoints/causal_eps30/best.pt
Saved PyTorch checkpoint to results/checkpoints/causal_eps30/best.pt
Saved PyTorch checkpoint to results/checkpoints/causal_eps30/best.pt
Saved PyTorch checkpoint to results/checkpoints/causal_eps30/best.pt
Saved PyTorch checkpoint to results/checkpoints/causal_eps30/best.pt
Saved PyTorch checkpoint to results/checkpoints/causal_eps30/best.pt
Saved PyTorch checkpoint to results/checkpoints/causal_eps30/best.pt
Saved PyTorch checkpoint to results/checkpoints/causal_eps30/best.pt
Adam 3200 | total=7.732e-02 f=1.681e-02 ic=6.941e-04 wall=7.624e-03 inlet=4.335e-03 outlet=2.699e-05 min_w=5.586e-01
Saved PyTorch checkpoint to results/checkpoints/causal_eps30/best.pt
Saved PyTorch checkpoint to results/checkpoints/causal_eps30/best.pt
Saved PyTorch checkpoint to results/checkpoints/causal_eps30/best.pt
Saved PyTorch checkpoint to results/checkpoints/causal_eps30/best.pt
Adam 3300 | total=7.283e-02 f=1.643e-02 ic=6.846e-04 wall=8.110e-03 inlet=3.027e-03 outlet=2.733e-05 min_w=5.662e-01
Saved PyTorch checkpoint to results/checkpoints/causal_eps30/best.pt
Saved PyTorch checkpoint to results/checkpoints/causal_eps30/best.pt
Saved PyTorch checkpoint to results/checkpoints/causal_eps30/best.pt
Saved PyTorch checkpoint to results/checkpoints/causal_eps30/best.pt
Saved PyTorch checkpoint to results/checkpoints/causal_eps30/best.pt
Saved PyTorch checkpoint to results/checkpoints/causal_eps30/best.pt
Saved PyTorch checkpoint to results/checkpoints/causal_eps30/best.pt
Saved PyTorch checkpoint to results/checkpoints/causal_eps30/best.pt
Saved PyTorch checkpoint to results/checkpoints/causal_eps30/best.pt
Saved PyTorch checkpoint to results/checkpoints/causal_eps30/best.pt
Saved PyTorch checkpoint to results/checkpoints/causal_eps30/best.pt
Adam 3400 | total=7.532e-02 f=1.647e-02 ic=8.164e-04 wall=6.884e-03 inlet=4.719e-03 outlet=1.698e-05 min_w=5.642e-01
Saved PyTorch checkpoint to results/checkpoints/causal_eps30/best.pt
Saved PyTorch checkpoint to results/checkpoints/causal_eps30/best.pt
Saved PyTorch checkpoint to results/checkpoints/causal_eps30/best.pt
Saved PyTorch checkpoint to results/checkpoints/causal_eps30/best.pt
Saved PyTorch checkpoint to results/checkpoints/causal_eps30/best.pt
Saved PyTorch checkpoint to results/checkpoints/causal_eps30/best.pt
Saved PyTorch checkpoint to results/checkpoints/causal_eps30/best.pt
Saved PyTorch checkpoint to results/checkpoints/causal_eps30/best.pt
Saved PyTorch checkpoint to results/checkpoints/causal_eps30/best.pt
Saved PyTorch checkpoint to results/checkpoints/causal_eps30/best.pt
Adam 3500 | total=7.206e-02 f=1.601e-02 ic=7.587e-04 wall=6.865e-03 inlet=4.190e-03 outlet=2.339e-05 min_w=5.792e-01
Saved PyTorch checkpoint to results/checkpoints/causal_eps30/best.pt
Saved PyTorch checkpoint to results/checkpoints/causal_eps30/best.pt
Saved PyTorch checkpoint to results/checkpoints/causal_eps30/best.pt
Saved PyTorch checkpoint to results/checkpoints/causal_eps30/best.pt
Saved PyTorch checkpoint to results/checkpoints/causal_eps30/best.pt
Saved PyTorch checkpoint to results/checkpoints/causal_eps30/best.pt
Adam 3600 | total=7.518e-02 f=1.792e-02 ic=9.447e-04 wall=8.050e-03 inlet=3.210e-03 outlet=1.685e-05 min_w=5.146e-01
Saved PyTorch checkpoint to results/checkpoints/causal_eps30/best.pt
Saved PyTorch checkpoint to results/checkpoints/causal_eps30/best.pt
Saved PyTorch checkpoint to results/checkpoints/causal_eps30/best.pt
Saved PyTorch checkpoint to results/checkpoints/causal_eps30/best.pt
Saved PyTorch checkpoint to results/checkpoints/causal_eps30/best.pt
Saved PyTorch checkpoint to results/checkpoints/causal_eps30/best.pt
Saved PyTorch checkpoint to results/checkpoints/causal_eps30/best.pt
Saved PyTorch checkpoint to results/checkpoints/causal_eps30/best.pt
Saved PyTorch checkpoint to results/checkpoints/causal_eps30/best.pt
Adam 3700 | total=7.428e-02 f=1.659e-02 ic=9.680e-04 wall=6.111e-03 inlet=5.229e-03 outlet=2.061e-05 min_w=5.606e-01
Saved PyTorch checkpoint to results/checkpoints/causal_eps30/best.pt
Saved PyTorch checkpoint to results/checkpoints/causal_eps30/best.pt
Saved PyTorch checkpoint to results/checkpoints/causal_eps30/best.pt
Saved PyTorch checkpoint to results/checkpoints/causal_eps30/best.pt
Saved PyTorch checkpoint to results/checkpoints/causal_eps30/best.pt
Saved PyTorch checkpoint to results/checkpoints/causal_eps30/best.pt
Saved PyTorch checkpoint to results/checkpoints/causal_eps30/best.pt
Saved PyTorch checkpoint to results/checkpoints/causal_eps30/best.pt
Saved PyTorch checkpoint to results/checkpoints/causal_eps30/best.pt
Saved PyTorch checkpoint to results/checkpoints/causal_eps30/best.pt
Adam 3800 | total=6.627e-02 f=1.579e-02 ic=8.781e-04 wall=6.587e-03 inlet=3.330e-03 outlet=2.080e-05 min_w=5.785e-01
Saved PyTorch checkpoint to results/checkpoints/causal_eps30/best.pt
Saved PyTorch checkpoint to results/checkpoints/causal_eps30/best.pt
Saved PyTorch checkpoint to results/checkpoints/causal_eps30/best.pt
Saved PyTorch checkpoint to results/checkpoints/causal_eps30/best.pt
Saved PyTorch checkpoint to results/checkpoints/causal_eps30/best.pt
Saved PyTorch checkpoint to results/checkpoints/causal_eps30/best.pt
Saved PyTorch checkpoint to results/checkpoints/causal_eps30/best.pt
Saved PyTorch checkpoint to results/checkpoints/causal_eps30/best.pt
Saved PyTorch checkpoint to results/checkpoints/causal_eps30/best.pt
Adam 3900 | total=6.010e-02 f=1.415e-02 ic=8.472e-04 wall=6.495e-03 inlet=2.520e-03 outlet=2.474e-05 min_w=6.241e-01
Saved PyTorch checkpoint to results/checkpoints/causal_eps30/best.pt
Saved PyTorch checkpoint to results/checkpoints/causal_eps30/best.pt
Adam 4000 | total=6.176e-02 f=1.511e-02 ic=9.197e-04 wall=6.326e-03 inlet=2.815e-03 outlet=2.423e-05 min_w=5.958e-01
Saved PyTorch checkpoint to results/checkpoints/causal_eps30/best.pt
Saved PyTorch checkpoint to results/checkpoints/causal_eps30/best.pt
Adam 4100 | total=6.077e-02 f=1.444e-02 ic=9.509e-04 wall=5.613e-03 inlet=3.456e-03 outlet=3.010e-05 min_w=6.170e-01
Saved PyTorch checkpoint to results/checkpoints/causal_eps30/best.pt
Saved PyTorch checkpoint to results/checkpoints/causal_eps30/best.pt
Saved PyTorch checkpoint to results/checkpoints/causal_eps30/best.pt
Saved PyTorch checkpoint to results/checkpoints/causal_eps30/best.pt
Saved PyTorch checkpoint to results/checkpoints/causal_eps30/best.pt
Saved PyTorch checkpoint to results/checkpoints/causal_eps30/best.pt
Saved PyTorch checkpoint to results/checkpoints/causal_eps30/best.pt
Adam 4200 | total=6.245e-02 f=1.657e-02 ic=9.917e-04 wall=6.043e-03 inlet=2.928e-03 outlet=4.126e-05 min_w=5.497e-01
Saved PyTorch checkpoint to results/checkpoints/causal_eps30/best.pt
Saved PyTorch checkpoint to results/checkpoints/causal_eps30/best.pt
Saved PyTorch checkpoint to results/checkpoints/causal_eps30/best.pt
Saved PyTorch checkpoint to results/checkpoints/causal_eps30/best.pt
Saved PyTorch checkpoint to results/checkpoints/causal_eps30/best.pt
Saved PyTorch checkpoint to results/checkpoints/causal_eps30/best.pt
Saved PyTorch checkpoint to results/checkpoints/causal_eps30/best.pt
Saved PyTorch checkpoint to results/checkpoints/causal_eps30/best.pt
Saved PyTorch checkpoint to results/checkpoints/causal_eps30/best.pt
Adam 4300 | total=5.832e-02 f=1.524e-02 ic=1.081e-03 wall=6.765e-03 inlet=1.627e-03 outlet=3.993e-05 min_w=5.827e-01
Saved PyTorch checkpoint to results/checkpoints/causal_eps30/best.pt
Saved PyTorch checkpoint to results/checkpoints/causal_eps30/best.pt
Saved PyTorch checkpoint to results/checkpoints/causal_eps30/best.pt
Saved PyTorch checkpoint to results/checkpoints/causal_eps30/best.pt
Saved PyTorch checkpoint to results/checkpoints/causal_eps30/best.pt
Saved PyTorch checkpoint to results/checkpoints/causal_eps30/best.pt
Saved PyTorch checkpoint to results/checkpoints/causal_eps30/best.pt
Saved PyTorch checkpoint to results/checkpoints/causal_eps30/best.pt
Saved PyTorch checkpoint to results/checkpoints/causal_eps30/best.pt
Saved PyTorch checkpoint to results/checkpoints/causal_eps30/best.pt
Saved PyTorch checkpoint to results/checkpoints/causal_eps30/best.pt
Saved PyTorch checkpoint to results/checkpoints/causal_eps30/best.pt
Saved PyTorch checkpoint to results/checkpoints/causal_eps30/best.pt
Adam 4400 | total=5.260e-02 f=1.352e-02 ic=9.896e-04 wall=5.576e-03 inlet=2.034e-03 outlet=3.411e-05 min_w=6.375e-01
Saved PyTorch checkpoint to results/checkpoints/causal_eps30/best.pt
Saved PyTorch checkpoint to results/checkpoints/causal_eps30/best.pt
Saved PyTorch checkpoint to results/checkpoints/causal_eps30/best.pt
Saved PyTorch checkpoint to results/checkpoints/causal_eps30/best.pt
Saved PyTorch checkpoint to results/checkpoints/causal_eps30/best.pt
Saved PyTorch checkpoint to results/checkpoints/causal_eps30/best.pt
Saved PyTorch checkpoint to results/checkpoints/causal_eps30/best.pt
Adam 4500 | total=5.207e-02 f=1.380e-02 ic=1.024e-03 wall=5.703e-03 inlet=1.739e-03 outlet=3.470e-05 min_w=6.276e-01
Saved PyTorch checkpoint to results/checkpoints/causal_eps30/best.pt
Saved PyTorch checkpoint to results/checkpoints/causal_eps30/best.pt
Saved PyTorch checkpoint to results/checkpoints/causal_eps30/best.pt
Saved PyTorch checkpoint to results/checkpoints/causal_eps30/best.pt
Saved PyTorch checkpoint to results/checkpoints/causal_eps30/best.pt
Adam 4600 | total=5.647e-02 f=1.544e-02 ic=1.222e-03 wall=6.556e-03 inlet=1.396e-03 outlet=4.332e-05 min_w=5.737e-01
Saved PyTorch checkpoint to results/checkpoints/causal_eps30/best.pt
Saved PyTorch checkpoint to results/checkpoints/causal_eps30/best.pt
Saved PyTorch checkpoint to results/checkpoints/causal_eps30/best.pt
Saved PyTorch checkpoint to results/checkpoints/causal_eps30/best.pt
Saved PyTorch checkpoint to results/checkpoints/causal_eps30/best.pt
Saved PyTorch checkpoint to results/checkpoints/causal_eps30/best.pt
Saved PyTorch checkpoint to results/checkpoints/causal_eps30/best.pt
Saved PyTorch checkpoint to results/checkpoints/causal_eps30/best.pt
Saved PyTorch checkpoint to results/checkpoints/causal_eps30/best.pt
Adam 4700 | total=4.994e-02 f=1.376e-02 ic=1.073e-03 wall=5.612e-03 inlet=1.401e-03 outlet=4.364e-05 min_w=6.243e-01
Saved PyTorch checkpoint to results/checkpoints/causal_eps30/best.pt
Adam 4800 | total=5.488e-02 f=1.567e-02 ic=1.080e-03 wall=4.871e-03 inlet=2.749e-03 outlet=3.617e-05 min_w=5.770e-01
Saved PyTorch checkpoint to results/checkpoints/causal_eps30/best.pt
Saved PyTorch checkpoint to results/checkpoints/causal_eps30/best.pt
Saved PyTorch checkpoint to results/checkpoints/causal_eps30/best.pt
Saved PyTorch checkpoint to results/checkpoints/causal_eps30/best.pt
Saved PyTorch checkpoint to results/checkpoints/causal_eps30/best.pt
Saved PyTorch checkpoint to results/checkpoints/causal_eps30/best.pt
Adam 4900 | total=5.020e-02 f=1.456e-02 ic=1.057e-03 wall=4.924e-03 inlet=1.983e-03 outlet=4.797e-05 min_w=6.016e-01
Adam 5000 | total=4.914e-02 f=1.407e-02 ic=1.141e-03 wall=5.577e-03 inlet=1.201e-03 outlet=4.376e-05 min_w=6.149e-01
Saved PyTorch checkpoint to results/checkpoints/causal_eps30/snapshot_iter5000.pt
[snapshot] iter 5000 → results/checkpoints/causal_eps30/snapshot_iter5000.pt
Saved PyTorch checkpoint to results/checkpoints/causal_eps30/best.pt
Saved PyTorch checkpoint to results/checkpoints/causal_eps30/best.pt
Saved PyTorch checkpoint to results/checkpoints/causal_eps30/best.pt
Saved PyTorch checkpoint to results/checkpoints/causal_eps30/best.pt
Saved PyTorch checkpoint to results/checkpoints/causal_eps30/best.pt
Saved PyTorch checkpoint to results/checkpoints/causal_eps30/best.pt
Saved PyTorch checkpoint to results/checkpoints/causal_eps30/best.pt
Saved PyTorch checkpoint to results/checkpoints/causal_eps30/best.pt
Saved PyTorch checkpoint to results/checkpoints/causal_eps30/best.pt
Saved PyTorch checkpoint to results/checkpoints/causal_eps30/best.pt
Adam 5100 | total=4.964e-02 f=1.490e-02 ic=1.111e-03 wall=5.228e-03 inlet=1.488e-03 outlet=5.336e-05 min_w=5.884e-01
Saved PyTorch checkpoint to results/checkpoints/causal_eps30/best.pt
Saved PyTorch checkpoint to results/checkpoints/causal_eps30/best.pt
Saved PyTorch checkpoint to results/checkpoints/causal_eps30/best.pt
Saved PyTorch checkpoint to results/checkpoints/causal_eps30/best.pt
Saved PyTorch checkpoint to results/checkpoints/causal_eps30/best.pt
Saved PyTorch checkpoint to results/checkpoints/causal_eps30/best.pt
Saved PyTorch checkpoint to results/checkpoints/causal_eps30/best.pt
Saved PyTorch checkpoint to results/checkpoints/causal_eps30/best.pt
Saved PyTorch checkpoint to results/checkpoints/causal_eps30/best.pt
Adam 5200 | total=5.536e-02 f=1.543e-02 ic=1.208e-03 wall=4.153e-03 inlet=3.582e-03 outlet=4.834e-05 min_w=5.830e-01
Saved PyTorch checkpoint to results/checkpoints/causal_eps30/best.pt
Saved PyTorch checkpoint to results/checkpoints/causal_eps30/best.pt
Saved PyTorch checkpoint to results/checkpoints/causal_eps30/best.pt
Saved PyTorch checkpoint to results/checkpoints/causal_eps30/best.pt
Adam 5300 | total=5.211e-02 f=1.528e-02 ic=1.129e-03 wall=4.136e-03 inlet=2.995e-03 outlet=4.364e-05 min_w=5.878e-01
Saved PyTorch checkpoint to results/checkpoints/causal_eps30/best.pt
Saved PyTorch checkpoint to results/checkpoints/causal_eps30/best.pt
Saved PyTorch checkpoint to results/checkpoints/causal_eps30/best.pt
Adam 5400 | total=4.471e-02 f=1.370e-02 ic=1.045e-03 wall=4.530e-03 inlet=1.453e-03 outlet=4.625e-05 min_w=6.282e-01
Saved PyTorch checkpoint to results/checkpoints/causal_eps30/best.pt
Saved PyTorch checkpoint to results/checkpoints/causal_eps30/best.pt
Saved PyTorch checkpoint to results/checkpoints/causal_eps30/best.pt
Adam 5500 | total=4.849e-02 f=1.521e-02 ic=1.172e-03 wall=5.051e-03 inlet=1.361e-03 outlet=4.680e-05 min_w=5.836e-01
Saved PyTorch checkpoint to results/checkpoints/causal_eps30/best.pt
Saved PyTorch checkpoint to results/checkpoints/causal_eps30/best.pt
Saved PyTorch checkpoint to results/checkpoints/causal_eps30/best.pt
Saved PyTorch checkpoint to results/checkpoints/causal_eps30/best.pt
Saved PyTorch checkpoint to results/checkpoints/causal_eps30/best.pt
Adam 5600 | total=4.728e-02 f=1.492e-02 ic=1.042e-03 wall=3.978e-03 inlet=2.274e-03 outlet=5.716e-05 min_w=5.909e-01
Saved PyTorch checkpoint to results/checkpoints/causal_eps30/best.pt
Saved PyTorch checkpoint to results/checkpoints/causal_eps30/best.pt
Adam 5700 | total=4.284e-02 f=1.330e-02 ic=1.014e-03 wall=3.911e-03 inlet=1.785e-03 outlet=4.888e-05 min_w=6.408e-01
Saved PyTorch checkpoint to results/checkpoints/causal_eps30/best.pt
Saved PyTorch checkpoint to results/checkpoints/causal_eps30/best.pt
Saved PyTorch checkpoint to results/checkpoints/causal_eps30/best.pt
Saved PyTorch checkpoint to results/checkpoints/causal_eps30/best.pt
Saved PyTorch checkpoint to results/checkpoints/causal_eps30/best.pt
Saved PyTorch checkpoint to results/checkpoints/causal_eps30/best.pt
Saved PyTorch checkpoint to results/checkpoints/causal_eps30/best.pt
Saved PyTorch checkpoint to results/checkpoints/causal_eps30/best.pt
Saved PyTorch checkpoint to results/checkpoints/causal_eps30/best.pt
Saved PyTorch checkpoint to results/checkpoints/causal_eps30/best.pt
Adam 5800 | total=4.790e-02 f=1.606e-02 ic=1.030e-03 wall=3.977e-03 inlet=2.174e-03 outlet=6.142e-05 min_w=5.561e-01
Saved PyTorch checkpoint to results/checkpoints/causal_eps30/best.pt
Saved PyTorch checkpoint to results/checkpoints/causal_eps30/best.pt
Saved PyTorch checkpoint to results/checkpoints/causal_eps30/best.pt
Saved PyTorch checkpoint to results/checkpoints/causal_eps30/best.pt
Adam 5900 | total=4.478e-02 f=1.397e-02 ic=1.038e-03 wall=3.645e-03 inlet=2.299e-03 outlet=5.065e-05 min_w=6.227e-01
Saved PyTorch checkpoint to results/checkpoints/causal_eps30/best.pt
Saved PyTorch checkpoint to results/checkpoints/causal_eps30/best.pt
Saved PyTorch checkpoint to results/checkpoints/causal_eps30/best.pt
Saved PyTorch checkpoint to results/checkpoints/causal_eps30/best.pt
Saved PyTorch checkpoint to results/checkpoints/causal_eps30/best.pt
Saved PyTorch checkpoint to results/checkpoints/causal_eps30/best.pt
Adam 6000 | total=4.184e-02 f=1.340e-02 ic=1.131e-03 wall=4.480e-03 inlet=9.719e-04 outlet=5.453e-05 min_w=6.314e-01
Saved PyTorch checkpoint to results/checkpoints/causal_eps30/best.pt
Saved PyTorch checkpoint to results/checkpoints/causal_eps30/best.pt
Saved PyTorch checkpoint to results/checkpoints/causal_eps30/best.pt
Adam 6100 | total=4.344e-02 f=1.428e-02 ic=9.880e-04 wall=3.554e-03 inlet=2.069e-03 outlet=5.907e-05 min_w=6.088e-01
Saved PyTorch checkpoint to results/checkpoints/causal_eps30/best.pt
Saved PyTorch checkpoint to results/checkpoints/causal_eps30/best.pt
Adam 6200 | total=4.159e-02 f=1.406e-02 ic=9.655e-04 wall=3.564e-03 inlet=1.736e-03 outlet=5.854e-05 min_w=6.137e-01
Saved PyTorch checkpoint to results/checkpoints/causal_eps30/best.pt
Saved PyTorch checkpoint to results/checkpoints/causal_eps30/best.pt
Saved PyTorch checkpoint to results/checkpoints/causal_eps30/best.pt
Adam 6300 | total=4.270e-02 f=1.508e-02 ic=1.004e-03 wall=3.809e-03 inlet=1.502e-03 outlet=6.114e-05 min_w=5.820e-01
Saved PyTorch checkpoint to results/checkpoints/causal_eps30/best.pt
Saved PyTorch checkpoint to results/checkpoints/causal_eps30/best.pt
Saved PyTorch checkpoint to results/checkpoints/causal_eps30/best.pt
Saved PyTorch checkpoint to results/checkpoints/causal_eps30/best.pt
Adam 6400 | total=3.904e-02 f=1.328e-02 ic=1.040e-03 wall=3.934e-03 inlet=9.994e-04 outlet=5.760e-05 min_w=6.333e-01
Saved PyTorch checkpoint to results/checkpoints/causal_eps30/best.pt
Saved PyTorch checkpoint to results/checkpoints/causal_eps30/best.pt
Saved PyTorch checkpoint to results/checkpoints/causal_eps30/best.pt
Saved PyTorch checkpoint to results/checkpoints/causal_eps30/best.pt
Adam 6500 | total=4.027e-02 f=1.376e-02 ic=1.077e-03 wall=4.081e-03 inlet=9.949e-04 outlet=5.640e-05 min_w=6.187e-01
Adam 6600 | total=3.890e-02 f=1.354e-02 ic=1.030e-03 wall=3.868e-03 inlet=9.873e-04 outlet=5.743e-05 min_w=6.253e-01
Saved PyTorch checkpoint to results/checkpoints/causal_eps30/best.pt
Saved PyTorch checkpoint to results/checkpoints/causal_eps30/best.pt
Saved PyTorch checkpoint to results/checkpoints/causal_eps30/best.pt
Saved PyTorch checkpoint to results/checkpoints/causal_eps30/best.pt
Adam 6700 | total=3.971e-02 f=1.383e-02 ic=1.077e-03 wall=3.986e-03 inlet=9.637e-04 outlet=5.582e-05 min_w=6.165e-01
Saved PyTorch checkpoint to results/checkpoints/causal_eps30/best.pt
Adam 6800 | total=3.976e-02 f=1.396e-02 ic=1.102e-03 wall=3.964e-03 inlet=9.645e-04 outlet=5.173e-05 min_w=6.167e-01
Saved PyTorch checkpoint to results/checkpoints/causal_eps30/best.pt
Saved PyTorch checkpoint to results/checkpoints/causal_eps30/best.pt
Saved PyTorch checkpoint to results/checkpoints/causal_eps30/best.pt
Adam 6900 | total=4.078e-02 f=1.448e-02 ic=1.132e-03 wall=4.002e-03 inlet=1.022e-03 outlet=5.165e-05 min_w=6.021e-01
Saved PyTorch checkpoint to results/checkpoints/causal_eps30/best.pt
Saved PyTorch checkpoint to results/checkpoints/causal_eps30/best.pt
Saved PyTorch checkpoint to results/checkpoints/causal_eps30/best.pt
Saved PyTorch checkpoint to results/checkpoints/causal_eps30/best.pt
Saved PyTorch checkpoint to results/checkpoints/causal_eps30/best.pt
Adam 7000 | total=3.815e-02 f=1.382e-02 ic=1.050e-03 wall=3.706e-03 inlet=9.379e-04 outlet=5.152e-05 min_w=6.210e-01
Adam 7100 | total=3.742e-02 f=1.358e-02 ic=1.046e-03 wall=3.661e-03 inlet=8.871e-04 outlet=5.177e-05 min_w=6.273e-01
Adam 7200 | total=3.679e-02 f=1.351e-02 ic=1.033e-03 wall=3.570e-03 inlet=8.690e-04 outlet=5.123e-05 min_w=6.294e-01
Saved PyTorch checkpoint to results/checkpoints/causal_eps30/best.pt
Saved PyTorch checkpoint to results/checkpoints/causal_eps30/best.pt
Saved PyTorch checkpoint to results/checkpoints/causal_eps30/best.pt
Adam 7300 | total=3.533e-02 f=1.327e-02 ic=9.835e-04 wall=3.355e-03 inlet=8.498e-04 outlet=4.982e-05 min_w=6.368e-01
Saved PyTorch checkpoint to results/checkpoints/causal_eps30/best.pt
Saved PyTorch checkpoint to results/checkpoints/causal_eps30/best.pt
Saved PyTorch checkpoint to results/checkpoints/causal_eps30/best.pt
Saved PyTorch checkpoint to results/checkpoints/causal_eps30/best.pt
Saved PyTorch checkpoint to results/checkpoints/causal_eps30/best.pt
Adam 7400 | total=3.446e-02 f=1.337e-02 ic=9.299e-04 wall=3.117e-03 inlet=9.048e-04 outlet=4.844e-05 min_w=6.353e-01
Saved PyTorch checkpoint to results/checkpoints/causal_eps30/best.pt
Saved PyTorch checkpoint to results/checkpoints/causal_eps30/best.pt
Saved PyTorch checkpoint to results/checkpoints/causal_eps30/best.pt
Saved PyTorch checkpoint to results/checkpoints/causal_eps30/best.pt
Saved PyTorch checkpoint to results/checkpoints/causal_eps30/best.pt
Adam 7500 | total=3.566e-02 f=1.442e-02 ic=8.780e-04 wall=2.859e-03 inlet=1.203e-03 outlet=4.722e-05 min_w=6.078e-01
Saved PyTorch checkpoint to results/checkpoints/causal_eps30/best.pt
Saved PyTorch checkpoint to results/checkpoints/causal_eps30/best.pt
Saved PyTorch checkpoint to results/checkpoints/causal_eps30/best.pt
Saved PyTorch checkpoint to results/checkpoints/causal_eps30/best.pt
Saved PyTorch checkpoint to results/checkpoints/causal_eps30/best.pt
Adam 7600 | total=3.480e-02 f=1.376e-02 ic=8.281e-04 wall=2.613e-03 inlet=1.421e-03 outlet=4.840e-05 min_w=6.270e-01
Saved PyTorch checkpoint to results/checkpoints/causal_eps30/best.pt
Saved PyTorch checkpoint to results/checkpoints/causal_eps30/best.pt
Saved PyTorch checkpoint to results/checkpoints/causal_eps30/best.pt
Saved PyTorch checkpoint to results/checkpoints/causal_eps30/best.pt
Saved PyTorch checkpoint to results/checkpoints/causal_eps30/best.pt
Adam 7700 | total=3.433e-02 f=1.325e-02 ic=8.123e-04 wall=2.500e-03 inlet=1.545e-03 outlet=4.994e-05 min_w=6.416e-01
Saved PyTorch checkpoint to results/checkpoints/causal_eps30/best.pt
Saved PyTorch checkpoint to results/checkpoints/causal_eps30/best.pt
Saved PyTorch checkpoint to results/checkpoints/causal_eps30/best.pt
Saved PyTorch checkpoint to results/checkpoints/causal_eps30/best.pt
Saved PyTorch checkpoint to results/checkpoints/causal_eps30/best.pt
Saved PyTorch checkpoint to results/checkpoints/causal_eps30/best.pt
Adam 7800 | total=3.345e-02 f=1.324e-02 ic=7.988e-04 wall=2.454e-03 inlet=1.419e-03 outlet=4.944e-05 min_w=6.417e-01
Saved PyTorch checkpoint to results/checkpoints/causal_eps30/best.pt
Saved PyTorch checkpoint to results/checkpoints/causal_eps30/best.pt
Saved PyTorch checkpoint to results/checkpoints/causal_eps30/best.pt
Saved PyTorch checkpoint to results/checkpoints/causal_eps30/best.pt
Saved PyTorch checkpoint to results/checkpoints/causal_eps30/best.pt
Saved PyTorch checkpoint to results/checkpoints/causal_eps30/best.pt
Adam 7900 | total=3.307e-02 f=1.394e-02 ic=8.091e-04 wall=2.557e-03 inlet=1.096e-03 outlet=4.923e-05 min_w=6.208e-01
Saved PyTorch checkpoint to results/checkpoints/causal_eps30/best.pt
Saved PyTorch checkpoint to results/checkpoints/causal_eps30/best.pt
Saved PyTorch checkpoint to results/checkpoints/causal_eps30/best.pt
Saved PyTorch checkpoint to results/checkpoints/causal_eps30/best.pt
Saved PyTorch checkpoint to results/checkpoints/causal_eps30/best.pt
Adam 8000 | total=3.346e-02 f=1.386e-02 ic=8.999e-04 wall=2.897e-03 inlet=8.325e-04 outlet=5.070e-05 min_w=6.205e-01
Saved PyTorch checkpoint to results/checkpoints/causal_eps30/best.pt
Saved PyTorch checkpoint to results/checkpoints/causal_eps30/best.pt
Saved PyTorch checkpoint to results/checkpoints/causal_eps30/best.pt
Saved PyTorch checkpoint to results/checkpoints/causal_eps30/best.pt
Saved PyTorch checkpoint to results/checkpoints/causal_eps30/best.pt
Adam 8100 | total=3.211e-02 f=1.313e-02 ic=8.995e-04 wall=2.887e-03 inlet=7.180e-04 outlet=5.259e-05 min_w=6.400e-01
Saved PyTorch checkpoint to results/checkpoints/causal_eps30/best.pt
Saved PyTorch checkpoint to results/checkpoints/causal_eps30/best.pt
Saved PyTorch checkpoint to results/checkpoints/causal_eps30/best.pt
Saved PyTorch checkpoint to results/checkpoints/causal_eps30/best.pt
Saved PyTorch checkpoint to results/checkpoints/causal_eps30/best.pt
Saved PyTorch checkpoint to results/checkpoints/causal_eps30/best.pt
Saved PyTorch checkpoint to results/checkpoints/causal_eps30/best.pt
Saved PyTorch checkpoint to results/checkpoints/causal_eps30/best.pt
Adam 8200 | total=3.143e-02 f=1.363e-02 ic=8.076e-04 wall=2.534e-03 inlet=8.528e-04 outlet=5.007e-05 min_w=6.283e-01
Saved PyTorch checkpoint to results/checkpoints/causal_eps30/best.pt
Saved PyTorch checkpoint to results/checkpoints/causal_eps30/best.pt
Saved PyTorch checkpoint to results/checkpoints/causal_eps30/best.pt
Saved PyTorch checkpoint to results/checkpoints/causal_eps30/best.pt
Saved PyTorch checkpoint to results/checkpoints/causal_eps30/best.pt
Adam 8300 | total=3.128e-02 f=1.329e-02 ic=7.262e-04 wall=2.211e-03 inlet=1.231e-03 outlet=5.173e-05 min_w=6.396e-01
Saved PyTorch checkpoint to results/checkpoints/causal_eps30/best.pt
Saved PyTorch checkpoint to results/checkpoints/causal_eps30/best.pt
Saved PyTorch checkpoint to results/checkpoints/causal_eps30/best.pt
Saved PyTorch checkpoint to results/checkpoints/causal_eps30/best.pt
Saved PyTorch checkpoint to results/checkpoints/causal_eps30/best.pt
Adam 8400 | total=3.090e-02 f=1.309e-02 ic=7.146e-04 wall=2.144e-03 inlet=1.265e-03 outlet=5.241e-05 min_w=6.455e-01
Saved PyTorch checkpoint to results/checkpoints/causal_eps30/best.pt
Saved PyTorch checkpoint to results/checkpoints/causal_eps30/best.pt
Saved PyTorch checkpoint to results/checkpoints/causal_eps30/best.pt
Saved PyTorch checkpoint to results/checkpoints/causal_eps30/best.pt
Saved PyTorch checkpoint to results/checkpoints/causal_eps30/best.pt
Adam 8500 | total=3.073e-02 f=1.390e-02 ic=7.529e-04 wall=2.328e-03 inlet=8.761e-04 outlet=5.263e-05 min_w=6.206e-01
Saved PyTorch checkpoint to results/checkpoints/causal_eps30/best.pt
Saved PyTorch checkpoint to results/checkpoints/causal_eps30/best.pt
Saved PyTorch checkpoint to results/checkpoints/causal_eps30/best.pt
Saved PyTorch checkpoint to results/checkpoints/causal_eps30/best.pt
Saved PyTorch checkpoint to results/checkpoints/causal_eps30/best.pt
Saved PyTorch checkpoint to results/checkpoints/causal_eps30/best.pt
Adam 8600 | total=3.057e-02 f=1.318e-02 ic=8.477e-04 wall=2.630e-03 inlet=6.658e-04 outlet=5.584e-05 min_w=6.380e-01
Saved PyTorch checkpoint to results/checkpoints/causal_eps30/best.pt
Saved PyTorch checkpoint to results/checkpoints/causal_eps30/best.pt
Saved PyTorch checkpoint to results/checkpoints/causal_eps30/best.pt
Saved PyTorch checkpoint to results/checkpoints/causal_eps30/best.pt
Saved PyTorch checkpoint to results/checkpoints/causal_eps30/best.pt
Saved PyTorch checkpoint to results/checkpoints/causal_eps30/best.pt
Saved PyTorch checkpoint to results/checkpoints/causal_eps30/best.pt
Adam 8700 | total=2.915e-02 f=1.328e-02 ic=7.510e-04 wall=2.299e-03 inlet=7.154e-04 outlet=5.380e-05 min_w=6.375e-01
Saved PyTorch checkpoint to results/checkpoints/causal_eps30/best.pt
Saved PyTorch checkpoint to results/checkpoints/causal_eps30/best.pt
Saved PyTorch checkpoint to results/checkpoints/causal_eps30/best.pt
Saved PyTorch checkpoint to results/checkpoints/causal_eps30/best.pt
Saved PyTorch checkpoint to results/checkpoints/causal_eps30/best.pt
Saved PyTorch checkpoint to results/checkpoints/causal_eps30/best.pt
Adam 8800 | total=2.916e-02 f=1.299e-02 ic=6.575e-04 wall=1.975e-03 inlet=1.117e-03 outlet=5.579e-05 min_w=6.478e-01
Saved PyTorch checkpoint to results/checkpoints/causal_eps30/best.pt
Saved PyTorch checkpoint to results/checkpoints/causal_eps30/best.pt
Saved PyTorch checkpoint to results/checkpoints/causal_eps30/best.pt
Saved PyTorch checkpoint to results/checkpoints/causal_eps30/best.pt
Saved PyTorch checkpoint to results/checkpoints/causal_eps30/best.pt
Saved PyTorch checkpoint to results/checkpoints/causal_eps30/best.pt
Adam 8900 | total=2.846e-02 f=1.297e-02 ic=6.505e-04 wall=1.945e-03 inlet=1.010e-03 outlet=5.601e-05 min_w=6.479e-01
Saved PyTorch checkpoint to results/checkpoints/causal_eps30/best.pt
Saved PyTorch checkpoint to results/checkpoints/causal_eps30/best.pt
Saved PyTorch checkpoint to results/checkpoints/causal_eps30/best.pt
Saved PyTorch checkpoint to results/checkpoints/causal_eps30/best.pt
Adam 9000 | total=2.936e-02 f=1.354e-02 ic=7.658e-04 wall=2.311e-03 inlet=6.883e-04 outlet=5.686e-05 min_w=6.288e-01
Saved PyTorch checkpoint to results/checkpoints/causal_eps30/best.pt
Saved PyTorch checkpoint to results/checkpoints/causal_eps30/best.pt
Saved PyTorch checkpoint to results/checkpoints/causal_eps30/best.pt
Saved PyTorch checkpoint to results/checkpoints/causal_eps30/best.pt
Saved PyTorch checkpoint to results/checkpoints/causal_eps30/best.pt
Saved PyTorch checkpoint to results/checkpoints/causal_eps30/best.pt
Adam 9100 | total=2.733e-02 f=1.249e-02 ic=7.476e-04 wall=2.257e-03 inlet=5.509e-04 outlet=5.844e-05 min_w=6.575e-01
Saved PyTorch checkpoint to results/checkpoints/causal_eps30/best.pt
Saved PyTorch checkpoint to results/checkpoints/causal_eps30/best.pt
Saved PyTorch checkpoint to results/checkpoints/causal_eps30/best.pt
Saved PyTorch checkpoint to results/checkpoints/causal_eps30/best.pt
Saved PyTorch checkpoint to results/checkpoints/causal_eps30/best.pt
Saved PyTorch checkpoint to results/checkpoints/causal_eps30/best.pt
Saved PyTorch checkpoint to results/checkpoints/causal_eps30/best.pt
Saved PyTorch checkpoint to results/checkpoints/causal_eps30/best.pt
Saved PyTorch checkpoint to results/checkpoints/causal_eps30/best.pt
Adam 9200 | total=2.800e-02 f=1.340e-02 ic=6.326e-04 wall=1.887e-03 inlet=8.951e-04 outlet=5.732e-05 min_w=6.353e-01
Saved PyTorch checkpoint to results/checkpoints/causal_eps30/best.pt
Saved PyTorch checkpoint to results/checkpoints/causal_eps30/best.pt
Saved PyTorch checkpoint to results/checkpoints/causal_eps30/best.pt
Saved PyTorch checkpoint to results/checkpoints/causal_eps30/best.pt
Saved PyTorch checkpoint to results/checkpoints/causal_eps30/best.pt
Saved PyTorch checkpoint to results/checkpoints/causal_eps30/best.pt
Adam 9300 | total=2.757e-02 f=1.274e-02 ic=6.039e-04 wall=1.781e-03 inlet=1.053e-03 outlet=5.930e-05 min_w=6.546e-01
Saved PyTorch checkpoint to results/checkpoints/causal_eps30/best.pt
Saved PyTorch checkpoint to results/checkpoints/causal_eps30/best.pt
Saved PyTorch checkpoint to results/checkpoints/causal_eps30/best.pt
Saved PyTorch checkpoint to results/checkpoints/causal_eps30/best.pt
Adam 9400 | total=2.724e-02 f=1.333e-02 ic=6.597e-04 wall=1.964e-03 inlet=6.747e-04 outlet=5.975e-05 min_w=6.354e-01
Saved PyTorch checkpoint to results/checkpoints/causal_eps30/best.pt
Saved PyTorch checkpoint to results/checkpoints/causal_eps30/best.pt
Adam 9500 | total=2.686e-02 f=1.254e-02 ic=7.417e-04 wall=2.180e-03 inlet=5.242e-04 outlet=6.173e-05 min_w=6.553e-01
Saved PyTorch checkpoint to results/checkpoints/causal_eps30/best.pt
Saved PyTorch checkpoint to results/checkpoints/causal_eps30/best.pt
Saved PyTorch checkpoint to results/checkpoints/causal_eps30/best.pt
Saved PyTorch checkpoint to results/checkpoints/causal_eps30/best.pt
Saved PyTorch checkpoint to results/checkpoints/causal_eps30/best.pt
Saved PyTorch checkpoint to results/checkpoints/causal_eps30/best.pt
Saved PyTorch checkpoint to results/checkpoints/causal_eps30/best.pt
Saved PyTorch checkpoint to results/checkpoints/causal_eps30/best.pt
Adam 9600 | total=2.680e-02 f=1.337e-02 ic=6.190e-04 wall=1.817e-03 inlet=7.327e-04 outlet=6.014e-05 min_w=6.352e-01
Saved PyTorch checkpoint to results/checkpoints/causal_eps30/best.pt
Saved PyTorch checkpoint to results/checkpoints/causal_eps30/best.pt
Saved PyTorch checkpoint to results/checkpoints/causal_eps30/best.pt
Saved PyTorch checkpoint to results/checkpoints/causal_eps30/best.pt
Saved PyTorch checkpoint to results/checkpoints/causal_eps30/best.pt
Adam 9700 | total=2.600e-02 f=1.235e-02 ic=5.594e-04 wall=1.652e-03 inlet=9.549e-04 outlet=6.316e-05 min_w=6.650e-01
Saved PyTorch checkpoint to results/checkpoints/causal_eps30/best.pt
Saved PyTorch checkpoint to results/checkpoints/causal_eps30/best.pt
Saved PyTorch checkpoint to results/checkpoints/causal_eps30/best.pt
Saved PyTorch checkpoint to results/checkpoints/causal_eps30/best.pt
Adam 9800 | total=2.503e-02 f=1.245e-02 ic=5.630e-04 wall=1.656e-03 inlet=7.341e-04 outlet=6.354e-05 min_w=6.611e-01
Saved PyTorch checkpoint to results/checkpoints/causal_eps30/best.pt
Saved PyTorch checkpoint to results/checkpoints/causal_eps30/best.pt
Saved PyTorch checkpoint to results/checkpoints/causal_eps30/best.pt
Saved PyTorch checkpoint to results/checkpoints/causal_eps30/best.pt
Saved PyTorch checkpoint to results/checkpoints/causal_eps30/best.pt
Adam 9900 | total=2.662e-02 f=1.301e-02 ic=6.924e-04 wall=1.968e-03 inlet=6.031e-04 outlet=6.128e-05 min_w=6.433e-01
Saved PyTorch checkpoint to results/checkpoints/causal_eps30/best.pt
Saved PyTorch checkpoint to results/checkpoints/causal_eps30/best.pt
Saved PyTorch checkpoint to results/checkpoints/causal_eps30/best.pt
Saved PyTorch checkpoint to results/checkpoints/causal_eps30/best.pt
Adam 10000 | total=2.485e-02 f=1.210e-02 ic=6.840e-04 wall=1.960e-03 inlet=4.395e-04 outlet=6.495e-05 min_w=6.668e-01
Saved PyTorch checkpoint to results/checkpoints/causal_eps30/snapshot_iter10000.pt
[snapshot] iter 10000 → results/checkpoints/causal_eps30/snapshot_iter10000.pt
--- 1169.90 seconds ---
Saved PyTorch checkpoint to results/checkpoints/causal_eps30/latest.pt
Causal weight curve saved to results/figures/causal_eps30/causal_weight_curve.png
